year,Fxx,ABC,missing_MR_srv
2012,0.5,1434495.4436741977,2011
2015,0.5,975903.8803358385,2014
2017,0.5,1416532.3030906038,2016
2020,0.5,1302809.1108654838,2019
