year,fsh_cpue,var,se,upper,lower,CPUE,cpue
2022,42.8149986160263,269.906,3.285763791818772,49.38652619966385,36.243471032388754,Nominal,42.815
