category,Mean,Lower_CI,Upper_CI
Overall total lbs/pot,42.81499862,36.88569211,49.05251222
Retained_&_Released,39.84009034,26.2523625,53.42781818
Retained_&_Released (Quota Limit),71.54755317,NA,NA
all_Retained,41.77941962,35.81600966,48.19800517
pot_&_ll_trip,37.89720931,27.56905388,49.26830094
pot_trip,45.5812551,38.42489748,53.40076814
