SB,retro
28.434194640394647,retro_0
28.136956327850264,retro_1
28.618939872904434,retro_2
28.10012902884452,retro_3
27.92746424295119,retro_4
27.78337707156947,retro_5
27.72756637094845,retro_6
26.27328741804858,retro_7
26.462432072731634,retro_8
27.718889789021645,retro_9
29.338668502915798,retro_10
