Quantity,Y2017,Y2018
Exploited abundance (2017 value from last year),1564409,1971018.9923865662
Exploited abundance,2138742.0038180514,2187163.7501230366
Exploited abundance (adjusted for uncertainty in recruitment),1927382.4875266624,1971018.9923865662
Exploited biomass (2017 value from last year),13502591,16707325.496752981
Exploited biomass,18049305.607325893,18539474.67231596
Exploited biomass (adjusted for uncertainty in recruitment),16265597.008649863,16707325.496752981
$F_{ABC}=F_{50}$,0.0683,0.06349469192904039
$ABC$ (round lbs),850113,1087702.0864617361
$ABC_{adj}$ (round lbs),850113,980210.7731320873
