Quantity,Y2018,Y2019
Exploited abundance (2018 value from last year),1931191,2251054.3097622916
Exploited abundance,2704444.8703573323,2486487.326297486
Exploited abundance (adjusted for uncertainty in recruitment),2448374.5469145565,2251054.3097622916
Exploited biomass (2018 value from last year),16454232,18238914.293860078
Exploited biomass,20146483.823350374,20146483.823350374
Exploited biomass (adjusted for uncertainty in recruitment),17206356.1234441,18238914.293860078
$F_{ABC}=F_{50}$,0.0635,0.07561864696505265
"$ABC$ (round lbs, 2018 value from last year)",965354,1236405.624732724
$ABC_{adj}$ (round lbs),965354,1119336.5760336677
