Quantity,Y2019,Y2020
Exploited abundance (2019 value from last year),2484601,2240915.6801325153
Updated exploited abundance,3142733.4401957123,2240915.6801325153
"Exploited biomass (round lb, 2019 value from last year)",20131204,18073484.041579276
Updated exploited biomass (round lb),17471816.479558002,18073484.041579276
$F_{ABC}=F_{50\%}$,0.0632,0.06430206893595701
Mortality from discards (round lb),19142,16826.88270272597
Recommended $ABC$ (round lb),1058037,969546.8327255131
