year,model,P,Estimate,q975,q025,deviance,parameter_penalty,delta_DIC
2020,Model1,6,3131028.6825924297,3894470.3059335984,2515692.301540786,30.00717357479281,3.2735003666857803,0
2020,Model2,6,3200181.651535281,4022028.0536298407,2565039.725281464,30.313856444650053,3.564416558920504,0.6
2020,Model3,6,3103087.3513227436,3853246.3696241844,2495875.725131762,77.35762807842384,7.167430595948703,51.24
2020,Model4,6,3193003.962783578,4043406.723220306,2542604.635818621,77.02249176217383,8.384959078656532,52.13
