year,model,P,Estimate,q975,q025,deviance,parameter_penalty,delta_DIC
2018,Model0,1,1882436.6615384615,22904529.208226185,-19139655.88514926,NA,NA,NA
2018,Model1,6,2688931.8732680324,3236197.1535832896,2257367.002604968,38.833471251688316,3.6752669533655666,0.11
2018,Model2,6,3007653.6332627237,3849370.3728944077,2436385.2604972837,38.26988123395568,4.132038349629649,0
2018,Model3,6,2675091.025384048,3225360.131050978,2245178.1942270403,80.2807895620788,7.5330561650664745,45.41
2018,Model4,6,2854880.7368873125,3487573.090915567,2373690.5254379506,73.37467255971387,10.063264242767433,41.04
