mean,median,q025,q975
31970.345362057316,30671.383355065795,16809.670758573942,55069.471583075996
