mean,median,q025,q975
0.07793253883075248,0.07507014049187807,0.04359831743195131,0.1290806230880159
