mean,median,q025,q975
7286357.513549871,5228966.871213735,3480548.1498084376,19877479.613095734
