mean,median,q025,q975
601120.147266551,579515.9638703293,336990.609542837,982282.6550600454
