mean,median,q025,q975
6470866.797259628,5080833.2872813,3450829.6218744344,16838071.279087897
