mean,median,q025,q975
14506402.487099241,9847693.095830621,8625635.91724542,40067719.13413278
