mean,median,q025,q975
31966.003017268842,30669.536264659342,16804.940877410143,55041.15118618958
