mean,median,q025,q975
12884761.59240415,9724919.073001254,8595243.651732765,31165712.386886925
