mean,median,q025,q975
0.07792800805399905,0.07505829912953929,0.043595717261972707,0.12912873868596123
