mean,median,q025,q975
7358685.917258629,5248400.801125351,3488694.7970642624,19986603.347774986
