year,Fxx,ABC,missing_MR_srv
2012,0.5,1218852.9387787392,2011
2015,0.5,1089072.9356676657,2014
2017,0.5,1162090.1804949143,2016
2020,0.5,1264883.2697320997,2019
