SB,retro
15.628280187084822,retro_0
15.168450026438283,retro_1
15.208878199449677,retro_2
14.160935814226994,retro_3
14.48310277820834,retro_4
14.69268203475524,retro_5
14.705700507678479,retro_6
13.859088591247902,retro_7
13.275713719527705,retro_8
13.675276567179468,retro_9
14.895787522739646,retro_10
