SB,retro
26.775538783169484,retro_0
25.342070645317754,retro_1
25.18206551819412,retro_2
25.32139363262326,retro_3
25.97265639933629,retro_4
23.74014922464007,retro_5
94.44609328807714,retro_6
24.074232589397084,retro_7
26.36309052076228,retro_8
27.3611848945616,retro_9
52.16348545589896,retro_10
