category,Mean,Lower_CI,Upper_CI
Overall total lbs/pot,42.8149986160263,36.885692114277994,49.05251222339109
Retained_&_Released,39.840090340909086,26.252362499999997,53.42781818181818
Retained_&_Released (Quota Limit),71.5475531707317,NA,NA
all_Retained,41.77941961582307,35.81600966327086,48.19800517158998
pot_&_ll_trip,37.89720931367066,27.569053879018263,49.268300936626176
pot_trip,45.58125509860135,38.42489748237496,53.40076813890836
