mean,median,q025,q975
14658489.3305283,9858735.044010434,8632126.446991654,40301719.38869579
