mean,median,q025,q975
601070.3240747018,579278.6513059142,336969.43770454737,982366.8013178195
