year,Fxx,ABC,missing_MR_srv
2012,0.5,1282537.7425685818,2011
2015,0.5,1292462.0871705527,2014
2017,0.5,1258420.6852863894,2016
2022,0.5,1644757.7222478054,2021
2023,0.5,1837024.3754073638,2022
