year,Source,Sex,length_bin,n,proportion,effn,index
2002,fsh_len,Female,41,1247,0,137.85074274744076,27
2002,fsh_len,Female,43,1247,0,137.85074274744076,27
2002,fsh_len,Female,45,1247,0,137.85074274744076,27
2002,fsh_len,Female,47,1247,0,137.85074274744076,27
2002,fsh_len,Female,49,1247,8.02e-4,137.85074274744076,27
2002,fsh_len,Female,51,1247,0.005613,137.85074274744076,27
2002,fsh_len,Female,53,1247,0.012029,137.85074274744076,27
2002,fsh_len,Female,55,1247,0.020048,137.85074274744076,27
2002,fsh_len,Female,57,1247,0.039294,137.85074274744076,27
2002,fsh_len,Female,59,1247,0.040096,137.85074274744076,27
2002,fsh_len,Female,61,1247,0.050521,137.85074274744076,27
2002,fsh_len,Female,63,1247,0.072173,137.85074274744076,27
2002,fsh_len,Female,65,1247,0.081796,137.85074274744076,27
2002,fsh_len,Female,67,1247,0.086608,137.85074274744076,27
2002,fsh_len,Female,69,1247,0.094627,137.85074274744076,27
2002,fsh_len,Female,71,1247,0.089815999999999993,137.85074274744076,27
2002,fsh_len,Female,73,1247,0.072975,137.85074274744076,27
2002,fsh_len,Female,75,1247,0.069767,137.85074274744076,27
2002,fsh_len,Female,77,1247,0.056135,137.85074274744076,27
2002,fsh_len,Female,79,1247,0.053729,137.85074274744076,27
2002,fsh_len,Female,81,1247,0.036889,137.85074274744076,27
2002,fsh_len,Female,83,1247,0.032077,137.85074274744076,27
2002,fsh_len,Female,85,1247,0.02245399999999999,137.85074274744076,27
2002,fsh_len,Female,87,1247,0.016038,137.85074274744076,27
2002,fsh_len,Female,89,1247,0.020048,137.85074274744076,27
2002,fsh_len,Female,91,1247,0.010425,137.85074274744076,27
2002,fsh_len,Female,93,1247,8.02e-4,137.85074274744076,27
2002,fsh_len,Female,95,1247,0.006415,137.85074274744076,27
2002,fsh_len,Female,97,1247,0.00401,137.85074274744076,27
2002,fsh_len,Female,99,1247,0.004812,137.85074274744076,27
2002,fsh_len,Male,41,1019,0,115.14594980668966,27
2002,fsh_len,Male,43,1019,0,115.14594980668966,27
2002,fsh_len,Male,45,1019,0,115.14594980668966,27
2002,fsh_len,Male,47,1019,9.81e-4,115.14594980668966,27
2002,fsh_len,Male,49,1019,0.003925,115.14594980668966,27
2002,fsh_len,Male,51,1019,0.008832,115.14594980668966,27
2002,fsh_len,Male,53,1019,0.016683,115.14594980668966,27
2002,fsh_len,Male,55,1019,0.030422,115.14594980668966,27
2002,fsh_len,Male,57,1019,0.058881,115.14594980668966,27
2002,fsh_len,Male,59,1019,0.092247,115.14594980668966,27
2002,fsh_len,Male,61,1019,0.10893,115.14594980668966,27
2002,fsh_len,Male,63,1019,0.151129,115.14594980668966,27
2002,fsh_len,Male,65,1019,0.122669,115.14594980668966,27
2002,fsh_len,Male,67,1019,0.110893,115.14594980668966,27
2002,fsh_len,Male,69,1019,0.093229,115.14594980668966,27
2002,fsh_len,Male,71,1019,0.089303,115.14594980668966,27
2002,fsh_len,Male,73,1019,0.049068,115.14594980668966,27
2002,fsh_len,Male,75,1019,0.020608,115.14594980668966,27
2002,fsh_len,Male,77,1019,0.02159,115.14594980668966,27
2002,fsh_len,Male,79,1019,0.005888,115.14594980668966,27
2002,fsh_len,Male,81,1019,0.005888,115.14594980668966,27
2002,fsh_len,Male,83,1019,0.002944,115.14594980668966,27
2002,fsh_len,Male,85,1019,9.81e-4,115.14594980668966,27
2002,fsh_len,Male,87,1019,0.001963,115.14594980668966,27
2002,fsh_len,Male,89,1019,0.001963,115.14594980668966,27
2002,fsh_len,Male,91,1019,9.81e-4,115.14594980668966,27
2002,fsh_len,Male,93,1019,0,115.14594980668966,27
2002,fsh_len,Male,95,1019,0,115.14594980668966,27
2002,fsh_len,Male,97,1019,0,115.14594980668966,27
2002,fsh_len,Male,99,1019,0,115.14594980668966,27
2002,fsh_len,Sex combined,41,2266,0,137.85074274744076,27
2002,fsh_len,Sex combined,43,2266,0,137.85074274744076,27
2002,fsh_len,Sex combined,45,2266,0,137.85074274744076,27
2002,fsh_len,Sex combined,47,2266,4e-4,137.85074274744076,27
2002,fsh_len,Sex combined,49,2266,0.0022,137.85074274744076,27
2002,fsh_len,Sex combined,51,2266,0.0071,137.85074274744076,27
2002,fsh_len,Sex combined,53,2266,0.0141,137.85074274744076,27
2002,fsh_len,Sex combined,55,2266,0.0247,137.85074274744076,27
2002,fsh_len,Sex combined,57,2266,0.0481,137.85074274744076,27
2002,fsh_len,Sex combined,59,2266,0.0635,137.85074274744076,27
2002,fsh_len,Sex combined,61,2266,0.0768,137.85074274744076,27
2002,fsh_len,Sex combined,63,2266,0.1077,137.85074274744076,27
2002,fsh_len,Sex combined,65,2266,0.1002,137.85074274744076,27
2002,fsh_len,Sex combined,67,2266,0.0975,137.85074274744076,27
2002,fsh_len,Sex combined,69,2266,0.094,137.85074274744076,27
2002,fsh_len,Sex combined,71,2266,0.0896,137.85074274744076,27
2002,fsh_len,Sex combined,73,2266,0.0622,137.85074274744076,27
2002,fsh_len,Sex combined,75,2266,0.0477,137.85074274744076,27
2002,fsh_len,Sex combined,77,2266,0.0406,137.85074274744076,27
2002,fsh_len,Sex combined,79,2266,0.0322,137.85074274744076,27
2002,fsh_len,Sex combined,81,2266,0.0229,137.85074274744076,27
2002,fsh_len,Sex combined,83,2266,0.019,137.85074274744076,27
2002,fsh_len,Sex combined,85,2266,0.0128,137.85074274744076,27
2002,fsh_len,Sex combined,87,2266,0.0097,137.85074274744076,27
2002,fsh_len,Sex combined,89,2266,0.0119,137.85074274744076,27
2002,fsh_len,Sex combined,91,2266,0.0062,137.85074274744076,27
2002,fsh_len,Sex combined,93,2266,4e-4,137.85074274744076,27
2002,fsh_len,Sex combined,95,2266,0.0035,137.85074274744076,27
2002,fsh_len,Sex combined,97,2266,0.0022,137.85074274744076,27
2002,fsh_len,Sex combined,99,2266,0.0026,137.85074274744076,27
2003,fsh_len,Female,41,1022,0,137.85074274744076,28
2003,fsh_len,Female,43,1022,0,137.85074274744076,28
2003,fsh_len,Female,45,1022,0,137.85074274744076,28
2003,fsh_len,Female,47,1022,0,137.85074274744076,28
2003,fsh_len,Female,49,1022,9.78e-4,137.85074274744076,28
2003,fsh_len,Female,51,1022,0.003914,137.85074274744076,28
2003,fsh_len,Female,53,1022,0.011742,137.85074274744076,28
2003,fsh_len,Female,55,1022,0.007828,137.85074274744076,28
2003,fsh_len,Female,57,1022,0.022505,137.85074274744076,28
2003,fsh_len,Female,59,1022,0.024462,137.85074274744076,28
2003,fsh_len,Female,61,1022,0.02544,137.85074274744076,28
2003,fsh_len,Female,63,1022,0.048924,137.85074274744076,28
2003,fsh_len,Female,65,1022,0.082192,137.85074274744076,28
2003,fsh_len,Female,67,1022,0.108611,137.85074274744076,28
2003,fsh_len,Female,69,1022,0.129159,137.85074274744076,28
2003,fsh_len,Female,71,1022,0.127202,137.85074274744076,28
2003,fsh_len,Female,73,1022,0.084149,137.85074274744076,28
2003,fsh_len,Female,75,1022,0.068493,137.85074274744076,28
2003,fsh_len,Female,77,1022,0.066536,137.85074274744076,28
2003,fsh_len,Female,79,1022,0.03816,137.85074274744076,28
2003,fsh_len,Female,81,1022,0.036204,137.85074274744076,28
2003,fsh_len,Female,83,1022,0.030333,137.85074274744076,28
2003,fsh_len,Female,85,1022,0.021526,137.85074274744076,28
2003,fsh_len,Female,87,1022,0.024462,137.85074274744076,28
2003,fsh_len,Female,89,1022,0.010763,137.85074274744076,28
2003,fsh_len,Female,91,1022,0.007828,137.85074274744076,28
2003,fsh_len,Female,93,1022,0.005871,137.85074274744076,28
2003,fsh_len,Female,95,1022,0.005871,137.85074274744076,28
2003,fsh_len,Female,97,1022,0.001957,137.85074274744076,28
2003,fsh_len,Female,99,1022,0.004892,137.85074274744076,28
2003,fsh_len,Male,41,763,0,115.14594980668966,28
2003,fsh_len,Male,43,763,0,115.14594980668966,28
2003,fsh_len,Male,45,763,0,115.14594980668966,28
2003,fsh_len,Male,47,763,0,115.14594980668966,28
2003,fsh_len,Male,49,763,0,115.14594980668966,28
2003,fsh_len,Male,51,763,0.011796,115.14594980668966,28
2003,fsh_len,Male,53,763,0.009174,115.14594980668966,28
2003,fsh_len,Male,55,763,0.024902,115.14594980668966,28
2003,fsh_len,Male,57,763,0.049803,115.14594980668966,28
2003,fsh_len,Male,59,763,0.078637,115.14594980668966,28
2003,fsh_len,Male,61,763,0.141547,115.14594980668966,28
2003,fsh_len,Male,63,763,0.159895,115.14594980668966,28
2003,fsh_len,Male,65,763,0.14941,115.14594980668966,28
2003,fsh_len,Male,67,763,0.114024,115.14594980668966,28
2003,fsh_len,Male,69,763,0.083879,115.14594980668966,28
2003,fsh_len,Male,71,763,0.061599,115.14594980668966,28
2003,fsh_len,Male,73,763,0.035387,115.14594980668966,28
2003,fsh_len,Male,75,763,0.036697,115.14594980668966,28
2003,fsh_len,Male,77,763,0.02228,115.14594980668966,28
2003,fsh_len,Male,79,763,0.011796,115.14594980668966,28
2003,fsh_len,Male,81,763,0.001311,115.14594980668966,28
2003,fsh_len,Male,83,763,0.007864,115.14594980668966,28
2003,fsh_len,Male,85,763,0,115.14594980668966,28
2003,fsh_len,Male,87,763,0,115.14594980668966,28
2003,fsh_len,Male,89,763,0,115.14594980668966,28
2003,fsh_len,Male,91,763,0,115.14594980668966,28
2003,fsh_len,Male,93,763,0,115.14594980668966,28
2003,fsh_len,Male,95,763,0,115.14594980668966,28
2003,fsh_len,Male,97,763,0,115.14594980668966,28
2003,fsh_len,Male,99,763,0,115.14594980668966,28
2003,fsh_len,Sex combined,41,1785,0,137.85074274744076,28
2003,fsh_len,Sex combined,43,1785,0,137.85074274744076,28
2003,fsh_len,Sex combined,45,1785,0,137.85074274744076,28
2003,fsh_len,Sex combined,47,1785,0,137.85074274744076,28
2003,fsh_len,Sex combined,49,1785,6e-4,137.85074274744076,28
2003,fsh_len,Sex combined,51,1785,0.0073,137.85074274744076,28
2003,fsh_len,Sex combined,53,1785,0.0106,137.85074274744076,28
2003,fsh_len,Sex combined,55,1785,0.0151,137.85074274744076,28
2003,fsh_len,Sex combined,57,1785,0.0342,137.85074274744076,28
2003,fsh_len,Sex combined,59,1785,0.0476,137.85074274744076,28
2003,fsh_len,Sex combined,61,1785,0.0751,137.85074274744076,28
2003,fsh_len,Sex combined,63,1785,0.0964,137.85074274744076,28
2003,fsh_len,Sex combined,65,1785,0.1109,137.85074274744076,28
2003,fsh_len,Sex combined,67,1785,0.1109,137.85074274744076,28
2003,fsh_len,Sex combined,69,1785,0.1098,137.85074274744076,28
2003,fsh_len,Sex combined,71,1785,0.0992,137.85074274744076,28
2003,fsh_len,Sex combined,73,1785,0.0633,137.85074274744076,28
2003,fsh_len,Sex combined,75,1785,0.0549,137.85074274744076,28
2003,fsh_len,Sex combined,77,1785,0.0476,137.85074274744076,28
2003,fsh_len,Sex combined,79,1785,0.0269,137.85074274744076,28
2003,fsh_len,Sex combined,81,1785,0.0213,137.85074274744076,28
2003,fsh_len,Sex combined,83,1785,0.0207,137.85074274744076,28
2003,fsh_len,Sex combined,85,1785,0.0123,137.85074274744076,28
2003,fsh_len,Sex combined,87,1785,0.014,137.85074274744076,28
2003,fsh_len,Sex combined,89,1785,0.0062,137.85074274744076,28
2003,fsh_len,Sex combined,91,1785,0.0045,137.85074274744076,28
2003,fsh_len,Sex combined,93,1785,0.0034,137.85074274744076,28
2003,fsh_len,Sex combined,95,1785,0.0034,137.85074274744076,28
2003,fsh_len,Sex combined,97,1785,0.0011,137.85074274744076,28
2003,fsh_len,Sex combined,99,1785,0.0028,137.85074274744076,28
2004,fsh_len,Female,41,1561,0,137.85074274744076,29
2004,fsh_len,Female,43,1561,0,137.85074274744076,29
2004,fsh_len,Female,45,1561,0,137.85074274744076,29
2004,fsh_len,Female,47,1561,0,137.85074274744076,29
2004,fsh_len,Female,49,1561,0,137.85074274744076,29
2004,fsh_len,Female,51,1561,0.003844,137.85074274744076,29
2004,fsh_len,Female,53,1561,0.001281,137.85074274744076,29
2004,fsh_len,Female,55,1561,0.006406,137.85074274744076,29
2004,fsh_len,Female,57,1561,0.007047,137.85074274744076,29
2004,fsh_len,Female,59,1561,0.016656,137.85074274744076,29
2004,fsh_len,Female,61,1561,0.036515,137.85074274744076,29
2004,fsh_len,Female,63,1561,0.055093,137.85074274744076,29
2004,fsh_len,Female,65,1561,0.095452,137.85074274744076,29
2004,fsh_len,Female,67,1561,0.098655,137.85074274744076,29
2004,fsh_len,Female,69,1561,0.126842,137.85074274744076,29
2004,fsh_len,Female,71,1561,0.122357,137.85074274744076,29
2004,fsh_len,Female,73,1561,0.081999,137.85074274744076,29
2004,fsh_len,Female,75,1561,0.069186,137.85074274744076,29
2004,fsh_len,Female,77,1561,0.035234,137.85074274744076,29
2004,fsh_len,Female,79,1561,0.03075,137.85074274744076,29
2004,fsh_len,Female,81,1561,0.032031,137.85074274744076,29
2004,fsh_len,Female,83,1561,0.030109,137.85074274744076,29
2004,fsh_len,Female,85,1561,0.032031,137.85074274744076,29
2004,fsh_len,Female,87,1561,0.025625,137.85074274744076,29
2004,fsh_len,Female,89,1561,0.024343,137.85074274744076,29
2004,fsh_len,Female,91,1561,0.016656,137.85074274744076,29
2004,fsh_len,Female,93,1561,0.016656,137.85074274744076,29
2004,fsh_len,Female,95,1561,0.012812,137.85074274744076,29
2004,fsh_len,Female,97,1561,0.005766,137.85074274744076,29
2004,fsh_len,Female,99,1561,0.016656,137.85074274744076,29
2004,fsh_len,Male,41,764,0,115.14594980668966,29
2004,fsh_len,Male,43,764,0,115.14594980668966,29
2004,fsh_len,Male,45,764,0,115.14594980668966,29
2004,fsh_len,Male,47,764,0,115.14594980668966,29
2004,fsh_len,Male,49,764,0.002618,115.14594980668966,29
2004,fsh_len,Male,51,764,0.002618,115.14594980668966,29
2004,fsh_len,Male,53,764,0.003927,115.14594980668966,29
2004,fsh_len,Male,55,764,0.015707,115.14594980668966,29
2004,fsh_len,Male,57,764,0.039267,115.14594980668966,29
2004,fsh_len,Male,59,764,0.070681,115.14594980668966,29
2004,fsh_len,Male,61,764,0.151832,115.14594980668966,29
2004,fsh_len,Male,63,764,0.171466,115.14594980668966,29
2004,fsh_len,Male,65,764,0.171466,115.14594980668966,29
2004,fsh_len,Male,67,764,0.124346,115.14594980668966,29
2004,fsh_len,Male,69,764,0.094241,115.14594980668966,29
2004,fsh_len,Male,71,764,0.061518,115.14594980668966,29
2004,fsh_len,Male,73,764,0.03534,115.14594980668966,29
2004,fsh_len,Male,75,764,0.032723,115.14594980668966,29
2004,fsh_len,Male,77,764,0.009162,115.14594980668966,29
2004,fsh_len,Male,79,764,0.003927,115.14594980668966,29
2004,fsh_len,Male,81,764,0.005236,115.14594980668966,29
2004,fsh_len,Male,83,764,0.001309,115.14594980668966,29
2004,fsh_len,Male,85,764,0.002618,115.14594980668966,29
2004,fsh_len,Male,87,764,0,115.14594980668966,29
2004,fsh_len,Male,89,764,0,115.14594980668966,29
2004,fsh_len,Male,91,764,0,115.14594980668966,29
2004,fsh_len,Male,93,764,0,115.14594980668966,29
2004,fsh_len,Male,95,764,0,115.14594980668966,29
2004,fsh_len,Male,97,764,0,115.14594980668966,29
2004,fsh_len,Male,99,764,0,115.14594980668966,29
2004,fsh_len,Sex combined,41,2325,0,137.85074274744076,29
2004,fsh_len,Sex combined,43,2325,0,137.85074274744076,29
2004,fsh_len,Sex combined,45,2325,0,137.85074274744076,29
2004,fsh_len,Sex combined,47,2325,0,137.85074274744076,29
2004,fsh_len,Sex combined,49,2325,9e-4,137.85074274744076,29
2004,fsh_len,Sex combined,51,2325,0.0034,137.85074274744076,29
2004,fsh_len,Sex combined,53,2325,0.0022,137.85074274744076,29
2004,fsh_len,Sex combined,55,2325,0.0095,137.85074274744076,29
2004,fsh_len,Sex combined,57,2325,0.0176,137.85074274744076,29
2004,fsh_len,Sex combined,59,2325,0.0344,137.85074274744076,29
2004,fsh_len,Sex combined,61,2325,0.0744,137.85074274744076,29
2004,fsh_len,Sex combined,63,2325,0.0933,137.85074274744076,29
2004,fsh_len,Sex combined,65,2325,0.1204,137.85074274744076,29
2004,fsh_len,Sex combined,67,2325,0.1071,137.85074274744076,29
2004,fsh_len,Sex combined,69,2325,0.1161,137.85074274744076,29
2004,fsh_len,Sex combined,71,2325,0.1024,137.85074274744076,29
2004,fsh_len,Sex combined,73,2325,0.0667,137.85074274744076,29
2004,fsh_len,Sex combined,75,2325,0.0572,137.85074274744076,29
2004,fsh_len,Sex combined,77,2325,0.0267,137.85074274744076,29
2004,fsh_len,Sex combined,79,2325,0.0219,137.85074274744076,29
2004,fsh_len,Sex combined,81,2325,0.0232,137.85074274744076,29
2004,fsh_len,Sex combined,83,2325,0.0206,137.85074274744076,29
2004,fsh_len,Sex combined,85,2325,0.0224,137.85074274744076,29
2004,fsh_len,Sex combined,87,2325,0.0172,137.85074274744076,29
2004,fsh_len,Sex combined,89,2325,0.0163,137.85074274744076,29
2004,fsh_len,Sex combined,91,2325,0.0112,137.85074274744076,29
2004,fsh_len,Sex combined,93,2325,0.0112,137.85074274744076,29
2004,fsh_len,Sex combined,95,2325,0.0086,137.85074274744076,29
2004,fsh_len,Sex combined,97,2325,0.0039,137.85074274744076,29
2004,fsh_len,Sex combined,99,2325,0.0112,137.85074274744076,29
2005,fsh_len,Female,41,1259,0,137.85074274744076,30
2005,fsh_len,Female,43,1259,0,137.85074274744076,30
2005,fsh_len,Female,45,1259,0,137.85074274744076,30
2005,fsh_len,Female,47,1259,0,137.85074274744076,30
2005,fsh_len,Female,49,1259,0,137.85074274744076,30
2005,fsh_len,Female,51,1259,7.94e-4,137.85074274744076,30
2005,fsh_len,Female,53,1259,7.94e-4,137.85074274744076,30
2005,fsh_len,Female,55,1259,0.002383,137.85074274744076,30
2005,fsh_len,Female,57,1259,0.007149,137.85074274744076,30
2005,fsh_len,Female,59,1259,0.009531,137.85074274744076,30
2005,fsh_len,Female,61,1259,0.026211,137.85074274744076,30
2005,fsh_len,Female,63,1259,0.028594,137.85074274744076,30
2005,fsh_len,Female,65,1259,0.059571,137.85074274744076,30
2005,fsh_len,Female,67,1259,0.102462,137.85074274744076,30
2005,fsh_len,Female,69,1259,0.117554,137.85074274744076,30
2005,fsh_len,Female,71,1259,0.108817,137.85074274744076,30
2005,fsh_len,Female,73,1259,0.098491,137.85074274744076,30
2005,fsh_len,Female,75,1259,0.069102,137.85074274744076,30
2005,fsh_len,Female,77,1259,0.061954,137.85074274744076,30
2005,fsh_len,Female,79,1259,0.051628,137.85074274744076,30
2005,fsh_len,Female,81,1259,0.029388,137.85074274744076,30
2005,fsh_len,Female,83,1259,0.047657,137.85074274744076,30
2005,fsh_len,Female,85,1259,0.04448,137.85074274744076,30
2005,fsh_len,Female,87,1259,0.019857,137.85074274744076,30
2005,fsh_len,Female,89,1259,0.027006,137.85074274744076,30
2005,fsh_len,Female,91,1259,0.02224,137.85074274744076,30
2005,fsh_len,Female,93,1259,0.01668,137.85074274744076,30
2005,fsh_len,Female,95,1259,0.014297,137.85074274744076,30
2005,fsh_len,Female,97,1259,0.012708,137.85074274744076,30
2005,fsh_len,Female,99,1259,0.020651,137.85074274744076,30
2005,fsh_len,Male,41,506,0,115.14594980668966,30
2005,fsh_len,Male,43,506,0,115.14594980668966,30
2005,fsh_len,Male,45,506,0,115.14594980668966,30
2005,fsh_len,Male,47,506,0,115.14594980668966,30
2005,fsh_len,Male,49,506,0,115.14594980668966,30
2005,fsh_len,Male,51,506,0.001976,115.14594980668966,30
2005,fsh_len,Male,53,506,0.009881,115.14594980668966,30
2005,fsh_len,Male,55,506,0.007905,115.14594980668966,30
2005,fsh_len,Male,57,506,0.021739,115.14594980668966,30
2005,fsh_len,Male,59,506,0.059289,115.14594980668966,30
2005,fsh_len,Male,61,506,0.098814,115.14594980668966,30
2005,fsh_len,Male,63,506,0.167984,115.14594980668966,30
2005,fsh_len,Male,65,506,0.193676,115.14594980668966,30
2005,fsh_len,Male,67,506,0.140316,115.14594980668966,30
2005,fsh_len,Male,69,506,0.104743,115.14594980668966,30
2005,fsh_len,Male,71,506,0.081028,115.14594980668966,30
2005,fsh_len,Male,73,506,0.049407,115.14594980668966,30
2005,fsh_len,Male,75,506,0.021739,115.14594980668966,30
2005,fsh_len,Male,77,506,0.023715,115.14594980668966,30
2005,fsh_len,Male,79,506,0.009881,115.14594980668966,30
2005,fsh_len,Male,81,506,0.003953,115.14594980668966,30
2005,fsh_len,Male,83,506,0,115.14594980668966,30
2005,fsh_len,Male,85,506,0.001976,115.14594980668966,30
2005,fsh_len,Male,87,506,0,115.14594980668966,30
2005,fsh_len,Male,89,506,0,115.14594980668966,30
2005,fsh_len,Male,91,506,0,115.14594980668966,30
2005,fsh_len,Male,93,506,0.001976,115.14594980668966,30
2005,fsh_len,Male,95,506,0,115.14594980668966,30
2005,fsh_len,Male,97,506,0,115.14594980668966,30
2005,fsh_len,Male,99,506,0,115.14594980668966,30
2005,fsh_len,Sex combined,41,1765,0,137.85074274744076,30
2005,fsh_len,Sex combined,43,1765,0,137.85074274744076,30
2005,fsh_len,Sex combined,45,1765,0,137.85074274744076,30
2005,fsh_len,Sex combined,47,1765,0,137.85074274744076,30
2005,fsh_len,Sex combined,49,1765,0,137.85074274744076,30
2005,fsh_len,Sex combined,51,1765,0.0011,137.85074274744076,30
2005,fsh_len,Sex combined,53,1765,0.0034,137.85074274744076,30
2005,fsh_len,Sex combined,55,1765,0.004,137.85074274744076,30
2005,fsh_len,Sex combined,57,1765,0.0113,137.85074274744076,30
2005,fsh_len,Sex combined,59,1765,0.0238,137.85074274744076,30
2005,fsh_len,Sex combined,61,1765,0.047,137.85074274744076,30
2005,fsh_len,Sex combined,63,1765,0.0686,137.85074274744076,30
2005,fsh_len,Sex combined,65,1765,0.098,137.85074274744076,30
2005,fsh_len,Sex combined,67,1765,0.1133,137.85074274744076,30
2005,fsh_len,Sex combined,69,1765,0.1139,137.85074274744076,30
2005,fsh_len,Sex combined,71,1765,0.1008,137.85074274744076,30
2005,fsh_len,Sex combined,73,1765,0.0844,137.85074274744076,30
2005,fsh_len,Sex combined,75,1765,0.0555,137.85074274744076,30
2005,fsh_len,Sex combined,77,1765,0.051,137.85074274744076,30
2005,fsh_len,Sex combined,79,1765,0.0397,137.85074274744076,30
2005,fsh_len,Sex combined,81,1765,0.0221,137.85074274744076,30
2005,fsh_len,Sex combined,83,1765,0.034,137.85074274744076,30
2005,fsh_len,Sex combined,85,1765,0.0323,137.85074274744076,30
2005,fsh_len,Sex combined,87,1765,0.0142,137.85074274744076,30
2005,fsh_len,Sex combined,89,1765,0.0193,137.85074274744076,30
2005,fsh_len,Sex combined,91,1765,0.0159,137.85074274744076,30
2005,fsh_len,Sex combined,93,1765,0.0125,137.85074274744076,30
2005,fsh_len,Sex combined,95,1765,0.0102,137.85074274744076,30
2005,fsh_len,Sex combined,97,1765,0.0091,137.85074274744076,30
2005,fsh_len,Sex combined,99,1765,0.0147,137.85074274744076,30
2006,fsh_len,Female,41,1075,0,137.85074274744076,31
2006,fsh_len,Female,43,1075,0,137.85074274744076,31
2006,fsh_len,Female,45,1075,0,137.85074274744076,31
2006,fsh_len,Female,47,1075,0,137.85074274744076,31
2006,fsh_len,Female,49,1075,0,137.85074274744076,31
2006,fsh_len,Female,51,1075,0.00093000000000000005,137.85074274744076,31
2006,fsh_len,Female,53,1075,0.003721,137.85074274744076,31
2006,fsh_len,Female,55,1075,0.003721,137.85074274744076,31
2006,fsh_len,Female,57,1075,0.011163,137.85074274744076,31
2006,fsh_len,Female,59,1075,0.010233,137.85074274744076,31
2006,fsh_len,Female,61,1075,0.014884,137.85074274744076,31
2006,fsh_len,Female,63,1075,0.029767,137.85074274744076,31
2006,fsh_len,Female,65,1075,0.053953,137.85074274744076,31
2006,fsh_len,Female,67,1075,0.090233,137.85074274744076,31
2006,fsh_len,Female,69,1075,0.124651,137.85074274744076,31
2006,fsh_len,Female,71,1075,0.140465,137.85074274744076,31
2006,fsh_len,Female,73,1075,0.129302,137.85074274744076,31
2006,fsh_len,Female,75,1075,0.098605,137.85074274744076,31
2006,fsh_len,Female,77,1075,0.07907,137.85074274744076,31
2006,fsh_len,Female,79,1075,0.043721,137.85074274744076,31
2006,fsh_len,Female,81,1075,0.046512,137.85074274744076,31
2006,fsh_len,Female,83,1075,0.026047,137.85074274744076,31
2006,fsh_len,Female,85,1075,0.021395,137.85074274744076,31
2006,fsh_len,Female,87,1075,0.024186,137.85074274744076,31
2006,fsh_len,Female,89,1075,0.015814,137.85074274744076,31
2006,fsh_len,Female,91,1075,0.010233,137.85074274744076,31
2006,fsh_len,Female,93,1075,0.007442,137.85074274744076,31
2006,fsh_len,Female,95,1075,0.002791,137.85074274744076,31
2006,fsh_len,Female,97,1075,0.002791,137.85074274744076,31
2006,fsh_len,Female,99,1075,0.008372,137.85074274744076,31
2006,fsh_len,Male,41,609,0,115.14594980668966,31
2006,fsh_len,Male,43,609,0,115.14594980668966,31
2006,fsh_len,Male,45,609,0,115.14594980668966,31
2006,fsh_len,Male,47,609,0,115.14594980668966,31
2006,fsh_len,Male,49,609,0,115.14594980668966,31
2006,fsh_len,Male,51,609,0,115.14594980668966,31
2006,fsh_len,Male,53,609,0.003284,115.14594980668966,31
2006,fsh_len,Male,55,609,0.011494,115.14594980668966,31
2006,fsh_len,Male,57,609,0.032841,115.14594980668966,31
2006,fsh_len,Male,59,609,0.049261,115.14594980668966,31
2006,fsh_len,Male,61,609,0.119869,115.14594980668966,31
2006,fsh_len,Male,63,609,0.200328,115.14594980668966,31
2006,fsh_len,Male,65,609,0.178982,115.14594980668966,31
2006,fsh_len,Male,67,609,0.129721,115.14594980668966,31
2006,fsh_len,Male,69,609,0.093596,115.14594980668966,31
2006,fsh_len,Male,71,609,0.052545,115.14594980668966,31
2006,fsh_len,Male,73,609,0.062397,115.14594980668966,31
2006,fsh_len,Male,75,609,0.024631,115.14594980668966,31
2006,fsh_len,Male,77,609,0.019704,115.14594980668966,31
2006,fsh_len,Male,79,609,0.00821,115.14594980668966,31
2006,fsh_len,Male,81,609,0.004926,115.14594980668966,31
2006,fsh_len,Male,83,609,0.001642,115.14594980668966,31
2006,fsh_len,Male,85,609,0.001642,115.14594980668966,31
2006,fsh_len,Male,87,609,0.004926,115.14594980668966,31
2006,fsh_len,Male,89,609,0,115.14594980668966,31
2006,fsh_len,Male,91,609,0,115.14594980668966,31
2006,fsh_len,Male,93,609,0,115.14594980668966,31
2006,fsh_len,Male,95,609,0,115.14594980668966,31
2006,fsh_len,Male,97,609,0,115.14594980668966,31
2006,fsh_len,Male,99,609,0,115.14594980668966,31
2006,fsh_len,Sex combined,41,1684,0,137.85074274744076,31
2006,fsh_len,Sex combined,43,1684,0,137.85074274744076,31
2006,fsh_len,Sex combined,45,1684,0,137.85074274744076,31
2006,fsh_len,Sex combined,47,1684,0,137.85074274744076,31
2006,fsh_len,Sex combined,49,1684,0,137.85074274744076,31
2006,fsh_len,Sex combined,51,1684,6e-4,137.85074274744076,31
2006,fsh_len,Sex combined,53,1684,0.0036,137.85074274744076,31
2006,fsh_len,Sex combined,55,1684,0.0065,137.85074274744076,31
2006,fsh_len,Sex combined,57,1684,0.019,137.85074274744076,31
2006,fsh_len,Sex combined,59,1684,0.0243,137.85074274744076,31
2006,fsh_len,Sex combined,61,1684,0.0529,137.85074274744076,31
2006,fsh_len,Sex combined,63,1684,0.0914,137.85074274744076,31
2006,fsh_len,Sex combined,65,1684,0.0992,137.85074274744076,31
2006,fsh_len,Sex combined,67,1684,0.1045,137.85074274744076,31
2006,fsh_len,Sex combined,69,1684,0.1134,137.85074274744076,31
2006,fsh_len,Sex combined,71,1684,0.1087,137.85074274744076,31
2006,fsh_len,Sex combined,73,1684,0.1051,137.85074274744076,31
2006,fsh_len,Sex combined,75,1684,0.0719,137.85074274744076,31
2006,fsh_len,Sex combined,77,1684,0.0576,137.85074274744076,31
2006,fsh_len,Sex combined,79,1684,0.0309,137.85074274744076,31
2006,fsh_len,Sex combined,81,1684,0.0315,137.85074274744076,31
2006,fsh_len,Sex combined,83,1684,0.0172,137.85074274744076,31
2006,fsh_len,Sex combined,85,1684,0.0143,137.85074274744076,31
2006,fsh_len,Sex combined,87,1684,0.0172,137.85074274744076,31
2006,fsh_len,Sex combined,89,1684,0.0101,137.85074274744076,31
2006,fsh_len,Sex combined,91,1684,0.0065,137.85074274744076,31
2006,fsh_len,Sex combined,93,1684,0.0048,137.85074274744076,31
2006,fsh_len,Sex combined,95,1684,0.0018,137.85074274744076,31
2006,fsh_len,Sex combined,97,1684,0.0018,137.85074274744076,31
2006,fsh_len,Sex combined,99,1684,0.0053,137.85074274744076,31
2007,fsh_len,Female,41,996,0,137.85074274744076,32
2007,fsh_len,Female,43,996,0,137.85074274744076,32
2007,fsh_len,Female,45,996,0,137.85074274744076,32
2007,fsh_len,Female,47,996,0,137.85074274744076,32
2007,fsh_len,Female,49,996,0,137.85074274744076,32
2007,fsh_len,Female,51,996,0.002008,137.85074274744076,32
2007,fsh_len,Female,53,996,0.002008,137.85074274744076,32
2007,fsh_len,Female,55,996,0.002008,137.85074274744076,32
2007,fsh_len,Female,57,996,0.008032,137.85074274744076,32
2007,fsh_len,Female,59,996,0.007028,137.85074274744076,32
2007,fsh_len,Female,61,996,0.014056,137.85074274744076,32
2007,fsh_len,Female,63,996,0.034137,137.85074274744076,32
2007,fsh_len,Female,65,996,0.054217,137.85074274744076,32
2007,fsh_len,Female,67,996,0.070281,137.85074274744076,32
2007,fsh_len,Female,69,996,0.123494,137.85074274744076,32
2007,fsh_len,Female,71,996,0.130522,137.85074274744076,32
2007,fsh_len,Female,73,996,0.11245,137.85074274744076,32
2007,fsh_len,Female,75,996,0.100402,137.85074274744076,32
2007,fsh_len,Female,77,996,0.086345,137.85074274744076,32
2007,fsh_len,Female,79,996,0.059237,137.85074274744076,32
2007,fsh_len,Female,81,996,0.051205,137.85074274744076,32
2007,fsh_len,Female,83,996,0.034137,137.85074274744076,32
2007,fsh_len,Female,85,996,0.026104,137.85074274744076,32
2007,fsh_len,Female,87,996,0.031124,137.85074274744076,32
2007,fsh_len,Female,89,996,0.013052,137.85074274744076,32
2007,fsh_len,Female,91,996,0.013052,137.85074274744076,32
2007,fsh_len,Female,93,996,0.009036,137.85074274744076,32
2007,fsh_len,Female,95,996,0.004016,137.85074274744076,32
2007,fsh_len,Female,97,996,0.00502,137.85074274744076,32
2007,fsh_len,Female,99,996,0.007028,137.85074274744076,32
2007,fsh_len,Male,41,515,0,115.14594980668966,32
2007,fsh_len,Male,43,515,0,115.14594980668966,32
2007,fsh_len,Male,45,515,0,115.14594980668966,32
2007,fsh_len,Male,47,515,0,115.14594980668966,32
2007,fsh_len,Male,49,515,0,115.14594980668966,32
2007,fsh_len,Male,51,515,0,115.14594980668966,32
2007,fsh_len,Male,53,515,0.001942,115.14594980668966,32
2007,fsh_len,Male,55,515,0.007767,115.14594980668966,32
2007,fsh_len,Male,57,515,0.021359,115.14594980668966,32
2007,fsh_len,Male,59,515,0.048544,115.14594980668966,32
2007,fsh_len,Male,61,515,0.108738,115.14594980668966,32
2007,fsh_len,Male,63,515,0.153398,115.14594980668966,32
2007,fsh_len,Male,65,515,0.170874,115.14594980668966,32
2007,fsh_len,Male,67,515,0.161165,115.14594980668966,32
2007,fsh_len,Male,69,515,0.135922,115.14594980668966,32
2007,fsh_len,Male,71,515,0.085437,115.14594980668966,32
2007,fsh_len,Male,73,515,0.038835,115.14594980668966,32
2007,fsh_len,Male,75,515,0.036893,115.14594980668966,32
2007,fsh_len,Male,77,515,0.013592,115.14594980668966,32
2007,fsh_len,Male,79,515,0.009709,115.14594980668966,32
2007,fsh_len,Male,81,515,0.003883,115.14594980668966,32
2007,fsh_len,Male,83,515,0.001942,115.14594980668966,32
2007,fsh_len,Male,85,515,0,115.14594980668966,32
2007,fsh_len,Male,87,515,0,115.14594980668966,32
2007,fsh_len,Male,89,515,0,115.14594980668966,32
2007,fsh_len,Male,91,515,0,115.14594980668966,32
2007,fsh_len,Male,93,515,0,115.14594980668966,32
2007,fsh_len,Male,95,515,0,115.14594980668966,32
2007,fsh_len,Male,97,515,0,115.14594980668966,32
2007,fsh_len,Male,99,515,0,115.14594980668966,32
2007,fsh_len,Sex combined,41,1511,0,137.85074274744076,32
2007,fsh_len,Sex combined,43,1511,0,137.85074274744076,32
2007,fsh_len,Sex combined,45,1511,0,137.85074274744076,32
2007,fsh_len,Sex combined,47,1511,0,137.85074274744076,32
2007,fsh_len,Sex combined,49,1511,0,137.85074274744076,32
2007,fsh_len,Sex combined,51,1511,0.0013,137.85074274744076,32
2007,fsh_len,Sex combined,53,1511,0.002,137.85074274744076,32
2007,fsh_len,Sex combined,55,1511,0.004,137.85074274744076,32
2007,fsh_len,Sex combined,57,1511,0.0126,137.85074274744076,32
2007,fsh_len,Sex combined,59,1511,0.0212,137.85074274744076,32
2007,fsh_len,Sex combined,61,1511,0.0463,137.85074274744076,32
2007,fsh_len,Sex combined,63,1511,0.0748,137.85074274744076,32
2007,fsh_len,Sex combined,65,1511,0.094,137.85074274744076,32
2007,fsh_len,Sex combined,67,1511,0.1013,137.85074274744076,32
2007,fsh_len,Sex combined,69,1511,0.1277,137.85074274744076,32
2007,fsh_len,Sex combined,71,1511,0.1152,137.85074274744076,32
2007,fsh_len,Sex combined,73,1511,0.0874,137.85074274744076,32
2007,fsh_len,Sex combined,75,1511,0.0788,137.85074274744076,32
2007,fsh_len,Sex combined,77,1511,0.0615,137.85074274744076,32
2007,fsh_len,Sex combined,79,1511,0.0424,137.85074274744076,32
2007,fsh_len,Sex combined,81,1511,0.0351,137.85074274744076,32
2007,fsh_len,Sex combined,83,1511,0.0232,137.85074274744076,32
2007,fsh_len,Sex combined,85,1511,0.0172,137.85074274744076,32
2007,fsh_len,Sex combined,87,1511,0.0205,137.85074274744076,32
2007,fsh_len,Sex combined,89,1511,0.0086,137.85074274744076,32
2007,fsh_len,Sex combined,91,1511,0.0086,137.85074274744076,32
2007,fsh_len,Sex combined,93,1511,0.006,137.85074274744076,32
2007,fsh_len,Sex combined,95,1511,0.0026,137.85074274744076,32
2007,fsh_len,Sex combined,97,1511,0.0033,137.85074274744076,32
2007,fsh_len,Sex combined,99,1511,0.0046,137.85074274744076,32
2008,fsh_len,Female,41,1026,0,137.85074274744076,33
2008,fsh_len,Female,43,1026,0,137.85074274744076,33
2008,fsh_len,Female,45,1026,0,137.85074274744076,33
2008,fsh_len,Female,47,1026,0,137.85074274744076,33
2008,fsh_len,Female,49,1026,0,137.85074274744076,33
2008,fsh_len,Female,51,1026,0,137.85074274744076,33
2008,fsh_len,Female,53,1026,0,137.85074274744076,33
2008,fsh_len,Female,55,1026,0.001949,137.85074274744076,33
2008,fsh_len,Female,57,1026,0.002924,137.85074274744076,33
2008,fsh_len,Female,59,1026,0.009747,137.85074274744076,33
2008,fsh_len,Female,61,1026,0.015595,137.85074274744076,33
2008,fsh_len,Female,63,1026,0.026316,137.85074274744076,33
2008,fsh_len,Female,65,1026,0.039961000000000003,137.85074274744076,33
2008,fsh_len,Female,67,1026,0.087719,137.85074274744076,33
2008,fsh_len,Female,69,1026,0.10039,137.85074274744076,33
2008,fsh_len,Female,71,1026,0.133528,137.85074274744076,33
2008,fsh_len,Female,73,1026,0.125731,137.85074274744076,33
2008,fsh_len,Female,75,1026,0.11501,137.85074274744076,33
2008,fsh_len,Female,77,1026,0.069201,137.85074274744076,33
2008,fsh_len,Female,79,1026,0.063353,137.85074274744076,33
2008,fsh_len,Female,81,1026,0.062378,137.85074274744076,33
2008,fsh_len,Female,83,1026,0.033138,137.85074274744076,33
2008,fsh_len,Female,85,1026,0.032164,137.85074274744076,33
2008,fsh_len,Female,87,1026,0.028265,137.85074274744076,33
2008,fsh_len,Female,89,1026,0.013645,137.85074274744076,33
2008,fsh_len,Female,91,1026,0.011696,137.85074274744076,33
2008,fsh_len,Female,93,1026,0.011696,137.85074274744076,33
2008,fsh_len,Female,95,1026,0.005848,137.85074274744076,33
2008,fsh_len,Female,97,1026,0.001949,137.85074274744076,33
2008,fsh_len,Female,99,1026,0.007797,137.85074274744076,33
2008,fsh_len,Male,41,525,0,115.14594980668966,33
2008,fsh_len,Male,43,525,0,115.14594980668966,33
2008,fsh_len,Male,45,525,0,115.14594980668966,33
2008,fsh_len,Male,47,525,0,115.14594980668966,33
2008,fsh_len,Male,49,525,0,115.14594980668966,33
2008,fsh_len,Male,51,525,0,115.14594980668966,33
2008,fsh_len,Male,53,525,0,115.14594980668966,33
2008,fsh_len,Male,55,525,0.007619,115.14594980668966,33
2008,fsh_len,Male,57,525,0.013333,115.14594980668966,33
2008,fsh_len,Male,59,525,0.038095,115.14594980668966,33
2008,fsh_len,Male,61,525,0.100952,115.14594980668966,33
2008,fsh_len,Male,63,525,0.165714,115.14594980668966,33
2008,fsh_len,Male,65,525,0.179048,115.14594980668966,33
2008,fsh_len,Male,67,525,0.190476,115.14594980668966,33
2008,fsh_len,Male,69,525,0.131429,115.14594980668966,33
2008,fsh_len,Male,71,525,0.087619,115.14594980668966,33
2008,fsh_len,Male,73,525,0.04381,115.14594980668966,33
2008,fsh_len,Male,75,525,0.019048,115.14594980668966,33
2008,fsh_len,Male,77,525,0.009524,115.14594980668966,33
2008,fsh_len,Male,79,525,0.001905,115.14594980668966,33
2008,fsh_len,Male,81,525,0.001905,115.14594980668966,33
2008,fsh_len,Male,83,525,0.005714,115.14594980668966,33
2008,fsh_len,Male,85,525,0,115.14594980668966,33
2008,fsh_len,Male,87,525,0.001905,115.14594980668966,33
2008,fsh_len,Male,89,525,0.001905,115.14594980668966,33
2008,fsh_len,Male,91,525,0,115.14594980668966,33
2008,fsh_len,Male,93,525,0,115.14594980668966,33
2008,fsh_len,Male,95,525,0,115.14594980668966,33
2008,fsh_len,Male,97,525,0,115.14594980668966,33
2008,fsh_len,Male,99,525,0,115.14594980668966,33
2008,fsh_len,Sex combined,41,1551,0,137.85074274744076,33
2008,fsh_len,Sex combined,43,1551,0,137.85074274744076,33
2008,fsh_len,Sex combined,45,1551,0,137.85074274744076,33
2008,fsh_len,Sex combined,47,1551,0,137.85074274744076,33
2008,fsh_len,Sex combined,49,1551,0,137.85074274744076,33
2008,fsh_len,Sex combined,51,1551,0,137.85074274744076,33
2008,fsh_len,Sex combined,53,1551,0,137.85074274744076,33
2008,fsh_len,Sex combined,55,1551,0.0039,137.85074274744076,33
2008,fsh_len,Sex combined,57,1551,0.0064,137.85074274744076,33
2008,fsh_len,Sex combined,59,1551,0.0193,137.85074274744076,33
2008,fsh_len,Sex combined,61,1551,0.0445,137.85074274744076,33
2008,fsh_len,Sex combined,63,1551,0.0735,137.85074274744076,33
2008,fsh_len,Sex combined,65,1551,0.087,137.85074274744076,33
2008,fsh_len,Sex combined,67,1551,0.1225,137.85074274744076,33
2008,fsh_len,Sex combined,69,1551,0.1109,137.85074274744076,33
2008,fsh_len,Sex combined,71,1551,0.118,137.85074274744076,33
2008,fsh_len,Sex combined,73,1551,0.098,137.85074274744076,33
2008,fsh_len,Sex combined,75,1551,0.0825,137.85074274744076,33
2008,fsh_len,Sex combined,77,1551,0.049,137.85074274744076,33
2008,fsh_len,Sex combined,79,1551,0.0426,137.85074274744076,33
2008,fsh_len,Sex combined,81,1551,0.0419,137.85074274744076,33
2008,fsh_len,Sex combined,83,1551,0.0239,137.85074274744076,33
2008,fsh_len,Sex combined,85,1551,0.0213,137.85074274744076,33
2008,fsh_len,Sex combined,87,1551,0.0193,137.85074274744076,33
2008,fsh_len,Sex combined,89,1551,0.0097,137.85074274744076,33
2008,fsh_len,Sex combined,91,1551,0.0077,137.85074274744076,33
2008,fsh_len,Sex combined,93,1551,0.0077,137.85074274744076,33
2008,fsh_len,Sex combined,95,1551,0.0039,137.85074274744076,33
2008,fsh_len,Sex combined,97,1551,0.0013,137.85074274744076,33
2008,fsh_len,Sex combined,99,1551,0.0052,137.85074274744076,33
2009,fsh_len,Female,41,1047,0,137.85074274744076,34
2009,fsh_len,Female,43,1047,0,137.85074274744076,34
2009,fsh_len,Female,45,1047,0,137.85074274744076,34
2009,fsh_len,Female,47,1047,0,137.85074274744076,34
2009,fsh_len,Female,49,1047,0,137.85074274744076,34
2009,fsh_len,Female,51,1047,0.00191,137.85074274744076,34
2009,fsh_len,Female,53,1047,0,137.85074274744076,34
2009,fsh_len,Female,55,1047,9.55e-4,137.85074274744076,34
2009,fsh_len,Female,57,1047,0.004776,137.85074274744076,34
2009,fsh_len,Female,59,1047,0.005731,137.85074274744076,34
2009,fsh_len,Female,61,1047,0.00191,137.85074274744076,34
2009,fsh_len,Female,63,1047,0.018147,137.85074274744076,34
2009,fsh_len,Female,65,1047,0.045845,137.85074274744076,34
2009,fsh_len,Female,67,1047,0.077364,137.85074274744076,34
2009,fsh_len,Female,69,1047,0.097421,137.85074274744076,34
2009,fsh_len,Female,71,1047,0.144222,137.85074274744076,34
2009,fsh_len,Female,73,1047,0.124164,137.85074274744076,34
2009,fsh_len,Female,75,1047,0.118434,137.85074274744076,34
2009,fsh_len,Female,77,1047,0.090735,137.85074274744076,34
2009,fsh_len,Female,79,1047,0.075454,137.85074274744076,34
2009,fsh_len,Female,81,1047,0.076409,137.85074274744076,34
2009,fsh_len,Female,83,1047,0.037249,137.85074274744076,34
2009,fsh_len,Female,85,1047,0.023878,137.85074274744076,34
2009,fsh_len,Female,87,1047,0.014327,137.85074274744076,34
2009,fsh_len,Female,89,1047,0.010506,137.85074274744076,34
2009,fsh_len,Female,91,1047,0.011461,137.85074274744076,34
2009,fsh_len,Female,93,1047,0.004776,137.85074274744076,34
2009,fsh_len,Female,95,1047,0.005731,137.85074274744076,34
2009,fsh_len,Female,97,1047,9.55e-4,137.85074274744076,34
2009,fsh_len,Female,99,1047,0.007641,137.85074274744076,34
2009,fsh_len,Male,41,521,0,115.14594980668966,34
2009,fsh_len,Male,43,521,0,115.14594980668966,34
2009,fsh_len,Male,45,521,0,115.14594980668966,34
2009,fsh_len,Male,47,521,0,115.14594980668966,34
2009,fsh_len,Male,49,521,0,115.14594980668966,34
2009,fsh_len,Male,51,521,0,115.14594980668966,34
2009,fsh_len,Male,53,521,0,115.14594980668966,34
2009,fsh_len,Male,55,521,0,115.14594980668966,34
2009,fsh_len,Male,57,521,0.017274,115.14594980668966,34
2009,fsh_len,Male,59,521,0.047985,115.14594980668966,34
2009,fsh_len,Male,61,521,0.088292,115.14594980668966,34
2009,fsh_len,Male,63,521,0.136276,115.14594980668966,34
2009,fsh_len,Male,65,521,0.190019,115.14594980668966,34
2009,fsh_len,Male,67,521,0.176583,115.14594980668966,34
2009,fsh_len,Male,69,521,0.12476,115.14594980668966,34
2009,fsh_len,Male,71,521,0.095969,115.14594980668966,34
2009,fsh_len,Male,73,521,0.044146,115.14594980668966,34
2009,fsh_len,Male,75,521,0.040307,115.14594980668966,34
2009,fsh_len,Male,77,521,0.023033,115.14594980668966,34
2009,fsh_len,Male,79,521,0.007678,115.14594980668966,34
2009,fsh_len,Male,81,521,0.007678,115.14594980668966,34
2009,fsh_len,Male,83,521,0,115.14594980668966,34
2009,fsh_len,Male,85,521,0,115.14594980668966,34
2009,fsh_len,Male,87,521,0,115.14594980668966,34
2009,fsh_len,Male,89,521,0,115.14594980668966,34
2009,fsh_len,Male,91,521,0,115.14594980668966,34
2009,fsh_len,Male,93,521,0,115.14594980668966,34
2009,fsh_len,Male,95,521,0,115.14594980668966,34
2009,fsh_len,Male,97,521,0,115.14594980668966,34
2009,fsh_len,Male,99,521,0,115.14594980668966,34
2009,fsh_len,Sex combined,41,1568,0,137.85074274744076,34
2009,fsh_len,Sex combined,43,1568,0,137.85074274744076,34
2009,fsh_len,Sex combined,45,1568,0,137.85074274744076,34
2009,fsh_len,Sex combined,47,1568,0,137.85074274744076,34
2009,fsh_len,Sex combined,49,1568,0,137.85074274744076,34
2009,fsh_len,Sex combined,51,1568,0.0013,137.85074274744076,34
2009,fsh_len,Sex combined,53,1568,0,137.85074274744076,34
2009,fsh_len,Sex combined,55,1568,6e-4,137.85074274744076,34
2009,fsh_len,Sex combined,57,1568,0.0089,137.85074274744076,34
2009,fsh_len,Sex combined,59,1568,0.0198,137.85074274744076,34
2009,fsh_len,Sex combined,61,1568,0.0306,137.85074274744076,34
2009,fsh_len,Sex combined,63,1568,0.0574,137.85074274744076,34
2009,fsh_len,Sex combined,65,1568,0.0938,137.85074274744076,34
2009,fsh_len,Sex combined,67,1568,0.1103,137.85074274744076,34
2009,fsh_len,Sex combined,69,1568,0.1065,137.85074274744076,34
2009,fsh_len,Sex combined,71,1568,0.1282,137.85074274744076,34
2009,fsh_len,Sex combined,73,1568,0.0976,137.85074274744076,34
2009,fsh_len,Sex combined,75,1568,0.0925,137.85074274744076,34
2009,fsh_len,Sex combined,77,1568,0.0682,137.85074274744076,34
2009,fsh_len,Sex combined,79,1568,0.0529,137.85074274744076,34
2009,fsh_len,Sex combined,81,1568,0.0536,137.85074274744076,34
2009,fsh_len,Sex combined,83,1568,0.0249,137.85074274744076,34
2009,fsh_len,Sex combined,85,1568,0.0159,137.85074274744076,34
2009,fsh_len,Sex combined,87,1568,0.0096,137.85074274744076,34
2009,fsh_len,Sex combined,89,1568,0.007,137.85074274744076,34
2009,fsh_len,Sex combined,91,1568,0.0077,137.85074274744076,34
2009,fsh_len,Sex combined,93,1568,0.0032,137.85074274744076,34
2009,fsh_len,Sex combined,95,1568,0.0038,137.85074274744076,34
2009,fsh_len,Sex combined,97,1568,6e-4,137.85074274744076,34
2009,fsh_len,Sex combined,99,1568,0.0051,137.85074274744076,34
2010,fsh_len,Female,41,995,0,137.85074274744076,35
2010,fsh_len,Female,43,995,0,137.85074274744076,35
2010,fsh_len,Female,45,995,0,137.85074274744076,35
2010,fsh_len,Female,47,995,0,137.85074274744076,35
2010,fsh_len,Female,49,995,0,137.85074274744076,35
2010,fsh_len,Female,51,995,0,137.85074274744076,35
2010,fsh_len,Female,53,995,0.00201,137.85074274744076,35
2010,fsh_len,Female,55,995,0.001005,137.85074274744076,35
2010,fsh_len,Female,57,995,0.003015,137.85074274744076,35
2010,fsh_len,Female,59,995,0.013065,137.85074274744076,35
2010,fsh_len,Female,61,995,0.01005,137.85074274744076,35
2010,fsh_len,Female,63,995,0.026131,137.85074274744076,35
2010,fsh_len,Female,65,995,0.048241,137.85074274744076,35
2010,fsh_len,Female,67,995,0.071357,137.85074274744076,35
2010,fsh_len,Female,69,995,0.103518,137.85074274744076,35
2010,fsh_len,Female,71,995,0.137688,137.85074274744076,35
2010,fsh_len,Female,73,995,0.119598,137.85074274744076,35
2010,fsh_len,Female,75,995,0.109548,137.85074274744076,35
2010,fsh_len,Female,77,995,0.085427,137.85074274744076,35
2010,fsh_len,Female,79,995,0.084422,137.85074274744076,35
2010,fsh_len,Female,81,995,0.061307,137.85074274744076,35
2010,fsh_len,Female,83,995,0.039196,137.85074274744076,35
2010,fsh_len,Female,85,995,0.030151,137.85074274744076,35
2010,fsh_len,Female,87,995,0.019095,137.85074274744076,35
2010,fsh_len,Female,89,995,0.011055,137.85074274744076,35
2010,fsh_len,Female,91,995,0.011055,137.85074274744076,35
2010,fsh_len,Female,93,995,0.00603,137.85074274744076,35
2010,fsh_len,Female,95,995,0.001005,137.85074274744076,35
2010,fsh_len,Female,97,995,0.00201,137.85074274744076,35
2010,fsh_len,Female,99,995,0.00402,137.85074274744076,35
2010,fsh_len,Male,41,550,0,115.14594980668966,35
2010,fsh_len,Male,43,550,0,115.14594980668966,35
2010,fsh_len,Male,45,550,0,115.14594980668966,35
2010,fsh_len,Male,47,550,0,115.14594980668966,35
2010,fsh_len,Male,49,550,0.001818,115.14594980668966,35
2010,fsh_len,Male,51,550,0,115.14594980668966,35
2010,fsh_len,Male,53,550,0.001818,115.14594980668966,35
2010,fsh_len,Male,55,550,0.009091,115.14594980668966,35
2010,fsh_len,Male,57,550,0.014545,115.14594980668966,35
2010,fsh_len,Male,59,550,0.047273,115.14594980668966,35
2010,fsh_len,Male,61,550,0.105455,115.14594980668966,35
2010,fsh_len,Male,63,550,0.121818,115.14594980668966,35
2010,fsh_len,Male,65,550,0.189091,115.14594980668966,35
2010,fsh_len,Male,67,550,0.165455,115.14594980668966,35
2010,fsh_len,Male,69,550,0.125455,115.14594980668966,35
2010,fsh_len,Male,71,550,0.101818,115.14594980668966,35
2010,fsh_len,Male,73,550,0.050909,115.14594980668966,35
2010,fsh_len,Male,75,550,0.04,115.14594980668966,35
2010,fsh_len,Male,77,550,0.010909,115.14594980668966,35
2010,fsh_len,Male,79,550,0.007273,115.14594980668966,35
2010,fsh_len,Male,81,550,0.001818,115.14594980668966,35
2010,fsh_len,Male,83,550,0.001818,115.14594980668966,35
2010,fsh_len,Male,85,550,0.001818,115.14594980668966,35
2010,fsh_len,Male,87,550,0.001818,115.14594980668966,35
2010,fsh_len,Male,89,550,0,115.14594980668966,35
2010,fsh_len,Male,91,550,0,115.14594980668966,35
2010,fsh_len,Male,93,550,0,115.14594980668966,35
2010,fsh_len,Male,95,550,0,115.14594980668966,35
2010,fsh_len,Male,97,550,0,115.14594980668966,35
2010,fsh_len,Male,99,550,0,115.14594980668966,35
2010,fsh_len,Sex combined,41,1545,0,137.85074274744076,35
2010,fsh_len,Sex combined,43,1545,0,137.85074274744076,35
2010,fsh_len,Sex combined,45,1545,0,137.85074274744076,35
2010,fsh_len,Sex combined,47,1545,0,137.85074274744076,35
2010,fsh_len,Sex combined,49,1545,6e-4,137.85074274744076,35
2010,fsh_len,Sex combined,51,1545,0,137.85074274744076,35
2010,fsh_len,Sex combined,53,1545,0.0019,137.85074274744076,35
2010,fsh_len,Sex combined,55,1545,0.0039,137.85074274744076,35
2010,fsh_len,Sex combined,57,1545,0.0071,137.85074274744076,35
2010,fsh_len,Sex combined,59,1545,0.0252,137.85074274744076,35
2010,fsh_len,Sex combined,61,1545,0.044,137.85074274744076,35
2010,fsh_len,Sex combined,63,1545,0.0602,137.85074274744076,35
2010,fsh_len,Sex combined,65,1545,0.0984,137.85074274744076,35
2010,fsh_len,Sex combined,67,1545,0.1049,137.85074274744076,35
2010,fsh_len,Sex combined,69,1545,0.1113,137.85074274744076,35
2010,fsh_len,Sex combined,71,1545,0.1249,137.85074274744076,35
2010,fsh_len,Sex combined,73,1545,0.0951,137.85074274744076,35
2010,fsh_len,Sex combined,75,1545,0.0848,137.85074274744076,35
2010,fsh_len,Sex combined,77,1545,0.0589,137.85074274744076,35
2010,fsh_len,Sex combined,79,1545,0.057,137.85074274744076,35
2010,fsh_len,Sex combined,81,1545,0.0401,137.85074274744076,35
2010,fsh_len,Sex combined,83,1545,0.0259,137.85074274744076,35
2010,fsh_len,Sex combined,85,1545,0.0201,137.85074274744076,35
2010,fsh_len,Sex combined,87,1545,0.0129,137.85074274744076,35
2010,fsh_len,Sex combined,89,1545,0.0071,137.85074274744076,35
2010,fsh_len,Sex combined,91,1545,0.0071,137.85074274744076,35
2010,fsh_len,Sex combined,93,1545,0.0039,137.85074274744076,35
2010,fsh_len,Sex combined,95,1545,6e-4,137.85074274744076,35
2010,fsh_len,Sex combined,97,1545,0.0013,137.85074274744076,35
2010,fsh_len,Sex combined,99,1545,0.0026,137.85074274744076,35
2011,fsh_len,Female,41,924,0,137.85074274744076,36
2011,fsh_len,Female,43,924,0,137.85074274744076,36
2011,fsh_len,Female,45,924,0,137.85074274744076,36
2011,fsh_len,Female,47,924,0,137.85074274744076,36
2011,fsh_len,Female,49,924,0,137.85074274744076,36
2011,fsh_len,Female,51,924,0,137.85074274744076,36
2011,fsh_len,Female,53,924,0,137.85074274744076,36
2011,fsh_len,Female,55,924,0.007576,137.85074274744076,36
2011,fsh_len,Female,57,924,0.004329,137.85074274744076,36
2011,fsh_len,Female,59,924,0.00974,137.85074274744076,36
2011,fsh_len,Female,61,924,0.018398,137.85074274744076,36
2011,fsh_len,Female,63,924,0.02381,137.85074274744076,36
2011,fsh_len,Female,65,924,0.051948,137.85074274744076,36
2011,fsh_len,Female,67,924,0.07684,137.85074274744076,36
2011,fsh_len,Female,69,924,0.101732,137.85074274744076,36
2011,fsh_len,Female,71,924,0.137446,137.85074274744076,36
2011,fsh_len,Female,73,924,0.130952,137.85074274744076,36
2011,fsh_len,Female,75,924,0.102814,137.85074274744076,36
2011,fsh_len,Female,77,924,0.077922,137.85074274744076,36
2011,fsh_len,Female,79,924,0.057359,137.85074274744076,36
2011,fsh_len,Female,81,924,0.05303,137.85074274744076,36
2011,fsh_len,Female,83,924,0.046537,137.85074274744076,36
2011,fsh_len,Female,85,924,0.022727,137.85074274744076,36
2011,fsh_len,Female,87,924,0.028139,137.85074274744076,36
2011,fsh_len,Female,89,924,0.016234,137.85074274744076,36
2011,fsh_len,Female,91,924,0.010823,137.85074274744076,36
2011,fsh_len,Female,93,924,0.011905,137.85074274744076,36
2011,fsh_len,Female,95,924,0.001082,137.85074274744076,36
2011,fsh_len,Female,97,924,0.002165,137.85074274744076,36
2011,fsh_len,Female,99,924,0.006494,137.85074274744076,36
2011,fsh_len,Male,41,550,0,115.14594980668966,36
2011,fsh_len,Male,43,550,0,115.14594980668966,36
2011,fsh_len,Male,45,550,0,115.14594980668966,36
2011,fsh_len,Male,47,550,0,115.14594980668966,36
2011,fsh_len,Male,49,550,0,115.14594980668966,36
2011,fsh_len,Male,51,550,0,115.14594980668966,36
2011,fsh_len,Male,53,550,0.003636,115.14594980668966,36
2011,fsh_len,Male,55,550,0.005455,115.14594980668966,36
2011,fsh_len,Male,57,550,0.023636,115.14594980668966,36
2011,fsh_len,Male,59,550,0.04,115.14594980668966,36
2011,fsh_len,Male,61,550,0.065455,115.14594980668966,36
2011,fsh_len,Male,63,550,0.16,115.14594980668966,36
2011,fsh_len,Male,65,550,0.178182,115.14594980668966,36
2011,fsh_len,Male,67,550,0.165455,115.14594980668966,36
2011,fsh_len,Male,69,550,0.161818,115.14594980668966,36
2011,fsh_len,Male,71,550,0.072727,115.14594980668966,36
2011,fsh_len,Male,73,550,0.043636,115.14594980668966,36
2011,fsh_len,Male,75,550,0.04,115.14594980668966,36
2011,fsh_len,Male,77,550,0.018182,115.14594980668966,36
2011,fsh_len,Male,79,550,0.010909,115.14594980668966,36
2011,fsh_len,Male,81,550,0.003636,115.14594980668966,36
2011,fsh_len,Male,83,550,0.003636,115.14594980668966,36
2011,fsh_len,Male,85,550,0.001818,115.14594980668966,36
2011,fsh_len,Male,87,550,0,115.14594980668966,36
2011,fsh_len,Male,89,550,0.001818,115.14594980668966,36
2011,fsh_len,Male,91,550,0,115.14594980668966,36
2011,fsh_len,Male,93,550,0,115.14594980668966,36
2011,fsh_len,Male,95,550,0,115.14594980668966,36
2011,fsh_len,Male,97,550,0,115.14594980668966,36
2011,fsh_len,Male,99,550,0,115.14594980668966,36
2011,fsh_len,Sex combined,41,1474,0,137.85074274744076,36
2011,fsh_len,Sex combined,43,1474,0,137.85074274744076,36
2011,fsh_len,Sex combined,45,1474,0,137.85074274744076,36
2011,fsh_len,Sex combined,47,1474,0,137.85074274744076,36
2011,fsh_len,Sex combined,49,1474,0,137.85074274744076,36
2011,fsh_len,Sex combined,51,1474,0,137.85074274744076,36
2011,fsh_len,Sex combined,53,1474,0.0014,137.85074274744076,36
2011,fsh_len,Sex combined,55,1474,0.0068,137.85074274744076,36
2011,fsh_len,Sex combined,57,1474,0.0115,137.85074274744076,36
2011,fsh_len,Sex combined,59,1474,0.021,137.85074274744076,36
2011,fsh_len,Sex combined,61,1474,0.036,137.85074274744076,36
2011,fsh_len,Sex combined,63,1474,0.0746,137.85074274744076,36
2011,fsh_len,Sex combined,65,1474,0.0991,137.85074274744076,36
2011,fsh_len,Sex combined,67,1474,0.1099,137.85074274744076,36
2011,fsh_len,Sex combined,69,1474,0.1242,137.85074274744076,36
2011,fsh_len,Sex combined,71,1474,0.1133,137.85074274744076,36
2011,fsh_len,Sex combined,73,1474,0.0984,137.85074274744076,36
2011,fsh_len,Sex combined,75,1474,0.0794,137.85074274744076,36
2011,fsh_len,Sex combined,77,1474,0.0556,137.85074274744076,36
2011,fsh_len,Sex combined,79,1474,0.04,137.85074274744076,36
2011,fsh_len,Sex combined,81,1474,0.0346,137.85074274744076,36
2011,fsh_len,Sex combined,83,1474,0.0305,137.85074274744076,36
2011,fsh_len,Sex combined,85,1474,0.0149,137.85074274744076,36
2011,fsh_len,Sex combined,87,1474,0.0176,137.85074274744076,36
2011,fsh_len,Sex combined,89,1474,0.0109,137.85074274744076,36
2011,fsh_len,Sex combined,91,1474,0.0068,137.85074274744076,36
2011,fsh_len,Sex combined,93,1474,0.0075,137.85074274744076,36
2011,fsh_len,Sex combined,95,1474,7e-4,137.85074274744076,36
2011,fsh_len,Sex combined,97,1474,0.0014,137.85074274744076,36
2011,fsh_len,Sex combined,99,1474,0.0041,137.85074274744076,36
2012,fsh_len,Female,41,932,0,137.85074274744076,37
2012,fsh_len,Female,43,932,0,137.85074274744076,37
2012,fsh_len,Female,45,932,0,137.85074274744076,37
2012,fsh_len,Female,47,932,0,137.85074274744076,37
2012,fsh_len,Female,49,932,0,137.85074274744076,37
2012,fsh_len,Female,51,932,0,137.85074274744076,37
2012,fsh_len,Female,53,932,0,137.85074274744076,37
2012,fsh_len,Female,55,932,0.007511,137.85074274744076,37
2012,fsh_len,Female,57,932,0.005365,137.85074274744076,37
2012,fsh_len,Female,59,932,0.011803,137.85074274744076,37
2012,fsh_len,Female,61,932,0.019313,137.85074274744076,37
2012,fsh_len,Female,63,932,0.0397,137.85074274744076,37
2012,fsh_len,Female,65,932,0.042918,137.85074274744076,37
2012,fsh_len,Female,67,932,0.077253,137.85074274744076,37
2012,fsh_len,Female,69,932,0.097639,137.85074274744076,37
2012,fsh_len,Female,71,932,0.130901,137.85074274744076,37
2012,fsh_len,Female,73,932,0.119099,137.85074274744076,37
2012,fsh_len,Female,75,932,0.109442,137.85074274744076,37
2012,fsh_len,Female,77,932,0.092275,137.85074274744076,37
2012,fsh_len,Female,79,932,0.083691,137.85074274744076,37
2012,fsh_len,Female,81,932,0.054721,137.85074274744076,37
2012,fsh_len,Female,83,932,0.036481,137.85074274744076,37
2012,fsh_len,Female,85,932,0.027897,137.85074274744076,37
2012,fsh_len,Female,87,932,0.016094,137.85074274744076,37
2012,fsh_len,Female,89,932,0.008584,137.85074274744076,37
2012,fsh_len,Female,91,932,0.009657,137.85074274744076,37
2012,fsh_len,Female,93,932,0.003219,137.85074274744076,37
2012,fsh_len,Female,95,932,0.005365,137.85074274744076,37
2012,fsh_len,Female,97,932,0.001073,137.85074274744076,37
2012,fsh_len,Female,99,932,0,137.85074274744076,37
2012,fsh_len,Male,41,605,0,115.14594980668966,37
2012,fsh_len,Male,43,605,0,115.14594980668966,37
2012,fsh_len,Male,45,605,0,115.14594980668966,37
2012,fsh_len,Male,47,605,0,115.14594980668966,37
2012,fsh_len,Male,49,605,0,115.14594980668966,37
2012,fsh_len,Male,51,605,0,115.14594980668966,37
2012,fsh_len,Male,53,605,0.003306,115.14594980668966,37
2012,fsh_len,Male,55,605,0.009917,115.14594980668966,37
2012,fsh_len,Male,57,605,0.019835,115.14594980668966,37
2012,fsh_len,Male,59,605,0.052893,115.14594980668966,37
2012,fsh_len,Male,61,605,0.094215,115.14594980668966,37
2012,fsh_len,Male,63,605,0.142149,115.14594980668966,37
2012,fsh_len,Male,65,605,0.175207,115.14594980668966,37
2012,fsh_len,Male,67,605,0.183471,115.14594980668966,37
2012,fsh_len,Male,69,605,0.130579,115.14594980668966,37
2012,fsh_len,Male,71,605,0.100826,115.14594980668966,37
2012,fsh_len,Male,73,605,0.036364,115.14594980668966,37
2012,fsh_len,Male,75,605,0.029752,115.14594980668966,37
2012,fsh_len,Male,77,605,0.013223,115.14594980668966,37
2012,fsh_len,Male,79,605,0.001653,115.14594980668966,37
2012,fsh_len,Male,81,605,0.001653,115.14594980668966,37
2012,fsh_len,Male,83,605,0.001653,115.14594980668966,37
2012,fsh_len,Male,85,605,0.001653,115.14594980668966,37
2012,fsh_len,Male,87,605,0,115.14594980668966,37
2012,fsh_len,Male,89,605,0,115.14594980668966,37
2012,fsh_len,Male,91,605,0.001653,115.14594980668966,37
2012,fsh_len,Male,93,605,0,115.14594980668966,37
2012,fsh_len,Male,95,605,0,115.14594980668966,37
2012,fsh_len,Male,97,605,0,115.14594980668966,37
2012,fsh_len,Male,99,605,0,115.14594980668966,37
2012,fsh_len,Sex combined,41,1537,0,137.85074274744076,37
2012,fsh_len,Sex combined,43,1537,0,137.85074274744076,37
2012,fsh_len,Sex combined,45,1537,0,137.85074274744076,37
2012,fsh_len,Sex combined,47,1537,0,137.85074274744076,37
2012,fsh_len,Sex combined,49,1537,0,137.85074274744076,37
2012,fsh_len,Sex combined,51,1537,0,137.85074274744076,37
2012,fsh_len,Sex combined,53,1537,0.0013,137.85074274744076,37
2012,fsh_len,Sex combined,55,1537,0.0085,137.85074274744076,37
2012,fsh_len,Sex combined,57,1537,0.0111,137.85074274744076,37
2012,fsh_len,Sex combined,59,1537,0.028,137.85074274744076,37
2012,fsh_len,Sex combined,61,1537,0.0488,137.85074274744076,37
2012,fsh_len,Sex combined,63,1537,0.08,137.85074274744076,37
2012,fsh_len,Sex combined,65,1537,0.095,137.85074274744076,37
2012,fsh_len,Sex combined,67,1537,0.1191,137.85074274744076,37
2012,fsh_len,Sex combined,69,1537,0.1106,137.85074274744076,37
2012,fsh_len,Sex combined,71,1537,0.1191,137.85074274744076,37
2012,fsh_len,Sex combined,73,1537,0.0865,137.85074274744076,37
2012,fsh_len,Sex combined,75,1537,0.0781,137.85074274744076,37
2012,fsh_len,Sex combined,77,1537,0.0612,137.85074274744076,37
2012,fsh_len,Sex combined,79,1537,0.0514,137.85074274744076,37
2012,fsh_len,Sex combined,81,1537,0.0338,137.85074274744076,37
2012,fsh_len,Sex combined,83,1537,0.0228,137.85074274744076,37
2012,fsh_len,Sex combined,85,1537,0.0176,137.85074274744076,37
2012,fsh_len,Sex combined,87,1537,0.0098,137.85074274744076,37
2012,fsh_len,Sex combined,89,1537,0.0052,137.85074274744076,37
2012,fsh_len,Sex combined,91,1537,0.0065,137.85074274744076,37
2012,fsh_len,Sex combined,93,1537,0.002,137.85074274744076,37
2012,fsh_len,Sex combined,95,1537,0.0033,137.85074274744076,37
2012,fsh_len,Sex combined,97,1537,7e-4,137.85074274744076,37
2012,fsh_len,Sex combined,99,1537,0,137.85074274744076,37
2013,fsh_len,Female,41,716,0,137.85074274744076,38
2013,fsh_len,Female,43,716,0,137.85074274744076,38
2013,fsh_len,Female,45,716,0,137.85074274744076,38
2013,fsh_len,Female,47,716,0,137.85074274744076,38
2013,fsh_len,Female,49,716,0,137.85074274744076,38
2013,fsh_len,Female,51,716,0.001397,137.85074274744076,38
2013,fsh_len,Female,53,716,0.001397,137.85074274744076,38
2013,fsh_len,Female,55,716,0.009777,137.85074274744076,38
2013,fsh_len,Female,57,716,0.015363,137.85074274744076,38
2013,fsh_len,Female,59,716,0.022346,137.85074274744076,38
2013,fsh_len,Female,61,716,0.02933,137.85074274744076,38
2013,fsh_len,Female,63,716,0.053073,137.85074274744076,38
2013,fsh_len,Female,65,716,0.060056,137.85074274744076,38
2013,fsh_len,Female,67,716,0.076816,137.85074274744076,38
2013,fsh_len,Female,69,716,0.090782,137.85074274744076,38
2013,fsh_len,Female,71,716,0.117318,137.85074274744076,38
2013,fsh_len,Female,73,716,0.100559,137.85074274744076,38
2013,fsh_len,Female,75,716,0.086592,137.85074274744076,38
2013,fsh_len,Female,77,716,0.085196,137.85074274744076,38
2013,fsh_len,Female,79,716,0.055866,137.85074274744076,38
2013,fsh_len,Female,81,716,0.060056,137.85074274744076,38
2013,fsh_len,Female,83,716,0.039106,137.85074274744076,38
2013,fsh_len,Female,85,716,0.019553,137.85074274744076,38
2013,fsh_len,Female,87,716,0.02933,137.85074274744076,38
2013,fsh_len,Female,89,716,0.013966,137.85074274744076,38
2013,fsh_len,Female,91,716,0.013966,137.85074274744076,38
2013,fsh_len,Female,93,716,0.00419,137.85074274744076,38
2013,fsh_len,Female,95,716,0.006983,137.85074274744076,38
2013,fsh_len,Female,97,716,0.00419,137.85074274744076,38
2013,fsh_len,Female,99,716,0.002793,137.85074274744076,38
2013,fsh_len,Male,41,682,0,115.14594980668966,38
2013,fsh_len,Male,43,682,0,115.14594980668966,38
2013,fsh_len,Male,45,682,0,115.14594980668966,38
2013,fsh_len,Male,47,682,0,115.14594980668966,38
2013,fsh_len,Male,49,682,0.001466,115.14594980668966,38
2013,fsh_len,Male,51,682,0.004399,115.14594980668966,38
2013,fsh_len,Male,53,682,0.008798,115.14594980668966,38
2013,fsh_len,Male,55,682,0.021994,115.14594980668966,38
2013,fsh_len,Male,57,682,0.024927,115.14594980668966,38
2013,fsh_len,Male,59,682,0.058651,115.14594980668966,38
2013,fsh_len,Male,61,682,0.087977,115.14594980668966,38
2013,fsh_len,Male,63,682,0.18915,115.14594980668966,38
2013,fsh_len,Male,65,682,0.171554,115.14594980668966,38
2013,fsh_len,Male,67,682,0.178886,115.14594980668966,38
2013,fsh_len,Male,69,682,0.099707,115.14594980668966,38
2013,fsh_len,Male,71,682,0.067449,115.14594980668966,38
2013,fsh_len,Male,73,682,0.033724,115.14594980668966,38
2013,fsh_len,Male,75,682,0.027859,115.14594980668966,38
2013,fsh_len,Male,77,682,0.013196,115.14594980668966,38
2013,fsh_len,Male,79,682,0.004399,115.14594980668966,38
2013,fsh_len,Male,81,682,0.001466,115.14594980668966,38
2013,fsh_len,Male,83,682,0.001466,115.14594980668966,38
2013,fsh_len,Male,85,682,0.001466,115.14594980668966,38
2013,fsh_len,Male,87,682,0.001466,115.14594980668966,38
2013,fsh_len,Male,89,682,0,115.14594980668966,38
2013,fsh_len,Male,91,682,0,115.14594980668966,38
2013,fsh_len,Male,93,682,0,115.14594980668966,38
2013,fsh_len,Male,95,682,0,115.14594980668966,38
2013,fsh_len,Male,97,682,0,115.14594980668966,38
2013,fsh_len,Male,99,682,0,115.14594980668966,38
2013,fsh_len,Sex combined,41,1398,0,137.85074274744076,38
2013,fsh_len,Sex combined,43,1398,0,137.85074274744076,38
2013,fsh_len,Sex combined,45,1398,0,137.85074274744076,38
2013,fsh_len,Sex combined,47,1398,0,137.85074274744076,38
2013,fsh_len,Sex combined,49,1398,7e-4,137.85074274744076,38
2013,fsh_len,Sex combined,51,1398,0.0029,137.85074274744076,38
2013,fsh_len,Sex combined,53,1398,0.005,137.85074274744076,38
2013,fsh_len,Sex combined,55,1398,0.0157,137.85074274744076,38
2013,fsh_len,Sex combined,57,1398,0.02,137.85074274744076,38
2013,fsh_len,Sex combined,59,1398,0.0401,137.85074274744076,38
2013,fsh_len,Sex combined,61,1398,0.0579,137.85074274744076,38
2013,fsh_len,Sex combined,63,1398,0.1195,137.85074274744076,38
2013,fsh_len,Sex combined,65,1398,0.1144,137.85074274744076,38
2013,fsh_len,Sex combined,67,1398,0.1266,137.85074274744076,38
2013,fsh_len,Sex combined,69,1398,0.0951,137.85074274744076,38
2013,fsh_len,Sex combined,71,1398,0.093,137.85074274744076,38
2013,fsh_len,Sex combined,73,1398,0.068,137.85074274744076,38
2013,fsh_len,Sex combined,75,1398,0.0579,137.85074274744076,38
2013,fsh_len,Sex combined,77,1398,0.0501,137.85074274744076,38
2013,fsh_len,Sex combined,79,1398,0.0308,137.85074274744076,38
2013,fsh_len,Sex combined,81,1398,0.0315,137.85074274744076,38
2013,fsh_len,Sex combined,83,1398,0.0207,137.85074274744076,38
2013,fsh_len,Sex combined,85,1398,0.0107,137.85074274744076,38
2013,fsh_len,Sex combined,87,1398,0.0157,137.85074274744076,38
2013,fsh_len,Sex combined,89,1398,0.0072,137.85074274744076,38
2013,fsh_len,Sex combined,91,1398,0.0072,137.85074274744076,38
2013,fsh_len,Sex combined,93,1398,0.0021,137.85074274744076,38
2013,fsh_len,Sex combined,95,1398,0.0036,137.85074274744076,38
2013,fsh_len,Sex combined,97,1398,0.0021,137.85074274744076,38
2013,fsh_len,Sex combined,99,1398,0.0014,137.85074274744076,38
2014,fsh_len,Female,41,786,0,137.85074274744076,39
2014,fsh_len,Female,43,786,0,137.85074274744076,39
2014,fsh_len,Female,45,786,0,137.85074274744076,39
2014,fsh_len,Female,47,786,0,137.85074274744076,39
2014,fsh_len,Female,49,786,0.001272,137.85074274744076,39
2014,fsh_len,Female,51,786,0.001272,137.85074274744076,39
2014,fsh_len,Female,53,786,0.001272,137.85074274744076,39
2014,fsh_len,Female,55,786,0.007634,137.85074274744076,39
2014,fsh_len,Female,57,786,0.007634,137.85074274744076,39
2014,fsh_len,Female,59,786,0.007634,137.85074274744076,39
2014,fsh_len,Female,61,786,0.021628,137.85074274744076,39
2014,fsh_len,Female,63,786,0.045802,137.85074274744076,39
2014,fsh_len,Female,65,786,0.045802,137.85074274744076,39
2014,fsh_len,Female,67,786,0.063613,137.85074274744076,39
2014,fsh_len,Female,69,786,0.077608,137.85074274744076,39
2014,fsh_len,Female,71,786,0.100509,137.85074274744076,39
2014,fsh_len,Female,73,786,0.115776,137.85074274744076,39
2014,fsh_len,Female,75,786,0.100509,137.85074274744076,39
2014,fsh_len,Female,77,786,0.083969,137.85074274744076,39
2014,fsh_len,Female,79,786,0.069975,137.85074274744076,39
2014,fsh_len,Female,81,786,0.062341,137.85074274744076,39
2014,fsh_len,Female,83,786,0.045802,137.85074274744076,39
2014,fsh_len,Female,85,786,0.045802,137.85074274744076,39
2014,fsh_len,Female,87,786,0.026718,137.85074274744076,39
2014,fsh_len,Female,89,786,0.02799,137.85074274744076,39
2014,fsh_len,Female,91,786,0.019084,137.85074274744076,39
2014,fsh_len,Female,93,786,0.005089,137.85074274744076,39
2014,fsh_len,Female,95,786,0.005089,137.85074274744076,39
2014,fsh_len,Female,97,786,0.003817,137.85074274744076,39
2014,fsh_len,Female,99,786,0.006361,137.85074274744076,39
2014,fsh_len,Male,41,568,0,115.14594980668966,39
2014,fsh_len,Male,43,568,0,115.14594980668966,39
2014,fsh_len,Male,45,568,0,115.14594980668966,39
2014,fsh_len,Male,47,568,0,115.14594980668966,39
2014,fsh_len,Male,49,568,0,115.14594980668966,39
2014,fsh_len,Male,51,568,0,115.14594980668966,39
2014,fsh_len,Male,53,568,0.001761,115.14594980668966,39
2014,fsh_len,Male,55,568,0.003521,115.14594980668966,39
2014,fsh_len,Male,57,568,0.010563,115.14594980668966,39
2014,fsh_len,Male,59,568,0.036972,115.14594980668966,39
2014,fsh_len,Male,61,568,0.09331,115.14594980668966,39
2014,fsh_len,Male,63,568,0.139085,115.14594980668966,39
2014,fsh_len,Male,65,568,0.174296,115.14594980668966,39
2014,fsh_len,Male,67,568,0.172535,115.14594980668966,39
2014,fsh_len,Male,69,568,0.146127,115.14594980668966,39
2014,fsh_len,Male,71,568,0.09331,115.14594980668966,39
2014,fsh_len,Male,73,568,0.059859,115.14594980668966,39
2014,fsh_len,Male,75,568,0.035211,115.14594980668966,39
2014,fsh_len,Male,77,568,0.015845,115.14594980668966,39
2014,fsh_len,Male,79,568,0.008803,115.14594980668966,39
2014,fsh_len,Male,81,568,0,115.14594980668966,39
2014,fsh_len,Male,83,568,0.003521,115.14594980668966,39
2014,fsh_len,Male,85,568,0,115.14594980668966,39
2014,fsh_len,Male,87,568,0.001761,115.14594980668966,39
2014,fsh_len,Male,89,568,0.001761,115.14594980668966,39
2014,fsh_len,Male,91,568,0,115.14594980668966,39
2014,fsh_len,Male,93,568,0,115.14594980668966,39
2014,fsh_len,Male,95,568,0.001761,115.14594980668966,39
2014,fsh_len,Male,97,568,0,115.14594980668966,39
2014,fsh_len,Male,99,568,0,115.14594980668966,39
2014,fsh_len,Sex combined,41,1354,0,137.85074274744076,39
2014,fsh_len,Sex combined,43,1354,0,137.85074274744076,39
2014,fsh_len,Sex combined,45,1354,0,137.85074274744076,39
2014,fsh_len,Sex combined,47,1354,0,137.85074274744076,39
2014,fsh_len,Sex combined,49,1354,7e-4,137.85074274744076,39
2014,fsh_len,Sex combined,51,1354,7e-4,137.85074274744076,39
2014,fsh_len,Sex combined,53,1354,0.0015,137.85074274744076,39
2014,fsh_len,Sex combined,55,1354,0.0059,137.85074274744076,39
2014,fsh_len,Sex combined,57,1354,0.0089,137.85074274744076,39
2014,fsh_len,Sex combined,59,1354,0.0199,137.85074274744076,39
2014,fsh_len,Sex combined,61,1354,0.0517,137.85074274744076,39
2014,fsh_len,Sex combined,63,1354,0.0849,137.85074274744076,39
2014,fsh_len,Sex combined,65,1354,0.0997,137.85074274744076,39
2014,fsh_len,Sex combined,67,1354,0.1093,137.85074274744076,39
2014,fsh_len,Sex combined,69,1354,0.1064,137.85074274744076,39
2014,fsh_len,Sex combined,71,1354,0.0975,137.85074274744076,39
2014,fsh_len,Sex combined,73,1354,0.0923,137.85074274744076,39
2014,fsh_len,Sex combined,75,1354,0.0731,137.85074274744076,39
2014,fsh_len,Sex combined,77,1354,0.0554,137.85074274744076,39
2014,fsh_len,Sex combined,79,1354,0.0443,137.85074274744076,39
2014,fsh_len,Sex combined,81,1354,0.0362,137.85074274744076,39
2014,fsh_len,Sex combined,83,1354,0.0281,137.85074274744076,39
2014,fsh_len,Sex combined,85,1354,0.0266,137.85074274744076,39
2014,fsh_len,Sex combined,87,1354,0.0162,137.85074274744076,39
2014,fsh_len,Sex combined,89,1354,0.017,137.85074274744076,39
2014,fsh_len,Sex combined,91,1354,0.0111,137.85074274744076,39
2014,fsh_len,Sex combined,93,1354,0.003,137.85074274744076,39
2014,fsh_len,Sex combined,95,1354,0.0037,137.85074274744076,39
2014,fsh_len,Sex combined,97,1354,0.0022,137.85074274744076,39
2014,fsh_len,Sex combined,99,1354,0.0037,137.85074274744076,39
2015,fsh_len,Female,41,758,0,137.85074274744076,40
2015,fsh_len,Female,43,758,0,137.85074274744076,40
2015,fsh_len,Female,45,758,0,137.85074274744076,40
2015,fsh_len,Female,47,758,0.001319,137.85074274744076,40
2015,fsh_len,Female,49,758,0,137.85074274744076,40
2015,fsh_len,Female,51,758,0.002639,137.85074274744076,40
2015,fsh_len,Female,53,758,0.010554,137.85074274744076,40
2015,fsh_len,Female,55,758,0.003958,137.85074274744076,40
2015,fsh_len,Female,57,758,0.011873,137.85074274744076,40
2015,fsh_len,Female,59,758,0.009235,137.85074274744076,40
2015,fsh_len,Female,61,758,0.014512,137.85074274744076,40
2015,fsh_len,Female,63,758,0.038259,137.85074274744076,40
2015,fsh_len,Female,65,758,0.058047,137.85074274744076,40
2015,fsh_len,Female,67,758,0.080475,137.85074274744076,40
2015,fsh_len,Female,69,758,0.108179,137.85074274744076,40
2015,fsh_len,Female,71,758,0.080475,137.85074274744076,40
2015,fsh_len,Female,73,758,0.094987,137.85074274744076,40
2015,fsh_len,Female,75,758,0.091029,137.85074274744076,40
2015,fsh_len,Female,77,758,0.064644,137.85074274744076,40
2015,fsh_len,Female,79,758,0.064644,137.85074274744076,40
2015,fsh_len,Female,81,758,0.083113,137.85074274744076,40
2015,fsh_len,Female,83,758,0.050132,137.85074274744076,40
2015,fsh_len,Female,85,758,0.043536,137.85074274744076,40
2015,fsh_len,Female,87,758,0.029024,137.85074274744076,40
2015,fsh_len,Female,89,758,0.010554,137.85074274744076,40
2015,fsh_len,Female,91,758,0.023747,137.85074274744076,40
2015,fsh_len,Female,93,758,0.003958,137.85074274744076,40
2015,fsh_len,Female,95,758,0.006596,137.85074274744076,40
2015,fsh_len,Female,97,758,0.003958,137.85074274744076,40
2015,fsh_len,Female,99,758,0.010554,137.85074274744076,40
2015,fsh_len,Male,41,451,0,115.14594980668966,40
2015,fsh_len,Male,43,451,0,115.14594980668966,40
2015,fsh_len,Male,45,451,0,115.14594980668966,40
2015,fsh_len,Male,47,451,0,115.14594980668966,40
2015,fsh_len,Male,49,451,0,115.14594980668966,40
2015,fsh_len,Male,51,451,0.002217,115.14594980668966,40
2015,fsh_len,Male,53,451,0.002217,115.14594980668966,40
2015,fsh_len,Male,55,451,0.004435,115.14594980668966,40
2015,fsh_len,Male,57,451,0.026608,115.14594980668966,40
2015,fsh_len,Male,59,451,0.039911,115.14594980668966,40
2015,fsh_len,Male,61,451,0.066519,115.14594980668966,40
2015,fsh_len,Male,63,451,0.119734,115.14594980668966,40
2015,fsh_len,Male,65,451,0.148559,115.14594980668966,40
2015,fsh_len,Male,67,451,0.18847,115.14594980668966,40
2015,fsh_len,Male,69,451,0.13969,115.14594980668966,40
2015,fsh_len,Male,71,451,0.115299,115.14594980668966,40
2015,fsh_len,Male,73,451,0.064302,115.14594980668966,40
2015,fsh_len,Male,75,451,0.026608,115.14594980668966,40
2015,fsh_len,Male,77,451,0.02217299999999999,115.14594980668966,40
2015,fsh_len,Male,79,451,0.013304,115.14594980668966,40
2015,fsh_len,Male,81,451,0.008869,115.14594980668966,40
2015,fsh_len,Male,83,451,0.002217,115.14594980668966,40
2015,fsh_len,Male,85,451,0,115.14594980668966,40
2015,fsh_len,Male,87,451,0.006652,115.14594980668966,40
2015,fsh_len,Male,89,451,0,115.14594980668966,40
2015,fsh_len,Male,91,451,0,115.14594980668966,40
2015,fsh_len,Male,93,451,0,115.14594980668966,40
2015,fsh_len,Male,95,451,0.002217,115.14594980668966,40
2015,fsh_len,Male,97,451,0,115.14594980668966,40
2015,fsh_len,Male,99,451,0,115.14594980668966,40
2015,fsh_len,Sex combined,41,1209,0,137.85074274744076,40
2015,fsh_len,Sex combined,43,1209,0,137.85074274744076,40
2015,fsh_len,Sex combined,45,1209,0,137.85074274744076,40
2015,fsh_len,Sex combined,47,1209,8e-4,137.85074274744076,40
2015,fsh_len,Sex combined,49,1209,0,137.85074274744076,40
2015,fsh_len,Sex combined,51,1209,0.0025,137.85074274744076,40
2015,fsh_len,Sex combined,53,1209,0.0074,137.85074274744076,40
2015,fsh_len,Sex combined,55,1209,0.0041,137.85074274744076,40
2015,fsh_len,Sex combined,57,1209,0.0174,137.85074274744076,40
2015,fsh_len,Sex combined,59,1209,0.0207,137.85074274744076,40
2015,fsh_len,Sex combined,61,1209,0.0339,137.85074274744076,40
2015,fsh_len,Sex combined,63,1209,0.0687,137.85074274744076,40
2015,fsh_len,Sex combined,65,1209,0.0918,137.85074274744076,40
2015,fsh_len,Sex combined,67,1209,0.1208,137.85074274744076,40
2015,fsh_len,Sex combined,69,1209,0.1199,137.85074274744076,40
2015,fsh_len,Sex combined,71,1209,0.0935,137.85074274744076,40
2015,fsh_len,Sex combined,73,1209,0.0835,137.85074274744076,40
2015,fsh_len,Sex combined,75,1209,0.067,137.85074274744076,40
2015,fsh_len,Sex combined,77,1209,0.0488,137.85074274744076,40
2015,fsh_len,Sex combined,79,1209,0.0455,137.85074274744076,40
2015,fsh_len,Sex combined,81,1209,0.0554,137.85074274744076,40
2015,fsh_len,Sex combined,83,1209,0.0323,137.85074274744076,40
2015,fsh_len,Sex combined,85,1209,0.0273,137.85074274744076,40
2015,fsh_len,Sex combined,87,1209,0.0207,137.85074274744076,40
2015,fsh_len,Sex combined,89,1209,0.0066,137.85074274744076,40
2015,fsh_len,Sex combined,91,1209,0.0149,137.85074274744076,40
2015,fsh_len,Sex combined,93,1209,0.0025,137.85074274744076,40
2015,fsh_len,Sex combined,95,1209,0.005,137.85074274744076,40
2015,fsh_len,Sex combined,97,1209,0.0025,137.85074274744076,40
2015,fsh_len,Sex combined,99,1209,0.0066,137.85074274744076,40
2016,fsh_len,Female,41,930,0,137.85074274744076,41
2016,fsh_len,Female,43,930,0,137.85074274744076,41
2016,fsh_len,Female,45,930,0,137.85074274744076,41
2016,fsh_len,Female,47,930,0.001075,137.85074274744076,41
2016,fsh_len,Female,49,930,0,137.85074274744076,41
2016,fsh_len,Female,51,930,0,137.85074274744076,41
2016,fsh_len,Female,53,930,0.003226,137.85074274744076,41
2016,fsh_len,Female,55,930,0.005376,137.85074274744076,41
2016,fsh_len,Female,57,930,0.004301,137.85074274744076,41
2016,fsh_len,Female,59,930,0.012903,137.85074274744076,41
2016,fsh_len,Female,61,930,0.016129,137.85074274744076,41
2016,fsh_len,Female,63,930,0.031183,137.85074274744076,41
2016,fsh_len,Female,65,930,0.063441,137.85074274744076,41
2016,fsh_len,Female,67,930,0.056989,137.85074274744076,41
2016,fsh_len,Female,69,930,0.077419,137.85074274744076,41
2016,fsh_len,Female,71,930,0.088172,137.85074274744076,41
2016,fsh_len,Female,73,930,0.093548,137.85074274744076,41
2016,fsh_len,Female,75,930,0.082796,137.85074274744076,41
2016,fsh_len,Female,77,930,0.072043,137.85074274744076,41
2016,fsh_len,Female,79,930,0.075269,137.85074274744076,41
2016,fsh_len,Female,81,930,0.074194,137.85074274744076,41
2016,fsh_len,Female,83,930,0.056989,137.85074274744076,41
2016,fsh_len,Female,85,930,0.050538,137.85074274744076,41
2016,fsh_len,Female,87,930,0.047312,137.85074274744076,41
2016,fsh_len,Female,89,930,0.023656,137.85074274744076,41
2016,fsh_len,Female,91,930,0.01828,137.85074274744076,41
2016,fsh_len,Female,93,930,0.013978,137.85074274744076,41
2016,fsh_len,Female,95,930,0.008602,137.85074274744076,41
2016,fsh_len,Female,97,930,0.010753,137.85074274744076,41
2016,fsh_len,Female,99,930,0.011828,137.85074274744076,41
2016,fsh_len,Male,41,518,0,115.14594980668966,41
2016,fsh_len,Male,43,518,0.001931,115.14594980668966,41
2016,fsh_len,Male,45,518,0.001931,115.14594980668966,41
2016,fsh_len,Male,47,518,0,115.14594980668966,41
2016,fsh_len,Male,49,518,0,115.14594980668966,41
2016,fsh_len,Male,51,518,0.013514,115.14594980668966,41
2016,fsh_len,Male,53,518,0.005792,115.14594980668966,41
2016,fsh_len,Male,55,518,0.015444,115.14594980668966,41
2016,fsh_len,Male,57,518,0.009653,115.14594980668966,41
2016,fsh_len,Male,59,518,0.034749,115.14594980668966,41
2016,fsh_len,Male,61,518,0.088803000000000007,115.14594980668966,41
2016,fsh_len,Male,63,518,0.138996,115.14594980668966,41
2016,fsh_len,Male,65,518,0.156371,115.14594980668966,41
2016,fsh_len,Male,67,518,0.167954,115.14594980668966,41
2016,fsh_len,Male,69,518,0.135135,115.14594980668966,41
2016,fsh_len,Male,71,518,0.1139,115.14594980668966,41
2016,fsh_len,Male,73,518,0.050193,115.14594980668966,41
2016,fsh_len,Male,75,518,0.028958,115.14594980668966,41
2016,fsh_len,Male,77,518,0.017375,115.14594980668966,41
2016,fsh_len,Male,79,518,0.005792,115.14594980668966,41
2016,fsh_len,Male,81,518,0.005792,115.14594980668966,41
2016,fsh_len,Male,83,518,0.003861,115.14594980668966,41
2016,fsh_len,Male,85,518,0.003861,115.14594980668966,41
2016,fsh_len,Male,87,518,0,115.14594980668966,41
2016,fsh_len,Male,89,518,0,115.14594980668966,41
2016,fsh_len,Male,91,518,0,115.14594980668966,41
2016,fsh_len,Male,93,518,0,115.14594980668966,41
2016,fsh_len,Male,95,518,0,115.14594980668966,41
2016,fsh_len,Male,97,518,0,115.14594980668966,41
2016,fsh_len,Male,99,518,0,115.14594980668966,41
2016,fsh_len,Sex combined,41,1448,0,137.85074274744076,41
2016,fsh_len,Sex combined,43,1448,7e-4,137.85074274744076,41
2016,fsh_len,Sex combined,45,1448,7e-4,137.85074274744076,41
2016,fsh_len,Sex combined,47,1448,7e-4,137.85074274744076,41
2016,fsh_len,Sex combined,49,1448,0,137.85074274744076,41
2016,fsh_len,Sex combined,51,1448,0.0048,137.85074274744076,41
2016,fsh_len,Sex combined,53,1448,0.0041,137.85074274744076,41
2016,fsh_len,Sex combined,55,1448,0.009,137.85074274744076,41
2016,fsh_len,Sex combined,57,1448,0.0062,137.85074274744076,41
2016,fsh_len,Sex combined,59,1448,0.0207,137.85074274744076,41
2016,fsh_len,Sex combined,61,1448,0.0421,137.85074274744076,41
2016,fsh_len,Sex combined,63,1448,0.0698,137.85074274744076,41
2016,fsh_len,Sex combined,65,1448,0.0967,137.85074274744076,41
2016,fsh_len,Sex combined,67,1448,0.0967,137.85074274744076,41
2016,fsh_len,Sex combined,69,1448,0.0981,137.85074274744076,41
2016,fsh_len,Sex combined,71,1448,0.0974,137.85074274744076,41
2016,fsh_len,Sex combined,73,1448,0.078,137.85074274744076,41
2016,fsh_len,Sex combined,75,1448,0.0635,137.85074274744076,41
2016,fsh_len,Sex combined,77,1448,0.0525,137.85074274744076,41
2016,fsh_len,Sex combined,79,1448,0.0504,137.85074274744076,41
2016,fsh_len,Sex combined,81,1448,0.0497,137.85074274744076,41
2016,fsh_len,Sex combined,83,1448,0.038,137.85074274744076,41
2016,fsh_len,Sex combined,85,1448,0.0338,137.85074274744076,41
2016,fsh_len,Sex combined,87,1448,0.0304,137.85074274744076,41
2016,fsh_len,Sex combined,89,1448,0.0152,137.85074274744076,41
2016,fsh_len,Sex combined,91,1448,0.0117,137.85074274744076,41
2016,fsh_len,Sex combined,93,1448,0.009,137.85074274744076,41
2016,fsh_len,Sex combined,95,1448,0.0055,137.85074274744076,41
2016,fsh_len,Sex combined,97,1448,0.0069,137.85074274744076,41
2016,fsh_len,Sex combined,99,1448,0.0076,137.85074274744076,41
2017,fsh_len,Female,41,840,0,137.85074274744076,42
2017,fsh_len,Female,43,840,0,137.85074274744076,42
2017,fsh_len,Female,45,840,0,137.85074274744076,42
2017,fsh_len,Female,47,840,0.00119,137.85074274744076,42
2017,fsh_len,Female,49,840,0.002381,137.85074274744076,42
2017,fsh_len,Female,51,840,0.005952,137.85074274744076,42
2017,fsh_len,Female,53,840,0.011905,137.85074274744076,42
2017,fsh_len,Female,55,840,0.014286,137.85074274744076,42
2017,fsh_len,Female,57,840,0.027381,137.85074274744076,42
2017,fsh_len,Female,59,840,0.020238,137.85074274744076,42
2017,fsh_len,Female,61,840,0.039286,137.85074274744076,42
2017,fsh_len,Female,63,840,0.029762,137.85074274744076,42
2017,fsh_len,Female,65,840,0.036905,137.85074274744076,42
2017,fsh_len,Female,67,840,0.061905,137.85074274744076,42
2017,fsh_len,Female,69,840,0.058333,137.85074274744076,42
2017,fsh_len,Female,71,840,0.085714,137.85074274744076,42
2017,fsh_len,Female,73,840,0.060714,137.85074274744076,42
2017,fsh_len,Female,75,840,0.065476,137.85074274744076,42
2017,fsh_len,Female,77,840,0.07619,137.85074274744076,42
2017,fsh_len,Female,79,840,0.078571,137.85074274744076,42
2017,fsh_len,Female,81,840,0.059524,137.85074274744076,42
2017,fsh_len,Female,83,840,0.070238,137.85074274744076,42
2017,fsh_len,Female,85,840,0.067857,137.85074274744076,42
2017,fsh_len,Female,87,840,0.033333,137.85074274744076,42
2017,fsh_len,Female,89,840,0.022619,137.85074274744076,42
2017,fsh_len,Female,91,840,0.021429,137.85074274744076,42
2017,fsh_len,Female,93,840,0.019048,137.85074274744076,42
2017,fsh_len,Female,95,840,0.014286,137.85074274744076,42
2017,fsh_len,Female,97,840,0.003571,137.85074274744076,42
2017,fsh_len,Female,99,840,0.011905,137.85074274744076,42
2017,fsh_len,Male,41,602,0,115.14594980668966,42
2017,fsh_len,Male,43,602,0,115.14594980668966,42
2017,fsh_len,Male,45,602,0,115.14594980668966,42
2017,fsh_len,Male,47,602,0.004983,115.14594980668966,42
2017,fsh_len,Male,49,602,0.001661,115.14594980668966,42
2017,fsh_len,Male,51,602,0.001661,115.14594980668966,42
2017,fsh_len,Male,53,602,0.011628,115.14594980668966,42
2017,fsh_len,Male,55,602,0.021595,115.14594980668966,42
2017,fsh_len,Male,57,602,0.024917,115.14594980668966,42
2017,fsh_len,Male,59,602,0.043189,115.14594980668966,42
2017,fsh_len,Male,61,602,0.071429,115.14594980668966,42
2017,fsh_len,Male,63,602,0.137874,115.14594980668966,42
2017,fsh_len,Male,65,602,0.159468,115.14594980668966,42
2017,fsh_len,Male,67,602,0.174419,115.14594980668966,42
2017,fsh_len,Male,69,602,0.129568,115.14594980668966,42
2017,fsh_len,Male,71,602,0.096346,115.14594980668966,42
2017,fsh_len,Male,73,602,0.056478,115.14594980668966,42
2017,fsh_len,Male,75,602,0.028239,115.14594980668966,42
2017,fsh_len,Male,77,602,0.021595,115.14594980668966,42
2017,fsh_len,Male,79,602,0.009967,115.14594980668966,42
2017,fsh_len,Male,81,602,0.004983,115.14594980668966,42
2017,fsh_len,Male,83,602,0,115.14594980668966,42
2017,fsh_len,Male,85,602,0,115.14594980668966,42
2017,fsh_len,Male,87,602,0,115.14594980668966,42
2017,fsh_len,Male,89,602,0,115.14594980668966,42
2017,fsh_len,Male,91,602,0,115.14594980668966,42
2017,fsh_len,Male,93,602,0,115.14594980668966,42
2017,fsh_len,Male,95,602,0,115.14594980668966,42
2017,fsh_len,Male,97,602,0,115.14594980668966,42
2017,fsh_len,Male,99,602,0,115.14594980668966,42
2017,fsh_len,Sex combined,41,1442,0,137.85074274744076,42
2017,fsh_len,Sex combined,43,1442,0,137.85074274744076,42
2017,fsh_len,Sex combined,45,1442,0,137.85074274744076,42
2017,fsh_len,Sex combined,47,1442,0.0028,137.85074274744076,42
2017,fsh_len,Sex combined,49,1442,0.0021,137.85074274744076,42
2017,fsh_len,Sex combined,51,1442,0.0042,137.85074274744076,42
2017,fsh_len,Sex combined,53,1442,0.0118,137.85074274744076,42
2017,fsh_len,Sex combined,55,1442,0.0173,137.85074274744076,42
2017,fsh_len,Sex combined,57,1442,0.0264,137.85074274744076,42
2017,fsh_len,Sex combined,59,1442,0.0298,137.85074274744076,42
2017,fsh_len,Sex combined,61,1442,0.0527,137.85074274744076,42
2017,fsh_len,Sex combined,63,1442,0.0749,137.85074274744076,42
2017,fsh_len,Sex combined,65,1442,0.0881,137.85074274744076,42
2017,fsh_len,Sex combined,67,1442,0.1089,137.85074274744076,42
2017,fsh_len,Sex combined,69,1442,0.0881,137.85074274744076,42
2017,fsh_len,Sex combined,71,1442,0.0902,137.85074274744076,42
2017,fsh_len,Sex combined,73,1442,0.0589,137.85074274744076,42
2017,fsh_len,Sex combined,75,1442,0.0499,137.85074274744076,42
2017,fsh_len,Sex combined,77,1442,0.0534,137.85074274744076,42
2017,fsh_len,Sex combined,79,1442,0.0499,137.85074274744076,42
2017,fsh_len,Sex combined,81,1442,0.0368,137.85074274744076,42
2017,fsh_len,Sex combined,83,1442,0.0409,137.85074274744076,42
2017,fsh_len,Sex combined,85,1442,0.0395,137.85074274744076,42
2017,fsh_len,Sex combined,87,1442,0.0194,137.85074274744076,42
2017,fsh_len,Sex combined,89,1442,0.0132,137.85074274744076,42
2017,fsh_len,Sex combined,91,1442,0.0125,137.85074274744076,42
2017,fsh_len,Sex combined,93,1442,0.0111,137.85074274744076,42
2017,fsh_len,Sex combined,95,1442,0.0083,137.85074274744076,42
2017,fsh_len,Sex combined,97,1442,0.0021,137.85074274744076,42
2017,fsh_len,Sex combined,99,1442,0.0069,137.85074274744076,42
2018,fsh_len,Female,41,814,0,137.85074274744076,43
2018,fsh_len,Female,43,814,0,137.85074274744076,43
2018,fsh_len,Female,45,814,0,137.85074274744076,43
2018,fsh_len,Female,47,814,0,137.85074274744076,43
2018,fsh_len,Female,49,814,0,137.85074274744076,43
2018,fsh_len,Female,51,814,0.004914,137.85074274744076,43
2018,fsh_len,Female,53,814,0.007371,137.85074274744076,43
2018,fsh_len,Female,55,814,0.007371,137.85074274744076,43
2018,fsh_len,Female,57,814,0.017199,137.85074274744076,43
2018,fsh_len,Female,59,814,0.015971,137.85074274744076,43
2018,fsh_len,Female,61,814,0.029484,137.85074274744076,43
2018,fsh_len,Female,63,814,0.044226,137.85074274744076,43
2018,fsh_len,Female,65,814,0.05774,137.85074274744076,43
2018,fsh_len,Female,67,814,0.066339,137.85074274744076,43
2018,fsh_len,Female,69,814,0.078624,137.85074274744076,43
2018,fsh_len,Female,71,814,0.088452,137.85074274744076,43
2018,fsh_len,Female,73,814,0.061425,137.85074274744076,43
2018,fsh_len,Female,75,814,0.078624,137.85074274744076,43
2018,fsh_len,Female,77,814,0.087224,137.85074274744076,43
2018,fsh_len,Female,79,814,0.084767,137.85074274744076,43
2018,fsh_len,Female,81,814,0.071253,137.85074274744076,43
2018,fsh_len,Female,83,814,0.058968,137.85074274744076,43
2018,fsh_len,Female,85,814,0.03317,137.85074274744076,43
2018,fsh_len,Female,87,814,0.030713,137.85074274744076,43
2018,fsh_len,Female,89,814,0.027027,137.85074274744076,43
2018,fsh_len,Female,91,814,0.017199,137.85074274744076,43
2018,fsh_len,Female,93,814,0.009828,137.85074274744076,43
2018,fsh_len,Female,95,814,0.015971,137.85074274744076,43
2018,fsh_len,Female,97,814,0.002457,137.85074274744076,43
2018,fsh_len,Female,99,814,0.003686,137.85074274744076,43
2018,fsh_len,Male,41,506,0,115.14594980668966,43
2018,fsh_len,Male,43,506,0,115.14594980668966,43
2018,fsh_len,Male,45,506,0,115.14594980668966,43
2018,fsh_len,Male,47,506,0,115.14594980668966,43
2018,fsh_len,Male,49,506,0,115.14594980668966,43
2018,fsh_len,Male,51,506,0.001976,115.14594980668966,43
2018,fsh_len,Male,53,506,0.017787,115.14594980668966,43
2018,fsh_len,Male,55,506,0.01581,115.14594980668966,43
2018,fsh_len,Male,57,506,0.029644,115.14594980668966,43
2018,fsh_len,Male,59,506,0.055336,115.14594980668966,43
2018,fsh_len,Male,61,506,0.063241,115.14594980668966,43
2018,fsh_len,Male,63,506,0.120553,115.14594980668966,43
2018,fsh_len,Male,65,506,0.167984,115.14594980668966,43
2018,fsh_len,Male,67,506,0.183794,115.14594980668966,43
2018,fsh_len,Male,69,506,0.112648,115.14594980668966,43
2018,fsh_len,Male,71,506,0.102767,115.14594980668966,43
2018,fsh_len,Male,73,506,0.06917,115.14594980668966,43
2018,fsh_len,Male,75,506,0.037549,115.14594980668966,43
2018,fsh_len,Male,77,506,0.011858,115.14594980668966,43
2018,fsh_len,Male,79,506,0.001976,115.14594980668966,43
2018,fsh_len,Male,81,506,0.005929,115.14594980668966,43
2018,fsh_len,Male,83,506,0,115.14594980668966,43
2018,fsh_len,Male,85,506,0.001976,115.14594980668966,43
2018,fsh_len,Male,87,506,0,115.14594980668966,43
2018,fsh_len,Male,89,506,0,115.14594980668966,43
2018,fsh_len,Male,91,506,0,115.14594980668966,43
2018,fsh_len,Male,93,506,0,115.14594980668966,43
2018,fsh_len,Male,95,506,0,115.14594980668966,43
2018,fsh_len,Male,97,506,0,115.14594980668966,43
2018,fsh_len,Male,99,506,0,115.14594980668966,43
2018,fsh_len,Sex combined,41,1320,0,137.85074274744076,43
2018,fsh_len,Sex combined,43,1320,0,137.85074274744076,43
2018,fsh_len,Sex combined,45,1320,0,137.85074274744076,43
2018,fsh_len,Sex combined,47,1320,0,137.85074274744076,43
2018,fsh_len,Sex combined,49,1320,0,137.85074274744076,43
2018,fsh_len,Sex combined,51,1320,0.0038,137.85074274744076,43
2018,fsh_len,Sex combined,53,1320,0.0114,137.85074274744076,43
2018,fsh_len,Sex combined,55,1320,0.0106,137.85074274744076,43
2018,fsh_len,Sex combined,57,1320,0.022,137.85074274744076,43
2018,fsh_len,Sex combined,59,1320,0.0311,137.85074274744076,43
2018,fsh_len,Sex combined,61,1320,0.0424,137.85074274744076,43
2018,fsh_len,Sex combined,63,1320,0.0735,137.85074274744076,43
2018,fsh_len,Sex combined,65,1320,0.1,137.85074274744076,43
2018,fsh_len,Sex combined,67,1320,0.1114,137.85074274744076,43
2018,fsh_len,Sex combined,69,1320,0.0917,137.85074274744076,43
2018,fsh_len,Sex combined,71,1320,0.0939,137.85074274744076,43
2018,fsh_len,Sex combined,73,1320,0.0644,137.85074274744076,43
2018,fsh_len,Sex combined,75,1320,0.0629,137.85074274744076,43
2018,fsh_len,Sex combined,77,1320,0.0583,137.85074274744076,43
2018,fsh_len,Sex combined,79,1320,0.053,137.85074274744076,43
2018,fsh_len,Sex combined,81,1320,0.0462,137.85074274744076,43
2018,fsh_len,Sex combined,83,1320,0.0364,137.85074274744076,43
2018,fsh_len,Sex combined,85,1320,0.0212,137.85074274744076,43
2018,fsh_len,Sex combined,87,1320,0.0189,137.85074274744076,43
2018,fsh_len,Sex combined,89,1320,0.0167,137.85074274744076,43
2018,fsh_len,Sex combined,91,1320,0.0106,137.85074274744076,43
2018,fsh_len,Sex combined,93,1320,0.0061,137.85074274744076,43
2018,fsh_len,Sex combined,95,1320,0.0098,137.85074274744076,43
2018,fsh_len,Sex combined,97,1320,0.0015,137.85074274744076,43
2018,fsh_len,Sex combined,99,1320,0.0023,137.85074274744076,43
2019,fsh_len,Female,41,828,0,137.85074274744076,44
2019,fsh_len,Female,43,828,0,137.85074274744076,44
2019,fsh_len,Female,45,828,0,137.85074274744076,44
2019,fsh_len,Female,47,828,0,137.85074274744076,44
2019,fsh_len,Female,49,828,0,137.85074274744076,44
2019,fsh_len,Female,51,828,0.001208,137.85074274744076,44
2019,fsh_len,Female,53,828,0.007246,137.85074274744076,44
2019,fsh_len,Female,55,828,0.006039,137.85074274744076,44
2019,fsh_len,Female,57,828,0.022947,137.85074274744076,44
2019,fsh_len,Female,59,828,0.018116,137.85074274744076,44
2019,fsh_len,Female,61,828,0.03744,137.85074274744076,44
2019,fsh_len,Female,63,828,0.067633,137.85074274744076,44
2019,fsh_len,Female,65,828,0.082126,137.85074274744076,44
2019,fsh_len,Female,67,828,0.083333,137.85074274744076,44
2019,fsh_len,Female,69,828,0.071256,137.85074274744076,44
2019,fsh_len,Female,71,828,0.094203,137.85074274744076,44
2019,fsh_len,Female,73,828,0.097826,137.85074274744076,44
2019,fsh_len,Female,75,828,0.082126,137.85074274744076,44
2019,fsh_len,Female,77,828,0.077295,137.85074274744076,44
2019,fsh_len,Female,79,828,0.060386,137.85074274744076,44
2019,fsh_len,Female,81,828,0.066425,137.85074274744076,44
2019,fsh_len,Female,83,828,0.036232,137.85074274744076,44
2019,fsh_len,Female,85,828,0.027778,137.85074274744076,44
2019,fsh_len,Female,87,828,0.024155,137.85074274744076,44
2019,fsh_len,Female,89,828,0.008454,137.85074274744076,44
2019,fsh_len,Female,91,828,0.003623,137.85074274744076,44
2019,fsh_len,Female,93,828,0.009662,137.85074274744076,44
2019,fsh_len,Female,95,828,0.002415,137.85074274744076,44
2019,fsh_len,Female,97,828,0.006039,137.85074274744076,44
2019,fsh_len,Female,99,828,0.006039,137.85074274744076,44
2019,fsh_len,Male,41,513,0,115.14594980668966,44
2019,fsh_len,Male,43,513,0,115.14594980668966,44
2019,fsh_len,Male,45,513,0,115.14594980668966,44
2019,fsh_len,Male,47,513,0.001949,115.14594980668966,44
2019,fsh_len,Male,49,513,0.001949,115.14594980668966,44
2019,fsh_len,Male,51,513,0,115.14594980668966,44
2019,fsh_len,Male,53,513,0.003899,115.14594980668966,44
2019,fsh_len,Male,55,513,0.009747,115.14594980668966,44
2019,fsh_len,Male,57,513,0.02924,115.14594980668966,44
2019,fsh_len,Male,59,513,0.060429,115.14594980668966,44
2019,fsh_len,Male,61,513,0.064327,115.14594980668966,44
2019,fsh_len,Male,63,513,0.097466,115.14594980668966,44
2019,fsh_len,Male,65,513,0.17154,115.14594980668966,44
2019,fsh_len,Male,67,513,0.163743,115.14594980668966,44
2019,fsh_len,Male,69,513,0.146199,115.14594980668966,44
2019,fsh_len,Male,71,513,0.128655,115.14594980668966,44
2019,fsh_len,Male,73,513,0.064327,115.14594980668966,44
2019,fsh_len,Male,75,513,0.023392,115.14594980668966,44
2019,fsh_len,Male,77,513,0.007797,115.14594980668966,44
2019,fsh_len,Male,79,513,0.009747,115.14594980668966,44
2019,fsh_len,Male,81,513,0.003899,115.14594980668966,44
2019,fsh_len,Male,83,513,0.005848,115.14594980668966,44
2019,fsh_len,Male,85,513,0.001949,115.14594980668966,44
2019,fsh_len,Male,87,513,0.001949,115.14594980668966,44
2019,fsh_len,Male,89,513,0,115.14594980668966,44
2019,fsh_len,Male,91,513,0.001949,115.14594980668966,44
2019,fsh_len,Male,93,513,0,115.14594980668966,44
2019,fsh_len,Male,95,513,0,115.14594980668966,44
2019,fsh_len,Male,97,513,0,115.14594980668966,44
2019,fsh_len,Male,99,513,0,115.14594980668966,44
2019,fsh_len,Sex combined,41,1341,0,137.85074274744076,44
2019,fsh_len,Sex combined,43,1341,0,137.85074274744076,44
2019,fsh_len,Sex combined,45,1341,0,137.85074274744076,44
2019,fsh_len,Sex combined,47,1341,7e-4,137.85074274744076,44
2019,fsh_len,Sex combined,49,1341,7e-4,137.85074274744076,44
2019,fsh_len,Sex combined,51,1341,7e-4,137.85074274744076,44
2019,fsh_len,Sex combined,53,1341,0.006,137.85074274744076,44
2019,fsh_len,Sex combined,55,1341,0.0075,137.85074274744076,44
2019,fsh_len,Sex combined,57,1341,0.0254,137.85074274744076,44
2019,fsh_len,Sex combined,59,1341,0.0343,137.85074274744076,44
2019,fsh_len,Sex combined,61,1341,0.0477,137.85074274744076,44
2019,fsh_len,Sex combined,63,1341,0.079,137.85074274744076,44
2019,fsh_len,Sex combined,65,1341,0.1163,137.85074274744076,44
2019,fsh_len,Sex combined,67,1341,0.1141,137.85074274744076,44
2019,fsh_len,Sex combined,69,1341,0.0999,137.85074274744076,44
2019,fsh_len,Sex combined,71,1341,0.1074,137.85074274744076,44
2019,fsh_len,Sex combined,73,1341,0.085,137.85074274744076,44
2019,fsh_len,Sex combined,75,1341,0.0597,137.85074274744076,44
2019,fsh_len,Sex combined,77,1341,0.0507,137.85074274744076,44
2019,fsh_len,Sex combined,79,1341,0.041,137.85074274744076,44
2019,fsh_len,Sex combined,81,1341,0.0425,137.85074274744076,44
2019,fsh_len,Sex combined,83,1341,0.0246,137.85074274744076,44
2019,fsh_len,Sex combined,85,1341,0.0179,137.85074274744076,44
2019,fsh_len,Sex combined,87,1341,0.0157,137.85074274744076,44
2019,fsh_len,Sex combined,89,1341,0.0052,137.85074274744076,44
2019,fsh_len,Sex combined,91,1341,0.003,137.85074274744076,44
2019,fsh_len,Sex combined,93,1341,0.006,137.85074274744076,44
2019,fsh_len,Sex combined,95,1341,0.0015,137.85074274744076,44
2019,fsh_len,Sex combined,97,1341,0.0037,137.85074274744076,44
2019,fsh_len,Sex combined,99,1341,0.0037,137.85074274744076,44
2020,fsh_len,Female,41,783,0,137.85074274744076,45
2020,fsh_len,Female,43,783,0,137.85074274744076,45
2020,fsh_len,Female,45,783,0,137.85074274744076,45
2020,fsh_len,Female,47,783,0,137.85074274744076,45
2020,fsh_len,Female,49,783,0,137.85074274744076,45
2020,fsh_len,Female,51,783,0.001277,137.85074274744076,45
2020,fsh_len,Female,53,783,0.012771,137.85074274744076,45
2020,fsh_len,Female,55,783,0.021711,137.85074274744076,45
2020,fsh_len,Female,57,783,0.038314,137.85074274744076,45
2020,fsh_len,Female,59,783,0.03576,137.85074274744076,45
2020,fsh_len,Female,61,783,0.084291,137.85074274744076,45
2020,fsh_len,Female,63,783,0.10728,137.85074274744076,45
2020,fsh_len,Female,65,783,0.0894,137.85074274744076,45
2020,fsh_len,Female,67,783,0.114943,137.85074274744076,45
2020,fsh_len,Female,69,783,0.08046,137.85074274744076,45
2020,fsh_len,Female,71,783,0.067688,137.85074274744076,45
2020,fsh_len,Female,73,783,0.051086,137.85074274744076,45
2020,fsh_len,Female,75,783,0.048531,137.85074274744076,45
2020,fsh_len,Female,77,783,0.049808,137.85074274744076,45
2020,fsh_len,Female,79,783,0.056194,137.85074274744076,45
2020,fsh_len,Female,81,783,0.042146,137.85074274744076,45
2020,fsh_len,Female,83,783,0.031928,137.85074274744076,45
2020,fsh_len,Female,85,783,0.019157,137.85074274744076,45
2020,fsh_len,Female,87,783,0.012771,137.85074274744076,45
2020,fsh_len,Female,89,783,0.012771,137.85074274744076,45
2020,fsh_len,Female,91,783,0.003831,137.85074274744076,45
2020,fsh_len,Female,93,783,0.006386,137.85074274744076,45
2020,fsh_len,Female,95,783,0.003831,137.85074274744076,45
2020,fsh_len,Female,97,783,0.002554,137.85074274744076,45
2020,fsh_len,Female,99,783,0.005109,137.85074274744076,45
2020,fsh_len,Male,41,511,0,115.14594980668966,45
2020,fsh_len,Male,43,511,0,115.14594980668966,45
2020,fsh_len,Male,45,511,0,115.14594980668966,45
2020,fsh_len,Male,47,511,0,115.14594980668966,45
2020,fsh_len,Male,49,511,0,115.14594980668966,45
2020,fsh_len,Male,51,511,0.003914,115.14594980668966,45
2020,fsh_len,Male,53,511,0.005871,115.14594980668966,45
2020,fsh_len,Male,55,511,0.009785,115.14594980668966,45
2020,fsh_len,Male,57,511,0.060665,115.14594980668966,45
2020,fsh_len,Male,59,511,0.091977,115.14594980668966,45
2020,fsh_len,Male,61,511,0.107632,115.14594980668966,45
2020,fsh_len,Male,63,511,0.11546,115.14594980668966,45
2020,fsh_len,Male,65,511,0.154599,115.14594980668966,45
2020,fsh_len,Male,67,511,0.1409,115.14594980668966,45
2020,fsh_len,Male,69,511,0.158513,115.14594980668966,45
2020,fsh_len,Male,71,511,0.068493,115.14594980668966,45
2020,fsh_len,Male,73,511,0.043053,115.14594980668966,45
2020,fsh_len,Male,75,511,0.023483,115.14594980668966,45
2020,fsh_len,Male,77,511,0.009785,115.14594980668966,45
2020,fsh_len,Male,79,511,0.003914,115.14594980668966,45
2020,fsh_len,Male,81,511,0.001957,115.14594980668966,45
2020,fsh_len,Male,83,511,0,115.14594980668966,45
2020,fsh_len,Male,85,511,0,115.14594980668966,45
2020,fsh_len,Male,87,511,0,115.14594980668966,45
2020,fsh_len,Male,89,511,0,115.14594980668966,45
2020,fsh_len,Male,91,511,0,115.14594980668966,45
2020,fsh_len,Male,93,511,0,115.14594980668966,45
2020,fsh_len,Male,95,511,0,115.14594980668966,45
2020,fsh_len,Male,97,511,0,115.14594980668966,45
2020,fsh_len,Male,99,511,0,115.14594980668966,45
2020,fsh_len,Sex combined,41,1294,0,137.85074274744076,45
2020,fsh_len,Sex combined,43,1294,0,137.85074274744076,45
2020,fsh_len,Sex combined,45,1294,0,137.85074274744076,45
2020,fsh_len,Sex combined,47,1294,0,137.85074274744076,45
2020,fsh_len,Sex combined,49,1294,0,137.85074274744076,45
2020,fsh_len,Sex combined,51,1294,0.0023,137.85074274744076,45
2020,fsh_len,Sex combined,53,1294,0.01,137.85074274744076,45
2020,fsh_len,Sex combined,55,1294,0.017,137.85074274744076,45
2020,fsh_len,Sex combined,57,1294,0.0471,137.85074274744076,45
2020,fsh_len,Sex combined,59,1294,0.058,137.85074274744076,45
2020,fsh_len,Sex combined,61,1294,0.0935,137.85074274744076,45
2020,fsh_len,Sex combined,63,1294,0.1105,137.85074274744076,45
2020,fsh_len,Sex combined,65,1294,0.1151,137.85074274744076,45
2020,fsh_len,Sex combined,67,1294,0.1252,137.85074274744076,45
2020,fsh_len,Sex combined,69,1294,0.1113,137.85074274744076,45
2020,fsh_len,Sex combined,71,1294,0.068,137.85074274744076,45
2020,fsh_len,Sex combined,73,1294,0.0479,137.85074274744076,45
2020,fsh_len,Sex combined,75,1294,0.0386,137.85074274744076,45
2020,fsh_len,Sex combined,77,1294,0.034,137.85074274744076,45
2020,fsh_len,Sex combined,79,1294,0.0355,137.85074274744076,45
2020,fsh_len,Sex combined,81,1294,0.0263,137.85074274744076,45
2020,fsh_len,Sex combined,83,1294,0.0193,137.85074274744076,45
2020,fsh_len,Sex combined,85,1294,0.0116,137.85074274744076,45
2020,fsh_len,Sex combined,87,1294,0.0077,137.85074274744076,45
2020,fsh_len,Sex combined,89,1294,0.0077,137.85074274744076,45
2020,fsh_len,Sex combined,91,1294,0.0023,137.85074274744076,45
2020,fsh_len,Sex combined,93,1294,0.0039,137.85074274744076,45
2020,fsh_len,Sex combined,95,1294,0.0023,137.85074274744076,45
2020,fsh_len,Sex combined,97,1294,0.0015,137.85074274744076,45
2020,fsh_len,Sex combined,99,1294,0.0031,137.85074274744076,45
2021,fsh_len,Female,41,498,0,137.85074274744076,46
2021,fsh_len,Female,43,498,0,137.85074274744076,46
2021,fsh_len,Female,45,498,0,137.85074274744076,46
2021,fsh_len,Female,47,498,0,137.85074274744076,46
2021,fsh_len,Female,49,498,0.002008,137.85074274744076,46
2021,fsh_len,Female,51,498,0.002008,137.85074274744076,46
2021,fsh_len,Female,53,498,0.008032,137.85074274744076,46
2021,fsh_len,Female,55,498,0.02008,137.85074274744076,46
2021,fsh_len,Female,57,498,0.040161,137.85074274744076,46
2021,fsh_len,Female,59,498,0.046185,137.85074274744076,46
2021,fsh_len,Female,61,498,0.080321,137.85074274744076,46
2021,fsh_len,Female,63,498,0.124498,137.85074274744076,46
2021,fsh_len,Female,65,498,0.100402,137.85074274744076,46
2021,fsh_len,Female,67,498,0.114458,137.85074274744076,46
2021,fsh_len,Female,69,498,0.070281,137.85074274744076,46
2021,fsh_len,Female,71,498,0.066265,137.85074274744076,46
2021,fsh_len,Female,73,498,0.066265,137.85074274744076,46
2021,fsh_len,Female,75,498,0.058233,137.85074274744076,46
2021,fsh_len,Female,77,498,0.038153,137.85074274744076,46
2021,fsh_len,Female,79,498,0.034137,137.85074274744076,46
2021,fsh_len,Female,81,498,0.028112,137.85074274744076,46
2021,fsh_len,Female,83,498,0.022088,137.85074274744076,46
2021,fsh_len,Female,85,498,0.026104,137.85074274744076,46
2021,fsh_len,Female,87,498,0.018072,137.85074274744076,46
2021,fsh_len,Female,89,498,0.014056,137.85074274744076,46
2021,fsh_len,Female,91,498,0.006024,137.85074274744076,46
2021,fsh_len,Female,93,498,0.002008,137.85074274744076,46
2021,fsh_len,Female,95,498,0.004016,137.85074274744076,46
2021,fsh_len,Female,97,498,0,137.85074274744076,46
2021,fsh_len,Female,99,498,0.008032,137.85074274744076,46
2021,fsh_len,Male,41,239,0,115.14594980668966,46
2021,fsh_len,Male,43,239,0,115.14594980668966,46
2021,fsh_len,Male,45,239,0,115.14594980668966,46
2021,fsh_len,Male,47,239,0,115.14594980668966,46
2021,fsh_len,Male,49,239,0,115.14594980668966,46
2021,fsh_len,Male,51,239,0.008368,115.14594980668966,46
2021,fsh_len,Male,53,239,0.016736,115.14594980668966,46
2021,fsh_len,Male,55,239,0.037657,115.14594980668966,46
2021,fsh_len,Male,57,239,0.083682,115.14594980668966,46
2021,fsh_len,Male,59,239,0.125523,115.14594980668966,46
2021,fsh_len,Male,61,239,0.104603,115.14594980668966,46
2021,fsh_len,Male,63,239,0.150628,115.14594980668966,46
2021,fsh_len,Male,65,239,0.079498,115.14594980668966,46
2021,fsh_len,Male,67,239,0.121339,115.14594980668966,46
2021,fsh_len,Male,69,239,0.075314,115.14594980668966,46
2021,fsh_len,Male,71,239,0.079498,115.14594980668966,46
2021,fsh_len,Male,73,239,0.041841,115.14594980668966,46
2021,fsh_len,Male,75,239,0.033473,115.14594980668966,46
2021,fsh_len,Male,77,239,0.029289,115.14594980668966,46
2021,fsh_len,Male,79,239,0.004184,115.14594980668966,46
2021,fsh_len,Male,81,239,0.008368,115.14594980668966,46
2021,fsh_len,Male,83,239,0,115.14594980668966,46
2021,fsh_len,Male,85,239,0,115.14594980668966,46
2021,fsh_len,Male,87,239,0,115.14594980668966,46
2021,fsh_len,Male,89,239,0,115.14594980668966,46
2021,fsh_len,Male,91,239,0,115.14594980668966,46
2021,fsh_len,Male,93,239,0,115.14594980668966,46
2021,fsh_len,Male,95,239,0,115.14594980668966,46
2021,fsh_len,Male,97,239,0,115.14594980668966,46
2021,fsh_len,Male,99,239,0,115.14594980668966,46
2021,fsh_len,Sex combined,41,737,0,137.85074274744076,46
2021,fsh_len,Sex combined,43,737,0,137.85074274744076,46
2021,fsh_len,Sex combined,45,737,0,137.85074274744076,46
2021,fsh_len,Sex combined,47,737,0,137.85074274744076,46
2021,fsh_len,Sex combined,49,737,0.0014,137.85074274744076,46
2021,fsh_len,Sex combined,51,737,0.0041,137.85074274744076,46
2021,fsh_len,Sex combined,53,737,0.0109,137.85074274744076,46
2021,fsh_len,Sex combined,55,737,0.0258,137.85074274744076,46
2021,fsh_len,Sex combined,57,737,0.0543,137.85074274744076,46
2021,fsh_len,Sex combined,59,737,0.0719,137.85074274744076,46
2021,fsh_len,Sex combined,61,737,0.0882,137.85074274744076,46
2021,fsh_len,Sex combined,63,737,0.133,137.85074274744076,46
2021,fsh_len,Sex combined,65,737,0.0936,137.85074274744076,46
2021,fsh_len,Sex combined,67,737,0.1167,137.85074274744076,46
2021,fsh_len,Sex combined,69,737,0.0719,137.85074274744076,46
2021,fsh_len,Sex combined,71,737,0.0706,137.85074274744076,46
2021,fsh_len,Sex combined,73,737,0.0583,137.85074274744076,46
2021,fsh_len,Sex combined,75,737,0.0502,137.85074274744076,46
2021,fsh_len,Sex combined,77,737,0.0353,137.85074274744076,46
2021,fsh_len,Sex combined,79,737,0.0244,137.85074274744076,46
2021,fsh_len,Sex combined,81,737,0.0217,137.85074274744076,46
2021,fsh_len,Sex combined,83,737,0.0149,137.85074274744076,46
2021,fsh_len,Sex combined,85,737,0.0176,137.85074274744076,46
2021,fsh_len,Sex combined,87,737,0.0122,137.85074274744076,46
2021,fsh_len,Sex combined,89,737,0.0095,137.85074274744076,46
2021,fsh_len,Sex combined,91,737,0.0041,137.85074274744076,46
2021,fsh_len,Sex combined,93,737,0.0014,137.85074274744076,46
2021,fsh_len,Sex combined,95,737,0.0027,137.85074274744076,46
2021,fsh_len,Sex combined,97,737,0,137.85074274744076,46
2021,fsh_len,Sex combined,99,737,0.0054,137.85074274744076,46
2022,fsh_len,Female,41,818,0,137.85074274744076,47
2022,fsh_len,Female,43,818,0,137.85074274744076,47
2022,fsh_len,Female,45,818,0,137.85074274744076,47
2022,fsh_len,Female,47,818,0.001222,137.85074274744076,47
2022,fsh_len,Female,49,818,0.001222,137.85074274744076,47
2022,fsh_len,Female,51,818,0.003667,137.85074274744076,47
2022,fsh_len,Female,53,818,0.003667,137.85074274744076,47
2022,fsh_len,Female,55,818,0.013447,137.85074274744076,47
2022,fsh_len,Female,57,818,0.022005,137.85074274744076,47
2022,fsh_len,Female,59,818,0.040342,137.85074274744076,47
2022,fsh_len,Female,61,818,0.064792,137.85074274744076,47
2022,fsh_len,Female,63,818,0.111247,137.85074274744076,47
2022,fsh_len,Female,65,818,0.125917,137.85074274744076,47
2022,fsh_len,Female,67,818,0.127139,137.85074274744076,47
2022,fsh_len,Female,69,818,0.075795,137.85074274744076,47
2022,fsh_len,Female,71,818,0.079462,137.85074274744076,47
2022,fsh_len,Female,73,818,0.070905,137.85074274744076,47
2022,fsh_len,Female,75,818,0.051345,137.85074274744076,47
2022,fsh_len,Female,77,818,0.04401,137.85074274744076,47
2022,fsh_len,Female,79,818,0.04401,137.85074274744076,47
2022,fsh_len,Female,81,818,0.02934,137.85074274744076,47
2022,fsh_len,Female,83,818,0.02934,137.85074274744076,47
2022,fsh_len,Female,85,818,0.015892,137.85074274744076,47
2022,fsh_len,Female,87,818,0.017115,137.85074274744076,47
2022,fsh_len,Female,89,818,0.007335,137.85074274744076,47
2022,fsh_len,Female,91,818,0.007335,137.85074274744076,47
2022,fsh_len,Female,93,818,0.002445,137.85074274744076,47
2022,fsh_len,Female,95,818,0.00489,137.85074274744076,47
2022,fsh_len,Female,97,818,0.003667,137.85074274744076,47
2022,fsh_len,Female,99,818,0.002445,137.85074274744076,47
2022,fsh_len,Male,41,317,0,115.14594980668966,47
2022,fsh_len,Male,43,317,0,115.14594980668966,47
2022,fsh_len,Male,45,317,0,115.14594980668966,47
2022,fsh_len,Male,47,317,0,115.14594980668966,47
2022,fsh_len,Male,49,317,0,115.14594980668966,47
2022,fsh_len,Male,51,317,0.003155,115.14594980668966,47
2022,fsh_len,Male,53,317,0.015773,115.14594980668966,47
2022,fsh_len,Male,55,317,0.022082,115.14594980668966,47
2022,fsh_len,Male,57,317,0.07571,115.14594980668966,47
2022,fsh_len,Male,59,317,0.113565,115.14594980668966,47
2022,fsh_len,Male,61,317,0.107256,115.14594980668966,47
2022,fsh_len,Male,63,317,0.116719,115.14594980668966,47
2022,fsh_len,Male,65,317,0.091483,115.14594980668966,47
2022,fsh_len,Male,67,317,0.113565,115.14594980668966,47
2022,fsh_len,Male,69,317,0.135647,115.14594980668966,47
2022,fsh_len,Male,71,317,0.100946,115.14594980668966,47
2022,fsh_len,Male,73,317,0.044164,115.14594980668966,47
2022,fsh_len,Male,75,317,0.037855,115.14594980668966,47
2022,fsh_len,Male,77,317,0.012618,115.14594980668966,47
2022,fsh_len,Male,79,317,0.003155,115.14594980668966,47
2022,fsh_len,Male,81,317,0.006309,115.14594980668966,47
2022,fsh_len,Male,83,317,0,115.14594980668966,47
2022,fsh_len,Male,85,317,0,115.14594980668966,47
2022,fsh_len,Male,87,317,0,115.14594980668966,47
2022,fsh_len,Male,89,317,0,115.14594980668966,47
2022,fsh_len,Male,91,317,0,115.14594980668966,47
2022,fsh_len,Male,93,317,0,115.14594980668966,47
2022,fsh_len,Male,95,317,0,115.14594980668966,47
2022,fsh_len,Male,97,317,0,115.14594980668966,47
2022,fsh_len,Male,99,317,0,115.14594980668966,47
2022,fsh_len,Sex combined,41,1135,0,137.85074274744076,47
2022,fsh_len,Sex combined,43,1135,0,137.85074274744076,47
2022,fsh_len,Sex combined,45,1135,0,137.85074274744076,47
2022,fsh_len,Sex combined,47,1135,9e-4,137.85074274744076,47
2022,fsh_len,Sex combined,49,1135,9e-4,137.85074274744076,47
2022,fsh_len,Sex combined,51,1135,0.0035,137.85074274744076,47
2022,fsh_len,Sex combined,53,1135,0.007,137.85074274744076,47
2022,fsh_len,Sex combined,55,1135,0.0159,137.85074274744076,47
2022,fsh_len,Sex combined,57,1135,0.037,137.85074274744076,47
2022,fsh_len,Sex combined,59,1135,0.0608,137.85074274744076,47
2022,fsh_len,Sex combined,61,1135,0.0767,137.85074274744076,47
2022,fsh_len,Sex combined,63,1135,0.1128,137.85074274744076,47
2022,fsh_len,Sex combined,65,1135,0.1163,137.85074274744076,47
2022,fsh_len,Sex combined,67,1135,0.1233,137.85074274744076,47
2022,fsh_len,Sex combined,69,1135,0.0925,137.85074274744076,47
2022,fsh_len,Sex combined,71,1135,0.0855,137.85074274744076,47
2022,fsh_len,Sex combined,73,1135,0.0634,137.85074274744076,47
2022,fsh_len,Sex combined,75,1135,0.0476,137.85074274744076,47
2022,fsh_len,Sex combined,77,1135,0.0352,137.85074274744076,47
2022,fsh_len,Sex combined,79,1135,0.0326,137.85074274744076,47
2022,fsh_len,Sex combined,81,1135,0.0229,137.85074274744076,47
2022,fsh_len,Sex combined,83,1135,0.0211,137.85074274744076,47
2022,fsh_len,Sex combined,85,1135,0.0115,137.85074274744076,47
2022,fsh_len,Sex combined,87,1135,0.0123,137.85074274744076,47
2022,fsh_len,Sex combined,89,1135,0.0053,137.85074274744076,47
2022,fsh_len,Sex combined,91,1135,0.0053,137.85074274744076,47
2022,fsh_len,Sex combined,93,1135,0.0018,137.85074274744076,47
2022,fsh_len,Sex combined,95,1135,0.0035,137.85074274744076,47
2022,fsh_len,Sex combined,97,1135,0.0026,137.85074274744076,47
2022,fsh_len,Sex combined,99,1135,0.0018,137.85074274744076,47
2023,fsh_len,Female,41,568,0,137.85074274744076,48
2023,fsh_len,Female,43,568,0,137.85074274744076,48
2023,fsh_len,Female,45,568,0,137.85074274744076,48
2023,fsh_len,Female,47,568,0,137.85074274744076,48
2023,fsh_len,Female,49,568,0,137.85074274744076,48
2023,fsh_len,Female,51,568,0.001761,137.85074274744076,48
2023,fsh_len,Female,53,568,0.005282,137.85074274744076,48
2023,fsh_len,Female,55,568,0.012324,137.85074274744076,48
2023,fsh_len,Female,57,568,0.035211,137.85074274744076,48
2023,fsh_len,Female,59,568,0.047535,137.85074274744076,48
2023,fsh_len,Female,61,568,0.077465,137.85074274744076,48
2023,fsh_len,Female,63,568,0.116197,137.85074274744076,48
2023,fsh_len,Female,65,568,0.144366,137.85074274744076,48
2023,fsh_len,Female,67,568,0.126761,137.85074274744076,48
2023,fsh_len,Female,69,568,0.086268,137.85074274744076,48
2023,fsh_len,Female,71,568,0.068662,137.85074274744076,48
2023,fsh_len,Female,73,568,0.077465,137.85074274744076,48
2023,fsh_len,Female,75,568,0.06338,137.85074274744076,48
2023,fsh_len,Female,77,568,0.03169,137.85074274744076,48
2023,fsh_len,Female,79,568,0.021127,137.85074274744076,48
2023,fsh_len,Female,81,568,0.02993,137.85074274744076,48
2023,fsh_len,Female,83,568,0.022887,137.85074274744076,48
2023,fsh_len,Female,85,568,0.010563,137.85074274744076,48
2023,fsh_len,Female,87,568,0.008803,137.85074274744076,48
2023,fsh_len,Female,89,568,0.005282,137.85074274744076,48
2023,fsh_len,Female,91,568,0.003521,137.85074274744076,48
2023,fsh_len,Female,93,568,0.001761,137.85074274744076,48
2023,fsh_len,Female,95,568,0.001761,137.85074274744076,48
2023,fsh_len,Female,97,568,0,137.85074274744076,48
2023,fsh_len,Female,99,568,0,137.85074274744076,48
2023,fsh_len,Male,41,319,0,115.14594980668966,48
2023,fsh_len,Male,43,319,0,115.14594980668966,48
2023,fsh_len,Male,45,319,0,115.14594980668966,48
2023,fsh_len,Male,47,319,0,115.14594980668966,48
2023,fsh_len,Male,49,319,0,115.14594980668966,48
2023,fsh_len,Male,51,319,0.009404,115.14594980668966,48
2023,fsh_len,Male,53,319,0.015674,115.14594980668966,48
2023,fsh_len,Male,55,319,0.040752,115.14594980668966,48
2023,fsh_len,Male,57,319,0.097179,115.14594980668966,48
2023,fsh_len,Male,59,319,0.112853,115.14594980668966,48
2023,fsh_len,Male,61,319,0.134796,115.14594980668966,48
2023,fsh_len,Male,63,319,0.137931,115.14594980668966,48
2023,fsh_len,Male,65,319,0.137931,115.14594980668966,48
2023,fsh_len,Male,67,319,0.106583,115.14594980668966,48
2023,fsh_len,Male,69,319,0.122257,115.14594980668966,48
2023,fsh_len,Male,71,319,0.034483,115.14594980668966,48
2023,fsh_len,Male,73,319,0.040752,115.14594980668966,48
2023,fsh_len,Male,75,319,0.00627,115.14594980668966,48
2023,fsh_len,Male,77,319,0.003135,115.14594980668966,48
2023,fsh_len,Male,79,319,0,115.14594980668966,48
2023,fsh_len,Male,81,319,0,115.14594980668966,48
2023,fsh_len,Male,83,319,0,115.14594980668966,48
2023,fsh_len,Male,85,319,0,115.14594980668966,48
2023,fsh_len,Male,87,319,0,115.14594980668966,48
2023,fsh_len,Male,89,319,0,115.14594980668966,48
2023,fsh_len,Male,91,319,0,115.14594980668966,48
2023,fsh_len,Male,93,319,0,115.14594980668966,48
2023,fsh_len,Male,95,319,0,115.14594980668966,48
2023,fsh_len,Male,97,319,0,115.14594980668966,48
2023,fsh_len,Male,99,319,0,115.14594980668966,48
2023,fsh_len,Sex combined,41,887,0,137.85074274744076,48
2023,fsh_len,Sex combined,43,887,0,137.85074274744076,48
2023,fsh_len,Sex combined,45,887,0,137.85074274744076,48
2023,fsh_len,Sex combined,47,887,0,137.85074274744076,48
2023,fsh_len,Sex combined,49,887,0,137.85074274744076,48
2023,fsh_len,Sex combined,51,887,0.0045,137.85074274744076,48
2023,fsh_len,Sex combined,53,887,0.009,137.85074274744076,48
2023,fsh_len,Sex combined,55,887,0.0225,137.85074274744076,48
2023,fsh_len,Sex combined,57,887,0.0575,137.85074274744076,48
2023,fsh_len,Sex combined,59,887,0.071,137.85074274744076,48
2023,fsh_len,Sex combined,61,887,0.0981,137.85074274744076,48
2023,fsh_len,Sex combined,63,887,0.124,137.85074274744076,48
2023,fsh_len,Sex combined,65,887,0.1421,137.85074274744076,48
2023,fsh_len,Sex combined,67,887,0.1195,137.85074274744076,48
2023,fsh_len,Sex combined,69,887,0.0992,137.85074274744076,48
2023,fsh_len,Sex combined,71,887,0.0564,137.85074274744076,48
2023,fsh_len,Sex combined,73,887,0.0643,137.85074274744076,48
2023,fsh_len,Sex combined,75,887,0.0428,137.85074274744076,48
2023,fsh_len,Sex combined,77,887,0.0214,137.85074274744076,48
2023,fsh_len,Sex combined,79,887,0.0135,137.85074274744076,48
2023,fsh_len,Sex combined,81,887,0.0192,137.85074274744076,48
2023,fsh_len,Sex combined,83,887,0.0147,137.85074274744076,48
2023,fsh_len,Sex combined,85,887,0.0068,137.85074274744076,48
2023,fsh_len,Sex combined,87,887,0.0056,137.85074274744076,48
2023,fsh_len,Sex combined,89,887,0.0034,137.85074274744076,48
2023,fsh_len,Sex combined,91,887,0.0023,137.85074274744076,48
2023,fsh_len,Sex combined,93,887,0.0011,137.85074274744076,48
2023,fsh_len,Sex combined,95,887,0.0011,137.85074274744076,48
2023,fsh_len,Sex combined,97,887,0,137.85074274744076,48
2023,fsh_len,Sex combined,99,887,0,137.85074274744076,48
2024,fsh_len,Female,41,918,0,137.85074274744076,49
2024,fsh_len,Female,43,918,0,137.85074274744076,49
2024,fsh_len,Female,45,918,0,137.85074274744076,49
2024,fsh_len,Female,47,918,0,137.85074274744076,49
2024,fsh_len,Female,49,918,0,137.85074274744076,49
2024,fsh_len,Female,51,918,0,137.85074274744076,49
2024,fsh_len,Female,53,918,0.005447,137.85074274744076,49
2024,fsh_len,Female,55,918,0.008715,137.85074274744076,49
2024,fsh_len,Female,57,918,0.020697,137.85074274744076,49
2024,fsh_len,Female,59,918,0.03268,137.85074274744076,49
2024,fsh_len,Female,61,918,0.061002,137.85074274744076,49
2024,fsh_len,Female,63,918,0.111111,137.85074274744076,49
2024,fsh_len,Female,65,918,0.139434,137.85074274744076,49
2024,fsh_len,Female,67,918,0.12963,137.85074274744076,49
2024,fsh_len,Female,69,918,0.102397,137.85074274744076,49
2024,fsh_len,Female,71,918,0.115468,137.85074274744076,49
2024,fsh_len,Female,73,918,0.059913,137.85074274744076,49
2024,fsh_len,Female,75,918,0.062092,137.85074274744076,49
2024,fsh_len,Female,77,918,0.037037,137.85074274744076,49
2024,fsh_len,Female,79,918,0.026144,137.85074274744076,49
2024,fsh_len,Female,81,918,0.029412,137.85074274744076,49
2024,fsh_len,Female,83,918,0.017429,137.85074274744076,49
2024,fsh_len,Female,85,918,0.013072,137.85074274744076,49
2024,fsh_len,Female,87,918,0.006536,137.85074274744076,49
2024,fsh_len,Female,89,918,0.007625,137.85074274744076,49
2024,fsh_len,Female,91,918,0.002179,137.85074274744076,49
2024,fsh_len,Female,93,918,0.005447,137.85074274744076,49
2024,fsh_len,Female,95,918,0.003268,137.85074274744076,49
2024,fsh_len,Female,97,918,0.002179,137.85074274744076,49
2024,fsh_len,Female,99,918,0.001089,137.85074274744076,49
2024,fsh_len,Male,41,386,0,115.14594980668966,49
2024,fsh_len,Male,43,386,0,115.14594980668966,49
2024,fsh_len,Male,45,386,0,115.14594980668966,49
2024,fsh_len,Male,47,386,0,115.14594980668966,49
2024,fsh_len,Male,49,386,0,115.14594980668966,49
2024,fsh_len,Male,51,386,0,115.14594980668966,49
2024,fsh_len,Male,53,386,0.015544,115.14594980668966,49
2024,fsh_len,Male,55,386,0.036269,115.14594980668966,49
2024,fsh_len,Male,57,386,0.095855,115.14594980668966,49
2024,fsh_len,Male,59,386,0.137306,115.14594980668966,49
2024,fsh_len,Male,61,386,0.160622,115.14594980668966,49
2024,fsh_len,Male,63,386,0.129534,115.14594980668966,49
2024,fsh_len,Male,65,386,0.121762,115.14594980668966,49
2024,fsh_len,Male,67,386,0.111399,115.14594980668966,49
2024,fsh_len,Male,69,386,0.093264,115.14594980668966,49
2024,fsh_len,Male,71,386,0.056995,115.14594980668966,49
2024,fsh_len,Male,73,386,0.020725,115.14594980668966,49
2024,fsh_len,Male,75,386,0.018135,115.14594980668966,49
2024,fsh_len,Male,77,386,0.002591,115.14594980668966,49
2024,fsh_len,Male,79,386,0,115.14594980668966,49
2024,fsh_len,Male,81,386,0,115.14594980668966,49
2024,fsh_len,Male,83,386,0,115.14594980668966,49
2024,fsh_len,Male,85,386,0,115.14594980668966,49
2024,fsh_len,Male,87,386,0,115.14594980668966,49
2024,fsh_len,Male,89,386,0,115.14594980668966,49
2024,fsh_len,Male,91,386,0,115.14594980668966,49
2024,fsh_len,Male,93,386,0,115.14594980668966,49
2024,fsh_len,Male,95,386,0,115.14594980668966,49
2024,fsh_len,Male,97,386,0,115.14594980668966,49
2024,fsh_len,Male,99,386,0,115.14594980668966,49
2024,fsh_len,Sex combined,41,1304,0,137.85074274744076,49
2024,fsh_len,Sex combined,43,1304,0,137.85074274744076,49
2024,fsh_len,Sex combined,45,1304,0,137.85074274744076,49
2024,fsh_len,Sex combined,47,1304,0,137.85074274744076,49
2024,fsh_len,Sex combined,49,1304,0,137.85074274744076,49
2024,fsh_len,Sex combined,51,1304,0,137.85074274744076,49
2024,fsh_len,Sex combined,53,1304,0.0084,137.85074274744076,49
2024,fsh_len,Sex combined,55,1304,0.0169,137.85074274744076,49
2024,fsh_len,Sex combined,57,1304,0.0429,137.85074274744076,49
2024,fsh_len,Sex combined,59,1304,0.0637,137.85074274744076,49
2024,fsh_len,Sex combined,61,1304,0.0905,137.85074274744076,49
2024,fsh_len,Sex combined,63,1304,0.1166,137.85074274744076,49
2024,fsh_len,Sex combined,65,1304,0.1342,137.85074274744076,49
2024,fsh_len,Sex combined,67,1304,0.1242,137.85074274744076,49
2024,fsh_len,Sex combined,69,1304,0.0997,137.85074274744076,49
2024,fsh_len,Sex combined,71,1304,0.0982,137.85074274744076,49
2024,fsh_len,Sex combined,73,1304,0.0483,137.85074274744076,49
2024,fsh_len,Sex combined,75,1304,0.0491,137.85074274744076,49
2024,fsh_len,Sex combined,77,1304,0.0268,137.85074274744076,49
2024,fsh_len,Sex combined,79,1304,0.0184,137.85074274744076,49
2024,fsh_len,Sex combined,81,1304,0.0207,137.85074274744076,49
2024,fsh_len,Sex combined,83,1304,0.0123,137.85074274744076,49
2024,fsh_len,Sex combined,85,1304,0.0092,137.85074274744076,49
2024,fsh_len,Sex combined,87,1304,0.0046,137.85074274744076,49
2024,fsh_len,Sex combined,89,1304,0.0054,137.85074274744076,49
2024,fsh_len,Sex combined,91,1304,0.0015,137.85074274744076,49
2024,fsh_len,Sex combined,93,1304,0.0038,137.85074274744076,49
2024,fsh_len,Sex combined,95,1304,0.0023,137.85074274744076,49
2024,fsh_len,Sex combined,97,1304,0.0015,137.85074274744076,49
2024,fsh_len,Sex combined,99,1304,8e-4,137.85074274744076,49
1997,srv_len,Female,41,252,0,67.23156445091946,22
1997,srv_len,Female,43,252,0,67.23156445091946,22
1997,srv_len,Female,45,252,0,67.23156445091946,22
1997,srv_len,Female,47,252,0.003968,67.23156445091946,22
1997,srv_len,Female,49,252,0.003968,67.23156445091946,22
1997,srv_len,Female,51,252,0,67.23156445091946,22
1997,srv_len,Female,53,252,0.007937,67.23156445091946,22
1997,srv_len,Female,55,252,0.027778,67.23156445091946,22
1997,srv_len,Female,57,252,0.02381,67.23156445091946,22
1997,srv_len,Female,59,252,0.015873,67.23156445091946,22
1997,srv_len,Female,61,252,0.027778,67.23156445091946,22
1997,srv_len,Female,63,252,0.02381,67.23156445091946,22
1997,srv_len,Female,65,252,0.015873,67.23156445091946,22
1997,srv_len,Female,67,252,0.059524,67.23156445091946,22
1997,srv_len,Female,69,252,0.083333,67.23156445091946,22
1997,srv_len,Female,71,252,0.079365,67.23156445091946,22
1997,srv_len,Female,73,252,0.138889,67.23156445091946,22
1997,srv_len,Female,75,252,0.079365,67.23156445091946,22
1997,srv_len,Female,77,252,0.087302,67.23156445091946,22
1997,srv_len,Female,79,252,0.075397,67.23156445091946,22
1997,srv_len,Female,81,252,0.063492,67.23156445091946,22
1997,srv_len,Female,83,252,0.051587,67.23156445091946,22
1997,srv_len,Female,85,252,0.019841,67.23156445091946,22
1997,srv_len,Female,87,252,0.031746,67.23156445091946,22
1997,srv_len,Female,89,252,0.039683,67.23156445091946,22
1997,srv_len,Female,91,252,0.007937,67.23156445091946,22
1997,srv_len,Female,93,252,0.003968,67.23156445091946,22
1997,srv_len,Female,95,252,0.007937,67.23156445091946,22
1997,srv_len,Female,97,252,0.003968,67.23156445091946,22
1997,srv_len,Female,99,252,0.015873,67.23156445091946,22
1997,srv_len,Male,41,269,0,57.86110531728817,22
1997,srv_len,Male,43,269,0.003717,57.86110531728817,22
1997,srv_len,Male,45,269,0.003717,57.86110531728817,22
1997,srv_len,Male,47,269,0,57.86110531728817,22
1997,srv_len,Male,49,269,0.007435,57.86110531728817,22
1997,srv_len,Male,51,269,0.003717,57.86110531728817,22
1997,srv_len,Male,53,269,0.007435,57.86110531728817,22
1997,srv_len,Male,55,269,0.003717,57.86110531728817,22
1997,srv_len,Male,57,269,0.022305,57.86110531728817,22
1997,srv_len,Male,59,269,0.037175,57.86110531728817,22
1997,srv_len,Male,61,269,0.055762,57.86110531728817,22
1997,srv_len,Male,63,269,0.130112,57.86110531728817,22
1997,srv_len,Male,65,269,0.152416,57.86110531728817,22
1997,srv_len,Male,67,269,0.193309,57.86110531728817,22
1997,srv_len,Male,69,269,0.156134,57.86110531728817,22
1997,srv_len,Male,71,269,0.081784,57.86110531728817,22
1997,srv_len,Male,73,269,0.05948,57.86110531728817,22
1997,srv_len,Male,75,269,0.037175,57.86110531728817,22
1997,srv_len,Male,77,269,0.022305,57.86110531728817,22
1997,srv_len,Male,79,269,0.018587,57.86110531728817,22
1997,srv_len,Male,81,269,0.003717,57.86110531728817,22
1997,srv_len,Male,83,269,0,57.86110531728817,22
1997,srv_len,Male,85,269,0,57.86110531728817,22
1997,srv_len,Male,87,269,0,57.86110531728817,22
1997,srv_len,Male,89,269,0,57.86110531728817,22
1997,srv_len,Male,91,269,0,57.86110531728817,22
1997,srv_len,Male,93,269,0,57.86110531728817,22
1997,srv_len,Male,95,269,0,57.86110531728817,22
1997,srv_len,Male,97,269,0,57.86110531728817,22
1997,srv_len,Male,99,269,0,57.86110531728817,22
1997,srv_len,Sex combined,41,521,0,67.23156445091946,22
1997,srv_len,Sex combined,43,521,0.0019,67.23156445091946,22
1997,srv_len,Sex combined,45,521,0.0019,67.23156445091946,22
1997,srv_len,Sex combined,47,521,0.0019,67.23156445091946,22
1997,srv_len,Sex combined,49,521,0.0058,67.23156445091946,22
1997,srv_len,Sex combined,51,521,0.0019,67.23156445091946,22
1997,srv_len,Sex combined,53,521,0.0077,67.23156445091946,22
1997,srv_len,Sex combined,55,521,0.0154,67.23156445091946,22
1997,srv_len,Sex combined,57,521,0.023,67.23156445091946,22
1997,srv_len,Sex combined,59,521,0.0269,67.23156445091946,22
1997,srv_len,Sex combined,61,521,0.0422,67.23156445091946,22
1997,srv_len,Sex combined,63,521,0.0787,67.23156445091946,22
1997,srv_len,Sex combined,65,521,0.0864,67.23156445091946,22
1997,srv_len,Sex combined,67,521,0.1286,67.23156445091946,22
1997,srv_len,Sex combined,69,521,0.1209,67.23156445091946,22
1997,srv_len,Sex combined,71,521,0.0806,67.23156445091946,22
1997,srv_len,Sex combined,73,521,0.0979,67.23156445091946,22
1997,srv_len,Sex combined,75,521,0.0576,67.23156445091946,22
1997,srv_len,Sex combined,77,521,0.0537,67.23156445091946,22
1997,srv_len,Sex combined,79,521,0.0461,67.23156445091946,22
1997,srv_len,Sex combined,81,521,0.0326,67.23156445091946,22
1997,srv_len,Sex combined,83,521,0.025,67.23156445091946,22
1997,srv_len,Sex combined,85,521,0.0096,67.23156445091946,22
1997,srv_len,Sex combined,87,521,0.0154,67.23156445091946,22
1997,srv_len,Sex combined,89,521,0.0192,67.23156445091946,22
1997,srv_len,Sex combined,91,521,0.0038,67.23156445091946,22
1997,srv_len,Sex combined,93,521,0.0019,67.23156445091946,22
1997,srv_len,Sex combined,95,521,0.0038,67.23156445091946,22
1997,srv_len,Sex combined,97,521,0.0019,67.23156445091946,22
1997,srv_len,Sex combined,99,521,0.0077,67.23156445091946,22
1998,srv_len,Female,41,196,0,67.23156445091946,23
1998,srv_len,Female,43,196,0.005102,67.23156445091946,23
1998,srv_len,Female,45,196,0,67.23156445091946,23
1998,srv_len,Female,47,196,0,67.23156445091946,23
1998,srv_len,Female,49,196,0,67.23156445091946,23
1998,srv_len,Female,51,196,0.020408,67.23156445091946,23
1998,srv_len,Female,53,196,0.02551,67.23156445091946,23
1998,srv_len,Female,55,196,0.030612,67.23156445091946,23
1998,srv_len,Female,57,196,0.02551,67.23156445091946,23
1998,srv_len,Female,59,196,0.020408,67.23156445091946,23
1998,srv_len,Female,61,196,0.030612,67.23156445091946,23
1998,srv_len,Female,63,196,0.020408,67.23156445091946,23
1998,srv_len,Female,65,196,0.02551,67.23156445091946,23
1998,srv_len,Female,67,196,0.040816,67.23156445091946,23
1998,srv_len,Female,69,196,0.091837,67.23156445091946,23
1998,srv_len,Female,71,196,0.102041,67.23156445091946,23
1998,srv_len,Female,73,196,0.086735,67.23156445091946,23
1998,srv_len,Female,75,196,0.107143,67.23156445091946,23
1998,srv_len,Female,77,196,0.061224,67.23156445091946,23
1998,srv_len,Female,79,196,0.076531,67.23156445091946,23
1998,srv_len,Female,81,196,0.096939,67.23156445091946,23
1998,srv_len,Female,83,196,0.040816,67.23156445091946,23
1998,srv_len,Female,85,196,0.030612,67.23156445091946,23
1998,srv_len,Female,87,196,0.010204,67.23156445091946,23
1998,srv_len,Female,89,196,0.010204,67.23156445091946,23
1998,srv_len,Female,91,196,0.010204,67.23156445091946,23
1998,srv_len,Female,93,196,0.02551,67.23156445091946,23
1998,srv_len,Female,95,196,0,67.23156445091946,23
1998,srv_len,Female,97,196,0,67.23156445091946,23
1998,srv_len,Female,99,196,0.005102,67.23156445091946,23
1998,srv_len,Male,41,153,0,57.86110531728817,23
1998,srv_len,Male,43,153,0,57.86110531728817,23
1998,srv_len,Male,45,153,0,57.86110531728817,23
1998,srv_len,Male,47,153,0.013072,57.86110531728817,23
1998,srv_len,Male,49,153,0.013072,57.86110531728817,23
1998,srv_len,Male,51,153,0.013072,57.86110531728817,23
1998,srv_len,Male,53,153,0.03268,57.86110531728817,23
1998,srv_len,Male,55,153,0.026144,57.86110531728817,23
1998,srv_len,Male,57,153,0.013072,57.86110531728817,23
1998,srv_len,Male,59,153,0.019608,57.86110531728817,23
1998,srv_len,Male,61,153,0.071895,57.86110531728817,23
1998,srv_len,Male,63,153,0.137255,57.86110531728817,23
1998,srv_len,Male,65,153,0.189542,57.86110531728817,23
1998,srv_len,Male,67,153,0.111111,57.86110531728817,23
1998,srv_len,Male,69,153,0.183007,57.86110531728817,23
1998,srv_len,Male,71,153,0.065359,57.86110531728817,23
1998,srv_len,Male,73,153,0.058824,57.86110531728817,23
1998,srv_len,Male,75,153,0.03268,57.86110531728817,23
1998,srv_len,Male,77,153,0.006536,57.86110531728817,23
1998,srv_len,Male,79,153,0.006536,57.86110531728817,23
1998,srv_len,Male,81,153,0,57.86110531728817,23
1998,srv_len,Male,83,153,0,57.86110531728817,23
1998,srv_len,Male,85,153,0,57.86110531728817,23
1998,srv_len,Male,87,153,0,57.86110531728817,23
1998,srv_len,Male,89,153,0,57.86110531728817,23
1998,srv_len,Male,91,153,0,57.86110531728817,23
1998,srv_len,Male,93,153,0.006536,57.86110531728817,23
1998,srv_len,Male,95,153,0,57.86110531728817,23
1998,srv_len,Male,97,153,0,57.86110531728817,23
1998,srv_len,Male,99,153,0,57.86110531728817,23
1998,srv_len,Sex combined,41,349,0,67.23156445091946,23
1998,srv_len,Sex combined,43,349,0.0029,67.23156445091946,23
1998,srv_len,Sex combined,45,349,0,67.23156445091946,23
1998,srv_len,Sex combined,47,349,0.0057,67.23156445091946,23
1998,srv_len,Sex combined,49,349,0.0057,67.23156445091946,23
1998,srv_len,Sex combined,51,349,0.0172,67.23156445091946,23
1998,srv_len,Sex combined,53,349,0.0287,67.23156445091946,23
1998,srv_len,Sex combined,55,349,0.0287,67.23156445091946,23
1998,srv_len,Sex combined,57,349,0.0201,67.23156445091946,23
1998,srv_len,Sex combined,59,349,0.0201,67.23156445091946,23
1998,srv_len,Sex combined,61,349,0.0487,67.23156445091946,23
1998,srv_len,Sex combined,63,349,0.0716,67.23156445091946,23
1998,srv_len,Sex combined,65,349,0.0974,67.23156445091946,23
1998,srv_len,Sex combined,67,349,0.0716,67.23156445091946,23
1998,srv_len,Sex combined,69,349,0.1318,67.23156445091946,23
1998,srv_len,Sex combined,71,349,0.086,67.23156445091946,23
1998,srv_len,Sex combined,73,349,0.0745,67.23156445091946,23
1998,srv_len,Sex combined,75,349,0.0745,67.23156445091946,23
1998,srv_len,Sex combined,77,349,0.0372,67.23156445091946,23
1998,srv_len,Sex combined,79,349,0.0458,67.23156445091946,23
1998,srv_len,Sex combined,81,349,0.0544,67.23156445091946,23
1998,srv_len,Sex combined,83,349,0.0229,67.23156445091946,23
1998,srv_len,Sex combined,85,349,0.0172,67.23156445091946,23
1998,srv_len,Sex combined,87,349,0.0057,67.23156445091946,23
1998,srv_len,Sex combined,89,349,0.0057,67.23156445091946,23
1998,srv_len,Sex combined,91,349,0.0057,67.23156445091946,23
1998,srv_len,Sex combined,93,349,0.0172,67.23156445091946,23
1998,srv_len,Sex combined,95,349,0,67.23156445091946,23
1998,srv_len,Sex combined,97,349,0,67.23156445091946,23
1998,srv_len,Sex combined,99,349,0.0029,67.23156445091946,23
1999,srv_len,Female,41,129,0,67.23156445091946,24
1999,srv_len,Female,43,129,0,67.23156445091946,24
1999,srv_len,Female,45,129,0.007752,67.23156445091946,24
1999,srv_len,Female,47,129,0.031008,67.23156445091946,24
1999,srv_len,Female,49,129,0.03876,67.23156445091946,24
1999,srv_len,Female,51,129,0.031008,67.23156445091946,24
1999,srv_len,Female,53,129,0.031008,67.23156445091946,24
1999,srv_len,Female,55,129,0.069767,67.23156445091946,24
1999,srv_len,Female,57,129,0.054264,67.23156445091946,24
1999,srv_len,Female,59,129,0.077519,67.23156445091946,24
1999,srv_len,Female,61,129,0.077519,67.23156445091946,24
1999,srv_len,Female,63,129,0.054264,67.23156445091946,24
1999,srv_len,Female,65,129,0.03876,67.23156445091946,24
1999,srv_len,Female,67,129,0.031008,67.23156445091946,24
1999,srv_len,Female,69,129,0.046512,67.23156445091946,24
1999,srv_len,Female,71,129,0.054264,67.23156445091946,24
1999,srv_len,Female,73,129,0.046512,67.23156445091946,24
1999,srv_len,Female,75,129,0.054264,67.23156445091946,24
1999,srv_len,Female,77,129,0.03876,67.23156445091946,24
1999,srv_len,Female,79,129,0.054264,67.23156445091946,24
1999,srv_len,Female,81,129,0.046512,67.23156445091946,24
1999,srv_len,Female,83,129,0.046512,67.23156445091946,24
1999,srv_len,Female,85,129,0.023256,67.23156445091946,24
1999,srv_len,Female,87,129,0,67.23156445091946,24
1999,srv_len,Female,89,129,0.031008,67.23156445091946,24
1999,srv_len,Female,91,129,0,67.23156445091946,24
1999,srv_len,Female,93,129,0.007752,67.23156445091946,24
1999,srv_len,Female,95,129,0,67.23156445091946,24
1999,srv_len,Female,97,129,0,67.23156445091946,24
1999,srv_len,Female,99,129,0.007752,67.23156445091946,24
1999,srv_len,Male,41,144,0,57.86110531728817,24
1999,srv_len,Male,43,144,0,57.86110531728817,24
1999,srv_len,Male,45,144,0.006944,57.86110531728817,24
1999,srv_len,Male,47,144,0.048611,57.86110531728817,24
1999,srv_len,Male,49,144,0.027778,57.86110531728817,24
1999,srv_len,Male,51,144,0.013889,57.86110531728817,24
1999,srv_len,Male,53,144,0.076389,57.86110531728817,24
1999,srv_len,Male,55,144,0.041667,57.86110531728817,24
1999,srv_len,Male,57,144,0.048611,57.86110531728817,24
1999,srv_len,Male,59,144,0.055556,57.86110531728817,24
1999,srv_len,Male,61,144,0.083333,57.86110531728817,24
1999,srv_len,Male,63,144,0.097222,57.86110531728817,24
1999,srv_len,Male,65,144,0.145833,57.86110531728817,24
1999,srv_len,Male,67,144,0.125,57.86110531728817,24
1999,srv_len,Male,69,144,0.104167,57.86110531728817,24
1999,srv_len,Male,71,144,0.055556,57.86110531728817,24
1999,srv_len,Male,73,144,0.027778,57.86110531728817,24
1999,srv_len,Male,75,144,0.006944,57.86110531728817,24
1999,srv_len,Male,77,144,0.013889,57.86110531728817,24
1999,srv_len,Male,79,144,0.006944,57.86110531728817,24
1999,srv_len,Male,81,144,0,57.86110531728817,24
1999,srv_len,Male,83,144,0.006944,57.86110531728817,24
1999,srv_len,Male,85,144,0,57.86110531728817,24
1999,srv_len,Male,87,144,0,57.86110531728817,24
1999,srv_len,Male,89,144,0,57.86110531728817,24
1999,srv_len,Male,91,144,0,57.86110531728817,24
1999,srv_len,Male,93,144,0,57.86110531728817,24
1999,srv_len,Male,95,144,0.006944,57.86110531728817,24
1999,srv_len,Male,97,144,0,57.86110531728817,24
1999,srv_len,Male,99,144,0,57.86110531728817,24
1999,srv_len,Sex combined,41,273,0,67.23156445091946,24
1999,srv_len,Sex combined,43,273,0,67.23156445091946,24
1999,srv_len,Sex combined,45,273,0.0073,67.23156445091946,24
1999,srv_len,Sex combined,47,273,0.0403,67.23156445091946,24
1999,srv_len,Sex combined,49,273,0.033,67.23156445091946,24
1999,srv_len,Sex combined,51,273,0.022,67.23156445091946,24
1999,srv_len,Sex combined,53,273,0.0549,67.23156445091946,24
1999,srv_len,Sex combined,55,273,0.0549,67.23156445091946,24
1999,srv_len,Sex combined,57,273,0.0513,67.23156445091946,24
1999,srv_len,Sex combined,59,273,0.0659,67.23156445091946,24
1999,srv_len,Sex combined,61,273,0.0806,67.23156445091946,24
1999,srv_len,Sex combined,63,273,0.0769,67.23156445091946,24
1999,srv_len,Sex combined,65,273,0.0952,67.23156445091946,24
1999,srv_len,Sex combined,67,273,0.0806,67.23156445091946,24
1999,srv_len,Sex combined,69,273,0.0769,67.23156445091946,24
1999,srv_len,Sex combined,71,273,0.0549,67.23156445091946,24
1999,srv_len,Sex combined,73,273,0.0366,67.23156445091946,24
1999,srv_len,Sex combined,75,273,0.0293,67.23156445091946,24
1999,srv_len,Sex combined,77,273,0.0256,67.23156445091946,24
1999,srv_len,Sex combined,79,273,0.0293,67.23156445091946,24
1999,srv_len,Sex combined,81,273,0.022,67.23156445091946,24
1999,srv_len,Sex combined,83,273,0.0256,67.23156445091946,24
1999,srv_len,Sex combined,85,273,0.011,67.23156445091946,24
1999,srv_len,Sex combined,87,273,0,67.23156445091946,24
1999,srv_len,Sex combined,89,273,0.0147,67.23156445091946,24
1999,srv_len,Sex combined,91,273,0,67.23156445091946,24
1999,srv_len,Sex combined,93,273,0.0037,67.23156445091946,24
1999,srv_len,Sex combined,95,273,0.0037,67.23156445091946,24
1999,srv_len,Sex combined,97,273,0,67.23156445091946,24
1999,srv_len,Sex combined,99,273,0.0037,67.23156445091946,24
2000,srv_len,Female,41,206,0,67.23156445091946,25
2000,srv_len,Female,43,206,0,67.23156445091946,25
2000,srv_len,Female,45,206,0.004854,67.23156445091946,25
2000,srv_len,Female,47,206,0.014563,67.23156445091946,25
2000,srv_len,Female,49,206,0.024272,67.23156445091946,25
2000,srv_len,Female,51,206,0.063107,67.23156445091946,25
2000,srv_len,Female,53,206,0.043689,67.23156445091946,25
2000,srv_len,Female,55,206,0.043689,67.23156445091946,25
2000,srv_len,Female,57,206,0.024272,67.23156445091946,25
2000,srv_len,Female,59,206,0.067961,67.23156445091946,25
2000,srv_len,Female,61,206,0.024272,67.23156445091946,25
2000,srv_len,Female,63,206,0.043689,67.23156445091946,25
2000,srv_len,Female,65,206,0.07767,67.23156445091946,25
2000,srv_len,Female,67,206,0.082524,67.23156445091946,25
2000,srv_len,Female,69,206,0.07767,67.23156445091946,25
2000,srv_len,Female,71,206,0.063107,67.23156445091946,25
2000,srv_len,Female,73,206,0.053398,67.23156445091946,25
2000,srv_len,Female,75,206,0.048544,67.23156445091946,25
2000,srv_len,Female,77,206,0.038835,67.23156445091946,25
2000,srv_len,Female,79,206,0.058252,67.23156445091946,25
2000,srv_len,Female,81,206,0.024272,67.23156445091946,25
2000,srv_len,Female,83,206,0.043689,67.23156445091946,25
2000,srv_len,Female,85,206,0.014563,67.23156445091946,25
2000,srv_len,Female,87,206,0.019417,67.23156445091946,25
2000,srv_len,Female,89,206,0.014563,67.23156445091946,25
2000,srv_len,Female,91,206,0.014563,67.23156445091946,25
2000,srv_len,Female,93,206,0,67.23156445091946,25
2000,srv_len,Female,95,206,0.009709,67.23156445091946,25
2000,srv_len,Female,97,206,0,67.23156445091946,25
2000,srv_len,Female,99,206,0.004854,67.23156445091946,25
2000,srv_len,Male,41,174,0,57.86110531728817,25
2000,srv_len,Male,43,174,0,57.86110531728817,25
2000,srv_len,Male,45,174,0.011494,57.86110531728817,25
2000,srv_len,Male,47,174,0.028736,57.86110531728817,25
2000,srv_len,Male,49,174,0.057471,57.86110531728817,25
2000,srv_len,Male,51,174,0.045977,57.86110531728817,25
2000,srv_len,Male,53,174,0.028736,57.86110531728817,25
2000,srv_len,Male,55,174,0.045977,57.86110531728817,25
2000,srv_len,Male,57,174,0.097701,57.86110531728817,25
2000,srv_len,Male,59,174,0.057471,57.86110531728817,25
2000,srv_len,Male,61,174,0.109195,57.86110531728817,25
2000,srv_len,Male,63,174,0.091954,57.86110531728817,25
2000,srv_len,Male,65,174,0.051724,57.86110531728817,25
2000,srv_len,Male,67,174,0.114943,57.86110531728817,25
2000,srv_len,Male,69,174,0.109195,57.86110531728817,25
2000,srv_len,Male,71,174,0.074713,57.86110531728817,25
2000,srv_len,Male,73,174,0.034483,57.86110531728817,25
2000,srv_len,Male,75,174,0.028736,57.86110531728817,25
2000,srv_len,Male,77,174,0.005747,57.86110531728817,25
2000,srv_len,Male,79,174,0,57.86110531728817,25
2000,srv_len,Male,81,174,0.005747,57.86110531728817,25
2000,srv_len,Male,83,174,0,57.86110531728817,25
2000,srv_len,Male,85,174,0,57.86110531728817,25
2000,srv_len,Male,87,174,0,57.86110531728817,25
2000,srv_len,Male,89,174,0,57.86110531728817,25
2000,srv_len,Male,91,174,0,57.86110531728817,25
2000,srv_len,Male,93,174,0,57.86110531728817,25
2000,srv_len,Male,95,174,0,57.86110531728817,25
2000,srv_len,Male,97,174,0,57.86110531728817,25
2000,srv_len,Male,99,174,0,57.86110531728817,25
2000,srv_len,Sex combined,41,380,0,67.23156445091946,25
2000,srv_len,Sex combined,43,380,0,67.23156445091946,25
2000,srv_len,Sex combined,45,380,0.0079,67.23156445091946,25
2000,srv_len,Sex combined,47,380,0.0211,67.23156445091946,25
2000,srv_len,Sex combined,49,380,0.0395,67.23156445091946,25
2000,srv_len,Sex combined,51,380,0.0553,67.23156445091946,25
2000,srv_len,Sex combined,53,380,0.0368,67.23156445091946,25
2000,srv_len,Sex combined,55,380,0.0447,67.23156445091946,25
2000,srv_len,Sex combined,57,380,0.0579,67.23156445091946,25
2000,srv_len,Sex combined,59,380,0.0632,67.23156445091946,25
2000,srv_len,Sex combined,61,380,0.0632,67.23156445091946,25
2000,srv_len,Sex combined,63,380,0.0658,67.23156445091946,25
2000,srv_len,Sex combined,65,380,0.0658,67.23156445091946,25
2000,srv_len,Sex combined,67,380,0.0974,67.23156445091946,25
2000,srv_len,Sex combined,69,380,0.0921,67.23156445091946,25
2000,srv_len,Sex combined,71,380,0.0684,67.23156445091946,25
2000,srv_len,Sex combined,73,380,0.0447,67.23156445091946,25
2000,srv_len,Sex combined,75,380,0.0395,67.23156445091946,25
2000,srv_len,Sex combined,77,380,0.0237,67.23156445091946,25
2000,srv_len,Sex combined,79,380,0.0316,67.23156445091946,25
2000,srv_len,Sex combined,81,380,0.0158,67.23156445091946,25
2000,srv_len,Sex combined,83,380,0.0237,67.23156445091946,25
2000,srv_len,Sex combined,85,380,0.0079,67.23156445091946,25
2000,srv_len,Sex combined,87,380,0.0105,67.23156445091946,25
2000,srv_len,Sex combined,89,380,0.0079,67.23156445091946,25
2000,srv_len,Sex combined,91,380,0.0079,67.23156445091946,25
2000,srv_len,Sex combined,93,380,0,67.23156445091946,25
2000,srv_len,Sex combined,95,380,0.0053,67.23156445091946,25
2000,srv_len,Sex combined,97,380,0,67.23156445091946,25
2000,srv_len,Sex combined,99,380,0.0026,67.23156445091946,25
2001,srv_len,Female,41,181,0,67.23156445091946,26
2001,srv_len,Female,43,181,0,67.23156445091946,26
2001,srv_len,Female,45,181,0,67.23156445091946,26
2001,srv_len,Female,47,181,0.01105,67.23156445091946,26
2001,srv_len,Female,49,181,0.016575,67.23156445091946,26
2001,srv_len,Female,51,181,0.027624,67.23156445091946,26
2001,srv_len,Female,53,181,0.055249,67.23156445091946,26
2001,srv_len,Female,55,181,0.016575,67.23156445091946,26
2001,srv_len,Female,57,181,0.066298,67.23156445091946,26
2001,srv_len,Female,59,181,0.016575,67.23156445091946,26
2001,srv_len,Female,61,181,0.027624,67.23156445091946,26
2001,srv_len,Female,63,181,0.033149,67.23156445091946,26
2001,srv_len,Female,65,181,0.082873,67.23156445091946,26
2001,srv_len,Female,67,181,0.055249,67.23156445091946,26
2001,srv_len,Female,69,181,0.055249,67.23156445091946,26
2001,srv_len,Female,71,181,0.055249,67.23156445091946,26
2001,srv_len,Female,73,181,0.044199,67.23156445091946,26
2001,srv_len,Female,75,181,0.099448,67.23156445091946,26
2001,srv_len,Female,77,181,0.066298,67.23156445091946,26
2001,srv_len,Female,79,181,0.066298,67.23156445091946,26
2001,srv_len,Female,81,181,0.049724,67.23156445091946,26
2001,srv_len,Female,83,181,0.016575,67.23156445091946,26
2001,srv_len,Female,85,181,0.033149,67.23156445091946,26
2001,srv_len,Female,87,181,0.038674,67.23156445091946,26
2001,srv_len,Female,89,181,0.01105,67.23156445091946,26
2001,srv_len,Female,91,181,0.016575,67.23156445091946,26
2001,srv_len,Female,93,181,0.01105,67.23156445091946,26
2001,srv_len,Female,95,181,0.01105,67.23156445091946,26
2001,srv_len,Female,97,181,0,67.23156445091946,26
2001,srv_len,Female,99,181,0.016575,67.23156445091946,26
2001,srv_len,Male,41,261,0,57.86110531728817,26
2001,srv_len,Male,43,261,0,57.86110531728817,26
2001,srv_len,Male,45,261,0.003831,57.86110531728817,26
2001,srv_len,Male,47,261,0.003831,57.86110531728817,26
2001,srv_len,Male,49,261,0.007663,57.86110531728817,26
2001,srv_len,Male,51,261,0.057471,57.86110531728817,26
2001,srv_len,Male,53,261,0.042146,57.86110531728817,26
2001,srv_len,Male,55,261,0.030651,57.86110531728817,26
2001,srv_len,Male,57,261,0.049808,57.86110531728817,26
2001,srv_len,Male,59,261,0.065134,57.86110531728817,26
2001,srv_len,Male,61,261,0.08046,57.86110531728817,26
2001,srv_len,Male,63,261,0.10728,57.86110531728817,26
2001,srv_len,Male,65,261,0.122605,57.86110531728817,26
2001,srv_len,Male,67,261,0.114943,57.86110531728817,26
2001,srv_len,Male,69,261,0.126437,57.86110531728817,26
2001,srv_len,Male,71,261,0.076628,57.86110531728817,26
2001,srv_len,Male,73,261,0.05364,57.86110531728817,26
2001,srv_len,Male,75,261,0.02682,57.86110531728817,26
2001,srv_len,Male,77,261,0.011494,57.86110531728817,26
2001,srv_len,Male,79,261,0.007663,57.86110531728817,26
2001,srv_len,Male,81,261,0.011494,57.86110531728817,26
2001,srv_len,Male,83,261,0,57.86110531728817,26
2001,srv_len,Male,85,261,0,57.86110531728817,26
2001,srv_len,Male,87,261,0,57.86110531728817,26
2001,srv_len,Male,89,261,0,57.86110531728817,26
2001,srv_len,Male,91,261,0,57.86110531728817,26
2001,srv_len,Male,93,261,0,57.86110531728817,26
2001,srv_len,Male,95,261,0,57.86110531728817,26
2001,srv_len,Male,97,261,0,57.86110531728817,26
2001,srv_len,Male,99,261,0,57.86110531728817,26
2001,srv_len,Sex combined,41,442,0,67.23156445091946,26
2001,srv_len,Sex combined,43,442,0,67.23156445091946,26
2001,srv_len,Sex combined,45,442,0.0023,67.23156445091946,26
2001,srv_len,Sex combined,47,442,0.0068,67.23156445091946,26
2001,srv_len,Sex combined,49,442,0.0113,67.23156445091946,26
2001,srv_len,Sex combined,51,442,0.0452,67.23156445091946,26
2001,srv_len,Sex combined,53,442,0.0475,67.23156445091946,26
2001,srv_len,Sex combined,55,442,0.0249,67.23156445091946,26
2001,srv_len,Sex combined,57,442,0.0566,67.23156445091946,26
2001,srv_len,Sex combined,59,442,0.0452,67.23156445091946,26
2001,srv_len,Sex combined,61,442,0.0588,67.23156445091946,26
2001,srv_len,Sex combined,63,442,0.0769,67.23156445091946,26
2001,srv_len,Sex combined,65,442,0.1063,67.23156445091946,26
2001,srv_len,Sex combined,67,442,0.0905,67.23156445091946,26
2001,srv_len,Sex combined,69,442,0.0973,67.23156445091946,26
2001,srv_len,Sex combined,71,442,0.0679,67.23156445091946,26
2001,srv_len,Sex combined,73,442,0.0498,67.23156445091946,26
2001,srv_len,Sex combined,75,442,0.0566,67.23156445091946,26
2001,srv_len,Sex combined,77,442,0.0339,67.23156445091946,26
2001,srv_len,Sex combined,79,442,0.0317,67.23156445091946,26
2001,srv_len,Sex combined,81,442,0.0271,67.23156445091946,26
2001,srv_len,Sex combined,83,442,0.0068,67.23156445091946,26
2001,srv_len,Sex combined,85,442,0.0136,67.23156445091946,26
2001,srv_len,Sex combined,87,442,0.0158,67.23156445091946,26
2001,srv_len,Sex combined,89,442,0.0045,67.23156445091946,26
2001,srv_len,Sex combined,91,442,0.0068,67.23156445091946,26
2001,srv_len,Sex combined,93,442,0.0045,67.23156445091946,26
2001,srv_len,Sex combined,95,442,0.0045,67.23156445091946,26
2001,srv_len,Sex combined,97,442,0,67.23156445091946,26
2001,srv_len,Sex combined,99,442,0.0068,67.23156445091946,26
2002,srv_len,Female,41,294,0,67.23156445091946,27
2002,srv_len,Female,43,294,0,67.23156445091946,27
2002,srv_len,Female,45,294,0,67.23156445091946,27
2002,srv_len,Female,47,294,0.006803,67.23156445091946,27
2002,srv_len,Female,49,294,0.010204,67.23156445091946,27
2002,srv_len,Female,51,294,0.006803,67.23156445091946,27
2002,srv_len,Female,53,294,0.02381,67.23156445091946,27
2002,srv_len,Female,55,294,0.071429,67.23156445091946,27
2002,srv_len,Female,57,294,0.064626,67.23156445091946,27
2002,srv_len,Female,59,294,0.057823,67.23156445091946,27
2002,srv_len,Female,61,294,0.057823,67.23156445091946,27
2002,srv_len,Female,63,294,0.071429,67.23156445091946,27
2002,srv_len,Female,65,294,0.037415,67.23156445091946,27
2002,srv_len,Female,67,294,0.061224,67.23156445091946,27
2002,srv_len,Female,69,294,0.057823,67.23156445091946,27
2002,srv_len,Female,71,294,0.054422,67.23156445091946,27
2002,srv_len,Female,73,294,0.085034,67.23156445091946,27
2002,srv_len,Female,75,294,0.05102,67.23156445091946,27
2002,srv_len,Female,77,294,0.044218,67.23156445091946,27
2002,srv_len,Female,79,294,0.037415,67.23156445091946,27
2002,srv_len,Female,81,294,0.057823,67.23156445091946,27
2002,srv_len,Female,83,294,0.030612,67.23156445091946,27
2002,srv_len,Female,85,294,0.027211,67.23156445091946,27
2002,srv_len,Female,87,294,0.02381,67.23156445091946,27
2002,srv_len,Female,89,294,0.013605,67.23156445091946,27
2002,srv_len,Female,91,294,0.010204,67.23156445091946,27
2002,srv_len,Female,93,294,0.013605,67.23156445091946,27
2002,srv_len,Female,95,294,0.003401,67.23156445091946,27
2002,srv_len,Female,97,294,0.006803,67.23156445091946,27
2002,srv_len,Female,99,294,0.013605,67.23156445091946,27
2002,srv_len,Male,41,344,0,57.86110531728817,27
2002,srv_len,Male,43,344,0,57.86110531728817,27
2002,srv_len,Male,45,344,0.002907,57.86110531728817,27
2002,srv_len,Male,47,344,0.005814,57.86110531728817,27
2002,srv_len,Male,49,344,0.005814,57.86110531728817,27
2002,srv_len,Male,51,344,0.023256,57.86110531728817,27
2002,srv_len,Male,53,344,0.034884,57.86110531728817,27
2002,srv_len,Male,55,344,0.034884,57.86110531728817,27
2002,srv_len,Male,57,344,0.069767,57.86110531728817,27
2002,srv_len,Male,59,344,0.110465,57.86110531728817,27
2002,srv_len,Male,61,344,0.130814,57.86110531728817,27
2002,srv_len,Male,63,344,0.113372,57.86110531728817,27
2002,srv_len,Male,65,344,0.093023,57.86110531728817,27
2002,srv_len,Male,67,344,0.125,57.86110531728817,27
2002,srv_len,Male,69,344,0.098837,57.86110531728817,27
2002,srv_len,Male,71,344,0.063953,57.86110531728817,27
2002,srv_len,Male,73,344,0.037791,57.86110531728817,27
2002,srv_len,Male,75,344,0.031977,57.86110531728817,27
2002,srv_len,Male,77,344,0.011628,57.86110531728817,27
2002,srv_len,Male,79,344,0.002907,57.86110531728817,27
2002,srv_len,Male,81,344,0,57.86110531728817,27
2002,srv_len,Male,83,344,0.002907,57.86110531728817,27
2002,srv_len,Male,85,344,0,57.86110531728817,27
2002,srv_len,Male,87,344,0,57.86110531728817,27
2002,srv_len,Male,89,344,0,57.86110531728817,27
2002,srv_len,Male,91,344,0,57.86110531728817,27
2002,srv_len,Male,93,344,0,57.86110531728817,27
2002,srv_len,Male,95,344,0,57.86110531728817,27
2002,srv_len,Male,97,344,0,57.86110531728817,27
2002,srv_len,Male,99,344,0,57.86110531728817,27
2002,srv_len,Sex combined,41,638,0,67.23156445091946,27
2002,srv_len,Sex combined,43,638,0,67.23156445091946,27
2002,srv_len,Sex combined,45,638,0.0016,67.23156445091946,27
2002,srv_len,Sex combined,47,638,0.0063,67.23156445091946,27
2002,srv_len,Sex combined,49,638,0.0078,67.23156445091946,27
2002,srv_len,Sex combined,51,638,0.0157,67.23156445091946,27
2002,srv_len,Sex combined,53,638,0.0298,67.23156445091946,27
2002,srv_len,Sex combined,55,638,0.0517,67.23156445091946,27
2002,srv_len,Sex combined,57,638,0.0674,67.23156445091946,27
2002,srv_len,Sex combined,59,638,0.0862,67.23156445091946,27
2002,srv_len,Sex combined,61,638,0.0972,67.23156445091946,27
2002,srv_len,Sex combined,63,638,0.094,67.23156445091946,27
2002,srv_len,Sex combined,65,638,0.0674,67.23156445091946,27
2002,srv_len,Sex combined,67,638,0.0956,67.23156445091946,27
2002,srv_len,Sex combined,69,638,0.0799,67.23156445091946,27
2002,srv_len,Sex combined,71,638,0.0596,67.23156445091946,27
2002,srv_len,Sex combined,73,638,0.0596,67.23156445091946,27
2002,srv_len,Sex combined,75,638,0.0408,67.23156445091946,27
2002,srv_len,Sex combined,77,638,0.0266,67.23156445091946,27
2002,srv_len,Sex combined,79,638,0.0188,67.23156445091946,27
2002,srv_len,Sex combined,81,638,0.0266,67.23156445091946,27
2002,srv_len,Sex combined,83,638,0.0157,67.23156445091946,27
2002,srv_len,Sex combined,85,638,0.0125,67.23156445091946,27
2002,srv_len,Sex combined,87,638,0.011,67.23156445091946,27
2002,srv_len,Sex combined,89,638,0.0063,67.23156445091946,27
2002,srv_len,Sex combined,91,638,0.0047,67.23156445091946,27
2002,srv_len,Sex combined,93,638,0.0063,67.23156445091946,27
2002,srv_len,Sex combined,95,638,0.0016,67.23156445091946,27
2002,srv_len,Sex combined,97,638,0.0031,67.23156445091946,27
2002,srv_len,Sex combined,99,638,0.0063,67.23156445091946,27
2003,srv_len,Female,41,386,0,67.23156445091946,28
2003,srv_len,Female,43,386,0,67.23156445091946,28
2003,srv_len,Female,45,386,0,67.23156445091946,28
2003,srv_len,Female,47,386,0.005181,67.23156445091946,28
2003,srv_len,Female,49,386,0.005181,67.23156445091946,28
2003,srv_len,Female,51,386,0.03886,67.23156445091946,28
2003,srv_len,Female,53,386,0.028497,67.23156445091946,28
2003,srv_len,Female,55,386,0.033679,67.23156445091946,28
2003,srv_len,Female,57,386,0.062176,67.23156445091946,28
2003,srv_len,Female,59,386,0.033679,67.23156445091946,28
2003,srv_len,Female,61,386,0.044041,67.23156445091946,28
2003,srv_len,Female,63,386,0.041451,67.23156445091946,28
2003,srv_len,Female,65,386,0.085492,67.23156445091946,28
2003,srv_len,Female,67,386,0.088083,67.23156445091946,28
2003,srv_len,Female,69,386,0.121762,67.23156445091946,28
2003,srv_len,Female,71,386,0.088083,67.23156445091946,28
2003,srv_len,Female,73,386,0.044041,67.23156445091946,28
2003,srv_len,Female,75,386,0.041451,67.23156445091946,28
2003,srv_len,Female,77,386,0.044041,67.23156445091946,28
2003,srv_len,Female,79,386,0.041451,67.23156445091946,28
2003,srv_len,Female,81,386,0.03886,67.23156445091946,28
2003,srv_len,Female,83,386,0.020725,67.23156445091946,28
2003,srv_len,Female,85,386,0.023316,67.23156445091946,28
2003,srv_len,Female,87,386,0.028497,67.23156445091946,28
2003,srv_len,Female,89,386,0.018135,67.23156445091946,28
2003,srv_len,Female,91,386,0.005181,67.23156445091946,28
2003,srv_len,Female,93,386,0.005181,67.23156445091946,28
2003,srv_len,Female,95,386,0.005181,67.23156445091946,28
2003,srv_len,Female,97,386,0.002591,67.23156445091946,28
2003,srv_len,Female,99,386,0.005181,67.23156445091946,28
2003,srv_len,Male,41,394,0,57.86110531728817,28
2003,srv_len,Male,43,394,0,57.86110531728817,28
2003,srv_len,Male,45,394,0.002538,57.86110531728817,28
2003,srv_len,Male,47,394,0.005076,57.86110531728817,28
2003,srv_len,Male,49,394,0.022843,57.86110531728817,28
2003,srv_len,Male,51,394,0.030457,57.86110531728817,28
2003,srv_len,Male,53,394,0.025381,57.86110531728817,28
2003,srv_len,Male,55,394,0.060914,57.86110531728817,28
2003,srv_len,Male,57,394,0.06599,57.86110531728817,28
2003,srv_len,Male,59,394,0.091371,57.86110531728817,28
2003,srv_len,Male,61,394,0.14467,57.86110531728817,28
2003,srv_len,Male,63,394,0.119289,57.86110531728817,28
2003,srv_len,Male,65,394,0.109137,57.86110531728817,28
2003,srv_len,Male,67,394,0.104061,57.86110531728817,28
2003,srv_len,Male,69,394,0.091371,57.86110531728817,28
2003,srv_len,Male,71,394,0.076142,57.86110531728817,28
2003,srv_len,Male,73,394,0.022843,57.86110531728817,28
2003,srv_len,Male,75,394,0.010152,57.86110531728817,28
2003,srv_len,Male,77,394,0.010152,57.86110531728817,28
2003,srv_len,Male,79,394,0.005076,57.86110531728817,28
2003,srv_len,Male,81,394,0.002538,57.86110531728817,28
2003,srv_len,Male,83,394,0,57.86110531728817,28
2003,srv_len,Male,85,394,0,57.86110531728817,28
2003,srv_len,Male,87,394,0,57.86110531728817,28
2003,srv_len,Male,89,394,0,57.86110531728817,28
2003,srv_len,Male,91,394,0,57.86110531728817,28
2003,srv_len,Male,93,394,0,57.86110531728817,28
2003,srv_len,Male,95,394,0,57.86110531728817,28
2003,srv_len,Male,97,394,0,57.86110531728817,28
2003,srv_len,Male,99,394,0,57.86110531728817,28
2003,srv_len,Sex combined,41,780,0,67.23156445091946,28
2003,srv_len,Sex combined,43,780,0,67.23156445091946,28
2003,srv_len,Sex combined,45,780,0.0013,67.23156445091946,28
2003,srv_len,Sex combined,47,780,0.0051,67.23156445091946,28
2003,srv_len,Sex combined,49,780,0.0141,67.23156445091946,28
2003,srv_len,Sex combined,51,780,0.0346,67.23156445091946,28
2003,srv_len,Sex combined,53,780,0.0269,67.23156445091946,28
2003,srv_len,Sex combined,55,780,0.0474,67.23156445091946,28
2003,srv_len,Sex combined,57,780,0.0641,67.23156445091946,28
2003,srv_len,Sex combined,59,780,0.0628,67.23156445091946,28
2003,srv_len,Sex combined,61,780,0.0949,67.23156445091946,28
2003,srv_len,Sex combined,63,780,0.0808,67.23156445091946,28
2003,srv_len,Sex combined,65,780,0.0974,67.23156445091946,28
2003,srv_len,Sex combined,67,780,0.0962,67.23156445091946,28
2003,srv_len,Sex combined,69,780,0.1064,67.23156445091946,28
2003,srv_len,Sex combined,71,780,0.0821,67.23156445091946,28
2003,srv_len,Sex combined,73,780,0.0333,67.23156445091946,28
2003,srv_len,Sex combined,75,780,0.0256,67.23156445091946,28
2003,srv_len,Sex combined,77,780,0.0269,67.23156445091946,28
2003,srv_len,Sex combined,79,780,0.0231,67.23156445091946,28
2003,srv_len,Sex combined,81,780,0.0205,67.23156445091946,28
2003,srv_len,Sex combined,83,780,0.0103,67.23156445091946,28
2003,srv_len,Sex combined,85,780,0.0115,67.23156445091946,28
2003,srv_len,Sex combined,87,780,0.0141,67.23156445091946,28
2003,srv_len,Sex combined,89,780,0.009,67.23156445091946,28
2003,srv_len,Sex combined,91,780,0.0026,67.23156445091946,28
2003,srv_len,Sex combined,93,780,0.0026,67.23156445091946,28
2003,srv_len,Sex combined,95,780,0.0026,67.23156445091946,28
2003,srv_len,Sex combined,97,780,0.0013,67.23156445091946,28
2003,srv_len,Sex combined,99,780,0.0026,67.23156445091946,28
2004,srv_len,Female,41,395,0,67.23156445091946,29
2004,srv_len,Female,43,395,0,67.23156445091946,29
2004,srv_len,Female,45,395,0,67.23156445091946,29
2004,srv_len,Female,47,395,0,67.23156445091946,29
2004,srv_len,Female,49,395,0.002532,67.23156445091946,29
2004,srv_len,Female,51,395,0.03038,67.23156445091946,29
2004,srv_len,Female,53,395,0.01519,67.23156445091946,29
2004,srv_len,Female,55,395,0.035443,67.23156445091946,29
2004,srv_len,Female,57,395,0.048101,67.23156445091946,29
2004,srv_len,Female,59,395,0.037975,67.23156445091946,29
2004,srv_len,Female,61,395,0.048101,67.23156445091946,29
2004,srv_len,Female,63,395,0.055696,67.23156445091946,29
2004,srv_len,Female,65,395,0.098734,67.23156445091946,29
2004,srv_len,Female,67,395,0.103797,67.23156445091946,29
2004,srv_len,Female,69,395,0.129114,67.23156445091946,29
2004,srv_len,Female,71,395,0.113924,67.23156445091946,29
2004,srv_len,Female,73,395,0.068354,67.23156445091946,29
2004,srv_len,Female,75,395,0.040506,67.23156445091946,29
2004,srv_len,Female,77,395,0.037975,67.23156445091946,29
2004,srv_len,Female,79,395,0.025316,67.23156445091946,29
2004,srv_len,Female,81,395,0.017722,67.23156445091946,29
2004,srv_len,Female,83,395,0.007595,67.23156445091946,29
2004,srv_len,Female,85,395,0.022785,67.23156445091946,29
2004,srv_len,Female,87,395,0.010127,67.23156445091946,29
2004,srv_len,Female,89,395,0.005063,67.23156445091946,29
2004,srv_len,Female,91,395,0.002532,67.23156445091946,29
2004,srv_len,Female,93,395,0.002532,67.23156445091946,29
2004,srv_len,Female,95,395,0.002532,67.23156445091946,29
2004,srv_len,Female,97,395,0.005063,67.23156445091946,29
2004,srv_len,Female,99,395,0.032911,67.23156445091946,29
2004,srv_len,Male,41,342,0,57.86110531728817,29
2004,srv_len,Male,43,342,0,57.86110531728817,29
2004,srv_len,Male,45,342,0,57.86110531728817,29
2004,srv_len,Male,47,342,0,57.86110531728817,29
2004,srv_len,Male,49,342,0.002924,57.86110531728817,29
2004,srv_len,Male,51,342,0.023392,57.86110531728817,29
2004,srv_len,Male,53,342,0.035088,57.86110531728817,29
2004,srv_len,Male,55,342,0.038012,57.86110531728817,29
2004,srv_len,Male,57,342,0.084795,57.86110531728817,29
2004,srv_len,Male,59,342,0.119883,57.86110531728817,29
2004,srv_len,Male,61,342,0.128655,57.86110531728817,29
2004,srv_len,Male,63,342,0.140351,57.86110531728817,29
2004,srv_len,Male,65,342,0.116959,57.86110531728817,29
2004,srv_len,Male,67,342,0.137427,57.86110531728817,29
2004,srv_len,Male,69,342,0.087719,57.86110531728817,29
2004,srv_len,Male,71,342,0.02924,57.86110531728817,29
2004,srv_len,Male,73,342,0.023392,57.86110531728817,29
2004,srv_len,Male,75,342,0.023392,57.86110531728817,29
2004,srv_len,Male,77,342,0.005848,57.86110531728817,29
2004,srv_len,Male,79,342,0.002924,57.86110531728817,29
2004,srv_len,Male,81,342,0,57.86110531728817,29
2004,srv_len,Male,83,342,0,57.86110531728817,29
2004,srv_len,Male,85,342,0,57.86110531728817,29
2004,srv_len,Male,87,342,0,57.86110531728817,29
2004,srv_len,Male,89,342,0,57.86110531728817,29
2004,srv_len,Male,91,342,0,57.86110531728817,29
2004,srv_len,Male,93,342,0,57.86110531728817,29
2004,srv_len,Male,95,342,0,57.86110531728817,29
2004,srv_len,Male,97,342,0,57.86110531728817,29
2004,srv_len,Male,99,342,0,57.86110531728817,29
2004,srv_len,Sex combined,41,737,0,67.23156445091946,29
2004,srv_len,Sex combined,43,737,0,67.23156445091946,29
2004,srv_len,Sex combined,45,737,0,67.23156445091946,29
2004,srv_len,Sex combined,47,737,0,67.23156445091946,29
2004,srv_len,Sex combined,49,737,0.0027,67.23156445091946,29
2004,srv_len,Sex combined,51,737,0.0271,67.23156445091946,29
2004,srv_len,Sex combined,53,737,0.0244,67.23156445091946,29
2004,srv_len,Sex combined,55,737,0.0366,67.23156445091946,29
2004,srv_len,Sex combined,57,737,0.0651,67.23156445091946,29
2004,srv_len,Sex combined,59,737,0.076,67.23156445091946,29
2004,srv_len,Sex combined,61,737,0.0855,67.23156445091946,29
2004,srv_len,Sex combined,63,737,0.095,67.23156445091946,29
2004,srv_len,Sex combined,65,737,0.1072,67.23156445091946,29
2004,srv_len,Sex combined,67,737,0.1194,67.23156445091946,29
2004,srv_len,Sex combined,69,737,0.1099,67.23156445091946,29
2004,srv_len,Sex combined,71,737,0.0746,67.23156445091946,29
2004,srv_len,Sex combined,73,737,0.0475,67.23156445091946,29
2004,srv_len,Sex combined,75,737,0.0326,67.23156445091946,29
2004,srv_len,Sex combined,77,737,0.0231,67.23156445091946,29
2004,srv_len,Sex combined,79,737,0.0149,67.23156445091946,29
2004,srv_len,Sex combined,81,737,0.0095,67.23156445091946,29
2004,srv_len,Sex combined,83,737,0.0041,67.23156445091946,29
2004,srv_len,Sex combined,85,737,0.0122,67.23156445091946,29
2004,srv_len,Sex combined,87,737,0.0054,67.23156445091946,29
2004,srv_len,Sex combined,89,737,0.0027,67.23156445091946,29
2004,srv_len,Sex combined,91,737,0.0014,67.23156445091946,29
2004,srv_len,Sex combined,93,737,0.0014,67.23156445091946,29
2004,srv_len,Sex combined,95,737,0.0014,67.23156445091946,29
2004,srv_len,Sex combined,97,737,0.0027,67.23156445091946,29
2004,srv_len,Sex combined,99,737,0.0176,67.23156445091946,29
2005,srv_len,Female,41,502,0,67.23156445091946,30
2005,srv_len,Female,43,502,0,67.23156445091946,30
2005,srv_len,Female,45,502,0,67.23156445091946,30
2005,srv_len,Female,47,502,0.001992,67.23156445091946,30
2005,srv_len,Female,49,502,0,67.23156445091946,30
2005,srv_len,Female,51,502,0,67.23156445091946,30
2005,srv_len,Female,53,502,0.00996,67.23156445091946,30
2005,srv_len,Female,55,502,0.00996,67.23156445091946,30
2005,srv_len,Female,57,502,0.013944,67.23156445091946,30
2005,srv_len,Female,59,502,0.00996,67.23156445091946,30
2005,srv_len,Female,61,502,0.02988,67.23156445091946,30
2005,srv_len,Female,63,502,0.051793,67.23156445091946,30
2005,srv_len,Female,65,502,0.091633,67.23156445091946,30
2005,srv_len,Female,67,502,0.11753,67.23156445091946,30
2005,srv_len,Female,69,502,0.11753,67.23156445091946,30
2005,srv_len,Female,71,502,0.151394,67.23156445091946,30
2005,srv_len,Female,73,502,0.095618,67.23156445091946,30
2005,srv_len,Female,75,502,0.035857,67.23156445091946,30
2005,srv_len,Female,77,502,0.035857,67.23156445091946,30
2005,srv_len,Female,79,502,0.027888,67.23156445091946,30
2005,srv_len,Female,81,502,0.031873,67.23156445091946,30
2005,srv_len,Female,83,502,0.02988,67.23156445091946,30
2005,srv_len,Female,85,502,0.017928,67.23156445091946,30
2005,srv_len,Female,87,502,0.01992,67.23156445091946,30
2005,srv_len,Female,89,502,0.017928,67.23156445091946,30
2005,srv_len,Female,91,502,0.015936,67.23156445091946,30
2005,srv_len,Female,93,502,0.01992,67.23156445091946,30
2005,srv_len,Female,95,502,0.017928,67.23156445091946,30
2005,srv_len,Female,97,502,0.005976,67.23156445091946,30
2005,srv_len,Female,99,502,0.021912,67.23156445091946,30
2005,srv_len,Male,41,366,0,57.86110531728817,30
2005,srv_len,Male,43,366,0,57.86110531728817,30
2005,srv_len,Male,45,366,0,57.86110531728817,30
2005,srv_len,Male,47,366,0,57.86110531728817,30
2005,srv_len,Male,49,366,0,57.86110531728817,30
2005,srv_len,Male,51,366,0,57.86110531728817,30
2005,srv_len,Male,53,366,0.027322,57.86110531728817,30
2005,srv_len,Male,55,366,0.027322,57.86110531728817,30
2005,srv_len,Male,57,366,0.038251,57.86110531728817,30
2005,srv_len,Male,59,366,0.071038,57.86110531728817,30
2005,srv_len,Male,61,366,0.120219,57.86110531728817,30
2005,srv_len,Male,63,366,0.196721,57.86110531728817,30
2005,srv_len,Male,65,366,0.185792,57.86110531728817,30
2005,srv_len,Male,67,366,0.120219,57.86110531728817,30
2005,srv_len,Male,69,366,0.092896,57.86110531728817,30
2005,srv_len,Male,71,366,0.068306,57.86110531728817,30
2005,srv_len,Male,73,366,0.013661,57.86110531728817,30
2005,srv_len,Male,75,366,0.013661,57.86110531728817,30
2005,srv_len,Male,77,366,0.008197,57.86110531728817,30
2005,srv_len,Male,79,366,0.010929,57.86110531728817,30
2005,srv_len,Male,81,366,0.005464,57.86110531728817,30
2005,srv_len,Male,83,366,0,57.86110531728817,30
2005,srv_len,Male,85,366,0,57.86110531728817,30
2005,srv_len,Male,87,366,0,57.86110531728817,30
2005,srv_len,Male,89,366,0,57.86110531728817,30
2005,srv_len,Male,91,366,0,57.86110531728817,30
2005,srv_len,Male,93,366,0,57.86110531728817,30
2005,srv_len,Male,95,366,0,57.86110531728817,30
2005,srv_len,Male,97,366,0,57.86110531728817,30
2005,srv_len,Male,99,366,0,57.86110531728817,30
2005,srv_len,Sex combined,41,868,0,67.23156445091946,30
2005,srv_len,Sex combined,43,868,0,67.23156445091946,30
2005,srv_len,Sex combined,45,868,0,67.23156445091946,30
2005,srv_len,Sex combined,47,868,0.0012,67.23156445091946,30
2005,srv_len,Sex combined,49,868,0,67.23156445091946,30
2005,srv_len,Sex combined,51,868,0,67.23156445091946,30
2005,srv_len,Sex combined,53,868,0.0173,67.23156445091946,30
2005,srv_len,Sex combined,55,868,0.0173,67.23156445091946,30
2005,srv_len,Sex combined,57,868,0.0242,67.23156445091946,30
2005,srv_len,Sex combined,59,868,0.0357,67.23156445091946,30
2005,srv_len,Sex combined,61,868,0.068,67.23156445091946,30
2005,srv_len,Sex combined,63,868,0.1129,67.23156445091946,30
2005,srv_len,Sex combined,65,868,0.1313,67.23156445091946,30
2005,srv_len,Sex combined,67,868,0.1187,67.23156445091946,30
2005,srv_len,Sex combined,69,868,0.1071,67.23156445091946,30
2005,srv_len,Sex combined,71,868,0.1164,67.23156445091946,30
2005,srv_len,Sex combined,73,868,0.0611,67.23156445091946,30
2005,srv_len,Sex combined,75,868,0.0265,67.23156445091946,30
2005,srv_len,Sex combined,77,868,0.0242,67.23156445091946,30
2005,srv_len,Sex combined,79,868,0.0207,67.23156445091946,30
2005,srv_len,Sex combined,81,868,0.0207,67.23156445091946,30
2005,srv_len,Sex combined,83,868,0.0173,67.23156445091946,30
2005,srv_len,Sex combined,85,868,0.0104,67.23156445091946,30
2005,srv_len,Sex combined,87,868,0.0115,67.23156445091946,30
2005,srv_len,Sex combined,89,868,0.0104,67.23156445091946,30
2005,srv_len,Sex combined,91,868,0.0092,67.23156445091946,30
2005,srv_len,Sex combined,93,868,0.0115,67.23156445091946,30
2005,srv_len,Sex combined,95,868,0.0104,67.23156445091946,30
2005,srv_len,Sex combined,97,868,0.0035,67.23156445091946,30
2005,srv_len,Sex combined,99,868,0.0127,67.23156445091946,30
2006,srv_len,Female,41,416,0,67.23156445091946,31
2006,srv_len,Female,43,416,0,67.23156445091946,31
2006,srv_len,Female,45,416,0,67.23156445091946,31
2006,srv_len,Female,47,416,0,67.23156445091946,31
2006,srv_len,Female,49,416,0,67.23156445091946,31
2006,srv_len,Female,51,416,0.007212,67.23156445091946,31
2006,srv_len,Female,53,416,0.004808,67.23156445091946,31
2006,srv_len,Female,55,416,0.014423,67.23156445091946,31
2006,srv_len,Female,57,416,0.019231,67.23156445091946,31
2006,srv_len,Female,59,416,0.026442,67.23156445091946,31
2006,srv_len,Female,61,416,0.019231,67.23156445091946,31
2006,srv_len,Female,63,416,0.043269,67.23156445091946,31
2006,srv_len,Female,65,416,0.048077,67.23156445091946,31
2006,srv_len,Female,67,416,0.103365,67.23156445091946,31
2006,srv_len,Female,69,416,0.161058,67.23156445091946,31
2006,srv_len,Female,71,416,0.180288,67.23156445091946,31
2006,srv_len,Female,73,416,0.125,67.23156445091946,31
2006,srv_len,Female,75,416,0.074519,67.23156445091946,31
2006,srv_len,Female,77,416,0.043269,67.23156445091946,31
2006,srv_len,Female,79,416,0.036058,67.23156445091946,31
2006,srv_len,Female,81,416,0.014423,67.23156445091946,31
2006,srv_len,Female,83,416,0.019231,67.23156445091946,31
2006,srv_len,Female,85,416,0.016827,67.23156445091946,31
2006,srv_len,Female,87,416,0.007212,67.23156445091946,31
2006,srv_len,Female,89,416,0.012019,67.23156445091946,31
2006,srv_len,Female,91,416,0.004808,67.23156445091946,31
2006,srv_len,Female,93,416,0.009615,67.23156445091946,31
2006,srv_len,Female,95,416,0.002404,67.23156445091946,31
2006,srv_len,Female,97,416,0.002404,67.23156445091946,31
2006,srv_len,Female,99,416,0.004808,67.23156445091946,31
2006,srv_len,Male,41,316,0,57.86110531728817,31
2006,srv_len,Male,43,316,0,57.86110531728817,31
2006,srv_len,Male,45,316,0,57.86110531728817,31
2006,srv_len,Male,47,316,0,57.86110531728817,31
2006,srv_len,Male,49,316,0.006329,57.86110531728817,31
2006,srv_len,Male,51,316,0.009494,57.86110531728817,31
2006,srv_len,Male,53,316,0,57.86110531728817,31
2006,srv_len,Male,55,316,0.012658,57.86110531728817,31
2006,srv_len,Male,57,316,0.03481,57.86110531728817,31
2006,srv_len,Male,59,316,0.085443,57.86110531728817,31
2006,srv_len,Male,61,316,0.129747,57.86110531728817,31
2006,srv_len,Male,63,316,0.18670900000000001,57.86110531728817,31
2006,srv_len,Male,65,316,0.161392,57.86110531728817,31
2006,srv_len,Male,67,316,0.167722,57.86110531728817,31
2006,srv_len,Male,69,316,0.113924,57.86110531728817,31
2006,srv_len,Male,71,316,0.037975,57.86110531728817,31
2006,srv_len,Male,73,316,0.015823,57.86110531728817,31
2006,srv_len,Male,75,316,0.015823,57.86110531728817,31
2006,srv_len,Male,77,316,0.009494,57.86110531728817,31
2006,srv_len,Male,79,316,0.003165,57.86110531728817,31
2006,srv_len,Male,81,316,0,57.86110531728817,31
2006,srv_len,Male,83,316,0.006329,57.86110531728817,31
2006,srv_len,Male,85,316,0,57.86110531728817,31
2006,srv_len,Male,87,316,0,57.86110531728817,31
2006,srv_len,Male,89,316,0,57.86110531728817,31
2006,srv_len,Male,91,316,0.003165,57.86110531728817,31
2006,srv_len,Male,93,316,0,57.86110531728817,31
2006,srv_len,Male,95,316,0,57.86110531728817,31
2006,srv_len,Male,97,316,0,57.86110531728817,31
2006,srv_len,Male,99,316,0,57.86110531728817,31
2006,srv_len,Sex combined,41,732,0,67.23156445091946,31
2006,srv_len,Sex combined,43,732,0,67.23156445091946,31
2006,srv_len,Sex combined,45,732,0,67.23156445091946,31
2006,srv_len,Sex combined,47,732,0,67.23156445091946,31
2006,srv_len,Sex combined,49,732,0.0027,67.23156445091946,31
2006,srv_len,Sex combined,51,732,0.0082,67.23156445091946,31
2006,srv_len,Sex combined,53,732,0.0027,67.23156445091946,31
2006,srv_len,Sex combined,55,732,0.0137,67.23156445091946,31
2006,srv_len,Sex combined,57,732,0.026,67.23156445091946,31
2006,srv_len,Sex combined,59,732,0.0519,67.23156445091946,31
2006,srv_len,Sex combined,61,732,0.0669,67.23156445091946,31
2006,srv_len,Sex combined,63,732,0.1052,67.23156445091946,31
2006,srv_len,Sex combined,65,732,0.097,67.23156445091946,31
2006,srv_len,Sex combined,67,732,0.1311,67.23156445091946,31
2006,srv_len,Sex combined,69,732,0.1407,67.23156445091946,31
2006,srv_len,Sex combined,71,732,0.1189,67.23156445091946,31
2006,srv_len,Sex combined,73,732,0.0779,67.23156445091946,31
2006,srv_len,Sex combined,75,732,0.0492,67.23156445091946,31
2006,srv_len,Sex combined,77,732,0.0287,67.23156445091946,31
2006,srv_len,Sex combined,79,732,0.0219,67.23156445091946,31
2006,srv_len,Sex combined,81,732,0.0082,67.23156445091946,31
2006,srv_len,Sex combined,83,732,0.0137,67.23156445091946,31
2006,srv_len,Sex combined,85,732,0.0096,67.23156445091946,31
2006,srv_len,Sex combined,87,732,0.0041,67.23156445091946,31
2006,srv_len,Sex combined,89,732,0.0068,67.23156445091946,31
2006,srv_len,Sex combined,91,732,0.0041,67.23156445091946,31
2006,srv_len,Sex combined,93,732,0.0055,67.23156445091946,31
2006,srv_len,Sex combined,95,732,0.0014,67.23156445091946,31
2006,srv_len,Sex combined,97,732,0.0014,67.23156445091946,31
2006,srv_len,Sex combined,99,732,0.0027,67.23156445091946,31
2007,srv_len,Female,41,408,0,67.23156445091946,32
2007,srv_len,Female,43,408,0,67.23156445091946,32
2007,srv_len,Female,45,408,0,67.23156445091946,32
2007,srv_len,Female,47,408,0,67.23156445091946,32
2007,srv_len,Female,49,408,0.004902,67.23156445091946,32
2007,srv_len,Female,51,408,0.007353,67.23156445091946,32
2007,srv_len,Female,53,408,0.007353,67.23156445091946,32
2007,srv_len,Female,55,408,0.026961,67.23156445091946,32
2007,srv_len,Female,57,408,0.017157,67.23156445091946,32
2007,srv_len,Female,59,408,0.051471,67.23156445091946,32
2007,srv_len,Female,61,408,0.026961,67.23156445091946,32
2007,srv_len,Female,63,408,0.034314,67.23156445091946,32
2007,srv_len,Female,65,408,0.083333,67.23156445091946,32
2007,srv_len,Female,67,408,0.112745,67.23156445091946,32
2007,srv_len,Female,69,408,0.115196,67.23156445091946,32
2007,srv_len,Female,71,408,0.134804,67.23156445091946,32
2007,srv_len,Female,73,408,0.105392,67.23156445091946,32
2007,srv_len,Female,75,408,0.098039,67.23156445091946,32
2007,srv_len,Female,77,408,0.046569,67.23156445091946,32
2007,srv_len,Female,79,408,0.036765,67.23156445091946,32
2007,srv_len,Female,81,408,0.029412,67.23156445091946,32
2007,srv_len,Female,83,408,0.012255,67.23156445091946,32
2007,srv_len,Female,85,408,0.012255,67.23156445091946,32
2007,srv_len,Female,87,408,0.007353,67.23156445091946,32
2007,srv_len,Female,89,408,0.009804,67.23156445091946,32
2007,srv_len,Female,91,408,0.004902,67.23156445091946,32
2007,srv_len,Female,93,408,0.002451,67.23156445091946,32
2007,srv_len,Female,95,408,0,67.23156445091946,32
2007,srv_len,Female,97,408,0.004902,67.23156445091946,32
2007,srv_len,Female,99,408,0.007353,67.23156445091946,32
2007,srv_len,Male,41,329,0,57.86110531728817,32
2007,srv_len,Male,43,329,0,57.86110531728817,32
2007,srv_len,Male,45,329,0,57.86110531728817,32
2007,srv_len,Male,47,329,0,57.86110531728817,32
2007,srv_len,Male,49,329,0.015198,57.86110531728817,32
2007,srv_len,Male,51,329,0.018237,57.86110531728817,32
2007,srv_len,Male,53,329,0.018237,57.86110531728817,32
2007,srv_len,Male,55,329,0.036474,57.86110531728817,32
2007,srv_len,Male,57,329,0.057751,57.86110531728817,32
2007,srv_len,Male,59,329,0.066869,57.86110531728817,32
2007,srv_len,Male,61,329,0.142857,57.86110531728817,32
2007,srv_len,Male,63,329,0.167173,57.86110531728817,32
2007,srv_len,Male,65,329,0.194529,57.86110531728817,32
2007,srv_len,Male,67,329,0.118541,57.86110531728817,32
2007,srv_len,Male,69,329,0.066869,57.86110531728817,32
2007,srv_len,Male,71,329,0.06383,57.86110531728817,32
2007,srv_len,Male,73,329,0.015198,57.86110531728817,32
2007,srv_len,Male,75,329,0.012158,57.86110531728817,32
2007,srv_len,Male,77,329,0.00304,57.86110531728817,32
2007,srv_len,Male,79,329,0,57.86110531728817,32
2007,srv_len,Male,81,329,0,57.86110531728817,32
2007,srv_len,Male,83,329,0,57.86110531728817,32
2007,srv_len,Male,85,329,0.00304,57.86110531728817,32
2007,srv_len,Male,87,329,0,57.86110531728817,32
2007,srv_len,Male,89,329,0,57.86110531728817,32
2007,srv_len,Male,91,329,0,57.86110531728817,32
2007,srv_len,Male,93,329,0,57.86110531728817,32
2007,srv_len,Male,95,329,0,57.86110531728817,32
2007,srv_len,Male,97,329,0,57.86110531728817,32
2007,srv_len,Male,99,329,0,57.86110531728817,32
2007,srv_len,Sex combined,41,737,0,67.23156445091946,32
2007,srv_len,Sex combined,43,737,0,67.23156445091946,32
2007,srv_len,Sex combined,45,737,0,67.23156445091946,32
2007,srv_len,Sex combined,47,737,0,67.23156445091946,32
2007,srv_len,Sex combined,49,737,0.0095,67.23156445091946,32
2007,srv_len,Sex combined,51,737,0.0122,67.23156445091946,32
2007,srv_len,Sex combined,53,737,0.0122,67.23156445091946,32
2007,srv_len,Sex combined,55,737,0.0312,67.23156445091946,32
2007,srv_len,Sex combined,57,737,0.0353,67.23156445091946,32
2007,srv_len,Sex combined,59,737,0.0583,67.23156445091946,32
2007,srv_len,Sex combined,61,737,0.0787,67.23156445091946,32
2007,srv_len,Sex combined,63,737,0.0936,67.23156445091946,32
2007,srv_len,Sex combined,65,737,0.133,67.23156445091946,32
2007,srv_len,Sex combined,67,737,0.1153,67.23156445091946,32
2007,srv_len,Sex combined,69,737,0.0936,67.23156445091946,32
2007,srv_len,Sex combined,71,737,0.1031,67.23156445091946,32
2007,srv_len,Sex combined,73,737,0.0651,67.23156445091946,32
2007,srv_len,Sex combined,75,737,0.0597,67.23156445091946,32
2007,srv_len,Sex combined,77,737,0.0271,67.23156445091946,32
2007,srv_len,Sex combined,79,737,0.0204,67.23156445091946,32
2007,srv_len,Sex combined,81,737,0.0163,67.23156445091946,32
2007,srv_len,Sex combined,83,737,0.0068,67.23156445091946,32
2007,srv_len,Sex combined,85,737,0.0081,67.23156445091946,32
2007,srv_len,Sex combined,87,737,0.0041,67.23156445091946,32
2007,srv_len,Sex combined,89,737,0.0054,67.23156445091946,32
2007,srv_len,Sex combined,91,737,0.0027,67.23156445091946,32
2007,srv_len,Sex combined,93,737,0.0014,67.23156445091946,32
2007,srv_len,Sex combined,95,737,0,67.23156445091946,32
2007,srv_len,Sex combined,97,737,0.0027,67.23156445091946,32
2007,srv_len,Sex combined,99,737,0.0041,67.23156445091946,32
2008,srv_len,Female,41,336,0,67.23156445091946,33
2008,srv_len,Female,43,336,0,67.23156445091946,33
2008,srv_len,Female,45,336,0,67.23156445091946,33
2008,srv_len,Female,47,336,0,67.23156445091946,33
2008,srv_len,Female,49,336,0.002976,67.23156445091946,33
2008,srv_len,Female,51,336,0.005952,67.23156445091946,33
2008,srv_len,Female,53,336,0.014881,67.23156445091946,33
2008,srv_len,Female,55,336,0.008929,67.23156445091946,33
2008,srv_len,Female,57,336,0.002976,67.23156445091946,33
2008,srv_len,Female,59,336,0.011905,67.23156445091946,33
2008,srv_len,Female,61,336,0.041667,67.23156445091946,33
2008,srv_len,Female,63,336,0.053571,67.23156445091946,33
2008,srv_len,Female,65,336,0.056548,67.23156445091946,33
2008,srv_len,Female,67,336,0.107143,67.23156445091946,33
2008,srv_len,Female,69,336,0.127976,67.23156445091946,33
2008,srv_len,Female,71,336,0.116071,67.23156445091946,33
2008,srv_len,Female,73,336,0.107143,67.23156445091946,33
2008,srv_len,Female,75,336,0.098214,67.23156445091946,33
2008,srv_len,Female,77,336,0.053571,67.23156445091946,33
2008,srv_len,Female,79,336,0.050595,67.23156445091946,33
2008,srv_len,Female,81,336,0.041667,67.23156445091946,33
2008,srv_len,Female,83,336,0.032738,67.23156445091946,33
2008,srv_len,Female,85,336,0.014881,67.23156445091946,33
2008,srv_len,Female,87,336,0.011905,67.23156445091946,33
2008,srv_len,Female,89,336,0.005952,67.23156445091946,33
2008,srv_len,Female,91,336,0.011905,67.23156445091946,33
2008,srv_len,Female,93,336,0.008929,67.23156445091946,33
2008,srv_len,Female,95,336,0.002976,67.23156445091946,33
2008,srv_len,Female,97,336,0.002976,67.23156445091946,33
2008,srv_len,Female,99,336,0.005952,67.23156445091946,33
2008,srv_len,Male,41,270,0,57.86110531728817,33
2008,srv_len,Male,43,270,0,57.86110531728817,33
2008,srv_len,Male,45,270,0,57.86110531728817,33
2008,srv_len,Male,47,270,0,57.86110531728817,33
2008,srv_len,Male,49,270,0.003704,57.86110531728817,33
2008,srv_len,Male,51,270,0,57.86110531728817,33
2008,srv_len,Male,53,270,0.025926,57.86110531728817,33
2008,srv_len,Male,55,270,0.011111,57.86110531728817,33
2008,srv_len,Male,57,270,0.037037,57.86110531728817,33
2008,srv_len,Male,59,270,0.103704,57.86110531728817,33
2008,srv_len,Male,61,270,0.144444,57.86110531728817,33
2008,srv_len,Male,63,270,0.155556,57.86110531728817,33
2008,srv_len,Male,65,270,0.159259,57.86110531728817,33
2008,srv_len,Male,67,270,0.133333,57.86110531728817,33
2008,srv_len,Male,69,270,0.092593,57.86110531728817,33
2008,srv_len,Male,71,270,0.066667,57.86110531728817,33
2008,srv_len,Male,73,270,0.033333,57.86110531728817,33
2008,srv_len,Male,75,270,0.022222,57.86110531728817,33
2008,srv_len,Male,77,270,0.003704,57.86110531728817,33
2008,srv_len,Male,79,270,0.003704,57.86110531728817,33
2008,srv_len,Male,81,270,0.003704,57.86110531728817,33
2008,srv_len,Male,83,270,0,57.86110531728817,33
2008,srv_len,Male,85,270,0,57.86110531728817,33
2008,srv_len,Male,87,270,0,57.86110531728817,33
2008,srv_len,Male,89,270,0,57.86110531728817,33
2008,srv_len,Male,91,270,0,57.86110531728817,33
2008,srv_len,Male,93,270,0,57.86110531728817,33
2008,srv_len,Male,95,270,0,57.86110531728817,33
2008,srv_len,Male,97,270,0,57.86110531728817,33
2008,srv_len,Male,99,270,0,57.86110531728817,33
2008,srv_len,Sex combined,41,606,0,67.23156445091946,33
2008,srv_len,Sex combined,43,606,0,67.23156445091946,33
2008,srv_len,Sex combined,45,606,0,67.23156445091946,33
2008,srv_len,Sex combined,47,606,0,67.23156445091946,33
2008,srv_len,Sex combined,49,606,0.0033,67.23156445091946,33
2008,srv_len,Sex combined,51,606,0.0033,67.23156445091946,33
2008,srv_len,Sex combined,53,606,0.0198,67.23156445091946,33
2008,srv_len,Sex combined,55,606,0.0099,67.23156445091946,33
2008,srv_len,Sex combined,57,606,0.0182,67.23156445091946,33
2008,srv_len,Sex combined,59,606,0.0528,67.23156445091946,33
2008,srv_len,Sex combined,61,606,0.0875,67.23156445091946,33
2008,srv_len,Sex combined,63,606,0.099,67.23156445091946,33
2008,srv_len,Sex combined,65,606,0.1023,67.23156445091946,33
2008,srv_len,Sex combined,67,606,0.1188,67.23156445091946,33
2008,srv_len,Sex combined,69,606,0.1122,67.23156445091946,33
2008,srv_len,Sex combined,71,606,0.0941,67.23156445091946,33
2008,srv_len,Sex combined,73,606,0.0743,67.23156445091946,33
2008,srv_len,Sex combined,75,606,0.0644,67.23156445091946,33
2008,srv_len,Sex combined,77,606,0.0314,67.23156445091946,33
2008,srv_len,Sex combined,79,606,0.0297,67.23156445091946,33
2008,srv_len,Sex combined,81,606,0.0248,67.23156445091946,33
2008,srv_len,Sex combined,83,606,0.0182,67.23156445091946,33
2008,srv_len,Sex combined,85,606,0.0083,67.23156445091946,33
2008,srv_len,Sex combined,87,606,0.0066,67.23156445091946,33
2008,srv_len,Sex combined,89,606,0.0033,67.23156445091946,33
2008,srv_len,Sex combined,91,606,0.0066,67.23156445091946,33
2008,srv_len,Sex combined,93,606,0.005,67.23156445091946,33
2008,srv_len,Sex combined,95,606,0.0017,67.23156445091946,33
2008,srv_len,Sex combined,97,606,0.0017,67.23156445091946,33
2008,srv_len,Sex combined,99,606,0.0033,67.23156445091946,33
2009,srv_len,Female,41,365,0,67.23156445091946,34
2009,srv_len,Female,43,365,0,67.23156445091946,34
2009,srv_len,Female,45,365,0,67.23156445091946,34
2009,srv_len,Female,47,365,0.005479,67.23156445091946,34
2009,srv_len,Female,49,365,0,67.23156445091946,34
2009,srv_len,Female,51,365,0.008219,67.23156445091946,34
2009,srv_len,Female,53,365,0.005479,67.23156445091946,34
2009,srv_len,Female,55,365,0.008219,67.23156445091946,34
2009,srv_len,Female,57,365,0.013699,67.23156445091946,34
2009,srv_len,Female,59,365,0.010959,67.23156445091946,34
2009,srv_len,Female,61,365,0.008219,67.23156445091946,34
2009,srv_len,Female,63,365,0.046575,67.23156445091946,34
2009,srv_len,Female,65,365,0.087671,67.23156445091946,34
2009,srv_len,Female,67,365,0.093151,67.23156445091946,34
2009,srv_len,Female,69,365,0.10137,67.23156445091946,34
2009,srv_len,Female,71,365,0.178082,67.23156445091946,34
2009,srv_len,Female,73,365,0.10137,67.23156445091946,34
2009,srv_len,Female,75,365,0.106849,67.23156445091946,34
2009,srv_len,Female,77,365,0.049315,67.23156445091946,34
2009,srv_len,Female,79,365,0.049315,67.23156445091946,34
2009,srv_len,Female,81,365,0.013699,67.23156445091946,34
2009,srv_len,Female,83,365,0.038356,67.23156445091946,34
2009,srv_len,Female,85,365,0.024658,67.23156445091946,34
2009,srv_len,Female,87,365,0.008219,67.23156445091946,34
2009,srv_len,Female,89,365,0.016438,67.23156445091946,34
2009,srv_len,Female,91,365,0,67.23156445091946,34
2009,srv_len,Female,93,365,0.008219,67.23156445091946,34
2009,srv_len,Female,95,365,0.008219,67.23156445091946,34
2009,srv_len,Female,97,365,0.00274,67.23156445091946,34
2009,srv_len,Female,99,365,0.005479,67.23156445091946,34
2009,srv_len,Male,41,253,0,57.86110531728817,34
2009,srv_len,Male,43,253,0,57.86110531728817,34
2009,srv_len,Male,45,253,0,57.86110531728817,34
2009,srv_len,Male,47,253,0,57.86110531728817,34
2009,srv_len,Male,49,253,0.003953,57.86110531728817,34
2009,srv_len,Male,51,253,0.007905,57.86110531728817,34
2009,srv_len,Male,53,253,0.011858,57.86110531728817,34
2009,srv_len,Male,55,253,0.023715,57.86110531728817,34
2009,srv_len,Male,57,253,0.023715,57.86110531728817,34
2009,srv_len,Male,59,253,0.059289,57.86110531728817,34
2009,srv_len,Male,61,253,0.110672,57.86110531728817,34
2009,srv_len,Male,63,253,0.16996,57.86110531728817,34
2009,srv_len,Male,65,253,0.150198,57.86110531728817,34
2009,srv_len,Male,67,253,0.142292,57.86110531728817,34
2009,srv_len,Male,69,253,0.110672,57.86110531728817,34
2009,srv_len,Male,71,253,0.090909,57.86110531728817,34
2009,srv_len,Male,73,253,0.047431,57.86110531728817,34
2009,srv_len,Male,75,253,0.023715,57.86110531728817,34
2009,srv_len,Male,77,253,0.011858,57.86110531728817,34
2009,srv_len,Male,79,253,0.007905,57.86110531728817,34
2009,srv_len,Male,81,253,0.003953,57.86110531728817,34
2009,srv_len,Male,83,253,0,57.86110531728817,34
2009,srv_len,Male,85,253,0,57.86110531728817,34
2009,srv_len,Male,87,253,0,57.86110531728817,34
2009,srv_len,Male,89,253,0,57.86110531728817,34
2009,srv_len,Male,91,253,0,57.86110531728817,34
2009,srv_len,Male,93,253,0,57.86110531728817,34
2009,srv_len,Male,95,253,0,57.86110531728817,34
2009,srv_len,Male,97,253,0,57.86110531728817,34
2009,srv_len,Male,99,253,0,57.86110531728817,34
2009,srv_len,Sex combined,41,618,0,67.23156445091946,34
2009,srv_len,Sex combined,43,618,0,67.23156445091946,34
2009,srv_len,Sex combined,45,618,0,67.23156445091946,34
2009,srv_len,Sex combined,47,618,0.0032,67.23156445091946,34
2009,srv_len,Sex combined,49,618,0.0016,67.23156445091946,34
2009,srv_len,Sex combined,51,618,0.0081,67.23156445091946,34
2009,srv_len,Sex combined,53,618,0.0081,67.23156445091946,34
2009,srv_len,Sex combined,55,618,0.0146,67.23156445091946,34
2009,srv_len,Sex combined,57,618,0.0178,67.23156445091946,34
2009,srv_len,Sex combined,59,618,0.0307,67.23156445091946,34
2009,srv_len,Sex combined,61,618,0.0502,67.23156445091946,34
2009,srv_len,Sex combined,63,618,0.0971,67.23156445091946,34
2009,srv_len,Sex combined,65,618,0.1133,67.23156445091946,34
2009,srv_len,Sex combined,67,618,0.1133,67.23156445091946,34
2009,srv_len,Sex combined,69,618,0.1052,67.23156445091946,34
2009,srv_len,Sex combined,71,618,0.1424,67.23156445091946,34
2009,srv_len,Sex combined,73,618,0.0793,67.23156445091946,34
2009,srv_len,Sex combined,75,618,0.0728,67.23156445091946,34
2009,srv_len,Sex combined,77,618,0.034,67.23156445091946,34
2009,srv_len,Sex combined,79,618,0.0324,67.23156445091946,34
2009,srv_len,Sex combined,81,618,0.0097,67.23156445091946,34
2009,srv_len,Sex combined,83,618,0.0227,67.23156445091946,34
2009,srv_len,Sex combined,85,618,0.0146,67.23156445091946,34
2009,srv_len,Sex combined,87,618,0.0049,67.23156445091946,34
2009,srv_len,Sex combined,89,618,0.0097,67.23156445091946,34
2009,srv_len,Sex combined,91,618,0,67.23156445091946,34
2009,srv_len,Sex combined,93,618,0.0049,67.23156445091946,34
2009,srv_len,Sex combined,95,618,0.0049,67.23156445091946,34
2009,srv_len,Sex combined,97,618,0.0016,67.23156445091946,34
2009,srv_len,Sex combined,99,618,0.0032,67.23156445091946,34
2010,srv_len,Female,41,320,0,67.23156445091946,35
2010,srv_len,Female,43,320,0,67.23156445091946,35
2010,srv_len,Female,45,320,0.0125,67.23156445091946,35
2010,srv_len,Female,47,320,0,67.23156445091946,35
2010,srv_len,Female,49,320,0.009375,67.23156445091946,35
2010,srv_len,Female,51,320,0.009375,67.23156445091946,35
2010,srv_len,Female,53,320,0.009375,67.23156445091946,35
2010,srv_len,Female,55,320,0.00625,67.23156445091946,35
2010,srv_len,Female,57,320,0.003125,67.23156445091946,35
2010,srv_len,Female,59,320,0.003125,67.23156445091946,35
2010,srv_len,Female,61,320,0.021875,67.23156445091946,35
2010,srv_len,Female,63,320,0.021875,67.23156445091946,35
2010,srv_len,Female,65,320,0.0625,67.23156445091946,35
2010,srv_len,Female,67,320,0.0875,67.23156445091946,35
2010,srv_len,Female,69,320,0.109375,67.23156445091946,35
2010,srv_len,Female,71,320,0.103125,67.23156445091946,35
2010,srv_len,Female,73,320,0.1375,67.23156445091946,35
2010,srv_len,Female,75,320,0.125,67.23156445091946,35
2010,srv_len,Female,77,320,0.075,67.23156445091946,35
2010,srv_len,Female,79,320,0.075,67.23156445091946,35
2010,srv_len,Female,81,320,0.03125,67.23156445091946,35
2010,srv_len,Female,83,320,0.021875,67.23156445091946,35
2010,srv_len,Female,85,320,0.028125,67.23156445091946,35
2010,srv_len,Female,87,320,0.0125,67.23156445091946,35
2010,srv_len,Female,89,320,0.00625,67.23156445091946,35
2010,srv_len,Female,91,320,0.003125,67.23156445091946,35
2010,srv_len,Female,93,320,0.0125,67.23156445091946,35
2010,srv_len,Female,95,320,0.003125,67.23156445091946,35
2010,srv_len,Female,97,320,0.00625,67.23156445091946,35
2010,srv_len,Female,99,320,0.003125,67.23156445091946,35
2010,srv_len,Male,41,285,0,57.86110531728817,35
2010,srv_len,Male,43,285,0,57.86110531728817,35
2010,srv_len,Male,45,285,0,57.86110531728817,35
2010,srv_len,Male,47,285,0.014035,57.86110531728817,35
2010,srv_len,Male,49,285,0.010526,57.86110531728817,35
2010,srv_len,Male,51,285,0.007018,57.86110531728817,35
2010,srv_len,Male,53,285,0.021053,57.86110531728817,35
2010,srv_len,Male,55,285,0.024561,57.86110531728817,35
2010,srv_len,Male,57,285,0.02807,57.86110531728817,35
2010,srv_len,Male,59,285,0.031579,57.86110531728817,35
2010,srv_len,Male,61,285,0.112281,57.86110531728817,35
2010,srv_len,Male,63,285,0.150877,57.86110531728817,35
2010,srv_len,Male,65,285,0.196491,57.86110531728817,35
2010,srv_len,Male,67,285,0.14386,57.86110531728817,35
2010,srv_len,Male,69,285,0.105263,57.86110531728817,35
2010,srv_len,Male,71,285,0.073684,57.86110531728817,35
2010,srv_len,Male,73,285,0.049123,57.86110531728817,35
2010,srv_len,Male,75,285,0.024561,57.86110531728817,35
2010,srv_len,Male,77,285,0.007018,57.86110531728817,35
2010,srv_len,Male,79,285,0,57.86110531728817,35
2010,srv_len,Male,81,285,0,57.86110531728817,35
2010,srv_len,Male,83,285,0,57.86110531728817,35
2010,srv_len,Male,85,285,0,57.86110531728817,35
2010,srv_len,Male,87,285,0,57.86110531728817,35
2010,srv_len,Male,89,285,0,57.86110531728817,35
2010,srv_len,Male,91,285,0,57.86110531728817,35
2010,srv_len,Male,93,285,0,57.86110531728817,35
2010,srv_len,Male,95,285,0,57.86110531728817,35
2010,srv_len,Male,97,285,0,57.86110531728817,35
2010,srv_len,Male,99,285,0,57.86110531728817,35
2010,srv_len,Sex combined,41,605,0,67.23156445091946,35
2010,srv_len,Sex combined,43,605,0,67.23156445091946,35
2010,srv_len,Sex combined,45,605,0.0066,67.23156445091946,35
2010,srv_len,Sex combined,47,605,0.0066,67.23156445091946,35
2010,srv_len,Sex combined,49,605,0.0099,67.23156445091946,35
2010,srv_len,Sex combined,51,605,0.0083,67.23156445091946,35
2010,srv_len,Sex combined,53,605,0.0149,67.23156445091946,35
2010,srv_len,Sex combined,55,605,0.0149,67.23156445091946,35
2010,srv_len,Sex combined,57,605,0.0149,67.23156445091946,35
2010,srv_len,Sex combined,59,605,0.0165,67.23156445091946,35
2010,srv_len,Sex combined,61,605,0.0645,67.23156445091946,35
2010,srv_len,Sex combined,63,605,0.0826,67.23156445091946,35
2010,srv_len,Sex combined,65,605,0.1256,67.23156445091946,35
2010,srv_len,Sex combined,67,605,0.114,67.23156445091946,35
2010,srv_len,Sex combined,69,605,0.1074,67.23156445091946,35
2010,srv_len,Sex combined,71,605,0.0893,67.23156445091946,35
2010,srv_len,Sex combined,73,605,0.0959,67.23156445091946,35
2010,srv_len,Sex combined,75,605,0.0777,67.23156445091946,35
2010,srv_len,Sex combined,77,605,0.043,67.23156445091946,35
2010,srv_len,Sex combined,79,605,0.0397,67.23156445091946,35
2010,srv_len,Sex combined,81,605,0.0165,67.23156445091946,35
2010,srv_len,Sex combined,83,605,0.0116,67.23156445091946,35
2010,srv_len,Sex combined,85,605,0.0149,67.23156445091946,35
2010,srv_len,Sex combined,87,605,0.0066,67.23156445091946,35
2010,srv_len,Sex combined,89,605,0.0033,67.23156445091946,35
2010,srv_len,Sex combined,91,605,0.0017,67.23156445091946,35
2010,srv_len,Sex combined,93,605,0.0066,67.23156445091946,35
2010,srv_len,Sex combined,95,605,0.0017,67.23156445091946,35
2010,srv_len,Sex combined,97,605,0.0033,67.23156445091946,35
2010,srv_len,Sex combined,99,605,0.0017,67.23156445091946,35
2011,srv_len,Female,41,365,0,67.23156445091946,36
2011,srv_len,Female,43,365,0,67.23156445091946,36
2011,srv_len,Female,45,365,0,67.23156445091946,36
2011,srv_len,Female,47,365,0,67.23156445091946,36
2011,srv_len,Female,49,365,0.008219,67.23156445091946,36
2011,srv_len,Female,51,365,0.024658,67.23156445091946,36
2011,srv_len,Female,53,365,0.043836,67.23156445091946,36
2011,srv_len,Female,55,365,0.046575,67.23156445091946,36
2011,srv_len,Female,57,365,0.041096,67.23156445091946,36
2011,srv_len,Female,59,365,0.016438,67.23156445091946,36
2011,srv_len,Female,61,365,0.016438,67.23156445091946,36
2011,srv_len,Female,63,365,0.024658,67.23156445091946,36
2011,srv_len,Female,65,365,0.063014,67.23156445091946,36
2011,srv_len,Female,67,365,0.079452,67.23156445091946,36
2011,srv_len,Female,69,365,0.120548,67.23156445091946,36
2011,srv_len,Female,71,365,0.087671,67.23156445091946,36
2011,srv_len,Female,73,365,0.131507,67.23156445091946,36
2011,srv_len,Female,75,365,0.087671,67.23156445091946,36
2011,srv_len,Female,77,365,0.049315,67.23156445091946,36
2011,srv_len,Female,79,365,0.073973,67.23156445091946,36
2011,srv_len,Female,81,365,0.021918,67.23156445091946,36
2011,srv_len,Female,83,365,0.024658,67.23156445091946,36
2011,srv_len,Female,85,365,0.010959,67.23156445091946,36
2011,srv_len,Female,87,365,0.00274,67.23156445091946,36
2011,srv_len,Female,89,365,0.00274,67.23156445091946,36
2011,srv_len,Female,91,365,0.013699,67.23156445091946,36
2011,srv_len,Female,93,365,0.005479,67.23156445091946,36
2011,srv_len,Female,95,365,0.00274,67.23156445091946,36
2011,srv_len,Female,97,365,0,67.23156445091946,36
2011,srv_len,Female,99,365,0,67.23156445091946,36
2011,srv_len,Male,41,311,0,57.86110531728817,36
2011,srv_len,Male,43,311,0,57.86110531728817,36
2011,srv_len,Male,45,311,0,57.86110531728817,36
2011,srv_len,Male,47,311,0.006431,57.86110531728817,36
2011,srv_len,Male,49,311,0.009646,57.86110531728817,36
2011,srv_len,Male,51,311,0.032154,57.86110531728817,36
2011,srv_len,Male,53,311,0.038585,57.86110531728817,36
2011,srv_len,Male,55,311,0.022508,57.86110531728817,36
2011,srv_len,Male,57,311,0.03537,57.86110531728817,36
2011,srv_len,Male,59,311,0.061093,57.86110531728817,36
2011,srv_len,Male,61,311,0.093248,57.86110531728817,36
2011,srv_len,Male,63,311,0.151125,57.86110531728817,36
2011,srv_len,Male,65,311,0.176849,57.86110531728817,36
2011,srv_len,Male,67,311,0.128617,57.86110531728817,36
2011,srv_len,Male,69,311,0.109325,57.86110531728817,36
2011,srv_len,Male,71,311,0.080386,57.86110531728817,36
2011,srv_len,Male,73,311,0.038585,57.86110531728817,36
2011,srv_len,Male,75,311,0,57.86110531728817,36
2011,srv_len,Male,77,311,0.009646,57.86110531728817,36
2011,srv_len,Male,79,311,0.006431,57.86110531728817,36
2011,srv_len,Male,81,311,0,57.86110531728817,36
2011,srv_len,Male,83,311,0,57.86110531728817,36
2011,srv_len,Male,85,311,0,57.86110531728817,36
2011,srv_len,Male,87,311,0,57.86110531728817,36
2011,srv_len,Male,89,311,0,57.86110531728817,36
2011,srv_len,Male,91,311,0,57.86110531728817,36
2011,srv_len,Male,93,311,0,57.86110531728817,36
2011,srv_len,Male,95,311,0,57.86110531728817,36
2011,srv_len,Male,97,311,0,57.86110531728817,36
2011,srv_len,Male,99,311,0,57.86110531728817,36
2011,srv_len,Sex combined,41,676,0,67.23156445091946,36
2011,srv_len,Sex combined,43,676,0,67.23156445091946,36
2011,srv_len,Sex combined,45,676,0,67.23156445091946,36
2011,srv_len,Sex combined,47,676,0.003,67.23156445091946,36
2011,srv_len,Sex combined,49,676,0.0089,67.23156445091946,36
2011,srv_len,Sex combined,51,676,0.0281,67.23156445091946,36
2011,srv_len,Sex combined,53,676,0.0414,67.23156445091946,36
2011,srv_len,Sex combined,55,676,0.0355,67.23156445091946,36
2011,srv_len,Sex combined,57,676,0.0385,67.23156445091946,36
2011,srv_len,Sex combined,59,676,0.037,67.23156445091946,36
2011,srv_len,Sex combined,61,676,0.0518,67.23156445091946,36
2011,srv_len,Sex combined,63,676,0.0828,67.23156445091946,36
2011,srv_len,Sex combined,65,676,0.1154,67.23156445091946,36
2011,srv_len,Sex combined,67,676,0.1021,67.23156445091946,36
2011,srv_len,Sex combined,69,676,0.1154,67.23156445091946,36
2011,srv_len,Sex combined,71,676,0.0843,67.23156445091946,36
2011,srv_len,Sex combined,73,676,0.0888,67.23156445091946,36
2011,srv_len,Sex combined,75,676,0.0473,67.23156445091946,36
2011,srv_len,Sex combined,77,676,0.0311,67.23156445091946,36
2011,srv_len,Sex combined,79,676,0.0429,67.23156445091946,36
2011,srv_len,Sex combined,81,676,0.0118,67.23156445091946,36
2011,srv_len,Sex combined,83,676,0.0133,67.23156445091946,36
2011,srv_len,Sex combined,85,676,0.0059,67.23156445091946,36
2011,srv_len,Sex combined,87,676,0.0015,67.23156445091946,36
2011,srv_len,Sex combined,89,676,0.0015,67.23156445091946,36
2011,srv_len,Sex combined,91,676,0.0074,67.23156445091946,36
2011,srv_len,Sex combined,93,676,0.003,67.23156445091946,36
2011,srv_len,Sex combined,95,676,0.0015,67.23156445091946,36
2011,srv_len,Sex combined,97,676,0,67.23156445091946,36
2011,srv_len,Sex combined,99,676,0,67.23156445091946,36
2012,srv_len,Female,41,405,0.002469,67.23156445091946,37
2012,srv_len,Female,43,405,0,67.23156445091946,37
2012,srv_len,Female,45,405,0,67.23156445091946,37
2012,srv_len,Female,47,405,0.002469,67.23156445091946,37
2012,srv_len,Female,49,405,0,67.23156445091946,37
2012,srv_len,Female,51,405,0.009877,67.23156445091946,37
2012,srv_len,Female,53,405,0.019753,67.23156445091946,37
2012,srv_len,Female,55,405,0.032099,67.23156445091946,37
2012,srv_len,Female,57,405,0.049383,67.23156445091946,37
2012,srv_len,Female,59,405,0.064198,67.23156445091946,37
2012,srv_len,Female,61,405,0.039506,67.23156445091946,37
2012,srv_len,Female,63,405,0.064198,67.23156445091946,37
2012,srv_len,Female,65,405,0.069136,67.23156445091946,37
2012,srv_len,Female,67,405,0.103704,67.23156445091946,37
2012,srv_len,Female,69,405,0.08642,67.23156445091946,37
2012,srv_len,Female,71,405,0.120988,67.23156445091946,37
2012,srv_len,Female,73,405,0.093827,67.23156445091946,37
2012,srv_len,Female,75,405,0.096296,67.23156445091946,37
2012,srv_len,Female,77,405,0.039506,67.23156445091946,37
2012,srv_len,Female,79,405,0.032099,67.23156445091946,37
2012,srv_len,Female,81,405,0.02716,67.23156445091946,37
2012,srv_len,Female,83,405,0.019753,67.23156445091946,37
2012,srv_len,Female,85,405,0.004938,67.23156445091946,37
2012,srv_len,Female,87,405,0.009877,67.23156445091946,37
2012,srv_len,Female,89,405,0.002469,67.23156445091946,37
2012,srv_len,Female,91,405,0,67.23156445091946,37
2012,srv_len,Female,93,405,0.004938,67.23156445091946,37
2012,srv_len,Female,95,405,0.004938,67.23156445091946,37
2012,srv_len,Female,97,405,0,67.23156445091946,37
2012,srv_len,Female,99,405,0,67.23156445091946,37
2012,srv_len,Male,41,319,0,57.86110531728817,37
2012,srv_len,Male,43,319,0,57.86110531728817,37
2012,srv_len,Male,45,319,0.00627,57.86110531728817,37
2012,srv_len,Male,47,319,0.00627,57.86110531728817,37
2012,srv_len,Male,49,319,0.00627,57.86110531728817,37
2012,srv_len,Male,51,319,0.015674,57.86110531728817,37
2012,srv_len,Male,53,319,0.028213,57.86110531728817,37
2012,srv_len,Male,55,319,0.043887,57.86110531728817,37
2012,srv_len,Male,57,319,0.059561,57.86110531728817,37
2012,srv_len,Male,59,319,0.094044,57.86110531728817,37
2012,srv_len,Male,61,319,0.115987,57.86110531728817,37
2012,srv_len,Male,63,319,0.141066,57.86110531728817,37
2012,srv_len,Male,65,319,0.184953,57.86110531728817,37
2012,srv_len,Male,67,319,0.109718,57.86110531728817,37
2012,srv_len,Male,69,319,0.056426,57.86110531728817,37
2012,srv_len,Male,71,319,0.081505,57.86110531728817,37
2012,srv_len,Male,73,319,0.025078,57.86110531728817,37
2012,srv_len,Male,75,319,0.012539,57.86110531728817,37
2012,srv_len,Male,77,319,0.009404,57.86110531728817,37
2012,srv_len,Male,79,319,0.003135,57.86110531728817,37
2012,srv_len,Male,81,319,0,57.86110531728817,37
2012,srv_len,Male,83,319,0,57.86110531728817,37
2012,srv_len,Male,85,319,0,57.86110531728817,37
2012,srv_len,Male,87,319,0,57.86110531728817,37
2012,srv_len,Male,89,319,0,57.86110531728817,37
2012,srv_len,Male,91,319,0,57.86110531728817,37
2012,srv_len,Male,93,319,0,57.86110531728817,37
2012,srv_len,Male,95,319,0,57.86110531728817,37
2012,srv_len,Male,97,319,0,57.86110531728817,37
2012,srv_len,Male,99,319,0,57.86110531728817,37
2012,srv_len,Sex combined,41,724,0.0014,67.23156445091946,37
2012,srv_len,Sex combined,43,724,0,67.23156445091946,37
2012,srv_len,Sex combined,45,724,0.0028,67.23156445091946,37
2012,srv_len,Sex combined,47,724,0.0041,67.23156445091946,37
2012,srv_len,Sex combined,49,724,0.0028,67.23156445091946,37
2012,srv_len,Sex combined,51,724,0.0124,67.23156445091946,37
2012,srv_len,Sex combined,53,724,0.0235,67.23156445091946,37
2012,srv_len,Sex combined,55,724,0.0373,67.23156445091946,37
2012,srv_len,Sex combined,57,724,0.053900000000000003,67.23156445091946,37
2012,srv_len,Sex combined,59,724,0.0773,67.23156445091946,37
2012,srv_len,Sex combined,61,724,0.0732,67.23156445091946,37
2012,srv_len,Sex combined,63,724,0.0981,67.23156445091946,37
2012,srv_len,Sex combined,65,724,0.1202,67.23156445091946,37
2012,srv_len,Sex combined,67,724,0.1064,67.23156445091946,37
2012,srv_len,Sex combined,69,724,0.0732,67.23156445091946,37
2012,srv_len,Sex combined,71,724,0.1036,67.23156445091946,37
2012,srv_len,Sex combined,73,724,0.0635,67.23156445091946,37
2012,srv_len,Sex combined,75,724,0.0594,67.23156445091946,37
2012,srv_len,Sex combined,77,724,0.0262,67.23156445091946,37
2012,srv_len,Sex combined,79,724,0.0193,67.23156445091946,37
2012,srv_len,Sex combined,81,724,0.0152,67.23156445091946,37
2012,srv_len,Sex combined,83,724,0.011,67.23156445091946,37
2012,srv_len,Sex combined,85,724,0.0028,67.23156445091946,37
2012,srv_len,Sex combined,87,724,0.0055,67.23156445091946,37
2012,srv_len,Sex combined,89,724,0.0014,67.23156445091946,37
2012,srv_len,Sex combined,91,724,0,67.23156445091946,37
2012,srv_len,Sex combined,93,724,0.0028,67.23156445091946,37
2012,srv_len,Sex combined,95,724,0.0028,67.23156445091946,37
2012,srv_len,Sex combined,97,724,0,67.23156445091946,37
2012,srv_len,Sex combined,99,724,0,67.23156445091946,37
2013,srv_len,Female,41,255,0,67.23156445091946,38
2013,srv_len,Female,43,255,0,67.23156445091946,38
2013,srv_len,Female,45,255,0,67.23156445091946,38
2013,srv_len,Female,47,255,0,67.23156445091946,38
2013,srv_len,Female,49,255,0.007843,67.23156445091946,38
2013,srv_len,Female,51,255,0.011765,67.23156445091946,38
2013,srv_len,Female,53,255,0.011765,67.23156445091946,38
2013,srv_len,Female,55,255,0.023529,67.23156445091946,38
2013,srv_len,Female,57,255,0.035294,67.23156445091946,38
2013,srv_len,Female,59,255,0.031373,67.23156445091946,38
2013,srv_len,Female,61,255,0.062745,67.23156445091946,38
2013,srv_len,Female,63,255,0.082353,67.23156445091946,38
2013,srv_len,Female,65,255,0.098039,67.23156445091946,38
2013,srv_len,Female,67,255,0.105882,67.23156445091946,38
2013,srv_len,Female,69,255,0.101961,67.23156445091946,38
2013,srv_len,Female,71,255,0.090196,67.23156445091946,38
2013,srv_len,Female,73,255,0.078431,67.23156445091946,38
2013,srv_len,Female,75,255,0.058824,67.23156445091946,38
2013,srv_len,Female,77,255,0.05098,67.23156445091946,38
2013,srv_len,Female,79,255,0.035294,67.23156445091946,38
2013,srv_len,Female,81,255,0.011765,67.23156445091946,38
2013,srv_len,Female,83,255,0.027451,67.23156445091946,38
2013,srv_len,Female,85,255,0.015686,67.23156445091946,38
2013,srv_len,Female,87,255,0.015686,67.23156445091946,38
2013,srv_len,Female,89,255,0.023529,67.23156445091946,38
2013,srv_len,Female,91,255,0.007843,67.23156445091946,38
2013,srv_len,Female,93,255,0.003922,67.23156445091946,38
2013,srv_len,Female,95,255,0.003922,67.23156445091946,38
2013,srv_len,Female,97,255,0,67.23156445091946,38
2013,srv_len,Female,99,255,0.003922,67.23156445091946,38
2013,srv_len,Male,41,280,0,57.86110531728817,38
2013,srv_len,Male,43,280,0,57.86110531728817,38
2013,srv_len,Male,45,280,0,57.86110531728817,38
2013,srv_len,Male,47,280,0,57.86110531728817,38
2013,srv_len,Male,49,280,0.003571,57.86110531728817,38
2013,srv_len,Male,51,280,0.007143,57.86110531728817,38
2013,srv_len,Male,53,280,0.021429,57.86110531728817,38
2013,srv_len,Male,55,280,0.053571,57.86110531728817,38
2013,srv_len,Male,57,280,0.060714,57.86110531728817,38
2013,srv_len,Male,59,280,0.096429,57.86110531728817,38
2013,srv_len,Male,61,280,0.153571,57.86110531728817,38
2013,srv_len,Male,63,280,0.135714,57.86110531728817,38
2013,srv_len,Male,65,280,0.167857,57.86110531728817,38
2013,srv_len,Male,67,280,0.128571,57.86110531728817,38
2013,srv_len,Male,69,280,0.078571,57.86110531728817,38
2013,srv_len,Male,71,280,0.039286,57.86110531728817,38
2013,srv_len,Male,73,280,0.028571,57.86110531728817,38
2013,srv_len,Male,75,280,0.014286,57.86110531728817,38
2013,srv_len,Male,77,280,0.007143,57.86110531728817,38
2013,srv_len,Male,79,280,0,57.86110531728817,38
2013,srv_len,Male,81,280,0.003571,57.86110531728817,38
2013,srv_len,Male,83,280,0,57.86110531728817,38
2013,srv_len,Male,85,280,0,57.86110531728817,38
2013,srv_len,Male,87,280,0,57.86110531728817,38
2013,srv_len,Male,89,280,0,57.86110531728817,38
2013,srv_len,Male,91,280,0,57.86110531728817,38
2013,srv_len,Male,93,280,0,57.86110531728817,38
2013,srv_len,Male,95,280,0,57.86110531728817,38
2013,srv_len,Male,97,280,0,57.86110531728817,38
2013,srv_len,Male,99,280,0,57.86110531728817,38
2013,srv_len,Sex combined,41,535,0,67.23156445091946,38
2013,srv_len,Sex combined,43,535,0,67.23156445091946,38
2013,srv_len,Sex combined,45,535,0,67.23156445091946,38
2013,srv_len,Sex combined,47,535,0,67.23156445091946,38
2013,srv_len,Sex combined,49,535,0.0056,67.23156445091946,38
2013,srv_len,Sex combined,51,535,0.0093,67.23156445091946,38
2013,srv_len,Sex combined,53,535,0.0168,67.23156445091946,38
2013,srv_len,Sex combined,55,535,0.0393,67.23156445091946,38
2013,srv_len,Sex combined,57,535,0.0486,67.23156445091946,38
2013,srv_len,Sex combined,59,535,0.0654,67.23156445091946,38
2013,srv_len,Sex combined,61,535,0.1103,67.23156445091946,38
2013,srv_len,Sex combined,63,535,0.1103,67.23156445091946,38
2013,srv_len,Sex combined,65,535,0.1346,67.23156445091946,38
2013,srv_len,Sex combined,67,535,0.1178,67.23156445091946,38
2013,srv_len,Sex combined,69,535,0.0897,67.23156445091946,38
2013,srv_len,Sex combined,71,535,0.0636,67.23156445091946,38
2013,srv_len,Sex combined,73,535,0.0523,67.23156445091946,38
2013,srv_len,Sex combined,75,535,0.0355,67.23156445091946,38
2013,srv_len,Sex combined,77,535,0.028,67.23156445091946,38
2013,srv_len,Sex combined,79,535,0.0168,67.23156445091946,38
2013,srv_len,Sex combined,81,535,0.0075,67.23156445091946,38
2013,srv_len,Sex combined,83,535,0.0131,67.23156445091946,38
2013,srv_len,Sex combined,85,535,0.0075,67.23156445091946,38
2013,srv_len,Sex combined,87,535,0.0075,67.23156445091946,38
2013,srv_len,Sex combined,89,535,0.0112,67.23156445091946,38
2013,srv_len,Sex combined,91,535,0.0037,67.23156445091946,38
2013,srv_len,Sex combined,93,535,0.0019,67.23156445091946,38
2013,srv_len,Sex combined,95,535,0.0019,67.23156445091946,38
2013,srv_len,Sex combined,97,535,0,67.23156445091946,38
2013,srv_len,Sex combined,99,535,0.0019,67.23156445091946,38
2014,srv_len,Female,41,285,0,67.23156445091946,39
2014,srv_len,Female,43,285,0,67.23156445091946,39
2014,srv_len,Female,45,285,0,67.23156445091946,39
2014,srv_len,Female,47,285,0,67.23156445091946,39
2014,srv_len,Female,49,285,0,67.23156445091946,39
2014,srv_len,Female,51,285,0.007018,67.23156445091946,39
2014,srv_len,Female,53,285,0.003509,67.23156445091946,39
2014,srv_len,Female,55,285,0.014035,67.23156445091946,39
2014,srv_len,Female,57,285,0.014035,67.23156445091946,39
2014,srv_len,Female,59,285,0.05614,67.23156445091946,39
2014,srv_len,Female,61,285,0.045614,67.23156445091946,39
2014,srv_len,Female,63,285,0.070175,67.23156445091946,39
2014,srv_len,Female,65,285,0.115789,67.23156445091946,39
2014,srv_len,Female,67,285,0.098246,67.23156445091946,39
2014,srv_len,Female,69,285,0.098246,67.23156445091946,39
2014,srv_len,Female,71,285,0.077193,67.23156445091946,39
2014,srv_len,Female,73,285,0.087719,67.23156445091946,39
2014,srv_len,Female,75,285,0.066667,67.23156445091946,39
2014,srv_len,Female,77,285,0.073684,67.23156445091946,39
2014,srv_len,Female,79,285,0.02807,67.23156445091946,39
2014,srv_len,Female,81,285,0.05614,67.23156445091946,39
2014,srv_len,Female,83,285,0.035088,67.23156445091946,39
2014,srv_len,Female,85,285,0.02807,67.23156445091946,39
2014,srv_len,Female,87,285,0.003509,67.23156445091946,39
2014,srv_len,Female,89,285,0,67.23156445091946,39
2014,srv_len,Female,91,285,0.010526,67.23156445091946,39
2014,srv_len,Female,93,285,0.007018,67.23156445091946,39
2014,srv_len,Female,95,285,0,67.23156445091946,39
2014,srv_len,Female,97,285,0,67.23156445091946,39
2014,srv_len,Female,99,285,0.003509,67.23156445091946,39
2014,srv_len,Male,41,275,0,57.86110531728817,39
2014,srv_len,Male,43,275,0,57.86110531728817,39
2014,srv_len,Male,45,275,0.003636,57.86110531728817,39
2014,srv_len,Male,47,275,0,57.86110531728817,39
2014,srv_len,Male,49,275,0,57.86110531728817,39
2014,srv_len,Male,51,275,0,57.86110531728817,39
2014,srv_len,Male,53,275,0.010909,57.86110531728817,39
2014,srv_len,Male,55,275,0.032727,57.86110531728817,39
2014,srv_len,Male,57,275,0.061818,57.86110531728817,39
2014,srv_len,Male,59,275,0.08,57.86110531728817,39
2014,srv_len,Male,61,275,0.112727,57.86110531728817,39
2014,srv_len,Male,63,275,0.210909,57.86110531728817,39
2014,srv_len,Male,65,275,0.149091,57.86110531728817,39
2014,srv_len,Male,67,275,0.134545,57.86110531728817,39
2014,srv_len,Male,69,275,0.061818,57.86110531728817,39
2014,srv_len,Male,71,275,0.076364,57.86110531728817,39
2014,srv_len,Male,73,275,0.032727,57.86110531728817,39
2014,srv_len,Male,75,275,0.010909,57.86110531728817,39
2014,srv_len,Male,77,275,0.014545,57.86110531728817,39
2014,srv_len,Male,79,275,0.003636,57.86110531728817,39
2014,srv_len,Male,81,275,0,57.86110531728817,39
2014,srv_len,Male,83,275,0,57.86110531728817,39
2014,srv_len,Male,85,275,0.003636,57.86110531728817,39
2014,srv_len,Male,87,275,0,57.86110531728817,39
2014,srv_len,Male,89,275,0,57.86110531728817,39
2014,srv_len,Male,91,275,0,57.86110531728817,39
2014,srv_len,Male,93,275,0,57.86110531728817,39
2014,srv_len,Male,95,275,0,57.86110531728817,39
2014,srv_len,Male,97,275,0,57.86110531728817,39
2014,srv_len,Male,99,275,0,57.86110531728817,39
2014,srv_len,Sex combined,41,560,0,67.23156445091946,39
2014,srv_len,Sex combined,43,560,0,67.23156445091946,39
2014,srv_len,Sex combined,45,560,0.0018,67.23156445091946,39
2014,srv_len,Sex combined,47,560,0,67.23156445091946,39
2014,srv_len,Sex combined,49,560,0,67.23156445091946,39
2014,srv_len,Sex combined,51,560,0.0036,67.23156445091946,39
2014,srv_len,Sex combined,53,560,0.0071,67.23156445091946,39
2014,srv_len,Sex combined,55,560,0.0232,67.23156445091946,39
2014,srv_len,Sex combined,57,560,0.0375,67.23156445091946,39
2014,srv_len,Sex combined,59,560,0.0679,67.23156445091946,39
2014,srv_len,Sex combined,61,560,0.0786,67.23156445091946,39
2014,srv_len,Sex combined,63,560,0.1393,67.23156445091946,39
2014,srv_len,Sex combined,65,560,0.1321,67.23156445091946,39
2014,srv_len,Sex combined,67,560,0.1161,67.23156445091946,39
2014,srv_len,Sex combined,69,560,0.0804,67.23156445091946,39
2014,srv_len,Sex combined,71,560,0.0768,67.23156445091946,39
2014,srv_len,Sex combined,73,560,0.0607,67.23156445091946,39
2014,srv_len,Sex combined,75,560,0.0393,67.23156445091946,39
2014,srv_len,Sex combined,77,560,0.0446,67.23156445091946,39
2014,srv_len,Sex combined,79,560,0.0161,67.23156445091946,39
2014,srv_len,Sex combined,81,560,0.0286,67.23156445091946,39
2014,srv_len,Sex combined,83,560,0.0179,67.23156445091946,39
2014,srv_len,Sex combined,85,560,0.0161,67.23156445091946,39
2014,srv_len,Sex combined,87,560,0.0018,67.23156445091946,39
2014,srv_len,Sex combined,89,560,0,67.23156445091946,39
2014,srv_len,Sex combined,91,560,0.0054,67.23156445091946,39
2014,srv_len,Sex combined,93,560,0.0036,67.23156445091946,39
2014,srv_len,Sex combined,95,560,0,67.23156445091946,39
2014,srv_len,Sex combined,97,560,0,67.23156445091946,39
2014,srv_len,Sex combined,99,560,0.0018,67.23156445091946,39
2015,srv_len,Female,41,290,0,67.23156445091946,40
2015,srv_len,Female,43,290,0,67.23156445091946,40
2015,srv_len,Female,45,290,0,67.23156445091946,40
2015,srv_len,Female,47,290,0.003448,67.23156445091946,40
2015,srv_len,Female,49,290,0.003448,67.23156445091946,40
2015,srv_len,Female,51,290,0.02069,67.23156445091946,40
2015,srv_len,Female,53,290,0.017241,67.23156445091946,40
2015,srv_len,Female,55,290,0.024138,67.23156445091946,40
2015,srv_len,Female,57,290,0.031034,67.23156445091946,40
2015,srv_len,Female,59,290,0.017241,67.23156445091946,40
2015,srv_len,Female,61,290,0.044828,67.23156445091946,40
2015,srv_len,Female,63,290,0.048276,67.23156445091946,40
2015,srv_len,Female,65,290,0.086207,67.23156445091946,40
2015,srv_len,Female,67,290,0.110345,67.23156445091946,40
2015,srv_len,Female,69,290,0.068966,67.23156445091946,40
2015,srv_len,Female,71,290,0.12069,67.23156445091946,40
2015,srv_len,Female,73,290,0.082759,67.23156445091946,40
2015,srv_len,Female,75,290,0.103448,67.23156445091946,40
2015,srv_len,Female,77,290,0.072414,67.23156445091946,40
2015,srv_len,Female,79,290,0.027586,67.23156445091946,40
2015,srv_len,Female,81,290,0.044828,67.23156445091946,40
2015,srv_len,Female,83,290,0.031034,67.23156445091946,40
2015,srv_len,Female,85,290,0.017241,67.23156445091946,40
2015,srv_len,Female,87,290,0.010345,67.23156445091946,40
2015,srv_len,Female,89,290,0.003448,67.23156445091946,40
2015,srv_len,Female,91,290,0.003448,67.23156445091946,40
2015,srv_len,Female,93,290,0.003448,67.23156445091946,40
2015,srv_len,Female,95,290,0,67.23156445091946,40
2015,srv_len,Female,97,290,0.003448,67.23156445091946,40
2015,srv_len,Female,99,290,0,67.23156445091946,40
2015,srv_len,Male,41,201,0,57.86110531728817,40
2015,srv_len,Male,43,201,0,57.86110531728817,40
2015,srv_len,Male,45,201,0.004975,57.86110531728817,40
2015,srv_len,Male,47,201,0.004975,57.86110531728817,40
2015,srv_len,Male,49,201,0.024876,57.86110531728817,40
2015,srv_len,Male,51,201,0.054726,57.86110531728817,40
2015,srv_len,Male,53,201,0.0199,57.86110531728817,40
2015,srv_len,Male,55,201,0.024876,57.86110531728817,40
2015,srv_len,Male,57,201,0.064677,57.86110531728817,40
2015,srv_len,Male,59,201,0.094527,57.86110531728817,40
2015,srv_len,Male,61,201,0.074627,57.86110531728817,40
2015,srv_len,Male,63,201,0.139303,57.86110531728817,40
2015,srv_len,Male,65,201,0.139303,57.86110531728817,40
2015,srv_len,Male,67,201,0.094527,57.86110531728817,40
2015,srv_len,Male,69,201,0.114428,57.86110531728817,40
2015,srv_len,Male,71,201,0.069652,57.86110531728817,40
2015,srv_len,Male,73,201,0.044776,57.86110531728817,40
2015,srv_len,Male,75,201,0.004975,57.86110531728817,40
2015,srv_len,Male,77,201,0.004975,57.86110531728817,40
2015,srv_len,Male,79,201,0.014925,57.86110531728817,40
2015,srv_len,Male,81,201,0.004975,57.86110531728817,40
2015,srv_len,Male,83,201,0,57.86110531728817,40
2015,srv_len,Male,85,201,0,57.86110531728817,40
2015,srv_len,Male,87,201,0,57.86110531728817,40
2015,srv_len,Male,89,201,0,57.86110531728817,40
2015,srv_len,Male,91,201,0,57.86110531728817,40
2015,srv_len,Male,93,201,0,57.86110531728817,40
2015,srv_len,Male,95,201,0,57.86110531728817,40
2015,srv_len,Male,97,201,0,57.86110531728817,40
2015,srv_len,Male,99,201,0,57.86110531728817,40
2015,srv_len,Sex combined,41,491,0,67.23156445091946,40
2015,srv_len,Sex combined,43,491,0,67.23156445091946,40
2015,srv_len,Sex combined,45,491,0.002,67.23156445091946,40
2015,srv_len,Sex combined,47,491,0.0041,67.23156445091946,40
2015,srv_len,Sex combined,49,491,0.0122,67.23156445091946,40
2015,srv_len,Sex combined,51,491,0.0346,67.23156445091946,40
2015,srv_len,Sex combined,53,491,0.0183,67.23156445091946,40
2015,srv_len,Sex combined,55,491,0.0244,67.23156445091946,40
2015,srv_len,Sex combined,57,491,0.0448,67.23156445091946,40
2015,srv_len,Sex combined,59,491,0.0489,67.23156445091946,40
2015,srv_len,Sex combined,61,491,0.057,67.23156445091946,40
2015,srv_len,Sex combined,63,491,0.0855,67.23156445091946,40
2015,srv_len,Sex combined,65,491,0.1079,67.23156445091946,40
2015,srv_len,Sex combined,67,491,0.1039,67.23156445091946,40
2015,srv_len,Sex combined,69,491,0.0876,67.23156445091946,40
2015,srv_len,Sex combined,71,491,0.0998,67.23156445091946,40
2015,srv_len,Sex combined,73,491,0.0672,67.23156445091946,40
2015,srv_len,Sex combined,75,491,0.0631,67.23156445091946,40
2015,srv_len,Sex combined,77,491,0.0448,67.23156445091946,40
2015,srv_len,Sex combined,79,491,0.0224,67.23156445091946,40
2015,srv_len,Sex combined,81,491,0.0285,67.23156445091946,40
2015,srv_len,Sex combined,83,491,0.0183,67.23156445091946,40
2015,srv_len,Sex combined,85,491,0.0102,67.23156445091946,40
2015,srv_len,Sex combined,87,491,0.0061,67.23156445091946,40
2015,srv_len,Sex combined,89,491,0.002,67.23156445091946,40
2015,srv_len,Sex combined,91,491,0.002,67.23156445091946,40
2015,srv_len,Sex combined,93,491,0.002,67.23156445091946,40
2015,srv_len,Sex combined,95,491,0,67.23156445091946,40
2015,srv_len,Sex combined,97,491,0.002,67.23156445091946,40
2015,srv_len,Sex combined,99,491,0,67.23156445091946,40
2016,srv_len,Female,41,315,0,67.23156445091946,41
2016,srv_len,Female,43,315,0,67.23156445091946,41
2016,srv_len,Female,45,315,0,67.23156445091946,41
2016,srv_len,Female,47,315,0.012698,67.23156445091946,41
2016,srv_len,Female,49,315,0.038095,67.23156445091946,41
2016,srv_len,Female,51,315,0.031746,67.23156445091946,41
2016,srv_len,Female,53,315,0.038095,67.23156445091946,41
2016,srv_len,Female,55,315,0.031746,67.23156445091946,41
2016,srv_len,Female,57,315,0.053968,67.23156445091946,41
2016,srv_len,Female,59,315,0.047619,67.23156445091946,41
2016,srv_len,Female,61,315,0.047619,67.23156445091946,41
2016,srv_len,Female,63,315,0.044444,67.23156445091946,41
2016,srv_len,Female,65,315,0.047619,67.23156445091946,41
2016,srv_len,Female,67,315,0.079365,67.23156445091946,41
2016,srv_len,Female,69,315,0.101587,67.23156445091946,41
2016,srv_len,Female,71,315,0.07619,67.23156445091946,41
2016,srv_len,Female,73,315,0.07619,67.23156445091946,41
2016,srv_len,Female,75,315,0.044444,67.23156445091946,41
2016,srv_len,Female,77,315,0.066667,67.23156445091946,41
2016,srv_len,Female,79,315,0.034921,67.23156445091946,41
2016,srv_len,Female,81,315,0.034921,67.23156445091946,41
2016,srv_len,Female,83,315,0.025397,67.23156445091946,41
2016,srv_len,Female,85,315,0.022222,67.23156445091946,41
2016,srv_len,Female,87,315,0.009524,67.23156445091946,41
2016,srv_len,Female,89,315,0.006349,67.23156445091946,41
2016,srv_len,Female,91,315,0.009524,67.23156445091946,41
2016,srv_len,Female,93,315,0.006349,67.23156445091946,41
2016,srv_len,Female,95,315,0.003175,67.23156445091946,41
2016,srv_len,Female,97,315,0.003175,67.23156445091946,41
2016,srv_len,Female,99,315,0.006349,67.23156445091946,41
2016,srv_len,Male,41,237,0,57.86110531728817,41
2016,srv_len,Male,43,237,0.004219,57.86110531728817,41
2016,srv_len,Male,45,237,0.008439,57.86110531728817,41
2016,srv_len,Male,47,237,0.012658,57.86110531728817,41
2016,srv_len,Male,49,237,0.037975,57.86110531728817,41
2016,srv_len,Male,51,237,0.012658,57.86110531728817,41
2016,srv_len,Male,53,237,0.037975,57.86110531728817,41
2016,srv_len,Male,55,237,0.059072,57.86110531728817,41
2016,srv_len,Male,57,237,0.07173,57.86110531728817,41
2016,srv_len,Male,59,237,0.050633,57.86110531728817,41
2016,srv_len,Male,61,237,0.109705,57.86110531728817,41
2016,srv_len,Male,63,237,0.135021,57.86110531728817,41
2016,srv_len,Male,65,237,0.105485,57.86110531728817,41
2016,srv_len,Male,67,237,0.118143,57.86110531728817,41
2016,srv_len,Male,69,237,0.105485,57.86110531728817,41
2016,srv_len,Male,71,237,0.059072,57.86110531728817,41
2016,srv_len,Male,73,237,0.046414,57.86110531728817,41
2016,srv_len,Male,75,237,0.004219,57.86110531728817,41
2016,srv_len,Male,77,237,0.016878,57.86110531728817,41
2016,srv_len,Male,79,237,0,57.86110531728817,41
2016,srv_len,Male,81,237,0,57.86110531728817,41
2016,srv_len,Male,83,237,0.004219,57.86110531728817,41
2016,srv_len,Male,85,237,0,57.86110531728817,41
2016,srv_len,Male,87,237,0,57.86110531728817,41
2016,srv_len,Male,89,237,0,57.86110531728817,41
2016,srv_len,Male,91,237,0,57.86110531728817,41
2016,srv_len,Male,93,237,0,57.86110531728817,41
2016,srv_len,Male,95,237,0,57.86110531728817,41
2016,srv_len,Male,97,237,0,57.86110531728817,41
2016,srv_len,Male,99,237,0,57.86110531728817,41
2016,srv_len,Sex combined,41,552,0,67.23156445091946,41
2016,srv_len,Sex combined,43,552,0.0018,67.23156445091946,41
2016,srv_len,Sex combined,45,552,0.0036,67.23156445091946,41
2016,srv_len,Sex combined,47,552,0.0127,67.23156445091946,41
2016,srv_len,Sex combined,49,552,0.038,67.23156445091946,41
2016,srv_len,Sex combined,51,552,0.0236,67.23156445091946,41
2016,srv_len,Sex combined,53,552,0.038,67.23156445091946,41
2016,srv_len,Sex combined,55,552,0.0435,67.23156445091946,41
2016,srv_len,Sex combined,57,552,0.0616,67.23156445091946,41
2016,srv_len,Sex combined,59,552,0.0489,67.23156445091946,41
2016,srv_len,Sex combined,61,552,0.0743,67.23156445091946,41
2016,srv_len,Sex combined,63,552,0.0833,67.23156445091946,41
2016,srv_len,Sex combined,65,552,0.0725,67.23156445091946,41
2016,srv_len,Sex combined,67,552,0.096,67.23156445091946,41
2016,srv_len,Sex combined,69,552,0.1033,67.23156445091946,41
2016,srv_len,Sex combined,71,552,0.0688,67.23156445091946,41
2016,srv_len,Sex combined,73,552,0.0634,67.23156445091946,41
2016,srv_len,Sex combined,75,552,0.0272,67.23156445091946,41
2016,srv_len,Sex combined,77,552,0.0453,67.23156445091946,41
2016,srv_len,Sex combined,79,552,0.0199,67.23156445091946,41
2016,srv_len,Sex combined,81,552,0.0199,67.23156445091946,41
2016,srv_len,Sex combined,83,552,0.0163,67.23156445091946,41
2016,srv_len,Sex combined,85,552,0.0127,67.23156445091946,41
2016,srv_len,Sex combined,87,552,0.0054,67.23156445091946,41
2016,srv_len,Sex combined,89,552,0.0036,67.23156445091946,41
2016,srv_len,Sex combined,91,552,0.0054,67.23156445091946,41
2016,srv_len,Sex combined,93,552,0.0036,67.23156445091946,41
2016,srv_len,Sex combined,95,552,0.0018,67.23156445091946,41
2016,srv_len,Sex combined,97,552,0.0018,67.23156445091946,41
2016,srv_len,Sex combined,99,552,0.0036,67.23156445091946,41
2017,srv_len,Female,41,347,0,67.23156445091946,42
2017,srv_len,Female,43,347,0.002882,67.23156445091946,42
2017,srv_len,Female,45,347,0.011527,67.23156445091946,42
2017,srv_len,Female,47,347,0.028818,67.23156445091946,42
2017,srv_len,Female,49,347,0.014409,67.23156445091946,42
2017,srv_len,Female,51,347,0.025937,67.23156445091946,42
2017,srv_len,Female,53,347,0.054755,67.23156445091946,42
2017,srv_len,Female,55,347,0.04611,67.23156445091946,42
2017,srv_len,Female,57,347,0.069164,67.23156445091946,42
2017,srv_len,Female,59,347,0.043228,67.23156445091946,42
2017,srv_len,Female,61,347,0.074928,67.23156445091946,42
2017,srv_len,Female,63,347,0.063401,67.23156445091946,42
2017,srv_len,Female,65,347,0.057637,67.23156445091946,42
2017,srv_len,Female,67,347,0.072046,67.23156445091946,42
2017,srv_len,Female,69,347,0.060519,67.23156445091946,42
2017,srv_len,Female,71,347,0.051873,67.23156445091946,42
2017,srv_len,Female,73,347,0.069164,67.23156445091946,42
2017,srv_len,Female,75,347,0.040346,67.23156445091946,42
2017,srv_len,Female,77,347,0.048991,67.23156445091946,42
2017,srv_len,Female,79,347,0.034582,67.23156445091946,42
2017,srv_len,Female,81,347,0.034582,67.23156445091946,42
2017,srv_len,Female,83,347,0.014409,67.23156445091946,42
2017,srv_len,Female,85,347,0.017291,67.23156445091946,42
2017,srv_len,Female,87,347,0.028818,67.23156445091946,42
2017,srv_len,Female,89,347,0.002882,67.23156445091946,42
2017,srv_len,Female,91,347,0.011527,67.23156445091946,42
2017,srv_len,Female,93,347,0,67.23156445091946,42
2017,srv_len,Female,95,347,0.011527,67.23156445091946,42
2017,srv_len,Female,97,347,0.002882,67.23156445091946,42
2017,srv_len,Female,99,347,0.005764,67.23156445091946,42
2017,srv_len,Male,41,250,0,57.86110531728817,42
2017,srv_len,Male,43,250,0,57.86110531728817,42
2017,srv_len,Male,45,250,0.02,57.86110531728817,42
2017,srv_len,Male,47,250,0.008,57.86110531728817,42
2017,srv_len,Male,49,250,0.02,57.86110531728817,42
2017,srv_len,Male,51,250,0.036,57.86110531728817,42
2017,srv_len,Male,53,250,0.056,57.86110531728817,42
2017,srv_len,Male,55,250,0.064,57.86110531728817,42
2017,srv_len,Male,57,250,0.088,57.86110531728817,42
2017,srv_len,Male,59,250,0.052,57.86110531728817,42
2017,srv_len,Male,61,250,0.144,57.86110531728817,42
2017,srv_len,Male,63,250,0.124,57.86110531728817,42
2017,srv_len,Male,65,250,0.152,57.86110531728817,42
2017,srv_len,Male,67,250,0.108,57.86110531728817,42
2017,srv_len,Male,69,250,0.056,57.86110531728817,42
2017,srv_len,Male,71,250,0.044,57.86110531728817,42
2017,srv_len,Male,73,250,0.02,57.86110531728817,42
2017,srv_len,Male,75,250,0.004,57.86110531728817,42
2017,srv_len,Male,77,250,0,57.86110531728817,42
2017,srv_len,Male,79,250,0,57.86110531728817,42
2017,srv_len,Male,81,250,0,57.86110531728817,42
2017,srv_len,Male,83,250,0.004,57.86110531728817,42
2017,srv_len,Male,85,250,0,57.86110531728817,42
2017,srv_len,Male,87,250,0,57.86110531728817,42
2017,srv_len,Male,89,250,0,57.86110531728817,42
2017,srv_len,Male,91,250,0,57.86110531728817,42
2017,srv_len,Male,93,250,0,57.86110531728817,42
2017,srv_len,Male,95,250,0,57.86110531728817,42
2017,srv_len,Male,97,250,0,57.86110531728817,42
2017,srv_len,Male,99,250,0,57.86110531728817,42
2017,srv_len,Sex combined,41,597,0,67.23156445091946,42
2017,srv_len,Sex combined,43,597,0.0017,67.23156445091946,42
2017,srv_len,Sex combined,45,597,0.0151,67.23156445091946,42
2017,srv_len,Sex combined,47,597,0.0201,67.23156445091946,42
2017,srv_len,Sex combined,49,597,0.0168,67.23156445091946,42
2017,srv_len,Sex combined,51,597,0.0302,67.23156445091946,42
2017,srv_len,Sex combined,53,597,0.0553,67.23156445091946,42
2017,srv_len,Sex combined,55,597,0.0536,67.23156445091946,42
2017,srv_len,Sex combined,57,597,0.0771,67.23156445091946,42
2017,srv_len,Sex combined,59,597,0.0469,67.23156445091946,42
2017,srv_len,Sex combined,61,597,0.1039,67.23156445091946,42
2017,srv_len,Sex combined,63,597,0.0888,67.23156445091946,42
2017,srv_len,Sex combined,65,597,0.0972,67.23156445091946,42
2017,srv_len,Sex combined,67,597,0.0871,67.23156445091946,42
2017,srv_len,Sex combined,69,597,0.0586,67.23156445091946,42
2017,srv_len,Sex combined,71,597,0.0486,67.23156445091946,42
2017,srv_len,Sex combined,73,597,0.0486,67.23156445091946,42
2017,srv_len,Sex combined,75,597,0.0251,67.23156445091946,42
2017,srv_len,Sex combined,77,597,0.0285,67.23156445091946,42
2017,srv_len,Sex combined,79,597,0.0201,67.23156445091946,42
2017,srv_len,Sex combined,81,597,0.0201,67.23156445091946,42
2017,srv_len,Sex combined,83,597,0.0101,67.23156445091946,42
2017,srv_len,Sex combined,85,597,0.0101,67.23156445091946,42
2017,srv_len,Sex combined,87,597,0.0168,67.23156445091946,42
2017,srv_len,Sex combined,89,597,0.0017,67.23156445091946,42
2017,srv_len,Sex combined,91,597,0.0067,67.23156445091946,42
2017,srv_len,Sex combined,93,597,0,67.23156445091946,42
2017,srv_len,Sex combined,95,597,0.0067,67.23156445091946,42
2017,srv_len,Sex combined,97,597,0.0017,67.23156445091946,42
2017,srv_len,Sex combined,99,597,0.0034,67.23156445091946,42
2018,srv_len,Female,41,347,0,67.23156445091946,43
2018,srv_len,Female,43,347,0.002882,67.23156445091946,43
2018,srv_len,Female,45,347,0.011527,67.23156445091946,43
2018,srv_len,Female,47,347,0.014409,67.23156445091946,43
2018,srv_len,Female,49,347,0.025937,67.23156445091946,43
2018,srv_len,Female,51,347,0.0317,67.23156445091946,43
2018,srv_len,Female,53,347,0.054755,67.23156445091946,43
2018,srv_len,Female,55,347,0.060519,67.23156445091946,43
2018,srv_len,Female,57,347,0.07781,67.23156445091946,43
2018,srv_len,Female,59,347,0.072046,67.23156445091946,43
2018,srv_len,Female,61,347,0.057637,67.23156445091946,43
2018,srv_len,Female,63,347,0.057637,67.23156445091946,43
2018,srv_len,Female,65,347,0.066282,67.23156445091946,43
2018,srv_len,Female,67,347,0.057637,67.23156445091946,43
2018,srv_len,Female,69,347,0.063401,67.23156445091946,43
2018,srv_len,Female,71,347,0.089337,67.23156445091946,43
2018,srv_len,Female,73,347,0.048991,67.23156445091946,43
2018,srv_len,Female,75,347,0.04611,67.23156445091946,43
2018,srv_len,Female,77,347,0.048991,67.23156445091946,43
2018,srv_len,Female,79,347,0.023055,67.23156445091946,43
2018,srv_len,Female,81,347,0.034582,67.23156445091946,43
2018,srv_len,Female,83,347,0.005764,67.23156445091946,43
2018,srv_len,Female,85,347,0.020173,67.23156445091946,43
2018,srv_len,Female,87,347,0.008646,67.23156445091946,43
2018,srv_len,Female,89,347,0.005764,67.23156445091946,43
2018,srv_len,Female,91,347,0.002882,67.23156445091946,43
2018,srv_len,Female,93,347,0.002882,67.23156445091946,43
2018,srv_len,Female,95,347,0.002882,67.23156445091946,43
2018,srv_len,Female,97,347,0.002882,67.23156445091946,43
2018,srv_len,Female,99,347,0.002882,67.23156445091946,43
2018,srv_len,Male,41,215,0,57.86110531728817,43
2018,srv_len,Male,43,215,0,57.86110531728817,43
2018,srv_len,Male,45,215,0.013953,57.86110531728817,43
2018,srv_len,Male,47,215,0.013953,57.86110531728817,43
2018,srv_len,Male,49,215,0.023256,57.86110531728817,43
2018,srv_len,Male,51,215,0.046512,57.86110531728817,43
2018,srv_len,Male,53,215,0.060465,57.86110531728817,43
2018,srv_len,Male,55,215,0.046512,57.86110531728817,43
2018,srv_len,Male,57,215,0.065116,57.86110531728817,43
2018,srv_len,Male,59,215,0.106977,57.86110531728817,43
2018,srv_len,Male,61,215,0.093023,57.86110531728817,43
2018,srv_len,Male,63,215,0.12093,57.86110531728817,43
2018,srv_len,Male,65,215,0.111628,57.86110531728817,43
2018,srv_len,Male,67,215,0.069767,57.86110531728817,43
2018,srv_len,Male,69,215,0.125581,57.86110531728817,43
2018,srv_len,Male,71,215,0.046512,57.86110531728817,43
2018,srv_len,Male,73,215,0.027907,57.86110531728817,43
2018,srv_len,Male,75,215,0.009302,57.86110531728817,43
2018,srv_len,Male,77,215,0.004651,57.86110531728817,43
2018,srv_len,Male,79,215,0.013953,57.86110531728817,43
2018,srv_len,Male,81,215,0,57.86110531728817,43
2018,srv_len,Male,83,215,0,57.86110531728817,43
2018,srv_len,Male,85,215,0,57.86110531728817,43
2018,srv_len,Male,87,215,0,57.86110531728817,43
2018,srv_len,Male,89,215,0,57.86110531728817,43
2018,srv_len,Male,91,215,0,57.86110531728817,43
2018,srv_len,Male,93,215,0,57.86110531728817,43
2018,srv_len,Male,95,215,0,57.86110531728817,43
2018,srv_len,Male,97,215,0,57.86110531728817,43
2018,srv_len,Male,99,215,0,57.86110531728817,43
2018,srv_len,Sex combined,41,562,0,67.23156445091946,43
2018,srv_len,Sex combined,43,562,0.0018,67.23156445091946,43
2018,srv_len,Sex combined,45,562,0.0125,67.23156445091946,43
2018,srv_len,Sex combined,47,562,0.0142,67.23156445091946,43
2018,srv_len,Sex combined,49,562,0.0249,67.23156445091946,43
2018,srv_len,Sex combined,51,562,0.0374,67.23156445091946,43
2018,srv_len,Sex combined,53,562,0.0569,67.23156445091946,43
2018,srv_len,Sex combined,55,562,0.0552,67.23156445091946,43
2018,srv_len,Sex combined,57,562,0.073,67.23156445091946,43
2018,srv_len,Sex combined,59,562,0.0854,67.23156445091946,43
2018,srv_len,Sex combined,61,562,0.0712,67.23156445091946,43
2018,srv_len,Sex combined,63,562,0.0819,67.23156445091946,43
2018,srv_len,Sex combined,65,562,0.0836,67.23156445091946,43
2018,srv_len,Sex combined,67,562,0.0623,67.23156445091946,43
2018,srv_len,Sex combined,69,562,0.0872,67.23156445091946,43
2018,srv_len,Sex combined,71,562,0.073,67.23156445091946,43
2018,srv_len,Sex combined,73,562,0.0409,67.23156445091946,43
2018,srv_len,Sex combined,75,562,0.032,67.23156445091946,43
2018,srv_len,Sex combined,77,562,0.032,67.23156445091946,43
2018,srv_len,Sex combined,79,562,0.0196,67.23156445091946,43
2018,srv_len,Sex combined,81,562,0.0214,67.23156445091946,43
2018,srv_len,Sex combined,83,562,0.0036,67.23156445091946,43
2018,srv_len,Sex combined,85,562,0.0125,67.23156445091946,43
2018,srv_len,Sex combined,87,562,0.0053,67.23156445091946,43
2018,srv_len,Sex combined,89,562,0.0036,67.23156445091946,43
2018,srv_len,Sex combined,91,562,0.0018,67.23156445091946,43
2018,srv_len,Sex combined,93,562,0.0018,67.23156445091946,43
2018,srv_len,Sex combined,95,562,0.0018,67.23156445091946,43
2018,srv_len,Sex combined,97,562,0.0018,67.23156445091946,43
2018,srv_len,Sex combined,99,562,0.0018,67.23156445091946,43
2019,srv_len,Female,41,269,0,67.23156445091946,44
2019,srv_len,Female,43,269,0,67.23156445091946,44
2019,srv_len,Female,45,269,0.007435,67.23156445091946,44
2019,srv_len,Female,47,269,0.033457,67.23156445091946,44
2019,srv_len,Female,49,269,0.02974,67.23156445091946,44
2019,srv_len,Female,51,269,0.055762,67.23156445091946,44
2019,srv_len,Female,53,269,0.052045,67.23156445091946,44
2019,srv_len,Female,55,269,0.048327,67.23156445091946,44
2019,srv_len,Female,57,269,0.052045,67.23156445091946,44
2019,srv_len,Female,59,269,0.074349,67.23156445091946,44
2019,srv_len,Female,61,269,0.096654,67.23156445091946,44
2019,srv_len,Female,63,269,0.092937,67.23156445091946,44
2019,srv_len,Female,65,269,0.100372,67.23156445091946,44
2019,srv_len,Female,67,269,0.04461,67.23156445091946,44
2019,srv_len,Female,69,269,0.02974,67.23156445091946,44
2019,srv_len,Female,71,269,0.063197,67.23156445091946,44
2019,srv_len,Female,73,269,0.040892,67.23156445091946,44
2019,srv_len,Female,75,269,0.05948,67.23156445091946,44
2019,srv_len,Female,77,269,0.040892,67.23156445091946,44
2019,srv_len,Female,79,269,0.026022,67.23156445091946,44
2019,srv_len,Female,81,269,0.011152,67.23156445091946,44
2019,srv_len,Female,83,269,0.01487,67.23156445091946,44
2019,srv_len,Female,85,269,0.003717,67.23156445091946,44
2019,srv_len,Female,87,269,0.007435,67.23156445091946,44
2019,srv_len,Female,89,269,0.007435,67.23156445091946,44
2019,srv_len,Female,91,269,0,67.23156445091946,44
2019,srv_len,Female,93,269,0.003717,67.23156445091946,44
2019,srv_len,Female,95,269,0.003717,67.23156445091946,44
2019,srv_len,Female,97,269,0,67.23156445091946,44
2019,srv_len,Female,99,269,0,67.23156445091946,44
2019,srv_len,Male,41,198,0,57.86110531728817,44
2019,srv_len,Male,43,198,0,57.86110531728817,44
2019,srv_len,Male,45,198,0.005051,57.86110531728817,44
2019,srv_len,Male,47,198,0.020202,57.86110531728817,44
2019,srv_len,Male,49,198,0.060606,57.86110531728817,44
2019,srv_len,Male,51,198,0.070707,57.86110531728817,44
2019,srv_len,Male,53,198,0.045455,57.86110531728817,44
2019,srv_len,Male,55,198,0.075758,57.86110531728817,44
2019,srv_len,Male,57,198,0.070707,57.86110531728817,44
2019,srv_len,Male,59,198,0.10101,57.86110531728817,44
2019,srv_len,Male,61,198,0.121212,57.86110531728817,44
2019,srv_len,Male,63,198,0.075758,57.86110531728817,44
2019,srv_len,Male,65,198,0.111111,57.86110531728817,44
2019,srv_len,Male,67,198,0.106061,57.86110531728817,44
2019,srv_len,Male,69,198,0.055556,57.86110531728817,44
2019,srv_len,Male,71,198,0.040404,57.86110531728817,44
2019,srv_len,Male,73,198,0.035354,57.86110531728817,44
2019,srv_len,Male,75,198,0,57.86110531728817,44
2019,srv_len,Male,77,198,0,57.86110531728817,44
2019,srv_len,Male,79,198,0,57.86110531728817,44
2019,srv_len,Male,81,198,0,57.86110531728817,44
2019,srv_len,Male,83,198,0,57.86110531728817,44
2019,srv_len,Male,85,198,0.005051,57.86110531728817,44
2019,srv_len,Male,87,198,0,57.86110531728817,44
2019,srv_len,Male,89,198,0,57.86110531728817,44
2019,srv_len,Male,91,198,0,57.86110531728817,44
2019,srv_len,Male,93,198,0,57.86110531728817,44
2019,srv_len,Male,95,198,0,57.86110531728817,44
2019,srv_len,Male,97,198,0,57.86110531728817,44
2019,srv_len,Male,99,198,0,57.86110531728817,44
2019,srv_len,Sex combined,41,467,0,67.23156445091946,44
2019,srv_len,Sex combined,43,467,0,67.23156445091946,44
2019,srv_len,Sex combined,45,467,0.0064,67.23156445091946,44
2019,srv_len,Sex combined,47,467,0.0278,67.23156445091946,44
2019,srv_len,Sex combined,49,467,0.0428,67.23156445091946,44
2019,srv_len,Sex combined,51,467,0.0621,67.23156445091946,44
2019,srv_len,Sex combined,53,467,0.0493,67.23156445091946,44
2019,srv_len,Sex combined,55,467,0.06,67.23156445091946,44
2019,srv_len,Sex combined,57,467,0.06,67.23156445091946,44
2019,srv_len,Sex combined,59,467,0.0857,67.23156445091946,44
2019,srv_len,Sex combined,61,467,0.1071,67.23156445091946,44
2019,srv_len,Sex combined,63,467,0.0857,67.23156445091946,44
2019,srv_len,Sex combined,65,467,0.1049,67.23156445091946,44
2019,srv_len,Sex combined,67,467,0.0707,67.23156445091946,44
2019,srv_len,Sex combined,69,467,0.0407,67.23156445091946,44
2019,srv_len,Sex combined,71,467,0.0535,67.23156445091946,44
2019,srv_len,Sex combined,73,467,0.0385,67.23156445091946,44
2019,srv_len,Sex combined,75,467,0.0343,67.23156445091946,44
2019,srv_len,Sex combined,77,467,0.0236,67.23156445091946,44
2019,srv_len,Sex combined,79,467,0.015,67.23156445091946,44
2019,srv_len,Sex combined,81,467,0.0064,67.23156445091946,44
2019,srv_len,Sex combined,83,467,0.0086,67.23156445091946,44
2019,srv_len,Sex combined,85,467,0.0043,67.23156445091946,44
2019,srv_len,Sex combined,87,467,0.0043,67.23156445091946,44
2019,srv_len,Sex combined,89,467,0.0043,67.23156445091946,44
2019,srv_len,Sex combined,91,467,0,67.23156445091946,44
2019,srv_len,Sex combined,93,467,0.0021,67.23156445091946,44
2019,srv_len,Sex combined,95,467,0.0021,67.23156445091946,44
2019,srv_len,Sex combined,97,467,0,67.23156445091946,44
2019,srv_len,Sex combined,99,467,0,67.23156445091946,44
2020,srv_len,Female,41,375,0,67.23156445091946,45
2020,srv_len,Female,43,375,0,67.23156445091946,45
2020,srv_len,Female,45,375,0,67.23156445091946,45
2020,srv_len,Female,47,375,0.002667,67.23156445091946,45
2020,srv_len,Female,49,375,0.008,67.23156445091946,45
2020,srv_len,Female,51,375,0.034667,67.23156445091946,45
2020,srv_len,Female,53,375,0.08,67.23156445091946,45
2020,srv_len,Female,55,375,0.085333,67.23156445091946,45
2020,srv_len,Female,57,375,0.093333,67.23156445091946,45
2020,srv_len,Female,59,375,0.101333,67.23156445091946,45
2020,srv_len,Female,61,375,0.088,67.23156445091946,45
2020,srv_len,Female,63,375,0.072,67.23156445091946,45
2020,srv_len,Female,65,375,0.082667,67.23156445091946,45
2020,srv_len,Female,67,375,0.112,67.23156445091946,45
2020,srv_len,Female,69,375,0.037333,67.23156445091946,45
2020,srv_len,Female,71,375,0.050667,67.23156445091946,45
2020,srv_len,Female,73,375,0.034667,67.23156445091946,45
2020,srv_len,Female,75,375,0.029333,67.23156445091946,45
2020,srv_len,Female,77,375,0.034667,67.23156445091946,45
2020,srv_len,Female,79,375,0.010667,67.23156445091946,45
2020,srv_len,Female,81,375,0.010667,67.23156445091946,45
2020,srv_len,Female,83,375,0.002667,67.23156445091946,45
2020,srv_len,Female,85,375,0.002667,67.23156445091946,45
2020,srv_len,Female,87,375,0.013333,67.23156445091946,45
2020,srv_len,Female,89,375,0.005333,67.23156445091946,45
2020,srv_len,Female,91,375,0,67.23156445091946,45
2020,srv_len,Female,93,375,0.002667,67.23156445091946,45
2020,srv_len,Female,95,375,0,67.23156445091946,45
2020,srv_len,Female,97,375,0.005333,67.23156445091946,45
2020,srv_len,Female,99,375,0,67.23156445091946,45
2020,srv_len,Male,41,239,0,57.86110531728817,45
2020,srv_len,Male,43,239,0,57.86110531728817,45
2020,srv_len,Male,45,239,0,57.86110531728817,45
2020,srv_len,Male,47,239,0,57.86110531728817,45
2020,srv_len,Male,49,239,0.008368,57.86110531728817,45
2020,srv_len,Male,51,239,0.054393,57.86110531728817,45
2020,srv_len,Male,53,239,0.100418,57.86110531728817,45
2020,srv_len,Male,55,239,0.104603,57.86110531728817,45
2020,srv_len,Male,57,239,0.087866,57.86110531728817,45
2020,srv_len,Male,59,239,0.129707,57.86110531728817,45
2020,srv_len,Male,61,239,0.138075,57.86110531728817,45
2020,srv_len,Male,63,239,0.138075,57.86110531728817,45
2020,srv_len,Male,65,239,0.083682,57.86110531728817,45
2020,srv_len,Male,67,239,0.062762,57.86110531728817,45
2020,srv_len,Male,69,239,0.041841,57.86110531728817,45
2020,srv_len,Male,71,239,0.016736,57.86110531728817,45
2020,srv_len,Male,73,239,0.016736,57.86110531728817,45
2020,srv_len,Male,75,239,0.012552,57.86110531728817,45
2020,srv_len,Male,77,239,0,57.86110531728817,45
2020,srv_len,Male,79,239,0,57.86110531728817,45
2020,srv_len,Male,81,239,0.004184,57.86110531728817,45
2020,srv_len,Male,83,239,0,57.86110531728817,45
2020,srv_len,Male,85,239,0,57.86110531728817,45
2020,srv_len,Male,87,239,0,57.86110531728817,45
2020,srv_len,Male,89,239,0,57.86110531728817,45
2020,srv_len,Male,91,239,0,57.86110531728817,45
2020,srv_len,Male,93,239,0,57.86110531728817,45
2020,srv_len,Male,95,239,0,57.86110531728817,45
2020,srv_len,Male,97,239,0,57.86110531728817,45
2020,srv_len,Male,99,239,0,57.86110531728817,45
2020,srv_len,Sex combined,41,614,0,67.23156445091946,45
2020,srv_len,Sex combined,43,614,0,67.23156445091946,45
2020,srv_len,Sex combined,45,614,0,67.23156445091946,45
2020,srv_len,Sex combined,47,614,0.0016,67.23156445091946,45
2020,srv_len,Sex combined,49,614,0.0081,67.23156445091946,45
2020,srv_len,Sex combined,51,614,0.0423,67.23156445091946,45
2020,srv_len,Sex combined,53,614,0.0879,67.23156445091946,45
2020,srv_len,Sex combined,55,614,0.0928,67.23156445091946,45
2020,srv_len,Sex combined,57,614,0.0912,67.23156445091946,45
2020,srv_len,Sex combined,59,614,0.1124,67.23156445091946,45
2020,srv_len,Sex combined,61,614,0.1075,67.23156445091946,45
2020,srv_len,Sex combined,63,614,0.0977,67.23156445091946,45
2020,srv_len,Sex combined,65,614,0.0831,67.23156445091946,45
2020,srv_len,Sex combined,67,614,0.0928,67.23156445091946,45
2020,srv_len,Sex combined,69,614,0.0391,67.23156445091946,45
2020,srv_len,Sex combined,71,614,0.0375,67.23156445091946,45
2020,srv_len,Sex combined,73,614,0.0277,67.23156445091946,45
2020,srv_len,Sex combined,75,614,0.0228,67.23156445091946,45
2020,srv_len,Sex combined,77,614,0.0212,67.23156445091946,45
2020,srv_len,Sex combined,79,614,0.0065,67.23156445091946,45
2020,srv_len,Sex combined,81,614,0.0081,67.23156445091946,45
2020,srv_len,Sex combined,83,614,0.0016,67.23156445091946,45
2020,srv_len,Sex combined,85,614,0.0016,67.23156445091946,45
2020,srv_len,Sex combined,87,614,0.0081,67.23156445091946,45
2020,srv_len,Sex combined,89,614,0.0033,67.23156445091946,45
2020,srv_len,Sex combined,91,614,0,67.23156445091946,45
2020,srv_len,Sex combined,93,614,0.0016,67.23156445091946,45
2020,srv_len,Sex combined,95,614,0,67.23156445091946,45
2020,srv_len,Sex combined,97,614,0.0033,67.23156445091946,45
2020,srv_len,Sex combined,99,614,0,67.23156445091946,45
2021,srv_len,Female,41,369,0,67.23156445091946,46
2021,srv_len,Female,43,369,0,67.23156445091946,46
2021,srv_len,Female,45,369,0.00271,67.23156445091946,46
2021,srv_len,Female,47,369,0,67.23156445091946,46
2021,srv_len,Female,49,369,0.00542,67.23156445091946,46
2021,srv_len,Female,51,369,0.00813,67.23156445091946,46
2021,srv_len,Female,53,369,0.04336,67.23156445091946,46
2021,srv_len,Female,55,369,0.065041,67.23156445091946,46
2021,srv_len,Female,57,369,0.081301,67.23156445091946,46
2021,srv_len,Female,59,369,0.113821,67.23156445091946,46
2021,srv_len,Female,61,369,0.159892,67.23156445091946,46
2021,srv_len,Female,63,369,0.162602,67.23156445091946,46
2021,srv_len,Female,65,369,0.121951,67.23156445091946,46
2021,srv_len,Female,67,369,0.078591,67.23156445091946,46
2021,srv_len,Female,69,369,0.056911,67.23156445091946,46
2021,srv_len,Female,71,369,0.03523,67.23156445091946,46
2021,srv_len,Female,73,369,0.02981,67.23156445091946,46
2021,srv_len,Female,75,369,0.00542,67.23156445091946,46
2021,srv_len,Female,77,369,0.01084,67.23156445091946,46
2021,srv_len,Female,79,369,0.00271,67.23156445091946,46
2021,srv_len,Female,81,369,0.00542,67.23156445091946,46
2021,srv_len,Female,83,369,0.00271,67.23156445091946,46
2021,srv_len,Female,85,369,0.00271,67.23156445091946,46
2021,srv_len,Female,87,369,0.00271,67.23156445091946,46
2021,srv_len,Female,89,369,0.00271,67.23156445091946,46
2021,srv_len,Female,91,369,0,67.23156445091946,46
2021,srv_len,Female,93,369,0,67.23156445091946,46
2021,srv_len,Female,95,369,0,67.23156445091946,46
2021,srv_len,Female,97,369,0,67.23156445091946,46
2021,srv_len,Female,99,369,0,67.23156445091946,46
2021,srv_len,Male,41,275,0,57.86110531728817,46
2021,srv_len,Male,43,275,0,57.86110531728817,46
2021,srv_len,Male,45,275,0.003636,57.86110531728817,46
2021,srv_len,Male,47,275,0.010909,57.86110531728817,46
2021,srv_len,Male,49,275,0.025455,57.86110531728817,46
2021,srv_len,Male,51,275,0.04,57.86110531728817,46
2021,srv_len,Male,53,275,0.123636,57.86110531728817,46
2021,srv_len,Male,55,275,0.130909,57.86110531728817,46
2021,srv_len,Male,57,275,0.167273,57.86110531728817,46
2021,srv_len,Male,59,275,0.178182,57.86110531728817,46
2021,srv_len,Male,61,275,0.127273,57.86110531728817,46
2021,srv_len,Male,63,275,0.087273,57.86110531728817,46
2021,srv_len,Male,65,275,0.036364,57.86110531728817,46
2021,srv_len,Male,67,275,0.032727,57.86110531728817,46
2021,srv_len,Male,69,275,0.025455,57.86110531728817,46
2021,srv_len,Male,71,275,0.003636,57.86110531728817,46
2021,srv_len,Male,73,275,0,57.86110531728817,46
2021,srv_len,Male,75,275,0.003636,57.86110531728817,46
2021,srv_len,Male,77,275,0,57.86110531728817,46
2021,srv_len,Male,79,275,0.003636,57.86110531728817,46
2021,srv_len,Male,81,275,0,57.86110531728817,46
2021,srv_len,Male,83,275,0,57.86110531728817,46
2021,srv_len,Male,85,275,0,57.86110531728817,46
2021,srv_len,Male,87,275,0,57.86110531728817,46
2021,srv_len,Male,89,275,0,57.86110531728817,46
2021,srv_len,Male,91,275,0,57.86110531728817,46
2021,srv_len,Male,93,275,0,57.86110531728817,46
2021,srv_len,Male,95,275,0,57.86110531728817,46
2021,srv_len,Male,97,275,0,57.86110531728817,46
2021,srv_len,Male,99,275,0,57.86110531728817,46
2021,srv_len,Sex combined,41,644,0,67.23156445091946,46
2021,srv_len,Sex combined,43,644,0,67.23156445091946,46
2021,srv_len,Sex combined,45,644,0.0031,67.23156445091946,46
2021,srv_len,Sex combined,47,644,0.0047,67.23156445091946,46
2021,srv_len,Sex combined,49,644,0.014,67.23156445091946,46
2021,srv_len,Sex combined,51,644,0.0217,67.23156445091946,46
2021,srv_len,Sex combined,53,644,0.0776,67.23156445091946,46
2021,srv_len,Sex combined,55,644,0.0932,67.23156445091946,46
2021,srv_len,Sex combined,57,644,0.118,67.23156445091946,46
2021,srv_len,Sex combined,59,644,0.1413,67.23156445091946,46
2021,srv_len,Sex combined,61,644,0.146,67.23156445091946,46
2021,srv_len,Sex combined,63,644,0.1304,67.23156445091946,46
2021,srv_len,Sex combined,65,644,0.0854,67.23156445091946,46
2021,srv_len,Sex combined,67,644,0.059,67.23156445091946,46
2021,srv_len,Sex combined,69,644,0.0435,67.23156445091946,46
2021,srv_len,Sex combined,71,644,0.0217,67.23156445091946,46
2021,srv_len,Sex combined,73,644,0.0171,67.23156445091946,46
2021,srv_len,Sex combined,75,644,0.0047,67.23156445091946,46
2021,srv_len,Sex combined,77,644,0.0062,67.23156445091946,46
2021,srv_len,Sex combined,79,644,0.0031,67.23156445091946,46
2021,srv_len,Sex combined,81,644,0.0031,67.23156445091946,46
2021,srv_len,Sex combined,83,644,0.0016,67.23156445091946,46
2021,srv_len,Sex combined,85,644,0.0016,67.23156445091946,46
2021,srv_len,Sex combined,87,644,0.0016,67.23156445091946,46
2021,srv_len,Sex combined,89,644,0.0016,67.23156445091946,46
2021,srv_len,Sex combined,91,644,0,67.23156445091946,46
2021,srv_len,Sex combined,93,644,0,67.23156445091946,46
2021,srv_len,Sex combined,95,644,0,67.23156445091946,46
2021,srv_len,Sex combined,97,644,0,67.23156445091946,46
2021,srv_len,Sex combined,99,644,0,67.23156445091946,46
2022,srv_len,Female,41,339,0,67.23156445091946,47
2022,srv_len,Female,43,339,0.0059,67.23156445091946,47
2022,srv_len,Female,45,339,0,67.23156445091946,47
2022,srv_len,Female,47,339,0.00885,67.23156445091946,47
2022,srv_len,Female,49,339,0.017699,67.23156445091946,47
2022,srv_len,Female,51,339,0.014749,67.23156445091946,47
2022,srv_len,Female,53,339,0.035398,67.23156445091946,47
2022,srv_len,Female,55,339,0.047198,67.23156445091946,47
2022,srv_len,Female,57,339,0.079646,67.23156445091946,47
2022,srv_len,Female,59,339,0.094395,67.23156445091946,47
2022,srv_len,Female,61,339,0.117994,67.23156445091946,47
2022,srv_len,Female,63,339,0.162242,67.23156445091946,47
2022,srv_len,Female,65,339,0.129794,67.23156445091946,47
2022,srv_len,Female,67,339,0.094395,67.23156445091946,47
2022,srv_len,Female,69,339,0.064897,67.23156445091946,47
2022,srv_len,Female,71,339,0.035398,67.23156445091946,47
2022,srv_len,Female,73,339,0.035398,67.23156445091946,47
2022,srv_len,Female,75,339,0.026549,67.23156445091946,47
2022,srv_len,Female,77,339,0.014749,67.23156445091946,47
2022,srv_len,Female,79,339,0.0059,67.23156445091946,47
2022,srv_len,Female,81,339,0.00295,67.23156445091946,47
2022,srv_len,Female,83,339,0,67.23156445091946,47
2022,srv_len,Female,85,339,0.00295,67.23156445091946,47
2022,srv_len,Female,87,339,0,67.23156445091946,47
2022,srv_len,Female,89,339,0,67.23156445091946,47
2022,srv_len,Female,91,339,0.00295,67.23156445091946,47
2022,srv_len,Female,93,339,0,67.23156445091946,47
2022,srv_len,Female,95,339,0,67.23156445091946,47
2022,srv_len,Female,97,339,0,67.23156445091946,47
2022,srv_len,Female,99,339,0,67.23156445091946,47
2022,srv_len,Male,41,309,0,57.86110531728817,47
2022,srv_len,Male,43,309,0,57.86110531728817,47
2022,srv_len,Male,45,309,0.003236,57.86110531728817,47
2022,srv_len,Male,47,309,0.012945,57.86110531728817,47
2022,srv_len,Male,49,309,0.019417,57.86110531728817,47
2022,srv_len,Male,51,309,0.042071,57.86110531728817,47
2022,srv_len,Male,53,309,0.080906,57.86110531728817,47
2022,srv_len,Male,55,309,0.116505,57.86110531728817,47
2022,srv_len,Male,57,309,0.122977,57.86110531728817,47
2022,srv_len,Male,59,309,0.197411,57.86110531728817,47
2022,srv_len,Male,61,309,0.158576,57.86110531728817,47
2022,srv_len,Male,63,309,0.110032,57.86110531728817,47
2022,srv_len,Male,65,309,0.038835,57.86110531728817,47
2022,srv_len,Male,67,309,0.042071,57.86110531728817,47
2022,srv_len,Male,69,309,0.016181,57.86110531728817,47
2022,srv_len,Male,71,309,0.012945,57.86110531728817,47
2022,srv_len,Male,73,309,0.006472,57.86110531728817,47
2022,srv_len,Male,75,309,0.003236,57.86110531728817,47
2022,srv_len,Male,77,309,0.012945,57.86110531728817,47
2022,srv_len,Male,79,309,0,57.86110531728817,47
2022,srv_len,Male,81,309,0,57.86110531728817,47
2022,srv_len,Male,83,309,0,57.86110531728817,47
2022,srv_len,Male,85,309,0,57.86110531728817,47
2022,srv_len,Male,87,309,0.003236,57.86110531728817,47
2022,srv_len,Male,89,309,0,57.86110531728817,47
2022,srv_len,Male,91,309,0,57.86110531728817,47
2022,srv_len,Male,93,309,0,57.86110531728817,47
2022,srv_len,Male,95,309,0,57.86110531728817,47
2022,srv_len,Male,97,309,0,57.86110531728817,47
2022,srv_len,Male,99,309,0,57.86110531728817,47
2022,srv_len,Sex combined,41,648,0,67.23156445091946,47
2022,srv_len,Sex combined,43,648,0.0031,67.23156445091946,47
2022,srv_len,Sex combined,45,648,0.0015,67.23156445091946,47
2022,srv_len,Sex combined,47,648,0.0108,67.23156445091946,47
2022,srv_len,Sex combined,49,648,0.0185,67.23156445091946,47
2022,srv_len,Sex combined,51,648,0.0278,67.23156445091946,47
2022,srv_len,Sex combined,53,648,0.0571,67.23156445091946,47
2022,srv_len,Sex combined,55,648,0.0802,67.23156445091946,47
2022,srv_len,Sex combined,57,648,0.1003,67.23156445091946,47
2022,srv_len,Sex combined,59,648,0.1435,67.23156445091946,47
2022,srv_len,Sex combined,61,648,0.1373,67.23156445091946,47
2022,srv_len,Sex combined,63,648,0.1373,67.23156445091946,47
2022,srv_len,Sex combined,65,648,0.0864,67.23156445091946,47
2022,srv_len,Sex combined,67,648,0.0694,67.23156445091946,47
2022,srv_len,Sex combined,69,648,0.0417,67.23156445091946,47
2022,srv_len,Sex combined,71,648,0.0247,67.23156445091946,47
2022,srv_len,Sex combined,73,648,0.0216,67.23156445091946,47
2022,srv_len,Sex combined,75,648,0.0154,67.23156445091946,47
2022,srv_len,Sex combined,77,648,0.0139,67.23156445091946,47
2022,srv_len,Sex combined,79,648,0.0031,67.23156445091946,47
2022,srv_len,Sex combined,81,648,0.0015,67.23156445091946,47
2022,srv_len,Sex combined,83,648,0,67.23156445091946,47
2022,srv_len,Sex combined,85,648,0.0015,67.23156445091946,47
2022,srv_len,Sex combined,87,648,0.0015,67.23156445091946,47
2022,srv_len,Sex combined,89,648,0,67.23156445091946,47
2022,srv_len,Sex combined,91,648,0.0015,67.23156445091946,47
2022,srv_len,Sex combined,93,648,0,67.23156445091946,47
2022,srv_len,Sex combined,95,648,0,67.23156445091946,47
2022,srv_len,Sex combined,97,648,0,67.23156445091946,47
2022,srv_len,Sex combined,99,648,0,67.23156445091946,47
2023,srv_len,Female,41,367,0,67.23156445091946,48
2023,srv_len,Female,43,367,0,67.23156445091946,48
2023,srv_len,Female,45,367,0,67.23156445091946,48
2023,srv_len,Female,47,367,0.013624,67.23156445091946,48
2023,srv_len,Female,49,367,0.027248,67.23156445091946,48
2023,srv_len,Female,51,367,0.024523,67.23156445091946,48
2023,srv_len,Female,53,367,0.032698,67.23156445091946,48
2023,srv_len,Female,55,367,0.073569,67.23156445091946,48
2023,srv_len,Female,57,367,0.076294,67.23156445091946,48
2023,srv_len,Female,59,367,0.089918,67.23156445091946,48
2023,srv_len,Female,61,367,0.149864,67.23156445091946,48
2023,srv_len,Female,63,367,0.117166,67.23156445091946,48
2023,srv_len,Female,65,367,0.103542,67.23156445091946,48
2023,srv_len,Female,67,367,0.108992,67.23156445091946,48
2023,srv_len,Female,69,367,0.06812,67.23156445091946,48
2023,srv_len,Female,71,367,0.054496,67.23156445091946,48
2023,srv_len,Female,73,367,0.021798,67.23156445091946,48
2023,srv_len,Female,75,367,0.013624,67.23156445091946,48
2023,srv_len,Female,77,367,0,67.23156445091946,48
2023,srv_len,Female,79,367,0.013624,67.23156445091946,48
2023,srv_len,Female,81,367,0.002725,67.23156445091946,48
2023,srv_len,Female,83,367,0,67.23156445091946,48
2023,srv_len,Female,85,367,0,67.23156445091946,48
2023,srv_len,Female,87,367,0,67.23156445091946,48
2023,srv_len,Female,89,367,0,67.23156445091946,48
2023,srv_len,Female,91,367,0.002725,67.23156445091946,48
2023,srv_len,Female,93,367,0.002725,67.23156445091946,48
2023,srv_len,Female,95,367,0,67.23156445091946,48
2023,srv_len,Female,97,367,0.002725,67.23156445091946,48
2023,srv_len,Female,99,367,0,67.23156445091946,48
2023,srv_len,Male,41,302,0,57.86110531728817,48
2023,srv_len,Male,43,302,0,57.86110531728817,48
2023,srv_len,Male,45,302,0,57.86110531728817,48
2023,srv_len,Male,47,302,0.009934,57.86110531728817,48
2023,srv_len,Male,49,302,0.013245,57.86110531728817,48
2023,srv_len,Male,51,302,0.046358,57.86110531728817,48
2023,srv_len,Male,53,302,0.049669,57.86110531728817,48
2023,srv_len,Male,55,302,0.096026,57.86110531728817,48
2023,srv_len,Male,57,302,0.18543,57.86110531728817,48
2023,srv_len,Male,59,302,0.192053,57.86110531728817,48
2023,srv_len,Male,61,302,0.149007,57.86110531728817,48
2023,srv_len,Male,63,302,0.119205,57.86110531728817,48
2023,srv_len,Male,65,302,0.066225,57.86110531728817,48
2023,srv_len,Male,67,302,0.029801,57.86110531728817,48
2023,srv_len,Male,69,302,0.013245,57.86110531728817,48
2023,srv_len,Male,71,302,0.02649,57.86110531728817,48
2023,srv_len,Male,73,302,0.003311,57.86110531728817,48
2023,srv_len,Male,75,302,0,57.86110531728817,48
2023,srv_len,Male,77,302,0,57.86110531728817,48
2023,srv_len,Male,79,302,0,57.86110531728817,48
2023,srv_len,Male,81,302,0,57.86110531728817,48
2023,srv_len,Male,83,302,0,57.86110531728817,48
2023,srv_len,Male,85,302,0,57.86110531728817,48
2023,srv_len,Male,87,302,0,57.86110531728817,48
2023,srv_len,Male,89,302,0,57.86110531728817,48
2023,srv_len,Male,91,302,0,57.86110531728817,48
2023,srv_len,Male,93,302,0,57.86110531728817,48
2023,srv_len,Male,95,302,0,57.86110531728817,48
2023,srv_len,Male,97,302,0,57.86110531728817,48
2023,srv_len,Male,99,302,0,57.86110531728817,48
2023,srv_len,Sex combined,41,669,0,67.23156445091946,48
2023,srv_len,Sex combined,43,669,0,67.23156445091946,48
2023,srv_len,Sex combined,45,669,0,67.23156445091946,48
2023,srv_len,Sex combined,47,669,0.012,67.23156445091946,48
2023,srv_len,Sex combined,49,669,0.0209,67.23156445091946,48
2023,srv_len,Sex combined,51,669,0.0344,67.23156445091946,48
2023,srv_len,Sex combined,53,669,0.0404,67.23156445091946,48
2023,srv_len,Sex combined,55,669,0.0837,67.23156445091946,48
2023,srv_len,Sex combined,57,669,0.1256,67.23156445091946,48
2023,srv_len,Sex combined,59,669,0.136,67.23156445091946,48
2023,srv_len,Sex combined,61,669,0.1495,67.23156445091946,48
2023,srv_len,Sex combined,63,669,0.1181,67.23156445091946,48
2023,srv_len,Sex combined,65,669,0.0867,67.23156445091946,48
2023,srv_len,Sex combined,67,669,0.0732,67.23156445091946,48
2023,srv_len,Sex combined,69,669,0.0433,67.23156445091946,48
2023,srv_len,Sex combined,71,669,0.0419,67.23156445091946,48
2023,srv_len,Sex combined,73,669,0.0135,67.23156445091946,48
2023,srv_len,Sex combined,75,669,0.0075,67.23156445091946,48
2023,srv_len,Sex combined,77,669,0,67.23156445091946,48
2023,srv_len,Sex combined,79,669,0.0075,67.23156445091946,48
2023,srv_len,Sex combined,81,669,0.0015,67.23156445091946,48
2023,srv_len,Sex combined,83,669,0,67.23156445091946,48
2023,srv_len,Sex combined,85,669,0,67.23156445091946,48
2023,srv_len,Sex combined,87,669,0,67.23156445091946,48
2023,srv_len,Sex combined,89,669,0,67.23156445091946,48
2023,srv_len,Sex combined,91,669,0.0015,67.23156445091946,48
2023,srv_len,Sex combined,93,669,0.0015,67.23156445091946,48
2023,srv_len,Sex combined,95,669,0,67.23156445091946,48
2023,srv_len,Sex combined,97,669,0.0015,67.23156445091946,48
2023,srv_len,Sex combined,99,669,0,67.23156445091946,48
2024,srv_len,Female,41,429,0,67.23156445091946,49
2024,srv_len,Female,43,429,0,67.23156445091946,49
2024,srv_len,Female,45,429,0,67.23156445091946,49
2024,srv_len,Female,47,429,0.002331,67.23156445091946,49
2024,srv_len,Female,49,429,0.009324,67.23156445091946,49
2024,srv_len,Female,51,429,0.009324,67.23156445091946,49
2024,srv_len,Female,53,429,0.027972,67.23156445091946,49
2024,srv_len,Female,55,429,0.034965,67.23156445091946,49
2024,srv_len,Female,57,429,0.039627,67.23156445091946,49
2024,srv_len,Female,59,429,0.076923,67.23156445091946,49
2024,srv_len,Female,61,429,0.095571,67.23156445091946,49
2024,srv_len,Female,63,429,0.146853,67.23156445091946,49
2024,srv_len,Female,65,429,0.153846,67.23156445091946,49
2024,srv_len,Female,67,429,0.128205,67.23156445091946,49
2024,srv_len,Female,69,429,0.086247,67.23156445091946,49
2024,srv_len,Female,71,429,0.083916,67.23156445091946,49
2024,srv_len,Female,73,429,0.039627,67.23156445091946,49
2024,srv_len,Female,75,429,0.020979,67.23156445091946,49
2024,srv_len,Female,77,429,0.002331,67.23156445091946,49
2024,srv_len,Female,79,429,0.009324,67.23156445091946,49
2024,srv_len,Female,81,429,0.018648,67.23156445091946,49
2024,srv_len,Female,83,429,0.002331,67.23156445091946,49
2024,srv_len,Female,85,429,0.006993,67.23156445091946,49
2024,srv_len,Female,87,429,0.002331,67.23156445091946,49
2024,srv_len,Female,89,429,0,67.23156445091946,49
2024,srv_len,Female,91,429,0.002331,67.23156445091946,49
2024,srv_len,Female,93,429,0,67.23156445091946,49
2024,srv_len,Female,95,429,0,67.23156445091946,49
2024,srv_len,Female,97,429,0,67.23156445091946,49
2024,srv_len,Female,99,429,0,67.23156445091946,49
2024,srv_len,Male,41,354,0,57.86110531728817,49
2024,srv_len,Male,43,354,0,57.86110531728817,49
2024,srv_len,Male,45,354,0,57.86110531728817,49
2024,srv_len,Male,47,354,0.00565,57.86110531728817,49
2024,srv_len,Male,49,354,0.008475,57.86110531728817,49
2024,srv_len,Male,51,354,0.022599,57.86110531728817,49
2024,srv_len,Male,53,354,0.070621,57.86110531728817,49
2024,srv_len,Male,55,354,0.090395,57.86110531728817,49
2024,srv_len,Male,57,354,0.180791,57.86110531728817,49
2024,srv_len,Male,59,354,0.169492,57.86110531728817,49
2024,srv_len,Male,61,354,0.180791,57.86110531728817,49
2024,srv_len,Male,63,354,0.115819,57.86110531728817,49
2024,srv_len,Male,65,354,0.070621,57.86110531728817,49
2024,srv_len,Male,67,354,0.033898,57.86110531728817,49
2024,srv_len,Male,69,354,0.016949,57.86110531728817,49
2024,srv_len,Male,71,354,0.011299,57.86110531728817,49
2024,srv_len,Male,73,354,0.019774,57.86110531728817,49
2024,srv_len,Male,75,354,0,57.86110531728817,49
2024,srv_len,Male,77,354,0,57.86110531728817,49
2024,srv_len,Male,79,354,0,57.86110531728817,49
2024,srv_len,Male,81,354,0.002825,57.86110531728817,49
2024,srv_len,Male,83,354,0,57.86110531728817,49
2024,srv_len,Male,85,354,0,57.86110531728817,49
2024,srv_len,Male,87,354,0,57.86110531728817,49
2024,srv_len,Male,89,354,0,57.86110531728817,49
2024,srv_len,Male,91,354,0,57.86110531728817,49
2024,srv_len,Male,93,354,0,57.86110531728817,49
2024,srv_len,Male,95,354,0,57.86110531728817,49
2024,srv_len,Male,97,354,0,57.86110531728817,49
2024,srv_len,Male,99,354,0,57.86110531728817,49
2024,srv_len,Sex combined,41,783,0,67.23156445091946,49
2024,srv_len,Sex combined,43,783,0,67.23156445091946,49
2024,srv_len,Sex combined,45,783,0,67.23156445091946,49
2024,srv_len,Sex combined,47,783,0.0038,67.23156445091946,49
2024,srv_len,Sex combined,49,783,0.0089,67.23156445091946,49
2024,srv_len,Sex combined,51,783,0.0153,67.23156445091946,49
2024,srv_len,Sex combined,53,783,0.0473,67.23156445091946,49
2024,srv_len,Sex combined,55,783,0.06,67.23156445091946,49
2024,srv_len,Sex combined,57,783,0.1034,67.23156445091946,49
2024,srv_len,Sex combined,59,783,0.1188,67.23156445091946,49
2024,srv_len,Sex combined,61,783,0.1341,67.23156445091946,49
2024,srv_len,Sex combined,63,783,0.1328,67.23156445091946,49
2024,srv_len,Sex combined,65,783,0.1162,67.23156445091946,49
2024,srv_len,Sex combined,67,783,0.0856,67.23156445091946,49
2024,srv_len,Sex combined,69,783,0.0549,67.23156445091946,49
2024,srv_len,Sex combined,71,783,0.0511,67.23156445091946,49
2024,srv_len,Sex combined,73,783,0.0307,67.23156445091946,49
2024,srv_len,Sex combined,75,783,0.0115,67.23156445091946,49
2024,srv_len,Sex combined,77,783,0.0013,67.23156445091946,49
2024,srv_len,Sex combined,79,783,0.0051,67.23156445091946,49
2024,srv_len,Sex combined,81,783,0.0115,67.23156445091946,49
2024,srv_len,Sex combined,83,783,0.0013,67.23156445091946,49
2024,srv_len,Sex combined,85,783,0.0038,67.23156445091946,49
2024,srv_len,Sex combined,87,783,0.0013,67.23156445091946,49
2024,srv_len,Sex combined,89,783,0,67.23156445091946,49
2024,srv_len,Sex combined,91,783,0.0013,67.23156445091946,49
2024,srv_len,Sex combined,93,783,0,67.23156445091946,49
2024,srv_len,Sex combined,95,783,0,67.23156445091946,49
2024,srv_len,Sex combined,97,783,0,67.23156445091946,49
2024,srv_len,Sex combined,99,783,0,67.23156445091946,49
