year,Source,Sex,length_bin,n,proportion,effn,index
2002,fsh_len,Female,41,1246,0,118.00713194312642,27
2002,fsh_len,Female,43,1246,0,118.00713194312642,27
2002,fsh_len,Female,45,1246,0,118.00713194312642,27
2002,fsh_len,Female,47,1246,0,118.00713194312642,27
2002,fsh_len,Female,49,1246,8.03e-4,118.00713194312642,27
2002,fsh_len,Female,51,1246,0.005618,118.00713194312642,27
2002,fsh_len,Female,53,1246,0.012039,118.00713194312642,27
2002,fsh_len,Female,55,1246,0.020064,118.00713194312642,27
2002,fsh_len,Female,57,1246,0.039326,118.00713194312642,27
2002,fsh_len,Female,59,1246,0.040128,118.00713194312642,27
2002,fsh_len,Female,61,1246,0.050562,118.00713194312642,27
2002,fsh_len,Female,63,1246,0.072231,118.00713194312642,27
2002,fsh_len,Female,65,1246,0.081862,118.00713194312642,27
2002,fsh_len,Female,67,1246,0.086677,118.00713194312642,27
2002,fsh_len,Female,69,1246,0.094703,118.00713194312642,27
2002,fsh_len,Female,71,1246,0.089888,118.00713194312642,27
2002,fsh_len,Female,73,1246,0.073034,118.00713194312642,27
2002,fsh_len,Female,75,1246,0.069021,118.00713194312642,27
2002,fsh_len,Female,77,1246,0.05618,118.00713194312642,27
2002,fsh_len,Female,79,1246,0.053772,118.00713194312642,27
2002,fsh_len,Female,81,1246,0.036918,118.00713194312642,27
2002,fsh_len,Female,83,1246,0.032103,118.00713194312642,27
2002,fsh_len,Female,85,1246,0.022472,118.00713194312642,27
2002,fsh_len,Female,87,1246,0.016051,118.00713194312642,27
2002,fsh_len,Female,89,1246,0.020064,118.00713194312642,27
2002,fsh_len,Female,91,1246,0.010433,118.00713194312642,27
2002,fsh_len,Female,93,1246,8.03e-4,118.00713194312642,27
2002,fsh_len,Female,95,1246,0.006421,118.00713194312642,27
2002,fsh_len,Female,97,1246,0.004013,118.00713194312642,27
2002,fsh_len,Female,99,1246,0.004815,118.00713194312642,27
2002,fsh_len,Male,41,1019,0,102.87271001342107,27
2002,fsh_len,Male,43,1019,0,102.87271001342107,27
2002,fsh_len,Male,45,1019,0,102.87271001342107,27
2002,fsh_len,Male,47,1019,9.81e-4,102.87271001342107,27
2002,fsh_len,Male,49,1019,0.003925,102.87271001342107,27
2002,fsh_len,Male,51,1019,0.008832,102.87271001342107,27
2002,fsh_len,Male,53,1019,0.016683,102.87271001342107,27
2002,fsh_len,Male,55,1019,0.030422,102.87271001342107,27
2002,fsh_len,Male,57,1019,0.058881,102.87271001342107,27
2002,fsh_len,Male,59,1019,0.092247,102.87271001342107,27
2002,fsh_len,Male,61,1019,0.10893,102.87271001342107,27
2002,fsh_len,Male,63,1019,0.151129,102.87271001342107,27
2002,fsh_len,Male,65,1019,0.122669,102.87271001342107,27
2002,fsh_len,Male,67,1019,0.110893,102.87271001342107,27
2002,fsh_len,Male,69,1019,0.093229,102.87271001342107,27
2002,fsh_len,Male,71,1019,0.089303,102.87271001342107,27
2002,fsh_len,Male,73,1019,0.049068,102.87271001342107,27
2002,fsh_len,Male,75,1019,0.020608,102.87271001342107,27
2002,fsh_len,Male,77,1019,0.02159,102.87271001342107,27
2002,fsh_len,Male,79,1019,0.005888,102.87271001342107,27
2002,fsh_len,Male,81,1019,0.005888,102.87271001342107,27
2002,fsh_len,Male,83,1019,0.002944,102.87271001342107,27
2002,fsh_len,Male,85,1019,9.81e-4,102.87271001342107,27
2002,fsh_len,Male,87,1019,0.001963,102.87271001342107,27
2002,fsh_len,Male,89,1019,0.001963,102.87271001342107,27
2002,fsh_len,Male,91,1019,9.81e-4,102.87271001342107,27
2002,fsh_len,Male,93,1019,0,102.87271001342107,27
2002,fsh_len,Male,95,1019,0,102.87271001342107,27
2002,fsh_len,Male,97,1019,0,102.87271001342107,27
2002,fsh_len,Male,99,1019,0,102.87271001342107,27
2002,fsh_len,Sex combined,41,2265,0,118.00713194312642,27
2002,fsh_len,Sex combined,43,2265,0,118.00713194312642,27
2002,fsh_len,Sex combined,45,2265,0,118.00713194312642,27
2002,fsh_len,Sex combined,47,2265,4e-4,118.00713194312642,27
2002,fsh_len,Sex combined,49,2265,0.0022,118.00713194312642,27
2002,fsh_len,Sex combined,51,2265,0.0071,118.00713194312642,27
2002,fsh_len,Sex combined,53,2265,0.0141,118.00713194312642,27
2002,fsh_len,Sex combined,55,2265,0.0247,118.00713194312642,27
2002,fsh_len,Sex combined,57,2265,0.0481,118.00713194312642,27
2002,fsh_len,Sex combined,59,2265,0.0636,118.00713194312642,27
2002,fsh_len,Sex combined,61,2265,0.0768,118.00713194312642,27
2002,fsh_len,Sex combined,63,2265,0.1077,118.00713194312642,27
2002,fsh_len,Sex combined,65,2265,0.1002,118.00713194312642,27
2002,fsh_len,Sex combined,67,2265,0.0976,118.00713194312642,27
2002,fsh_len,Sex combined,69,2265,0.094,118.00713194312642,27
2002,fsh_len,Sex combined,71,2265,0.0896,118.00713194312642,27
2002,fsh_len,Sex combined,73,2265,0.0623,118.00713194312642,27
2002,fsh_len,Sex combined,75,2265,0.0472,118.00713194312642,27
2002,fsh_len,Sex combined,77,2265,0.0406,118.00713194312642,27
2002,fsh_len,Sex combined,79,2265,0.0322,118.00713194312642,27
2002,fsh_len,Sex combined,81,2265,0.023,118.00713194312642,27
2002,fsh_len,Sex combined,83,2265,0.019,118.00713194312642,27
2002,fsh_len,Sex combined,85,2265,0.0128,118.00713194312642,27
2002,fsh_len,Sex combined,87,2265,0.0097,118.00713194312642,27
2002,fsh_len,Sex combined,89,2265,0.0119,118.00713194312642,27
2002,fsh_len,Sex combined,91,2265,0.0062,118.00713194312642,27
2002,fsh_len,Sex combined,93,2265,4e-4,118.00713194312642,27
2002,fsh_len,Sex combined,95,2265,0.0035,118.00713194312642,27
2002,fsh_len,Sex combined,97,2265,0.0022,118.00713194312642,27
2002,fsh_len,Sex combined,99,2265,0.0026,118.00713194312642,27
2003,fsh_len,Female,41,1022,0,118.00713194312642,28
2003,fsh_len,Female,43,1022,0,118.00713194312642,28
2003,fsh_len,Female,45,1022,0,118.00713194312642,28
2003,fsh_len,Female,47,1022,0,118.00713194312642,28
2003,fsh_len,Female,49,1022,9.78e-4,118.00713194312642,28
2003,fsh_len,Female,51,1022,0.003914,118.00713194312642,28
2003,fsh_len,Female,53,1022,0.011742,118.00713194312642,28
2003,fsh_len,Female,55,1022,0.007828,118.00713194312642,28
2003,fsh_len,Female,57,1022,0.022505,118.00713194312642,28
2003,fsh_len,Female,59,1022,0.024462,118.00713194312642,28
2003,fsh_len,Female,61,1022,0.02544,118.00713194312642,28
2003,fsh_len,Female,63,1022,0.048924,118.00713194312642,28
2003,fsh_len,Female,65,1022,0.082192,118.00713194312642,28
2003,fsh_len,Female,67,1022,0.108611,118.00713194312642,28
2003,fsh_len,Female,69,1022,0.129159,118.00713194312642,28
2003,fsh_len,Female,71,1022,0.127202,118.00713194312642,28
2003,fsh_len,Female,73,1022,0.084149,118.00713194312642,28
2003,fsh_len,Female,75,1022,0.068493,118.00713194312642,28
2003,fsh_len,Female,77,1022,0.066536,118.00713194312642,28
2003,fsh_len,Female,79,1022,0.03816,118.00713194312642,28
2003,fsh_len,Female,81,1022,0.036204,118.00713194312642,28
2003,fsh_len,Female,83,1022,0.030333,118.00713194312642,28
2003,fsh_len,Female,85,1022,0.021526,118.00713194312642,28
2003,fsh_len,Female,87,1022,0.024462,118.00713194312642,28
2003,fsh_len,Female,89,1022,0.010763,118.00713194312642,28
2003,fsh_len,Female,91,1022,0.007828,118.00713194312642,28
2003,fsh_len,Female,93,1022,0.005871,118.00713194312642,28
2003,fsh_len,Female,95,1022,0.005871,118.00713194312642,28
2003,fsh_len,Female,97,1022,0.001957,118.00713194312642,28
2003,fsh_len,Female,99,1022,0.004892,118.00713194312642,28
2003,fsh_len,Male,41,763,0,102.87271001342107,28
2003,fsh_len,Male,43,763,0,102.87271001342107,28
2003,fsh_len,Male,45,763,0,102.87271001342107,28
2003,fsh_len,Male,47,763,0,102.87271001342107,28
2003,fsh_len,Male,49,763,0,102.87271001342107,28
2003,fsh_len,Male,51,763,0.011796,102.87271001342107,28
2003,fsh_len,Male,53,763,0.009174,102.87271001342107,28
2003,fsh_len,Male,55,763,0.024902,102.87271001342107,28
2003,fsh_len,Male,57,763,0.049803,102.87271001342107,28
2003,fsh_len,Male,59,763,0.078637,102.87271001342107,28
2003,fsh_len,Male,61,763,0.141547,102.87271001342107,28
2003,fsh_len,Male,63,763,0.159895,102.87271001342107,28
2003,fsh_len,Male,65,763,0.14941,102.87271001342107,28
2003,fsh_len,Male,67,763,0.114024,102.87271001342107,28
2003,fsh_len,Male,69,763,0.083879,102.87271001342107,28
2003,fsh_len,Male,71,763,0.061599,102.87271001342107,28
2003,fsh_len,Male,73,763,0.035387,102.87271001342107,28
2003,fsh_len,Male,75,763,0.036697,102.87271001342107,28
2003,fsh_len,Male,77,763,0.02228,102.87271001342107,28
2003,fsh_len,Male,79,763,0.011796,102.87271001342107,28
2003,fsh_len,Male,81,763,0.001311,102.87271001342107,28
2003,fsh_len,Male,83,763,0.007864,102.87271001342107,28
2003,fsh_len,Male,85,763,0,102.87271001342107,28
2003,fsh_len,Male,87,763,0,102.87271001342107,28
2003,fsh_len,Male,89,763,0,102.87271001342107,28
2003,fsh_len,Male,91,763,0,102.87271001342107,28
2003,fsh_len,Male,93,763,0,102.87271001342107,28
2003,fsh_len,Male,95,763,0,102.87271001342107,28
2003,fsh_len,Male,97,763,0,102.87271001342107,28
2003,fsh_len,Male,99,763,0,102.87271001342107,28
2003,fsh_len,Sex combined,41,1785,0,118.00713194312642,28
2003,fsh_len,Sex combined,43,1785,0,118.00713194312642,28
2003,fsh_len,Sex combined,45,1785,0,118.00713194312642,28
2003,fsh_len,Sex combined,47,1785,0,118.00713194312642,28
2003,fsh_len,Sex combined,49,1785,6e-4,118.00713194312642,28
2003,fsh_len,Sex combined,51,1785,0.0073,118.00713194312642,28
2003,fsh_len,Sex combined,53,1785,0.0106,118.00713194312642,28
2003,fsh_len,Sex combined,55,1785,0.0151,118.00713194312642,28
2003,fsh_len,Sex combined,57,1785,0.0342,118.00713194312642,28
2003,fsh_len,Sex combined,59,1785,0.0476,118.00713194312642,28
2003,fsh_len,Sex combined,61,1785,0.0751,118.00713194312642,28
2003,fsh_len,Sex combined,63,1785,0.0964,118.00713194312642,28
2003,fsh_len,Sex combined,65,1785,0.1109,118.00713194312642,28
2003,fsh_len,Sex combined,67,1785,0.1109,118.00713194312642,28
2003,fsh_len,Sex combined,69,1785,0.1098,118.00713194312642,28
2003,fsh_len,Sex combined,71,1785,0.0992,118.00713194312642,28
2003,fsh_len,Sex combined,73,1785,0.0633,118.00713194312642,28
2003,fsh_len,Sex combined,75,1785,0.0549,118.00713194312642,28
2003,fsh_len,Sex combined,77,1785,0.0476,118.00713194312642,28
2003,fsh_len,Sex combined,79,1785,0.0269,118.00713194312642,28
2003,fsh_len,Sex combined,81,1785,0.0213,118.00713194312642,28
2003,fsh_len,Sex combined,83,1785,0.0207,118.00713194312642,28
2003,fsh_len,Sex combined,85,1785,0.0123,118.00713194312642,28
2003,fsh_len,Sex combined,87,1785,0.014,118.00713194312642,28
2003,fsh_len,Sex combined,89,1785,0.0062,118.00713194312642,28
2003,fsh_len,Sex combined,91,1785,0.0045,118.00713194312642,28
2003,fsh_len,Sex combined,93,1785,0.0034,118.00713194312642,28
2003,fsh_len,Sex combined,95,1785,0.0034,118.00713194312642,28
2003,fsh_len,Sex combined,97,1785,0.0011,118.00713194312642,28
2003,fsh_len,Sex combined,99,1785,0.0028,118.00713194312642,28
2004,fsh_len,Female,41,1561,0,118.00713194312642,29
2004,fsh_len,Female,43,1561,0,118.00713194312642,29
2004,fsh_len,Female,45,1561,0,118.00713194312642,29
2004,fsh_len,Female,47,1561,0,118.00713194312642,29
2004,fsh_len,Female,49,1561,0,118.00713194312642,29
2004,fsh_len,Female,51,1561,0.003844,118.00713194312642,29
2004,fsh_len,Female,53,1561,0.001281,118.00713194312642,29
2004,fsh_len,Female,55,1561,0.006406,118.00713194312642,29
2004,fsh_len,Female,57,1561,0.007047,118.00713194312642,29
2004,fsh_len,Female,59,1561,0.016656,118.00713194312642,29
2004,fsh_len,Female,61,1561,0.036515,118.00713194312642,29
2004,fsh_len,Female,63,1561,0.055093,118.00713194312642,29
2004,fsh_len,Female,65,1561,0.095452,118.00713194312642,29
2004,fsh_len,Female,67,1561,0.098655,118.00713194312642,29
2004,fsh_len,Female,69,1561,0.126842,118.00713194312642,29
2004,fsh_len,Female,71,1561,0.122357,118.00713194312642,29
2004,fsh_len,Female,73,1561,0.081999,118.00713194312642,29
2004,fsh_len,Female,75,1561,0.069186,118.00713194312642,29
2004,fsh_len,Female,77,1561,0.035234,118.00713194312642,29
2004,fsh_len,Female,79,1561,0.03075,118.00713194312642,29
2004,fsh_len,Female,81,1561,0.032031,118.00713194312642,29
2004,fsh_len,Female,83,1561,0.030109,118.00713194312642,29
2004,fsh_len,Female,85,1561,0.032031,118.00713194312642,29
2004,fsh_len,Female,87,1561,0.025625,118.00713194312642,29
2004,fsh_len,Female,89,1561,0.024343,118.00713194312642,29
2004,fsh_len,Female,91,1561,0.016656,118.00713194312642,29
2004,fsh_len,Female,93,1561,0.016656,118.00713194312642,29
2004,fsh_len,Female,95,1561,0.012812,118.00713194312642,29
2004,fsh_len,Female,97,1561,0.005766,118.00713194312642,29
2004,fsh_len,Female,99,1561,0.016656,118.00713194312642,29
2004,fsh_len,Male,41,764,0,102.87271001342107,29
2004,fsh_len,Male,43,764,0,102.87271001342107,29
2004,fsh_len,Male,45,764,0,102.87271001342107,29
2004,fsh_len,Male,47,764,0,102.87271001342107,29
2004,fsh_len,Male,49,764,0.002618,102.87271001342107,29
2004,fsh_len,Male,51,764,0.002618,102.87271001342107,29
2004,fsh_len,Male,53,764,0.003927,102.87271001342107,29
2004,fsh_len,Male,55,764,0.015707,102.87271001342107,29
2004,fsh_len,Male,57,764,0.039267,102.87271001342107,29
2004,fsh_len,Male,59,764,0.070681,102.87271001342107,29
2004,fsh_len,Male,61,764,0.151832,102.87271001342107,29
2004,fsh_len,Male,63,764,0.171466,102.87271001342107,29
2004,fsh_len,Male,65,764,0.171466,102.87271001342107,29
2004,fsh_len,Male,67,764,0.124346,102.87271001342107,29
2004,fsh_len,Male,69,764,0.094241,102.87271001342107,29
2004,fsh_len,Male,71,764,0.061518,102.87271001342107,29
2004,fsh_len,Male,73,764,0.03534,102.87271001342107,29
2004,fsh_len,Male,75,764,0.032723,102.87271001342107,29
2004,fsh_len,Male,77,764,0.009162,102.87271001342107,29
2004,fsh_len,Male,79,764,0.003927,102.87271001342107,29
2004,fsh_len,Male,81,764,0.005236,102.87271001342107,29
2004,fsh_len,Male,83,764,0.001309,102.87271001342107,29
2004,fsh_len,Male,85,764,0.002618,102.87271001342107,29
2004,fsh_len,Male,87,764,0,102.87271001342107,29
2004,fsh_len,Male,89,764,0,102.87271001342107,29
2004,fsh_len,Male,91,764,0,102.87271001342107,29
2004,fsh_len,Male,93,764,0,102.87271001342107,29
2004,fsh_len,Male,95,764,0,102.87271001342107,29
2004,fsh_len,Male,97,764,0,102.87271001342107,29
2004,fsh_len,Male,99,764,0,102.87271001342107,29
2004,fsh_len,Sex combined,41,2325,0,118.00713194312642,29
2004,fsh_len,Sex combined,43,2325,0,118.00713194312642,29
2004,fsh_len,Sex combined,45,2325,0,118.00713194312642,29
2004,fsh_len,Sex combined,47,2325,0,118.00713194312642,29
2004,fsh_len,Sex combined,49,2325,9e-4,118.00713194312642,29
2004,fsh_len,Sex combined,51,2325,0.0034,118.00713194312642,29
2004,fsh_len,Sex combined,53,2325,0.0022,118.00713194312642,29
2004,fsh_len,Sex combined,55,2325,0.0095,118.00713194312642,29
2004,fsh_len,Sex combined,57,2325,0.0176,118.00713194312642,29
2004,fsh_len,Sex combined,59,2325,0.0344,118.00713194312642,29
2004,fsh_len,Sex combined,61,2325,0.0744,118.00713194312642,29
2004,fsh_len,Sex combined,63,2325,0.0933,118.00713194312642,29
2004,fsh_len,Sex combined,65,2325,0.1204,118.00713194312642,29
2004,fsh_len,Sex combined,67,2325,0.1071,118.00713194312642,29
2004,fsh_len,Sex combined,69,2325,0.1161,118.00713194312642,29
2004,fsh_len,Sex combined,71,2325,0.1024,118.00713194312642,29
2004,fsh_len,Sex combined,73,2325,0.0667,118.00713194312642,29
2004,fsh_len,Sex combined,75,2325,0.0572,118.00713194312642,29
2004,fsh_len,Sex combined,77,2325,0.0267,118.00713194312642,29
2004,fsh_len,Sex combined,79,2325,0.0219,118.00713194312642,29
2004,fsh_len,Sex combined,81,2325,0.0232,118.00713194312642,29
2004,fsh_len,Sex combined,83,2325,0.0206,118.00713194312642,29
2004,fsh_len,Sex combined,85,2325,0.0224,118.00713194312642,29
2004,fsh_len,Sex combined,87,2325,0.0172,118.00713194312642,29
2004,fsh_len,Sex combined,89,2325,0.0163,118.00713194312642,29
2004,fsh_len,Sex combined,91,2325,0.0112,118.00713194312642,29
2004,fsh_len,Sex combined,93,2325,0.0112,118.00713194312642,29
2004,fsh_len,Sex combined,95,2325,0.0086,118.00713194312642,29
2004,fsh_len,Sex combined,97,2325,0.0039,118.00713194312642,29
2004,fsh_len,Sex combined,99,2325,0.0112,118.00713194312642,29
2005,fsh_len,Female,41,1259,0,118.00713194312642,30
2005,fsh_len,Female,43,1259,0,118.00713194312642,30
2005,fsh_len,Female,45,1259,0,118.00713194312642,30
2005,fsh_len,Female,47,1259,0,118.00713194312642,30
2005,fsh_len,Female,49,1259,0,118.00713194312642,30
2005,fsh_len,Female,51,1259,7.94e-4,118.00713194312642,30
2005,fsh_len,Female,53,1259,7.94e-4,118.00713194312642,30
2005,fsh_len,Female,55,1259,0.002383,118.00713194312642,30
2005,fsh_len,Female,57,1259,0.007149,118.00713194312642,30
2005,fsh_len,Female,59,1259,0.009531,118.00713194312642,30
2005,fsh_len,Female,61,1259,0.026211,118.00713194312642,30
2005,fsh_len,Female,63,1259,0.028594,118.00713194312642,30
2005,fsh_len,Female,65,1259,0.059571,118.00713194312642,30
2005,fsh_len,Female,67,1259,0.102462,118.00713194312642,30
2005,fsh_len,Female,69,1259,0.117554,118.00713194312642,30
2005,fsh_len,Female,71,1259,0.108817,118.00713194312642,30
2005,fsh_len,Female,73,1259,0.098491,118.00713194312642,30
2005,fsh_len,Female,75,1259,0.069102,118.00713194312642,30
2005,fsh_len,Female,77,1259,0.061954,118.00713194312642,30
2005,fsh_len,Female,79,1259,0.051628,118.00713194312642,30
2005,fsh_len,Female,81,1259,0.029388,118.00713194312642,30
2005,fsh_len,Female,83,1259,0.047657,118.00713194312642,30
2005,fsh_len,Female,85,1259,0.04448,118.00713194312642,30
2005,fsh_len,Female,87,1259,0.019857,118.00713194312642,30
2005,fsh_len,Female,89,1259,0.027006,118.00713194312642,30
2005,fsh_len,Female,91,1259,0.02224,118.00713194312642,30
2005,fsh_len,Female,93,1259,0.01668,118.00713194312642,30
2005,fsh_len,Female,95,1259,0.014297,118.00713194312642,30
2005,fsh_len,Female,97,1259,0.012708,118.00713194312642,30
2005,fsh_len,Female,99,1259,0.020651,118.00713194312642,30
2005,fsh_len,Male,41,506,0,102.87271001342107,30
2005,fsh_len,Male,43,506,0,102.87271001342107,30
2005,fsh_len,Male,45,506,0,102.87271001342107,30
2005,fsh_len,Male,47,506,0,102.87271001342107,30
2005,fsh_len,Male,49,506,0,102.87271001342107,30
2005,fsh_len,Male,51,506,0.001976,102.87271001342107,30
2005,fsh_len,Male,53,506,0.009881,102.87271001342107,30
2005,fsh_len,Male,55,506,0.007905,102.87271001342107,30
2005,fsh_len,Male,57,506,0.021739,102.87271001342107,30
2005,fsh_len,Male,59,506,0.059289,102.87271001342107,30
2005,fsh_len,Male,61,506,0.098814,102.87271001342107,30
2005,fsh_len,Male,63,506,0.167984,102.87271001342107,30
2005,fsh_len,Male,65,506,0.193676,102.87271001342107,30
2005,fsh_len,Male,67,506,0.140316,102.87271001342107,30
2005,fsh_len,Male,69,506,0.104743,102.87271001342107,30
2005,fsh_len,Male,71,506,0.081028,102.87271001342107,30
2005,fsh_len,Male,73,506,0.049407,102.87271001342107,30
2005,fsh_len,Male,75,506,0.021739,102.87271001342107,30
2005,fsh_len,Male,77,506,0.023715,102.87271001342107,30
2005,fsh_len,Male,79,506,0.009881,102.87271001342107,30
2005,fsh_len,Male,81,506,0.003953,102.87271001342107,30
2005,fsh_len,Male,83,506,0,102.87271001342107,30
2005,fsh_len,Male,85,506,0.001976,102.87271001342107,30
2005,fsh_len,Male,87,506,0,102.87271001342107,30
2005,fsh_len,Male,89,506,0,102.87271001342107,30
2005,fsh_len,Male,91,506,0,102.87271001342107,30
2005,fsh_len,Male,93,506,0.001976,102.87271001342107,30
2005,fsh_len,Male,95,506,0,102.87271001342107,30
2005,fsh_len,Male,97,506,0,102.87271001342107,30
2005,fsh_len,Male,99,506,0,102.87271001342107,30
2005,fsh_len,Sex combined,41,1765,0,118.00713194312642,30
2005,fsh_len,Sex combined,43,1765,0,118.00713194312642,30
2005,fsh_len,Sex combined,45,1765,0,118.00713194312642,30
2005,fsh_len,Sex combined,47,1765,0,118.00713194312642,30
2005,fsh_len,Sex combined,49,1765,0,118.00713194312642,30
2005,fsh_len,Sex combined,51,1765,0.0011,118.00713194312642,30
2005,fsh_len,Sex combined,53,1765,0.0034,118.00713194312642,30
2005,fsh_len,Sex combined,55,1765,0.004,118.00713194312642,30
2005,fsh_len,Sex combined,57,1765,0.0113,118.00713194312642,30
2005,fsh_len,Sex combined,59,1765,0.0238,118.00713194312642,30
2005,fsh_len,Sex combined,61,1765,0.047,118.00713194312642,30
2005,fsh_len,Sex combined,63,1765,0.0686,118.00713194312642,30
2005,fsh_len,Sex combined,65,1765,0.098,118.00713194312642,30
2005,fsh_len,Sex combined,67,1765,0.1133,118.00713194312642,30
2005,fsh_len,Sex combined,69,1765,0.1139,118.00713194312642,30
2005,fsh_len,Sex combined,71,1765,0.1008,118.00713194312642,30
2005,fsh_len,Sex combined,73,1765,0.0844,118.00713194312642,30
2005,fsh_len,Sex combined,75,1765,0.0555,118.00713194312642,30
2005,fsh_len,Sex combined,77,1765,0.051,118.00713194312642,30
2005,fsh_len,Sex combined,79,1765,0.0397,118.00713194312642,30
2005,fsh_len,Sex combined,81,1765,0.0221,118.00713194312642,30
2005,fsh_len,Sex combined,83,1765,0.034,118.00713194312642,30
2005,fsh_len,Sex combined,85,1765,0.0323,118.00713194312642,30
2005,fsh_len,Sex combined,87,1765,0.0142,118.00713194312642,30
2005,fsh_len,Sex combined,89,1765,0.0193,118.00713194312642,30
2005,fsh_len,Sex combined,91,1765,0.0159,118.00713194312642,30
2005,fsh_len,Sex combined,93,1765,0.0125,118.00713194312642,30
2005,fsh_len,Sex combined,95,1765,0.0102,118.00713194312642,30
2005,fsh_len,Sex combined,97,1765,0.0091,118.00713194312642,30
2005,fsh_len,Sex combined,99,1765,0.0147,118.00713194312642,30
2006,fsh_len,Female,41,1075,0,118.00713194312642,31
2006,fsh_len,Female,43,1075,0,118.00713194312642,31
2006,fsh_len,Female,45,1075,0,118.00713194312642,31
2006,fsh_len,Female,47,1075,0,118.00713194312642,31
2006,fsh_len,Female,49,1075,0,118.00713194312642,31
2006,fsh_len,Female,51,1075,0.00093000000000000005,118.00713194312642,31
2006,fsh_len,Female,53,1075,0.003721,118.00713194312642,31
2006,fsh_len,Female,55,1075,0.003721,118.00713194312642,31
2006,fsh_len,Female,57,1075,0.011163,118.00713194312642,31
2006,fsh_len,Female,59,1075,0.010233,118.00713194312642,31
2006,fsh_len,Female,61,1075,0.014884,118.00713194312642,31
2006,fsh_len,Female,63,1075,0.029767,118.00713194312642,31
2006,fsh_len,Female,65,1075,0.053953,118.00713194312642,31
2006,fsh_len,Female,67,1075,0.090233,118.00713194312642,31
2006,fsh_len,Female,69,1075,0.124651,118.00713194312642,31
2006,fsh_len,Female,71,1075,0.140465,118.00713194312642,31
2006,fsh_len,Female,73,1075,0.129302,118.00713194312642,31
2006,fsh_len,Female,75,1075,0.098605,118.00713194312642,31
2006,fsh_len,Female,77,1075,0.07907,118.00713194312642,31
2006,fsh_len,Female,79,1075,0.043721,118.00713194312642,31
2006,fsh_len,Female,81,1075,0.046512,118.00713194312642,31
2006,fsh_len,Female,83,1075,0.026047,118.00713194312642,31
2006,fsh_len,Female,85,1075,0.021395,118.00713194312642,31
2006,fsh_len,Female,87,1075,0.024186,118.00713194312642,31
2006,fsh_len,Female,89,1075,0.015814,118.00713194312642,31
2006,fsh_len,Female,91,1075,0.010233,118.00713194312642,31
2006,fsh_len,Female,93,1075,0.007442,118.00713194312642,31
2006,fsh_len,Female,95,1075,0.002791,118.00713194312642,31
2006,fsh_len,Female,97,1075,0.002791,118.00713194312642,31
2006,fsh_len,Female,99,1075,0.008372,118.00713194312642,31
2006,fsh_len,Male,41,609,0,102.87271001342107,31
2006,fsh_len,Male,43,609,0,102.87271001342107,31
2006,fsh_len,Male,45,609,0,102.87271001342107,31
2006,fsh_len,Male,47,609,0,102.87271001342107,31
2006,fsh_len,Male,49,609,0,102.87271001342107,31
2006,fsh_len,Male,51,609,0,102.87271001342107,31
2006,fsh_len,Male,53,609,0.003284,102.87271001342107,31
2006,fsh_len,Male,55,609,0.011494,102.87271001342107,31
2006,fsh_len,Male,57,609,0.032841,102.87271001342107,31
2006,fsh_len,Male,59,609,0.049261,102.87271001342107,31
2006,fsh_len,Male,61,609,0.119869,102.87271001342107,31
2006,fsh_len,Male,63,609,0.200328,102.87271001342107,31
2006,fsh_len,Male,65,609,0.178982,102.87271001342107,31
2006,fsh_len,Male,67,609,0.129721,102.87271001342107,31
2006,fsh_len,Male,69,609,0.093596,102.87271001342107,31
2006,fsh_len,Male,71,609,0.052545,102.87271001342107,31
2006,fsh_len,Male,73,609,0.062397,102.87271001342107,31
2006,fsh_len,Male,75,609,0.024631,102.87271001342107,31
2006,fsh_len,Male,77,609,0.019704,102.87271001342107,31
2006,fsh_len,Male,79,609,0.00821,102.87271001342107,31
2006,fsh_len,Male,81,609,0.004926,102.87271001342107,31
2006,fsh_len,Male,83,609,0.001642,102.87271001342107,31
2006,fsh_len,Male,85,609,0.001642,102.87271001342107,31
2006,fsh_len,Male,87,609,0.004926,102.87271001342107,31
2006,fsh_len,Male,89,609,0,102.87271001342107,31
2006,fsh_len,Male,91,609,0,102.87271001342107,31
2006,fsh_len,Male,93,609,0,102.87271001342107,31
2006,fsh_len,Male,95,609,0,102.87271001342107,31
2006,fsh_len,Male,97,609,0,102.87271001342107,31
2006,fsh_len,Male,99,609,0,102.87271001342107,31
2006,fsh_len,Sex combined,41,1684,0,118.00713194312642,31
2006,fsh_len,Sex combined,43,1684,0,118.00713194312642,31
2006,fsh_len,Sex combined,45,1684,0,118.00713194312642,31
2006,fsh_len,Sex combined,47,1684,0,118.00713194312642,31
2006,fsh_len,Sex combined,49,1684,0,118.00713194312642,31
2006,fsh_len,Sex combined,51,1684,6e-4,118.00713194312642,31
2006,fsh_len,Sex combined,53,1684,0.0036,118.00713194312642,31
2006,fsh_len,Sex combined,55,1684,0.0065,118.00713194312642,31
2006,fsh_len,Sex combined,57,1684,0.019,118.00713194312642,31
2006,fsh_len,Sex combined,59,1684,0.0243,118.00713194312642,31
2006,fsh_len,Sex combined,61,1684,0.0529,118.00713194312642,31
2006,fsh_len,Sex combined,63,1684,0.0914,118.00713194312642,31
2006,fsh_len,Sex combined,65,1684,0.0992,118.00713194312642,31
2006,fsh_len,Sex combined,67,1684,0.1045,118.00713194312642,31
2006,fsh_len,Sex combined,69,1684,0.1134,118.00713194312642,31
2006,fsh_len,Sex combined,71,1684,0.1087,118.00713194312642,31
2006,fsh_len,Sex combined,73,1684,0.1051,118.00713194312642,31
2006,fsh_len,Sex combined,75,1684,0.0719,118.00713194312642,31
2006,fsh_len,Sex combined,77,1684,0.0576,118.00713194312642,31
2006,fsh_len,Sex combined,79,1684,0.0309,118.00713194312642,31
2006,fsh_len,Sex combined,81,1684,0.0315,118.00713194312642,31
2006,fsh_len,Sex combined,83,1684,0.0172,118.00713194312642,31
2006,fsh_len,Sex combined,85,1684,0.0143,118.00713194312642,31
2006,fsh_len,Sex combined,87,1684,0.0172,118.00713194312642,31
2006,fsh_len,Sex combined,89,1684,0.0101,118.00713194312642,31
2006,fsh_len,Sex combined,91,1684,0.0065,118.00713194312642,31
2006,fsh_len,Sex combined,93,1684,0.0048,118.00713194312642,31
2006,fsh_len,Sex combined,95,1684,0.0018,118.00713194312642,31
2006,fsh_len,Sex combined,97,1684,0.0018,118.00713194312642,31
2006,fsh_len,Sex combined,99,1684,0.0053,118.00713194312642,31
2007,fsh_len,Female,41,996,0,118.00713194312642,32
2007,fsh_len,Female,43,996,0,118.00713194312642,32
2007,fsh_len,Female,45,996,0,118.00713194312642,32
2007,fsh_len,Female,47,996,0,118.00713194312642,32
2007,fsh_len,Female,49,996,0,118.00713194312642,32
2007,fsh_len,Female,51,996,0.002008,118.00713194312642,32
2007,fsh_len,Female,53,996,0.002008,118.00713194312642,32
2007,fsh_len,Female,55,996,0.002008,118.00713194312642,32
2007,fsh_len,Female,57,996,0.008032,118.00713194312642,32
2007,fsh_len,Female,59,996,0.007028,118.00713194312642,32
2007,fsh_len,Female,61,996,0.014056,118.00713194312642,32
2007,fsh_len,Female,63,996,0.034137,118.00713194312642,32
2007,fsh_len,Female,65,996,0.054217,118.00713194312642,32
2007,fsh_len,Female,67,996,0.070281,118.00713194312642,32
2007,fsh_len,Female,69,996,0.123494,118.00713194312642,32
2007,fsh_len,Female,71,996,0.130522,118.00713194312642,32
2007,fsh_len,Female,73,996,0.11245,118.00713194312642,32
2007,fsh_len,Female,75,996,0.100402,118.00713194312642,32
2007,fsh_len,Female,77,996,0.086345,118.00713194312642,32
2007,fsh_len,Female,79,996,0.059237,118.00713194312642,32
2007,fsh_len,Female,81,996,0.051205,118.00713194312642,32
2007,fsh_len,Female,83,996,0.034137,118.00713194312642,32
2007,fsh_len,Female,85,996,0.026104,118.00713194312642,32
2007,fsh_len,Female,87,996,0.031124,118.00713194312642,32
2007,fsh_len,Female,89,996,0.013052,118.00713194312642,32
2007,fsh_len,Female,91,996,0.013052,118.00713194312642,32
2007,fsh_len,Female,93,996,0.009036,118.00713194312642,32
2007,fsh_len,Female,95,996,0.004016,118.00713194312642,32
2007,fsh_len,Female,97,996,0.00502,118.00713194312642,32
2007,fsh_len,Female,99,996,0.007028,118.00713194312642,32
2007,fsh_len,Male,41,515,0,102.87271001342107,32
2007,fsh_len,Male,43,515,0,102.87271001342107,32
2007,fsh_len,Male,45,515,0,102.87271001342107,32
2007,fsh_len,Male,47,515,0,102.87271001342107,32
2007,fsh_len,Male,49,515,0,102.87271001342107,32
2007,fsh_len,Male,51,515,0,102.87271001342107,32
2007,fsh_len,Male,53,515,0.001942,102.87271001342107,32
2007,fsh_len,Male,55,515,0.007767,102.87271001342107,32
2007,fsh_len,Male,57,515,0.021359,102.87271001342107,32
2007,fsh_len,Male,59,515,0.048544,102.87271001342107,32
2007,fsh_len,Male,61,515,0.108738,102.87271001342107,32
2007,fsh_len,Male,63,515,0.153398,102.87271001342107,32
2007,fsh_len,Male,65,515,0.170874,102.87271001342107,32
2007,fsh_len,Male,67,515,0.161165,102.87271001342107,32
2007,fsh_len,Male,69,515,0.135922,102.87271001342107,32
2007,fsh_len,Male,71,515,0.085437,102.87271001342107,32
2007,fsh_len,Male,73,515,0.038835,102.87271001342107,32
2007,fsh_len,Male,75,515,0.036893,102.87271001342107,32
2007,fsh_len,Male,77,515,0.013592,102.87271001342107,32
2007,fsh_len,Male,79,515,0.009709,102.87271001342107,32
2007,fsh_len,Male,81,515,0.003883,102.87271001342107,32
2007,fsh_len,Male,83,515,0.001942,102.87271001342107,32
2007,fsh_len,Male,85,515,0,102.87271001342107,32
2007,fsh_len,Male,87,515,0,102.87271001342107,32
2007,fsh_len,Male,89,515,0,102.87271001342107,32
2007,fsh_len,Male,91,515,0,102.87271001342107,32
2007,fsh_len,Male,93,515,0,102.87271001342107,32
2007,fsh_len,Male,95,515,0,102.87271001342107,32
2007,fsh_len,Male,97,515,0,102.87271001342107,32
2007,fsh_len,Male,99,515,0,102.87271001342107,32
2007,fsh_len,Sex combined,41,1511,0,118.00713194312642,32
2007,fsh_len,Sex combined,43,1511,0,118.00713194312642,32
2007,fsh_len,Sex combined,45,1511,0,118.00713194312642,32
2007,fsh_len,Sex combined,47,1511,0,118.00713194312642,32
2007,fsh_len,Sex combined,49,1511,0,118.00713194312642,32
2007,fsh_len,Sex combined,51,1511,0.0013,118.00713194312642,32
2007,fsh_len,Sex combined,53,1511,0.002,118.00713194312642,32
2007,fsh_len,Sex combined,55,1511,0.004,118.00713194312642,32
2007,fsh_len,Sex combined,57,1511,0.0126,118.00713194312642,32
2007,fsh_len,Sex combined,59,1511,0.0212,118.00713194312642,32
2007,fsh_len,Sex combined,61,1511,0.0463,118.00713194312642,32
2007,fsh_len,Sex combined,63,1511,0.0748,118.00713194312642,32
2007,fsh_len,Sex combined,65,1511,0.094,118.00713194312642,32
2007,fsh_len,Sex combined,67,1511,0.1013,118.00713194312642,32
2007,fsh_len,Sex combined,69,1511,0.1277,118.00713194312642,32
2007,fsh_len,Sex combined,71,1511,0.1152,118.00713194312642,32
2007,fsh_len,Sex combined,73,1511,0.0874,118.00713194312642,32
2007,fsh_len,Sex combined,75,1511,0.0788,118.00713194312642,32
2007,fsh_len,Sex combined,77,1511,0.0615,118.00713194312642,32
2007,fsh_len,Sex combined,79,1511,0.0424,118.00713194312642,32
2007,fsh_len,Sex combined,81,1511,0.0351,118.00713194312642,32
2007,fsh_len,Sex combined,83,1511,0.0232,118.00713194312642,32
2007,fsh_len,Sex combined,85,1511,0.0172,118.00713194312642,32
2007,fsh_len,Sex combined,87,1511,0.0205,118.00713194312642,32
2007,fsh_len,Sex combined,89,1511,0.0086,118.00713194312642,32
2007,fsh_len,Sex combined,91,1511,0.0086,118.00713194312642,32
2007,fsh_len,Sex combined,93,1511,0.006,118.00713194312642,32
2007,fsh_len,Sex combined,95,1511,0.0026,118.00713194312642,32
2007,fsh_len,Sex combined,97,1511,0.0033,118.00713194312642,32
2007,fsh_len,Sex combined,99,1511,0.0046,118.00713194312642,32
2008,fsh_len,Female,41,1026,0,118.00713194312642,33
2008,fsh_len,Female,43,1026,0,118.00713194312642,33
2008,fsh_len,Female,45,1026,0,118.00713194312642,33
2008,fsh_len,Female,47,1026,0,118.00713194312642,33
2008,fsh_len,Female,49,1026,0,118.00713194312642,33
2008,fsh_len,Female,51,1026,0,118.00713194312642,33
2008,fsh_len,Female,53,1026,0,118.00713194312642,33
2008,fsh_len,Female,55,1026,0.001949,118.00713194312642,33
2008,fsh_len,Female,57,1026,0.002924,118.00713194312642,33
2008,fsh_len,Female,59,1026,0.009747,118.00713194312642,33
2008,fsh_len,Female,61,1026,0.015595,118.00713194312642,33
2008,fsh_len,Female,63,1026,0.026316,118.00713194312642,33
2008,fsh_len,Female,65,1026,0.039961000000000003,118.00713194312642,33
2008,fsh_len,Female,67,1026,0.087719,118.00713194312642,33
2008,fsh_len,Female,69,1026,0.10039,118.00713194312642,33
2008,fsh_len,Female,71,1026,0.133528,118.00713194312642,33
2008,fsh_len,Female,73,1026,0.125731,118.00713194312642,33
2008,fsh_len,Female,75,1026,0.11501,118.00713194312642,33
2008,fsh_len,Female,77,1026,0.069201,118.00713194312642,33
2008,fsh_len,Female,79,1026,0.063353,118.00713194312642,33
2008,fsh_len,Female,81,1026,0.062378,118.00713194312642,33
2008,fsh_len,Female,83,1026,0.033138,118.00713194312642,33
2008,fsh_len,Female,85,1026,0.032164,118.00713194312642,33
2008,fsh_len,Female,87,1026,0.028265,118.00713194312642,33
2008,fsh_len,Female,89,1026,0.013645,118.00713194312642,33
2008,fsh_len,Female,91,1026,0.011696,118.00713194312642,33
2008,fsh_len,Female,93,1026,0.011696,118.00713194312642,33
2008,fsh_len,Female,95,1026,0.005848,118.00713194312642,33
2008,fsh_len,Female,97,1026,0.001949,118.00713194312642,33
2008,fsh_len,Female,99,1026,0.007797,118.00713194312642,33
2008,fsh_len,Male,41,525,0,102.87271001342107,33
2008,fsh_len,Male,43,525,0,102.87271001342107,33
2008,fsh_len,Male,45,525,0,102.87271001342107,33
2008,fsh_len,Male,47,525,0,102.87271001342107,33
2008,fsh_len,Male,49,525,0,102.87271001342107,33
2008,fsh_len,Male,51,525,0,102.87271001342107,33
2008,fsh_len,Male,53,525,0,102.87271001342107,33
2008,fsh_len,Male,55,525,0.007619,102.87271001342107,33
2008,fsh_len,Male,57,525,0.013333,102.87271001342107,33
2008,fsh_len,Male,59,525,0.038095,102.87271001342107,33
2008,fsh_len,Male,61,525,0.100952,102.87271001342107,33
2008,fsh_len,Male,63,525,0.165714,102.87271001342107,33
2008,fsh_len,Male,65,525,0.179048,102.87271001342107,33
2008,fsh_len,Male,67,525,0.190476,102.87271001342107,33
2008,fsh_len,Male,69,525,0.131429,102.87271001342107,33
2008,fsh_len,Male,71,525,0.087619,102.87271001342107,33
2008,fsh_len,Male,73,525,0.04381,102.87271001342107,33
2008,fsh_len,Male,75,525,0.019048,102.87271001342107,33
2008,fsh_len,Male,77,525,0.009524,102.87271001342107,33
2008,fsh_len,Male,79,525,0.001905,102.87271001342107,33
2008,fsh_len,Male,81,525,0.001905,102.87271001342107,33
2008,fsh_len,Male,83,525,0.005714,102.87271001342107,33
2008,fsh_len,Male,85,525,0,102.87271001342107,33
2008,fsh_len,Male,87,525,0.001905,102.87271001342107,33
2008,fsh_len,Male,89,525,0.001905,102.87271001342107,33
2008,fsh_len,Male,91,525,0,102.87271001342107,33
2008,fsh_len,Male,93,525,0,102.87271001342107,33
2008,fsh_len,Male,95,525,0,102.87271001342107,33
2008,fsh_len,Male,97,525,0,102.87271001342107,33
2008,fsh_len,Male,99,525,0,102.87271001342107,33
2008,fsh_len,Sex combined,41,1551,0,118.00713194312642,33
2008,fsh_len,Sex combined,43,1551,0,118.00713194312642,33
2008,fsh_len,Sex combined,45,1551,0,118.00713194312642,33
2008,fsh_len,Sex combined,47,1551,0,118.00713194312642,33
2008,fsh_len,Sex combined,49,1551,0,118.00713194312642,33
2008,fsh_len,Sex combined,51,1551,0,118.00713194312642,33
2008,fsh_len,Sex combined,53,1551,0,118.00713194312642,33
2008,fsh_len,Sex combined,55,1551,0.0039,118.00713194312642,33
2008,fsh_len,Sex combined,57,1551,0.0064,118.00713194312642,33
2008,fsh_len,Sex combined,59,1551,0.0193,118.00713194312642,33
2008,fsh_len,Sex combined,61,1551,0.0445,118.00713194312642,33
2008,fsh_len,Sex combined,63,1551,0.0735,118.00713194312642,33
2008,fsh_len,Sex combined,65,1551,0.087,118.00713194312642,33
2008,fsh_len,Sex combined,67,1551,0.1225,118.00713194312642,33
2008,fsh_len,Sex combined,69,1551,0.1109,118.00713194312642,33
2008,fsh_len,Sex combined,71,1551,0.118,118.00713194312642,33
2008,fsh_len,Sex combined,73,1551,0.098,118.00713194312642,33
2008,fsh_len,Sex combined,75,1551,0.0825,118.00713194312642,33
2008,fsh_len,Sex combined,77,1551,0.049,118.00713194312642,33
2008,fsh_len,Sex combined,79,1551,0.0426,118.00713194312642,33
2008,fsh_len,Sex combined,81,1551,0.0419,118.00713194312642,33
2008,fsh_len,Sex combined,83,1551,0.0239,118.00713194312642,33
2008,fsh_len,Sex combined,85,1551,0.0213,118.00713194312642,33
2008,fsh_len,Sex combined,87,1551,0.0193,118.00713194312642,33
2008,fsh_len,Sex combined,89,1551,0.0097,118.00713194312642,33
2008,fsh_len,Sex combined,91,1551,0.0077,118.00713194312642,33
2008,fsh_len,Sex combined,93,1551,0.0077,118.00713194312642,33
2008,fsh_len,Sex combined,95,1551,0.0039,118.00713194312642,33
2008,fsh_len,Sex combined,97,1551,0.0013,118.00713194312642,33
2008,fsh_len,Sex combined,99,1551,0.0052,118.00713194312642,33
2009,fsh_len,Female,41,1047,0,118.00713194312642,34
2009,fsh_len,Female,43,1047,0,118.00713194312642,34
2009,fsh_len,Female,45,1047,0,118.00713194312642,34
2009,fsh_len,Female,47,1047,0,118.00713194312642,34
2009,fsh_len,Female,49,1047,0,118.00713194312642,34
2009,fsh_len,Female,51,1047,0.00191,118.00713194312642,34
2009,fsh_len,Female,53,1047,0,118.00713194312642,34
2009,fsh_len,Female,55,1047,9.55e-4,118.00713194312642,34
2009,fsh_len,Female,57,1047,0.004776,118.00713194312642,34
2009,fsh_len,Female,59,1047,0.005731,118.00713194312642,34
2009,fsh_len,Female,61,1047,0.00191,118.00713194312642,34
2009,fsh_len,Female,63,1047,0.018147,118.00713194312642,34
2009,fsh_len,Female,65,1047,0.045845,118.00713194312642,34
2009,fsh_len,Female,67,1047,0.077364,118.00713194312642,34
2009,fsh_len,Female,69,1047,0.097421,118.00713194312642,34
2009,fsh_len,Female,71,1047,0.144222,118.00713194312642,34
2009,fsh_len,Female,73,1047,0.124164,118.00713194312642,34
2009,fsh_len,Female,75,1047,0.118434,118.00713194312642,34
2009,fsh_len,Female,77,1047,0.090735,118.00713194312642,34
2009,fsh_len,Female,79,1047,0.075454,118.00713194312642,34
2009,fsh_len,Female,81,1047,0.076409,118.00713194312642,34
2009,fsh_len,Female,83,1047,0.037249,118.00713194312642,34
2009,fsh_len,Female,85,1047,0.023878,118.00713194312642,34
2009,fsh_len,Female,87,1047,0.014327,118.00713194312642,34
2009,fsh_len,Female,89,1047,0.010506,118.00713194312642,34
2009,fsh_len,Female,91,1047,0.011461,118.00713194312642,34
2009,fsh_len,Female,93,1047,0.004776,118.00713194312642,34
2009,fsh_len,Female,95,1047,0.005731,118.00713194312642,34
2009,fsh_len,Female,97,1047,9.55e-4,118.00713194312642,34
2009,fsh_len,Female,99,1047,0.007641,118.00713194312642,34
2009,fsh_len,Male,41,521,0,102.87271001342107,34
2009,fsh_len,Male,43,521,0,102.87271001342107,34
2009,fsh_len,Male,45,521,0,102.87271001342107,34
2009,fsh_len,Male,47,521,0,102.87271001342107,34
2009,fsh_len,Male,49,521,0,102.87271001342107,34
2009,fsh_len,Male,51,521,0,102.87271001342107,34
2009,fsh_len,Male,53,521,0,102.87271001342107,34
2009,fsh_len,Male,55,521,0,102.87271001342107,34
2009,fsh_len,Male,57,521,0.017274,102.87271001342107,34
2009,fsh_len,Male,59,521,0.047985,102.87271001342107,34
2009,fsh_len,Male,61,521,0.088292,102.87271001342107,34
2009,fsh_len,Male,63,521,0.136276,102.87271001342107,34
2009,fsh_len,Male,65,521,0.190019,102.87271001342107,34
2009,fsh_len,Male,67,521,0.176583,102.87271001342107,34
2009,fsh_len,Male,69,521,0.12476,102.87271001342107,34
2009,fsh_len,Male,71,521,0.095969,102.87271001342107,34
2009,fsh_len,Male,73,521,0.044146,102.87271001342107,34
2009,fsh_len,Male,75,521,0.040307,102.87271001342107,34
2009,fsh_len,Male,77,521,0.023033,102.87271001342107,34
2009,fsh_len,Male,79,521,0.007678,102.87271001342107,34
2009,fsh_len,Male,81,521,0.007678,102.87271001342107,34
2009,fsh_len,Male,83,521,0,102.87271001342107,34
2009,fsh_len,Male,85,521,0,102.87271001342107,34
2009,fsh_len,Male,87,521,0,102.87271001342107,34
2009,fsh_len,Male,89,521,0,102.87271001342107,34
2009,fsh_len,Male,91,521,0,102.87271001342107,34
2009,fsh_len,Male,93,521,0,102.87271001342107,34
2009,fsh_len,Male,95,521,0,102.87271001342107,34
2009,fsh_len,Male,97,521,0,102.87271001342107,34
2009,fsh_len,Male,99,521,0,102.87271001342107,34
2009,fsh_len,Sex combined,41,1568,0,118.00713194312642,34
2009,fsh_len,Sex combined,43,1568,0,118.00713194312642,34
2009,fsh_len,Sex combined,45,1568,0,118.00713194312642,34
2009,fsh_len,Sex combined,47,1568,0,118.00713194312642,34
2009,fsh_len,Sex combined,49,1568,0,118.00713194312642,34
2009,fsh_len,Sex combined,51,1568,0.0013,118.00713194312642,34
2009,fsh_len,Sex combined,53,1568,0,118.00713194312642,34
2009,fsh_len,Sex combined,55,1568,6e-4,118.00713194312642,34
2009,fsh_len,Sex combined,57,1568,0.0089,118.00713194312642,34
2009,fsh_len,Sex combined,59,1568,0.0198,118.00713194312642,34
2009,fsh_len,Sex combined,61,1568,0.0306,118.00713194312642,34
2009,fsh_len,Sex combined,63,1568,0.0574,118.00713194312642,34
2009,fsh_len,Sex combined,65,1568,0.0938,118.00713194312642,34
2009,fsh_len,Sex combined,67,1568,0.1103,118.00713194312642,34
2009,fsh_len,Sex combined,69,1568,0.1065,118.00713194312642,34
2009,fsh_len,Sex combined,71,1568,0.1282,118.00713194312642,34
2009,fsh_len,Sex combined,73,1568,0.0976,118.00713194312642,34
2009,fsh_len,Sex combined,75,1568,0.0925,118.00713194312642,34
2009,fsh_len,Sex combined,77,1568,0.0682,118.00713194312642,34
2009,fsh_len,Sex combined,79,1568,0.0529,118.00713194312642,34
2009,fsh_len,Sex combined,81,1568,0.0536,118.00713194312642,34
2009,fsh_len,Sex combined,83,1568,0.0249,118.00713194312642,34
2009,fsh_len,Sex combined,85,1568,0.0159,118.00713194312642,34
2009,fsh_len,Sex combined,87,1568,0.0096,118.00713194312642,34
2009,fsh_len,Sex combined,89,1568,0.007,118.00713194312642,34
2009,fsh_len,Sex combined,91,1568,0.0077,118.00713194312642,34
2009,fsh_len,Sex combined,93,1568,0.0032,118.00713194312642,34
2009,fsh_len,Sex combined,95,1568,0.0038,118.00713194312642,34
2009,fsh_len,Sex combined,97,1568,6e-4,118.00713194312642,34
2009,fsh_len,Sex combined,99,1568,0.0051,118.00713194312642,34
2010,fsh_len,Female,41,995,0,118.00713194312642,35
2010,fsh_len,Female,43,995,0,118.00713194312642,35
2010,fsh_len,Female,45,995,0,118.00713194312642,35
2010,fsh_len,Female,47,995,0,118.00713194312642,35
2010,fsh_len,Female,49,995,0,118.00713194312642,35
2010,fsh_len,Female,51,995,0,118.00713194312642,35
2010,fsh_len,Female,53,995,0.00201,118.00713194312642,35
2010,fsh_len,Female,55,995,0.001005,118.00713194312642,35
2010,fsh_len,Female,57,995,0.003015,118.00713194312642,35
2010,fsh_len,Female,59,995,0.013065,118.00713194312642,35
2010,fsh_len,Female,61,995,0.01005,118.00713194312642,35
2010,fsh_len,Female,63,995,0.026131,118.00713194312642,35
2010,fsh_len,Female,65,995,0.048241,118.00713194312642,35
2010,fsh_len,Female,67,995,0.071357,118.00713194312642,35
2010,fsh_len,Female,69,995,0.103518,118.00713194312642,35
2010,fsh_len,Female,71,995,0.137688,118.00713194312642,35
2010,fsh_len,Female,73,995,0.119598,118.00713194312642,35
2010,fsh_len,Female,75,995,0.109548,118.00713194312642,35
2010,fsh_len,Female,77,995,0.085427,118.00713194312642,35
2010,fsh_len,Female,79,995,0.084422,118.00713194312642,35
2010,fsh_len,Female,81,995,0.061307,118.00713194312642,35
2010,fsh_len,Female,83,995,0.039196,118.00713194312642,35
2010,fsh_len,Female,85,995,0.030151,118.00713194312642,35
2010,fsh_len,Female,87,995,0.019095,118.00713194312642,35
2010,fsh_len,Female,89,995,0.011055,118.00713194312642,35
2010,fsh_len,Female,91,995,0.011055,118.00713194312642,35
2010,fsh_len,Female,93,995,0.00603,118.00713194312642,35
2010,fsh_len,Female,95,995,0.001005,118.00713194312642,35
2010,fsh_len,Female,97,995,0.00201,118.00713194312642,35
2010,fsh_len,Female,99,995,0.00402,118.00713194312642,35
2010,fsh_len,Male,41,550,0,102.87271001342107,35
2010,fsh_len,Male,43,550,0,102.87271001342107,35
2010,fsh_len,Male,45,550,0,102.87271001342107,35
2010,fsh_len,Male,47,550,0,102.87271001342107,35
2010,fsh_len,Male,49,550,0.001818,102.87271001342107,35
2010,fsh_len,Male,51,550,0,102.87271001342107,35
2010,fsh_len,Male,53,550,0.001818,102.87271001342107,35
2010,fsh_len,Male,55,550,0.009091,102.87271001342107,35
2010,fsh_len,Male,57,550,0.014545,102.87271001342107,35
2010,fsh_len,Male,59,550,0.047273,102.87271001342107,35
2010,fsh_len,Male,61,550,0.105455,102.87271001342107,35
2010,fsh_len,Male,63,550,0.121818,102.87271001342107,35
2010,fsh_len,Male,65,550,0.189091,102.87271001342107,35
2010,fsh_len,Male,67,550,0.165455,102.87271001342107,35
2010,fsh_len,Male,69,550,0.125455,102.87271001342107,35
2010,fsh_len,Male,71,550,0.101818,102.87271001342107,35
2010,fsh_len,Male,73,550,0.050909,102.87271001342107,35
2010,fsh_len,Male,75,550,0.04,102.87271001342107,35
2010,fsh_len,Male,77,550,0.010909,102.87271001342107,35
2010,fsh_len,Male,79,550,0.007273,102.87271001342107,35
2010,fsh_len,Male,81,550,0.001818,102.87271001342107,35
2010,fsh_len,Male,83,550,0.001818,102.87271001342107,35
2010,fsh_len,Male,85,550,0.001818,102.87271001342107,35
2010,fsh_len,Male,87,550,0.001818,102.87271001342107,35
2010,fsh_len,Male,89,550,0,102.87271001342107,35
2010,fsh_len,Male,91,550,0,102.87271001342107,35
2010,fsh_len,Male,93,550,0,102.87271001342107,35
2010,fsh_len,Male,95,550,0,102.87271001342107,35
2010,fsh_len,Male,97,550,0,102.87271001342107,35
2010,fsh_len,Male,99,550,0,102.87271001342107,35
2010,fsh_len,Sex combined,41,1545,0,118.00713194312642,35
2010,fsh_len,Sex combined,43,1545,0,118.00713194312642,35
2010,fsh_len,Sex combined,45,1545,0,118.00713194312642,35
2010,fsh_len,Sex combined,47,1545,0,118.00713194312642,35
2010,fsh_len,Sex combined,49,1545,6e-4,118.00713194312642,35
2010,fsh_len,Sex combined,51,1545,0,118.00713194312642,35
2010,fsh_len,Sex combined,53,1545,0.0019,118.00713194312642,35
2010,fsh_len,Sex combined,55,1545,0.0039,118.00713194312642,35
2010,fsh_len,Sex combined,57,1545,0.0071,118.00713194312642,35
2010,fsh_len,Sex combined,59,1545,0.0252,118.00713194312642,35
2010,fsh_len,Sex combined,61,1545,0.044,118.00713194312642,35
2010,fsh_len,Sex combined,63,1545,0.0602,118.00713194312642,35
2010,fsh_len,Sex combined,65,1545,0.0984,118.00713194312642,35
2010,fsh_len,Sex combined,67,1545,0.1049,118.00713194312642,35
2010,fsh_len,Sex combined,69,1545,0.1113,118.00713194312642,35
2010,fsh_len,Sex combined,71,1545,0.1249,118.00713194312642,35
2010,fsh_len,Sex combined,73,1545,0.0951,118.00713194312642,35
2010,fsh_len,Sex combined,75,1545,0.0848,118.00713194312642,35
2010,fsh_len,Sex combined,77,1545,0.0589,118.00713194312642,35
2010,fsh_len,Sex combined,79,1545,0.057,118.00713194312642,35
2010,fsh_len,Sex combined,81,1545,0.0401,118.00713194312642,35
2010,fsh_len,Sex combined,83,1545,0.0259,118.00713194312642,35
2010,fsh_len,Sex combined,85,1545,0.0201,118.00713194312642,35
2010,fsh_len,Sex combined,87,1545,0.0129,118.00713194312642,35
2010,fsh_len,Sex combined,89,1545,0.0071,118.00713194312642,35
2010,fsh_len,Sex combined,91,1545,0.0071,118.00713194312642,35
2010,fsh_len,Sex combined,93,1545,0.0039,118.00713194312642,35
2010,fsh_len,Sex combined,95,1545,6e-4,118.00713194312642,35
2010,fsh_len,Sex combined,97,1545,0.0013,118.00713194312642,35
2010,fsh_len,Sex combined,99,1545,0.0026,118.00713194312642,35
2011,fsh_len,Female,41,924,0,118.00713194312642,36
2011,fsh_len,Female,43,924,0,118.00713194312642,36
2011,fsh_len,Female,45,924,0,118.00713194312642,36
2011,fsh_len,Female,47,924,0,118.00713194312642,36
2011,fsh_len,Female,49,924,0,118.00713194312642,36
2011,fsh_len,Female,51,924,0,118.00713194312642,36
2011,fsh_len,Female,53,924,0,118.00713194312642,36
2011,fsh_len,Female,55,924,0.007576,118.00713194312642,36
2011,fsh_len,Female,57,924,0.004329,118.00713194312642,36
2011,fsh_len,Female,59,924,0.00974,118.00713194312642,36
2011,fsh_len,Female,61,924,0.018398,118.00713194312642,36
2011,fsh_len,Female,63,924,0.02381,118.00713194312642,36
2011,fsh_len,Female,65,924,0.051948,118.00713194312642,36
2011,fsh_len,Female,67,924,0.07684,118.00713194312642,36
2011,fsh_len,Female,69,924,0.101732,118.00713194312642,36
2011,fsh_len,Female,71,924,0.137446,118.00713194312642,36
2011,fsh_len,Female,73,924,0.130952,118.00713194312642,36
2011,fsh_len,Female,75,924,0.102814,118.00713194312642,36
2011,fsh_len,Female,77,924,0.077922,118.00713194312642,36
2011,fsh_len,Female,79,924,0.057359,118.00713194312642,36
2011,fsh_len,Female,81,924,0.05303,118.00713194312642,36
2011,fsh_len,Female,83,924,0.046537,118.00713194312642,36
2011,fsh_len,Female,85,924,0.022727,118.00713194312642,36
2011,fsh_len,Female,87,924,0.028139,118.00713194312642,36
2011,fsh_len,Female,89,924,0.016234,118.00713194312642,36
2011,fsh_len,Female,91,924,0.010823,118.00713194312642,36
2011,fsh_len,Female,93,924,0.011905,118.00713194312642,36
2011,fsh_len,Female,95,924,0.001082,118.00713194312642,36
2011,fsh_len,Female,97,924,0.002165,118.00713194312642,36
2011,fsh_len,Female,99,924,0.006494,118.00713194312642,36
2011,fsh_len,Male,41,550,0,102.87271001342107,36
2011,fsh_len,Male,43,550,0,102.87271001342107,36
2011,fsh_len,Male,45,550,0,102.87271001342107,36
2011,fsh_len,Male,47,550,0,102.87271001342107,36
2011,fsh_len,Male,49,550,0,102.87271001342107,36
2011,fsh_len,Male,51,550,0,102.87271001342107,36
2011,fsh_len,Male,53,550,0.003636,102.87271001342107,36
2011,fsh_len,Male,55,550,0.005455,102.87271001342107,36
2011,fsh_len,Male,57,550,0.023636,102.87271001342107,36
2011,fsh_len,Male,59,550,0.04,102.87271001342107,36
2011,fsh_len,Male,61,550,0.065455,102.87271001342107,36
2011,fsh_len,Male,63,550,0.16,102.87271001342107,36
2011,fsh_len,Male,65,550,0.178182,102.87271001342107,36
2011,fsh_len,Male,67,550,0.165455,102.87271001342107,36
2011,fsh_len,Male,69,550,0.161818,102.87271001342107,36
2011,fsh_len,Male,71,550,0.072727,102.87271001342107,36
2011,fsh_len,Male,73,550,0.043636,102.87271001342107,36
2011,fsh_len,Male,75,550,0.04,102.87271001342107,36
2011,fsh_len,Male,77,550,0.018182,102.87271001342107,36
2011,fsh_len,Male,79,550,0.010909,102.87271001342107,36
2011,fsh_len,Male,81,550,0.003636,102.87271001342107,36
2011,fsh_len,Male,83,550,0.003636,102.87271001342107,36
2011,fsh_len,Male,85,550,0.001818,102.87271001342107,36
2011,fsh_len,Male,87,550,0,102.87271001342107,36
2011,fsh_len,Male,89,550,0.001818,102.87271001342107,36
2011,fsh_len,Male,91,550,0,102.87271001342107,36
2011,fsh_len,Male,93,550,0,102.87271001342107,36
2011,fsh_len,Male,95,550,0,102.87271001342107,36
2011,fsh_len,Male,97,550,0,102.87271001342107,36
2011,fsh_len,Male,99,550,0,102.87271001342107,36
2011,fsh_len,Sex combined,41,1474,0,118.00713194312642,36
2011,fsh_len,Sex combined,43,1474,0,118.00713194312642,36
2011,fsh_len,Sex combined,45,1474,0,118.00713194312642,36
2011,fsh_len,Sex combined,47,1474,0,118.00713194312642,36
2011,fsh_len,Sex combined,49,1474,0,118.00713194312642,36
2011,fsh_len,Sex combined,51,1474,0,118.00713194312642,36
2011,fsh_len,Sex combined,53,1474,0.0014,118.00713194312642,36
2011,fsh_len,Sex combined,55,1474,0.0068,118.00713194312642,36
2011,fsh_len,Sex combined,57,1474,0.0115,118.00713194312642,36
2011,fsh_len,Sex combined,59,1474,0.021,118.00713194312642,36
2011,fsh_len,Sex combined,61,1474,0.036,118.00713194312642,36
2011,fsh_len,Sex combined,63,1474,0.0746,118.00713194312642,36
2011,fsh_len,Sex combined,65,1474,0.0991,118.00713194312642,36
2011,fsh_len,Sex combined,67,1474,0.1099,118.00713194312642,36
2011,fsh_len,Sex combined,69,1474,0.1242,118.00713194312642,36
2011,fsh_len,Sex combined,71,1474,0.1133,118.00713194312642,36
2011,fsh_len,Sex combined,73,1474,0.0984,118.00713194312642,36
2011,fsh_len,Sex combined,75,1474,0.0794,118.00713194312642,36
2011,fsh_len,Sex combined,77,1474,0.0556,118.00713194312642,36
2011,fsh_len,Sex combined,79,1474,0.04,118.00713194312642,36
2011,fsh_len,Sex combined,81,1474,0.0346,118.00713194312642,36
2011,fsh_len,Sex combined,83,1474,0.0305,118.00713194312642,36
2011,fsh_len,Sex combined,85,1474,0.0149,118.00713194312642,36
2011,fsh_len,Sex combined,87,1474,0.0176,118.00713194312642,36
2011,fsh_len,Sex combined,89,1474,0.0109,118.00713194312642,36
2011,fsh_len,Sex combined,91,1474,0.0068,118.00713194312642,36
2011,fsh_len,Sex combined,93,1474,0.0075,118.00713194312642,36
2011,fsh_len,Sex combined,95,1474,7e-4,118.00713194312642,36
2011,fsh_len,Sex combined,97,1474,0.0014,118.00713194312642,36
2011,fsh_len,Sex combined,99,1474,0.0041,118.00713194312642,36
2012,fsh_len,Female,41,931,0,118.00713194312642,37
2012,fsh_len,Female,43,931,0,118.00713194312642,37
2012,fsh_len,Female,45,931,0,118.00713194312642,37
2012,fsh_len,Female,47,931,0,118.00713194312642,37
2012,fsh_len,Female,49,931,0,118.00713194312642,37
2012,fsh_len,Female,51,931,0,118.00713194312642,37
2012,fsh_len,Female,53,931,0,118.00713194312642,37
2012,fsh_len,Female,55,931,0.007519,118.00713194312642,37
2012,fsh_len,Female,57,931,0.005371,118.00713194312642,37
2012,fsh_len,Female,59,931,0.010741,118.00713194312642,37
2012,fsh_len,Female,61,931,0.019334,118.00713194312642,37
2012,fsh_len,Female,63,931,0.039742,118.00713194312642,37
2012,fsh_len,Female,65,931,0.042965,118.00713194312642,37
2012,fsh_len,Female,67,931,0.077336,118.00713194312642,37
2012,fsh_len,Female,69,931,0.097744,118.00713194312642,37
2012,fsh_len,Female,71,931,0.131042,118.00713194312642,37
2012,fsh_len,Female,73,931,0.119227,118.00713194312642,37
2012,fsh_len,Female,75,931,0.10956,118.00713194312642,37
2012,fsh_len,Female,77,931,0.092374,118.00713194312642,37
2012,fsh_len,Female,79,931,0.083781,118.00713194312642,37
2012,fsh_len,Female,81,931,0.05478,118.00713194312642,37
2012,fsh_len,Female,83,931,0.03652,118.00713194312642,37
2012,fsh_len,Female,85,931,0.027927,118.00713194312642,37
2012,fsh_len,Female,87,931,0.016112,118.00713194312642,37
2012,fsh_len,Female,89,931,0.008593,118.00713194312642,37
2012,fsh_len,Female,91,931,0.009667,118.00713194312642,37
2012,fsh_len,Female,93,931,0.003222,118.00713194312642,37
2012,fsh_len,Female,95,931,0.005371,118.00713194312642,37
2012,fsh_len,Female,97,931,0.001074,118.00713194312642,37
2012,fsh_len,Female,99,931,0,118.00713194312642,37
2012,fsh_len,Male,41,605,0,102.87271001342107,37
2012,fsh_len,Male,43,605,0,102.87271001342107,37
2012,fsh_len,Male,45,605,0,102.87271001342107,37
2012,fsh_len,Male,47,605,0,102.87271001342107,37
2012,fsh_len,Male,49,605,0,102.87271001342107,37
2012,fsh_len,Male,51,605,0,102.87271001342107,37
2012,fsh_len,Male,53,605,0.003306,102.87271001342107,37
2012,fsh_len,Male,55,605,0.009917,102.87271001342107,37
2012,fsh_len,Male,57,605,0.019835,102.87271001342107,37
2012,fsh_len,Male,59,605,0.052893,102.87271001342107,37
2012,fsh_len,Male,61,605,0.094215,102.87271001342107,37
2012,fsh_len,Male,63,605,0.142149,102.87271001342107,37
2012,fsh_len,Male,65,605,0.175207,102.87271001342107,37
2012,fsh_len,Male,67,605,0.183471,102.87271001342107,37
2012,fsh_len,Male,69,605,0.130579,102.87271001342107,37
2012,fsh_len,Male,71,605,0.100826,102.87271001342107,37
2012,fsh_len,Male,73,605,0.036364,102.87271001342107,37
2012,fsh_len,Male,75,605,0.029752,102.87271001342107,37
2012,fsh_len,Male,77,605,0.013223,102.87271001342107,37
2012,fsh_len,Male,79,605,0.001653,102.87271001342107,37
2012,fsh_len,Male,81,605,0.001653,102.87271001342107,37
2012,fsh_len,Male,83,605,0.001653,102.87271001342107,37
2012,fsh_len,Male,85,605,0.001653,102.87271001342107,37
2012,fsh_len,Male,87,605,0,102.87271001342107,37
2012,fsh_len,Male,89,605,0,102.87271001342107,37
2012,fsh_len,Male,91,605,0.001653,102.87271001342107,37
2012,fsh_len,Male,93,605,0,102.87271001342107,37
2012,fsh_len,Male,95,605,0,102.87271001342107,37
2012,fsh_len,Male,97,605,0,102.87271001342107,37
2012,fsh_len,Male,99,605,0,102.87271001342107,37
2012,fsh_len,Sex combined,41,1536,0,118.00713194312642,37
2012,fsh_len,Sex combined,43,1536,0,118.00713194312642,37
2012,fsh_len,Sex combined,45,1536,0,118.00713194312642,37
2012,fsh_len,Sex combined,47,1536,0,118.00713194312642,37
2012,fsh_len,Sex combined,49,1536,0,118.00713194312642,37
2012,fsh_len,Sex combined,51,1536,0,118.00713194312642,37
2012,fsh_len,Sex combined,53,1536,0.0013,118.00713194312642,37
2012,fsh_len,Sex combined,55,1536,0.0085,118.00713194312642,37
2012,fsh_len,Sex combined,57,1536,0.0111,118.00713194312642,37
2012,fsh_len,Sex combined,59,1536,0.0273,118.00713194312642,37
2012,fsh_len,Sex combined,61,1536,0.0488,118.00713194312642,37
2012,fsh_len,Sex combined,63,1536,0.0801,118.00713194312642,37
2012,fsh_len,Sex combined,65,1536,0.0951,118.00713194312642,37
2012,fsh_len,Sex combined,67,1536,0.1191,118.00713194312642,37
2012,fsh_len,Sex combined,69,1536,0.1107,118.00713194312642,37
2012,fsh_len,Sex combined,71,1536,0.1191,118.00713194312642,37
2012,fsh_len,Sex combined,73,1536,0.0866,118.00713194312642,37
2012,fsh_len,Sex combined,75,1536,0.0781,118.00713194312642,37
2012,fsh_len,Sex combined,77,1536,0.0612,118.00713194312642,37
2012,fsh_len,Sex combined,79,1536,0.0514,118.00713194312642,37
2012,fsh_len,Sex combined,81,1536,0.0339,118.00713194312642,37
2012,fsh_len,Sex combined,83,1536,0.0228,118.00713194312642,37
2012,fsh_len,Sex combined,85,1536,0.0176,118.00713194312642,37
2012,fsh_len,Sex combined,87,1536,0.0098,118.00713194312642,37
2012,fsh_len,Sex combined,89,1536,0.0052,118.00713194312642,37
2012,fsh_len,Sex combined,91,1536,0.0065,118.00713194312642,37
2012,fsh_len,Sex combined,93,1536,0.002,118.00713194312642,37
2012,fsh_len,Sex combined,95,1536,0.0033,118.00713194312642,37
2012,fsh_len,Sex combined,97,1536,7e-4,118.00713194312642,37
2012,fsh_len,Sex combined,99,1536,0,118.00713194312642,37
2013,fsh_len,Female,41,716,0,118.00713194312642,38
2013,fsh_len,Female,43,716,0,118.00713194312642,38
2013,fsh_len,Female,45,716,0,118.00713194312642,38
2013,fsh_len,Female,47,716,0,118.00713194312642,38
2013,fsh_len,Female,49,716,0,118.00713194312642,38
2013,fsh_len,Female,51,716,0.001397,118.00713194312642,38
2013,fsh_len,Female,53,716,0.001397,118.00713194312642,38
2013,fsh_len,Female,55,716,0.009777,118.00713194312642,38
2013,fsh_len,Female,57,716,0.015363,118.00713194312642,38
2013,fsh_len,Female,59,716,0.022346,118.00713194312642,38
2013,fsh_len,Female,61,716,0.02933,118.00713194312642,38
2013,fsh_len,Female,63,716,0.053073,118.00713194312642,38
2013,fsh_len,Female,65,716,0.060056,118.00713194312642,38
2013,fsh_len,Female,67,716,0.076816,118.00713194312642,38
2013,fsh_len,Female,69,716,0.090782,118.00713194312642,38
2013,fsh_len,Female,71,716,0.117318,118.00713194312642,38
2013,fsh_len,Female,73,716,0.100559,118.00713194312642,38
2013,fsh_len,Female,75,716,0.086592,118.00713194312642,38
2013,fsh_len,Female,77,716,0.085196,118.00713194312642,38
2013,fsh_len,Female,79,716,0.055866,118.00713194312642,38
2013,fsh_len,Female,81,716,0.060056,118.00713194312642,38
2013,fsh_len,Female,83,716,0.039106,118.00713194312642,38
2013,fsh_len,Female,85,716,0.019553,118.00713194312642,38
2013,fsh_len,Female,87,716,0.02933,118.00713194312642,38
2013,fsh_len,Female,89,716,0.013966,118.00713194312642,38
2013,fsh_len,Female,91,716,0.013966,118.00713194312642,38
2013,fsh_len,Female,93,716,0.00419,118.00713194312642,38
2013,fsh_len,Female,95,716,0.006983,118.00713194312642,38
2013,fsh_len,Female,97,716,0.00419,118.00713194312642,38
2013,fsh_len,Female,99,716,0.002793,118.00713194312642,38
2013,fsh_len,Male,41,682,0,102.87271001342107,38
2013,fsh_len,Male,43,682,0,102.87271001342107,38
2013,fsh_len,Male,45,682,0,102.87271001342107,38
2013,fsh_len,Male,47,682,0,102.87271001342107,38
2013,fsh_len,Male,49,682,0.001466,102.87271001342107,38
2013,fsh_len,Male,51,682,0.004399,102.87271001342107,38
2013,fsh_len,Male,53,682,0.008798,102.87271001342107,38
2013,fsh_len,Male,55,682,0.021994,102.87271001342107,38
2013,fsh_len,Male,57,682,0.024927,102.87271001342107,38
2013,fsh_len,Male,59,682,0.058651,102.87271001342107,38
2013,fsh_len,Male,61,682,0.087977,102.87271001342107,38
2013,fsh_len,Male,63,682,0.18915,102.87271001342107,38
2013,fsh_len,Male,65,682,0.171554,102.87271001342107,38
2013,fsh_len,Male,67,682,0.178886,102.87271001342107,38
2013,fsh_len,Male,69,682,0.099707,102.87271001342107,38
2013,fsh_len,Male,71,682,0.067449,102.87271001342107,38
2013,fsh_len,Male,73,682,0.033724,102.87271001342107,38
2013,fsh_len,Male,75,682,0.027859,102.87271001342107,38
2013,fsh_len,Male,77,682,0.013196,102.87271001342107,38
2013,fsh_len,Male,79,682,0.004399,102.87271001342107,38
2013,fsh_len,Male,81,682,0.001466,102.87271001342107,38
2013,fsh_len,Male,83,682,0.001466,102.87271001342107,38
2013,fsh_len,Male,85,682,0.001466,102.87271001342107,38
2013,fsh_len,Male,87,682,0.001466,102.87271001342107,38
2013,fsh_len,Male,89,682,0,102.87271001342107,38
2013,fsh_len,Male,91,682,0,102.87271001342107,38
2013,fsh_len,Male,93,682,0,102.87271001342107,38
2013,fsh_len,Male,95,682,0,102.87271001342107,38
2013,fsh_len,Male,97,682,0,102.87271001342107,38
2013,fsh_len,Male,99,682,0,102.87271001342107,38
2013,fsh_len,Sex combined,41,1398,0,118.00713194312642,38
2013,fsh_len,Sex combined,43,1398,0,118.00713194312642,38
2013,fsh_len,Sex combined,45,1398,0,118.00713194312642,38
2013,fsh_len,Sex combined,47,1398,0,118.00713194312642,38
2013,fsh_len,Sex combined,49,1398,7e-4,118.00713194312642,38
2013,fsh_len,Sex combined,51,1398,0.0029,118.00713194312642,38
2013,fsh_len,Sex combined,53,1398,0.005,118.00713194312642,38
2013,fsh_len,Sex combined,55,1398,0.0157,118.00713194312642,38
2013,fsh_len,Sex combined,57,1398,0.02,118.00713194312642,38
2013,fsh_len,Sex combined,59,1398,0.0401,118.00713194312642,38
2013,fsh_len,Sex combined,61,1398,0.0579,118.00713194312642,38
2013,fsh_len,Sex combined,63,1398,0.1195,118.00713194312642,38
2013,fsh_len,Sex combined,65,1398,0.1144,118.00713194312642,38
2013,fsh_len,Sex combined,67,1398,0.1266,118.00713194312642,38
2013,fsh_len,Sex combined,69,1398,0.0951,118.00713194312642,38
2013,fsh_len,Sex combined,71,1398,0.093,118.00713194312642,38
2013,fsh_len,Sex combined,73,1398,0.068,118.00713194312642,38
2013,fsh_len,Sex combined,75,1398,0.0579,118.00713194312642,38
2013,fsh_len,Sex combined,77,1398,0.0501,118.00713194312642,38
2013,fsh_len,Sex combined,79,1398,0.0308,118.00713194312642,38
2013,fsh_len,Sex combined,81,1398,0.0315,118.00713194312642,38
2013,fsh_len,Sex combined,83,1398,0.0207,118.00713194312642,38
2013,fsh_len,Sex combined,85,1398,0.0107,118.00713194312642,38
2013,fsh_len,Sex combined,87,1398,0.0157,118.00713194312642,38
2013,fsh_len,Sex combined,89,1398,0.0072,118.00713194312642,38
2013,fsh_len,Sex combined,91,1398,0.0072,118.00713194312642,38
2013,fsh_len,Sex combined,93,1398,0.0021,118.00713194312642,38
2013,fsh_len,Sex combined,95,1398,0.0036,118.00713194312642,38
2013,fsh_len,Sex combined,97,1398,0.0021,118.00713194312642,38
2013,fsh_len,Sex combined,99,1398,0.0014,118.00713194312642,38
2014,fsh_len,Female,41,786,0,118.00713194312642,39
2014,fsh_len,Female,43,786,0,118.00713194312642,39
2014,fsh_len,Female,45,786,0,118.00713194312642,39
2014,fsh_len,Female,47,786,0,118.00713194312642,39
2014,fsh_len,Female,49,786,0.001272,118.00713194312642,39
2014,fsh_len,Female,51,786,0.001272,118.00713194312642,39
2014,fsh_len,Female,53,786,0.001272,118.00713194312642,39
2014,fsh_len,Female,55,786,0.007634,118.00713194312642,39
2014,fsh_len,Female,57,786,0.007634,118.00713194312642,39
2014,fsh_len,Female,59,786,0.007634,118.00713194312642,39
2014,fsh_len,Female,61,786,0.021628,118.00713194312642,39
2014,fsh_len,Female,63,786,0.045802,118.00713194312642,39
2014,fsh_len,Female,65,786,0.045802,118.00713194312642,39
2014,fsh_len,Female,67,786,0.063613,118.00713194312642,39
2014,fsh_len,Female,69,786,0.077608,118.00713194312642,39
2014,fsh_len,Female,71,786,0.100509,118.00713194312642,39
2014,fsh_len,Female,73,786,0.115776,118.00713194312642,39
2014,fsh_len,Female,75,786,0.100509,118.00713194312642,39
2014,fsh_len,Female,77,786,0.083969,118.00713194312642,39
2014,fsh_len,Female,79,786,0.069975,118.00713194312642,39
2014,fsh_len,Female,81,786,0.062341,118.00713194312642,39
2014,fsh_len,Female,83,786,0.045802,118.00713194312642,39
2014,fsh_len,Female,85,786,0.045802,118.00713194312642,39
2014,fsh_len,Female,87,786,0.026718,118.00713194312642,39
2014,fsh_len,Female,89,786,0.02799,118.00713194312642,39
2014,fsh_len,Female,91,786,0.019084,118.00713194312642,39
2014,fsh_len,Female,93,786,0.005089,118.00713194312642,39
2014,fsh_len,Female,95,786,0.005089,118.00713194312642,39
2014,fsh_len,Female,97,786,0.003817,118.00713194312642,39
2014,fsh_len,Female,99,786,0.006361,118.00713194312642,39
2014,fsh_len,Male,41,568,0,102.87271001342107,39
2014,fsh_len,Male,43,568,0,102.87271001342107,39
2014,fsh_len,Male,45,568,0,102.87271001342107,39
2014,fsh_len,Male,47,568,0,102.87271001342107,39
2014,fsh_len,Male,49,568,0,102.87271001342107,39
2014,fsh_len,Male,51,568,0,102.87271001342107,39
2014,fsh_len,Male,53,568,0.001761,102.87271001342107,39
2014,fsh_len,Male,55,568,0.003521,102.87271001342107,39
2014,fsh_len,Male,57,568,0.010563,102.87271001342107,39
2014,fsh_len,Male,59,568,0.036972,102.87271001342107,39
2014,fsh_len,Male,61,568,0.09331,102.87271001342107,39
2014,fsh_len,Male,63,568,0.139085,102.87271001342107,39
2014,fsh_len,Male,65,568,0.174296,102.87271001342107,39
2014,fsh_len,Male,67,568,0.172535,102.87271001342107,39
2014,fsh_len,Male,69,568,0.146127,102.87271001342107,39
2014,fsh_len,Male,71,568,0.09331,102.87271001342107,39
2014,fsh_len,Male,73,568,0.059859,102.87271001342107,39
2014,fsh_len,Male,75,568,0.035211,102.87271001342107,39
2014,fsh_len,Male,77,568,0.015845,102.87271001342107,39
2014,fsh_len,Male,79,568,0.008803,102.87271001342107,39
2014,fsh_len,Male,81,568,0,102.87271001342107,39
2014,fsh_len,Male,83,568,0.003521,102.87271001342107,39
2014,fsh_len,Male,85,568,0,102.87271001342107,39
2014,fsh_len,Male,87,568,0.001761,102.87271001342107,39
2014,fsh_len,Male,89,568,0.001761,102.87271001342107,39
2014,fsh_len,Male,91,568,0,102.87271001342107,39
2014,fsh_len,Male,93,568,0,102.87271001342107,39
2014,fsh_len,Male,95,568,0.001761,102.87271001342107,39
2014,fsh_len,Male,97,568,0,102.87271001342107,39
2014,fsh_len,Male,99,568,0,102.87271001342107,39
2014,fsh_len,Sex combined,41,1354,0,118.00713194312642,39
2014,fsh_len,Sex combined,43,1354,0,118.00713194312642,39
2014,fsh_len,Sex combined,45,1354,0,118.00713194312642,39
2014,fsh_len,Sex combined,47,1354,0,118.00713194312642,39
2014,fsh_len,Sex combined,49,1354,7e-4,118.00713194312642,39
2014,fsh_len,Sex combined,51,1354,7e-4,118.00713194312642,39
2014,fsh_len,Sex combined,53,1354,0.0015,118.00713194312642,39
2014,fsh_len,Sex combined,55,1354,0.0059,118.00713194312642,39
2014,fsh_len,Sex combined,57,1354,0.0089,118.00713194312642,39
2014,fsh_len,Sex combined,59,1354,0.0199,118.00713194312642,39
2014,fsh_len,Sex combined,61,1354,0.0517,118.00713194312642,39
2014,fsh_len,Sex combined,63,1354,0.0849,118.00713194312642,39
2014,fsh_len,Sex combined,65,1354,0.0997,118.00713194312642,39
2014,fsh_len,Sex combined,67,1354,0.1093,118.00713194312642,39
2014,fsh_len,Sex combined,69,1354,0.1064,118.00713194312642,39
2014,fsh_len,Sex combined,71,1354,0.0975,118.00713194312642,39
2014,fsh_len,Sex combined,73,1354,0.0923,118.00713194312642,39
2014,fsh_len,Sex combined,75,1354,0.0731,118.00713194312642,39
2014,fsh_len,Sex combined,77,1354,0.0554,118.00713194312642,39
2014,fsh_len,Sex combined,79,1354,0.0443,118.00713194312642,39
2014,fsh_len,Sex combined,81,1354,0.0362,118.00713194312642,39
2014,fsh_len,Sex combined,83,1354,0.0281,118.00713194312642,39
2014,fsh_len,Sex combined,85,1354,0.0266,118.00713194312642,39
2014,fsh_len,Sex combined,87,1354,0.0162,118.00713194312642,39
2014,fsh_len,Sex combined,89,1354,0.017,118.00713194312642,39
2014,fsh_len,Sex combined,91,1354,0.0111,118.00713194312642,39
2014,fsh_len,Sex combined,93,1354,0.003,118.00713194312642,39
2014,fsh_len,Sex combined,95,1354,0.0037,118.00713194312642,39
2014,fsh_len,Sex combined,97,1354,0.0022,118.00713194312642,39
2014,fsh_len,Sex combined,99,1354,0.0037,118.00713194312642,39
2015,fsh_len,Female,41,758,0,118.00713194312642,40
2015,fsh_len,Female,43,758,0,118.00713194312642,40
2015,fsh_len,Female,45,758,0,118.00713194312642,40
2015,fsh_len,Female,47,758,0.001319,118.00713194312642,40
2015,fsh_len,Female,49,758,0,118.00713194312642,40
2015,fsh_len,Female,51,758,0.002639,118.00713194312642,40
2015,fsh_len,Female,53,758,0.010554,118.00713194312642,40
2015,fsh_len,Female,55,758,0.003958,118.00713194312642,40
2015,fsh_len,Female,57,758,0.011873,118.00713194312642,40
2015,fsh_len,Female,59,758,0.009235,118.00713194312642,40
2015,fsh_len,Female,61,758,0.014512,118.00713194312642,40
2015,fsh_len,Female,63,758,0.038259,118.00713194312642,40
2015,fsh_len,Female,65,758,0.058047,118.00713194312642,40
2015,fsh_len,Female,67,758,0.080475,118.00713194312642,40
2015,fsh_len,Female,69,758,0.108179,118.00713194312642,40
2015,fsh_len,Female,71,758,0.080475,118.00713194312642,40
2015,fsh_len,Female,73,758,0.094987,118.00713194312642,40
2015,fsh_len,Female,75,758,0.091029,118.00713194312642,40
2015,fsh_len,Female,77,758,0.064644,118.00713194312642,40
2015,fsh_len,Female,79,758,0.064644,118.00713194312642,40
2015,fsh_len,Female,81,758,0.083113,118.00713194312642,40
2015,fsh_len,Female,83,758,0.050132,118.00713194312642,40
2015,fsh_len,Female,85,758,0.043536,118.00713194312642,40
2015,fsh_len,Female,87,758,0.029024,118.00713194312642,40
2015,fsh_len,Female,89,758,0.010554,118.00713194312642,40
2015,fsh_len,Female,91,758,0.023747,118.00713194312642,40
2015,fsh_len,Female,93,758,0.003958,118.00713194312642,40
2015,fsh_len,Female,95,758,0.006596,118.00713194312642,40
2015,fsh_len,Female,97,758,0.003958,118.00713194312642,40
2015,fsh_len,Female,99,758,0.010554,118.00713194312642,40
2015,fsh_len,Male,41,451,0,102.87271001342107,40
2015,fsh_len,Male,43,451,0,102.87271001342107,40
2015,fsh_len,Male,45,451,0,102.87271001342107,40
2015,fsh_len,Male,47,451,0,102.87271001342107,40
2015,fsh_len,Male,49,451,0,102.87271001342107,40
2015,fsh_len,Male,51,451,0.002217,102.87271001342107,40
2015,fsh_len,Male,53,451,0.002217,102.87271001342107,40
2015,fsh_len,Male,55,451,0.004435,102.87271001342107,40
2015,fsh_len,Male,57,451,0.026608,102.87271001342107,40
2015,fsh_len,Male,59,451,0.039911,102.87271001342107,40
2015,fsh_len,Male,61,451,0.066519,102.87271001342107,40
2015,fsh_len,Male,63,451,0.119734,102.87271001342107,40
2015,fsh_len,Male,65,451,0.148559,102.87271001342107,40
2015,fsh_len,Male,67,451,0.18847,102.87271001342107,40
2015,fsh_len,Male,69,451,0.13969,102.87271001342107,40
2015,fsh_len,Male,71,451,0.115299,102.87271001342107,40
2015,fsh_len,Male,73,451,0.064302,102.87271001342107,40
2015,fsh_len,Male,75,451,0.026608,102.87271001342107,40
2015,fsh_len,Male,77,451,0.02217299999999999,102.87271001342107,40
2015,fsh_len,Male,79,451,0.013304,102.87271001342107,40
2015,fsh_len,Male,81,451,0.008869,102.87271001342107,40
2015,fsh_len,Male,83,451,0.002217,102.87271001342107,40
2015,fsh_len,Male,85,451,0,102.87271001342107,40
2015,fsh_len,Male,87,451,0.006652,102.87271001342107,40
2015,fsh_len,Male,89,451,0,102.87271001342107,40
2015,fsh_len,Male,91,451,0,102.87271001342107,40
2015,fsh_len,Male,93,451,0,102.87271001342107,40
2015,fsh_len,Male,95,451,0.002217,102.87271001342107,40
2015,fsh_len,Male,97,451,0,102.87271001342107,40
2015,fsh_len,Male,99,451,0,102.87271001342107,40
2015,fsh_len,Sex combined,41,1209,0,118.00713194312642,40
2015,fsh_len,Sex combined,43,1209,0,118.00713194312642,40
2015,fsh_len,Sex combined,45,1209,0,118.00713194312642,40
2015,fsh_len,Sex combined,47,1209,8e-4,118.00713194312642,40
2015,fsh_len,Sex combined,49,1209,0,118.00713194312642,40
2015,fsh_len,Sex combined,51,1209,0.0025,118.00713194312642,40
2015,fsh_len,Sex combined,53,1209,0.0074,118.00713194312642,40
2015,fsh_len,Sex combined,55,1209,0.0041,118.00713194312642,40
2015,fsh_len,Sex combined,57,1209,0.0174,118.00713194312642,40
2015,fsh_len,Sex combined,59,1209,0.0207,118.00713194312642,40
2015,fsh_len,Sex combined,61,1209,0.0339,118.00713194312642,40
2015,fsh_len,Sex combined,63,1209,0.0687,118.00713194312642,40
2015,fsh_len,Sex combined,65,1209,0.0918,118.00713194312642,40
2015,fsh_len,Sex combined,67,1209,0.1208,118.00713194312642,40
2015,fsh_len,Sex combined,69,1209,0.1199,118.00713194312642,40
2015,fsh_len,Sex combined,71,1209,0.0935,118.00713194312642,40
2015,fsh_len,Sex combined,73,1209,0.0835,118.00713194312642,40
2015,fsh_len,Sex combined,75,1209,0.067,118.00713194312642,40
2015,fsh_len,Sex combined,77,1209,0.0488,118.00713194312642,40
2015,fsh_len,Sex combined,79,1209,0.0455,118.00713194312642,40
2015,fsh_len,Sex combined,81,1209,0.0554,118.00713194312642,40
2015,fsh_len,Sex combined,83,1209,0.0323,118.00713194312642,40
2015,fsh_len,Sex combined,85,1209,0.0273,118.00713194312642,40
2015,fsh_len,Sex combined,87,1209,0.0207,118.00713194312642,40
2015,fsh_len,Sex combined,89,1209,0.0066,118.00713194312642,40
2015,fsh_len,Sex combined,91,1209,0.0149,118.00713194312642,40
2015,fsh_len,Sex combined,93,1209,0.0025,118.00713194312642,40
2015,fsh_len,Sex combined,95,1209,0.005,118.00713194312642,40
2015,fsh_len,Sex combined,97,1209,0.0025,118.00713194312642,40
2015,fsh_len,Sex combined,99,1209,0.0066,118.00713194312642,40
2016,fsh_len,Female,41,930,0,118.00713194312642,41
2016,fsh_len,Female,43,930,0,118.00713194312642,41
2016,fsh_len,Female,45,930,0,118.00713194312642,41
2016,fsh_len,Female,47,930,0.001075,118.00713194312642,41
2016,fsh_len,Female,49,930,0,118.00713194312642,41
2016,fsh_len,Female,51,930,0,118.00713194312642,41
2016,fsh_len,Female,53,930,0.003226,118.00713194312642,41
2016,fsh_len,Female,55,930,0.005376,118.00713194312642,41
2016,fsh_len,Female,57,930,0.004301,118.00713194312642,41
2016,fsh_len,Female,59,930,0.012903,118.00713194312642,41
2016,fsh_len,Female,61,930,0.016129,118.00713194312642,41
2016,fsh_len,Female,63,930,0.031183,118.00713194312642,41
2016,fsh_len,Female,65,930,0.063441,118.00713194312642,41
2016,fsh_len,Female,67,930,0.056989,118.00713194312642,41
2016,fsh_len,Female,69,930,0.077419,118.00713194312642,41
2016,fsh_len,Female,71,930,0.088172,118.00713194312642,41
2016,fsh_len,Female,73,930,0.093548,118.00713194312642,41
2016,fsh_len,Female,75,930,0.082796,118.00713194312642,41
2016,fsh_len,Female,77,930,0.072043,118.00713194312642,41
2016,fsh_len,Female,79,930,0.075269,118.00713194312642,41
2016,fsh_len,Female,81,930,0.074194,118.00713194312642,41
2016,fsh_len,Female,83,930,0.056989,118.00713194312642,41
2016,fsh_len,Female,85,930,0.050538,118.00713194312642,41
2016,fsh_len,Female,87,930,0.047312,118.00713194312642,41
2016,fsh_len,Female,89,930,0.023656,118.00713194312642,41
2016,fsh_len,Female,91,930,0.01828,118.00713194312642,41
2016,fsh_len,Female,93,930,0.013978,118.00713194312642,41
2016,fsh_len,Female,95,930,0.008602,118.00713194312642,41
2016,fsh_len,Female,97,930,0.010753,118.00713194312642,41
2016,fsh_len,Female,99,930,0.011828,118.00713194312642,41
2016,fsh_len,Male,41,518,0,102.87271001342107,41
2016,fsh_len,Male,43,518,0.001931,102.87271001342107,41
2016,fsh_len,Male,45,518,0.001931,102.87271001342107,41
2016,fsh_len,Male,47,518,0,102.87271001342107,41
2016,fsh_len,Male,49,518,0,102.87271001342107,41
2016,fsh_len,Male,51,518,0.013514,102.87271001342107,41
2016,fsh_len,Male,53,518,0.005792,102.87271001342107,41
2016,fsh_len,Male,55,518,0.015444,102.87271001342107,41
2016,fsh_len,Male,57,518,0.009653,102.87271001342107,41
2016,fsh_len,Male,59,518,0.034749,102.87271001342107,41
2016,fsh_len,Male,61,518,0.088803000000000007,102.87271001342107,41
2016,fsh_len,Male,63,518,0.138996,102.87271001342107,41
2016,fsh_len,Male,65,518,0.156371,102.87271001342107,41
2016,fsh_len,Male,67,518,0.167954,102.87271001342107,41
2016,fsh_len,Male,69,518,0.135135,102.87271001342107,41
2016,fsh_len,Male,71,518,0.1139,102.87271001342107,41
2016,fsh_len,Male,73,518,0.050193,102.87271001342107,41
2016,fsh_len,Male,75,518,0.028958,102.87271001342107,41
2016,fsh_len,Male,77,518,0.017375,102.87271001342107,41
2016,fsh_len,Male,79,518,0.005792,102.87271001342107,41
2016,fsh_len,Male,81,518,0.005792,102.87271001342107,41
2016,fsh_len,Male,83,518,0.003861,102.87271001342107,41
2016,fsh_len,Male,85,518,0.003861,102.87271001342107,41
2016,fsh_len,Male,87,518,0,102.87271001342107,41
2016,fsh_len,Male,89,518,0,102.87271001342107,41
2016,fsh_len,Male,91,518,0,102.87271001342107,41
2016,fsh_len,Male,93,518,0,102.87271001342107,41
2016,fsh_len,Male,95,518,0,102.87271001342107,41
2016,fsh_len,Male,97,518,0,102.87271001342107,41
2016,fsh_len,Male,99,518,0,102.87271001342107,41
2016,fsh_len,Sex combined,41,1448,0,118.00713194312642,41
2016,fsh_len,Sex combined,43,1448,7e-4,118.00713194312642,41
2016,fsh_len,Sex combined,45,1448,7e-4,118.00713194312642,41
2016,fsh_len,Sex combined,47,1448,7e-4,118.00713194312642,41
2016,fsh_len,Sex combined,49,1448,0,118.00713194312642,41
2016,fsh_len,Sex combined,51,1448,0.0048,118.00713194312642,41
2016,fsh_len,Sex combined,53,1448,0.0041,118.00713194312642,41
2016,fsh_len,Sex combined,55,1448,0.009,118.00713194312642,41
2016,fsh_len,Sex combined,57,1448,0.0062,118.00713194312642,41
2016,fsh_len,Sex combined,59,1448,0.0207,118.00713194312642,41
2016,fsh_len,Sex combined,61,1448,0.0421,118.00713194312642,41
2016,fsh_len,Sex combined,63,1448,0.0698,118.00713194312642,41
2016,fsh_len,Sex combined,65,1448,0.0967,118.00713194312642,41
2016,fsh_len,Sex combined,67,1448,0.0967,118.00713194312642,41
2016,fsh_len,Sex combined,69,1448,0.0981,118.00713194312642,41
2016,fsh_len,Sex combined,71,1448,0.0974,118.00713194312642,41
2016,fsh_len,Sex combined,73,1448,0.078,118.00713194312642,41
2016,fsh_len,Sex combined,75,1448,0.0635,118.00713194312642,41
2016,fsh_len,Sex combined,77,1448,0.0525,118.00713194312642,41
2016,fsh_len,Sex combined,79,1448,0.0504,118.00713194312642,41
2016,fsh_len,Sex combined,81,1448,0.0497,118.00713194312642,41
2016,fsh_len,Sex combined,83,1448,0.038,118.00713194312642,41
2016,fsh_len,Sex combined,85,1448,0.0338,118.00713194312642,41
2016,fsh_len,Sex combined,87,1448,0.0304,118.00713194312642,41
2016,fsh_len,Sex combined,89,1448,0.0152,118.00713194312642,41
2016,fsh_len,Sex combined,91,1448,0.0117,118.00713194312642,41
2016,fsh_len,Sex combined,93,1448,0.009,118.00713194312642,41
2016,fsh_len,Sex combined,95,1448,0.0055,118.00713194312642,41
2016,fsh_len,Sex combined,97,1448,0.0069,118.00713194312642,41
2016,fsh_len,Sex combined,99,1448,0.0076,118.00713194312642,41
2017,fsh_len,Female,41,840,0,118.00713194312642,42
2017,fsh_len,Female,43,840,0,118.00713194312642,42
2017,fsh_len,Female,45,840,0,118.00713194312642,42
2017,fsh_len,Female,47,840,0.00119,118.00713194312642,42
2017,fsh_len,Female,49,840,0.002381,118.00713194312642,42
2017,fsh_len,Female,51,840,0.005952,118.00713194312642,42
2017,fsh_len,Female,53,840,0.011905,118.00713194312642,42
2017,fsh_len,Female,55,840,0.014286,118.00713194312642,42
2017,fsh_len,Female,57,840,0.027381,118.00713194312642,42
2017,fsh_len,Female,59,840,0.020238,118.00713194312642,42
2017,fsh_len,Female,61,840,0.039286,118.00713194312642,42
2017,fsh_len,Female,63,840,0.029762,118.00713194312642,42
2017,fsh_len,Female,65,840,0.036905,118.00713194312642,42
2017,fsh_len,Female,67,840,0.061905,118.00713194312642,42
2017,fsh_len,Female,69,840,0.058333,118.00713194312642,42
2017,fsh_len,Female,71,840,0.085714,118.00713194312642,42
2017,fsh_len,Female,73,840,0.060714,118.00713194312642,42
2017,fsh_len,Female,75,840,0.065476,118.00713194312642,42
2017,fsh_len,Female,77,840,0.07619,118.00713194312642,42
2017,fsh_len,Female,79,840,0.078571,118.00713194312642,42
2017,fsh_len,Female,81,840,0.059524,118.00713194312642,42
2017,fsh_len,Female,83,840,0.070238,118.00713194312642,42
2017,fsh_len,Female,85,840,0.067857,118.00713194312642,42
2017,fsh_len,Female,87,840,0.033333,118.00713194312642,42
2017,fsh_len,Female,89,840,0.022619,118.00713194312642,42
2017,fsh_len,Female,91,840,0.021429,118.00713194312642,42
2017,fsh_len,Female,93,840,0.019048,118.00713194312642,42
2017,fsh_len,Female,95,840,0.014286,118.00713194312642,42
2017,fsh_len,Female,97,840,0.003571,118.00713194312642,42
2017,fsh_len,Female,99,840,0.011905,118.00713194312642,42
2017,fsh_len,Male,41,601,0,102.87271001342107,42
2017,fsh_len,Male,43,601,0,102.87271001342107,42
2017,fsh_len,Male,45,601,0,102.87271001342107,42
2017,fsh_len,Male,47,601,0.004992,102.87271001342107,42
2017,fsh_len,Male,49,601,0.001664,102.87271001342107,42
2017,fsh_len,Male,51,601,0.001664,102.87271001342107,42
2017,fsh_len,Male,53,601,0.011647,102.87271001342107,42
2017,fsh_len,Male,55,601,0.021631,102.87271001342107,42
2017,fsh_len,Male,57,601,0.024958,102.87271001342107,42
2017,fsh_len,Male,59,601,0.043261,102.87271001342107,42
2017,fsh_len,Male,61,601,0.071547,102.87271001342107,42
2017,fsh_len,Male,63,601,0.138103,102.87271001342107,42
2017,fsh_len,Male,65,601,0.159734,102.87271001342107,42
2017,fsh_len,Male,67,601,0.174709,102.87271001342107,42
2017,fsh_len,Male,69,601,0.129784,102.87271001342107,42
2017,fsh_len,Male,71,601,0.094842,102.87271001342107,42
2017,fsh_len,Male,73,601,0.056572,102.87271001342107,42
2017,fsh_len,Male,75,601,0.028286,102.87271001342107,42
2017,fsh_len,Male,77,601,0.021631,102.87271001342107,42
2017,fsh_len,Male,79,601,0.009983,102.87271001342107,42
2017,fsh_len,Male,81,601,0.004992,102.87271001342107,42
2017,fsh_len,Male,83,601,0,102.87271001342107,42
2017,fsh_len,Male,85,601,0,102.87271001342107,42
2017,fsh_len,Male,87,601,0,102.87271001342107,42
2017,fsh_len,Male,89,601,0,102.87271001342107,42
2017,fsh_len,Male,91,601,0,102.87271001342107,42
2017,fsh_len,Male,93,601,0,102.87271001342107,42
2017,fsh_len,Male,95,601,0,102.87271001342107,42
2017,fsh_len,Male,97,601,0,102.87271001342107,42
2017,fsh_len,Male,99,601,0,102.87271001342107,42
2017,fsh_len,Sex combined,41,1441,0,118.00713194312642,42
2017,fsh_len,Sex combined,43,1441,0,118.00713194312642,42
2017,fsh_len,Sex combined,45,1441,0,118.00713194312642,42
2017,fsh_len,Sex combined,47,1441,0.0028,118.00713194312642,42
2017,fsh_len,Sex combined,49,1441,0.0021,118.00713194312642,42
2017,fsh_len,Sex combined,51,1441,0.0042,118.00713194312642,42
2017,fsh_len,Sex combined,53,1441,0.0118,118.00713194312642,42
2017,fsh_len,Sex combined,55,1441,0.0173,118.00713194312642,42
2017,fsh_len,Sex combined,57,1441,0.0264,118.00713194312642,42
2017,fsh_len,Sex combined,59,1441,0.0298,118.00713194312642,42
2017,fsh_len,Sex combined,61,1441,0.0527,118.00713194312642,42
2017,fsh_len,Sex combined,63,1441,0.0749,118.00713194312642,42
2017,fsh_len,Sex combined,65,1441,0.0881,118.00713194312642,42
2017,fsh_len,Sex combined,67,1441,0.109,118.00713194312642,42
2017,fsh_len,Sex combined,69,1441,0.0881,118.00713194312642,42
2017,fsh_len,Sex combined,71,1441,0.0895,118.00713194312642,42
2017,fsh_len,Sex combined,73,1441,0.059,118.00713194312642,42
2017,fsh_len,Sex combined,75,1441,0.05,118.00713194312642,42
2017,fsh_len,Sex combined,77,1441,0.0534,118.00713194312642,42
2017,fsh_len,Sex combined,79,1441,0.05,118.00713194312642,42
2017,fsh_len,Sex combined,81,1441,0.0368,118.00713194312642,42
2017,fsh_len,Sex combined,83,1441,0.0409,118.00713194312642,42
2017,fsh_len,Sex combined,85,1441,0.0396,118.00713194312642,42
2017,fsh_len,Sex combined,87,1441,0.0194,118.00713194312642,42
2017,fsh_len,Sex combined,89,1441,0.0132,118.00713194312642,42
2017,fsh_len,Sex combined,91,1441,0.0125,118.00713194312642,42
2017,fsh_len,Sex combined,93,1441,0.0111,118.00713194312642,42
2017,fsh_len,Sex combined,95,1441,0.0083,118.00713194312642,42
2017,fsh_len,Sex combined,97,1441,0.0021,118.00713194312642,42
2017,fsh_len,Sex combined,99,1441,0.0069,118.00713194312642,42
2018,fsh_len,Female,41,813,0,118.00713194312642,43
2018,fsh_len,Female,43,813,0,118.00713194312642,43
2018,fsh_len,Female,45,813,0,118.00713194312642,43
2018,fsh_len,Female,47,813,0,118.00713194312642,43
2018,fsh_len,Female,49,813,0,118.00713194312642,43
2018,fsh_len,Female,51,813,0.00492,118.00713194312642,43
2018,fsh_len,Female,53,813,0.00738,118.00713194312642,43
2018,fsh_len,Female,55,813,0.00738,118.00713194312642,43
2018,fsh_len,Female,57,813,0.01722,118.00713194312642,43
2018,fsh_len,Female,59,813,0.01599,118.00713194312642,43
2018,fsh_len,Female,61,813,0.02952,118.00713194312642,43
2018,fsh_len,Female,63,813,0.04428,118.00713194312642,43
2018,fsh_len,Female,65,813,0.057811,118.00713194312642,43
2018,fsh_len,Female,67,813,0.066421,118.00713194312642,43
2018,fsh_len,Female,69,813,0.078721,118.00713194312642,43
2018,fsh_len,Female,71,813,0.088561,118.00713194312642,43
2018,fsh_len,Female,73,813,0.061501,118.00713194312642,43
2018,fsh_len,Female,75,813,0.078721,118.00713194312642,43
2018,fsh_len,Female,77,813,0.087331,118.00713194312642,43
2018,fsh_len,Female,79,813,0.084871,118.00713194312642,43
2018,fsh_len,Female,81,813,0.070111,118.00713194312642,43
2018,fsh_len,Female,83,813,0.059041,118.00713194312642,43
2018,fsh_len,Female,85,813,0.03321,118.00713194312642,43
2018,fsh_len,Female,87,813,0.03075,118.00713194312642,43
2018,fsh_len,Female,89,813,0.02706,118.00713194312642,43
2018,fsh_len,Female,91,813,0.01722,118.00713194312642,43
2018,fsh_len,Female,93,813,0.00984,118.00713194312642,43
2018,fsh_len,Female,95,813,0.01599,118.00713194312642,43
2018,fsh_len,Female,97,813,0.00246,118.00713194312642,43
2018,fsh_len,Female,99,813,0.00369,118.00713194312642,43
2018,fsh_len,Male,41,506,0,102.87271001342107,43
2018,fsh_len,Male,43,506,0,102.87271001342107,43
2018,fsh_len,Male,45,506,0,102.87271001342107,43
2018,fsh_len,Male,47,506,0,102.87271001342107,43
2018,fsh_len,Male,49,506,0,102.87271001342107,43
2018,fsh_len,Male,51,506,0.001976,102.87271001342107,43
2018,fsh_len,Male,53,506,0.017787,102.87271001342107,43
2018,fsh_len,Male,55,506,0.01581,102.87271001342107,43
2018,fsh_len,Male,57,506,0.029644,102.87271001342107,43
2018,fsh_len,Male,59,506,0.055336,102.87271001342107,43
2018,fsh_len,Male,61,506,0.063241,102.87271001342107,43
2018,fsh_len,Male,63,506,0.120553,102.87271001342107,43
2018,fsh_len,Male,65,506,0.167984,102.87271001342107,43
2018,fsh_len,Male,67,506,0.183794,102.87271001342107,43
2018,fsh_len,Male,69,506,0.112648,102.87271001342107,43
2018,fsh_len,Male,71,506,0.102767,102.87271001342107,43
2018,fsh_len,Male,73,506,0.06917,102.87271001342107,43
2018,fsh_len,Male,75,506,0.037549,102.87271001342107,43
2018,fsh_len,Male,77,506,0.011858,102.87271001342107,43
2018,fsh_len,Male,79,506,0.001976,102.87271001342107,43
2018,fsh_len,Male,81,506,0.005929,102.87271001342107,43
2018,fsh_len,Male,83,506,0,102.87271001342107,43
2018,fsh_len,Male,85,506,0.001976,102.87271001342107,43
2018,fsh_len,Male,87,506,0,102.87271001342107,43
2018,fsh_len,Male,89,506,0,102.87271001342107,43
2018,fsh_len,Male,91,506,0,102.87271001342107,43
2018,fsh_len,Male,93,506,0,102.87271001342107,43
2018,fsh_len,Male,95,506,0,102.87271001342107,43
2018,fsh_len,Male,97,506,0,102.87271001342107,43
2018,fsh_len,Male,99,506,0,102.87271001342107,43
2018,fsh_len,Sex combined,41,1319,0,118.00713194312642,43
2018,fsh_len,Sex combined,43,1319,0,118.00713194312642,43
2018,fsh_len,Sex combined,45,1319,0,118.00713194312642,43
2018,fsh_len,Sex combined,47,1319,0,118.00713194312642,43
2018,fsh_len,Sex combined,49,1319,0,118.00713194312642,43
2018,fsh_len,Sex combined,51,1319,0.0038,118.00713194312642,43
2018,fsh_len,Sex combined,53,1319,0.0114,118.00713194312642,43
2018,fsh_len,Sex combined,55,1319,0.0106,118.00713194312642,43
2018,fsh_len,Sex combined,57,1319,0.022,118.00713194312642,43
2018,fsh_len,Sex combined,59,1319,0.0311,118.00713194312642,43
2018,fsh_len,Sex combined,61,1319,0.0425,118.00713194312642,43
2018,fsh_len,Sex combined,63,1319,0.0735,118.00713194312642,43
2018,fsh_len,Sex combined,65,1319,0.1001,118.00713194312642,43
2018,fsh_len,Sex combined,67,1319,0.1114,118.00713194312642,43
2018,fsh_len,Sex combined,69,1319,0.0917,118.00713194312642,43
2018,fsh_len,Sex combined,71,1319,0.094,118.00713194312642,43
2018,fsh_len,Sex combined,73,1319,0.0644,118.00713194312642,43
2018,fsh_len,Sex combined,75,1319,0.0629,118.00713194312642,43
2018,fsh_len,Sex combined,77,1319,0.0584,118.00713194312642,43
2018,fsh_len,Sex combined,79,1319,0.0531,118.00713194312642,43
2018,fsh_len,Sex combined,81,1319,0.0455,118.00713194312642,43
2018,fsh_len,Sex combined,83,1319,0.0364,118.00713194312642,43
2018,fsh_len,Sex combined,85,1319,0.0212,118.00713194312642,43
2018,fsh_len,Sex combined,87,1319,0.019,118.00713194312642,43
2018,fsh_len,Sex combined,89,1319,0.0167,118.00713194312642,43
2018,fsh_len,Sex combined,91,1319,0.0106,118.00713194312642,43
2018,fsh_len,Sex combined,93,1319,0.0061,118.00713194312642,43
2018,fsh_len,Sex combined,95,1319,0.0099,118.00713194312642,43
2018,fsh_len,Sex combined,97,1319,0.0015,118.00713194312642,43
2018,fsh_len,Sex combined,99,1319,0.0023,118.00713194312642,43
2019,fsh_len,Female,41,828,0,118.00713194312642,44
2019,fsh_len,Female,43,828,0,118.00713194312642,44
2019,fsh_len,Female,45,828,0,118.00713194312642,44
2019,fsh_len,Female,47,828,0,118.00713194312642,44
2019,fsh_len,Female,49,828,0,118.00713194312642,44
2019,fsh_len,Female,51,828,0.001208,118.00713194312642,44
2019,fsh_len,Female,53,828,0.007246,118.00713194312642,44
2019,fsh_len,Female,55,828,0.006039,118.00713194312642,44
2019,fsh_len,Female,57,828,0.022947,118.00713194312642,44
2019,fsh_len,Female,59,828,0.018116,118.00713194312642,44
2019,fsh_len,Female,61,828,0.03744,118.00713194312642,44
2019,fsh_len,Female,63,828,0.067633,118.00713194312642,44
2019,fsh_len,Female,65,828,0.082126,118.00713194312642,44
2019,fsh_len,Female,67,828,0.083333,118.00713194312642,44
2019,fsh_len,Female,69,828,0.071256,118.00713194312642,44
2019,fsh_len,Female,71,828,0.094203,118.00713194312642,44
2019,fsh_len,Female,73,828,0.097826,118.00713194312642,44
2019,fsh_len,Female,75,828,0.082126,118.00713194312642,44
2019,fsh_len,Female,77,828,0.077295,118.00713194312642,44
2019,fsh_len,Female,79,828,0.060386,118.00713194312642,44
2019,fsh_len,Female,81,828,0.066425,118.00713194312642,44
2019,fsh_len,Female,83,828,0.036232,118.00713194312642,44
2019,fsh_len,Female,85,828,0.027778,118.00713194312642,44
2019,fsh_len,Female,87,828,0.024155,118.00713194312642,44
2019,fsh_len,Female,89,828,0.008454,118.00713194312642,44
2019,fsh_len,Female,91,828,0.003623,118.00713194312642,44
2019,fsh_len,Female,93,828,0.009662,118.00713194312642,44
2019,fsh_len,Female,95,828,0.002415,118.00713194312642,44
2019,fsh_len,Female,97,828,0.006039,118.00713194312642,44
2019,fsh_len,Female,99,828,0.006039,118.00713194312642,44
2019,fsh_len,Male,41,513,0,102.87271001342107,44
2019,fsh_len,Male,43,513,0,102.87271001342107,44
2019,fsh_len,Male,45,513,0,102.87271001342107,44
2019,fsh_len,Male,47,513,0.001949,102.87271001342107,44
2019,fsh_len,Male,49,513,0.001949,102.87271001342107,44
2019,fsh_len,Male,51,513,0,102.87271001342107,44
2019,fsh_len,Male,53,513,0.003899,102.87271001342107,44
2019,fsh_len,Male,55,513,0.009747,102.87271001342107,44
2019,fsh_len,Male,57,513,0.02924,102.87271001342107,44
2019,fsh_len,Male,59,513,0.060429,102.87271001342107,44
2019,fsh_len,Male,61,513,0.064327,102.87271001342107,44
2019,fsh_len,Male,63,513,0.097466,102.87271001342107,44
2019,fsh_len,Male,65,513,0.17154,102.87271001342107,44
2019,fsh_len,Male,67,513,0.163743,102.87271001342107,44
2019,fsh_len,Male,69,513,0.146199,102.87271001342107,44
2019,fsh_len,Male,71,513,0.128655,102.87271001342107,44
2019,fsh_len,Male,73,513,0.064327,102.87271001342107,44
2019,fsh_len,Male,75,513,0.023392,102.87271001342107,44
2019,fsh_len,Male,77,513,0.007797,102.87271001342107,44
2019,fsh_len,Male,79,513,0.009747,102.87271001342107,44
2019,fsh_len,Male,81,513,0.003899,102.87271001342107,44
2019,fsh_len,Male,83,513,0.005848,102.87271001342107,44
2019,fsh_len,Male,85,513,0.001949,102.87271001342107,44
2019,fsh_len,Male,87,513,0.001949,102.87271001342107,44
2019,fsh_len,Male,89,513,0,102.87271001342107,44
2019,fsh_len,Male,91,513,0.001949,102.87271001342107,44
2019,fsh_len,Male,93,513,0,102.87271001342107,44
2019,fsh_len,Male,95,513,0,102.87271001342107,44
2019,fsh_len,Male,97,513,0,102.87271001342107,44
2019,fsh_len,Male,99,513,0,102.87271001342107,44
2019,fsh_len,Sex combined,41,1341,0,118.00713194312642,44
2019,fsh_len,Sex combined,43,1341,0,118.00713194312642,44
2019,fsh_len,Sex combined,45,1341,0,118.00713194312642,44
2019,fsh_len,Sex combined,47,1341,7e-4,118.00713194312642,44
2019,fsh_len,Sex combined,49,1341,7e-4,118.00713194312642,44
2019,fsh_len,Sex combined,51,1341,7e-4,118.00713194312642,44
2019,fsh_len,Sex combined,53,1341,0.006,118.00713194312642,44
2019,fsh_len,Sex combined,55,1341,0.0075,118.00713194312642,44
2019,fsh_len,Sex combined,57,1341,0.0254,118.00713194312642,44
2019,fsh_len,Sex combined,59,1341,0.0343,118.00713194312642,44
2019,fsh_len,Sex combined,61,1341,0.0477,118.00713194312642,44
2019,fsh_len,Sex combined,63,1341,0.079,118.00713194312642,44
2019,fsh_len,Sex combined,65,1341,0.1163,118.00713194312642,44
2019,fsh_len,Sex combined,67,1341,0.1141,118.00713194312642,44
2019,fsh_len,Sex combined,69,1341,0.0999,118.00713194312642,44
2019,fsh_len,Sex combined,71,1341,0.1074,118.00713194312642,44
2019,fsh_len,Sex combined,73,1341,0.085,118.00713194312642,44
2019,fsh_len,Sex combined,75,1341,0.0597,118.00713194312642,44
2019,fsh_len,Sex combined,77,1341,0.0507,118.00713194312642,44
2019,fsh_len,Sex combined,79,1341,0.041,118.00713194312642,44
2019,fsh_len,Sex combined,81,1341,0.0425,118.00713194312642,44
2019,fsh_len,Sex combined,83,1341,0.0246,118.00713194312642,44
2019,fsh_len,Sex combined,85,1341,0.0179,118.00713194312642,44
2019,fsh_len,Sex combined,87,1341,0.0157,118.00713194312642,44
2019,fsh_len,Sex combined,89,1341,0.0052,118.00713194312642,44
2019,fsh_len,Sex combined,91,1341,0.003,118.00713194312642,44
2019,fsh_len,Sex combined,93,1341,0.006,118.00713194312642,44
2019,fsh_len,Sex combined,95,1341,0.0015,118.00713194312642,44
2019,fsh_len,Sex combined,97,1341,0.0037,118.00713194312642,44
2019,fsh_len,Sex combined,99,1341,0.0037,118.00713194312642,44
2020,fsh_len,Female,41,782,0,118.00713194312642,45
2020,fsh_len,Female,43,782,0,118.00713194312642,45
2020,fsh_len,Female,45,782,0,118.00713194312642,45
2020,fsh_len,Female,47,782,0,118.00713194312642,45
2020,fsh_len,Female,49,782,0,118.00713194312642,45
2020,fsh_len,Female,51,782,0.001279,118.00713194312642,45
2020,fsh_len,Female,53,782,0.011509,118.00713194312642,45
2020,fsh_len,Female,55,782,0.021739,118.00713194312642,45
2020,fsh_len,Female,57,782,0.038363,118.00713194312642,45
2020,fsh_len,Female,59,782,0.035806,118.00713194312642,45
2020,fsh_len,Female,61,782,0.084399,118.00713194312642,45
2020,fsh_len,Female,63,782,0.107417,118.00713194312642,45
2020,fsh_len,Female,65,782,0.089514,118.00713194312642,45
2020,fsh_len,Female,67,782,0.11509,118.00713194312642,45
2020,fsh_len,Female,69,782,0.080563,118.00713194312642,45
2020,fsh_len,Female,71,782,0.067775,118.00713194312642,45
2020,fsh_len,Female,73,782,0.051151,118.00713194312642,45
2020,fsh_len,Female,75,782,0.048593,118.00713194312642,45
2020,fsh_len,Female,77,782,0.049872,118.00713194312642,45
2020,fsh_len,Female,79,782,0.056266,118.00713194312642,45
2020,fsh_len,Female,81,782,0.042199,118.00713194312642,45
2020,fsh_len,Female,83,782,0.031969,118.00713194312642,45
2020,fsh_len,Female,85,782,0.019182,118.00713194312642,45
2020,fsh_len,Female,87,782,0.012788,118.00713194312642,45
2020,fsh_len,Female,89,782,0.012788,118.00713194312642,45
2020,fsh_len,Female,91,782,0.003836,118.00713194312642,45
2020,fsh_len,Female,93,782,0.006394,118.00713194312642,45
2020,fsh_len,Female,95,782,0.003836,118.00713194312642,45
2020,fsh_len,Female,97,782,0.002558,118.00713194312642,45
2020,fsh_len,Female,99,782,0.005115,118.00713194312642,45
2020,fsh_len,Male,41,511,0,102.87271001342107,45
2020,fsh_len,Male,43,511,0,102.87271001342107,45
2020,fsh_len,Male,45,511,0,102.87271001342107,45
2020,fsh_len,Male,47,511,0,102.87271001342107,45
2020,fsh_len,Male,49,511,0,102.87271001342107,45
2020,fsh_len,Male,51,511,0.003914,102.87271001342107,45
2020,fsh_len,Male,53,511,0.005871,102.87271001342107,45
2020,fsh_len,Male,55,511,0.009785,102.87271001342107,45
2020,fsh_len,Male,57,511,0.060665,102.87271001342107,45
2020,fsh_len,Male,59,511,0.091977,102.87271001342107,45
2020,fsh_len,Male,61,511,0.107632,102.87271001342107,45
2020,fsh_len,Male,63,511,0.11546,102.87271001342107,45
2020,fsh_len,Male,65,511,0.154599,102.87271001342107,45
2020,fsh_len,Male,67,511,0.1409,102.87271001342107,45
2020,fsh_len,Male,69,511,0.158513,102.87271001342107,45
2020,fsh_len,Male,71,511,0.068493,102.87271001342107,45
2020,fsh_len,Male,73,511,0.043053,102.87271001342107,45
2020,fsh_len,Male,75,511,0.023483,102.87271001342107,45
2020,fsh_len,Male,77,511,0.009785,102.87271001342107,45
2020,fsh_len,Male,79,511,0.003914,102.87271001342107,45
2020,fsh_len,Male,81,511,0.001957,102.87271001342107,45
2020,fsh_len,Male,83,511,0,102.87271001342107,45
2020,fsh_len,Male,85,511,0,102.87271001342107,45
2020,fsh_len,Male,87,511,0,102.87271001342107,45
2020,fsh_len,Male,89,511,0,102.87271001342107,45
2020,fsh_len,Male,91,511,0,102.87271001342107,45
2020,fsh_len,Male,93,511,0,102.87271001342107,45
2020,fsh_len,Male,95,511,0,102.87271001342107,45
2020,fsh_len,Male,97,511,0,102.87271001342107,45
2020,fsh_len,Male,99,511,0,102.87271001342107,45
2020,fsh_len,Sex combined,41,1293,0,118.00713194312642,45
2020,fsh_len,Sex combined,43,1293,0,118.00713194312642,45
2020,fsh_len,Sex combined,45,1293,0,118.00713194312642,45
2020,fsh_len,Sex combined,47,1293,0,118.00713194312642,45
2020,fsh_len,Sex combined,49,1293,0,118.00713194312642,45
2020,fsh_len,Sex combined,51,1293,0.0023,118.00713194312642,45
2020,fsh_len,Sex combined,53,1293,0.0093,118.00713194312642,45
2020,fsh_len,Sex combined,55,1293,0.017,118.00713194312642,45
2020,fsh_len,Sex combined,57,1293,0.0472,118.00713194312642,45
2020,fsh_len,Sex combined,59,1293,0.058,118.00713194312642,45
2020,fsh_len,Sex combined,61,1293,0.0936,118.00713194312642,45
2020,fsh_len,Sex combined,63,1293,0.1106,118.00713194312642,45
2020,fsh_len,Sex combined,65,1293,0.1152,118.00713194312642,45
2020,fsh_len,Sex combined,67,1293,0.1253,118.00713194312642,45
2020,fsh_len,Sex combined,69,1293,0.1114,118.00713194312642,45
2020,fsh_len,Sex combined,71,1293,0.0681,118.00713194312642,45
2020,fsh_len,Sex combined,73,1293,0.048,118.00713194312642,45
2020,fsh_len,Sex combined,75,1293,0.0387,118.00713194312642,45
2020,fsh_len,Sex combined,77,1293,0.034,118.00713194312642,45
2020,fsh_len,Sex combined,79,1293,0.0356,118.00713194312642,45
2020,fsh_len,Sex combined,81,1293,0.0263,118.00713194312642,45
2020,fsh_len,Sex combined,83,1293,0.0193,118.00713194312642,45
2020,fsh_len,Sex combined,85,1293,0.0116,118.00713194312642,45
2020,fsh_len,Sex combined,87,1293,0.0077,118.00713194312642,45
2020,fsh_len,Sex combined,89,1293,0.0077,118.00713194312642,45
2020,fsh_len,Sex combined,91,1293,0.0023,118.00713194312642,45
2020,fsh_len,Sex combined,93,1293,0.0039,118.00713194312642,45
2020,fsh_len,Sex combined,95,1293,0.0023,118.00713194312642,45
2020,fsh_len,Sex combined,97,1293,0.0015,118.00713194312642,45
2020,fsh_len,Sex combined,99,1293,0.0031,118.00713194312642,45
2021,fsh_len,Female,41,498,0,118.00713194312642,46
2021,fsh_len,Female,43,498,0,118.00713194312642,46
2021,fsh_len,Female,45,498,0,118.00713194312642,46
2021,fsh_len,Female,47,498,0,118.00713194312642,46
2021,fsh_len,Female,49,498,0.002008,118.00713194312642,46
2021,fsh_len,Female,51,498,0.002008,118.00713194312642,46
2021,fsh_len,Female,53,498,0.008032,118.00713194312642,46
2021,fsh_len,Female,55,498,0.02008,118.00713194312642,46
2021,fsh_len,Female,57,498,0.040161,118.00713194312642,46
2021,fsh_len,Female,59,498,0.046185,118.00713194312642,46
2021,fsh_len,Female,61,498,0.080321,118.00713194312642,46
2021,fsh_len,Female,63,498,0.124498,118.00713194312642,46
2021,fsh_len,Female,65,498,0.100402,118.00713194312642,46
2021,fsh_len,Female,67,498,0.114458,118.00713194312642,46
2021,fsh_len,Female,69,498,0.070281,118.00713194312642,46
2021,fsh_len,Female,71,498,0.066265,118.00713194312642,46
2021,fsh_len,Female,73,498,0.066265,118.00713194312642,46
2021,fsh_len,Female,75,498,0.058233,118.00713194312642,46
2021,fsh_len,Female,77,498,0.038153,118.00713194312642,46
2021,fsh_len,Female,79,498,0.034137,118.00713194312642,46
2021,fsh_len,Female,81,498,0.028112,118.00713194312642,46
2021,fsh_len,Female,83,498,0.022088,118.00713194312642,46
2021,fsh_len,Female,85,498,0.026104,118.00713194312642,46
2021,fsh_len,Female,87,498,0.018072,118.00713194312642,46
2021,fsh_len,Female,89,498,0.014056,118.00713194312642,46
2021,fsh_len,Female,91,498,0.006024,118.00713194312642,46
2021,fsh_len,Female,93,498,0.002008,118.00713194312642,46
2021,fsh_len,Female,95,498,0.004016,118.00713194312642,46
2021,fsh_len,Female,97,498,0,118.00713194312642,46
2021,fsh_len,Female,99,498,0.008032,118.00713194312642,46
2021,fsh_len,Male,41,239,0,102.87271001342107,46
2021,fsh_len,Male,43,239,0,102.87271001342107,46
2021,fsh_len,Male,45,239,0,102.87271001342107,46
2021,fsh_len,Male,47,239,0,102.87271001342107,46
2021,fsh_len,Male,49,239,0,102.87271001342107,46
2021,fsh_len,Male,51,239,0.008368,102.87271001342107,46
2021,fsh_len,Male,53,239,0.016736,102.87271001342107,46
2021,fsh_len,Male,55,239,0.037657,102.87271001342107,46
2021,fsh_len,Male,57,239,0.083682,102.87271001342107,46
2021,fsh_len,Male,59,239,0.125523,102.87271001342107,46
2021,fsh_len,Male,61,239,0.104603,102.87271001342107,46
2021,fsh_len,Male,63,239,0.150628,102.87271001342107,46
2021,fsh_len,Male,65,239,0.079498,102.87271001342107,46
2021,fsh_len,Male,67,239,0.121339,102.87271001342107,46
2021,fsh_len,Male,69,239,0.075314,102.87271001342107,46
2021,fsh_len,Male,71,239,0.079498,102.87271001342107,46
2021,fsh_len,Male,73,239,0.041841,102.87271001342107,46
2021,fsh_len,Male,75,239,0.033473,102.87271001342107,46
2021,fsh_len,Male,77,239,0.029289,102.87271001342107,46
2021,fsh_len,Male,79,239,0.004184,102.87271001342107,46
2021,fsh_len,Male,81,239,0.008368,102.87271001342107,46
2021,fsh_len,Male,83,239,0,102.87271001342107,46
2021,fsh_len,Male,85,239,0,102.87271001342107,46
2021,fsh_len,Male,87,239,0,102.87271001342107,46
2021,fsh_len,Male,89,239,0,102.87271001342107,46
2021,fsh_len,Male,91,239,0,102.87271001342107,46
2021,fsh_len,Male,93,239,0,102.87271001342107,46
2021,fsh_len,Male,95,239,0,102.87271001342107,46
2021,fsh_len,Male,97,239,0,102.87271001342107,46
2021,fsh_len,Male,99,239,0,102.87271001342107,46
2021,fsh_len,Sex combined,41,737,0,118.00713194312642,46
2021,fsh_len,Sex combined,43,737,0,118.00713194312642,46
2021,fsh_len,Sex combined,45,737,0,118.00713194312642,46
2021,fsh_len,Sex combined,47,737,0,118.00713194312642,46
2021,fsh_len,Sex combined,49,737,0.0014,118.00713194312642,46
2021,fsh_len,Sex combined,51,737,0.0041,118.00713194312642,46
2021,fsh_len,Sex combined,53,737,0.0109,118.00713194312642,46
2021,fsh_len,Sex combined,55,737,0.0258,118.00713194312642,46
2021,fsh_len,Sex combined,57,737,0.0543,118.00713194312642,46
2021,fsh_len,Sex combined,59,737,0.0719,118.00713194312642,46
2021,fsh_len,Sex combined,61,737,0.0882,118.00713194312642,46
2021,fsh_len,Sex combined,63,737,0.133,118.00713194312642,46
2021,fsh_len,Sex combined,65,737,0.0936,118.00713194312642,46
2021,fsh_len,Sex combined,67,737,0.1167,118.00713194312642,46
2021,fsh_len,Sex combined,69,737,0.0719,118.00713194312642,46
2021,fsh_len,Sex combined,71,737,0.0706,118.00713194312642,46
2021,fsh_len,Sex combined,73,737,0.0583,118.00713194312642,46
2021,fsh_len,Sex combined,75,737,0.0502,118.00713194312642,46
2021,fsh_len,Sex combined,77,737,0.0353,118.00713194312642,46
2021,fsh_len,Sex combined,79,737,0.0244,118.00713194312642,46
2021,fsh_len,Sex combined,81,737,0.0217,118.00713194312642,46
2021,fsh_len,Sex combined,83,737,0.0149,118.00713194312642,46
2021,fsh_len,Sex combined,85,737,0.0176,118.00713194312642,46
2021,fsh_len,Sex combined,87,737,0.0122,118.00713194312642,46
2021,fsh_len,Sex combined,89,737,0.0095,118.00713194312642,46
2021,fsh_len,Sex combined,91,737,0.0041,118.00713194312642,46
2021,fsh_len,Sex combined,93,737,0.0014,118.00713194312642,46
2021,fsh_len,Sex combined,95,737,0.0027,118.00713194312642,46
2021,fsh_len,Sex combined,97,737,0,118.00713194312642,46
2021,fsh_len,Sex combined,99,737,0.0054,118.00713194312642,46
2022,fsh_len,Female,41,818,0,118.00713194312642,47
2022,fsh_len,Female,43,818,0,118.00713194312642,47
2022,fsh_len,Female,45,818,0,118.00713194312642,47
2022,fsh_len,Female,47,818,0.001222,118.00713194312642,47
2022,fsh_len,Female,49,818,0.001222,118.00713194312642,47
2022,fsh_len,Female,51,818,0.003667,118.00713194312642,47
2022,fsh_len,Female,53,818,0.003667,118.00713194312642,47
2022,fsh_len,Female,55,818,0.013447,118.00713194312642,47
2022,fsh_len,Female,57,818,0.022005,118.00713194312642,47
2022,fsh_len,Female,59,818,0.040342,118.00713194312642,47
2022,fsh_len,Female,61,818,0.064792,118.00713194312642,47
2022,fsh_len,Female,63,818,0.111247,118.00713194312642,47
2022,fsh_len,Female,65,818,0.125917,118.00713194312642,47
2022,fsh_len,Female,67,818,0.127139,118.00713194312642,47
2022,fsh_len,Female,69,818,0.075795,118.00713194312642,47
2022,fsh_len,Female,71,818,0.079462,118.00713194312642,47
2022,fsh_len,Female,73,818,0.070905,118.00713194312642,47
2022,fsh_len,Female,75,818,0.051345,118.00713194312642,47
2022,fsh_len,Female,77,818,0.04401,118.00713194312642,47
2022,fsh_len,Female,79,818,0.04401,118.00713194312642,47
2022,fsh_len,Female,81,818,0.02934,118.00713194312642,47
2022,fsh_len,Female,83,818,0.02934,118.00713194312642,47
2022,fsh_len,Female,85,818,0.015892,118.00713194312642,47
2022,fsh_len,Female,87,818,0.017115,118.00713194312642,47
2022,fsh_len,Female,89,818,0.007335,118.00713194312642,47
2022,fsh_len,Female,91,818,0.007335,118.00713194312642,47
2022,fsh_len,Female,93,818,0.002445,118.00713194312642,47
2022,fsh_len,Female,95,818,0.00489,118.00713194312642,47
2022,fsh_len,Female,97,818,0.003667,118.00713194312642,47
2022,fsh_len,Female,99,818,0.002445,118.00713194312642,47
2022,fsh_len,Male,41,317,0,102.87271001342107,47
2022,fsh_len,Male,43,317,0,102.87271001342107,47
2022,fsh_len,Male,45,317,0,102.87271001342107,47
2022,fsh_len,Male,47,317,0,102.87271001342107,47
2022,fsh_len,Male,49,317,0,102.87271001342107,47
2022,fsh_len,Male,51,317,0.003155,102.87271001342107,47
2022,fsh_len,Male,53,317,0.015773,102.87271001342107,47
2022,fsh_len,Male,55,317,0.022082,102.87271001342107,47
2022,fsh_len,Male,57,317,0.07571,102.87271001342107,47
2022,fsh_len,Male,59,317,0.113565,102.87271001342107,47
2022,fsh_len,Male,61,317,0.107256,102.87271001342107,47
2022,fsh_len,Male,63,317,0.116719,102.87271001342107,47
2022,fsh_len,Male,65,317,0.091483,102.87271001342107,47
2022,fsh_len,Male,67,317,0.113565,102.87271001342107,47
2022,fsh_len,Male,69,317,0.135647,102.87271001342107,47
2022,fsh_len,Male,71,317,0.100946,102.87271001342107,47
2022,fsh_len,Male,73,317,0.044164,102.87271001342107,47
2022,fsh_len,Male,75,317,0.037855,102.87271001342107,47
2022,fsh_len,Male,77,317,0.012618,102.87271001342107,47
2022,fsh_len,Male,79,317,0.003155,102.87271001342107,47
2022,fsh_len,Male,81,317,0.006309,102.87271001342107,47
2022,fsh_len,Male,83,317,0,102.87271001342107,47
2022,fsh_len,Male,85,317,0,102.87271001342107,47
2022,fsh_len,Male,87,317,0,102.87271001342107,47
2022,fsh_len,Male,89,317,0,102.87271001342107,47
2022,fsh_len,Male,91,317,0,102.87271001342107,47
2022,fsh_len,Male,93,317,0,102.87271001342107,47
2022,fsh_len,Male,95,317,0,102.87271001342107,47
2022,fsh_len,Male,97,317,0,102.87271001342107,47
2022,fsh_len,Male,99,317,0,102.87271001342107,47
2022,fsh_len,Sex combined,41,1135,0,118.00713194312642,47
2022,fsh_len,Sex combined,43,1135,0,118.00713194312642,47
2022,fsh_len,Sex combined,45,1135,0,118.00713194312642,47
2022,fsh_len,Sex combined,47,1135,9e-4,118.00713194312642,47
2022,fsh_len,Sex combined,49,1135,9e-4,118.00713194312642,47
2022,fsh_len,Sex combined,51,1135,0.0035,118.00713194312642,47
2022,fsh_len,Sex combined,53,1135,0.007,118.00713194312642,47
2022,fsh_len,Sex combined,55,1135,0.0159,118.00713194312642,47
2022,fsh_len,Sex combined,57,1135,0.037,118.00713194312642,47
2022,fsh_len,Sex combined,59,1135,0.0608,118.00713194312642,47
2022,fsh_len,Sex combined,61,1135,0.0767,118.00713194312642,47
2022,fsh_len,Sex combined,63,1135,0.1128,118.00713194312642,47
2022,fsh_len,Sex combined,65,1135,0.1163,118.00713194312642,47
2022,fsh_len,Sex combined,67,1135,0.1233,118.00713194312642,47
2022,fsh_len,Sex combined,69,1135,0.0925,118.00713194312642,47
2022,fsh_len,Sex combined,71,1135,0.0855,118.00713194312642,47
2022,fsh_len,Sex combined,73,1135,0.0634,118.00713194312642,47
2022,fsh_len,Sex combined,75,1135,0.0476,118.00713194312642,47
2022,fsh_len,Sex combined,77,1135,0.0352,118.00713194312642,47
2022,fsh_len,Sex combined,79,1135,0.0326,118.00713194312642,47
2022,fsh_len,Sex combined,81,1135,0.0229,118.00713194312642,47
2022,fsh_len,Sex combined,83,1135,0.0211,118.00713194312642,47
2022,fsh_len,Sex combined,85,1135,0.0115,118.00713194312642,47
2022,fsh_len,Sex combined,87,1135,0.0123,118.00713194312642,47
2022,fsh_len,Sex combined,89,1135,0.0053,118.00713194312642,47
2022,fsh_len,Sex combined,91,1135,0.0053,118.00713194312642,47
2022,fsh_len,Sex combined,93,1135,0.0018,118.00713194312642,47
2022,fsh_len,Sex combined,95,1135,0.0035,118.00713194312642,47
2022,fsh_len,Sex combined,97,1135,0.0026,118.00713194312642,47
2022,fsh_len,Sex combined,99,1135,0.0018,118.00713194312642,47
2023,fsh_len,Female,41,568,0,118.00713194312642,48
2023,fsh_len,Female,43,568,0,118.00713194312642,48
2023,fsh_len,Female,45,568,0,118.00713194312642,48
2023,fsh_len,Female,47,568,0,118.00713194312642,48
2023,fsh_len,Female,49,568,0,118.00713194312642,48
2023,fsh_len,Female,51,568,0.001761,118.00713194312642,48
2023,fsh_len,Female,53,568,0.005282,118.00713194312642,48
2023,fsh_len,Female,55,568,0.012324,118.00713194312642,48
2023,fsh_len,Female,57,568,0.035211,118.00713194312642,48
2023,fsh_len,Female,59,568,0.047535,118.00713194312642,48
2023,fsh_len,Female,61,568,0.077465,118.00713194312642,48
2023,fsh_len,Female,63,568,0.116197,118.00713194312642,48
2023,fsh_len,Female,65,568,0.144366,118.00713194312642,48
2023,fsh_len,Female,67,568,0.126761,118.00713194312642,48
2023,fsh_len,Female,69,568,0.086268,118.00713194312642,48
2023,fsh_len,Female,71,568,0.068662,118.00713194312642,48
2023,fsh_len,Female,73,568,0.077465,118.00713194312642,48
2023,fsh_len,Female,75,568,0.06338,118.00713194312642,48
2023,fsh_len,Female,77,568,0.03169,118.00713194312642,48
2023,fsh_len,Female,79,568,0.021127,118.00713194312642,48
2023,fsh_len,Female,81,568,0.02993,118.00713194312642,48
2023,fsh_len,Female,83,568,0.022887,118.00713194312642,48
2023,fsh_len,Female,85,568,0.010563,118.00713194312642,48
2023,fsh_len,Female,87,568,0.008803,118.00713194312642,48
2023,fsh_len,Female,89,568,0.005282,118.00713194312642,48
2023,fsh_len,Female,91,568,0.003521,118.00713194312642,48
2023,fsh_len,Female,93,568,0.001761,118.00713194312642,48
2023,fsh_len,Female,95,568,0.001761,118.00713194312642,48
2023,fsh_len,Female,97,568,0,118.00713194312642,48
2023,fsh_len,Female,99,568,0,118.00713194312642,48
2023,fsh_len,Male,41,319,0,102.87271001342107,48
2023,fsh_len,Male,43,319,0,102.87271001342107,48
2023,fsh_len,Male,45,319,0,102.87271001342107,48
2023,fsh_len,Male,47,319,0,102.87271001342107,48
2023,fsh_len,Male,49,319,0,102.87271001342107,48
2023,fsh_len,Male,51,319,0.009404,102.87271001342107,48
2023,fsh_len,Male,53,319,0.015674,102.87271001342107,48
2023,fsh_len,Male,55,319,0.040752,102.87271001342107,48
2023,fsh_len,Male,57,319,0.097179,102.87271001342107,48
2023,fsh_len,Male,59,319,0.112853,102.87271001342107,48
2023,fsh_len,Male,61,319,0.134796,102.87271001342107,48
2023,fsh_len,Male,63,319,0.137931,102.87271001342107,48
2023,fsh_len,Male,65,319,0.137931,102.87271001342107,48
2023,fsh_len,Male,67,319,0.106583,102.87271001342107,48
2023,fsh_len,Male,69,319,0.122257,102.87271001342107,48
2023,fsh_len,Male,71,319,0.034483,102.87271001342107,48
2023,fsh_len,Male,73,319,0.040752,102.87271001342107,48
2023,fsh_len,Male,75,319,0.00627,102.87271001342107,48
2023,fsh_len,Male,77,319,0.003135,102.87271001342107,48
2023,fsh_len,Male,79,319,0,102.87271001342107,48
2023,fsh_len,Male,81,319,0,102.87271001342107,48
2023,fsh_len,Male,83,319,0,102.87271001342107,48
2023,fsh_len,Male,85,319,0,102.87271001342107,48
2023,fsh_len,Male,87,319,0,102.87271001342107,48
2023,fsh_len,Male,89,319,0,102.87271001342107,48
2023,fsh_len,Male,91,319,0,102.87271001342107,48
2023,fsh_len,Male,93,319,0,102.87271001342107,48
2023,fsh_len,Male,95,319,0,102.87271001342107,48
2023,fsh_len,Male,97,319,0,102.87271001342107,48
2023,fsh_len,Male,99,319,0,102.87271001342107,48
2023,fsh_len,Sex combined,41,887,0,118.00713194312642,48
2023,fsh_len,Sex combined,43,887,0,118.00713194312642,48
2023,fsh_len,Sex combined,45,887,0,118.00713194312642,48
2023,fsh_len,Sex combined,47,887,0,118.00713194312642,48
2023,fsh_len,Sex combined,49,887,0,118.00713194312642,48
2023,fsh_len,Sex combined,51,887,0.0045,118.00713194312642,48
2023,fsh_len,Sex combined,53,887,0.009,118.00713194312642,48
2023,fsh_len,Sex combined,55,887,0.0225,118.00713194312642,48
2023,fsh_len,Sex combined,57,887,0.0575,118.00713194312642,48
2023,fsh_len,Sex combined,59,887,0.071,118.00713194312642,48
2023,fsh_len,Sex combined,61,887,0.0981,118.00713194312642,48
2023,fsh_len,Sex combined,63,887,0.124,118.00713194312642,48
2023,fsh_len,Sex combined,65,887,0.1421,118.00713194312642,48
2023,fsh_len,Sex combined,67,887,0.1195,118.00713194312642,48
2023,fsh_len,Sex combined,69,887,0.0992,118.00713194312642,48
2023,fsh_len,Sex combined,71,887,0.0564,118.00713194312642,48
2023,fsh_len,Sex combined,73,887,0.0643,118.00713194312642,48
2023,fsh_len,Sex combined,75,887,0.0428,118.00713194312642,48
2023,fsh_len,Sex combined,77,887,0.0214,118.00713194312642,48
2023,fsh_len,Sex combined,79,887,0.0135,118.00713194312642,48
2023,fsh_len,Sex combined,81,887,0.0192,118.00713194312642,48
2023,fsh_len,Sex combined,83,887,0.0147,118.00713194312642,48
2023,fsh_len,Sex combined,85,887,0.0068,118.00713194312642,48
2023,fsh_len,Sex combined,87,887,0.0056,118.00713194312642,48
2023,fsh_len,Sex combined,89,887,0.0034,118.00713194312642,48
2023,fsh_len,Sex combined,91,887,0.0023,118.00713194312642,48
2023,fsh_len,Sex combined,93,887,0.0011,118.00713194312642,48
2023,fsh_len,Sex combined,95,887,0.0011,118.00713194312642,48
2023,fsh_len,Sex combined,97,887,0,118.00713194312642,48
2023,fsh_len,Sex combined,99,887,0,118.00713194312642,48
2024,fsh_len,Female,41,1836,0,118.00713194312642,49
2024,fsh_len,Female,43,1836,0,118.00713194312642,49
2024,fsh_len,Female,45,1836,0,118.00713194312642,49
2024,fsh_len,Female,47,1836,0,118.00713194312642,49
2024,fsh_len,Female,49,1836,0,118.00713194312642,49
2024,fsh_len,Female,51,1836,0,118.00713194312642,49
2024,fsh_len,Female,53,1836,0.005447,118.00713194312642,49
2024,fsh_len,Female,55,1836,0.008715,118.00713194312642,49
2024,fsh_len,Female,57,1836,0.020697,118.00713194312642,49
2024,fsh_len,Female,59,1836,0.03268,118.00713194312642,49
2024,fsh_len,Female,61,1836,0.061002,118.00713194312642,49
2024,fsh_len,Female,63,1836,0.111111,118.00713194312642,49
2024,fsh_len,Female,65,1836,0.139434,118.00713194312642,49
2024,fsh_len,Female,67,1836,0.12963,118.00713194312642,49
2024,fsh_len,Female,69,1836,0.102397,118.00713194312642,49
2024,fsh_len,Female,71,1836,0.115468,118.00713194312642,49
2024,fsh_len,Female,73,1836,0.059913,118.00713194312642,49
2024,fsh_len,Female,75,1836,0.062092,118.00713194312642,49
2024,fsh_len,Female,77,1836,0.037037,118.00713194312642,49
2024,fsh_len,Female,79,1836,0.026144,118.00713194312642,49
2024,fsh_len,Female,81,1836,0.029412,118.00713194312642,49
2024,fsh_len,Female,83,1836,0.017429,118.00713194312642,49
2024,fsh_len,Female,85,1836,0.013072,118.00713194312642,49
2024,fsh_len,Female,87,1836,0.006536,118.00713194312642,49
2024,fsh_len,Female,89,1836,0.007625,118.00713194312642,49
2024,fsh_len,Female,91,1836,0.002179,118.00713194312642,49
2024,fsh_len,Female,93,1836,0.005447,118.00713194312642,49
2024,fsh_len,Female,95,1836,0.003268,118.00713194312642,49
2024,fsh_len,Female,97,1836,0.002179,118.00713194312642,49
2024,fsh_len,Female,99,1836,0.001089,118.00713194312642,49
2024,fsh_len,Male,41,772,0,102.87271001342107,49
2024,fsh_len,Male,43,772,0,102.87271001342107,49
2024,fsh_len,Male,45,772,0,102.87271001342107,49
2024,fsh_len,Male,47,772,0,102.87271001342107,49
2024,fsh_len,Male,49,772,0,102.87271001342107,49
2024,fsh_len,Male,51,772,0,102.87271001342107,49
2024,fsh_len,Male,53,772,0.015544,102.87271001342107,49
2024,fsh_len,Male,55,772,0.036269,102.87271001342107,49
2024,fsh_len,Male,57,772,0.095855,102.87271001342107,49
2024,fsh_len,Male,59,772,0.137306,102.87271001342107,49
2024,fsh_len,Male,61,772,0.160622,102.87271001342107,49
2024,fsh_len,Male,63,772,0.129534,102.87271001342107,49
2024,fsh_len,Male,65,772,0.121762,102.87271001342107,49
2024,fsh_len,Male,67,772,0.111399,102.87271001342107,49
2024,fsh_len,Male,69,772,0.093264,102.87271001342107,49
2024,fsh_len,Male,71,772,0.056995,102.87271001342107,49
2024,fsh_len,Male,73,772,0.020725,102.87271001342107,49
2024,fsh_len,Male,75,772,0.018135,102.87271001342107,49
2024,fsh_len,Male,77,772,0.002591,102.87271001342107,49
2024,fsh_len,Male,79,772,0,102.87271001342107,49
2024,fsh_len,Male,81,772,0,102.87271001342107,49
2024,fsh_len,Male,83,772,0,102.87271001342107,49
2024,fsh_len,Male,85,772,0,102.87271001342107,49
2024,fsh_len,Male,87,772,0,102.87271001342107,49
2024,fsh_len,Male,89,772,0,102.87271001342107,49
2024,fsh_len,Male,91,772,0,102.87271001342107,49
2024,fsh_len,Male,93,772,0,102.87271001342107,49
2024,fsh_len,Male,95,772,0,102.87271001342107,49
2024,fsh_len,Male,97,772,0,102.87271001342107,49
2024,fsh_len,Male,99,772,0,102.87271001342107,49
2024,fsh_len,Sex combined,41,2608,0,118.00713194312642,49
2024,fsh_len,Sex combined,43,2608,0,118.00713194312642,49
2024,fsh_len,Sex combined,45,2608,0,118.00713194312642,49
2024,fsh_len,Sex combined,47,2608,0,118.00713194312642,49
2024,fsh_len,Sex combined,49,2608,0,118.00713194312642,49
2024,fsh_len,Sex combined,51,2608,0,118.00713194312642,49
2024,fsh_len,Sex combined,53,2608,0.0084,118.00713194312642,49
2024,fsh_len,Sex combined,55,2608,0.0169,118.00713194312642,49
2024,fsh_len,Sex combined,57,2608,0.0429,118.00713194312642,49
2024,fsh_len,Sex combined,59,2608,0.0637,118.00713194312642,49
2024,fsh_len,Sex combined,61,2608,0.0905,118.00713194312642,49
2024,fsh_len,Sex combined,63,2608,0.1166,118.00713194312642,49
2024,fsh_len,Sex combined,65,2608,0.1342,118.00713194312642,49
2024,fsh_len,Sex combined,67,2608,0.1242,118.00713194312642,49
2024,fsh_len,Sex combined,69,2608,0.0997,118.00713194312642,49
2024,fsh_len,Sex combined,71,2608,0.0982,118.00713194312642,49
2024,fsh_len,Sex combined,73,2608,0.0483,118.00713194312642,49
2024,fsh_len,Sex combined,75,2608,0.0491,118.00713194312642,49
2024,fsh_len,Sex combined,77,2608,0.0268,118.00713194312642,49
2024,fsh_len,Sex combined,79,2608,0.0184,118.00713194312642,49
2024,fsh_len,Sex combined,81,2608,0.0207,118.00713194312642,49
2024,fsh_len,Sex combined,83,2608,0.0123,118.00713194312642,49
2024,fsh_len,Sex combined,85,2608,0.0092,118.00713194312642,49
2024,fsh_len,Sex combined,87,2608,0.0046,118.00713194312642,49
2024,fsh_len,Sex combined,89,2608,0.0054,118.00713194312642,49
2024,fsh_len,Sex combined,91,2608,0.0015,118.00713194312642,49
2024,fsh_len,Sex combined,93,2608,0.0038,118.00713194312642,49
2024,fsh_len,Sex combined,95,2608,0.0023,118.00713194312642,49
2024,fsh_len,Sex combined,97,2608,0.0015,118.00713194312642,49
2024,fsh_len,Sex combined,99,2608,8e-4,118.00713194312642,49
2025,fsh_len,Female,41,1103,0,118.00713194312642,50
2025,fsh_len,Female,43,1103,0,118.00713194312642,50
2025,fsh_len,Female,45,1103,9.07e-4,118.00713194312642,50
2025,fsh_len,Female,47,1103,0,118.00713194312642,50
2025,fsh_len,Female,49,1103,0,118.00713194312642,50
2025,fsh_len,Female,51,1103,0,118.00713194312642,50
2025,fsh_len,Female,53,1103,0.001813,118.00713194312642,50
2025,fsh_len,Female,55,1103,0.00544,118.00713194312642,50
2025,fsh_len,Female,57,1103,0.014506,118.00713194312642,50
2025,fsh_len,Female,59,1103,0.026292,118.00713194312642,50
2025,fsh_len,Female,61,1103,0.070716,118.00713194312642,50
2025,fsh_len,Female,63,1103,0.122393,118.00713194312642,50
2025,fsh_len,Female,65,1103,0.18223,118.00713194312642,50
2025,fsh_len,Female,67,1103,0.162285,118.00713194312642,50
2025,fsh_len,Female,69,1103,0.108794,118.00713194312642,50
2025,fsh_len,Female,71,1103,0.100635,118.00713194312642,50
2025,fsh_len,Female,73,1103,0.065277,118.00713194312642,50
2025,fsh_len,Female,75,1103,0.038078,118.00713194312642,50
2025,fsh_len,Female,77,1103,0.025385,118.00713194312642,50
2025,fsh_len,Female,79,1103,0.029918,118.00713194312642,50
2025,fsh_len,Female,81,1103,0.009973,118.00713194312642,50
2025,fsh_len,Female,83,1103,0.00544,118.00713194312642,50
2025,fsh_len,Female,85,1103,0.013599,118.00713194312642,50
2025,fsh_len,Female,87,1103,0.004533,118.00713194312642,50
2025,fsh_len,Female,89,1103,9.07e-4,118.00713194312642,50
2025,fsh_len,Female,91,1103,0.00272,118.00713194312642,50
2025,fsh_len,Female,93,1103,0.003626,118.00713194312642,50
2025,fsh_len,Female,95,1103,9.07e-4,118.00713194312642,50
2025,fsh_len,Female,97,1103,0.001813,118.00713194312642,50
2025,fsh_len,Female,99,1103,0.001813,118.00713194312642,50
2025,fsh_len,Male,41,562,0,102.87271001342107,50
2025,fsh_len,Male,43,562,0,102.87271001342107,50
2025,fsh_len,Male,45,562,0,102.87271001342107,50
2025,fsh_len,Male,47,562,0,102.87271001342107,50
2025,fsh_len,Male,49,562,0,102.87271001342107,50
2025,fsh_len,Male,51,562,0.001779,102.87271001342107,50
2025,fsh_len,Male,53,562,0.001779,102.87271001342107,50
2025,fsh_len,Male,55,562,0.021352,102.87271001342107,50
2025,fsh_len,Male,57,562,0.065836,102.87271001342107,50
2025,fsh_len,Male,59,562,0.181495,102.87271001342107,50
2025,fsh_len,Male,61,562,0.208185,102.87271001342107,50
2025,fsh_len,Male,63,562,0.186833,102.87271001342107,50
2025,fsh_len,Male,65,562,0.122776,102.87271001342107,50
2025,fsh_len,Male,67,562,0.08363,102.87271001342107,50
2025,fsh_len,Male,69,562,0.053381,102.87271001342107,50
2025,fsh_len,Male,71,562,0.02847,102.87271001342107,50
2025,fsh_len,Male,73,562,0.023132,102.87271001342107,50
2025,fsh_len,Male,75,562,0.008897,102.87271001342107,50
2025,fsh_len,Male,77,562,0.008897,102.87271001342107,50
2025,fsh_len,Male,79,562,0.001779,102.87271001342107,50
2025,fsh_len,Male,81,562,0,102.87271001342107,50
2025,fsh_len,Male,83,562,0.001779,102.87271001342107,50
2025,fsh_len,Male,85,562,0,102.87271001342107,50
2025,fsh_len,Male,87,562,0,102.87271001342107,50
2025,fsh_len,Male,89,562,0,102.87271001342107,50
2025,fsh_len,Male,91,562,0,102.87271001342107,50
2025,fsh_len,Male,93,562,0,102.87271001342107,50
2025,fsh_len,Male,95,562,0,102.87271001342107,50
2025,fsh_len,Male,97,562,0,102.87271001342107,50
2025,fsh_len,Male,99,562,0,102.87271001342107,50
2025,fsh_len,Sex combined,41,1665,0,118.00713194312642,50
2025,fsh_len,Sex combined,43,1665,0,118.00713194312642,50
2025,fsh_len,Sex combined,45,1665,6e-4,118.00713194312642,50
2025,fsh_len,Sex combined,47,1665,0,118.00713194312642,50
2025,fsh_len,Sex combined,49,1665,0,118.00713194312642,50
2025,fsh_len,Sex combined,51,1665,6e-4,118.00713194312642,50
2025,fsh_len,Sex combined,53,1665,0.0018,118.00713194312642,50
2025,fsh_len,Sex combined,55,1665,0.0108,118.00713194312642,50
2025,fsh_len,Sex combined,57,1665,0.0318,118.00713194312642,50
2025,fsh_len,Sex combined,59,1665,0.0787,118.00713194312642,50
2025,fsh_len,Sex combined,61,1665,0.1171,118.00713194312642,50
2025,fsh_len,Sex combined,63,1665,0.1441,118.00713194312642,50
2025,fsh_len,Sex combined,65,1665,0.1622,118.00713194312642,50
2025,fsh_len,Sex combined,67,1665,0.1357,118.00713194312642,50
2025,fsh_len,Sex combined,69,1665,0.0901,118.00713194312642,50
2025,fsh_len,Sex combined,71,1665,0.0763,118.00713194312642,50
2025,fsh_len,Sex combined,73,1665,0.0511,118.00713194312642,50
2025,fsh_len,Sex combined,75,1665,0.0282,118.00713194312642,50
2025,fsh_len,Sex combined,77,1665,0.0198,118.00713194312642,50
2025,fsh_len,Sex combined,79,1665,0.0204,118.00713194312642,50
2025,fsh_len,Sex combined,81,1665,0.0066,118.00713194312642,50
2025,fsh_len,Sex combined,83,1665,0.0042,118.00713194312642,50
2025,fsh_len,Sex combined,85,1665,0.009,118.00713194312642,50
2025,fsh_len,Sex combined,87,1665,0.003,118.00713194312642,50
2025,fsh_len,Sex combined,89,1665,6e-4,118.00713194312642,50
2025,fsh_len,Sex combined,91,1665,0.0018,118.00713194312642,50
2025,fsh_len,Sex combined,93,1665,0.0024,118.00713194312642,50
2025,fsh_len,Sex combined,95,1665,6e-4,118.00713194312642,50
2025,fsh_len,Sex combined,97,1665,0.0012,118.00713194312642,50
2025,fsh_len,Sex combined,99,1665,0.0012,118.00713194312642,50
1997,srv_len,Female,41,252,0,77.24552056511932,22
1997,srv_len,Female,43,252,0,77.24552056511932,22
1997,srv_len,Female,45,252,0,77.24552056511932,22
1997,srv_len,Female,47,252,0.003968,77.24552056511932,22
1997,srv_len,Female,49,252,0.003968,77.24552056511932,22
1997,srv_len,Female,51,252,0,77.24552056511932,22
1997,srv_len,Female,53,252,0.007937,77.24552056511932,22
1997,srv_len,Female,55,252,0.027778,77.24552056511932,22
1997,srv_len,Female,57,252,0.02381,77.24552056511932,22
1997,srv_len,Female,59,252,0.015873,77.24552056511932,22
1997,srv_len,Female,61,252,0.027778,77.24552056511932,22
1997,srv_len,Female,63,252,0.02381,77.24552056511932,22
1997,srv_len,Female,65,252,0.015873,77.24552056511932,22
1997,srv_len,Female,67,252,0.059524,77.24552056511932,22
1997,srv_len,Female,69,252,0.083333,77.24552056511932,22
1997,srv_len,Female,71,252,0.079365,77.24552056511932,22
1997,srv_len,Female,73,252,0.138889,77.24552056511932,22
1997,srv_len,Female,75,252,0.079365,77.24552056511932,22
1997,srv_len,Female,77,252,0.087302,77.24552056511932,22
1997,srv_len,Female,79,252,0.075397,77.24552056511932,22
1997,srv_len,Female,81,252,0.063492,77.24552056511932,22
1997,srv_len,Female,83,252,0.051587,77.24552056511932,22
1997,srv_len,Female,85,252,0.019841,77.24552056511932,22
1997,srv_len,Female,87,252,0.031746,77.24552056511932,22
1997,srv_len,Female,89,252,0.039683,77.24552056511932,22
1997,srv_len,Female,91,252,0.007937,77.24552056511932,22
1997,srv_len,Female,93,252,0.003968,77.24552056511932,22
1997,srv_len,Female,95,252,0.007937,77.24552056511932,22
1997,srv_len,Female,97,252,0.003968,77.24552056511932,22
1997,srv_len,Female,99,252,0.015873,77.24552056511932,22
1997,srv_len,Male,41,268,0,66.49249456546144,22
1997,srv_len,Male,43,268,0.003731,66.49249456546144,22
1997,srv_len,Male,45,268,0.003731,66.49249456546144,22
1997,srv_len,Male,47,268,0,66.49249456546144,22
1997,srv_len,Male,49,268,0.007463,66.49249456546144,22
1997,srv_len,Male,51,268,0.003731,66.49249456546144,22
1997,srv_len,Male,53,268,0.007463,66.49249456546144,22
1997,srv_len,Male,55,268,0.003731,66.49249456546144,22
1997,srv_len,Male,57,268,0.022388,66.49249456546144,22
1997,srv_len,Male,59,268,0.037313,66.49249456546144,22
1997,srv_len,Male,61,268,0.05597,66.49249456546144,22
1997,srv_len,Male,63,268,0.130597,66.49249456546144,22
1997,srv_len,Male,65,268,0.149254,66.49249456546144,22
1997,srv_len,Male,67,268,0.19403,66.49249456546144,22
1997,srv_len,Male,69,268,0.156716,66.49249456546144,22
1997,srv_len,Male,71,268,0.08209,66.49249456546144,22
1997,srv_len,Male,73,268,0.059701,66.49249456546144,22
1997,srv_len,Male,75,268,0.037313,66.49249456546144,22
1997,srv_len,Male,77,268,0.022388,66.49249456546144,22
1997,srv_len,Male,79,268,0.018657,66.49249456546144,22
1997,srv_len,Male,81,268,0.003731,66.49249456546144,22
1997,srv_len,Male,83,268,0,66.49249456546144,22
1997,srv_len,Male,85,268,0,66.49249456546144,22
1997,srv_len,Male,87,268,0,66.49249456546144,22
1997,srv_len,Male,89,268,0,66.49249456546144,22
1997,srv_len,Male,91,268,0,66.49249456546144,22
1997,srv_len,Male,93,268,0,66.49249456546144,22
1997,srv_len,Male,95,268,0,66.49249456546144,22
1997,srv_len,Male,97,268,0,66.49249456546144,22
1997,srv_len,Male,99,268,0,66.49249456546144,22
1997,srv_len,Sex combined,41,520,0,77.24552056511932,22
1997,srv_len,Sex combined,43,520,0.0019,77.24552056511932,22
1997,srv_len,Sex combined,45,520,0.0019,77.24552056511932,22
1997,srv_len,Sex combined,47,520,0.0019,77.24552056511932,22
1997,srv_len,Sex combined,49,520,0.0058,77.24552056511932,22
1997,srv_len,Sex combined,51,520,0.0019,77.24552056511932,22
1997,srv_len,Sex combined,53,520,0.0077,77.24552056511932,22
1997,srv_len,Sex combined,55,520,0.0154,77.24552056511932,22
1997,srv_len,Sex combined,57,520,0.0231,77.24552056511932,22
1997,srv_len,Sex combined,59,520,0.0269,77.24552056511932,22
1997,srv_len,Sex combined,61,520,0.0423,77.24552056511932,22
1997,srv_len,Sex combined,63,520,0.0788,77.24552056511932,22
1997,srv_len,Sex combined,65,520,0.0846,77.24552056511932,22
1997,srv_len,Sex combined,67,520,0.1288,77.24552056511932,22
1997,srv_len,Sex combined,69,520,0.1212,77.24552056511932,22
1997,srv_len,Sex combined,71,520,0.0808,77.24552056511932,22
1997,srv_len,Sex combined,73,520,0.0981,77.24552056511932,22
1997,srv_len,Sex combined,75,520,0.0577,77.24552056511932,22
1997,srv_len,Sex combined,77,520,0.0538,77.24552056511932,22
1997,srv_len,Sex combined,79,520,0.0462,77.24552056511932,22
1997,srv_len,Sex combined,81,520,0.0327,77.24552056511932,22
1997,srv_len,Sex combined,83,520,0.025,77.24552056511932,22
1997,srv_len,Sex combined,85,520,0.0096,77.24552056511932,22
1997,srv_len,Sex combined,87,520,0.0154,77.24552056511932,22
1997,srv_len,Sex combined,89,520,0.0192,77.24552056511932,22
1997,srv_len,Sex combined,91,520,0.0038,77.24552056511932,22
1997,srv_len,Sex combined,93,520,0.0019,77.24552056511932,22
1997,srv_len,Sex combined,95,520,0.0038,77.24552056511932,22
1997,srv_len,Sex combined,97,520,0.0019,77.24552056511932,22
1997,srv_len,Sex combined,99,520,0.0077,77.24552056511932,22
1998,srv_len,Female,41,196,0,77.24552056511932,23
1998,srv_len,Female,43,196,0.005102,77.24552056511932,23
1998,srv_len,Female,45,196,0,77.24552056511932,23
1998,srv_len,Female,47,196,0,77.24552056511932,23
1998,srv_len,Female,49,196,0,77.24552056511932,23
1998,srv_len,Female,51,196,0.020408,77.24552056511932,23
1998,srv_len,Female,53,196,0.02551,77.24552056511932,23
1998,srv_len,Female,55,196,0.030612,77.24552056511932,23
1998,srv_len,Female,57,196,0.02551,77.24552056511932,23
1998,srv_len,Female,59,196,0.020408,77.24552056511932,23
1998,srv_len,Female,61,196,0.030612,77.24552056511932,23
1998,srv_len,Female,63,196,0.020408,77.24552056511932,23
1998,srv_len,Female,65,196,0.02551,77.24552056511932,23
1998,srv_len,Female,67,196,0.040816,77.24552056511932,23
1998,srv_len,Female,69,196,0.091837,77.24552056511932,23
1998,srv_len,Female,71,196,0.102041,77.24552056511932,23
1998,srv_len,Female,73,196,0.086735,77.24552056511932,23
1998,srv_len,Female,75,196,0.107143,77.24552056511932,23
1998,srv_len,Female,77,196,0.061224,77.24552056511932,23
1998,srv_len,Female,79,196,0.076531,77.24552056511932,23
1998,srv_len,Female,81,196,0.096939,77.24552056511932,23
1998,srv_len,Female,83,196,0.040816,77.24552056511932,23
1998,srv_len,Female,85,196,0.030612,77.24552056511932,23
1998,srv_len,Female,87,196,0.010204,77.24552056511932,23
1998,srv_len,Female,89,196,0.010204,77.24552056511932,23
1998,srv_len,Female,91,196,0.010204,77.24552056511932,23
1998,srv_len,Female,93,196,0.02551,77.24552056511932,23
1998,srv_len,Female,95,196,0,77.24552056511932,23
1998,srv_len,Female,97,196,0,77.24552056511932,23
1998,srv_len,Female,99,196,0.005102,77.24552056511932,23
1998,srv_len,Male,41,153,0,66.49249456546144,23
1998,srv_len,Male,43,153,0,66.49249456546144,23
1998,srv_len,Male,45,153,0,66.49249456546144,23
1998,srv_len,Male,47,153,0.013072,66.49249456546144,23
1998,srv_len,Male,49,153,0.013072,66.49249456546144,23
1998,srv_len,Male,51,153,0.013072,66.49249456546144,23
1998,srv_len,Male,53,153,0.03268,66.49249456546144,23
1998,srv_len,Male,55,153,0.026144,66.49249456546144,23
1998,srv_len,Male,57,153,0.013072,66.49249456546144,23
1998,srv_len,Male,59,153,0.019608,66.49249456546144,23
1998,srv_len,Male,61,153,0.071895,66.49249456546144,23
1998,srv_len,Male,63,153,0.137255,66.49249456546144,23
1998,srv_len,Male,65,153,0.189542,66.49249456546144,23
1998,srv_len,Male,67,153,0.111111,66.49249456546144,23
1998,srv_len,Male,69,153,0.183007,66.49249456546144,23
1998,srv_len,Male,71,153,0.065359,66.49249456546144,23
1998,srv_len,Male,73,153,0.058824,66.49249456546144,23
1998,srv_len,Male,75,153,0.03268,66.49249456546144,23
1998,srv_len,Male,77,153,0.006536,66.49249456546144,23
1998,srv_len,Male,79,153,0.006536,66.49249456546144,23
1998,srv_len,Male,81,153,0,66.49249456546144,23
1998,srv_len,Male,83,153,0,66.49249456546144,23
1998,srv_len,Male,85,153,0,66.49249456546144,23
1998,srv_len,Male,87,153,0,66.49249456546144,23
1998,srv_len,Male,89,153,0,66.49249456546144,23
1998,srv_len,Male,91,153,0,66.49249456546144,23
1998,srv_len,Male,93,153,0.006536,66.49249456546144,23
1998,srv_len,Male,95,153,0,66.49249456546144,23
1998,srv_len,Male,97,153,0,66.49249456546144,23
1998,srv_len,Male,99,153,0,66.49249456546144,23
1998,srv_len,Sex combined,41,349,0,77.24552056511932,23
1998,srv_len,Sex combined,43,349,0.0029,77.24552056511932,23
1998,srv_len,Sex combined,45,349,0,77.24552056511932,23
1998,srv_len,Sex combined,47,349,0.0057,77.24552056511932,23
1998,srv_len,Sex combined,49,349,0.0057,77.24552056511932,23
1998,srv_len,Sex combined,51,349,0.0172,77.24552056511932,23
1998,srv_len,Sex combined,53,349,0.0287,77.24552056511932,23
1998,srv_len,Sex combined,55,349,0.0287,77.24552056511932,23
1998,srv_len,Sex combined,57,349,0.0201,77.24552056511932,23
1998,srv_len,Sex combined,59,349,0.0201,77.24552056511932,23
1998,srv_len,Sex combined,61,349,0.0487,77.24552056511932,23
1998,srv_len,Sex combined,63,349,0.0716,77.24552056511932,23
1998,srv_len,Sex combined,65,349,0.0974,77.24552056511932,23
1998,srv_len,Sex combined,67,349,0.0716,77.24552056511932,23
1998,srv_len,Sex combined,69,349,0.1318,77.24552056511932,23
1998,srv_len,Sex combined,71,349,0.086,77.24552056511932,23
1998,srv_len,Sex combined,73,349,0.0745,77.24552056511932,23
1998,srv_len,Sex combined,75,349,0.0745,77.24552056511932,23
1998,srv_len,Sex combined,77,349,0.0372,77.24552056511932,23
1998,srv_len,Sex combined,79,349,0.0458,77.24552056511932,23
1998,srv_len,Sex combined,81,349,0.0544,77.24552056511932,23
1998,srv_len,Sex combined,83,349,0.0229,77.24552056511932,23
1998,srv_len,Sex combined,85,349,0.0172,77.24552056511932,23
1998,srv_len,Sex combined,87,349,0.0057,77.24552056511932,23
1998,srv_len,Sex combined,89,349,0.0057,77.24552056511932,23
1998,srv_len,Sex combined,91,349,0.0057,77.24552056511932,23
1998,srv_len,Sex combined,93,349,0.0172,77.24552056511932,23
1998,srv_len,Sex combined,95,349,0,77.24552056511932,23
1998,srv_len,Sex combined,97,349,0,77.24552056511932,23
1998,srv_len,Sex combined,99,349,0.0029,77.24552056511932,23
1999,srv_len,Female,41,129,0,77.24552056511932,24
1999,srv_len,Female,43,129,0,77.24552056511932,24
1999,srv_len,Female,45,129,0.007752,77.24552056511932,24
1999,srv_len,Female,47,129,0.031008,77.24552056511932,24
1999,srv_len,Female,49,129,0.03876,77.24552056511932,24
1999,srv_len,Female,51,129,0.031008,77.24552056511932,24
1999,srv_len,Female,53,129,0.031008,77.24552056511932,24
1999,srv_len,Female,55,129,0.069767,77.24552056511932,24
1999,srv_len,Female,57,129,0.054264,77.24552056511932,24
1999,srv_len,Female,59,129,0.077519,77.24552056511932,24
1999,srv_len,Female,61,129,0.077519,77.24552056511932,24
1999,srv_len,Female,63,129,0.054264,77.24552056511932,24
1999,srv_len,Female,65,129,0.03876,77.24552056511932,24
1999,srv_len,Female,67,129,0.031008,77.24552056511932,24
1999,srv_len,Female,69,129,0.046512,77.24552056511932,24
1999,srv_len,Female,71,129,0.054264,77.24552056511932,24
1999,srv_len,Female,73,129,0.046512,77.24552056511932,24
1999,srv_len,Female,75,129,0.054264,77.24552056511932,24
1999,srv_len,Female,77,129,0.03876,77.24552056511932,24
1999,srv_len,Female,79,129,0.054264,77.24552056511932,24
1999,srv_len,Female,81,129,0.046512,77.24552056511932,24
1999,srv_len,Female,83,129,0.046512,77.24552056511932,24
1999,srv_len,Female,85,129,0.023256,77.24552056511932,24
1999,srv_len,Female,87,129,0,77.24552056511932,24
1999,srv_len,Female,89,129,0.031008,77.24552056511932,24
1999,srv_len,Female,91,129,0,77.24552056511932,24
1999,srv_len,Female,93,129,0.007752,77.24552056511932,24
1999,srv_len,Female,95,129,0,77.24552056511932,24
1999,srv_len,Female,97,129,0,77.24552056511932,24
1999,srv_len,Female,99,129,0.007752,77.24552056511932,24
1999,srv_len,Male,41,144,0,66.49249456546144,24
1999,srv_len,Male,43,144,0,66.49249456546144,24
1999,srv_len,Male,45,144,0.006944,66.49249456546144,24
1999,srv_len,Male,47,144,0.048611,66.49249456546144,24
1999,srv_len,Male,49,144,0.027778,66.49249456546144,24
1999,srv_len,Male,51,144,0.013889,66.49249456546144,24
1999,srv_len,Male,53,144,0.076389,66.49249456546144,24
1999,srv_len,Male,55,144,0.041667,66.49249456546144,24
1999,srv_len,Male,57,144,0.048611,66.49249456546144,24
1999,srv_len,Male,59,144,0.055556,66.49249456546144,24
1999,srv_len,Male,61,144,0.083333,66.49249456546144,24
1999,srv_len,Male,63,144,0.097222,66.49249456546144,24
1999,srv_len,Male,65,144,0.145833,66.49249456546144,24
1999,srv_len,Male,67,144,0.125,66.49249456546144,24
1999,srv_len,Male,69,144,0.104167,66.49249456546144,24
1999,srv_len,Male,71,144,0.055556,66.49249456546144,24
1999,srv_len,Male,73,144,0.027778,66.49249456546144,24
1999,srv_len,Male,75,144,0.006944,66.49249456546144,24
1999,srv_len,Male,77,144,0.013889,66.49249456546144,24
1999,srv_len,Male,79,144,0.006944,66.49249456546144,24
1999,srv_len,Male,81,144,0,66.49249456546144,24
1999,srv_len,Male,83,144,0.006944,66.49249456546144,24
1999,srv_len,Male,85,144,0,66.49249456546144,24
1999,srv_len,Male,87,144,0,66.49249456546144,24
1999,srv_len,Male,89,144,0,66.49249456546144,24
1999,srv_len,Male,91,144,0,66.49249456546144,24
1999,srv_len,Male,93,144,0,66.49249456546144,24
1999,srv_len,Male,95,144,0.006944,66.49249456546144,24
1999,srv_len,Male,97,144,0,66.49249456546144,24
1999,srv_len,Male,99,144,0,66.49249456546144,24
1999,srv_len,Sex combined,41,273,0,77.24552056511932,24
1999,srv_len,Sex combined,43,273,0,77.24552056511932,24
1999,srv_len,Sex combined,45,273,0.0073,77.24552056511932,24
1999,srv_len,Sex combined,47,273,0.0403,77.24552056511932,24
1999,srv_len,Sex combined,49,273,0.033,77.24552056511932,24
1999,srv_len,Sex combined,51,273,0.022,77.24552056511932,24
1999,srv_len,Sex combined,53,273,0.0549,77.24552056511932,24
1999,srv_len,Sex combined,55,273,0.0549,77.24552056511932,24
1999,srv_len,Sex combined,57,273,0.0513,77.24552056511932,24
1999,srv_len,Sex combined,59,273,0.0659,77.24552056511932,24
1999,srv_len,Sex combined,61,273,0.0806,77.24552056511932,24
1999,srv_len,Sex combined,63,273,0.0769,77.24552056511932,24
1999,srv_len,Sex combined,65,273,0.0952,77.24552056511932,24
1999,srv_len,Sex combined,67,273,0.0806,77.24552056511932,24
1999,srv_len,Sex combined,69,273,0.0769,77.24552056511932,24
1999,srv_len,Sex combined,71,273,0.0549,77.24552056511932,24
1999,srv_len,Sex combined,73,273,0.0366,77.24552056511932,24
1999,srv_len,Sex combined,75,273,0.0293,77.24552056511932,24
1999,srv_len,Sex combined,77,273,0.0256,77.24552056511932,24
1999,srv_len,Sex combined,79,273,0.0293,77.24552056511932,24
1999,srv_len,Sex combined,81,273,0.022,77.24552056511932,24
1999,srv_len,Sex combined,83,273,0.0256,77.24552056511932,24
1999,srv_len,Sex combined,85,273,0.011,77.24552056511932,24
1999,srv_len,Sex combined,87,273,0,77.24552056511932,24
1999,srv_len,Sex combined,89,273,0.0147,77.24552056511932,24
1999,srv_len,Sex combined,91,273,0,77.24552056511932,24
1999,srv_len,Sex combined,93,273,0.0037,77.24552056511932,24
1999,srv_len,Sex combined,95,273,0.0037,77.24552056511932,24
1999,srv_len,Sex combined,97,273,0,77.24552056511932,24
1999,srv_len,Sex combined,99,273,0.0037,77.24552056511932,24
2000,srv_len,Female,41,206,0,77.24552056511932,25
2000,srv_len,Female,43,206,0,77.24552056511932,25
2000,srv_len,Female,45,206,0.004854,77.24552056511932,25
2000,srv_len,Female,47,206,0.014563,77.24552056511932,25
2000,srv_len,Female,49,206,0.024272,77.24552056511932,25
2000,srv_len,Female,51,206,0.063107,77.24552056511932,25
2000,srv_len,Female,53,206,0.043689,77.24552056511932,25
2000,srv_len,Female,55,206,0.043689,77.24552056511932,25
2000,srv_len,Female,57,206,0.024272,77.24552056511932,25
2000,srv_len,Female,59,206,0.067961,77.24552056511932,25
2000,srv_len,Female,61,206,0.024272,77.24552056511932,25
2000,srv_len,Female,63,206,0.043689,77.24552056511932,25
2000,srv_len,Female,65,206,0.07767,77.24552056511932,25
2000,srv_len,Female,67,206,0.082524,77.24552056511932,25
2000,srv_len,Female,69,206,0.07767,77.24552056511932,25
2000,srv_len,Female,71,206,0.063107,77.24552056511932,25
2000,srv_len,Female,73,206,0.053398,77.24552056511932,25
2000,srv_len,Female,75,206,0.048544,77.24552056511932,25
2000,srv_len,Female,77,206,0.038835,77.24552056511932,25
2000,srv_len,Female,79,206,0.058252,77.24552056511932,25
2000,srv_len,Female,81,206,0.024272,77.24552056511932,25
2000,srv_len,Female,83,206,0.043689,77.24552056511932,25
2000,srv_len,Female,85,206,0.014563,77.24552056511932,25
2000,srv_len,Female,87,206,0.019417,77.24552056511932,25
2000,srv_len,Female,89,206,0.014563,77.24552056511932,25
2000,srv_len,Female,91,206,0.014563,77.24552056511932,25
2000,srv_len,Female,93,206,0,77.24552056511932,25
2000,srv_len,Female,95,206,0.009709,77.24552056511932,25
2000,srv_len,Female,97,206,0,77.24552056511932,25
2000,srv_len,Female,99,206,0.004854,77.24552056511932,25
2000,srv_len,Male,41,174,0,66.49249456546144,25
2000,srv_len,Male,43,174,0,66.49249456546144,25
2000,srv_len,Male,45,174,0.011494,66.49249456546144,25
2000,srv_len,Male,47,174,0.028736,66.49249456546144,25
2000,srv_len,Male,49,174,0.057471,66.49249456546144,25
2000,srv_len,Male,51,174,0.045977,66.49249456546144,25
2000,srv_len,Male,53,174,0.028736,66.49249456546144,25
2000,srv_len,Male,55,174,0.045977,66.49249456546144,25
2000,srv_len,Male,57,174,0.097701,66.49249456546144,25
2000,srv_len,Male,59,174,0.057471,66.49249456546144,25
2000,srv_len,Male,61,174,0.109195,66.49249456546144,25
2000,srv_len,Male,63,174,0.091954,66.49249456546144,25
2000,srv_len,Male,65,174,0.051724,66.49249456546144,25
2000,srv_len,Male,67,174,0.114943,66.49249456546144,25
2000,srv_len,Male,69,174,0.109195,66.49249456546144,25
2000,srv_len,Male,71,174,0.074713,66.49249456546144,25
2000,srv_len,Male,73,174,0.034483,66.49249456546144,25
2000,srv_len,Male,75,174,0.028736,66.49249456546144,25
2000,srv_len,Male,77,174,0.005747,66.49249456546144,25
2000,srv_len,Male,79,174,0,66.49249456546144,25
2000,srv_len,Male,81,174,0.005747,66.49249456546144,25
2000,srv_len,Male,83,174,0,66.49249456546144,25
2000,srv_len,Male,85,174,0,66.49249456546144,25
2000,srv_len,Male,87,174,0,66.49249456546144,25
2000,srv_len,Male,89,174,0,66.49249456546144,25
2000,srv_len,Male,91,174,0,66.49249456546144,25
2000,srv_len,Male,93,174,0,66.49249456546144,25
2000,srv_len,Male,95,174,0,66.49249456546144,25
2000,srv_len,Male,97,174,0,66.49249456546144,25
2000,srv_len,Male,99,174,0,66.49249456546144,25
2000,srv_len,Sex combined,41,380,0,77.24552056511932,25
2000,srv_len,Sex combined,43,380,0,77.24552056511932,25
2000,srv_len,Sex combined,45,380,0.0079,77.24552056511932,25
2000,srv_len,Sex combined,47,380,0.0211,77.24552056511932,25
2000,srv_len,Sex combined,49,380,0.0395,77.24552056511932,25
2000,srv_len,Sex combined,51,380,0.0553,77.24552056511932,25
2000,srv_len,Sex combined,53,380,0.0368,77.24552056511932,25
2000,srv_len,Sex combined,55,380,0.0447,77.24552056511932,25
2000,srv_len,Sex combined,57,380,0.0579,77.24552056511932,25
2000,srv_len,Sex combined,59,380,0.0632,77.24552056511932,25
2000,srv_len,Sex combined,61,380,0.0632,77.24552056511932,25
2000,srv_len,Sex combined,63,380,0.0658,77.24552056511932,25
2000,srv_len,Sex combined,65,380,0.0658,77.24552056511932,25
2000,srv_len,Sex combined,67,380,0.0974,77.24552056511932,25
2000,srv_len,Sex combined,69,380,0.0921,77.24552056511932,25
2000,srv_len,Sex combined,71,380,0.0684,77.24552056511932,25
2000,srv_len,Sex combined,73,380,0.0447,77.24552056511932,25
2000,srv_len,Sex combined,75,380,0.0395,77.24552056511932,25
2000,srv_len,Sex combined,77,380,0.0237,77.24552056511932,25
2000,srv_len,Sex combined,79,380,0.0316,77.24552056511932,25
2000,srv_len,Sex combined,81,380,0.0158,77.24552056511932,25
2000,srv_len,Sex combined,83,380,0.0237,77.24552056511932,25
2000,srv_len,Sex combined,85,380,0.0079,77.24552056511932,25
2000,srv_len,Sex combined,87,380,0.0105,77.24552056511932,25
2000,srv_len,Sex combined,89,380,0.0079,77.24552056511932,25
2000,srv_len,Sex combined,91,380,0.0079,77.24552056511932,25
2000,srv_len,Sex combined,93,380,0,77.24552056511932,25
2000,srv_len,Sex combined,95,380,0.0053,77.24552056511932,25
2000,srv_len,Sex combined,97,380,0,77.24552056511932,25
2000,srv_len,Sex combined,99,380,0.0026,77.24552056511932,25
2001,srv_len,Female,41,181,0,77.24552056511932,26
2001,srv_len,Female,43,181,0,77.24552056511932,26
2001,srv_len,Female,45,181,0,77.24552056511932,26
2001,srv_len,Female,47,181,0.01105,77.24552056511932,26
2001,srv_len,Female,49,181,0.016575,77.24552056511932,26
2001,srv_len,Female,51,181,0.027624,77.24552056511932,26
2001,srv_len,Female,53,181,0.055249,77.24552056511932,26
2001,srv_len,Female,55,181,0.016575,77.24552056511932,26
2001,srv_len,Female,57,181,0.066298,77.24552056511932,26
2001,srv_len,Female,59,181,0.016575,77.24552056511932,26
2001,srv_len,Female,61,181,0.027624,77.24552056511932,26
2001,srv_len,Female,63,181,0.033149,77.24552056511932,26
2001,srv_len,Female,65,181,0.082873,77.24552056511932,26
2001,srv_len,Female,67,181,0.055249,77.24552056511932,26
2001,srv_len,Female,69,181,0.055249,77.24552056511932,26
2001,srv_len,Female,71,181,0.055249,77.24552056511932,26
2001,srv_len,Female,73,181,0.044199,77.24552056511932,26
2001,srv_len,Female,75,181,0.099448,77.24552056511932,26
2001,srv_len,Female,77,181,0.066298,77.24552056511932,26
2001,srv_len,Female,79,181,0.066298,77.24552056511932,26
2001,srv_len,Female,81,181,0.049724,77.24552056511932,26
2001,srv_len,Female,83,181,0.016575,77.24552056511932,26
2001,srv_len,Female,85,181,0.033149,77.24552056511932,26
2001,srv_len,Female,87,181,0.038674,77.24552056511932,26
2001,srv_len,Female,89,181,0.01105,77.24552056511932,26
2001,srv_len,Female,91,181,0.016575,77.24552056511932,26
2001,srv_len,Female,93,181,0.01105,77.24552056511932,26
2001,srv_len,Female,95,181,0.01105,77.24552056511932,26
2001,srv_len,Female,97,181,0,77.24552056511932,26
2001,srv_len,Female,99,181,0.016575,77.24552056511932,26
2001,srv_len,Male,41,261,0,66.49249456546144,26
2001,srv_len,Male,43,261,0,66.49249456546144,26
2001,srv_len,Male,45,261,0.003831,66.49249456546144,26
2001,srv_len,Male,47,261,0.003831,66.49249456546144,26
2001,srv_len,Male,49,261,0.007663,66.49249456546144,26
2001,srv_len,Male,51,261,0.057471,66.49249456546144,26
2001,srv_len,Male,53,261,0.042146,66.49249456546144,26
2001,srv_len,Male,55,261,0.030651,66.49249456546144,26
2001,srv_len,Male,57,261,0.049808,66.49249456546144,26
2001,srv_len,Male,59,261,0.065134,66.49249456546144,26
2001,srv_len,Male,61,261,0.08046,66.49249456546144,26
2001,srv_len,Male,63,261,0.10728,66.49249456546144,26
2001,srv_len,Male,65,261,0.122605,66.49249456546144,26
2001,srv_len,Male,67,261,0.114943,66.49249456546144,26
2001,srv_len,Male,69,261,0.126437,66.49249456546144,26
2001,srv_len,Male,71,261,0.076628,66.49249456546144,26
2001,srv_len,Male,73,261,0.05364,66.49249456546144,26
2001,srv_len,Male,75,261,0.02682,66.49249456546144,26
2001,srv_len,Male,77,261,0.011494,66.49249456546144,26
2001,srv_len,Male,79,261,0.007663,66.49249456546144,26
2001,srv_len,Male,81,261,0.011494,66.49249456546144,26
2001,srv_len,Male,83,261,0,66.49249456546144,26
2001,srv_len,Male,85,261,0,66.49249456546144,26
2001,srv_len,Male,87,261,0,66.49249456546144,26
2001,srv_len,Male,89,261,0,66.49249456546144,26
2001,srv_len,Male,91,261,0,66.49249456546144,26
2001,srv_len,Male,93,261,0,66.49249456546144,26
2001,srv_len,Male,95,261,0,66.49249456546144,26
2001,srv_len,Male,97,261,0,66.49249456546144,26
2001,srv_len,Male,99,261,0,66.49249456546144,26
2001,srv_len,Sex combined,41,442,0,77.24552056511932,26
2001,srv_len,Sex combined,43,442,0,77.24552056511932,26
2001,srv_len,Sex combined,45,442,0.0023,77.24552056511932,26
2001,srv_len,Sex combined,47,442,0.0068,77.24552056511932,26
2001,srv_len,Sex combined,49,442,0.0113,77.24552056511932,26
2001,srv_len,Sex combined,51,442,0.0452,77.24552056511932,26
2001,srv_len,Sex combined,53,442,0.0475,77.24552056511932,26
2001,srv_len,Sex combined,55,442,0.0249,77.24552056511932,26
2001,srv_len,Sex combined,57,442,0.0566,77.24552056511932,26
2001,srv_len,Sex combined,59,442,0.0452,77.24552056511932,26
2001,srv_len,Sex combined,61,442,0.0588,77.24552056511932,26
2001,srv_len,Sex combined,63,442,0.0769,77.24552056511932,26
2001,srv_len,Sex combined,65,442,0.1063,77.24552056511932,26
2001,srv_len,Sex combined,67,442,0.0905,77.24552056511932,26
2001,srv_len,Sex combined,69,442,0.0973,77.24552056511932,26
2001,srv_len,Sex combined,71,442,0.0679,77.24552056511932,26
2001,srv_len,Sex combined,73,442,0.0498,77.24552056511932,26
2001,srv_len,Sex combined,75,442,0.0566,77.24552056511932,26
2001,srv_len,Sex combined,77,442,0.0339,77.24552056511932,26
2001,srv_len,Sex combined,79,442,0.0317,77.24552056511932,26
2001,srv_len,Sex combined,81,442,0.0271,77.24552056511932,26
2001,srv_len,Sex combined,83,442,0.0068,77.24552056511932,26
2001,srv_len,Sex combined,85,442,0.0136,77.24552056511932,26
2001,srv_len,Sex combined,87,442,0.0158,77.24552056511932,26
2001,srv_len,Sex combined,89,442,0.0045,77.24552056511932,26
2001,srv_len,Sex combined,91,442,0.0068,77.24552056511932,26
2001,srv_len,Sex combined,93,442,0.0045,77.24552056511932,26
2001,srv_len,Sex combined,95,442,0.0045,77.24552056511932,26
2001,srv_len,Sex combined,97,442,0,77.24552056511932,26
2001,srv_len,Sex combined,99,442,0.0068,77.24552056511932,26
2002,srv_len,Female,41,294,0,77.24552056511932,27
2002,srv_len,Female,43,294,0,77.24552056511932,27
2002,srv_len,Female,45,294,0,77.24552056511932,27
2002,srv_len,Female,47,294,0.006803,77.24552056511932,27
2002,srv_len,Female,49,294,0.010204,77.24552056511932,27
2002,srv_len,Female,51,294,0.006803,77.24552056511932,27
2002,srv_len,Female,53,294,0.02381,77.24552056511932,27
2002,srv_len,Female,55,294,0.071429,77.24552056511932,27
2002,srv_len,Female,57,294,0.064626,77.24552056511932,27
2002,srv_len,Female,59,294,0.057823,77.24552056511932,27
2002,srv_len,Female,61,294,0.057823,77.24552056511932,27
2002,srv_len,Female,63,294,0.071429,77.24552056511932,27
2002,srv_len,Female,65,294,0.037415,77.24552056511932,27
2002,srv_len,Female,67,294,0.061224,77.24552056511932,27
2002,srv_len,Female,69,294,0.057823,77.24552056511932,27
2002,srv_len,Female,71,294,0.054422,77.24552056511932,27
2002,srv_len,Female,73,294,0.085034,77.24552056511932,27
2002,srv_len,Female,75,294,0.05102,77.24552056511932,27
2002,srv_len,Female,77,294,0.044218,77.24552056511932,27
2002,srv_len,Female,79,294,0.037415,77.24552056511932,27
2002,srv_len,Female,81,294,0.057823,77.24552056511932,27
2002,srv_len,Female,83,294,0.030612,77.24552056511932,27
2002,srv_len,Female,85,294,0.027211,77.24552056511932,27
2002,srv_len,Female,87,294,0.02381,77.24552056511932,27
2002,srv_len,Female,89,294,0.013605,77.24552056511932,27
2002,srv_len,Female,91,294,0.010204,77.24552056511932,27
2002,srv_len,Female,93,294,0.013605,77.24552056511932,27
2002,srv_len,Female,95,294,0.003401,77.24552056511932,27
2002,srv_len,Female,97,294,0.006803,77.24552056511932,27
2002,srv_len,Female,99,294,0.013605,77.24552056511932,27
2002,srv_len,Male,41,344,0,66.49249456546144,27
2002,srv_len,Male,43,344,0,66.49249456546144,27
2002,srv_len,Male,45,344,0.002907,66.49249456546144,27
2002,srv_len,Male,47,344,0.005814,66.49249456546144,27
2002,srv_len,Male,49,344,0.005814,66.49249456546144,27
2002,srv_len,Male,51,344,0.023256,66.49249456546144,27
2002,srv_len,Male,53,344,0.034884,66.49249456546144,27
2002,srv_len,Male,55,344,0.034884,66.49249456546144,27
2002,srv_len,Male,57,344,0.069767,66.49249456546144,27
2002,srv_len,Male,59,344,0.110465,66.49249456546144,27
2002,srv_len,Male,61,344,0.130814,66.49249456546144,27
2002,srv_len,Male,63,344,0.113372,66.49249456546144,27
2002,srv_len,Male,65,344,0.093023,66.49249456546144,27
2002,srv_len,Male,67,344,0.125,66.49249456546144,27
2002,srv_len,Male,69,344,0.098837,66.49249456546144,27
2002,srv_len,Male,71,344,0.063953,66.49249456546144,27
2002,srv_len,Male,73,344,0.037791,66.49249456546144,27
2002,srv_len,Male,75,344,0.031977,66.49249456546144,27
2002,srv_len,Male,77,344,0.011628,66.49249456546144,27
2002,srv_len,Male,79,344,0.002907,66.49249456546144,27
2002,srv_len,Male,81,344,0,66.49249456546144,27
2002,srv_len,Male,83,344,0.002907,66.49249456546144,27
2002,srv_len,Male,85,344,0,66.49249456546144,27
2002,srv_len,Male,87,344,0,66.49249456546144,27
2002,srv_len,Male,89,344,0,66.49249456546144,27
2002,srv_len,Male,91,344,0,66.49249456546144,27
2002,srv_len,Male,93,344,0,66.49249456546144,27
2002,srv_len,Male,95,344,0,66.49249456546144,27
2002,srv_len,Male,97,344,0,66.49249456546144,27
2002,srv_len,Male,99,344,0,66.49249456546144,27
2002,srv_len,Sex combined,41,638,0,77.24552056511932,27
2002,srv_len,Sex combined,43,638,0,77.24552056511932,27
2002,srv_len,Sex combined,45,638,0.0016,77.24552056511932,27
2002,srv_len,Sex combined,47,638,0.0063,77.24552056511932,27
2002,srv_len,Sex combined,49,638,0.0078,77.24552056511932,27
2002,srv_len,Sex combined,51,638,0.0157,77.24552056511932,27
2002,srv_len,Sex combined,53,638,0.0298,77.24552056511932,27
2002,srv_len,Sex combined,55,638,0.0517,77.24552056511932,27
2002,srv_len,Sex combined,57,638,0.0674,77.24552056511932,27
2002,srv_len,Sex combined,59,638,0.0862,77.24552056511932,27
2002,srv_len,Sex combined,61,638,0.0972,77.24552056511932,27
2002,srv_len,Sex combined,63,638,0.094,77.24552056511932,27
2002,srv_len,Sex combined,65,638,0.0674,77.24552056511932,27
2002,srv_len,Sex combined,67,638,0.0956,77.24552056511932,27
2002,srv_len,Sex combined,69,638,0.0799,77.24552056511932,27
2002,srv_len,Sex combined,71,638,0.0596,77.24552056511932,27
2002,srv_len,Sex combined,73,638,0.0596,77.24552056511932,27
2002,srv_len,Sex combined,75,638,0.0408,77.24552056511932,27
2002,srv_len,Sex combined,77,638,0.0266,77.24552056511932,27
2002,srv_len,Sex combined,79,638,0.0188,77.24552056511932,27
2002,srv_len,Sex combined,81,638,0.0266,77.24552056511932,27
2002,srv_len,Sex combined,83,638,0.0157,77.24552056511932,27
2002,srv_len,Sex combined,85,638,0.0125,77.24552056511932,27
2002,srv_len,Sex combined,87,638,0.011,77.24552056511932,27
2002,srv_len,Sex combined,89,638,0.0063,77.24552056511932,27
2002,srv_len,Sex combined,91,638,0.0047,77.24552056511932,27
2002,srv_len,Sex combined,93,638,0.0063,77.24552056511932,27
2002,srv_len,Sex combined,95,638,0.0016,77.24552056511932,27
2002,srv_len,Sex combined,97,638,0.0031,77.24552056511932,27
2002,srv_len,Sex combined,99,638,0.0063,77.24552056511932,27
2003,srv_len,Female,41,386,0,77.24552056511932,28
2003,srv_len,Female,43,386,0,77.24552056511932,28
2003,srv_len,Female,45,386,0,77.24552056511932,28
2003,srv_len,Female,47,386,0.005181,77.24552056511932,28
2003,srv_len,Female,49,386,0.005181,77.24552056511932,28
2003,srv_len,Female,51,386,0.03886,77.24552056511932,28
2003,srv_len,Female,53,386,0.028497,77.24552056511932,28
2003,srv_len,Female,55,386,0.033679,77.24552056511932,28
2003,srv_len,Female,57,386,0.062176,77.24552056511932,28
2003,srv_len,Female,59,386,0.033679,77.24552056511932,28
2003,srv_len,Female,61,386,0.044041,77.24552056511932,28
2003,srv_len,Female,63,386,0.041451,77.24552056511932,28
2003,srv_len,Female,65,386,0.085492,77.24552056511932,28
2003,srv_len,Female,67,386,0.088083,77.24552056511932,28
2003,srv_len,Female,69,386,0.121762,77.24552056511932,28
2003,srv_len,Female,71,386,0.088083,77.24552056511932,28
2003,srv_len,Female,73,386,0.044041,77.24552056511932,28
2003,srv_len,Female,75,386,0.041451,77.24552056511932,28
2003,srv_len,Female,77,386,0.044041,77.24552056511932,28
2003,srv_len,Female,79,386,0.041451,77.24552056511932,28
2003,srv_len,Female,81,386,0.03886,77.24552056511932,28
2003,srv_len,Female,83,386,0.020725,77.24552056511932,28
2003,srv_len,Female,85,386,0.023316,77.24552056511932,28
2003,srv_len,Female,87,386,0.028497,77.24552056511932,28
2003,srv_len,Female,89,386,0.018135,77.24552056511932,28
2003,srv_len,Female,91,386,0.005181,77.24552056511932,28
2003,srv_len,Female,93,386,0.005181,77.24552056511932,28
2003,srv_len,Female,95,386,0.005181,77.24552056511932,28
2003,srv_len,Female,97,386,0.002591,77.24552056511932,28
2003,srv_len,Female,99,386,0.005181,77.24552056511932,28
2003,srv_len,Male,41,394,0,66.49249456546144,28
2003,srv_len,Male,43,394,0,66.49249456546144,28
2003,srv_len,Male,45,394,0.002538,66.49249456546144,28
2003,srv_len,Male,47,394,0.005076,66.49249456546144,28
2003,srv_len,Male,49,394,0.022843,66.49249456546144,28
2003,srv_len,Male,51,394,0.030457,66.49249456546144,28
2003,srv_len,Male,53,394,0.025381,66.49249456546144,28
2003,srv_len,Male,55,394,0.060914,66.49249456546144,28
2003,srv_len,Male,57,394,0.06599,66.49249456546144,28
2003,srv_len,Male,59,394,0.091371,66.49249456546144,28
2003,srv_len,Male,61,394,0.14467,66.49249456546144,28
2003,srv_len,Male,63,394,0.119289,66.49249456546144,28
2003,srv_len,Male,65,394,0.109137,66.49249456546144,28
2003,srv_len,Male,67,394,0.104061,66.49249456546144,28
2003,srv_len,Male,69,394,0.091371,66.49249456546144,28
2003,srv_len,Male,71,394,0.076142,66.49249456546144,28
2003,srv_len,Male,73,394,0.022843,66.49249456546144,28
2003,srv_len,Male,75,394,0.010152,66.49249456546144,28
2003,srv_len,Male,77,394,0.010152,66.49249456546144,28
2003,srv_len,Male,79,394,0.005076,66.49249456546144,28
2003,srv_len,Male,81,394,0.002538,66.49249456546144,28
2003,srv_len,Male,83,394,0,66.49249456546144,28
2003,srv_len,Male,85,394,0,66.49249456546144,28
2003,srv_len,Male,87,394,0,66.49249456546144,28
2003,srv_len,Male,89,394,0,66.49249456546144,28
2003,srv_len,Male,91,394,0,66.49249456546144,28
2003,srv_len,Male,93,394,0,66.49249456546144,28
2003,srv_len,Male,95,394,0,66.49249456546144,28
2003,srv_len,Male,97,394,0,66.49249456546144,28
2003,srv_len,Male,99,394,0,66.49249456546144,28
2003,srv_len,Sex combined,41,780,0,77.24552056511932,28
2003,srv_len,Sex combined,43,780,0,77.24552056511932,28
2003,srv_len,Sex combined,45,780,0.0013,77.24552056511932,28
2003,srv_len,Sex combined,47,780,0.0051,77.24552056511932,28
2003,srv_len,Sex combined,49,780,0.0141,77.24552056511932,28
2003,srv_len,Sex combined,51,780,0.0346,77.24552056511932,28
2003,srv_len,Sex combined,53,780,0.0269,77.24552056511932,28
2003,srv_len,Sex combined,55,780,0.0474,77.24552056511932,28
2003,srv_len,Sex combined,57,780,0.0641,77.24552056511932,28
2003,srv_len,Sex combined,59,780,0.0628,77.24552056511932,28
2003,srv_len,Sex combined,61,780,0.0949,77.24552056511932,28
2003,srv_len,Sex combined,63,780,0.0808,77.24552056511932,28
2003,srv_len,Sex combined,65,780,0.0974,77.24552056511932,28
2003,srv_len,Sex combined,67,780,0.0962,77.24552056511932,28
2003,srv_len,Sex combined,69,780,0.1064,77.24552056511932,28
2003,srv_len,Sex combined,71,780,0.0821,77.24552056511932,28
2003,srv_len,Sex combined,73,780,0.0333,77.24552056511932,28
2003,srv_len,Sex combined,75,780,0.0256,77.24552056511932,28
2003,srv_len,Sex combined,77,780,0.0269,77.24552056511932,28
2003,srv_len,Sex combined,79,780,0.0231,77.24552056511932,28
2003,srv_len,Sex combined,81,780,0.0205,77.24552056511932,28
2003,srv_len,Sex combined,83,780,0.0103,77.24552056511932,28
2003,srv_len,Sex combined,85,780,0.0115,77.24552056511932,28
2003,srv_len,Sex combined,87,780,0.0141,77.24552056511932,28
2003,srv_len,Sex combined,89,780,0.009,77.24552056511932,28
2003,srv_len,Sex combined,91,780,0.0026,77.24552056511932,28
2003,srv_len,Sex combined,93,780,0.0026,77.24552056511932,28
2003,srv_len,Sex combined,95,780,0.0026,77.24552056511932,28
2003,srv_len,Sex combined,97,780,0.0013,77.24552056511932,28
2003,srv_len,Sex combined,99,780,0.0026,77.24552056511932,28
2004,srv_len,Female,41,395,0,77.24552056511932,29
2004,srv_len,Female,43,395,0,77.24552056511932,29
2004,srv_len,Female,45,395,0,77.24552056511932,29
2004,srv_len,Female,47,395,0,77.24552056511932,29
2004,srv_len,Female,49,395,0.002532,77.24552056511932,29
2004,srv_len,Female,51,395,0.03038,77.24552056511932,29
2004,srv_len,Female,53,395,0.01519,77.24552056511932,29
2004,srv_len,Female,55,395,0.035443,77.24552056511932,29
2004,srv_len,Female,57,395,0.048101,77.24552056511932,29
2004,srv_len,Female,59,395,0.037975,77.24552056511932,29
2004,srv_len,Female,61,395,0.048101,77.24552056511932,29
2004,srv_len,Female,63,395,0.055696,77.24552056511932,29
2004,srv_len,Female,65,395,0.098734,77.24552056511932,29
2004,srv_len,Female,67,395,0.103797,77.24552056511932,29
2004,srv_len,Female,69,395,0.129114,77.24552056511932,29
2004,srv_len,Female,71,395,0.113924,77.24552056511932,29
2004,srv_len,Female,73,395,0.068354,77.24552056511932,29
2004,srv_len,Female,75,395,0.040506,77.24552056511932,29
2004,srv_len,Female,77,395,0.037975,77.24552056511932,29
2004,srv_len,Female,79,395,0.025316,77.24552056511932,29
2004,srv_len,Female,81,395,0.017722,77.24552056511932,29
2004,srv_len,Female,83,395,0.007595,77.24552056511932,29
2004,srv_len,Female,85,395,0.022785,77.24552056511932,29
2004,srv_len,Female,87,395,0.010127,77.24552056511932,29
2004,srv_len,Female,89,395,0.005063,77.24552056511932,29
2004,srv_len,Female,91,395,0.002532,77.24552056511932,29
2004,srv_len,Female,93,395,0.002532,77.24552056511932,29
2004,srv_len,Female,95,395,0.002532,77.24552056511932,29
2004,srv_len,Female,97,395,0.005063,77.24552056511932,29
2004,srv_len,Female,99,395,0.032911,77.24552056511932,29
2004,srv_len,Male,41,342,0,66.49249456546144,29
2004,srv_len,Male,43,342,0,66.49249456546144,29
2004,srv_len,Male,45,342,0,66.49249456546144,29
2004,srv_len,Male,47,342,0,66.49249456546144,29
2004,srv_len,Male,49,342,0.002924,66.49249456546144,29
2004,srv_len,Male,51,342,0.023392,66.49249456546144,29
2004,srv_len,Male,53,342,0.035088,66.49249456546144,29
2004,srv_len,Male,55,342,0.038012,66.49249456546144,29
2004,srv_len,Male,57,342,0.084795,66.49249456546144,29
2004,srv_len,Male,59,342,0.119883,66.49249456546144,29
2004,srv_len,Male,61,342,0.128655,66.49249456546144,29
2004,srv_len,Male,63,342,0.140351,66.49249456546144,29
2004,srv_len,Male,65,342,0.116959,66.49249456546144,29
2004,srv_len,Male,67,342,0.137427,66.49249456546144,29
2004,srv_len,Male,69,342,0.087719,66.49249456546144,29
2004,srv_len,Male,71,342,0.02924,66.49249456546144,29
2004,srv_len,Male,73,342,0.023392,66.49249456546144,29
2004,srv_len,Male,75,342,0.023392,66.49249456546144,29
2004,srv_len,Male,77,342,0.005848,66.49249456546144,29
2004,srv_len,Male,79,342,0.002924,66.49249456546144,29
2004,srv_len,Male,81,342,0,66.49249456546144,29
2004,srv_len,Male,83,342,0,66.49249456546144,29
2004,srv_len,Male,85,342,0,66.49249456546144,29
2004,srv_len,Male,87,342,0,66.49249456546144,29
2004,srv_len,Male,89,342,0,66.49249456546144,29
2004,srv_len,Male,91,342,0,66.49249456546144,29
2004,srv_len,Male,93,342,0,66.49249456546144,29
2004,srv_len,Male,95,342,0,66.49249456546144,29
2004,srv_len,Male,97,342,0,66.49249456546144,29
2004,srv_len,Male,99,342,0,66.49249456546144,29
2004,srv_len,Sex combined,41,737,0,77.24552056511932,29
2004,srv_len,Sex combined,43,737,0,77.24552056511932,29
2004,srv_len,Sex combined,45,737,0,77.24552056511932,29
2004,srv_len,Sex combined,47,737,0,77.24552056511932,29
2004,srv_len,Sex combined,49,737,0.0027,77.24552056511932,29
2004,srv_len,Sex combined,51,737,0.0271,77.24552056511932,29
2004,srv_len,Sex combined,53,737,0.0244,77.24552056511932,29
2004,srv_len,Sex combined,55,737,0.0366,77.24552056511932,29
2004,srv_len,Sex combined,57,737,0.0651,77.24552056511932,29
2004,srv_len,Sex combined,59,737,0.076,77.24552056511932,29
2004,srv_len,Sex combined,61,737,0.0855,77.24552056511932,29
2004,srv_len,Sex combined,63,737,0.095,77.24552056511932,29
2004,srv_len,Sex combined,65,737,0.1072,77.24552056511932,29
2004,srv_len,Sex combined,67,737,0.1194,77.24552056511932,29
2004,srv_len,Sex combined,69,737,0.1099,77.24552056511932,29
2004,srv_len,Sex combined,71,737,0.0746,77.24552056511932,29
2004,srv_len,Sex combined,73,737,0.0475,77.24552056511932,29
2004,srv_len,Sex combined,75,737,0.0326,77.24552056511932,29
2004,srv_len,Sex combined,77,737,0.0231,77.24552056511932,29
2004,srv_len,Sex combined,79,737,0.0149,77.24552056511932,29
2004,srv_len,Sex combined,81,737,0.0095,77.24552056511932,29
2004,srv_len,Sex combined,83,737,0.0041,77.24552056511932,29
2004,srv_len,Sex combined,85,737,0.0122,77.24552056511932,29
2004,srv_len,Sex combined,87,737,0.0054,77.24552056511932,29
2004,srv_len,Sex combined,89,737,0.0027,77.24552056511932,29
2004,srv_len,Sex combined,91,737,0.0014,77.24552056511932,29
2004,srv_len,Sex combined,93,737,0.0014,77.24552056511932,29
2004,srv_len,Sex combined,95,737,0.0014,77.24552056511932,29
2004,srv_len,Sex combined,97,737,0.0027,77.24552056511932,29
2004,srv_len,Sex combined,99,737,0.0176,77.24552056511932,29
2005,srv_len,Female,41,502,0,77.24552056511932,30
2005,srv_len,Female,43,502,0,77.24552056511932,30
2005,srv_len,Female,45,502,0,77.24552056511932,30
2005,srv_len,Female,47,502,0.001992,77.24552056511932,30
2005,srv_len,Female,49,502,0,77.24552056511932,30
2005,srv_len,Female,51,502,0,77.24552056511932,30
2005,srv_len,Female,53,502,0.00996,77.24552056511932,30
2005,srv_len,Female,55,502,0.00996,77.24552056511932,30
2005,srv_len,Female,57,502,0.013944,77.24552056511932,30
2005,srv_len,Female,59,502,0.00996,77.24552056511932,30
2005,srv_len,Female,61,502,0.02988,77.24552056511932,30
2005,srv_len,Female,63,502,0.051793,77.24552056511932,30
2005,srv_len,Female,65,502,0.091633,77.24552056511932,30
2005,srv_len,Female,67,502,0.11753,77.24552056511932,30
2005,srv_len,Female,69,502,0.11753,77.24552056511932,30
2005,srv_len,Female,71,502,0.151394,77.24552056511932,30
2005,srv_len,Female,73,502,0.095618,77.24552056511932,30
2005,srv_len,Female,75,502,0.035857,77.24552056511932,30
2005,srv_len,Female,77,502,0.035857,77.24552056511932,30
2005,srv_len,Female,79,502,0.027888,77.24552056511932,30
2005,srv_len,Female,81,502,0.031873,77.24552056511932,30
2005,srv_len,Female,83,502,0.02988,77.24552056511932,30
2005,srv_len,Female,85,502,0.017928,77.24552056511932,30
2005,srv_len,Female,87,502,0.01992,77.24552056511932,30
2005,srv_len,Female,89,502,0.017928,77.24552056511932,30
2005,srv_len,Female,91,502,0.015936,77.24552056511932,30
2005,srv_len,Female,93,502,0.01992,77.24552056511932,30
2005,srv_len,Female,95,502,0.017928,77.24552056511932,30
2005,srv_len,Female,97,502,0.005976,77.24552056511932,30
2005,srv_len,Female,99,502,0.021912,77.24552056511932,30
2005,srv_len,Male,41,366,0,66.49249456546144,30
2005,srv_len,Male,43,366,0,66.49249456546144,30
2005,srv_len,Male,45,366,0,66.49249456546144,30
2005,srv_len,Male,47,366,0,66.49249456546144,30
2005,srv_len,Male,49,366,0,66.49249456546144,30
2005,srv_len,Male,51,366,0,66.49249456546144,30
2005,srv_len,Male,53,366,0.027322,66.49249456546144,30
2005,srv_len,Male,55,366,0.027322,66.49249456546144,30
2005,srv_len,Male,57,366,0.038251,66.49249456546144,30
2005,srv_len,Male,59,366,0.071038,66.49249456546144,30
2005,srv_len,Male,61,366,0.120219,66.49249456546144,30
2005,srv_len,Male,63,366,0.196721,66.49249456546144,30
2005,srv_len,Male,65,366,0.185792,66.49249456546144,30
2005,srv_len,Male,67,366,0.120219,66.49249456546144,30
2005,srv_len,Male,69,366,0.092896,66.49249456546144,30
2005,srv_len,Male,71,366,0.068306,66.49249456546144,30
2005,srv_len,Male,73,366,0.013661,66.49249456546144,30
2005,srv_len,Male,75,366,0.013661,66.49249456546144,30
2005,srv_len,Male,77,366,0.008197,66.49249456546144,30
2005,srv_len,Male,79,366,0.010929,66.49249456546144,30
2005,srv_len,Male,81,366,0.005464,66.49249456546144,30
2005,srv_len,Male,83,366,0,66.49249456546144,30
2005,srv_len,Male,85,366,0,66.49249456546144,30
2005,srv_len,Male,87,366,0,66.49249456546144,30
2005,srv_len,Male,89,366,0,66.49249456546144,30
2005,srv_len,Male,91,366,0,66.49249456546144,30
2005,srv_len,Male,93,366,0,66.49249456546144,30
2005,srv_len,Male,95,366,0,66.49249456546144,30
2005,srv_len,Male,97,366,0,66.49249456546144,30
2005,srv_len,Male,99,366,0,66.49249456546144,30
2005,srv_len,Sex combined,41,868,0,77.24552056511932,30
2005,srv_len,Sex combined,43,868,0,77.24552056511932,30
2005,srv_len,Sex combined,45,868,0,77.24552056511932,30
2005,srv_len,Sex combined,47,868,0.0012,77.24552056511932,30
2005,srv_len,Sex combined,49,868,0,77.24552056511932,30
2005,srv_len,Sex combined,51,868,0,77.24552056511932,30
2005,srv_len,Sex combined,53,868,0.0173,77.24552056511932,30
2005,srv_len,Sex combined,55,868,0.0173,77.24552056511932,30
2005,srv_len,Sex combined,57,868,0.0242,77.24552056511932,30
2005,srv_len,Sex combined,59,868,0.0357,77.24552056511932,30
2005,srv_len,Sex combined,61,868,0.068,77.24552056511932,30
2005,srv_len,Sex combined,63,868,0.1129,77.24552056511932,30
2005,srv_len,Sex combined,65,868,0.1313,77.24552056511932,30
2005,srv_len,Sex combined,67,868,0.1187,77.24552056511932,30
2005,srv_len,Sex combined,69,868,0.1071,77.24552056511932,30
2005,srv_len,Sex combined,71,868,0.1164,77.24552056511932,30
2005,srv_len,Sex combined,73,868,0.0611,77.24552056511932,30
2005,srv_len,Sex combined,75,868,0.0265,77.24552056511932,30
2005,srv_len,Sex combined,77,868,0.0242,77.24552056511932,30
2005,srv_len,Sex combined,79,868,0.0207,77.24552056511932,30
2005,srv_len,Sex combined,81,868,0.0207,77.24552056511932,30
2005,srv_len,Sex combined,83,868,0.0173,77.24552056511932,30
2005,srv_len,Sex combined,85,868,0.0104,77.24552056511932,30
2005,srv_len,Sex combined,87,868,0.0115,77.24552056511932,30
2005,srv_len,Sex combined,89,868,0.0104,77.24552056511932,30
2005,srv_len,Sex combined,91,868,0.0092,77.24552056511932,30
2005,srv_len,Sex combined,93,868,0.0115,77.24552056511932,30
2005,srv_len,Sex combined,95,868,0.0104,77.24552056511932,30
2005,srv_len,Sex combined,97,868,0.0035,77.24552056511932,30
2005,srv_len,Sex combined,99,868,0.0127,77.24552056511932,30
2006,srv_len,Female,41,416,0,77.24552056511932,31
2006,srv_len,Female,43,416,0,77.24552056511932,31
2006,srv_len,Female,45,416,0,77.24552056511932,31
2006,srv_len,Female,47,416,0,77.24552056511932,31
2006,srv_len,Female,49,416,0,77.24552056511932,31
2006,srv_len,Female,51,416,0.007212,77.24552056511932,31
2006,srv_len,Female,53,416,0.004808,77.24552056511932,31
2006,srv_len,Female,55,416,0.014423,77.24552056511932,31
2006,srv_len,Female,57,416,0.019231,77.24552056511932,31
2006,srv_len,Female,59,416,0.026442,77.24552056511932,31
2006,srv_len,Female,61,416,0.019231,77.24552056511932,31
2006,srv_len,Female,63,416,0.043269,77.24552056511932,31
2006,srv_len,Female,65,416,0.048077,77.24552056511932,31
2006,srv_len,Female,67,416,0.103365,77.24552056511932,31
2006,srv_len,Female,69,416,0.161058,77.24552056511932,31
2006,srv_len,Female,71,416,0.180288,77.24552056511932,31
2006,srv_len,Female,73,416,0.125,77.24552056511932,31
2006,srv_len,Female,75,416,0.074519,77.24552056511932,31
2006,srv_len,Female,77,416,0.043269,77.24552056511932,31
2006,srv_len,Female,79,416,0.036058,77.24552056511932,31
2006,srv_len,Female,81,416,0.014423,77.24552056511932,31
2006,srv_len,Female,83,416,0.019231,77.24552056511932,31
2006,srv_len,Female,85,416,0.016827,77.24552056511932,31
2006,srv_len,Female,87,416,0.007212,77.24552056511932,31
2006,srv_len,Female,89,416,0.012019,77.24552056511932,31
2006,srv_len,Female,91,416,0.004808,77.24552056511932,31
2006,srv_len,Female,93,416,0.009615,77.24552056511932,31
2006,srv_len,Female,95,416,0.002404,77.24552056511932,31
2006,srv_len,Female,97,416,0.002404,77.24552056511932,31
2006,srv_len,Female,99,416,0.004808,77.24552056511932,31
2006,srv_len,Male,41,316,0,66.49249456546144,31
2006,srv_len,Male,43,316,0,66.49249456546144,31
2006,srv_len,Male,45,316,0,66.49249456546144,31
2006,srv_len,Male,47,316,0,66.49249456546144,31
2006,srv_len,Male,49,316,0.006329,66.49249456546144,31
2006,srv_len,Male,51,316,0.009494,66.49249456546144,31
2006,srv_len,Male,53,316,0,66.49249456546144,31
2006,srv_len,Male,55,316,0.012658,66.49249456546144,31
2006,srv_len,Male,57,316,0.03481,66.49249456546144,31
2006,srv_len,Male,59,316,0.085443,66.49249456546144,31
2006,srv_len,Male,61,316,0.129747,66.49249456546144,31
2006,srv_len,Male,63,316,0.18670900000000001,66.49249456546144,31
2006,srv_len,Male,65,316,0.161392,66.49249456546144,31
2006,srv_len,Male,67,316,0.167722,66.49249456546144,31
2006,srv_len,Male,69,316,0.113924,66.49249456546144,31
2006,srv_len,Male,71,316,0.037975,66.49249456546144,31
2006,srv_len,Male,73,316,0.015823,66.49249456546144,31
2006,srv_len,Male,75,316,0.015823,66.49249456546144,31
2006,srv_len,Male,77,316,0.009494,66.49249456546144,31
2006,srv_len,Male,79,316,0.003165,66.49249456546144,31
2006,srv_len,Male,81,316,0,66.49249456546144,31
2006,srv_len,Male,83,316,0.006329,66.49249456546144,31
2006,srv_len,Male,85,316,0,66.49249456546144,31
2006,srv_len,Male,87,316,0,66.49249456546144,31
2006,srv_len,Male,89,316,0,66.49249456546144,31
2006,srv_len,Male,91,316,0.003165,66.49249456546144,31
2006,srv_len,Male,93,316,0,66.49249456546144,31
2006,srv_len,Male,95,316,0,66.49249456546144,31
2006,srv_len,Male,97,316,0,66.49249456546144,31
2006,srv_len,Male,99,316,0,66.49249456546144,31
2006,srv_len,Sex combined,41,732,0,77.24552056511932,31
2006,srv_len,Sex combined,43,732,0,77.24552056511932,31
2006,srv_len,Sex combined,45,732,0,77.24552056511932,31
2006,srv_len,Sex combined,47,732,0,77.24552056511932,31
2006,srv_len,Sex combined,49,732,0.0027,77.24552056511932,31
2006,srv_len,Sex combined,51,732,0.0082,77.24552056511932,31
2006,srv_len,Sex combined,53,732,0.0027,77.24552056511932,31
2006,srv_len,Sex combined,55,732,0.0137,77.24552056511932,31
2006,srv_len,Sex combined,57,732,0.026,77.24552056511932,31
2006,srv_len,Sex combined,59,732,0.0519,77.24552056511932,31
2006,srv_len,Sex combined,61,732,0.0669,77.24552056511932,31
2006,srv_len,Sex combined,63,732,0.1052,77.24552056511932,31
2006,srv_len,Sex combined,65,732,0.097,77.24552056511932,31
2006,srv_len,Sex combined,67,732,0.1311,77.24552056511932,31
2006,srv_len,Sex combined,69,732,0.1407,77.24552056511932,31
2006,srv_len,Sex combined,71,732,0.1189,77.24552056511932,31
2006,srv_len,Sex combined,73,732,0.0779,77.24552056511932,31
2006,srv_len,Sex combined,75,732,0.0492,77.24552056511932,31
2006,srv_len,Sex combined,77,732,0.0287,77.24552056511932,31
2006,srv_len,Sex combined,79,732,0.0219,77.24552056511932,31
2006,srv_len,Sex combined,81,732,0.0082,77.24552056511932,31
2006,srv_len,Sex combined,83,732,0.0137,77.24552056511932,31
2006,srv_len,Sex combined,85,732,0.0096,77.24552056511932,31
2006,srv_len,Sex combined,87,732,0.0041,77.24552056511932,31
2006,srv_len,Sex combined,89,732,0.0068,77.24552056511932,31
2006,srv_len,Sex combined,91,732,0.0041,77.24552056511932,31
2006,srv_len,Sex combined,93,732,0.0055,77.24552056511932,31
2006,srv_len,Sex combined,95,732,0.0014,77.24552056511932,31
2006,srv_len,Sex combined,97,732,0.0014,77.24552056511932,31
2006,srv_len,Sex combined,99,732,0.0027,77.24552056511932,31
2007,srv_len,Female,41,408,0,77.24552056511932,32
2007,srv_len,Female,43,408,0,77.24552056511932,32
2007,srv_len,Female,45,408,0,77.24552056511932,32
2007,srv_len,Female,47,408,0,77.24552056511932,32
2007,srv_len,Female,49,408,0.004902,77.24552056511932,32
2007,srv_len,Female,51,408,0.007353,77.24552056511932,32
2007,srv_len,Female,53,408,0.007353,77.24552056511932,32
2007,srv_len,Female,55,408,0.026961,77.24552056511932,32
2007,srv_len,Female,57,408,0.017157,77.24552056511932,32
2007,srv_len,Female,59,408,0.051471,77.24552056511932,32
2007,srv_len,Female,61,408,0.026961,77.24552056511932,32
2007,srv_len,Female,63,408,0.034314,77.24552056511932,32
2007,srv_len,Female,65,408,0.083333,77.24552056511932,32
2007,srv_len,Female,67,408,0.112745,77.24552056511932,32
2007,srv_len,Female,69,408,0.115196,77.24552056511932,32
2007,srv_len,Female,71,408,0.134804,77.24552056511932,32
2007,srv_len,Female,73,408,0.105392,77.24552056511932,32
2007,srv_len,Female,75,408,0.098039,77.24552056511932,32
2007,srv_len,Female,77,408,0.046569,77.24552056511932,32
2007,srv_len,Female,79,408,0.036765,77.24552056511932,32
2007,srv_len,Female,81,408,0.029412,77.24552056511932,32
2007,srv_len,Female,83,408,0.012255,77.24552056511932,32
2007,srv_len,Female,85,408,0.012255,77.24552056511932,32
2007,srv_len,Female,87,408,0.007353,77.24552056511932,32
2007,srv_len,Female,89,408,0.009804,77.24552056511932,32
2007,srv_len,Female,91,408,0.004902,77.24552056511932,32
2007,srv_len,Female,93,408,0.002451,77.24552056511932,32
2007,srv_len,Female,95,408,0,77.24552056511932,32
2007,srv_len,Female,97,408,0.004902,77.24552056511932,32
2007,srv_len,Female,99,408,0.007353,77.24552056511932,32
2007,srv_len,Male,41,329,0,66.49249456546144,32
2007,srv_len,Male,43,329,0,66.49249456546144,32
2007,srv_len,Male,45,329,0,66.49249456546144,32
2007,srv_len,Male,47,329,0,66.49249456546144,32
2007,srv_len,Male,49,329,0.015198,66.49249456546144,32
2007,srv_len,Male,51,329,0.018237,66.49249456546144,32
2007,srv_len,Male,53,329,0.018237,66.49249456546144,32
2007,srv_len,Male,55,329,0.036474,66.49249456546144,32
2007,srv_len,Male,57,329,0.057751,66.49249456546144,32
2007,srv_len,Male,59,329,0.066869,66.49249456546144,32
2007,srv_len,Male,61,329,0.142857,66.49249456546144,32
2007,srv_len,Male,63,329,0.167173,66.49249456546144,32
2007,srv_len,Male,65,329,0.194529,66.49249456546144,32
2007,srv_len,Male,67,329,0.118541,66.49249456546144,32
2007,srv_len,Male,69,329,0.066869,66.49249456546144,32
2007,srv_len,Male,71,329,0.06383,66.49249456546144,32
2007,srv_len,Male,73,329,0.015198,66.49249456546144,32
2007,srv_len,Male,75,329,0.012158,66.49249456546144,32
2007,srv_len,Male,77,329,0.00304,66.49249456546144,32
2007,srv_len,Male,79,329,0,66.49249456546144,32
2007,srv_len,Male,81,329,0,66.49249456546144,32
2007,srv_len,Male,83,329,0,66.49249456546144,32
2007,srv_len,Male,85,329,0.00304,66.49249456546144,32
2007,srv_len,Male,87,329,0,66.49249456546144,32
2007,srv_len,Male,89,329,0,66.49249456546144,32
2007,srv_len,Male,91,329,0,66.49249456546144,32
2007,srv_len,Male,93,329,0,66.49249456546144,32
2007,srv_len,Male,95,329,0,66.49249456546144,32
2007,srv_len,Male,97,329,0,66.49249456546144,32
2007,srv_len,Male,99,329,0,66.49249456546144,32
2007,srv_len,Sex combined,41,737,0,77.24552056511932,32
2007,srv_len,Sex combined,43,737,0,77.24552056511932,32
2007,srv_len,Sex combined,45,737,0,77.24552056511932,32
2007,srv_len,Sex combined,47,737,0,77.24552056511932,32
2007,srv_len,Sex combined,49,737,0.0095,77.24552056511932,32
2007,srv_len,Sex combined,51,737,0.0122,77.24552056511932,32
2007,srv_len,Sex combined,53,737,0.0122,77.24552056511932,32
2007,srv_len,Sex combined,55,737,0.0312,77.24552056511932,32
2007,srv_len,Sex combined,57,737,0.0353,77.24552056511932,32
2007,srv_len,Sex combined,59,737,0.0583,77.24552056511932,32
2007,srv_len,Sex combined,61,737,0.0787,77.24552056511932,32
2007,srv_len,Sex combined,63,737,0.0936,77.24552056511932,32
2007,srv_len,Sex combined,65,737,0.133,77.24552056511932,32
2007,srv_len,Sex combined,67,737,0.1153,77.24552056511932,32
2007,srv_len,Sex combined,69,737,0.0936,77.24552056511932,32
2007,srv_len,Sex combined,71,737,0.1031,77.24552056511932,32
2007,srv_len,Sex combined,73,737,0.0651,77.24552056511932,32
2007,srv_len,Sex combined,75,737,0.0597,77.24552056511932,32
2007,srv_len,Sex combined,77,737,0.0271,77.24552056511932,32
2007,srv_len,Sex combined,79,737,0.0204,77.24552056511932,32
2007,srv_len,Sex combined,81,737,0.0163,77.24552056511932,32
2007,srv_len,Sex combined,83,737,0.0068,77.24552056511932,32
2007,srv_len,Sex combined,85,737,0.0081,77.24552056511932,32
2007,srv_len,Sex combined,87,737,0.0041,77.24552056511932,32
2007,srv_len,Sex combined,89,737,0.0054,77.24552056511932,32
2007,srv_len,Sex combined,91,737,0.0027,77.24552056511932,32
2007,srv_len,Sex combined,93,737,0.0014,77.24552056511932,32
2007,srv_len,Sex combined,95,737,0,77.24552056511932,32
2007,srv_len,Sex combined,97,737,0.0027,77.24552056511932,32
2007,srv_len,Sex combined,99,737,0.0041,77.24552056511932,32
2008,srv_len,Female,41,336,0,77.24552056511932,33
2008,srv_len,Female,43,336,0,77.24552056511932,33
2008,srv_len,Female,45,336,0,77.24552056511932,33
2008,srv_len,Female,47,336,0,77.24552056511932,33
2008,srv_len,Female,49,336,0.002976,77.24552056511932,33
2008,srv_len,Female,51,336,0.005952,77.24552056511932,33
2008,srv_len,Female,53,336,0.014881,77.24552056511932,33
2008,srv_len,Female,55,336,0.008929,77.24552056511932,33
2008,srv_len,Female,57,336,0.002976,77.24552056511932,33
2008,srv_len,Female,59,336,0.011905,77.24552056511932,33
2008,srv_len,Female,61,336,0.041667,77.24552056511932,33
2008,srv_len,Female,63,336,0.053571,77.24552056511932,33
2008,srv_len,Female,65,336,0.056548,77.24552056511932,33
2008,srv_len,Female,67,336,0.107143,77.24552056511932,33
2008,srv_len,Female,69,336,0.127976,77.24552056511932,33
2008,srv_len,Female,71,336,0.116071,77.24552056511932,33
2008,srv_len,Female,73,336,0.107143,77.24552056511932,33
2008,srv_len,Female,75,336,0.098214,77.24552056511932,33
2008,srv_len,Female,77,336,0.053571,77.24552056511932,33
2008,srv_len,Female,79,336,0.050595,77.24552056511932,33
2008,srv_len,Female,81,336,0.041667,77.24552056511932,33
2008,srv_len,Female,83,336,0.032738,77.24552056511932,33
2008,srv_len,Female,85,336,0.014881,77.24552056511932,33
2008,srv_len,Female,87,336,0.011905,77.24552056511932,33
2008,srv_len,Female,89,336,0.005952,77.24552056511932,33
2008,srv_len,Female,91,336,0.011905,77.24552056511932,33
2008,srv_len,Female,93,336,0.008929,77.24552056511932,33
2008,srv_len,Female,95,336,0.002976,77.24552056511932,33
2008,srv_len,Female,97,336,0.002976,77.24552056511932,33
2008,srv_len,Female,99,336,0.005952,77.24552056511932,33
2008,srv_len,Male,41,270,0,66.49249456546144,33
2008,srv_len,Male,43,270,0,66.49249456546144,33
2008,srv_len,Male,45,270,0,66.49249456546144,33
2008,srv_len,Male,47,270,0,66.49249456546144,33
2008,srv_len,Male,49,270,0.003704,66.49249456546144,33
2008,srv_len,Male,51,270,0,66.49249456546144,33
2008,srv_len,Male,53,270,0.025926,66.49249456546144,33
2008,srv_len,Male,55,270,0.011111,66.49249456546144,33
2008,srv_len,Male,57,270,0.037037,66.49249456546144,33
2008,srv_len,Male,59,270,0.103704,66.49249456546144,33
2008,srv_len,Male,61,270,0.144444,66.49249456546144,33
2008,srv_len,Male,63,270,0.155556,66.49249456546144,33
2008,srv_len,Male,65,270,0.159259,66.49249456546144,33
2008,srv_len,Male,67,270,0.133333,66.49249456546144,33
2008,srv_len,Male,69,270,0.092593,66.49249456546144,33
2008,srv_len,Male,71,270,0.066667,66.49249456546144,33
2008,srv_len,Male,73,270,0.033333,66.49249456546144,33
2008,srv_len,Male,75,270,0.022222,66.49249456546144,33
2008,srv_len,Male,77,270,0.003704,66.49249456546144,33
2008,srv_len,Male,79,270,0.003704,66.49249456546144,33
2008,srv_len,Male,81,270,0.003704,66.49249456546144,33
2008,srv_len,Male,83,270,0,66.49249456546144,33
2008,srv_len,Male,85,270,0,66.49249456546144,33
2008,srv_len,Male,87,270,0,66.49249456546144,33
2008,srv_len,Male,89,270,0,66.49249456546144,33
2008,srv_len,Male,91,270,0,66.49249456546144,33
2008,srv_len,Male,93,270,0,66.49249456546144,33
2008,srv_len,Male,95,270,0,66.49249456546144,33
2008,srv_len,Male,97,270,0,66.49249456546144,33
2008,srv_len,Male,99,270,0,66.49249456546144,33
2008,srv_len,Sex combined,41,606,0,77.24552056511932,33
2008,srv_len,Sex combined,43,606,0,77.24552056511932,33
2008,srv_len,Sex combined,45,606,0,77.24552056511932,33
2008,srv_len,Sex combined,47,606,0,77.24552056511932,33
2008,srv_len,Sex combined,49,606,0.0033,77.24552056511932,33
2008,srv_len,Sex combined,51,606,0.0033,77.24552056511932,33
2008,srv_len,Sex combined,53,606,0.0198,77.24552056511932,33
2008,srv_len,Sex combined,55,606,0.0099,77.24552056511932,33
2008,srv_len,Sex combined,57,606,0.0182,77.24552056511932,33
2008,srv_len,Sex combined,59,606,0.0528,77.24552056511932,33
2008,srv_len,Sex combined,61,606,0.0875,77.24552056511932,33
2008,srv_len,Sex combined,63,606,0.099,77.24552056511932,33
2008,srv_len,Sex combined,65,606,0.1023,77.24552056511932,33
2008,srv_len,Sex combined,67,606,0.1188,77.24552056511932,33
2008,srv_len,Sex combined,69,606,0.1122,77.24552056511932,33
2008,srv_len,Sex combined,71,606,0.0941,77.24552056511932,33
2008,srv_len,Sex combined,73,606,0.0743,77.24552056511932,33
2008,srv_len,Sex combined,75,606,0.0644,77.24552056511932,33
2008,srv_len,Sex combined,77,606,0.0314,77.24552056511932,33
2008,srv_len,Sex combined,79,606,0.0297,77.24552056511932,33
2008,srv_len,Sex combined,81,606,0.0248,77.24552056511932,33
2008,srv_len,Sex combined,83,606,0.0182,77.24552056511932,33
2008,srv_len,Sex combined,85,606,0.0083,77.24552056511932,33
2008,srv_len,Sex combined,87,606,0.0066,77.24552056511932,33
2008,srv_len,Sex combined,89,606,0.0033,77.24552056511932,33
2008,srv_len,Sex combined,91,606,0.0066,77.24552056511932,33
2008,srv_len,Sex combined,93,606,0.005,77.24552056511932,33
2008,srv_len,Sex combined,95,606,0.0017,77.24552056511932,33
2008,srv_len,Sex combined,97,606,0.0017,77.24552056511932,33
2008,srv_len,Sex combined,99,606,0.0033,77.24552056511932,33
2009,srv_len,Female,41,365,0,77.24552056511932,34
2009,srv_len,Female,43,365,0,77.24552056511932,34
2009,srv_len,Female,45,365,0,77.24552056511932,34
2009,srv_len,Female,47,365,0.005479,77.24552056511932,34
2009,srv_len,Female,49,365,0,77.24552056511932,34
2009,srv_len,Female,51,365,0.008219,77.24552056511932,34
2009,srv_len,Female,53,365,0.005479,77.24552056511932,34
2009,srv_len,Female,55,365,0.008219,77.24552056511932,34
2009,srv_len,Female,57,365,0.013699,77.24552056511932,34
2009,srv_len,Female,59,365,0.010959,77.24552056511932,34
2009,srv_len,Female,61,365,0.008219,77.24552056511932,34
2009,srv_len,Female,63,365,0.046575,77.24552056511932,34
2009,srv_len,Female,65,365,0.087671,77.24552056511932,34
2009,srv_len,Female,67,365,0.093151,77.24552056511932,34
2009,srv_len,Female,69,365,0.10137,77.24552056511932,34
2009,srv_len,Female,71,365,0.178082,77.24552056511932,34
2009,srv_len,Female,73,365,0.10137,77.24552056511932,34
2009,srv_len,Female,75,365,0.106849,77.24552056511932,34
2009,srv_len,Female,77,365,0.049315,77.24552056511932,34
2009,srv_len,Female,79,365,0.049315,77.24552056511932,34
2009,srv_len,Female,81,365,0.013699,77.24552056511932,34
2009,srv_len,Female,83,365,0.038356,77.24552056511932,34
2009,srv_len,Female,85,365,0.024658,77.24552056511932,34
2009,srv_len,Female,87,365,0.008219,77.24552056511932,34
2009,srv_len,Female,89,365,0.016438,77.24552056511932,34
2009,srv_len,Female,91,365,0,77.24552056511932,34
2009,srv_len,Female,93,365,0.008219,77.24552056511932,34
2009,srv_len,Female,95,365,0.008219,77.24552056511932,34
2009,srv_len,Female,97,365,0.00274,77.24552056511932,34
2009,srv_len,Female,99,365,0.005479,77.24552056511932,34
2009,srv_len,Male,41,253,0,66.49249456546144,34
2009,srv_len,Male,43,253,0,66.49249456546144,34
2009,srv_len,Male,45,253,0,66.49249456546144,34
2009,srv_len,Male,47,253,0,66.49249456546144,34
2009,srv_len,Male,49,253,0.003953,66.49249456546144,34
2009,srv_len,Male,51,253,0.007905,66.49249456546144,34
2009,srv_len,Male,53,253,0.011858,66.49249456546144,34
2009,srv_len,Male,55,253,0.023715,66.49249456546144,34
2009,srv_len,Male,57,253,0.023715,66.49249456546144,34
2009,srv_len,Male,59,253,0.059289,66.49249456546144,34
2009,srv_len,Male,61,253,0.110672,66.49249456546144,34
2009,srv_len,Male,63,253,0.16996,66.49249456546144,34
2009,srv_len,Male,65,253,0.150198,66.49249456546144,34
2009,srv_len,Male,67,253,0.142292,66.49249456546144,34
2009,srv_len,Male,69,253,0.110672,66.49249456546144,34
2009,srv_len,Male,71,253,0.090909,66.49249456546144,34
2009,srv_len,Male,73,253,0.047431,66.49249456546144,34
2009,srv_len,Male,75,253,0.023715,66.49249456546144,34
2009,srv_len,Male,77,253,0.011858,66.49249456546144,34
2009,srv_len,Male,79,253,0.007905,66.49249456546144,34
2009,srv_len,Male,81,253,0.003953,66.49249456546144,34
2009,srv_len,Male,83,253,0,66.49249456546144,34
2009,srv_len,Male,85,253,0,66.49249456546144,34
2009,srv_len,Male,87,253,0,66.49249456546144,34
2009,srv_len,Male,89,253,0,66.49249456546144,34
2009,srv_len,Male,91,253,0,66.49249456546144,34
2009,srv_len,Male,93,253,0,66.49249456546144,34
2009,srv_len,Male,95,253,0,66.49249456546144,34
2009,srv_len,Male,97,253,0,66.49249456546144,34
2009,srv_len,Male,99,253,0,66.49249456546144,34
2009,srv_len,Sex combined,41,618,0,77.24552056511932,34
2009,srv_len,Sex combined,43,618,0,77.24552056511932,34
2009,srv_len,Sex combined,45,618,0,77.24552056511932,34
2009,srv_len,Sex combined,47,618,0.0032,77.24552056511932,34
2009,srv_len,Sex combined,49,618,0.0016,77.24552056511932,34
2009,srv_len,Sex combined,51,618,0.0081,77.24552056511932,34
2009,srv_len,Sex combined,53,618,0.0081,77.24552056511932,34
2009,srv_len,Sex combined,55,618,0.0146,77.24552056511932,34
2009,srv_len,Sex combined,57,618,0.0178,77.24552056511932,34
2009,srv_len,Sex combined,59,618,0.0307,77.24552056511932,34
2009,srv_len,Sex combined,61,618,0.0502,77.24552056511932,34
2009,srv_len,Sex combined,63,618,0.0971,77.24552056511932,34
2009,srv_len,Sex combined,65,618,0.1133,77.24552056511932,34
2009,srv_len,Sex combined,67,618,0.1133,77.24552056511932,34
2009,srv_len,Sex combined,69,618,0.1052,77.24552056511932,34
2009,srv_len,Sex combined,71,618,0.1424,77.24552056511932,34
2009,srv_len,Sex combined,73,618,0.0793,77.24552056511932,34
2009,srv_len,Sex combined,75,618,0.0728,77.24552056511932,34
2009,srv_len,Sex combined,77,618,0.034,77.24552056511932,34
2009,srv_len,Sex combined,79,618,0.0324,77.24552056511932,34
2009,srv_len,Sex combined,81,618,0.0097,77.24552056511932,34
2009,srv_len,Sex combined,83,618,0.0227,77.24552056511932,34
2009,srv_len,Sex combined,85,618,0.0146,77.24552056511932,34
2009,srv_len,Sex combined,87,618,0.0049,77.24552056511932,34
2009,srv_len,Sex combined,89,618,0.0097,77.24552056511932,34
2009,srv_len,Sex combined,91,618,0,77.24552056511932,34
2009,srv_len,Sex combined,93,618,0.0049,77.24552056511932,34
2009,srv_len,Sex combined,95,618,0.0049,77.24552056511932,34
2009,srv_len,Sex combined,97,618,0.0016,77.24552056511932,34
2009,srv_len,Sex combined,99,618,0.0032,77.24552056511932,34
2010,srv_len,Female,41,320,0,77.24552056511932,35
2010,srv_len,Female,43,320,0,77.24552056511932,35
2010,srv_len,Female,45,320,0.0125,77.24552056511932,35
2010,srv_len,Female,47,320,0,77.24552056511932,35
2010,srv_len,Female,49,320,0.009375,77.24552056511932,35
2010,srv_len,Female,51,320,0.009375,77.24552056511932,35
2010,srv_len,Female,53,320,0.009375,77.24552056511932,35
2010,srv_len,Female,55,320,0.00625,77.24552056511932,35
2010,srv_len,Female,57,320,0.003125,77.24552056511932,35
2010,srv_len,Female,59,320,0.003125,77.24552056511932,35
2010,srv_len,Female,61,320,0.021875,77.24552056511932,35
2010,srv_len,Female,63,320,0.021875,77.24552056511932,35
2010,srv_len,Female,65,320,0.0625,77.24552056511932,35
2010,srv_len,Female,67,320,0.0875,77.24552056511932,35
2010,srv_len,Female,69,320,0.109375,77.24552056511932,35
2010,srv_len,Female,71,320,0.103125,77.24552056511932,35
2010,srv_len,Female,73,320,0.1375,77.24552056511932,35
2010,srv_len,Female,75,320,0.125,77.24552056511932,35
2010,srv_len,Female,77,320,0.075,77.24552056511932,35
2010,srv_len,Female,79,320,0.075,77.24552056511932,35
2010,srv_len,Female,81,320,0.03125,77.24552056511932,35
2010,srv_len,Female,83,320,0.021875,77.24552056511932,35
2010,srv_len,Female,85,320,0.028125,77.24552056511932,35
2010,srv_len,Female,87,320,0.0125,77.24552056511932,35
2010,srv_len,Female,89,320,0.00625,77.24552056511932,35
2010,srv_len,Female,91,320,0.003125,77.24552056511932,35
2010,srv_len,Female,93,320,0.0125,77.24552056511932,35
2010,srv_len,Female,95,320,0.003125,77.24552056511932,35
2010,srv_len,Female,97,320,0.00625,77.24552056511932,35
2010,srv_len,Female,99,320,0.003125,77.24552056511932,35
2010,srv_len,Male,41,285,0,66.49249456546144,35
2010,srv_len,Male,43,285,0,66.49249456546144,35
2010,srv_len,Male,45,285,0,66.49249456546144,35
2010,srv_len,Male,47,285,0.014035,66.49249456546144,35
2010,srv_len,Male,49,285,0.010526,66.49249456546144,35
2010,srv_len,Male,51,285,0.007018,66.49249456546144,35
2010,srv_len,Male,53,285,0.021053,66.49249456546144,35
2010,srv_len,Male,55,285,0.024561,66.49249456546144,35
2010,srv_len,Male,57,285,0.02807,66.49249456546144,35
2010,srv_len,Male,59,285,0.031579,66.49249456546144,35
2010,srv_len,Male,61,285,0.112281,66.49249456546144,35
2010,srv_len,Male,63,285,0.150877,66.49249456546144,35
2010,srv_len,Male,65,285,0.196491,66.49249456546144,35
2010,srv_len,Male,67,285,0.14386,66.49249456546144,35
2010,srv_len,Male,69,285,0.105263,66.49249456546144,35
2010,srv_len,Male,71,285,0.073684,66.49249456546144,35
2010,srv_len,Male,73,285,0.049123,66.49249456546144,35
2010,srv_len,Male,75,285,0.024561,66.49249456546144,35
2010,srv_len,Male,77,285,0.007018,66.49249456546144,35
2010,srv_len,Male,79,285,0,66.49249456546144,35
2010,srv_len,Male,81,285,0,66.49249456546144,35
2010,srv_len,Male,83,285,0,66.49249456546144,35
2010,srv_len,Male,85,285,0,66.49249456546144,35
2010,srv_len,Male,87,285,0,66.49249456546144,35
2010,srv_len,Male,89,285,0,66.49249456546144,35
2010,srv_len,Male,91,285,0,66.49249456546144,35
2010,srv_len,Male,93,285,0,66.49249456546144,35
2010,srv_len,Male,95,285,0,66.49249456546144,35
2010,srv_len,Male,97,285,0,66.49249456546144,35
2010,srv_len,Male,99,285,0,66.49249456546144,35
2010,srv_len,Sex combined,41,605,0,77.24552056511932,35
2010,srv_len,Sex combined,43,605,0,77.24552056511932,35
2010,srv_len,Sex combined,45,605,0.0066,77.24552056511932,35
2010,srv_len,Sex combined,47,605,0.0066,77.24552056511932,35
2010,srv_len,Sex combined,49,605,0.0099,77.24552056511932,35
2010,srv_len,Sex combined,51,605,0.0083,77.24552056511932,35
2010,srv_len,Sex combined,53,605,0.0149,77.24552056511932,35
2010,srv_len,Sex combined,55,605,0.0149,77.24552056511932,35
2010,srv_len,Sex combined,57,605,0.0149,77.24552056511932,35
2010,srv_len,Sex combined,59,605,0.0165,77.24552056511932,35
2010,srv_len,Sex combined,61,605,0.0645,77.24552056511932,35
2010,srv_len,Sex combined,63,605,0.0826,77.24552056511932,35
2010,srv_len,Sex combined,65,605,0.1256,77.24552056511932,35
2010,srv_len,Sex combined,67,605,0.114,77.24552056511932,35
2010,srv_len,Sex combined,69,605,0.1074,77.24552056511932,35
2010,srv_len,Sex combined,71,605,0.0893,77.24552056511932,35
2010,srv_len,Sex combined,73,605,0.0959,77.24552056511932,35
2010,srv_len,Sex combined,75,605,0.0777,77.24552056511932,35
2010,srv_len,Sex combined,77,605,0.043,77.24552056511932,35
2010,srv_len,Sex combined,79,605,0.0397,77.24552056511932,35
2010,srv_len,Sex combined,81,605,0.0165,77.24552056511932,35
2010,srv_len,Sex combined,83,605,0.0116,77.24552056511932,35
2010,srv_len,Sex combined,85,605,0.0149,77.24552056511932,35
2010,srv_len,Sex combined,87,605,0.0066,77.24552056511932,35
2010,srv_len,Sex combined,89,605,0.0033,77.24552056511932,35
2010,srv_len,Sex combined,91,605,0.0017,77.24552056511932,35
2010,srv_len,Sex combined,93,605,0.0066,77.24552056511932,35
2010,srv_len,Sex combined,95,605,0.0017,77.24552056511932,35
2010,srv_len,Sex combined,97,605,0.0033,77.24552056511932,35
2010,srv_len,Sex combined,99,605,0.0017,77.24552056511932,35
2011,srv_len,Female,41,365,0,77.24552056511932,36
2011,srv_len,Female,43,365,0,77.24552056511932,36
2011,srv_len,Female,45,365,0,77.24552056511932,36
2011,srv_len,Female,47,365,0,77.24552056511932,36
2011,srv_len,Female,49,365,0.008219,77.24552056511932,36
2011,srv_len,Female,51,365,0.024658,77.24552056511932,36
2011,srv_len,Female,53,365,0.043836,77.24552056511932,36
2011,srv_len,Female,55,365,0.046575,77.24552056511932,36
2011,srv_len,Female,57,365,0.041096,77.24552056511932,36
2011,srv_len,Female,59,365,0.016438,77.24552056511932,36
2011,srv_len,Female,61,365,0.016438,77.24552056511932,36
2011,srv_len,Female,63,365,0.024658,77.24552056511932,36
2011,srv_len,Female,65,365,0.063014,77.24552056511932,36
2011,srv_len,Female,67,365,0.079452,77.24552056511932,36
2011,srv_len,Female,69,365,0.120548,77.24552056511932,36
2011,srv_len,Female,71,365,0.087671,77.24552056511932,36
2011,srv_len,Female,73,365,0.131507,77.24552056511932,36
2011,srv_len,Female,75,365,0.087671,77.24552056511932,36
2011,srv_len,Female,77,365,0.049315,77.24552056511932,36
2011,srv_len,Female,79,365,0.073973,77.24552056511932,36
2011,srv_len,Female,81,365,0.021918,77.24552056511932,36
2011,srv_len,Female,83,365,0.024658,77.24552056511932,36
2011,srv_len,Female,85,365,0.010959,77.24552056511932,36
2011,srv_len,Female,87,365,0.00274,77.24552056511932,36
2011,srv_len,Female,89,365,0.00274,77.24552056511932,36
2011,srv_len,Female,91,365,0.013699,77.24552056511932,36
2011,srv_len,Female,93,365,0.005479,77.24552056511932,36
2011,srv_len,Female,95,365,0.00274,77.24552056511932,36
2011,srv_len,Female,97,365,0,77.24552056511932,36
2011,srv_len,Female,99,365,0,77.24552056511932,36
2011,srv_len,Male,41,311,0,66.49249456546144,36
2011,srv_len,Male,43,311,0,66.49249456546144,36
2011,srv_len,Male,45,311,0,66.49249456546144,36
2011,srv_len,Male,47,311,0.006431,66.49249456546144,36
2011,srv_len,Male,49,311,0.009646,66.49249456546144,36
2011,srv_len,Male,51,311,0.032154,66.49249456546144,36
2011,srv_len,Male,53,311,0.038585,66.49249456546144,36
2011,srv_len,Male,55,311,0.022508,66.49249456546144,36
2011,srv_len,Male,57,311,0.03537,66.49249456546144,36
2011,srv_len,Male,59,311,0.061093,66.49249456546144,36
2011,srv_len,Male,61,311,0.093248,66.49249456546144,36
2011,srv_len,Male,63,311,0.151125,66.49249456546144,36
2011,srv_len,Male,65,311,0.176849,66.49249456546144,36
2011,srv_len,Male,67,311,0.128617,66.49249456546144,36
2011,srv_len,Male,69,311,0.109325,66.49249456546144,36
2011,srv_len,Male,71,311,0.080386,66.49249456546144,36
2011,srv_len,Male,73,311,0.038585,66.49249456546144,36
2011,srv_len,Male,75,311,0,66.49249456546144,36
2011,srv_len,Male,77,311,0.009646,66.49249456546144,36
2011,srv_len,Male,79,311,0.006431,66.49249456546144,36
2011,srv_len,Male,81,311,0,66.49249456546144,36
2011,srv_len,Male,83,311,0,66.49249456546144,36
2011,srv_len,Male,85,311,0,66.49249456546144,36
2011,srv_len,Male,87,311,0,66.49249456546144,36
2011,srv_len,Male,89,311,0,66.49249456546144,36
2011,srv_len,Male,91,311,0,66.49249456546144,36
2011,srv_len,Male,93,311,0,66.49249456546144,36
2011,srv_len,Male,95,311,0,66.49249456546144,36
2011,srv_len,Male,97,311,0,66.49249456546144,36
2011,srv_len,Male,99,311,0,66.49249456546144,36
2011,srv_len,Sex combined,41,676,0,77.24552056511932,36
2011,srv_len,Sex combined,43,676,0,77.24552056511932,36
2011,srv_len,Sex combined,45,676,0,77.24552056511932,36
2011,srv_len,Sex combined,47,676,0.003,77.24552056511932,36
2011,srv_len,Sex combined,49,676,0.0089,77.24552056511932,36
2011,srv_len,Sex combined,51,676,0.0281,77.24552056511932,36
2011,srv_len,Sex combined,53,676,0.0414,77.24552056511932,36
2011,srv_len,Sex combined,55,676,0.0355,77.24552056511932,36
2011,srv_len,Sex combined,57,676,0.0385,77.24552056511932,36
2011,srv_len,Sex combined,59,676,0.037,77.24552056511932,36
2011,srv_len,Sex combined,61,676,0.0518,77.24552056511932,36
2011,srv_len,Sex combined,63,676,0.0828,77.24552056511932,36
2011,srv_len,Sex combined,65,676,0.1154,77.24552056511932,36
2011,srv_len,Sex combined,67,676,0.1021,77.24552056511932,36
2011,srv_len,Sex combined,69,676,0.1154,77.24552056511932,36
2011,srv_len,Sex combined,71,676,0.0843,77.24552056511932,36
2011,srv_len,Sex combined,73,676,0.0888,77.24552056511932,36
2011,srv_len,Sex combined,75,676,0.0473,77.24552056511932,36
2011,srv_len,Sex combined,77,676,0.0311,77.24552056511932,36
2011,srv_len,Sex combined,79,676,0.0429,77.24552056511932,36
2011,srv_len,Sex combined,81,676,0.0118,77.24552056511932,36
2011,srv_len,Sex combined,83,676,0.0133,77.24552056511932,36
2011,srv_len,Sex combined,85,676,0.0059,77.24552056511932,36
2011,srv_len,Sex combined,87,676,0.0015,77.24552056511932,36
2011,srv_len,Sex combined,89,676,0.0015,77.24552056511932,36
2011,srv_len,Sex combined,91,676,0.0074,77.24552056511932,36
2011,srv_len,Sex combined,93,676,0.003,77.24552056511932,36
2011,srv_len,Sex combined,95,676,0.0015,77.24552056511932,36
2011,srv_len,Sex combined,97,676,0,77.24552056511932,36
2011,srv_len,Sex combined,99,676,0,77.24552056511932,36
2012,srv_len,Female,41,405,0.002469,77.24552056511932,37
2012,srv_len,Female,43,405,0,77.24552056511932,37
2012,srv_len,Female,45,405,0,77.24552056511932,37
2012,srv_len,Female,47,405,0.002469,77.24552056511932,37
2012,srv_len,Female,49,405,0,77.24552056511932,37
2012,srv_len,Female,51,405,0.009877,77.24552056511932,37
2012,srv_len,Female,53,405,0.019753,77.24552056511932,37
2012,srv_len,Female,55,405,0.032099,77.24552056511932,37
2012,srv_len,Female,57,405,0.049383,77.24552056511932,37
2012,srv_len,Female,59,405,0.064198,77.24552056511932,37
2012,srv_len,Female,61,405,0.039506,77.24552056511932,37
2012,srv_len,Female,63,405,0.064198,77.24552056511932,37
2012,srv_len,Female,65,405,0.069136,77.24552056511932,37
2012,srv_len,Female,67,405,0.103704,77.24552056511932,37
2012,srv_len,Female,69,405,0.08642,77.24552056511932,37
2012,srv_len,Female,71,405,0.120988,77.24552056511932,37
2012,srv_len,Female,73,405,0.093827,77.24552056511932,37
2012,srv_len,Female,75,405,0.096296,77.24552056511932,37
2012,srv_len,Female,77,405,0.039506,77.24552056511932,37
2012,srv_len,Female,79,405,0.032099,77.24552056511932,37
2012,srv_len,Female,81,405,0.02716,77.24552056511932,37
2012,srv_len,Female,83,405,0.019753,77.24552056511932,37
2012,srv_len,Female,85,405,0.004938,77.24552056511932,37
2012,srv_len,Female,87,405,0.009877,77.24552056511932,37
2012,srv_len,Female,89,405,0.002469,77.24552056511932,37
2012,srv_len,Female,91,405,0,77.24552056511932,37
2012,srv_len,Female,93,405,0.004938,77.24552056511932,37
2012,srv_len,Female,95,405,0.004938,77.24552056511932,37
2012,srv_len,Female,97,405,0,77.24552056511932,37
2012,srv_len,Female,99,405,0,77.24552056511932,37
2012,srv_len,Male,41,319,0,66.49249456546144,37
2012,srv_len,Male,43,319,0,66.49249456546144,37
2012,srv_len,Male,45,319,0.00627,66.49249456546144,37
2012,srv_len,Male,47,319,0.00627,66.49249456546144,37
2012,srv_len,Male,49,319,0.00627,66.49249456546144,37
2012,srv_len,Male,51,319,0.015674,66.49249456546144,37
2012,srv_len,Male,53,319,0.028213,66.49249456546144,37
2012,srv_len,Male,55,319,0.043887,66.49249456546144,37
2012,srv_len,Male,57,319,0.059561,66.49249456546144,37
2012,srv_len,Male,59,319,0.094044,66.49249456546144,37
2012,srv_len,Male,61,319,0.115987,66.49249456546144,37
2012,srv_len,Male,63,319,0.141066,66.49249456546144,37
2012,srv_len,Male,65,319,0.184953,66.49249456546144,37
2012,srv_len,Male,67,319,0.109718,66.49249456546144,37
2012,srv_len,Male,69,319,0.056426,66.49249456546144,37
2012,srv_len,Male,71,319,0.081505,66.49249456546144,37
2012,srv_len,Male,73,319,0.025078,66.49249456546144,37
2012,srv_len,Male,75,319,0.012539,66.49249456546144,37
2012,srv_len,Male,77,319,0.009404,66.49249456546144,37
2012,srv_len,Male,79,319,0.003135,66.49249456546144,37
2012,srv_len,Male,81,319,0,66.49249456546144,37
2012,srv_len,Male,83,319,0,66.49249456546144,37
2012,srv_len,Male,85,319,0,66.49249456546144,37
2012,srv_len,Male,87,319,0,66.49249456546144,37
2012,srv_len,Male,89,319,0,66.49249456546144,37
2012,srv_len,Male,91,319,0,66.49249456546144,37
2012,srv_len,Male,93,319,0,66.49249456546144,37
2012,srv_len,Male,95,319,0,66.49249456546144,37
2012,srv_len,Male,97,319,0,66.49249456546144,37
2012,srv_len,Male,99,319,0,66.49249456546144,37
2012,srv_len,Sex combined,41,724,0.0014,77.24552056511932,37
2012,srv_len,Sex combined,43,724,0,77.24552056511932,37
2012,srv_len,Sex combined,45,724,0.0028,77.24552056511932,37
2012,srv_len,Sex combined,47,724,0.0041,77.24552056511932,37
2012,srv_len,Sex combined,49,724,0.0028,77.24552056511932,37
2012,srv_len,Sex combined,51,724,0.0124,77.24552056511932,37
2012,srv_len,Sex combined,53,724,0.0235,77.24552056511932,37
2012,srv_len,Sex combined,55,724,0.0373,77.24552056511932,37
2012,srv_len,Sex combined,57,724,0.053900000000000003,77.24552056511932,37
2012,srv_len,Sex combined,59,724,0.0773,77.24552056511932,37
2012,srv_len,Sex combined,61,724,0.0732,77.24552056511932,37
2012,srv_len,Sex combined,63,724,0.0981,77.24552056511932,37
2012,srv_len,Sex combined,65,724,0.1202,77.24552056511932,37
2012,srv_len,Sex combined,67,724,0.1064,77.24552056511932,37
2012,srv_len,Sex combined,69,724,0.0732,77.24552056511932,37
2012,srv_len,Sex combined,71,724,0.1036,77.24552056511932,37
2012,srv_len,Sex combined,73,724,0.0635,77.24552056511932,37
2012,srv_len,Sex combined,75,724,0.0594,77.24552056511932,37
2012,srv_len,Sex combined,77,724,0.0262,77.24552056511932,37
2012,srv_len,Sex combined,79,724,0.0193,77.24552056511932,37
2012,srv_len,Sex combined,81,724,0.0152,77.24552056511932,37
2012,srv_len,Sex combined,83,724,0.011,77.24552056511932,37
2012,srv_len,Sex combined,85,724,0.0028,77.24552056511932,37
2012,srv_len,Sex combined,87,724,0.0055,77.24552056511932,37
2012,srv_len,Sex combined,89,724,0.0014,77.24552056511932,37
2012,srv_len,Sex combined,91,724,0,77.24552056511932,37
2012,srv_len,Sex combined,93,724,0.0028,77.24552056511932,37
2012,srv_len,Sex combined,95,724,0.0028,77.24552056511932,37
2012,srv_len,Sex combined,97,724,0,77.24552056511932,37
2012,srv_len,Sex combined,99,724,0,77.24552056511932,37
2013,srv_len,Female,41,254,0,77.24552056511932,38
2013,srv_len,Female,43,254,0,77.24552056511932,38
2013,srv_len,Female,45,254,0,77.24552056511932,38
2013,srv_len,Female,47,254,0,77.24552056511932,38
2013,srv_len,Female,49,254,0.007874,77.24552056511932,38
2013,srv_len,Female,51,254,0.011811,77.24552056511932,38
2013,srv_len,Female,53,254,0.011811,77.24552056511932,38
2013,srv_len,Female,55,254,0.019685,77.24552056511932,38
2013,srv_len,Female,57,254,0.035433,77.24552056511932,38
2013,srv_len,Female,59,254,0.031496,77.24552056511932,38
2013,srv_len,Female,61,254,0.062992,77.24552056511932,38
2013,srv_len,Female,63,254,0.082677,77.24552056511932,38
2013,srv_len,Female,65,254,0.098425,77.24552056511932,38
2013,srv_len,Female,67,254,0.106299,77.24552056511932,38
2013,srv_len,Female,69,254,0.102362,77.24552056511932,38
2013,srv_len,Female,71,254,0.090551,77.24552056511932,38
2013,srv_len,Female,73,254,0.07874,77.24552056511932,38
2013,srv_len,Female,75,254,0.059055,77.24552056511932,38
2013,srv_len,Female,77,254,0.051181,77.24552056511932,38
2013,srv_len,Female,79,254,0.035433,77.24552056511932,38
2013,srv_len,Female,81,254,0.011811,77.24552056511932,38
2013,srv_len,Female,83,254,0.027559,77.24552056511932,38
2013,srv_len,Female,85,254,0.015748,77.24552056511932,38
2013,srv_len,Female,87,254,0.015748,77.24552056511932,38
2013,srv_len,Female,89,254,0.023622,77.24552056511932,38
2013,srv_len,Female,91,254,0.007874,77.24552056511932,38
2013,srv_len,Female,93,254,0.003937,77.24552056511932,38
2013,srv_len,Female,95,254,0.003937,77.24552056511932,38
2013,srv_len,Female,97,254,0,77.24552056511932,38
2013,srv_len,Female,99,254,0.003937,77.24552056511932,38
2013,srv_len,Male,41,280,0,66.49249456546144,38
2013,srv_len,Male,43,280,0,66.49249456546144,38
2013,srv_len,Male,45,280,0,66.49249456546144,38
2013,srv_len,Male,47,280,0,66.49249456546144,38
2013,srv_len,Male,49,280,0.003571,66.49249456546144,38
2013,srv_len,Male,51,280,0.007143,66.49249456546144,38
2013,srv_len,Male,53,280,0.021429,66.49249456546144,38
2013,srv_len,Male,55,280,0.053571,66.49249456546144,38
2013,srv_len,Male,57,280,0.060714,66.49249456546144,38
2013,srv_len,Male,59,280,0.096429,66.49249456546144,38
2013,srv_len,Male,61,280,0.153571,66.49249456546144,38
2013,srv_len,Male,63,280,0.135714,66.49249456546144,38
2013,srv_len,Male,65,280,0.167857,66.49249456546144,38
2013,srv_len,Male,67,280,0.128571,66.49249456546144,38
2013,srv_len,Male,69,280,0.078571,66.49249456546144,38
2013,srv_len,Male,71,280,0.039286,66.49249456546144,38
2013,srv_len,Male,73,280,0.028571,66.49249456546144,38
2013,srv_len,Male,75,280,0.014286,66.49249456546144,38
2013,srv_len,Male,77,280,0.007143,66.49249456546144,38
2013,srv_len,Male,79,280,0,66.49249456546144,38
2013,srv_len,Male,81,280,0.003571,66.49249456546144,38
2013,srv_len,Male,83,280,0,66.49249456546144,38
2013,srv_len,Male,85,280,0,66.49249456546144,38
2013,srv_len,Male,87,280,0,66.49249456546144,38
2013,srv_len,Male,89,280,0,66.49249456546144,38
2013,srv_len,Male,91,280,0,66.49249456546144,38
2013,srv_len,Male,93,280,0,66.49249456546144,38
2013,srv_len,Male,95,280,0,66.49249456546144,38
2013,srv_len,Male,97,280,0,66.49249456546144,38
2013,srv_len,Male,99,280,0,66.49249456546144,38
2013,srv_len,Sex combined,41,534,0,77.24552056511932,38
2013,srv_len,Sex combined,43,534,0,77.24552056511932,38
2013,srv_len,Sex combined,45,534,0,77.24552056511932,38
2013,srv_len,Sex combined,47,534,0,77.24552056511932,38
2013,srv_len,Sex combined,49,534,0.0056,77.24552056511932,38
2013,srv_len,Sex combined,51,534,0.0094,77.24552056511932,38
2013,srv_len,Sex combined,53,534,0.0169,77.24552056511932,38
2013,srv_len,Sex combined,55,534,0.0375,77.24552056511932,38
2013,srv_len,Sex combined,57,534,0.0487,77.24552056511932,38
2013,srv_len,Sex combined,59,534,0.0655,77.24552056511932,38
2013,srv_len,Sex combined,61,534,0.1105,77.24552056511932,38
2013,srv_len,Sex combined,63,534,0.1105,77.24552056511932,38
2013,srv_len,Sex combined,65,534,0.1348,77.24552056511932,38
2013,srv_len,Sex combined,67,534,0.118,77.24552056511932,38
2013,srv_len,Sex combined,69,534,0.0899,77.24552056511932,38
2013,srv_len,Sex combined,71,534,0.0637,77.24552056511932,38
2013,srv_len,Sex combined,73,534,0.0524,77.24552056511932,38
2013,srv_len,Sex combined,75,534,0.0356,77.24552056511932,38
2013,srv_len,Sex combined,77,534,0.0281,77.24552056511932,38
2013,srv_len,Sex combined,79,534,0.0169,77.24552056511932,38
2013,srv_len,Sex combined,81,534,0.0075,77.24552056511932,38
2013,srv_len,Sex combined,83,534,0.0131,77.24552056511932,38
2013,srv_len,Sex combined,85,534,0.0075,77.24552056511932,38
2013,srv_len,Sex combined,87,534,0.0075,77.24552056511932,38
2013,srv_len,Sex combined,89,534,0.0112,77.24552056511932,38
2013,srv_len,Sex combined,91,534,0.0037,77.24552056511932,38
2013,srv_len,Sex combined,93,534,0.0019,77.24552056511932,38
2013,srv_len,Sex combined,95,534,0.0019,77.24552056511932,38
2013,srv_len,Sex combined,97,534,0,77.24552056511932,38
2013,srv_len,Sex combined,99,534,0.0019,77.24552056511932,38
2014,srv_len,Female,41,285,0,77.24552056511932,39
2014,srv_len,Female,43,285,0,77.24552056511932,39
2014,srv_len,Female,45,285,0,77.24552056511932,39
2014,srv_len,Female,47,285,0,77.24552056511932,39
2014,srv_len,Female,49,285,0,77.24552056511932,39
2014,srv_len,Female,51,285,0.007018,77.24552056511932,39
2014,srv_len,Female,53,285,0.003509,77.24552056511932,39
2014,srv_len,Female,55,285,0.014035,77.24552056511932,39
2014,srv_len,Female,57,285,0.014035,77.24552056511932,39
2014,srv_len,Female,59,285,0.05614,77.24552056511932,39
2014,srv_len,Female,61,285,0.045614,77.24552056511932,39
2014,srv_len,Female,63,285,0.070175,77.24552056511932,39
2014,srv_len,Female,65,285,0.115789,77.24552056511932,39
2014,srv_len,Female,67,285,0.098246,77.24552056511932,39
2014,srv_len,Female,69,285,0.098246,77.24552056511932,39
2014,srv_len,Female,71,285,0.077193,77.24552056511932,39
2014,srv_len,Female,73,285,0.087719,77.24552056511932,39
2014,srv_len,Female,75,285,0.066667,77.24552056511932,39
2014,srv_len,Female,77,285,0.073684,77.24552056511932,39
2014,srv_len,Female,79,285,0.02807,77.24552056511932,39
2014,srv_len,Female,81,285,0.05614,77.24552056511932,39
2014,srv_len,Female,83,285,0.035088,77.24552056511932,39
2014,srv_len,Female,85,285,0.02807,77.24552056511932,39
2014,srv_len,Female,87,285,0.003509,77.24552056511932,39
2014,srv_len,Female,89,285,0,77.24552056511932,39
2014,srv_len,Female,91,285,0.010526,77.24552056511932,39
2014,srv_len,Female,93,285,0.007018,77.24552056511932,39
2014,srv_len,Female,95,285,0,77.24552056511932,39
2014,srv_len,Female,97,285,0,77.24552056511932,39
2014,srv_len,Female,99,285,0.003509,77.24552056511932,39
2014,srv_len,Male,41,275,0,66.49249456546144,39
2014,srv_len,Male,43,275,0,66.49249456546144,39
2014,srv_len,Male,45,275,0.003636,66.49249456546144,39
2014,srv_len,Male,47,275,0,66.49249456546144,39
2014,srv_len,Male,49,275,0,66.49249456546144,39
2014,srv_len,Male,51,275,0,66.49249456546144,39
2014,srv_len,Male,53,275,0.010909,66.49249456546144,39
2014,srv_len,Male,55,275,0.032727,66.49249456546144,39
2014,srv_len,Male,57,275,0.061818,66.49249456546144,39
2014,srv_len,Male,59,275,0.08,66.49249456546144,39
2014,srv_len,Male,61,275,0.112727,66.49249456546144,39
2014,srv_len,Male,63,275,0.210909,66.49249456546144,39
2014,srv_len,Male,65,275,0.149091,66.49249456546144,39
2014,srv_len,Male,67,275,0.134545,66.49249456546144,39
2014,srv_len,Male,69,275,0.061818,66.49249456546144,39
2014,srv_len,Male,71,275,0.076364,66.49249456546144,39
2014,srv_len,Male,73,275,0.032727,66.49249456546144,39
2014,srv_len,Male,75,275,0.010909,66.49249456546144,39
2014,srv_len,Male,77,275,0.014545,66.49249456546144,39
2014,srv_len,Male,79,275,0.003636,66.49249456546144,39
2014,srv_len,Male,81,275,0,66.49249456546144,39
2014,srv_len,Male,83,275,0,66.49249456546144,39
2014,srv_len,Male,85,275,0.003636,66.49249456546144,39
2014,srv_len,Male,87,275,0,66.49249456546144,39
2014,srv_len,Male,89,275,0,66.49249456546144,39
2014,srv_len,Male,91,275,0,66.49249456546144,39
2014,srv_len,Male,93,275,0,66.49249456546144,39
2014,srv_len,Male,95,275,0,66.49249456546144,39
2014,srv_len,Male,97,275,0,66.49249456546144,39
2014,srv_len,Male,99,275,0,66.49249456546144,39
2014,srv_len,Sex combined,41,560,0,77.24552056511932,39
2014,srv_len,Sex combined,43,560,0,77.24552056511932,39
2014,srv_len,Sex combined,45,560,0.0018,77.24552056511932,39
2014,srv_len,Sex combined,47,560,0,77.24552056511932,39
2014,srv_len,Sex combined,49,560,0,77.24552056511932,39
2014,srv_len,Sex combined,51,560,0.0036,77.24552056511932,39
2014,srv_len,Sex combined,53,560,0.0071,77.24552056511932,39
2014,srv_len,Sex combined,55,560,0.0232,77.24552056511932,39
2014,srv_len,Sex combined,57,560,0.0375,77.24552056511932,39
2014,srv_len,Sex combined,59,560,0.0679,77.24552056511932,39
2014,srv_len,Sex combined,61,560,0.0786,77.24552056511932,39
2014,srv_len,Sex combined,63,560,0.1393,77.24552056511932,39
2014,srv_len,Sex combined,65,560,0.1321,77.24552056511932,39
2014,srv_len,Sex combined,67,560,0.1161,77.24552056511932,39
2014,srv_len,Sex combined,69,560,0.0804,77.24552056511932,39
2014,srv_len,Sex combined,71,560,0.0768,77.24552056511932,39
2014,srv_len,Sex combined,73,560,0.0607,77.24552056511932,39
2014,srv_len,Sex combined,75,560,0.0393,77.24552056511932,39
2014,srv_len,Sex combined,77,560,0.0446,77.24552056511932,39
2014,srv_len,Sex combined,79,560,0.0161,77.24552056511932,39
2014,srv_len,Sex combined,81,560,0.0286,77.24552056511932,39
2014,srv_len,Sex combined,83,560,0.0179,77.24552056511932,39
2014,srv_len,Sex combined,85,560,0.0161,77.24552056511932,39
2014,srv_len,Sex combined,87,560,0.0018,77.24552056511932,39
2014,srv_len,Sex combined,89,560,0,77.24552056511932,39
2014,srv_len,Sex combined,91,560,0.0054,77.24552056511932,39
2014,srv_len,Sex combined,93,560,0.0036,77.24552056511932,39
2014,srv_len,Sex combined,95,560,0,77.24552056511932,39
2014,srv_len,Sex combined,97,560,0,77.24552056511932,39
2014,srv_len,Sex combined,99,560,0.0018,77.24552056511932,39
2015,srv_len,Female,41,290,0,77.24552056511932,40
2015,srv_len,Female,43,290,0,77.24552056511932,40
2015,srv_len,Female,45,290,0,77.24552056511932,40
2015,srv_len,Female,47,290,0.003448,77.24552056511932,40
2015,srv_len,Female,49,290,0.003448,77.24552056511932,40
2015,srv_len,Female,51,290,0.02069,77.24552056511932,40
2015,srv_len,Female,53,290,0.017241,77.24552056511932,40
2015,srv_len,Female,55,290,0.024138,77.24552056511932,40
2015,srv_len,Female,57,290,0.031034,77.24552056511932,40
2015,srv_len,Female,59,290,0.017241,77.24552056511932,40
2015,srv_len,Female,61,290,0.044828,77.24552056511932,40
2015,srv_len,Female,63,290,0.048276,77.24552056511932,40
2015,srv_len,Female,65,290,0.086207,77.24552056511932,40
2015,srv_len,Female,67,290,0.110345,77.24552056511932,40
2015,srv_len,Female,69,290,0.068966,77.24552056511932,40
2015,srv_len,Female,71,290,0.12069,77.24552056511932,40
2015,srv_len,Female,73,290,0.082759,77.24552056511932,40
2015,srv_len,Female,75,290,0.103448,77.24552056511932,40
2015,srv_len,Female,77,290,0.072414,77.24552056511932,40
2015,srv_len,Female,79,290,0.027586,77.24552056511932,40
2015,srv_len,Female,81,290,0.044828,77.24552056511932,40
2015,srv_len,Female,83,290,0.031034,77.24552056511932,40
2015,srv_len,Female,85,290,0.017241,77.24552056511932,40
2015,srv_len,Female,87,290,0.010345,77.24552056511932,40
2015,srv_len,Female,89,290,0.003448,77.24552056511932,40
2015,srv_len,Female,91,290,0.003448,77.24552056511932,40
2015,srv_len,Female,93,290,0.003448,77.24552056511932,40
2015,srv_len,Female,95,290,0,77.24552056511932,40
2015,srv_len,Female,97,290,0.003448,77.24552056511932,40
2015,srv_len,Female,99,290,0,77.24552056511932,40
2015,srv_len,Male,41,201,0,66.49249456546144,40
2015,srv_len,Male,43,201,0,66.49249456546144,40
2015,srv_len,Male,45,201,0.004975,66.49249456546144,40
2015,srv_len,Male,47,201,0.004975,66.49249456546144,40
2015,srv_len,Male,49,201,0.024876,66.49249456546144,40
2015,srv_len,Male,51,201,0.054726,66.49249456546144,40
2015,srv_len,Male,53,201,0.0199,66.49249456546144,40
2015,srv_len,Male,55,201,0.024876,66.49249456546144,40
2015,srv_len,Male,57,201,0.064677,66.49249456546144,40
2015,srv_len,Male,59,201,0.094527,66.49249456546144,40
2015,srv_len,Male,61,201,0.074627,66.49249456546144,40
2015,srv_len,Male,63,201,0.139303,66.49249456546144,40
2015,srv_len,Male,65,201,0.139303,66.49249456546144,40
2015,srv_len,Male,67,201,0.094527,66.49249456546144,40
2015,srv_len,Male,69,201,0.114428,66.49249456546144,40
2015,srv_len,Male,71,201,0.069652,66.49249456546144,40
2015,srv_len,Male,73,201,0.044776,66.49249456546144,40
2015,srv_len,Male,75,201,0.004975,66.49249456546144,40
2015,srv_len,Male,77,201,0.004975,66.49249456546144,40
2015,srv_len,Male,79,201,0.014925,66.49249456546144,40
2015,srv_len,Male,81,201,0.004975,66.49249456546144,40
2015,srv_len,Male,83,201,0,66.49249456546144,40
2015,srv_len,Male,85,201,0,66.49249456546144,40
2015,srv_len,Male,87,201,0,66.49249456546144,40
2015,srv_len,Male,89,201,0,66.49249456546144,40
2015,srv_len,Male,91,201,0,66.49249456546144,40
2015,srv_len,Male,93,201,0,66.49249456546144,40
2015,srv_len,Male,95,201,0,66.49249456546144,40
2015,srv_len,Male,97,201,0,66.49249456546144,40
2015,srv_len,Male,99,201,0,66.49249456546144,40
2015,srv_len,Sex combined,41,491,0,77.24552056511932,40
2015,srv_len,Sex combined,43,491,0,77.24552056511932,40
2015,srv_len,Sex combined,45,491,0.002,77.24552056511932,40
2015,srv_len,Sex combined,47,491,0.0041,77.24552056511932,40
2015,srv_len,Sex combined,49,491,0.0122,77.24552056511932,40
2015,srv_len,Sex combined,51,491,0.0346,77.24552056511932,40
2015,srv_len,Sex combined,53,491,0.0183,77.24552056511932,40
2015,srv_len,Sex combined,55,491,0.0244,77.24552056511932,40
2015,srv_len,Sex combined,57,491,0.0448,77.24552056511932,40
2015,srv_len,Sex combined,59,491,0.0489,77.24552056511932,40
2015,srv_len,Sex combined,61,491,0.057,77.24552056511932,40
2015,srv_len,Sex combined,63,491,0.0855,77.24552056511932,40
2015,srv_len,Sex combined,65,491,0.1079,77.24552056511932,40
2015,srv_len,Sex combined,67,491,0.1039,77.24552056511932,40
2015,srv_len,Sex combined,69,491,0.0876,77.24552056511932,40
2015,srv_len,Sex combined,71,491,0.0998,77.24552056511932,40
2015,srv_len,Sex combined,73,491,0.0672,77.24552056511932,40
2015,srv_len,Sex combined,75,491,0.0631,77.24552056511932,40
2015,srv_len,Sex combined,77,491,0.0448,77.24552056511932,40
2015,srv_len,Sex combined,79,491,0.0224,77.24552056511932,40
2015,srv_len,Sex combined,81,491,0.0285,77.24552056511932,40
2015,srv_len,Sex combined,83,491,0.0183,77.24552056511932,40
2015,srv_len,Sex combined,85,491,0.0102,77.24552056511932,40
2015,srv_len,Sex combined,87,491,0.0061,77.24552056511932,40
2015,srv_len,Sex combined,89,491,0.002,77.24552056511932,40
2015,srv_len,Sex combined,91,491,0.002,77.24552056511932,40
2015,srv_len,Sex combined,93,491,0.002,77.24552056511932,40
2015,srv_len,Sex combined,95,491,0,77.24552056511932,40
2015,srv_len,Sex combined,97,491,0.002,77.24552056511932,40
2015,srv_len,Sex combined,99,491,0,77.24552056511932,40
2016,srv_len,Female,41,315,0,77.24552056511932,41
2016,srv_len,Female,43,315,0,77.24552056511932,41
2016,srv_len,Female,45,315,0,77.24552056511932,41
2016,srv_len,Female,47,315,0.012698,77.24552056511932,41
2016,srv_len,Female,49,315,0.038095,77.24552056511932,41
2016,srv_len,Female,51,315,0.031746,77.24552056511932,41
2016,srv_len,Female,53,315,0.038095,77.24552056511932,41
2016,srv_len,Female,55,315,0.031746,77.24552056511932,41
2016,srv_len,Female,57,315,0.053968,77.24552056511932,41
2016,srv_len,Female,59,315,0.047619,77.24552056511932,41
2016,srv_len,Female,61,315,0.047619,77.24552056511932,41
2016,srv_len,Female,63,315,0.044444,77.24552056511932,41
2016,srv_len,Female,65,315,0.047619,77.24552056511932,41
2016,srv_len,Female,67,315,0.079365,77.24552056511932,41
2016,srv_len,Female,69,315,0.101587,77.24552056511932,41
2016,srv_len,Female,71,315,0.07619,77.24552056511932,41
2016,srv_len,Female,73,315,0.07619,77.24552056511932,41
2016,srv_len,Female,75,315,0.044444,77.24552056511932,41
2016,srv_len,Female,77,315,0.066667,77.24552056511932,41
2016,srv_len,Female,79,315,0.034921,77.24552056511932,41
2016,srv_len,Female,81,315,0.034921,77.24552056511932,41
2016,srv_len,Female,83,315,0.025397,77.24552056511932,41
2016,srv_len,Female,85,315,0.022222,77.24552056511932,41
2016,srv_len,Female,87,315,0.009524,77.24552056511932,41
2016,srv_len,Female,89,315,0.006349,77.24552056511932,41
2016,srv_len,Female,91,315,0.009524,77.24552056511932,41
2016,srv_len,Female,93,315,0.006349,77.24552056511932,41
2016,srv_len,Female,95,315,0.003175,77.24552056511932,41
2016,srv_len,Female,97,315,0.003175,77.24552056511932,41
2016,srv_len,Female,99,315,0.006349,77.24552056511932,41
2016,srv_len,Male,41,237,0,66.49249456546144,41
2016,srv_len,Male,43,237,0.004219,66.49249456546144,41
2016,srv_len,Male,45,237,0.008439,66.49249456546144,41
2016,srv_len,Male,47,237,0.012658,66.49249456546144,41
2016,srv_len,Male,49,237,0.037975,66.49249456546144,41
2016,srv_len,Male,51,237,0.012658,66.49249456546144,41
2016,srv_len,Male,53,237,0.037975,66.49249456546144,41
2016,srv_len,Male,55,237,0.059072,66.49249456546144,41
2016,srv_len,Male,57,237,0.07173,66.49249456546144,41
2016,srv_len,Male,59,237,0.050633,66.49249456546144,41
2016,srv_len,Male,61,237,0.109705,66.49249456546144,41
2016,srv_len,Male,63,237,0.135021,66.49249456546144,41
2016,srv_len,Male,65,237,0.105485,66.49249456546144,41
2016,srv_len,Male,67,237,0.118143,66.49249456546144,41
2016,srv_len,Male,69,237,0.105485,66.49249456546144,41
2016,srv_len,Male,71,237,0.059072,66.49249456546144,41
2016,srv_len,Male,73,237,0.046414,66.49249456546144,41
2016,srv_len,Male,75,237,0.004219,66.49249456546144,41
2016,srv_len,Male,77,237,0.016878,66.49249456546144,41
2016,srv_len,Male,79,237,0,66.49249456546144,41
2016,srv_len,Male,81,237,0,66.49249456546144,41
2016,srv_len,Male,83,237,0.004219,66.49249456546144,41
2016,srv_len,Male,85,237,0,66.49249456546144,41
2016,srv_len,Male,87,237,0,66.49249456546144,41
2016,srv_len,Male,89,237,0,66.49249456546144,41
2016,srv_len,Male,91,237,0,66.49249456546144,41
2016,srv_len,Male,93,237,0,66.49249456546144,41
2016,srv_len,Male,95,237,0,66.49249456546144,41
2016,srv_len,Male,97,237,0,66.49249456546144,41
2016,srv_len,Male,99,237,0,66.49249456546144,41
2016,srv_len,Sex combined,41,552,0,77.24552056511932,41
2016,srv_len,Sex combined,43,552,0.0018,77.24552056511932,41
2016,srv_len,Sex combined,45,552,0.0036,77.24552056511932,41
2016,srv_len,Sex combined,47,552,0.0127,77.24552056511932,41
2016,srv_len,Sex combined,49,552,0.038,77.24552056511932,41
2016,srv_len,Sex combined,51,552,0.0236,77.24552056511932,41
2016,srv_len,Sex combined,53,552,0.038,77.24552056511932,41
2016,srv_len,Sex combined,55,552,0.0435,77.24552056511932,41
2016,srv_len,Sex combined,57,552,0.0616,77.24552056511932,41
2016,srv_len,Sex combined,59,552,0.0489,77.24552056511932,41
2016,srv_len,Sex combined,61,552,0.0743,77.24552056511932,41
2016,srv_len,Sex combined,63,552,0.0833,77.24552056511932,41
2016,srv_len,Sex combined,65,552,0.0725,77.24552056511932,41
2016,srv_len,Sex combined,67,552,0.096,77.24552056511932,41
2016,srv_len,Sex combined,69,552,0.1033,77.24552056511932,41
2016,srv_len,Sex combined,71,552,0.0688,77.24552056511932,41
2016,srv_len,Sex combined,73,552,0.0634,77.24552056511932,41
2016,srv_len,Sex combined,75,552,0.0272,77.24552056511932,41
2016,srv_len,Sex combined,77,552,0.0453,77.24552056511932,41
2016,srv_len,Sex combined,79,552,0.0199,77.24552056511932,41
2016,srv_len,Sex combined,81,552,0.0199,77.24552056511932,41
2016,srv_len,Sex combined,83,552,0.0163,77.24552056511932,41
2016,srv_len,Sex combined,85,552,0.0127,77.24552056511932,41
2016,srv_len,Sex combined,87,552,0.0054,77.24552056511932,41
2016,srv_len,Sex combined,89,552,0.0036,77.24552056511932,41
2016,srv_len,Sex combined,91,552,0.0054,77.24552056511932,41
2016,srv_len,Sex combined,93,552,0.0036,77.24552056511932,41
2016,srv_len,Sex combined,95,552,0.0018,77.24552056511932,41
2016,srv_len,Sex combined,97,552,0.0018,77.24552056511932,41
2016,srv_len,Sex combined,99,552,0.0036,77.24552056511932,41
2017,srv_len,Female,41,347,0,77.24552056511932,42
2017,srv_len,Female,43,347,0.002882,77.24552056511932,42
2017,srv_len,Female,45,347,0.011527,77.24552056511932,42
2017,srv_len,Female,47,347,0.028818,77.24552056511932,42
2017,srv_len,Female,49,347,0.014409,77.24552056511932,42
2017,srv_len,Female,51,347,0.025937,77.24552056511932,42
2017,srv_len,Female,53,347,0.054755,77.24552056511932,42
2017,srv_len,Female,55,347,0.04611,77.24552056511932,42
2017,srv_len,Female,57,347,0.069164,77.24552056511932,42
2017,srv_len,Female,59,347,0.043228,77.24552056511932,42
2017,srv_len,Female,61,347,0.074928,77.24552056511932,42
2017,srv_len,Female,63,347,0.063401,77.24552056511932,42
2017,srv_len,Female,65,347,0.057637,77.24552056511932,42
2017,srv_len,Female,67,347,0.072046,77.24552056511932,42
2017,srv_len,Female,69,347,0.060519,77.24552056511932,42
2017,srv_len,Female,71,347,0.051873,77.24552056511932,42
2017,srv_len,Female,73,347,0.069164,77.24552056511932,42
2017,srv_len,Female,75,347,0.040346,77.24552056511932,42
2017,srv_len,Female,77,347,0.048991,77.24552056511932,42
2017,srv_len,Female,79,347,0.034582,77.24552056511932,42
2017,srv_len,Female,81,347,0.034582,77.24552056511932,42
2017,srv_len,Female,83,347,0.014409,77.24552056511932,42
2017,srv_len,Female,85,347,0.017291,77.24552056511932,42
2017,srv_len,Female,87,347,0.028818,77.24552056511932,42
2017,srv_len,Female,89,347,0.002882,77.24552056511932,42
2017,srv_len,Female,91,347,0.011527,77.24552056511932,42
2017,srv_len,Female,93,347,0,77.24552056511932,42
2017,srv_len,Female,95,347,0.011527,77.24552056511932,42
2017,srv_len,Female,97,347,0.002882,77.24552056511932,42
2017,srv_len,Female,99,347,0.005764,77.24552056511932,42
2017,srv_len,Male,41,250,0,66.49249456546144,42
2017,srv_len,Male,43,250,0,66.49249456546144,42
2017,srv_len,Male,45,250,0.02,66.49249456546144,42
2017,srv_len,Male,47,250,0.008,66.49249456546144,42
2017,srv_len,Male,49,250,0.02,66.49249456546144,42
2017,srv_len,Male,51,250,0.036,66.49249456546144,42
2017,srv_len,Male,53,250,0.056,66.49249456546144,42
2017,srv_len,Male,55,250,0.064,66.49249456546144,42
2017,srv_len,Male,57,250,0.088,66.49249456546144,42
2017,srv_len,Male,59,250,0.052,66.49249456546144,42
2017,srv_len,Male,61,250,0.144,66.49249456546144,42
2017,srv_len,Male,63,250,0.124,66.49249456546144,42
2017,srv_len,Male,65,250,0.152,66.49249456546144,42
2017,srv_len,Male,67,250,0.108,66.49249456546144,42
2017,srv_len,Male,69,250,0.056,66.49249456546144,42
2017,srv_len,Male,71,250,0.044,66.49249456546144,42
2017,srv_len,Male,73,250,0.02,66.49249456546144,42
2017,srv_len,Male,75,250,0.004,66.49249456546144,42
2017,srv_len,Male,77,250,0,66.49249456546144,42
2017,srv_len,Male,79,250,0,66.49249456546144,42
2017,srv_len,Male,81,250,0,66.49249456546144,42
2017,srv_len,Male,83,250,0.004,66.49249456546144,42
2017,srv_len,Male,85,250,0,66.49249456546144,42
2017,srv_len,Male,87,250,0,66.49249456546144,42
2017,srv_len,Male,89,250,0,66.49249456546144,42
2017,srv_len,Male,91,250,0,66.49249456546144,42
2017,srv_len,Male,93,250,0,66.49249456546144,42
2017,srv_len,Male,95,250,0,66.49249456546144,42
2017,srv_len,Male,97,250,0,66.49249456546144,42
2017,srv_len,Male,99,250,0,66.49249456546144,42
2017,srv_len,Sex combined,41,597,0,77.24552056511932,42
2017,srv_len,Sex combined,43,597,0.0017,77.24552056511932,42
2017,srv_len,Sex combined,45,597,0.0151,77.24552056511932,42
2017,srv_len,Sex combined,47,597,0.0201,77.24552056511932,42
2017,srv_len,Sex combined,49,597,0.0168,77.24552056511932,42
2017,srv_len,Sex combined,51,597,0.0302,77.24552056511932,42
2017,srv_len,Sex combined,53,597,0.0553,77.24552056511932,42
2017,srv_len,Sex combined,55,597,0.0536,77.24552056511932,42
2017,srv_len,Sex combined,57,597,0.0771,77.24552056511932,42
2017,srv_len,Sex combined,59,597,0.0469,77.24552056511932,42
2017,srv_len,Sex combined,61,597,0.1039,77.24552056511932,42
2017,srv_len,Sex combined,63,597,0.0888,77.24552056511932,42
2017,srv_len,Sex combined,65,597,0.0972,77.24552056511932,42
2017,srv_len,Sex combined,67,597,0.0871,77.24552056511932,42
2017,srv_len,Sex combined,69,597,0.0586,77.24552056511932,42
2017,srv_len,Sex combined,71,597,0.0486,77.24552056511932,42
2017,srv_len,Sex combined,73,597,0.0486,77.24552056511932,42
2017,srv_len,Sex combined,75,597,0.0251,77.24552056511932,42
2017,srv_len,Sex combined,77,597,0.0285,77.24552056511932,42
2017,srv_len,Sex combined,79,597,0.0201,77.24552056511932,42
2017,srv_len,Sex combined,81,597,0.0201,77.24552056511932,42
2017,srv_len,Sex combined,83,597,0.0101,77.24552056511932,42
2017,srv_len,Sex combined,85,597,0.0101,77.24552056511932,42
2017,srv_len,Sex combined,87,597,0.0168,77.24552056511932,42
2017,srv_len,Sex combined,89,597,0.0017,77.24552056511932,42
2017,srv_len,Sex combined,91,597,0.0067,77.24552056511932,42
2017,srv_len,Sex combined,93,597,0,77.24552056511932,42
2017,srv_len,Sex combined,95,597,0.0067,77.24552056511932,42
2017,srv_len,Sex combined,97,597,0.0017,77.24552056511932,42
2017,srv_len,Sex combined,99,597,0.0034,77.24552056511932,42
2018,srv_len,Female,41,347,0,77.24552056511932,43
2018,srv_len,Female,43,347,0.002882,77.24552056511932,43
2018,srv_len,Female,45,347,0.011527,77.24552056511932,43
2018,srv_len,Female,47,347,0.014409,77.24552056511932,43
2018,srv_len,Female,49,347,0.025937,77.24552056511932,43
2018,srv_len,Female,51,347,0.0317,77.24552056511932,43
2018,srv_len,Female,53,347,0.054755,77.24552056511932,43
2018,srv_len,Female,55,347,0.060519,77.24552056511932,43
2018,srv_len,Female,57,347,0.07781,77.24552056511932,43
2018,srv_len,Female,59,347,0.072046,77.24552056511932,43
2018,srv_len,Female,61,347,0.057637,77.24552056511932,43
2018,srv_len,Female,63,347,0.057637,77.24552056511932,43
2018,srv_len,Female,65,347,0.066282,77.24552056511932,43
2018,srv_len,Female,67,347,0.057637,77.24552056511932,43
2018,srv_len,Female,69,347,0.063401,77.24552056511932,43
2018,srv_len,Female,71,347,0.089337,77.24552056511932,43
2018,srv_len,Female,73,347,0.048991,77.24552056511932,43
2018,srv_len,Female,75,347,0.04611,77.24552056511932,43
2018,srv_len,Female,77,347,0.048991,77.24552056511932,43
2018,srv_len,Female,79,347,0.023055,77.24552056511932,43
2018,srv_len,Female,81,347,0.034582,77.24552056511932,43
2018,srv_len,Female,83,347,0.005764,77.24552056511932,43
2018,srv_len,Female,85,347,0.020173,77.24552056511932,43
2018,srv_len,Female,87,347,0.008646,77.24552056511932,43
2018,srv_len,Female,89,347,0.005764,77.24552056511932,43
2018,srv_len,Female,91,347,0.002882,77.24552056511932,43
2018,srv_len,Female,93,347,0.002882,77.24552056511932,43
2018,srv_len,Female,95,347,0.002882,77.24552056511932,43
2018,srv_len,Female,97,347,0.002882,77.24552056511932,43
2018,srv_len,Female,99,347,0.002882,77.24552056511932,43
2018,srv_len,Male,41,215,0,66.49249456546144,43
2018,srv_len,Male,43,215,0,66.49249456546144,43
2018,srv_len,Male,45,215,0.013953,66.49249456546144,43
2018,srv_len,Male,47,215,0.013953,66.49249456546144,43
2018,srv_len,Male,49,215,0.023256,66.49249456546144,43
2018,srv_len,Male,51,215,0.046512,66.49249456546144,43
2018,srv_len,Male,53,215,0.060465,66.49249456546144,43
2018,srv_len,Male,55,215,0.046512,66.49249456546144,43
2018,srv_len,Male,57,215,0.065116,66.49249456546144,43
2018,srv_len,Male,59,215,0.106977,66.49249456546144,43
2018,srv_len,Male,61,215,0.093023,66.49249456546144,43
2018,srv_len,Male,63,215,0.12093,66.49249456546144,43
2018,srv_len,Male,65,215,0.111628,66.49249456546144,43
2018,srv_len,Male,67,215,0.069767,66.49249456546144,43
2018,srv_len,Male,69,215,0.125581,66.49249456546144,43
2018,srv_len,Male,71,215,0.046512,66.49249456546144,43
2018,srv_len,Male,73,215,0.027907,66.49249456546144,43
2018,srv_len,Male,75,215,0.009302,66.49249456546144,43
2018,srv_len,Male,77,215,0.004651,66.49249456546144,43
2018,srv_len,Male,79,215,0.013953,66.49249456546144,43
2018,srv_len,Male,81,215,0,66.49249456546144,43
2018,srv_len,Male,83,215,0,66.49249456546144,43
2018,srv_len,Male,85,215,0,66.49249456546144,43
2018,srv_len,Male,87,215,0,66.49249456546144,43
2018,srv_len,Male,89,215,0,66.49249456546144,43
2018,srv_len,Male,91,215,0,66.49249456546144,43
2018,srv_len,Male,93,215,0,66.49249456546144,43
2018,srv_len,Male,95,215,0,66.49249456546144,43
2018,srv_len,Male,97,215,0,66.49249456546144,43
2018,srv_len,Male,99,215,0,66.49249456546144,43
2018,srv_len,Sex combined,41,562,0,77.24552056511932,43
2018,srv_len,Sex combined,43,562,0.0018,77.24552056511932,43
2018,srv_len,Sex combined,45,562,0.0125,77.24552056511932,43
2018,srv_len,Sex combined,47,562,0.0142,77.24552056511932,43
2018,srv_len,Sex combined,49,562,0.0249,77.24552056511932,43
2018,srv_len,Sex combined,51,562,0.0374,77.24552056511932,43
2018,srv_len,Sex combined,53,562,0.0569,77.24552056511932,43
2018,srv_len,Sex combined,55,562,0.0552,77.24552056511932,43
2018,srv_len,Sex combined,57,562,0.073,77.24552056511932,43
2018,srv_len,Sex combined,59,562,0.0854,77.24552056511932,43
2018,srv_len,Sex combined,61,562,0.0712,77.24552056511932,43
2018,srv_len,Sex combined,63,562,0.0819,77.24552056511932,43
2018,srv_len,Sex combined,65,562,0.0836,77.24552056511932,43
2018,srv_len,Sex combined,67,562,0.0623,77.24552056511932,43
2018,srv_len,Sex combined,69,562,0.0872,77.24552056511932,43
2018,srv_len,Sex combined,71,562,0.073,77.24552056511932,43
2018,srv_len,Sex combined,73,562,0.0409,77.24552056511932,43
2018,srv_len,Sex combined,75,562,0.032,77.24552056511932,43
2018,srv_len,Sex combined,77,562,0.032,77.24552056511932,43
2018,srv_len,Sex combined,79,562,0.0196,77.24552056511932,43
2018,srv_len,Sex combined,81,562,0.0214,77.24552056511932,43
2018,srv_len,Sex combined,83,562,0.0036,77.24552056511932,43
2018,srv_len,Sex combined,85,562,0.0125,77.24552056511932,43
2018,srv_len,Sex combined,87,562,0.0053,77.24552056511932,43
2018,srv_len,Sex combined,89,562,0.0036,77.24552056511932,43
2018,srv_len,Sex combined,91,562,0.0018,77.24552056511932,43
2018,srv_len,Sex combined,93,562,0.0018,77.24552056511932,43
2018,srv_len,Sex combined,95,562,0.0018,77.24552056511932,43
2018,srv_len,Sex combined,97,562,0.0018,77.24552056511932,43
2018,srv_len,Sex combined,99,562,0.0018,77.24552056511932,43
2019,srv_len,Female,41,269,0,77.24552056511932,44
2019,srv_len,Female,43,269,0,77.24552056511932,44
2019,srv_len,Female,45,269,0.007435,77.24552056511932,44
2019,srv_len,Female,47,269,0.033457,77.24552056511932,44
2019,srv_len,Female,49,269,0.02974,77.24552056511932,44
2019,srv_len,Female,51,269,0.055762,77.24552056511932,44
2019,srv_len,Female,53,269,0.052045,77.24552056511932,44
2019,srv_len,Female,55,269,0.048327,77.24552056511932,44
2019,srv_len,Female,57,269,0.052045,77.24552056511932,44
2019,srv_len,Female,59,269,0.074349,77.24552056511932,44
2019,srv_len,Female,61,269,0.096654,77.24552056511932,44
2019,srv_len,Female,63,269,0.092937,77.24552056511932,44
2019,srv_len,Female,65,269,0.100372,77.24552056511932,44
2019,srv_len,Female,67,269,0.04461,77.24552056511932,44
2019,srv_len,Female,69,269,0.02974,77.24552056511932,44
2019,srv_len,Female,71,269,0.063197,77.24552056511932,44
2019,srv_len,Female,73,269,0.040892,77.24552056511932,44
2019,srv_len,Female,75,269,0.05948,77.24552056511932,44
2019,srv_len,Female,77,269,0.040892,77.24552056511932,44
2019,srv_len,Female,79,269,0.026022,77.24552056511932,44
2019,srv_len,Female,81,269,0.011152,77.24552056511932,44
2019,srv_len,Female,83,269,0.01487,77.24552056511932,44
2019,srv_len,Female,85,269,0.003717,77.24552056511932,44
2019,srv_len,Female,87,269,0.007435,77.24552056511932,44
2019,srv_len,Female,89,269,0.007435,77.24552056511932,44
2019,srv_len,Female,91,269,0,77.24552056511932,44
2019,srv_len,Female,93,269,0.003717,77.24552056511932,44
2019,srv_len,Female,95,269,0.003717,77.24552056511932,44
2019,srv_len,Female,97,269,0,77.24552056511932,44
2019,srv_len,Female,99,269,0,77.24552056511932,44
2019,srv_len,Male,41,198,0,66.49249456546144,44
2019,srv_len,Male,43,198,0,66.49249456546144,44
2019,srv_len,Male,45,198,0.005051,66.49249456546144,44
2019,srv_len,Male,47,198,0.020202,66.49249456546144,44
2019,srv_len,Male,49,198,0.060606,66.49249456546144,44
2019,srv_len,Male,51,198,0.070707,66.49249456546144,44
2019,srv_len,Male,53,198,0.045455,66.49249456546144,44
2019,srv_len,Male,55,198,0.075758,66.49249456546144,44
2019,srv_len,Male,57,198,0.070707,66.49249456546144,44
2019,srv_len,Male,59,198,0.10101,66.49249456546144,44
2019,srv_len,Male,61,198,0.121212,66.49249456546144,44
2019,srv_len,Male,63,198,0.075758,66.49249456546144,44
2019,srv_len,Male,65,198,0.111111,66.49249456546144,44
2019,srv_len,Male,67,198,0.106061,66.49249456546144,44
2019,srv_len,Male,69,198,0.055556,66.49249456546144,44
2019,srv_len,Male,71,198,0.040404,66.49249456546144,44
2019,srv_len,Male,73,198,0.035354,66.49249456546144,44
2019,srv_len,Male,75,198,0,66.49249456546144,44
2019,srv_len,Male,77,198,0,66.49249456546144,44
2019,srv_len,Male,79,198,0,66.49249456546144,44
2019,srv_len,Male,81,198,0,66.49249456546144,44
2019,srv_len,Male,83,198,0,66.49249456546144,44
2019,srv_len,Male,85,198,0.005051,66.49249456546144,44
2019,srv_len,Male,87,198,0,66.49249456546144,44
2019,srv_len,Male,89,198,0,66.49249456546144,44
2019,srv_len,Male,91,198,0,66.49249456546144,44
2019,srv_len,Male,93,198,0,66.49249456546144,44
2019,srv_len,Male,95,198,0,66.49249456546144,44
2019,srv_len,Male,97,198,0,66.49249456546144,44
2019,srv_len,Male,99,198,0,66.49249456546144,44
2019,srv_len,Sex combined,41,467,0,77.24552056511932,44
2019,srv_len,Sex combined,43,467,0,77.24552056511932,44
2019,srv_len,Sex combined,45,467,0.0064,77.24552056511932,44
2019,srv_len,Sex combined,47,467,0.0278,77.24552056511932,44
2019,srv_len,Sex combined,49,467,0.0428,77.24552056511932,44
2019,srv_len,Sex combined,51,467,0.0621,77.24552056511932,44
2019,srv_len,Sex combined,53,467,0.0493,77.24552056511932,44
2019,srv_len,Sex combined,55,467,0.06,77.24552056511932,44
2019,srv_len,Sex combined,57,467,0.06,77.24552056511932,44
2019,srv_len,Sex combined,59,467,0.0857,77.24552056511932,44
2019,srv_len,Sex combined,61,467,0.1071,77.24552056511932,44
2019,srv_len,Sex combined,63,467,0.0857,77.24552056511932,44
2019,srv_len,Sex combined,65,467,0.1049,77.24552056511932,44
2019,srv_len,Sex combined,67,467,0.0707,77.24552056511932,44
2019,srv_len,Sex combined,69,467,0.0407,77.24552056511932,44
2019,srv_len,Sex combined,71,467,0.0535,77.24552056511932,44
2019,srv_len,Sex combined,73,467,0.0385,77.24552056511932,44
2019,srv_len,Sex combined,75,467,0.0343,77.24552056511932,44
2019,srv_len,Sex combined,77,467,0.0236,77.24552056511932,44
2019,srv_len,Sex combined,79,467,0.015,77.24552056511932,44
2019,srv_len,Sex combined,81,467,0.0064,77.24552056511932,44
2019,srv_len,Sex combined,83,467,0.0086,77.24552056511932,44
2019,srv_len,Sex combined,85,467,0.0043,77.24552056511932,44
2019,srv_len,Sex combined,87,467,0.0043,77.24552056511932,44
2019,srv_len,Sex combined,89,467,0.0043,77.24552056511932,44
2019,srv_len,Sex combined,91,467,0,77.24552056511932,44
2019,srv_len,Sex combined,93,467,0.0021,77.24552056511932,44
2019,srv_len,Sex combined,95,467,0.0021,77.24552056511932,44
2019,srv_len,Sex combined,97,467,0,77.24552056511932,44
2019,srv_len,Sex combined,99,467,0,77.24552056511932,44
2020,srv_len,Female,41,375,0,77.24552056511932,45
2020,srv_len,Female,43,375,0,77.24552056511932,45
2020,srv_len,Female,45,375,0,77.24552056511932,45
2020,srv_len,Female,47,375,0.002667,77.24552056511932,45
2020,srv_len,Female,49,375,0.008,77.24552056511932,45
2020,srv_len,Female,51,375,0.034667,77.24552056511932,45
2020,srv_len,Female,53,375,0.08,77.24552056511932,45
2020,srv_len,Female,55,375,0.085333,77.24552056511932,45
2020,srv_len,Female,57,375,0.093333,77.24552056511932,45
2020,srv_len,Female,59,375,0.101333,77.24552056511932,45
2020,srv_len,Female,61,375,0.088,77.24552056511932,45
2020,srv_len,Female,63,375,0.072,77.24552056511932,45
2020,srv_len,Female,65,375,0.082667,77.24552056511932,45
2020,srv_len,Female,67,375,0.112,77.24552056511932,45
2020,srv_len,Female,69,375,0.037333,77.24552056511932,45
2020,srv_len,Female,71,375,0.050667,77.24552056511932,45
2020,srv_len,Female,73,375,0.034667,77.24552056511932,45
2020,srv_len,Female,75,375,0.029333,77.24552056511932,45
2020,srv_len,Female,77,375,0.034667,77.24552056511932,45
2020,srv_len,Female,79,375,0.010667,77.24552056511932,45
2020,srv_len,Female,81,375,0.010667,77.24552056511932,45
2020,srv_len,Female,83,375,0.002667,77.24552056511932,45
2020,srv_len,Female,85,375,0.002667,77.24552056511932,45
2020,srv_len,Female,87,375,0.013333,77.24552056511932,45
2020,srv_len,Female,89,375,0.005333,77.24552056511932,45
2020,srv_len,Female,91,375,0,77.24552056511932,45
2020,srv_len,Female,93,375,0.002667,77.24552056511932,45
2020,srv_len,Female,95,375,0,77.24552056511932,45
2020,srv_len,Female,97,375,0.005333,77.24552056511932,45
2020,srv_len,Female,99,375,0,77.24552056511932,45
2020,srv_len,Male,41,239,0,66.49249456546144,45
2020,srv_len,Male,43,239,0,66.49249456546144,45
2020,srv_len,Male,45,239,0,66.49249456546144,45
2020,srv_len,Male,47,239,0,66.49249456546144,45
2020,srv_len,Male,49,239,0.008368,66.49249456546144,45
2020,srv_len,Male,51,239,0.054393,66.49249456546144,45
2020,srv_len,Male,53,239,0.100418,66.49249456546144,45
2020,srv_len,Male,55,239,0.104603,66.49249456546144,45
2020,srv_len,Male,57,239,0.087866,66.49249456546144,45
2020,srv_len,Male,59,239,0.129707,66.49249456546144,45
2020,srv_len,Male,61,239,0.138075,66.49249456546144,45
2020,srv_len,Male,63,239,0.138075,66.49249456546144,45
2020,srv_len,Male,65,239,0.083682,66.49249456546144,45
2020,srv_len,Male,67,239,0.062762,66.49249456546144,45
2020,srv_len,Male,69,239,0.041841,66.49249456546144,45
2020,srv_len,Male,71,239,0.016736,66.49249456546144,45
2020,srv_len,Male,73,239,0.016736,66.49249456546144,45
2020,srv_len,Male,75,239,0.012552,66.49249456546144,45
2020,srv_len,Male,77,239,0,66.49249456546144,45
2020,srv_len,Male,79,239,0,66.49249456546144,45
2020,srv_len,Male,81,239,0.004184,66.49249456546144,45
2020,srv_len,Male,83,239,0,66.49249456546144,45
2020,srv_len,Male,85,239,0,66.49249456546144,45
2020,srv_len,Male,87,239,0,66.49249456546144,45
2020,srv_len,Male,89,239,0,66.49249456546144,45
2020,srv_len,Male,91,239,0,66.49249456546144,45
2020,srv_len,Male,93,239,0,66.49249456546144,45
2020,srv_len,Male,95,239,0,66.49249456546144,45
2020,srv_len,Male,97,239,0,66.49249456546144,45
2020,srv_len,Male,99,239,0,66.49249456546144,45
2020,srv_len,Sex combined,41,614,0,77.24552056511932,45
2020,srv_len,Sex combined,43,614,0,77.24552056511932,45
2020,srv_len,Sex combined,45,614,0,77.24552056511932,45
2020,srv_len,Sex combined,47,614,0.0016,77.24552056511932,45
2020,srv_len,Sex combined,49,614,0.0081,77.24552056511932,45
2020,srv_len,Sex combined,51,614,0.0423,77.24552056511932,45
2020,srv_len,Sex combined,53,614,0.0879,77.24552056511932,45
2020,srv_len,Sex combined,55,614,0.0928,77.24552056511932,45
2020,srv_len,Sex combined,57,614,0.0912,77.24552056511932,45
2020,srv_len,Sex combined,59,614,0.1124,77.24552056511932,45
2020,srv_len,Sex combined,61,614,0.1075,77.24552056511932,45
2020,srv_len,Sex combined,63,614,0.0977,77.24552056511932,45
2020,srv_len,Sex combined,65,614,0.0831,77.24552056511932,45
2020,srv_len,Sex combined,67,614,0.0928,77.24552056511932,45
2020,srv_len,Sex combined,69,614,0.0391,77.24552056511932,45
2020,srv_len,Sex combined,71,614,0.0375,77.24552056511932,45
2020,srv_len,Sex combined,73,614,0.0277,77.24552056511932,45
2020,srv_len,Sex combined,75,614,0.0228,77.24552056511932,45
2020,srv_len,Sex combined,77,614,0.0212,77.24552056511932,45
2020,srv_len,Sex combined,79,614,0.0065,77.24552056511932,45
2020,srv_len,Sex combined,81,614,0.0081,77.24552056511932,45
2020,srv_len,Sex combined,83,614,0.0016,77.24552056511932,45
2020,srv_len,Sex combined,85,614,0.0016,77.24552056511932,45
2020,srv_len,Sex combined,87,614,0.0081,77.24552056511932,45
2020,srv_len,Sex combined,89,614,0.0033,77.24552056511932,45
2020,srv_len,Sex combined,91,614,0,77.24552056511932,45
2020,srv_len,Sex combined,93,614,0.0016,77.24552056511932,45
2020,srv_len,Sex combined,95,614,0,77.24552056511932,45
2020,srv_len,Sex combined,97,614,0.0033,77.24552056511932,45
2020,srv_len,Sex combined,99,614,0,77.24552056511932,45
2021,srv_len,Female,41,369,0,77.24552056511932,46
2021,srv_len,Female,43,369,0,77.24552056511932,46
2021,srv_len,Female,45,369,0.00271,77.24552056511932,46
2021,srv_len,Female,47,369,0,77.24552056511932,46
2021,srv_len,Female,49,369,0.00542,77.24552056511932,46
2021,srv_len,Female,51,369,0.00813,77.24552056511932,46
2021,srv_len,Female,53,369,0.04336,77.24552056511932,46
2021,srv_len,Female,55,369,0.065041,77.24552056511932,46
2021,srv_len,Female,57,369,0.081301,77.24552056511932,46
2021,srv_len,Female,59,369,0.113821,77.24552056511932,46
2021,srv_len,Female,61,369,0.159892,77.24552056511932,46
2021,srv_len,Female,63,369,0.162602,77.24552056511932,46
2021,srv_len,Female,65,369,0.121951,77.24552056511932,46
2021,srv_len,Female,67,369,0.078591,77.24552056511932,46
2021,srv_len,Female,69,369,0.056911,77.24552056511932,46
2021,srv_len,Female,71,369,0.03523,77.24552056511932,46
2021,srv_len,Female,73,369,0.02981,77.24552056511932,46
2021,srv_len,Female,75,369,0.00542,77.24552056511932,46
2021,srv_len,Female,77,369,0.01084,77.24552056511932,46
2021,srv_len,Female,79,369,0.00271,77.24552056511932,46
2021,srv_len,Female,81,369,0.00542,77.24552056511932,46
2021,srv_len,Female,83,369,0.00271,77.24552056511932,46
2021,srv_len,Female,85,369,0.00271,77.24552056511932,46
2021,srv_len,Female,87,369,0.00271,77.24552056511932,46
2021,srv_len,Female,89,369,0.00271,77.24552056511932,46
2021,srv_len,Female,91,369,0,77.24552056511932,46
2021,srv_len,Female,93,369,0,77.24552056511932,46
2021,srv_len,Female,95,369,0,77.24552056511932,46
2021,srv_len,Female,97,369,0,77.24552056511932,46
2021,srv_len,Female,99,369,0,77.24552056511932,46
2021,srv_len,Male,41,275,0,66.49249456546144,46
2021,srv_len,Male,43,275,0,66.49249456546144,46
2021,srv_len,Male,45,275,0.003636,66.49249456546144,46
2021,srv_len,Male,47,275,0.010909,66.49249456546144,46
2021,srv_len,Male,49,275,0.025455,66.49249456546144,46
2021,srv_len,Male,51,275,0.04,66.49249456546144,46
2021,srv_len,Male,53,275,0.123636,66.49249456546144,46
2021,srv_len,Male,55,275,0.130909,66.49249456546144,46
2021,srv_len,Male,57,275,0.167273,66.49249456546144,46
2021,srv_len,Male,59,275,0.178182,66.49249456546144,46
2021,srv_len,Male,61,275,0.127273,66.49249456546144,46
2021,srv_len,Male,63,275,0.087273,66.49249456546144,46
2021,srv_len,Male,65,275,0.036364,66.49249456546144,46
2021,srv_len,Male,67,275,0.032727,66.49249456546144,46
2021,srv_len,Male,69,275,0.025455,66.49249456546144,46
2021,srv_len,Male,71,275,0.003636,66.49249456546144,46
2021,srv_len,Male,73,275,0,66.49249456546144,46
2021,srv_len,Male,75,275,0.003636,66.49249456546144,46
2021,srv_len,Male,77,275,0,66.49249456546144,46
2021,srv_len,Male,79,275,0.003636,66.49249456546144,46
2021,srv_len,Male,81,275,0,66.49249456546144,46
2021,srv_len,Male,83,275,0,66.49249456546144,46
2021,srv_len,Male,85,275,0,66.49249456546144,46
2021,srv_len,Male,87,275,0,66.49249456546144,46
2021,srv_len,Male,89,275,0,66.49249456546144,46
2021,srv_len,Male,91,275,0,66.49249456546144,46
2021,srv_len,Male,93,275,0,66.49249456546144,46
2021,srv_len,Male,95,275,0,66.49249456546144,46
2021,srv_len,Male,97,275,0,66.49249456546144,46
2021,srv_len,Male,99,275,0,66.49249456546144,46
2021,srv_len,Sex combined,41,644,0,77.24552056511932,46
2021,srv_len,Sex combined,43,644,0,77.24552056511932,46
2021,srv_len,Sex combined,45,644,0.0031,77.24552056511932,46
2021,srv_len,Sex combined,47,644,0.0047,77.24552056511932,46
2021,srv_len,Sex combined,49,644,0.014,77.24552056511932,46
2021,srv_len,Sex combined,51,644,0.0217,77.24552056511932,46
2021,srv_len,Sex combined,53,644,0.0776,77.24552056511932,46
2021,srv_len,Sex combined,55,644,0.0932,77.24552056511932,46
2021,srv_len,Sex combined,57,644,0.118,77.24552056511932,46
2021,srv_len,Sex combined,59,644,0.1413,77.24552056511932,46
2021,srv_len,Sex combined,61,644,0.146,77.24552056511932,46
2021,srv_len,Sex combined,63,644,0.1304,77.24552056511932,46
2021,srv_len,Sex combined,65,644,0.0854,77.24552056511932,46
2021,srv_len,Sex combined,67,644,0.059,77.24552056511932,46
2021,srv_len,Sex combined,69,644,0.0435,77.24552056511932,46
2021,srv_len,Sex combined,71,644,0.0217,77.24552056511932,46
2021,srv_len,Sex combined,73,644,0.0171,77.24552056511932,46
2021,srv_len,Sex combined,75,644,0.0047,77.24552056511932,46
2021,srv_len,Sex combined,77,644,0.0062,77.24552056511932,46
2021,srv_len,Sex combined,79,644,0.0031,77.24552056511932,46
2021,srv_len,Sex combined,81,644,0.0031,77.24552056511932,46
2021,srv_len,Sex combined,83,644,0.0016,77.24552056511932,46
2021,srv_len,Sex combined,85,644,0.0016,77.24552056511932,46
2021,srv_len,Sex combined,87,644,0.0016,77.24552056511932,46
2021,srv_len,Sex combined,89,644,0.0016,77.24552056511932,46
2021,srv_len,Sex combined,91,644,0,77.24552056511932,46
2021,srv_len,Sex combined,93,644,0,77.24552056511932,46
2021,srv_len,Sex combined,95,644,0,77.24552056511932,46
2021,srv_len,Sex combined,97,644,0,77.24552056511932,46
2021,srv_len,Sex combined,99,644,0,77.24552056511932,46
2022,srv_len,Female,41,339,0,77.24552056511932,47
2022,srv_len,Female,43,339,0.0059,77.24552056511932,47
2022,srv_len,Female,45,339,0,77.24552056511932,47
2022,srv_len,Female,47,339,0.00885,77.24552056511932,47
2022,srv_len,Female,49,339,0.017699,77.24552056511932,47
2022,srv_len,Female,51,339,0.014749,77.24552056511932,47
2022,srv_len,Female,53,339,0.035398,77.24552056511932,47
2022,srv_len,Female,55,339,0.047198,77.24552056511932,47
2022,srv_len,Female,57,339,0.079646,77.24552056511932,47
2022,srv_len,Female,59,339,0.094395,77.24552056511932,47
2022,srv_len,Female,61,339,0.117994,77.24552056511932,47
2022,srv_len,Female,63,339,0.162242,77.24552056511932,47
2022,srv_len,Female,65,339,0.129794,77.24552056511932,47
2022,srv_len,Female,67,339,0.094395,77.24552056511932,47
2022,srv_len,Female,69,339,0.064897,77.24552056511932,47
2022,srv_len,Female,71,339,0.035398,77.24552056511932,47
2022,srv_len,Female,73,339,0.035398,77.24552056511932,47
2022,srv_len,Female,75,339,0.026549,77.24552056511932,47
2022,srv_len,Female,77,339,0.014749,77.24552056511932,47
2022,srv_len,Female,79,339,0.0059,77.24552056511932,47
2022,srv_len,Female,81,339,0.00295,77.24552056511932,47
2022,srv_len,Female,83,339,0,77.24552056511932,47
2022,srv_len,Female,85,339,0.00295,77.24552056511932,47
2022,srv_len,Female,87,339,0,77.24552056511932,47
2022,srv_len,Female,89,339,0,77.24552056511932,47
2022,srv_len,Female,91,339,0.00295,77.24552056511932,47
2022,srv_len,Female,93,339,0,77.24552056511932,47
2022,srv_len,Female,95,339,0,77.24552056511932,47
2022,srv_len,Female,97,339,0,77.24552056511932,47
2022,srv_len,Female,99,339,0,77.24552056511932,47
2022,srv_len,Male,41,309,0,66.49249456546144,47
2022,srv_len,Male,43,309,0,66.49249456546144,47
2022,srv_len,Male,45,309,0.003236,66.49249456546144,47
2022,srv_len,Male,47,309,0.012945,66.49249456546144,47
2022,srv_len,Male,49,309,0.019417,66.49249456546144,47
2022,srv_len,Male,51,309,0.042071,66.49249456546144,47
2022,srv_len,Male,53,309,0.080906,66.49249456546144,47
2022,srv_len,Male,55,309,0.116505,66.49249456546144,47
2022,srv_len,Male,57,309,0.122977,66.49249456546144,47
2022,srv_len,Male,59,309,0.197411,66.49249456546144,47
2022,srv_len,Male,61,309,0.158576,66.49249456546144,47
2022,srv_len,Male,63,309,0.110032,66.49249456546144,47
2022,srv_len,Male,65,309,0.038835,66.49249456546144,47
2022,srv_len,Male,67,309,0.042071,66.49249456546144,47
2022,srv_len,Male,69,309,0.016181,66.49249456546144,47
2022,srv_len,Male,71,309,0.012945,66.49249456546144,47
2022,srv_len,Male,73,309,0.006472,66.49249456546144,47
2022,srv_len,Male,75,309,0.003236,66.49249456546144,47
2022,srv_len,Male,77,309,0.012945,66.49249456546144,47
2022,srv_len,Male,79,309,0,66.49249456546144,47
2022,srv_len,Male,81,309,0,66.49249456546144,47
2022,srv_len,Male,83,309,0,66.49249456546144,47
2022,srv_len,Male,85,309,0,66.49249456546144,47
2022,srv_len,Male,87,309,0.003236,66.49249456546144,47
2022,srv_len,Male,89,309,0,66.49249456546144,47
2022,srv_len,Male,91,309,0,66.49249456546144,47
2022,srv_len,Male,93,309,0,66.49249456546144,47
2022,srv_len,Male,95,309,0,66.49249456546144,47
2022,srv_len,Male,97,309,0,66.49249456546144,47
2022,srv_len,Male,99,309,0,66.49249456546144,47
2022,srv_len,Sex combined,41,648,0,77.24552056511932,47
2022,srv_len,Sex combined,43,648,0.0031,77.24552056511932,47
2022,srv_len,Sex combined,45,648,0.0015,77.24552056511932,47
2022,srv_len,Sex combined,47,648,0.0108,77.24552056511932,47
2022,srv_len,Sex combined,49,648,0.0185,77.24552056511932,47
2022,srv_len,Sex combined,51,648,0.0278,77.24552056511932,47
2022,srv_len,Sex combined,53,648,0.0571,77.24552056511932,47
2022,srv_len,Sex combined,55,648,0.0802,77.24552056511932,47
2022,srv_len,Sex combined,57,648,0.1003,77.24552056511932,47
2022,srv_len,Sex combined,59,648,0.1435,77.24552056511932,47
2022,srv_len,Sex combined,61,648,0.1373,77.24552056511932,47
2022,srv_len,Sex combined,63,648,0.1373,77.24552056511932,47
2022,srv_len,Sex combined,65,648,0.0864,77.24552056511932,47
2022,srv_len,Sex combined,67,648,0.0694,77.24552056511932,47
2022,srv_len,Sex combined,69,648,0.0417,77.24552056511932,47
2022,srv_len,Sex combined,71,648,0.0247,77.24552056511932,47
2022,srv_len,Sex combined,73,648,0.0216,77.24552056511932,47
2022,srv_len,Sex combined,75,648,0.0154,77.24552056511932,47
2022,srv_len,Sex combined,77,648,0.0139,77.24552056511932,47
2022,srv_len,Sex combined,79,648,0.0031,77.24552056511932,47
2022,srv_len,Sex combined,81,648,0.0015,77.24552056511932,47
2022,srv_len,Sex combined,83,648,0,77.24552056511932,47
2022,srv_len,Sex combined,85,648,0.0015,77.24552056511932,47
2022,srv_len,Sex combined,87,648,0.0015,77.24552056511932,47
2022,srv_len,Sex combined,89,648,0,77.24552056511932,47
2022,srv_len,Sex combined,91,648,0.0015,77.24552056511932,47
2022,srv_len,Sex combined,93,648,0,77.24552056511932,47
2022,srv_len,Sex combined,95,648,0,77.24552056511932,47
2022,srv_len,Sex combined,97,648,0,77.24552056511932,47
2022,srv_len,Sex combined,99,648,0,77.24552056511932,47
2023,srv_len,Female,41,367,0,77.24552056511932,48
2023,srv_len,Female,43,367,0,77.24552056511932,48
2023,srv_len,Female,45,367,0,77.24552056511932,48
2023,srv_len,Female,47,367,0.013624,77.24552056511932,48
2023,srv_len,Female,49,367,0.027248,77.24552056511932,48
2023,srv_len,Female,51,367,0.024523,77.24552056511932,48
2023,srv_len,Female,53,367,0.032698,77.24552056511932,48
2023,srv_len,Female,55,367,0.073569,77.24552056511932,48
2023,srv_len,Female,57,367,0.076294,77.24552056511932,48
2023,srv_len,Female,59,367,0.089918,77.24552056511932,48
2023,srv_len,Female,61,367,0.149864,77.24552056511932,48
2023,srv_len,Female,63,367,0.117166,77.24552056511932,48
2023,srv_len,Female,65,367,0.103542,77.24552056511932,48
2023,srv_len,Female,67,367,0.108992,77.24552056511932,48
2023,srv_len,Female,69,367,0.06812,77.24552056511932,48
2023,srv_len,Female,71,367,0.054496,77.24552056511932,48
2023,srv_len,Female,73,367,0.021798,77.24552056511932,48
2023,srv_len,Female,75,367,0.013624,77.24552056511932,48
2023,srv_len,Female,77,367,0,77.24552056511932,48
2023,srv_len,Female,79,367,0.013624,77.24552056511932,48
2023,srv_len,Female,81,367,0.002725,77.24552056511932,48
2023,srv_len,Female,83,367,0,77.24552056511932,48
2023,srv_len,Female,85,367,0,77.24552056511932,48
2023,srv_len,Female,87,367,0,77.24552056511932,48
2023,srv_len,Female,89,367,0,77.24552056511932,48
2023,srv_len,Female,91,367,0.002725,77.24552056511932,48
2023,srv_len,Female,93,367,0.002725,77.24552056511932,48
2023,srv_len,Female,95,367,0,77.24552056511932,48
2023,srv_len,Female,97,367,0.002725,77.24552056511932,48
2023,srv_len,Female,99,367,0,77.24552056511932,48
2023,srv_len,Male,41,302,0,66.49249456546144,48
2023,srv_len,Male,43,302,0,66.49249456546144,48
2023,srv_len,Male,45,302,0,66.49249456546144,48
2023,srv_len,Male,47,302,0.009934,66.49249456546144,48
2023,srv_len,Male,49,302,0.013245,66.49249456546144,48
2023,srv_len,Male,51,302,0.046358,66.49249456546144,48
2023,srv_len,Male,53,302,0.049669,66.49249456546144,48
2023,srv_len,Male,55,302,0.096026,66.49249456546144,48
2023,srv_len,Male,57,302,0.18543,66.49249456546144,48
2023,srv_len,Male,59,302,0.192053,66.49249456546144,48
2023,srv_len,Male,61,302,0.149007,66.49249456546144,48
2023,srv_len,Male,63,302,0.119205,66.49249456546144,48
2023,srv_len,Male,65,302,0.066225,66.49249456546144,48
2023,srv_len,Male,67,302,0.029801,66.49249456546144,48
2023,srv_len,Male,69,302,0.013245,66.49249456546144,48
2023,srv_len,Male,71,302,0.02649,66.49249456546144,48
2023,srv_len,Male,73,302,0.003311,66.49249456546144,48
2023,srv_len,Male,75,302,0,66.49249456546144,48
2023,srv_len,Male,77,302,0,66.49249456546144,48
2023,srv_len,Male,79,302,0,66.49249456546144,48
2023,srv_len,Male,81,302,0,66.49249456546144,48
2023,srv_len,Male,83,302,0,66.49249456546144,48
2023,srv_len,Male,85,302,0,66.49249456546144,48
2023,srv_len,Male,87,302,0,66.49249456546144,48
2023,srv_len,Male,89,302,0,66.49249456546144,48
2023,srv_len,Male,91,302,0,66.49249456546144,48
2023,srv_len,Male,93,302,0,66.49249456546144,48
2023,srv_len,Male,95,302,0,66.49249456546144,48
2023,srv_len,Male,97,302,0,66.49249456546144,48
2023,srv_len,Male,99,302,0,66.49249456546144,48
2023,srv_len,Sex combined,41,669,0,77.24552056511932,48
2023,srv_len,Sex combined,43,669,0,77.24552056511932,48
2023,srv_len,Sex combined,45,669,0,77.24552056511932,48
2023,srv_len,Sex combined,47,669,0.012,77.24552056511932,48
2023,srv_len,Sex combined,49,669,0.0209,77.24552056511932,48
2023,srv_len,Sex combined,51,669,0.0344,77.24552056511932,48
2023,srv_len,Sex combined,53,669,0.0404,77.24552056511932,48
2023,srv_len,Sex combined,55,669,0.0837,77.24552056511932,48
2023,srv_len,Sex combined,57,669,0.1256,77.24552056511932,48
2023,srv_len,Sex combined,59,669,0.136,77.24552056511932,48
2023,srv_len,Sex combined,61,669,0.1495,77.24552056511932,48
2023,srv_len,Sex combined,63,669,0.1181,77.24552056511932,48
2023,srv_len,Sex combined,65,669,0.0867,77.24552056511932,48
2023,srv_len,Sex combined,67,669,0.0732,77.24552056511932,48
2023,srv_len,Sex combined,69,669,0.0433,77.24552056511932,48
2023,srv_len,Sex combined,71,669,0.0419,77.24552056511932,48
2023,srv_len,Sex combined,73,669,0.0135,77.24552056511932,48
2023,srv_len,Sex combined,75,669,0.0075,77.24552056511932,48
2023,srv_len,Sex combined,77,669,0,77.24552056511932,48
2023,srv_len,Sex combined,79,669,0.0075,77.24552056511932,48
2023,srv_len,Sex combined,81,669,0.0015,77.24552056511932,48
2023,srv_len,Sex combined,83,669,0,77.24552056511932,48
2023,srv_len,Sex combined,85,669,0,77.24552056511932,48
2023,srv_len,Sex combined,87,669,0,77.24552056511932,48
2023,srv_len,Sex combined,89,669,0,77.24552056511932,48
2023,srv_len,Sex combined,91,669,0.0015,77.24552056511932,48
2023,srv_len,Sex combined,93,669,0.0015,77.24552056511932,48
2023,srv_len,Sex combined,95,669,0,77.24552056511932,48
2023,srv_len,Sex combined,97,669,0.0015,77.24552056511932,48
2023,srv_len,Sex combined,99,669,0,77.24552056511932,48
2024,srv_len,Female,41,1287,0,77.24552056511932,49
2024,srv_len,Female,43,1287,0,77.24552056511932,49
2024,srv_len,Female,45,1287,0,77.24552056511932,49
2024,srv_len,Female,47,1287,0.002331,77.24552056511932,49
2024,srv_len,Female,49,1287,0.009324,77.24552056511932,49
2024,srv_len,Female,51,1287,0.009324,77.24552056511932,49
2024,srv_len,Female,53,1287,0.027972,77.24552056511932,49
2024,srv_len,Female,55,1287,0.034965,77.24552056511932,49
2024,srv_len,Female,57,1287,0.039627,77.24552056511932,49
2024,srv_len,Female,59,1287,0.076923,77.24552056511932,49
2024,srv_len,Female,61,1287,0.095571,77.24552056511932,49
2024,srv_len,Female,63,1287,0.146853,77.24552056511932,49
2024,srv_len,Female,65,1287,0.153846,77.24552056511932,49
2024,srv_len,Female,67,1287,0.128205,77.24552056511932,49
2024,srv_len,Female,69,1287,0.086247,77.24552056511932,49
2024,srv_len,Female,71,1287,0.083916,77.24552056511932,49
2024,srv_len,Female,73,1287,0.039627,77.24552056511932,49
2024,srv_len,Female,75,1287,0.020979,77.24552056511932,49
2024,srv_len,Female,77,1287,0.002331,77.24552056511932,49
2024,srv_len,Female,79,1287,0.009324,77.24552056511932,49
2024,srv_len,Female,81,1287,0.018648,77.24552056511932,49
2024,srv_len,Female,83,1287,0.002331,77.24552056511932,49
2024,srv_len,Female,85,1287,0.006993,77.24552056511932,49
2024,srv_len,Female,87,1287,0.002331,77.24552056511932,49
2024,srv_len,Female,89,1287,0,77.24552056511932,49
2024,srv_len,Female,91,1287,0.002331,77.24552056511932,49
2024,srv_len,Female,93,1287,0,77.24552056511932,49
2024,srv_len,Female,95,1287,0,77.24552056511932,49
2024,srv_len,Female,97,1287,0,77.24552056511932,49
2024,srv_len,Female,99,1287,0,77.24552056511932,49
2024,srv_len,Male,41,1062,0,66.49249456546144,49
2024,srv_len,Male,43,1062,0,66.49249456546144,49
2024,srv_len,Male,45,1062,0,66.49249456546144,49
2024,srv_len,Male,47,1062,0.00565,66.49249456546144,49
2024,srv_len,Male,49,1062,0.008475,66.49249456546144,49
2024,srv_len,Male,51,1062,0.022599,66.49249456546144,49
2024,srv_len,Male,53,1062,0.070621,66.49249456546144,49
2024,srv_len,Male,55,1062,0.090395,66.49249456546144,49
2024,srv_len,Male,57,1062,0.180791,66.49249456546144,49
2024,srv_len,Male,59,1062,0.169492,66.49249456546144,49
2024,srv_len,Male,61,1062,0.180791,66.49249456546144,49
2024,srv_len,Male,63,1062,0.115819,66.49249456546144,49
2024,srv_len,Male,65,1062,0.070621,66.49249456546144,49
2024,srv_len,Male,67,1062,0.033898,66.49249456546144,49
2024,srv_len,Male,69,1062,0.016949,66.49249456546144,49
2024,srv_len,Male,71,1062,0.011299,66.49249456546144,49
2024,srv_len,Male,73,1062,0.019774,66.49249456546144,49
2024,srv_len,Male,75,1062,0,66.49249456546144,49
2024,srv_len,Male,77,1062,0,66.49249456546144,49
2024,srv_len,Male,79,1062,0,66.49249456546144,49
2024,srv_len,Male,81,1062,0.002825,66.49249456546144,49
2024,srv_len,Male,83,1062,0,66.49249456546144,49
2024,srv_len,Male,85,1062,0,66.49249456546144,49
2024,srv_len,Male,87,1062,0,66.49249456546144,49
2024,srv_len,Male,89,1062,0,66.49249456546144,49
2024,srv_len,Male,91,1062,0,66.49249456546144,49
2024,srv_len,Male,93,1062,0,66.49249456546144,49
2024,srv_len,Male,95,1062,0,66.49249456546144,49
2024,srv_len,Male,97,1062,0,66.49249456546144,49
2024,srv_len,Male,99,1062,0,66.49249456546144,49
2024,srv_len,Sex combined,41,2349,0,77.24552056511932,49
2024,srv_len,Sex combined,43,2349,0,77.24552056511932,49
2024,srv_len,Sex combined,45,2349,0,77.24552056511932,49
2024,srv_len,Sex combined,47,2349,0.0038,77.24552056511932,49
2024,srv_len,Sex combined,49,2349,0.0089,77.24552056511932,49
2024,srv_len,Sex combined,51,2349,0.0153,77.24552056511932,49
2024,srv_len,Sex combined,53,2349,0.0473,77.24552056511932,49
2024,srv_len,Sex combined,55,2349,0.06,77.24552056511932,49
2024,srv_len,Sex combined,57,2349,0.1034,77.24552056511932,49
2024,srv_len,Sex combined,59,2349,0.1188,77.24552056511932,49
2024,srv_len,Sex combined,61,2349,0.1341,77.24552056511932,49
2024,srv_len,Sex combined,63,2349,0.1328,77.24552056511932,49
2024,srv_len,Sex combined,65,2349,0.1162,77.24552056511932,49
2024,srv_len,Sex combined,67,2349,0.0856,77.24552056511932,49
2024,srv_len,Sex combined,69,2349,0.0549,77.24552056511932,49
2024,srv_len,Sex combined,71,2349,0.0511,77.24552056511932,49
2024,srv_len,Sex combined,73,2349,0.0307,77.24552056511932,49
2024,srv_len,Sex combined,75,2349,0.0115,77.24552056511932,49
2024,srv_len,Sex combined,77,2349,0.0013,77.24552056511932,49
2024,srv_len,Sex combined,79,2349,0.0051,77.24552056511932,49
2024,srv_len,Sex combined,81,2349,0.0115,77.24552056511932,49
2024,srv_len,Sex combined,83,2349,0.0013,77.24552056511932,49
2024,srv_len,Sex combined,85,2349,0.0038,77.24552056511932,49
2024,srv_len,Sex combined,87,2349,0.0013,77.24552056511932,49
2024,srv_len,Sex combined,89,2349,0,77.24552056511932,49
2024,srv_len,Sex combined,91,2349,0.0013,77.24552056511932,49
2024,srv_len,Sex combined,93,2349,0,77.24552056511932,49
2024,srv_len,Sex combined,95,2349,0,77.24552056511932,49
2024,srv_len,Sex combined,97,2349,0,77.24552056511932,49
2024,srv_len,Sex combined,99,2349,0,77.24552056511932,49
2025,srv_len,Female,41,369,0,77.24552056511932,50
2025,srv_len,Female,43,369,0,77.24552056511932,50
2025,srv_len,Female,45,369,0,77.24552056511932,50
2025,srv_len,Female,47,369,0,77.24552056511932,50
2025,srv_len,Female,49,369,0.00271,77.24552056511932,50
2025,srv_len,Female,51,369,0.00271,77.24552056511932,50
2025,srv_len,Female,53,369,0.01084,77.24552056511932,50
2025,srv_len,Female,55,369,0.0271,77.24552056511932,50
2025,srv_len,Female,57,369,0.056911,77.24552056511932,50
2025,srv_len,Female,59,369,0.062331,77.24552056511932,50
2025,srv_len,Female,61,369,0.102981,77.24552056511932,50
2025,srv_len,Female,63,369,0.168022,77.24552056511932,50
2025,srv_len,Female,65,369,0.149051,77.24552056511932,50
2025,srv_len,Female,67,369,0.124661,77.24552056511932,50
2025,srv_len,Female,69,369,0.105691,77.24552056511932,50
2025,srv_len,Female,71,369,0.065041,77.24552056511932,50
2025,srv_len,Female,73,369,0.04336,77.24552056511932,50
2025,srv_len,Female,75,369,0.01355,77.24552056511932,50
2025,srv_len,Female,77,369,0.02981,77.24552056511932,50
2025,srv_len,Female,79,369,0.01355,77.24552056511932,50
2025,srv_len,Female,81,369,0.00271,77.24552056511932,50
2025,srv_len,Female,83,369,0.00271,77.24552056511932,50
2025,srv_len,Female,85,369,0.00542,77.24552056511932,50
2025,srv_len,Female,87,369,0.00813,77.24552056511932,50
2025,srv_len,Female,89,369,0,77.24552056511932,50
2025,srv_len,Female,91,369,0,77.24552056511932,50
2025,srv_len,Female,93,369,0.00271,77.24552056511932,50
2025,srv_len,Female,95,369,0,77.24552056511932,50
2025,srv_len,Female,97,369,0,77.24552056511932,50
2025,srv_len,Female,99,369,0,77.24552056511932,50
2025,srv_len,Male,41,269,0,66.49249456546144,50
2025,srv_len,Male,43,269,0,66.49249456546144,50
2025,srv_len,Male,45,269,0.003717,66.49249456546144,50
2025,srv_len,Male,47,269,0.003717,66.49249456546144,50
2025,srv_len,Male,49,269,0.003717,66.49249456546144,50
2025,srv_len,Male,51,269,0.01487,66.49249456546144,50
2025,srv_len,Male,53,269,0.02974,66.49249456546144,50
2025,srv_len,Male,55,269,0.066914,66.49249456546144,50
2025,srv_len,Male,57,269,0.182156,66.49249456546144,50
2025,srv_len,Male,59,269,0.211896,66.49249456546144,50
2025,srv_len,Male,61,269,0.189591,66.49249456546144,50
2025,srv_len,Male,63,269,0.171004,66.49249456546144,50
2025,srv_len,Male,65,269,0.074349,66.49249456546144,50
2025,srv_len,Male,67,269,0.02974,66.49249456546144,50
2025,srv_len,Male,69,269,0.01487,66.49249456546144,50
2025,srv_len,Male,71,269,0.003717,66.49249456546144,50
2025,srv_len,Male,73,269,0,66.49249456546144,50
2025,srv_len,Male,75,269,0,66.49249456546144,50
2025,srv_len,Male,77,269,0,66.49249456546144,50
2025,srv_len,Male,79,269,0,66.49249456546144,50
2025,srv_len,Male,81,269,0,66.49249456546144,50
2025,srv_len,Male,83,269,0,66.49249456546144,50
2025,srv_len,Male,85,269,0,66.49249456546144,50
2025,srv_len,Male,87,269,0,66.49249456546144,50
2025,srv_len,Male,89,269,0,66.49249456546144,50
2025,srv_len,Male,91,269,0,66.49249456546144,50
2025,srv_len,Male,93,269,0,66.49249456546144,50
2025,srv_len,Male,95,269,0,66.49249456546144,50
2025,srv_len,Male,97,269,0,66.49249456546144,50
2025,srv_len,Male,99,269,0,66.49249456546144,50
2025,srv_len,Sex combined,41,638,0,77.24552056511932,50
2025,srv_len,Sex combined,43,638,0,77.24552056511932,50
2025,srv_len,Sex combined,45,638,0.0016,77.24552056511932,50
2025,srv_len,Sex combined,47,638,0.0016,77.24552056511932,50
2025,srv_len,Sex combined,49,638,0.0031,77.24552056511932,50
2025,srv_len,Sex combined,51,638,0.0078,77.24552056511932,50
2025,srv_len,Sex combined,53,638,0.0188,77.24552056511932,50
2025,srv_len,Sex combined,55,638,0.0439,77.24552056511932,50
2025,srv_len,Sex combined,57,638,0.1097,77.24552056511932,50
2025,srv_len,Sex combined,59,638,0.1254,77.24552056511932,50
2025,srv_len,Sex combined,61,638,0.1395,77.24552056511932,50
2025,srv_len,Sex combined,63,638,0.1693,77.24552056511932,50
2025,srv_len,Sex combined,65,638,0.1176,77.24552056511932,50
2025,srv_len,Sex combined,67,638,0.0846,77.24552056511932,50
2025,srv_len,Sex combined,69,638,0.0674,77.24552056511932,50
2025,srv_len,Sex combined,71,638,0.0392,77.24552056511932,50
2025,srv_len,Sex combined,73,638,0.0251,77.24552056511932,50
2025,srv_len,Sex combined,75,638,0.0078,77.24552056511932,50
2025,srv_len,Sex combined,77,638,0.0172,77.24552056511932,50
2025,srv_len,Sex combined,79,638,0.0078,77.24552056511932,50
2025,srv_len,Sex combined,81,638,0.0016,77.24552056511932,50
2025,srv_len,Sex combined,83,638,0.0016,77.24552056511932,50
2025,srv_len,Sex combined,85,638,0.0031,77.24552056511932,50
2025,srv_len,Sex combined,87,638,0.0047,77.24552056511932,50
2025,srv_len,Sex combined,89,638,0,77.24552056511932,50
2025,srv_len,Sex combined,91,638,0,77.24552056511932,50
2025,srv_len,Sex combined,93,638,0.0016,77.24552056511932,50
2025,srv_len,Sex combined,95,638,0,77.24552056511932,50
2025,srv_len,Sex combined,97,638,0,77.24552056511932,50
2025,srv_len,Sex combined,99,638,0,77.24552056511932,50
