year,Source,Sex,length_bin,n,proportion,effn,index
2002,fsh_len,Female,41,1246,0,113.91974785208386,27
2002,fsh_len,Female,43,1246,0,113.91974785208386,27
2002,fsh_len,Female,45,1246,0,113.91974785208386,27
2002,fsh_len,Female,47,1246,0,113.91974785208386,27
2002,fsh_len,Female,49,1246,8.03e-4,113.91974785208386,27
2002,fsh_len,Female,51,1246,0.005618,113.91974785208386,27
2002,fsh_len,Female,53,1246,0.012039,113.91974785208386,27
2002,fsh_len,Female,55,1246,0.020064,113.91974785208386,27
2002,fsh_len,Female,57,1246,0.039326,113.91974785208386,27
2002,fsh_len,Female,59,1246,0.040128,113.91974785208386,27
2002,fsh_len,Female,61,1246,0.050562,113.91974785208386,27
2002,fsh_len,Female,63,1246,0.072231,113.91974785208386,27
2002,fsh_len,Female,65,1246,0.081862,113.91974785208386,27
2002,fsh_len,Female,67,1246,0.086677,113.91974785208386,27
2002,fsh_len,Female,69,1246,0.094703,113.91974785208386,27
2002,fsh_len,Female,71,1246,0.089888,113.91974785208386,27
2002,fsh_len,Female,73,1246,0.073034,113.91974785208386,27
2002,fsh_len,Female,75,1246,0.069021,113.91974785208386,27
2002,fsh_len,Female,77,1246,0.05618,113.91974785208386,27
2002,fsh_len,Female,79,1246,0.053772,113.91974785208386,27
2002,fsh_len,Female,81,1246,0.036918,113.91974785208386,27
2002,fsh_len,Female,83,1246,0.032103,113.91974785208386,27
2002,fsh_len,Female,85,1246,0.022472,113.91974785208386,27
2002,fsh_len,Female,87,1246,0.016051,113.91974785208386,27
2002,fsh_len,Female,89,1246,0.020064,113.91974785208386,27
2002,fsh_len,Female,91,1246,0.010433,113.91974785208386,27
2002,fsh_len,Female,93,1246,8.03e-4,113.91974785208386,27
2002,fsh_len,Female,95,1246,0.006421,113.91974785208386,27
2002,fsh_len,Female,97,1246,0.004013,113.91974785208386,27
2002,fsh_len,Female,99,1246,0.004815,113.91974785208386,27
2002,fsh_len,Male,41,1019,0,95.99697985479706,27
2002,fsh_len,Male,43,1019,0,95.99697985479706,27
2002,fsh_len,Male,45,1019,0,95.99697985479706,27
2002,fsh_len,Male,47,1019,9.81e-4,95.99697985479706,27
2002,fsh_len,Male,49,1019,0.003925,95.99697985479706,27
2002,fsh_len,Male,51,1019,0.008832,95.99697985479706,27
2002,fsh_len,Male,53,1019,0.016683,95.99697985479706,27
2002,fsh_len,Male,55,1019,0.030422,95.99697985479706,27
2002,fsh_len,Male,57,1019,0.058881,95.99697985479706,27
2002,fsh_len,Male,59,1019,0.092247,95.99697985479706,27
2002,fsh_len,Male,61,1019,0.10893,95.99697985479706,27
2002,fsh_len,Male,63,1019,0.151129,95.99697985479706,27
2002,fsh_len,Male,65,1019,0.122669,95.99697985479706,27
2002,fsh_len,Male,67,1019,0.110893,95.99697985479706,27
2002,fsh_len,Male,69,1019,0.093229,95.99697985479706,27
2002,fsh_len,Male,71,1019,0.089303,95.99697985479706,27
2002,fsh_len,Male,73,1019,0.049068,95.99697985479706,27
2002,fsh_len,Male,75,1019,0.020608,95.99697985479706,27
2002,fsh_len,Male,77,1019,0.02159,95.99697985479706,27
2002,fsh_len,Male,79,1019,0.005888,95.99697985479706,27
2002,fsh_len,Male,81,1019,0.005888,95.99697985479706,27
2002,fsh_len,Male,83,1019,0.002944,95.99697985479706,27
2002,fsh_len,Male,85,1019,9.81e-4,95.99697985479706,27
2002,fsh_len,Male,87,1019,0.001963,95.99697985479706,27
2002,fsh_len,Male,89,1019,0.001963,95.99697985479706,27
2002,fsh_len,Male,91,1019,9.81e-4,95.99697985479706,27
2002,fsh_len,Male,93,1019,0,95.99697985479706,27
2002,fsh_len,Male,95,1019,0,95.99697985479706,27
2002,fsh_len,Male,97,1019,0,95.99697985479706,27
2002,fsh_len,Male,99,1019,0,95.99697985479706,27
2002,fsh_len,Sex combined,41,2265,0,113.91974785208386,27
2002,fsh_len,Sex combined,43,2265,0,113.91974785208386,27
2002,fsh_len,Sex combined,45,2265,0,113.91974785208386,27
2002,fsh_len,Sex combined,47,2265,4e-4,113.91974785208386,27
2002,fsh_len,Sex combined,49,2265,0.0022,113.91974785208386,27
2002,fsh_len,Sex combined,51,2265,0.0071,113.91974785208386,27
2002,fsh_len,Sex combined,53,2265,0.0141,113.91974785208386,27
2002,fsh_len,Sex combined,55,2265,0.0247,113.91974785208386,27
2002,fsh_len,Sex combined,57,2265,0.0481,113.91974785208386,27
2002,fsh_len,Sex combined,59,2265,0.0636,113.91974785208386,27
2002,fsh_len,Sex combined,61,2265,0.0768,113.91974785208386,27
2002,fsh_len,Sex combined,63,2265,0.1077,113.91974785208386,27
2002,fsh_len,Sex combined,65,2265,0.1002,113.91974785208386,27
2002,fsh_len,Sex combined,67,2265,0.0976,113.91974785208386,27
2002,fsh_len,Sex combined,69,2265,0.094,113.91974785208386,27
2002,fsh_len,Sex combined,71,2265,0.0896,113.91974785208386,27
2002,fsh_len,Sex combined,73,2265,0.0623,113.91974785208386,27
2002,fsh_len,Sex combined,75,2265,0.0472,113.91974785208386,27
2002,fsh_len,Sex combined,77,2265,0.0406,113.91974785208386,27
2002,fsh_len,Sex combined,79,2265,0.0322,113.91974785208386,27
2002,fsh_len,Sex combined,81,2265,0.023,113.91974785208386,27
2002,fsh_len,Sex combined,83,2265,0.019,113.91974785208386,27
2002,fsh_len,Sex combined,85,2265,0.0128,113.91974785208386,27
2002,fsh_len,Sex combined,87,2265,0.0097,113.91974785208386,27
2002,fsh_len,Sex combined,89,2265,0.0119,113.91974785208386,27
2002,fsh_len,Sex combined,91,2265,0.0062,113.91974785208386,27
2002,fsh_len,Sex combined,93,2265,4e-4,113.91974785208386,27
2002,fsh_len,Sex combined,95,2265,0.0035,113.91974785208386,27
2002,fsh_len,Sex combined,97,2265,0.0022,113.91974785208386,27
2002,fsh_len,Sex combined,99,2265,0.0026,113.91974785208386,27
2003,fsh_len,Female,41,1022,0,113.91974785208386,28
2003,fsh_len,Female,43,1022,0,113.91974785208386,28
2003,fsh_len,Female,45,1022,0,113.91974785208386,28
2003,fsh_len,Female,47,1022,0,113.91974785208386,28
2003,fsh_len,Female,49,1022,9.78e-4,113.91974785208386,28
2003,fsh_len,Female,51,1022,0.003914,113.91974785208386,28
2003,fsh_len,Female,53,1022,0.011742,113.91974785208386,28
2003,fsh_len,Female,55,1022,0.007828,113.91974785208386,28
2003,fsh_len,Female,57,1022,0.022505,113.91974785208386,28
2003,fsh_len,Female,59,1022,0.024462,113.91974785208386,28
2003,fsh_len,Female,61,1022,0.02544,113.91974785208386,28
2003,fsh_len,Female,63,1022,0.048924,113.91974785208386,28
2003,fsh_len,Female,65,1022,0.082192,113.91974785208386,28
2003,fsh_len,Female,67,1022,0.108611,113.91974785208386,28
2003,fsh_len,Female,69,1022,0.129159,113.91974785208386,28
2003,fsh_len,Female,71,1022,0.127202,113.91974785208386,28
2003,fsh_len,Female,73,1022,0.084149,113.91974785208386,28
2003,fsh_len,Female,75,1022,0.068493,113.91974785208386,28
2003,fsh_len,Female,77,1022,0.066536,113.91974785208386,28
2003,fsh_len,Female,79,1022,0.03816,113.91974785208386,28
2003,fsh_len,Female,81,1022,0.036204,113.91974785208386,28
2003,fsh_len,Female,83,1022,0.030333,113.91974785208386,28
2003,fsh_len,Female,85,1022,0.021526,113.91974785208386,28
2003,fsh_len,Female,87,1022,0.024462,113.91974785208386,28
2003,fsh_len,Female,89,1022,0.010763,113.91974785208386,28
2003,fsh_len,Female,91,1022,0.007828,113.91974785208386,28
2003,fsh_len,Female,93,1022,0.005871,113.91974785208386,28
2003,fsh_len,Female,95,1022,0.005871,113.91974785208386,28
2003,fsh_len,Female,97,1022,0.001957,113.91974785208386,28
2003,fsh_len,Female,99,1022,0.004892,113.91974785208386,28
2003,fsh_len,Male,41,763,0,95.99697985479706,28
2003,fsh_len,Male,43,763,0,95.99697985479706,28
2003,fsh_len,Male,45,763,0,95.99697985479706,28
2003,fsh_len,Male,47,763,0,95.99697985479706,28
2003,fsh_len,Male,49,763,0,95.99697985479706,28
2003,fsh_len,Male,51,763,0.011796,95.99697985479706,28
2003,fsh_len,Male,53,763,0.009174,95.99697985479706,28
2003,fsh_len,Male,55,763,0.024902,95.99697985479706,28
2003,fsh_len,Male,57,763,0.049803,95.99697985479706,28
2003,fsh_len,Male,59,763,0.078637,95.99697985479706,28
2003,fsh_len,Male,61,763,0.141547,95.99697985479706,28
2003,fsh_len,Male,63,763,0.159895,95.99697985479706,28
2003,fsh_len,Male,65,763,0.14941,95.99697985479706,28
2003,fsh_len,Male,67,763,0.114024,95.99697985479706,28
2003,fsh_len,Male,69,763,0.083879,95.99697985479706,28
2003,fsh_len,Male,71,763,0.061599,95.99697985479706,28
2003,fsh_len,Male,73,763,0.035387,95.99697985479706,28
2003,fsh_len,Male,75,763,0.036697,95.99697985479706,28
2003,fsh_len,Male,77,763,0.02228,95.99697985479706,28
2003,fsh_len,Male,79,763,0.011796,95.99697985479706,28
2003,fsh_len,Male,81,763,0.001311,95.99697985479706,28
2003,fsh_len,Male,83,763,0.007864,95.99697985479706,28
2003,fsh_len,Male,85,763,0,95.99697985479706,28
2003,fsh_len,Male,87,763,0,95.99697985479706,28
2003,fsh_len,Male,89,763,0,95.99697985479706,28
2003,fsh_len,Male,91,763,0,95.99697985479706,28
2003,fsh_len,Male,93,763,0,95.99697985479706,28
2003,fsh_len,Male,95,763,0,95.99697985479706,28
2003,fsh_len,Male,97,763,0,95.99697985479706,28
2003,fsh_len,Male,99,763,0,95.99697985479706,28
2003,fsh_len,Sex combined,41,1785,0,113.91974785208386,28
2003,fsh_len,Sex combined,43,1785,0,113.91974785208386,28
2003,fsh_len,Sex combined,45,1785,0,113.91974785208386,28
2003,fsh_len,Sex combined,47,1785,0,113.91974785208386,28
2003,fsh_len,Sex combined,49,1785,6e-4,113.91974785208386,28
2003,fsh_len,Sex combined,51,1785,0.0073,113.91974785208386,28
2003,fsh_len,Sex combined,53,1785,0.0106,113.91974785208386,28
2003,fsh_len,Sex combined,55,1785,0.0151,113.91974785208386,28
2003,fsh_len,Sex combined,57,1785,0.0342,113.91974785208386,28
2003,fsh_len,Sex combined,59,1785,0.0476,113.91974785208386,28
2003,fsh_len,Sex combined,61,1785,0.0751,113.91974785208386,28
2003,fsh_len,Sex combined,63,1785,0.0964,113.91974785208386,28
2003,fsh_len,Sex combined,65,1785,0.1109,113.91974785208386,28
2003,fsh_len,Sex combined,67,1785,0.1109,113.91974785208386,28
2003,fsh_len,Sex combined,69,1785,0.1098,113.91974785208386,28
2003,fsh_len,Sex combined,71,1785,0.0992,113.91974785208386,28
2003,fsh_len,Sex combined,73,1785,0.0633,113.91974785208386,28
2003,fsh_len,Sex combined,75,1785,0.0549,113.91974785208386,28
2003,fsh_len,Sex combined,77,1785,0.0476,113.91974785208386,28
2003,fsh_len,Sex combined,79,1785,0.0269,113.91974785208386,28
2003,fsh_len,Sex combined,81,1785,0.0213,113.91974785208386,28
2003,fsh_len,Sex combined,83,1785,0.0207,113.91974785208386,28
2003,fsh_len,Sex combined,85,1785,0.0123,113.91974785208386,28
2003,fsh_len,Sex combined,87,1785,0.014,113.91974785208386,28
2003,fsh_len,Sex combined,89,1785,0.0062,113.91974785208386,28
2003,fsh_len,Sex combined,91,1785,0.0045,113.91974785208386,28
2003,fsh_len,Sex combined,93,1785,0.0034,113.91974785208386,28
2003,fsh_len,Sex combined,95,1785,0.0034,113.91974785208386,28
2003,fsh_len,Sex combined,97,1785,0.0011,113.91974785208386,28
2003,fsh_len,Sex combined,99,1785,0.0028,113.91974785208386,28
2004,fsh_len,Female,41,1561,0,113.91974785208386,29
2004,fsh_len,Female,43,1561,0,113.91974785208386,29
2004,fsh_len,Female,45,1561,0,113.91974785208386,29
2004,fsh_len,Female,47,1561,0,113.91974785208386,29
2004,fsh_len,Female,49,1561,0,113.91974785208386,29
2004,fsh_len,Female,51,1561,0.003844,113.91974785208386,29
2004,fsh_len,Female,53,1561,0.001281,113.91974785208386,29
2004,fsh_len,Female,55,1561,0.006406,113.91974785208386,29
2004,fsh_len,Female,57,1561,0.007047,113.91974785208386,29
2004,fsh_len,Female,59,1561,0.016656,113.91974785208386,29
2004,fsh_len,Female,61,1561,0.036515,113.91974785208386,29
2004,fsh_len,Female,63,1561,0.055093,113.91974785208386,29
2004,fsh_len,Female,65,1561,0.095452,113.91974785208386,29
2004,fsh_len,Female,67,1561,0.098655,113.91974785208386,29
2004,fsh_len,Female,69,1561,0.126842,113.91974785208386,29
2004,fsh_len,Female,71,1561,0.122357,113.91974785208386,29
2004,fsh_len,Female,73,1561,0.081999,113.91974785208386,29
2004,fsh_len,Female,75,1561,0.069186,113.91974785208386,29
2004,fsh_len,Female,77,1561,0.035234,113.91974785208386,29
2004,fsh_len,Female,79,1561,0.03075,113.91974785208386,29
2004,fsh_len,Female,81,1561,0.032031,113.91974785208386,29
2004,fsh_len,Female,83,1561,0.030109,113.91974785208386,29
2004,fsh_len,Female,85,1561,0.032031,113.91974785208386,29
2004,fsh_len,Female,87,1561,0.025625,113.91974785208386,29
2004,fsh_len,Female,89,1561,0.024343,113.91974785208386,29
2004,fsh_len,Female,91,1561,0.016656,113.91974785208386,29
2004,fsh_len,Female,93,1561,0.016656,113.91974785208386,29
2004,fsh_len,Female,95,1561,0.012812,113.91974785208386,29
2004,fsh_len,Female,97,1561,0.005766,113.91974785208386,29
2004,fsh_len,Female,99,1561,0.016656,113.91974785208386,29
2004,fsh_len,Male,41,764,0,95.99697985479706,29
2004,fsh_len,Male,43,764,0,95.99697985479706,29
2004,fsh_len,Male,45,764,0,95.99697985479706,29
2004,fsh_len,Male,47,764,0,95.99697985479706,29
2004,fsh_len,Male,49,764,0.002618,95.99697985479706,29
2004,fsh_len,Male,51,764,0.002618,95.99697985479706,29
2004,fsh_len,Male,53,764,0.003927,95.99697985479706,29
2004,fsh_len,Male,55,764,0.015707,95.99697985479706,29
2004,fsh_len,Male,57,764,0.039267,95.99697985479706,29
2004,fsh_len,Male,59,764,0.070681,95.99697985479706,29
2004,fsh_len,Male,61,764,0.151832,95.99697985479706,29
2004,fsh_len,Male,63,764,0.171466,95.99697985479706,29
2004,fsh_len,Male,65,764,0.171466,95.99697985479706,29
2004,fsh_len,Male,67,764,0.124346,95.99697985479706,29
2004,fsh_len,Male,69,764,0.094241,95.99697985479706,29
2004,fsh_len,Male,71,764,0.061518,95.99697985479706,29
2004,fsh_len,Male,73,764,0.03534,95.99697985479706,29
2004,fsh_len,Male,75,764,0.032723,95.99697985479706,29
2004,fsh_len,Male,77,764,0.009162,95.99697985479706,29
2004,fsh_len,Male,79,764,0.003927,95.99697985479706,29
2004,fsh_len,Male,81,764,0.005236,95.99697985479706,29
2004,fsh_len,Male,83,764,0.001309,95.99697985479706,29
2004,fsh_len,Male,85,764,0.002618,95.99697985479706,29
2004,fsh_len,Male,87,764,0,95.99697985479706,29
2004,fsh_len,Male,89,764,0,95.99697985479706,29
2004,fsh_len,Male,91,764,0,95.99697985479706,29
2004,fsh_len,Male,93,764,0,95.99697985479706,29
2004,fsh_len,Male,95,764,0,95.99697985479706,29
2004,fsh_len,Male,97,764,0,95.99697985479706,29
2004,fsh_len,Male,99,764,0,95.99697985479706,29
2004,fsh_len,Sex combined,41,2325,0,113.91974785208386,29
2004,fsh_len,Sex combined,43,2325,0,113.91974785208386,29
2004,fsh_len,Sex combined,45,2325,0,113.91974785208386,29
2004,fsh_len,Sex combined,47,2325,0,113.91974785208386,29
2004,fsh_len,Sex combined,49,2325,9e-4,113.91974785208386,29
2004,fsh_len,Sex combined,51,2325,0.0034,113.91974785208386,29
2004,fsh_len,Sex combined,53,2325,0.0022,113.91974785208386,29
2004,fsh_len,Sex combined,55,2325,0.0095,113.91974785208386,29
2004,fsh_len,Sex combined,57,2325,0.0176,113.91974785208386,29
2004,fsh_len,Sex combined,59,2325,0.0344,113.91974785208386,29
2004,fsh_len,Sex combined,61,2325,0.0744,113.91974785208386,29
2004,fsh_len,Sex combined,63,2325,0.0933,113.91974785208386,29
2004,fsh_len,Sex combined,65,2325,0.1204,113.91974785208386,29
2004,fsh_len,Sex combined,67,2325,0.1071,113.91974785208386,29
2004,fsh_len,Sex combined,69,2325,0.1161,113.91974785208386,29
2004,fsh_len,Sex combined,71,2325,0.1024,113.91974785208386,29
2004,fsh_len,Sex combined,73,2325,0.0667,113.91974785208386,29
2004,fsh_len,Sex combined,75,2325,0.0572,113.91974785208386,29
2004,fsh_len,Sex combined,77,2325,0.0267,113.91974785208386,29
2004,fsh_len,Sex combined,79,2325,0.0219,113.91974785208386,29
2004,fsh_len,Sex combined,81,2325,0.0232,113.91974785208386,29
2004,fsh_len,Sex combined,83,2325,0.0206,113.91974785208386,29
2004,fsh_len,Sex combined,85,2325,0.0224,113.91974785208386,29
2004,fsh_len,Sex combined,87,2325,0.0172,113.91974785208386,29
2004,fsh_len,Sex combined,89,2325,0.0163,113.91974785208386,29
2004,fsh_len,Sex combined,91,2325,0.0112,113.91974785208386,29
2004,fsh_len,Sex combined,93,2325,0.0112,113.91974785208386,29
2004,fsh_len,Sex combined,95,2325,0.0086,113.91974785208386,29
2004,fsh_len,Sex combined,97,2325,0.0039,113.91974785208386,29
2004,fsh_len,Sex combined,99,2325,0.0112,113.91974785208386,29
2005,fsh_len,Female,41,1259,0,113.91974785208386,30
2005,fsh_len,Female,43,1259,0,113.91974785208386,30
2005,fsh_len,Female,45,1259,0,113.91974785208386,30
2005,fsh_len,Female,47,1259,0,113.91974785208386,30
2005,fsh_len,Female,49,1259,0,113.91974785208386,30
2005,fsh_len,Female,51,1259,7.94e-4,113.91974785208386,30
2005,fsh_len,Female,53,1259,7.94e-4,113.91974785208386,30
2005,fsh_len,Female,55,1259,0.002383,113.91974785208386,30
2005,fsh_len,Female,57,1259,0.007149,113.91974785208386,30
2005,fsh_len,Female,59,1259,0.009531,113.91974785208386,30
2005,fsh_len,Female,61,1259,0.026211,113.91974785208386,30
2005,fsh_len,Female,63,1259,0.028594,113.91974785208386,30
2005,fsh_len,Female,65,1259,0.059571,113.91974785208386,30
2005,fsh_len,Female,67,1259,0.102462,113.91974785208386,30
2005,fsh_len,Female,69,1259,0.117554,113.91974785208386,30
2005,fsh_len,Female,71,1259,0.108817,113.91974785208386,30
2005,fsh_len,Female,73,1259,0.098491,113.91974785208386,30
2005,fsh_len,Female,75,1259,0.069102,113.91974785208386,30
2005,fsh_len,Female,77,1259,0.061954,113.91974785208386,30
2005,fsh_len,Female,79,1259,0.051628,113.91974785208386,30
2005,fsh_len,Female,81,1259,0.029388,113.91974785208386,30
2005,fsh_len,Female,83,1259,0.047657,113.91974785208386,30
2005,fsh_len,Female,85,1259,0.04448,113.91974785208386,30
2005,fsh_len,Female,87,1259,0.019857,113.91974785208386,30
2005,fsh_len,Female,89,1259,0.027006,113.91974785208386,30
2005,fsh_len,Female,91,1259,0.02224,113.91974785208386,30
2005,fsh_len,Female,93,1259,0.01668,113.91974785208386,30
2005,fsh_len,Female,95,1259,0.014297,113.91974785208386,30
2005,fsh_len,Female,97,1259,0.012708,113.91974785208386,30
2005,fsh_len,Female,99,1259,0.020651,113.91974785208386,30
2005,fsh_len,Male,41,506,0,95.99697985479706,30
2005,fsh_len,Male,43,506,0,95.99697985479706,30
2005,fsh_len,Male,45,506,0,95.99697985479706,30
2005,fsh_len,Male,47,506,0,95.99697985479706,30
2005,fsh_len,Male,49,506,0,95.99697985479706,30
2005,fsh_len,Male,51,506,0.001976,95.99697985479706,30
2005,fsh_len,Male,53,506,0.009881,95.99697985479706,30
2005,fsh_len,Male,55,506,0.007905,95.99697985479706,30
2005,fsh_len,Male,57,506,0.021739,95.99697985479706,30
2005,fsh_len,Male,59,506,0.059289,95.99697985479706,30
2005,fsh_len,Male,61,506,0.098814,95.99697985479706,30
2005,fsh_len,Male,63,506,0.167984,95.99697985479706,30
2005,fsh_len,Male,65,506,0.193676,95.99697985479706,30
2005,fsh_len,Male,67,506,0.140316,95.99697985479706,30
2005,fsh_len,Male,69,506,0.104743,95.99697985479706,30
2005,fsh_len,Male,71,506,0.081028,95.99697985479706,30
2005,fsh_len,Male,73,506,0.049407,95.99697985479706,30
2005,fsh_len,Male,75,506,0.021739,95.99697985479706,30
2005,fsh_len,Male,77,506,0.023715,95.99697985479706,30
2005,fsh_len,Male,79,506,0.009881,95.99697985479706,30
2005,fsh_len,Male,81,506,0.003953,95.99697985479706,30
2005,fsh_len,Male,83,506,0,95.99697985479706,30
2005,fsh_len,Male,85,506,0.001976,95.99697985479706,30
2005,fsh_len,Male,87,506,0,95.99697985479706,30
2005,fsh_len,Male,89,506,0,95.99697985479706,30
2005,fsh_len,Male,91,506,0,95.99697985479706,30
2005,fsh_len,Male,93,506,0.001976,95.99697985479706,30
2005,fsh_len,Male,95,506,0,95.99697985479706,30
2005,fsh_len,Male,97,506,0,95.99697985479706,30
2005,fsh_len,Male,99,506,0,95.99697985479706,30
2005,fsh_len,Sex combined,41,1765,0,113.91974785208386,30
2005,fsh_len,Sex combined,43,1765,0,113.91974785208386,30
2005,fsh_len,Sex combined,45,1765,0,113.91974785208386,30
2005,fsh_len,Sex combined,47,1765,0,113.91974785208386,30
2005,fsh_len,Sex combined,49,1765,0,113.91974785208386,30
2005,fsh_len,Sex combined,51,1765,0.0011,113.91974785208386,30
2005,fsh_len,Sex combined,53,1765,0.0034,113.91974785208386,30
2005,fsh_len,Sex combined,55,1765,0.004,113.91974785208386,30
2005,fsh_len,Sex combined,57,1765,0.0113,113.91974785208386,30
2005,fsh_len,Sex combined,59,1765,0.0238,113.91974785208386,30
2005,fsh_len,Sex combined,61,1765,0.047,113.91974785208386,30
2005,fsh_len,Sex combined,63,1765,0.0686,113.91974785208386,30
2005,fsh_len,Sex combined,65,1765,0.098,113.91974785208386,30
2005,fsh_len,Sex combined,67,1765,0.1133,113.91974785208386,30
2005,fsh_len,Sex combined,69,1765,0.1139,113.91974785208386,30
2005,fsh_len,Sex combined,71,1765,0.1008,113.91974785208386,30
2005,fsh_len,Sex combined,73,1765,0.0844,113.91974785208386,30
2005,fsh_len,Sex combined,75,1765,0.0555,113.91974785208386,30
2005,fsh_len,Sex combined,77,1765,0.051,113.91974785208386,30
2005,fsh_len,Sex combined,79,1765,0.0397,113.91974785208386,30
2005,fsh_len,Sex combined,81,1765,0.0221,113.91974785208386,30
2005,fsh_len,Sex combined,83,1765,0.034,113.91974785208386,30
2005,fsh_len,Sex combined,85,1765,0.0323,113.91974785208386,30
2005,fsh_len,Sex combined,87,1765,0.0142,113.91974785208386,30
2005,fsh_len,Sex combined,89,1765,0.0193,113.91974785208386,30
2005,fsh_len,Sex combined,91,1765,0.0159,113.91974785208386,30
2005,fsh_len,Sex combined,93,1765,0.0125,113.91974785208386,30
2005,fsh_len,Sex combined,95,1765,0.0102,113.91974785208386,30
2005,fsh_len,Sex combined,97,1765,0.0091,113.91974785208386,30
2005,fsh_len,Sex combined,99,1765,0.0147,113.91974785208386,30
2006,fsh_len,Female,41,1075,0,113.91974785208386,31
2006,fsh_len,Female,43,1075,0,113.91974785208386,31
2006,fsh_len,Female,45,1075,0,113.91974785208386,31
2006,fsh_len,Female,47,1075,0,113.91974785208386,31
2006,fsh_len,Female,49,1075,0,113.91974785208386,31
2006,fsh_len,Female,51,1075,0.00093000000000000005,113.91974785208386,31
2006,fsh_len,Female,53,1075,0.003721,113.91974785208386,31
2006,fsh_len,Female,55,1075,0.003721,113.91974785208386,31
2006,fsh_len,Female,57,1075,0.011163,113.91974785208386,31
2006,fsh_len,Female,59,1075,0.010233,113.91974785208386,31
2006,fsh_len,Female,61,1075,0.014884,113.91974785208386,31
2006,fsh_len,Female,63,1075,0.029767,113.91974785208386,31
2006,fsh_len,Female,65,1075,0.053953,113.91974785208386,31
2006,fsh_len,Female,67,1075,0.090233,113.91974785208386,31
2006,fsh_len,Female,69,1075,0.124651,113.91974785208386,31
2006,fsh_len,Female,71,1075,0.140465,113.91974785208386,31
2006,fsh_len,Female,73,1075,0.129302,113.91974785208386,31
2006,fsh_len,Female,75,1075,0.098605,113.91974785208386,31
2006,fsh_len,Female,77,1075,0.07907,113.91974785208386,31
2006,fsh_len,Female,79,1075,0.043721,113.91974785208386,31
2006,fsh_len,Female,81,1075,0.046512,113.91974785208386,31
2006,fsh_len,Female,83,1075,0.026047,113.91974785208386,31
2006,fsh_len,Female,85,1075,0.021395,113.91974785208386,31
2006,fsh_len,Female,87,1075,0.024186,113.91974785208386,31
2006,fsh_len,Female,89,1075,0.015814,113.91974785208386,31
2006,fsh_len,Female,91,1075,0.010233,113.91974785208386,31
2006,fsh_len,Female,93,1075,0.007442,113.91974785208386,31
2006,fsh_len,Female,95,1075,0.002791,113.91974785208386,31
2006,fsh_len,Female,97,1075,0.002791,113.91974785208386,31
2006,fsh_len,Female,99,1075,0.008372,113.91974785208386,31
2006,fsh_len,Male,41,609,0,95.99697985479706,31
2006,fsh_len,Male,43,609,0,95.99697985479706,31
2006,fsh_len,Male,45,609,0,95.99697985479706,31
2006,fsh_len,Male,47,609,0,95.99697985479706,31
2006,fsh_len,Male,49,609,0,95.99697985479706,31
2006,fsh_len,Male,51,609,0,95.99697985479706,31
2006,fsh_len,Male,53,609,0.003284,95.99697985479706,31
2006,fsh_len,Male,55,609,0.011494,95.99697985479706,31
2006,fsh_len,Male,57,609,0.032841,95.99697985479706,31
2006,fsh_len,Male,59,609,0.049261,95.99697985479706,31
2006,fsh_len,Male,61,609,0.119869,95.99697985479706,31
2006,fsh_len,Male,63,609,0.200328,95.99697985479706,31
2006,fsh_len,Male,65,609,0.178982,95.99697985479706,31
2006,fsh_len,Male,67,609,0.129721,95.99697985479706,31
2006,fsh_len,Male,69,609,0.093596,95.99697985479706,31
2006,fsh_len,Male,71,609,0.052545,95.99697985479706,31
2006,fsh_len,Male,73,609,0.062397,95.99697985479706,31
2006,fsh_len,Male,75,609,0.024631,95.99697985479706,31
2006,fsh_len,Male,77,609,0.019704,95.99697985479706,31
2006,fsh_len,Male,79,609,0.00821,95.99697985479706,31
2006,fsh_len,Male,81,609,0.004926,95.99697985479706,31
2006,fsh_len,Male,83,609,0.001642,95.99697985479706,31
2006,fsh_len,Male,85,609,0.001642,95.99697985479706,31
2006,fsh_len,Male,87,609,0.004926,95.99697985479706,31
2006,fsh_len,Male,89,609,0,95.99697985479706,31
2006,fsh_len,Male,91,609,0,95.99697985479706,31
2006,fsh_len,Male,93,609,0,95.99697985479706,31
2006,fsh_len,Male,95,609,0,95.99697985479706,31
2006,fsh_len,Male,97,609,0,95.99697985479706,31
2006,fsh_len,Male,99,609,0,95.99697985479706,31
2006,fsh_len,Sex combined,41,1684,0,113.91974785208386,31
2006,fsh_len,Sex combined,43,1684,0,113.91974785208386,31
2006,fsh_len,Sex combined,45,1684,0,113.91974785208386,31
2006,fsh_len,Sex combined,47,1684,0,113.91974785208386,31
2006,fsh_len,Sex combined,49,1684,0,113.91974785208386,31
2006,fsh_len,Sex combined,51,1684,6e-4,113.91974785208386,31
2006,fsh_len,Sex combined,53,1684,0.0036,113.91974785208386,31
2006,fsh_len,Sex combined,55,1684,0.0065,113.91974785208386,31
2006,fsh_len,Sex combined,57,1684,0.019,113.91974785208386,31
2006,fsh_len,Sex combined,59,1684,0.0243,113.91974785208386,31
2006,fsh_len,Sex combined,61,1684,0.0529,113.91974785208386,31
2006,fsh_len,Sex combined,63,1684,0.0914,113.91974785208386,31
2006,fsh_len,Sex combined,65,1684,0.0992,113.91974785208386,31
2006,fsh_len,Sex combined,67,1684,0.1045,113.91974785208386,31
2006,fsh_len,Sex combined,69,1684,0.1134,113.91974785208386,31
2006,fsh_len,Sex combined,71,1684,0.1087,113.91974785208386,31
2006,fsh_len,Sex combined,73,1684,0.1051,113.91974785208386,31
2006,fsh_len,Sex combined,75,1684,0.0719,113.91974785208386,31
2006,fsh_len,Sex combined,77,1684,0.0576,113.91974785208386,31
2006,fsh_len,Sex combined,79,1684,0.0309,113.91974785208386,31
2006,fsh_len,Sex combined,81,1684,0.0315,113.91974785208386,31
2006,fsh_len,Sex combined,83,1684,0.0172,113.91974785208386,31
2006,fsh_len,Sex combined,85,1684,0.0143,113.91974785208386,31
2006,fsh_len,Sex combined,87,1684,0.0172,113.91974785208386,31
2006,fsh_len,Sex combined,89,1684,0.0101,113.91974785208386,31
2006,fsh_len,Sex combined,91,1684,0.0065,113.91974785208386,31
2006,fsh_len,Sex combined,93,1684,0.0048,113.91974785208386,31
2006,fsh_len,Sex combined,95,1684,0.0018,113.91974785208386,31
2006,fsh_len,Sex combined,97,1684,0.0018,113.91974785208386,31
2006,fsh_len,Sex combined,99,1684,0.0053,113.91974785208386,31
2007,fsh_len,Female,41,996,0,113.91974785208386,32
2007,fsh_len,Female,43,996,0,113.91974785208386,32
2007,fsh_len,Female,45,996,0,113.91974785208386,32
2007,fsh_len,Female,47,996,0,113.91974785208386,32
2007,fsh_len,Female,49,996,0,113.91974785208386,32
2007,fsh_len,Female,51,996,0.002008,113.91974785208386,32
2007,fsh_len,Female,53,996,0.002008,113.91974785208386,32
2007,fsh_len,Female,55,996,0.002008,113.91974785208386,32
2007,fsh_len,Female,57,996,0.008032,113.91974785208386,32
2007,fsh_len,Female,59,996,0.007028,113.91974785208386,32
2007,fsh_len,Female,61,996,0.014056,113.91974785208386,32
2007,fsh_len,Female,63,996,0.034137,113.91974785208386,32
2007,fsh_len,Female,65,996,0.054217,113.91974785208386,32
2007,fsh_len,Female,67,996,0.070281,113.91974785208386,32
2007,fsh_len,Female,69,996,0.123494,113.91974785208386,32
2007,fsh_len,Female,71,996,0.130522,113.91974785208386,32
2007,fsh_len,Female,73,996,0.11245,113.91974785208386,32
2007,fsh_len,Female,75,996,0.100402,113.91974785208386,32
2007,fsh_len,Female,77,996,0.086345,113.91974785208386,32
2007,fsh_len,Female,79,996,0.059237,113.91974785208386,32
2007,fsh_len,Female,81,996,0.051205,113.91974785208386,32
2007,fsh_len,Female,83,996,0.034137,113.91974785208386,32
2007,fsh_len,Female,85,996,0.026104,113.91974785208386,32
2007,fsh_len,Female,87,996,0.031124,113.91974785208386,32
2007,fsh_len,Female,89,996,0.013052,113.91974785208386,32
2007,fsh_len,Female,91,996,0.013052,113.91974785208386,32
2007,fsh_len,Female,93,996,0.009036,113.91974785208386,32
2007,fsh_len,Female,95,996,0.004016,113.91974785208386,32
2007,fsh_len,Female,97,996,0.00502,113.91974785208386,32
2007,fsh_len,Female,99,996,0.007028,113.91974785208386,32
2007,fsh_len,Male,41,515,0,95.99697985479706,32
2007,fsh_len,Male,43,515,0,95.99697985479706,32
2007,fsh_len,Male,45,515,0,95.99697985479706,32
2007,fsh_len,Male,47,515,0,95.99697985479706,32
2007,fsh_len,Male,49,515,0,95.99697985479706,32
2007,fsh_len,Male,51,515,0,95.99697985479706,32
2007,fsh_len,Male,53,515,0.001942,95.99697985479706,32
2007,fsh_len,Male,55,515,0.007767,95.99697985479706,32
2007,fsh_len,Male,57,515,0.021359,95.99697985479706,32
2007,fsh_len,Male,59,515,0.048544,95.99697985479706,32
2007,fsh_len,Male,61,515,0.108738,95.99697985479706,32
2007,fsh_len,Male,63,515,0.153398,95.99697985479706,32
2007,fsh_len,Male,65,515,0.170874,95.99697985479706,32
2007,fsh_len,Male,67,515,0.161165,95.99697985479706,32
2007,fsh_len,Male,69,515,0.135922,95.99697985479706,32
2007,fsh_len,Male,71,515,0.085437,95.99697985479706,32
2007,fsh_len,Male,73,515,0.038835,95.99697985479706,32
2007,fsh_len,Male,75,515,0.036893,95.99697985479706,32
2007,fsh_len,Male,77,515,0.013592,95.99697985479706,32
2007,fsh_len,Male,79,515,0.009709,95.99697985479706,32
2007,fsh_len,Male,81,515,0.003883,95.99697985479706,32
2007,fsh_len,Male,83,515,0.001942,95.99697985479706,32
2007,fsh_len,Male,85,515,0,95.99697985479706,32
2007,fsh_len,Male,87,515,0,95.99697985479706,32
2007,fsh_len,Male,89,515,0,95.99697985479706,32
2007,fsh_len,Male,91,515,0,95.99697985479706,32
2007,fsh_len,Male,93,515,0,95.99697985479706,32
2007,fsh_len,Male,95,515,0,95.99697985479706,32
2007,fsh_len,Male,97,515,0,95.99697985479706,32
2007,fsh_len,Male,99,515,0,95.99697985479706,32
2007,fsh_len,Sex combined,41,1511,0,113.91974785208386,32
2007,fsh_len,Sex combined,43,1511,0,113.91974785208386,32
2007,fsh_len,Sex combined,45,1511,0,113.91974785208386,32
2007,fsh_len,Sex combined,47,1511,0,113.91974785208386,32
2007,fsh_len,Sex combined,49,1511,0,113.91974785208386,32
2007,fsh_len,Sex combined,51,1511,0.0013,113.91974785208386,32
2007,fsh_len,Sex combined,53,1511,0.002,113.91974785208386,32
2007,fsh_len,Sex combined,55,1511,0.004,113.91974785208386,32
2007,fsh_len,Sex combined,57,1511,0.0126,113.91974785208386,32
2007,fsh_len,Sex combined,59,1511,0.0212,113.91974785208386,32
2007,fsh_len,Sex combined,61,1511,0.0463,113.91974785208386,32
2007,fsh_len,Sex combined,63,1511,0.0748,113.91974785208386,32
2007,fsh_len,Sex combined,65,1511,0.094,113.91974785208386,32
2007,fsh_len,Sex combined,67,1511,0.1013,113.91974785208386,32
2007,fsh_len,Sex combined,69,1511,0.1277,113.91974785208386,32
2007,fsh_len,Sex combined,71,1511,0.1152,113.91974785208386,32
2007,fsh_len,Sex combined,73,1511,0.0874,113.91974785208386,32
2007,fsh_len,Sex combined,75,1511,0.0788,113.91974785208386,32
2007,fsh_len,Sex combined,77,1511,0.0615,113.91974785208386,32
2007,fsh_len,Sex combined,79,1511,0.0424,113.91974785208386,32
2007,fsh_len,Sex combined,81,1511,0.0351,113.91974785208386,32
2007,fsh_len,Sex combined,83,1511,0.0232,113.91974785208386,32
2007,fsh_len,Sex combined,85,1511,0.0172,113.91974785208386,32
2007,fsh_len,Sex combined,87,1511,0.0205,113.91974785208386,32
2007,fsh_len,Sex combined,89,1511,0.0086,113.91974785208386,32
2007,fsh_len,Sex combined,91,1511,0.0086,113.91974785208386,32
2007,fsh_len,Sex combined,93,1511,0.006,113.91974785208386,32
2007,fsh_len,Sex combined,95,1511,0.0026,113.91974785208386,32
2007,fsh_len,Sex combined,97,1511,0.0033,113.91974785208386,32
2007,fsh_len,Sex combined,99,1511,0.0046,113.91974785208386,32
2008,fsh_len,Female,41,1026,0,113.91974785208386,33
2008,fsh_len,Female,43,1026,0,113.91974785208386,33
2008,fsh_len,Female,45,1026,0,113.91974785208386,33
2008,fsh_len,Female,47,1026,0,113.91974785208386,33
2008,fsh_len,Female,49,1026,0,113.91974785208386,33
2008,fsh_len,Female,51,1026,0,113.91974785208386,33
2008,fsh_len,Female,53,1026,0,113.91974785208386,33
2008,fsh_len,Female,55,1026,0.001949,113.91974785208386,33
2008,fsh_len,Female,57,1026,0.002924,113.91974785208386,33
2008,fsh_len,Female,59,1026,0.009747,113.91974785208386,33
2008,fsh_len,Female,61,1026,0.015595,113.91974785208386,33
2008,fsh_len,Female,63,1026,0.026316,113.91974785208386,33
2008,fsh_len,Female,65,1026,0.039961000000000003,113.91974785208386,33
2008,fsh_len,Female,67,1026,0.087719,113.91974785208386,33
2008,fsh_len,Female,69,1026,0.10039,113.91974785208386,33
2008,fsh_len,Female,71,1026,0.133528,113.91974785208386,33
2008,fsh_len,Female,73,1026,0.125731,113.91974785208386,33
2008,fsh_len,Female,75,1026,0.11501,113.91974785208386,33
2008,fsh_len,Female,77,1026,0.069201,113.91974785208386,33
2008,fsh_len,Female,79,1026,0.063353,113.91974785208386,33
2008,fsh_len,Female,81,1026,0.062378,113.91974785208386,33
2008,fsh_len,Female,83,1026,0.033138,113.91974785208386,33
2008,fsh_len,Female,85,1026,0.032164,113.91974785208386,33
2008,fsh_len,Female,87,1026,0.028265,113.91974785208386,33
2008,fsh_len,Female,89,1026,0.013645,113.91974785208386,33
2008,fsh_len,Female,91,1026,0.011696,113.91974785208386,33
2008,fsh_len,Female,93,1026,0.011696,113.91974785208386,33
2008,fsh_len,Female,95,1026,0.005848,113.91974785208386,33
2008,fsh_len,Female,97,1026,0.001949,113.91974785208386,33
2008,fsh_len,Female,99,1026,0.007797,113.91974785208386,33
2008,fsh_len,Male,41,525,0,95.99697985479706,33
2008,fsh_len,Male,43,525,0,95.99697985479706,33
2008,fsh_len,Male,45,525,0,95.99697985479706,33
2008,fsh_len,Male,47,525,0,95.99697985479706,33
2008,fsh_len,Male,49,525,0,95.99697985479706,33
2008,fsh_len,Male,51,525,0,95.99697985479706,33
2008,fsh_len,Male,53,525,0,95.99697985479706,33
2008,fsh_len,Male,55,525,0.007619,95.99697985479706,33
2008,fsh_len,Male,57,525,0.013333,95.99697985479706,33
2008,fsh_len,Male,59,525,0.038095,95.99697985479706,33
2008,fsh_len,Male,61,525,0.100952,95.99697985479706,33
2008,fsh_len,Male,63,525,0.165714,95.99697985479706,33
2008,fsh_len,Male,65,525,0.179048,95.99697985479706,33
2008,fsh_len,Male,67,525,0.190476,95.99697985479706,33
2008,fsh_len,Male,69,525,0.131429,95.99697985479706,33
2008,fsh_len,Male,71,525,0.087619,95.99697985479706,33
2008,fsh_len,Male,73,525,0.04381,95.99697985479706,33
2008,fsh_len,Male,75,525,0.019048,95.99697985479706,33
2008,fsh_len,Male,77,525,0.009524,95.99697985479706,33
2008,fsh_len,Male,79,525,0.001905,95.99697985479706,33
2008,fsh_len,Male,81,525,0.001905,95.99697985479706,33
2008,fsh_len,Male,83,525,0.005714,95.99697985479706,33
2008,fsh_len,Male,85,525,0,95.99697985479706,33
2008,fsh_len,Male,87,525,0.001905,95.99697985479706,33
2008,fsh_len,Male,89,525,0.001905,95.99697985479706,33
2008,fsh_len,Male,91,525,0,95.99697985479706,33
2008,fsh_len,Male,93,525,0,95.99697985479706,33
2008,fsh_len,Male,95,525,0,95.99697985479706,33
2008,fsh_len,Male,97,525,0,95.99697985479706,33
2008,fsh_len,Male,99,525,0,95.99697985479706,33
2008,fsh_len,Sex combined,41,1551,0,113.91974785208386,33
2008,fsh_len,Sex combined,43,1551,0,113.91974785208386,33
2008,fsh_len,Sex combined,45,1551,0,113.91974785208386,33
2008,fsh_len,Sex combined,47,1551,0,113.91974785208386,33
2008,fsh_len,Sex combined,49,1551,0,113.91974785208386,33
2008,fsh_len,Sex combined,51,1551,0,113.91974785208386,33
2008,fsh_len,Sex combined,53,1551,0,113.91974785208386,33
2008,fsh_len,Sex combined,55,1551,0.0039,113.91974785208386,33
2008,fsh_len,Sex combined,57,1551,0.0064,113.91974785208386,33
2008,fsh_len,Sex combined,59,1551,0.0193,113.91974785208386,33
2008,fsh_len,Sex combined,61,1551,0.0445,113.91974785208386,33
2008,fsh_len,Sex combined,63,1551,0.0735,113.91974785208386,33
2008,fsh_len,Sex combined,65,1551,0.087,113.91974785208386,33
2008,fsh_len,Sex combined,67,1551,0.1225,113.91974785208386,33
2008,fsh_len,Sex combined,69,1551,0.1109,113.91974785208386,33
2008,fsh_len,Sex combined,71,1551,0.118,113.91974785208386,33
2008,fsh_len,Sex combined,73,1551,0.098,113.91974785208386,33
2008,fsh_len,Sex combined,75,1551,0.0825,113.91974785208386,33
2008,fsh_len,Sex combined,77,1551,0.049,113.91974785208386,33
2008,fsh_len,Sex combined,79,1551,0.0426,113.91974785208386,33
2008,fsh_len,Sex combined,81,1551,0.0419,113.91974785208386,33
2008,fsh_len,Sex combined,83,1551,0.0239,113.91974785208386,33
2008,fsh_len,Sex combined,85,1551,0.0213,113.91974785208386,33
2008,fsh_len,Sex combined,87,1551,0.0193,113.91974785208386,33
2008,fsh_len,Sex combined,89,1551,0.0097,113.91974785208386,33
2008,fsh_len,Sex combined,91,1551,0.0077,113.91974785208386,33
2008,fsh_len,Sex combined,93,1551,0.0077,113.91974785208386,33
2008,fsh_len,Sex combined,95,1551,0.0039,113.91974785208386,33
2008,fsh_len,Sex combined,97,1551,0.0013,113.91974785208386,33
2008,fsh_len,Sex combined,99,1551,0.0052,113.91974785208386,33
2009,fsh_len,Female,41,1047,0,113.91974785208386,34
2009,fsh_len,Female,43,1047,0,113.91974785208386,34
2009,fsh_len,Female,45,1047,0,113.91974785208386,34
2009,fsh_len,Female,47,1047,0,113.91974785208386,34
2009,fsh_len,Female,49,1047,0,113.91974785208386,34
2009,fsh_len,Female,51,1047,0.00191,113.91974785208386,34
2009,fsh_len,Female,53,1047,0,113.91974785208386,34
2009,fsh_len,Female,55,1047,9.55e-4,113.91974785208386,34
2009,fsh_len,Female,57,1047,0.004776,113.91974785208386,34
2009,fsh_len,Female,59,1047,0.005731,113.91974785208386,34
2009,fsh_len,Female,61,1047,0.00191,113.91974785208386,34
2009,fsh_len,Female,63,1047,0.018147,113.91974785208386,34
2009,fsh_len,Female,65,1047,0.045845,113.91974785208386,34
2009,fsh_len,Female,67,1047,0.077364,113.91974785208386,34
2009,fsh_len,Female,69,1047,0.097421,113.91974785208386,34
2009,fsh_len,Female,71,1047,0.144222,113.91974785208386,34
2009,fsh_len,Female,73,1047,0.124164,113.91974785208386,34
2009,fsh_len,Female,75,1047,0.118434,113.91974785208386,34
2009,fsh_len,Female,77,1047,0.090735,113.91974785208386,34
2009,fsh_len,Female,79,1047,0.075454,113.91974785208386,34
2009,fsh_len,Female,81,1047,0.076409,113.91974785208386,34
2009,fsh_len,Female,83,1047,0.037249,113.91974785208386,34
2009,fsh_len,Female,85,1047,0.023878,113.91974785208386,34
2009,fsh_len,Female,87,1047,0.014327,113.91974785208386,34
2009,fsh_len,Female,89,1047,0.010506,113.91974785208386,34
2009,fsh_len,Female,91,1047,0.011461,113.91974785208386,34
2009,fsh_len,Female,93,1047,0.004776,113.91974785208386,34
2009,fsh_len,Female,95,1047,0.005731,113.91974785208386,34
2009,fsh_len,Female,97,1047,9.55e-4,113.91974785208386,34
2009,fsh_len,Female,99,1047,0.007641,113.91974785208386,34
2009,fsh_len,Male,41,521,0,95.99697985479706,34
2009,fsh_len,Male,43,521,0,95.99697985479706,34
2009,fsh_len,Male,45,521,0,95.99697985479706,34
2009,fsh_len,Male,47,521,0,95.99697985479706,34
2009,fsh_len,Male,49,521,0,95.99697985479706,34
2009,fsh_len,Male,51,521,0,95.99697985479706,34
2009,fsh_len,Male,53,521,0,95.99697985479706,34
2009,fsh_len,Male,55,521,0,95.99697985479706,34
2009,fsh_len,Male,57,521,0.017274,95.99697985479706,34
2009,fsh_len,Male,59,521,0.047985,95.99697985479706,34
2009,fsh_len,Male,61,521,0.088292,95.99697985479706,34
2009,fsh_len,Male,63,521,0.136276,95.99697985479706,34
2009,fsh_len,Male,65,521,0.190019,95.99697985479706,34
2009,fsh_len,Male,67,521,0.176583,95.99697985479706,34
2009,fsh_len,Male,69,521,0.12476,95.99697985479706,34
2009,fsh_len,Male,71,521,0.095969,95.99697985479706,34
2009,fsh_len,Male,73,521,0.044146,95.99697985479706,34
2009,fsh_len,Male,75,521,0.040307,95.99697985479706,34
2009,fsh_len,Male,77,521,0.023033,95.99697985479706,34
2009,fsh_len,Male,79,521,0.007678,95.99697985479706,34
2009,fsh_len,Male,81,521,0.007678,95.99697985479706,34
2009,fsh_len,Male,83,521,0,95.99697985479706,34
2009,fsh_len,Male,85,521,0,95.99697985479706,34
2009,fsh_len,Male,87,521,0,95.99697985479706,34
2009,fsh_len,Male,89,521,0,95.99697985479706,34
2009,fsh_len,Male,91,521,0,95.99697985479706,34
2009,fsh_len,Male,93,521,0,95.99697985479706,34
2009,fsh_len,Male,95,521,0,95.99697985479706,34
2009,fsh_len,Male,97,521,0,95.99697985479706,34
2009,fsh_len,Male,99,521,0,95.99697985479706,34
2009,fsh_len,Sex combined,41,1568,0,113.91974785208386,34
2009,fsh_len,Sex combined,43,1568,0,113.91974785208386,34
2009,fsh_len,Sex combined,45,1568,0,113.91974785208386,34
2009,fsh_len,Sex combined,47,1568,0,113.91974785208386,34
2009,fsh_len,Sex combined,49,1568,0,113.91974785208386,34
2009,fsh_len,Sex combined,51,1568,0.0013,113.91974785208386,34
2009,fsh_len,Sex combined,53,1568,0,113.91974785208386,34
2009,fsh_len,Sex combined,55,1568,6e-4,113.91974785208386,34
2009,fsh_len,Sex combined,57,1568,0.0089,113.91974785208386,34
2009,fsh_len,Sex combined,59,1568,0.0198,113.91974785208386,34
2009,fsh_len,Sex combined,61,1568,0.0306,113.91974785208386,34
2009,fsh_len,Sex combined,63,1568,0.0574,113.91974785208386,34
2009,fsh_len,Sex combined,65,1568,0.0938,113.91974785208386,34
2009,fsh_len,Sex combined,67,1568,0.1103,113.91974785208386,34
2009,fsh_len,Sex combined,69,1568,0.1065,113.91974785208386,34
2009,fsh_len,Sex combined,71,1568,0.1282,113.91974785208386,34
2009,fsh_len,Sex combined,73,1568,0.0976,113.91974785208386,34
2009,fsh_len,Sex combined,75,1568,0.0925,113.91974785208386,34
2009,fsh_len,Sex combined,77,1568,0.0682,113.91974785208386,34
2009,fsh_len,Sex combined,79,1568,0.0529,113.91974785208386,34
2009,fsh_len,Sex combined,81,1568,0.0536,113.91974785208386,34
2009,fsh_len,Sex combined,83,1568,0.0249,113.91974785208386,34
2009,fsh_len,Sex combined,85,1568,0.0159,113.91974785208386,34
2009,fsh_len,Sex combined,87,1568,0.0096,113.91974785208386,34
2009,fsh_len,Sex combined,89,1568,0.007,113.91974785208386,34
2009,fsh_len,Sex combined,91,1568,0.0077,113.91974785208386,34
2009,fsh_len,Sex combined,93,1568,0.0032,113.91974785208386,34
2009,fsh_len,Sex combined,95,1568,0.0038,113.91974785208386,34
2009,fsh_len,Sex combined,97,1568,6e-4,113.91974785208386,34
2009,fsh_len,Sex combined,99,1568,0.0051,113.91974785208386,34
2010,fsh_len,Female,41,995,0,113.91974785208386,35
2010,fsh_len,Female,43,995,0,113.91974785208386,35
2010,fsh_len,Female,45,995,0,113.91974785208386,35
2010,fsh_len,Female,47,995,0,113.91974785208386,35
2010,fsh_len,Female,49,995,0,113.91974785208386,35
2010,fsh_len,Female,51,995,0,113.91974785208386,35
2010,fsh_len,Female,53,995,0.00201,113.91974785208386,35
2010,fsh_len,Female,55,995,0.001005,113.91974785208386,35
2010,fsh_len,Female,57,995,0.003015,113.91974785208386,35
2010,fsh_len,Female,59,995,0.013065,113.91974785208386,35
2010,fsh_len,Female,61,995,0.01005,113.91974785208386,35
2010,fsh_len,Female,63,995,0.026131,113.91974785208386,35
2010,fsh_len,Female,65,995,0.048241,113.91974785208386,35
2010,fsh_len,Female,67,995,0.071357,113.91974785208386,35
2010,fsh_len,Female,69,995,0.103518,113.91974785208386,35
2010,fsh_len,Female,71,995,0.137688,113.91974785208386,35
2010,fsh_len,Female,73,995,0.119598,113.91974785208386,35
2010,fsh_len,Female,75,995,0.109548,113.91974785208386,35
2010,fsh_len,Female,77,995,0.085427,113.91974785208386,35
2010,fsh_len,Female,79,995,0.084422,113.91974785208386,35
2010,fsh_len,Female,81,995,0.061307,113.91974785208386,35
2010,fsh_len,Female,83,995,0.039196,113.91974785208386,35
2010,fsh_len,Female,85,995,0.030151,113.91974785208386,35
2010,fsh_len,Female,87,995,0.019095,113.91974785208386,35
2010,fsh_len,Female,89,995,0.011055,113.91974785208386,35
2010,fsh_len,Female,91,995,0.011055,113.91974785208386,35
2010,fsh_len,Female,93,995,0.00603,113.91974785208386,35
2010,fsh_len,Female,95,995,0.001005,113.91974785208386,35
2010,fsh_len,Female,97,995,0.00201,113.91974785208386,35
2010,fsh_len,Female,99,995,0.00402,113.91974785208386,35
2010,fsh_len,Male,41,550,0,95.99697985479706,35
2010,fsh_len,Male,43,550,0,95.99697985479706,35
2010,fsh_len,Male,45,550,0,95.99697985479706,35
2010,fsh_len,Male,47,550,0,95.99697985479706,35
2010,fsh_len,Male,49,550,0.001818,95.99697985479706,35
2010,fsh_len,Male,51,550,0,95.99697985479706,35
2010,fsh_len,Male,53,550,0.001818,95.99697985479706,35
2010,fsh_len,Male,55,550,0.009091,95.99697985479706,35
2010,fsh_len,Male,57,550,0.014545,95.99697985479706,35
2010,fsh_len,Male,59,550,0.047273,95.99697985479706,35
2010,fsh_len,Male,61,550,0.105455,95.99697985479706,35
2010,fsh_len,Male,63,550,0.121818,95.99697985479706,35
2010,fsh_len,Male,65,550,0.189091,95.99697985479706,35
2010,fsh_len,Male,67,550,0.165455,95.99697985479706,35
2010,fsh_len,Male,69,550,0.125455,95.99697985479706,35
2010,fsh_len,Male,71,550,0.101818,95.99697985479706,35
2010,fsh_len,Male,73,550,0.050909,95.99697985479706,35
2010,fsh_len,Male,75,550,0.04,95.99697985479706,35
2010,fsh_len,Male,77,550,0.010909,95.99697985479706,35
2010,fsh_len,Male,79,550,0.007273,95.99697985479706,35
2010,fsh_len,Male,81,550,0.001818,95.99697985479706,35
2010,fsh_len,Male,83,550,0.001818,95.99697985479706,35
2010,fsh_len,Male,85,550,0.001818,95.99697985479706,35
2010,fsh_len,Male,87,550,0.001818,95.99697985479706,35
2010,fsh_len,Male,89,550,0,95.99697985479706,35
2010,fsh_len,Male,91,550,0,95.99697985479706,35
2010,fsh_len,Male,93,550,0,95.99697985479706,35
2010,fsh_len,Male,95,550,0,95.99697985479706,35
2010,fsh_len,Male,97,550,0,95.99697985479706,35
2010,fsh_len,Male,99,550,0,95.99697985479706,35
2010,fsh_len,Sex combined,41,1545,0,113.91974785208386,35
2010,fsh_len,Sex combined,43,1545,0,113.91974785208386,35
2010,fsh_len,Sex combined,45,1545,0,113.91974785208386,35
2010,fsh_len,Sex combined,47,1545,0,113.91974785208386,35
2010,fsh_len,Sex combined,49,1545,6e-4,113.91974785208386,35
2010,fsh_len,Sex combined,51,1545,0,113.91974785208386,35
2010,fsh_len,Sex combined,53,1545,0.0019,113.91974785208386,35
2010,fsh_len,Sex combined,55,1545,0.0039,113.91974785208386,35
2010,fsh_len,Sex combined,57,1545,0.0071,113.91974785208386,35
2010,fsh_len,Sex combined,59,1545,0.0252,113.91974785208386,35
2010,fsh_len,Sex combined,61,1545,0.044,113.91974785208386,35
2010,fsh_len,Sex combined,63,1545,0.0602,113.91974785208386,35
2010,fsh_len,Sex combined,65,1545,0.0984,113.91974785208386,35
2010,fsh_len,Sex combined,67,1545,0.1049,113.91974785208386,35
2010,fsh_len,Sex combined,69,1545,0.1113,113.91974785208386,35
2010,fsh_len,Sex combined,71,1545,0.1249,113.91974785208386,35
2010,fsh_len,Sex combined,73,1545,0.0951,113.91974785208386,35
2010,fsh_len,Sex combined,75,1545,0.0848,113.91974785208386,35
2010,fsh_len,Sex combined,77,1545,0.0589,113.91974785208386,35
2010,fsh_len,Sex combined,79,1545,0.057,113.91974785208386,35
2010,fsh_len,Sex combined,81,1545,0.0401,113.91974785208386,35
2010,fsh_len,Sex combined,83,1545,0.0259,113.91974785208386,35
2010,fsh_len,Sex combined,85,1545,0.0201,113.91974785208386,35
2010,fsh_len,Sex combined,87,1545,0.0129,113.91974785208386,35
2010,fsh_len,Sex combined,89,1545,0.0071,113.91974785208386,35
2010,fsh_len,Sex combined,91,1545,0.0071,113.91974785208386,35
2010,fsh_len,Sex combined,93,1545,0.0039,113.91974785208386,35
2010,fsh_len,Sex combined,95,1545,6e-4,113.91974785208386,35
2010,fsh_len,Sex combined,97,1545,0.0013,113.91974785208386,35
2010,fsh_len,Sex combined,99,1545,0.0026,113.91974785208386,35
2011,fsh_len,Female,41,924,0,113.91974785208386,36
2011,fsh_len,Female,43,924,0,113.91974785208386,36
2011,fsh_len,Female,45,924,0,113.91974785208386,36
2011,fsh_len,Female,47,924,0,113.91974785208386,36
2011,fsh_len,Female,49,924,0,113.91974785208386,36
2011,fsh_len,Female,51,924,0,113.91974785208386,36
2011,fsh_len,Female,53,924,0,113.91974785208386,36
2011,fsh_len,Female,55,924,0.007576,113.91974785208386,36
2011,fsh_len,Female,57,924,0.004329,113.91974785208386,36
2011,fsh_len,Female,59,924,0.00974,113.91974785208386,36
2011,fsh_len,Female,61,924,0.018398,113.91974785208386,36
2011,fsh_len,Female,63,924,0.02381,113.91974785208386,36
2011,fsh_len,Female,65,924,0.051948,113.91974785208386,36
2011,fsh_len,Female,67,924,0.07684,113.91974785208386,36
2011,fsh_len,Female,69,924,0.101732,113.91974785208386,36
2011,fsh_len,Female,71,924,0.137446,113.91974785208386,36
2011,fsh_len,Female,73,924,0.130952,113.91974785208386,36
2011,fsh_len,Female,75,924,0.102814,113.91974785208386,36
2011,fsh_len,Female,77,924,0.077922,113.91974785208386,36
2011,fsh_len,Female,79,924,0.057359,113.91974785208386,36
2011,fsh_len,Female,81,924,0.05303,113.91974785208386,36
2011,fsh_len,Female,83,924,0.046537,113.91974785208386,36
2011,fsh_len,Female,85,924,0.022727,113.91974785208386,36
2011,fsh_len,Female,87,924,0.028139,113.91974785208386,36
2011,fsh_len,Female,89,924,0.016234,113.91974785208386,36
2011,fsh_len,Female,91,924,0.010823,113.91974785208386,36
2011,fsh_len,Female,93,924,0.011905,113.91974785208386,36
2011,fsh_len,Female,95,924,0.001082,113.91974785208386,36
2011,fsh_len,Female,97,924,0.002165,113.91974785208386,36
2011,fsh_len,Female,99,924,0.006494,113.91974785208386,36
2011,fsh_len,Male,41,550,0,95.99697985479706,36
2011,fsh_len,Male,43,550,0,95.99697985479706,36
2011,fsh_len,Male,45,550,0,95.99697985479706,36
2011,fsh_len,Male,47,550,0,95.99697985479706,36
2011,fsh_len,Male,49,550,0,95.99697985479706,36
2011,fsh_len,Male,51,550,0,95.99697985479706,36
2011,fsh_len,Male,53,550,0.003636,95.99697985479706,36
2011,fsh_len,Male,55,550,0.005455,95.99697985479706,36
2011,fsh_len,Male,57,550,0.023636,95.99697985479706,36
2011,fsh_len,Male,59,550,0.04,95.99697985479706,36
2011,fsh_len,Male,61,550,0.065455,95.99697985479706,36
2011,fsh_len,Male,63,550,0.16,95.99697985479706,36
2011,fsh_len,Male,65,550,0.178182,95.99697985479706,36
2011,fsh_len,Male,67,550,0.165455,95.99697985479706,36
2011,fsh_len,Male,69,550,0.161818,95.99697985479706,36
2011,fsh_len,Male,71,550,0.072727,95.99697985479706,36
2011,fsh_len,Male,73,550,0.043636,95.99697985479706,36
2011,fsh_len,Male,75,550,0.04,95.99697985479706,36
2011,fsh_len,Male,77,550,0.018182,95.99697985479706,36
2011,fsh_len,Male,79,550,0.010909,95.99697985479706,36
2011,fsh_len,Male,81,550,0.003636,95.99697985479706,36
2011,fsh_len,Male,83,550,0.003636,95.99697985479706,36
2011,fsh_len,Male,85,550,0.001818,95.99697985479706,36
2011,fsh_len,Male,87,550,0,95.99697985479706,36
2011,fsh_len,Male,89,550,0.001818,95.99697985479706,36
2011,fsh_len,Male,91,550,0,95.99697985479706,36
2011,fsh_len,Male,93,550,0,95.99697985479706,36
2011,fsh_len,Male,95,550,0,95.99697985479706,36
2011,fsh_len,Male,97,550,0,95.99697985479706,36
2011,fsh_len,Male,99,550,0,95.99697985479706,36
2011,fsh_len,Sex combined,41,1474,0,113.91974785208386,36
2011,fsh_len,Sex combined,43,1474,0,113.91974785208386,36
2011,fsh_len,Sex combined,45,1474,0,113.91974785208386,36
2011,fsh_len,Sex combined,47,1474,0,113.91974785208386,36
2011,fsh_len,Sex combined,49,1474,0,113.91974785208386,36
2011,fsh_len,Sex combined,51,1474,0,113.91974785208386,36
2011,fsh_len,Sex combined,53,1474,0.0014,113.91974785208386,36
2011,fsh_len,Sex combined,55,1474,0.0068,113.91974785208386,36
2011,fsh_len,Sex combined,57,1474,0.0115,113.91974785208386,36
2011,fsh_len,Sex combined,59,1474,0.021,113.91974785208386,36
2011,fsh_len,Sex combined,61,1474,0.036,113.91974785208386,36
2011,fsh_len,Sex combined,63,1474,0.0746,113.91974785208386,36
2011,fsh_len,Sex combined,65,1474,0.0991,113.91974785208386,36
2011,fsh_len,Sex combined,67,1474,0.1099,113.91974785208386,36
2011,fsh_len,Sex combined,69,1474,0.1242,113.91974785208386,36
2011,fsh_len,Sex combined,71,1474,0.1133,113.91974785208386,36
2011,fsh_len,Sex combined,73,1474,0.0984,113.91974785208386,36
2011,fsh_len,Sex combined,75,1474,0.0794,113.91974785208386,36
2011,fsh_len,Sex combined,77,1474,0.0556,113.91974785208386,36
2011,fsh_len,Sex combined,79,1474,0.04,113.91974785208386,36
2011,fsh_len,Sex combined,81,1474,0.0346,113.91974785208386,36
2011,fsh_len,Sex combined,83,1474,0.0305,113.91974785208386,36
2011,fsh_len,Sex combined,85,1474,0.0149,113.91974785208386,36
2011,fsh_len,Sex combined,87,1474,0.0176,113.91974785208386,36
2011,fsh_len,Sex combined,89,1474,0.0109,113.91974785208386,36
2011,fsh_len,Sex combined,91,1474,0.0068,113.91974785208386,36
2011,fsh_len,Sex combined,93,1474,0.0075,113.91974785208386,36
2011,fsh_len,Sex combined,95,1474,7e-4,113.91974785208386,36
2011,fsh_len,Sex combined,97,1474,0.0014,113.91974785208386,36
2011,fsh_len,Sex combined,99,1474,0.0041,113.91974785208386,36
2012,fsh_len,Female,41,931,0,113.91974785208386,37
2012,fsh_len,Female,43,931,0,113.91974785208386,37
2012,fsh_len,Female,45,931,0,113.91974785208386,37
2012,fsh_len,Female,47,931,0,113.91974785208386,37
2012,fsh_len,Female,49,931,0,113.91974785208386,37
2012,fsh_len,Female,51,931,0,113.91974785208386,37
2012,fsh_len,Female,53,931,0,113.91974785208386,37
2012,fsh_len,Female,55,931,0.007519,113.91974785208386,37
2012,fsh_len,Female,57,931,0.005371,113.91974785208386,37
2012,fsh_len,Female,59,931,0.010741,113.91974785208386,37
2012,fsh_len,Female,61,931,0.019334,113.91974785208386,37
2012,fsh_len,Female,63,931,0.039742,113.91974785208386,37
2012,fsh_len,Female,65,931,0.042965,113.91974785208386,37
2012,fsh_len,Female,67,931,0.077336,113.91974785208386,37
2012,fsh_len,Female,69,931,0.097744,113.91974785208386,37
2012,fsh_len,Female,71,931,0.131042,113.91974785208386,37
2012,fsh_len,Female,73,931,0.119227,113.91974785208386,37
2012,fsh_len,Female,75,931,0.10956,113.91974785208386,37
2012,fsh_len,Female,77,931,0.092374,113.91974785208386,37
2012,fsh_len,Female,79,931,0.083781,113.91974785208386,37
2012,fsh_len,Female,81,931,0.05478,113.91974785208386,37
2012,fsh_len,Female,83,931,0.03652,113.91974785208386,37
2012,fsh_len,Female,85,931,0.027927,113.91974785208386,37
2012,fsh_len,Female,87,931,0.016112,113.91974785208386,37
2012,fsh_len,Female,89,931,0.008593,113.91974785208386,37
2012,fsh_len,Female,91,931,0.009667,113.91974785208386,37
2012,fsh_len,Female,93,931,0.003222,113.91974785208386,37
2012,fsh_len,Female,95,931,0.005371,113.91974785208386,37
2012,fsh_len,Female,97,931,0.001074,113.91974785208386,37
2012,fsh_len,Female,99,931,0,113.91974785208386,37
2012,fsh_len,Male,41,605,0,95.99697985479706,37
2012,fsh_len,Male,43,605,0,95.99697985479706,37
2012,fsh_len,Male,45,605,0,95.99697985479706,37
2012,fsh_len,Male,47,605,0,95.99697985479706,37
2012,fsh_len,Male,49,605,0,95.99697985479706,37
2012,fsh_len,Male,51,605,0,95.99697985479706,37
2012,fsh_len,Male,53,605,0.003306,95.99697985479706,37
2012,fsh_len,Male,55,605,0.009917,95.99697985479706,37
2012,fsh_len,Male,57,605,0.019835,95.99697985479706,37
2012,fsh_len,Male,59,605,0.052893,95.99697985479706,37
2012,fsh_len,Male,61,605,0.094215,95.99697985479706,37
2012,fsh_len,Male,63,605,0.142149,95.99697985479706,37
2012,fsh_len,Male,65,605,0.175207,95.99697985479706,37
2012,fsh_len,Male,67,605,0.183471,95.99697985479706,37
2012,fsh_len,Male,69,605,0.130579,95.99697985479706,37
2012,fsh_len,Male,71,605,0.100826,95.99697985479706,37
2012,fsh_len,Male,73,605,0.036364,95.99697985479706,37
2012,fsh_len,Male,75,605,0.029752,95.99697985479706,37
2012,fsh_len,Male,77,605,0.013223,95.99697985479706,37
2012,fsh_len,Male,79,605,0.001653,95.99697985479706,37
2012,fsh_len,Male,81,605,0.001653,95.99697985479706,37
2012,fsh_len,Male,83,605,0.001653,95.99697985479706,37
2012,fsh_len,Male,85,605,0.001653,95.99697985479706,37
2012,fsh_len,Male,87,605,0,95.99697985479706,37
2012,fsh_len,Male,89,605,0,95.99697985479706,37
2012,fsh_len,Male,91,605,0.001653,95.99697985479706,37
2012,fsh_len,Male,93,605,0,95.99697985479706,37
2012,fsh_len,Male,95,605,0,95.99697985479706,37
2012,fsh_len,Male,97,605,0,95.99697985479706,37
2012,fsh_len,Male,99,605,0,95.99697985479706,37
2012,fsh_len,Sex combined,41,1536,0,113.91974785208386,37
2012,fsh_len,Sex combined,43,1536,0,113.91974785208386,37
2012,fsh_len,Sex combined,45,1536,0,113.91974785208386,37
2012,fsh_len,Sex combined,47,1536,0,113.91974785208386,37
2012,fsh_len,Sex combined,49,1536,0,113.91974785208386,37
2012,fsh_len,Sex combined,51,1536,0,113.91974785208386,37
2012,fsh_len,Sex combined,53,1536,0.0013,113.91974785208386,37
2012,fsh_len,Sex combined,55,1536,0.0085,113.91974785208386,37
2012,fsh_len,Sex combined,57,1536,0.0111,113.91974785208386,37
2012,fsh_len,Sex combined,59,1536,0.0273,113.91974785208386,37
2012,fsh_len,Sex combined,61,1536,0.0488,113.91974785208386,37
2012,fsh_len,Sex combined,63,1536,0.0801,113.91974785208386,37
2012,fsh_len,Sex combined,65,1536,0.0951,113.91974785208386,37
2012,fsh_len,Sex combined,67,1536,0.1191,113.91974785208386,37
2012,fsh_len,Sex combined,69,1536,0.1107,113.91974785208386,37
2012,fsh_len,Sex combined,71,1536,0.1191,113.91974785208386,37
2012,fsh_len,Sex combined,73,1536,0.0866,113.91974785208386,37
2012,fsh_len,Sex combined,75,1536,0.0781,113.91974785208386,37
2012,fsh_len,Sex combined,77,1536,0.0612,113.91974785208386,37
2012,fsh_len,Sex combined,79,1536,0.0514,113.91974785208386,37
2012,fsh_len,Sex combined,81,1536,0.0339,113.91974785208386,37
2012,fsh_len,Sex combined,83,1536,0.0228,113.91974785208386,37
2012,fsh_len,Sex combined,85,1536,0.0176,113.91974785208386,37
2012,fsh_len,Sex combined,87,1536,0.0098,113.91974785208386,37
2012,fsh_len,Sex combined,89,1536,0.0052,113.91974785208386,37
2012,fsh_len,Sex combined,91,1536,0.0065,113.91974785208386,37
2012,fsh_len,Sex combined,93,1536,0.002,113.91974785208386,37
2012,fsh_len,Sex combined,95,1536,0.0033,113.91974785208386,37
2012,fsh_len,Sex combined,97,1536,7e-4,113.91974785208386,37
2012,fsh_len,Sex combined,99,1536,0,113.91974785208386,37
2013,fsh_len,Female,41,716,0,113.91974785208386,38
2013,fsh_len,Female,43,716,0,113.91974785208386,38
2013,fsh_len,Female,45,716,0,113.91974785208386,38
2013,fsh_len,Female,47,716,0,113.91974785208386,38
2013,fsh_len,Female,49,716,0,113.91974785208386,38
2013,fsh_len,Female,51,716,0.001397,113.91974785208386,38
2013,fsh_len,Female,53,716,0.001397,113.91974785208386,38
2013,fsh_len,Female,55,716,0.009777,113.91974785208386,38
2013,fsh_len,Female,57,716,0.015363,113.91974785208386,38
2013,fsh_len,Female,59,716,0.022346,113.91974785208386,38
2013,fsh_len,Female,61,716,0.02933,113.91974785208386,38
2013,fsh_len,Female,63,716,0.053073,113.91974785208386,38
2013,fsh_len,Female,65,716,0.060056,113.91974785208386,38
2013,fsh_len,Female,67,716,0.076816,113.91974785208386,38
2013,fsh_len,Female,69,716,0.090782,113.91974785208386,38
2013,fsh_len,Female,71,716,0.117318,113.91974785208386,38
2013,fsh_len,Female,73,716,0.100559,113.91974785208386,38
2013,fsh_len,Female,75,716,0.086592,113.91974785208386,38
2013,fsh_len,Female,77,716,0.085196,113.91974785208386,38
2013,fsh_len,Female,79,716,0.055866,113.91974785208386,38
2013,fsh_len,Female,81,716,0.060056,113.91974785208386,38
2013,fsh_len,Female,83,716,0.039106,113.91974785208386,38
2013,fsh_len,Female,85,716,0.019553,113.91974785208386,38
2013,fsh_len,Female,87,716,0.02933,113.91974785208386,38
2013,fsh_len,Female,89,716,0.013966,113.91974785208386,38
2013,fsh_len,Female,91,716,0.013966,113.91974785208386,38
2013,fsh_len,Female,93,716,0.00419,113.91974785208386,38
2013,fsh_len,Female,95,716,0.006983,113.91974785208386,38
2013,fsh_len,Female,97,716,0.00419,113.91974785208386,38
2013,fsh_len,Female,99,716,0.002793,113.91974785208386,38
2013,fsh_len,Male,41,682,0,95.99697985479706,38
2013,fsh_len,Male,43,682,0,95.99697985479706,38
2013,fsh_len,Male,45,682,0,95.99697985479706,38
2013,fsh_len,Male,47,682,0,95.99697985479706,38
2013,fsh_len,Male,49,682,0.001466,95.99697985479706,38
2013,fsh_len,Male,51,682,0.004399,95.99697985479706,38
2013,fsh_len,Male,53,682,0.008798,95.99697985479706,38
2013,fsh_len,Male,55,682,0.021994,95.99697985479706,38
2013,fsh_len,Male,57,682,0.024927,95.99697985479706,38
2013,fsh_len,Male,59,682,0.058651,95.99697985479706,38
2013,fsh_len,Male,61,682,0.087977,95.99697985479706,38
2013,fsh_len,Male,63,682,0.18915,95.99697985479706,38
2013,fsh_len,Male,65,682,0.171554,95.99697985479706,38
2013,fsh_len,Male,67,682,0.178886,95.99697985479706,38
2013,fsh_len,Male,69,682,0.099707,95.99697985479706,38
2013,fsh_len,Male,71,682,0.067449,95.99697985479706,38
2013,fsh_len,Male,73,682,0.033724,95.99697985479706,38
2013,fsh_len,Male,75,682,0.027859,95.99697985479706,38
2013,fsh_len,Male,77,682,0.013196,95.99697985479706,38
2013,fsh_len,Male,79,682,0.004399,95.99697985479706,38
2013,fsh_len,Male,81,682,0.001466,95.99697985479706,38
2013,fsh_len,Male,83,682,0.001466,95.99697985479706,38
2013,fsh_len,Male,85,682,0.001466,95.99697985479706,38
2013,fsh_len,Male,87,682,0.001466,95.99697985479706,38
2013,fsh_len,Male,89,682,0,95.99697985479706,38
2013,fsh_len,Male,91,682,0,95.99697985479706,38
2013,fsh_len,Male,93,682,0,95.99697985479706,38
2013,fsh_len,Male,95,682,0,95.99697985479706,38
2013,fsh_len,Male,97,682,0,95.99697985479706,38
2013,fsh_len,Male,99,682,0,95.99697985479706,38
2013,fsh_len,Sex combined,41,1398,0,113.91974785208386,38
2013,fsh_len,Sex combined,43,1398,0,113.91974785208386,38
2013,fsh_len,Sex combined,45,1398,0,113.91974785208386,38
2013,fsh_len,Sex combined,47,1398,0,113.91974785208386,38
2013,fsh_len,Sex combined,49,1398,7e-4,113.91974785208386,38
2013,fsh_len,Sex combined,51,1398,0.0029,113.91974785208386,38
2013,fsh_len,Sex combined,53,1398,0.005,113.91974785208386,38
2013,fsh_len,Sex combined,55,1398,0.0157,113.91974785208386,38
2013,fsh_len,Sex combined,57,1398,0.02,113.91974785208386,38
2013,fsh_len,Sex combined,59,1398,0.0401,113.91974785208386,38
2013,fsh_len,Sex combined,61,1398,0.0579,113.91974785208386,38
2013,fsh_len,Sex combined,63,1398,0.1195,113.91974785208386,38
2013,fsh_len,Sex combined,65,1398,0.1144,113.91974785208386,38
2013,fsh_len,Sex combined,67,1398,0.1266,113.91974785208386,38
2013,fsh_len,Sex combined,69,1398,0.0951,113.91974785208386,38
2013,fsh_len,Sex combined,71,1398,0.093,113.91974785208386,38
2013,fsh_len,Sex combined,73,1398,0.068,113.91974785208386,38
2013,fsh_len,Sex combined,75,1398,0.0579,113.91974785208386,38
2013,fsh_len,Sex combined,77,1398,0.0501,113.91974785208386,38
2013,fsh_len,Sex combined,79,1398,0.0308,113.91974785208386,38
2013,fsh_len,Sex combined,81,1398,0.0315,113.91974785208386,38
2013,fsh_len,Sex combined,83,1398,0.0207,113.91974785208386,38
2013,fsh_len,Sex combined,85,1398,0.0107,113.91974785208386,38
2013,fsh_len,Sex combined,87,1398,0.0157,113.91974785208386,38
2013,fsh_len,Sex combined,89,1398,0.0072,113.91974785208386,38
2013,fsh_len,Sex combined,91,1398,0.0072,113.91974785208386,38
2013,fsh_len,Sex combined,93,1398,0.0021,113.91974785208386,38
2013,fsh_len,Sex combined,95,1398,0.0036,113.91974785208386,38
2013,fsh_len,Sex combined,97,1398,0.0021,113.91974785208386,38
2013,fsh_len,Sex combined,99,1398,0.0014,113.91974785208386,38
2014,fsh_len,Female,41,786,0,113.91974785208386,39
2014,fsh_len,Female,43,786,0,113.91974785208386,39
2014,fsh_len,Female,45,786,0,113.91974785208386,39
2014,fsh_len,Female,47,786,0,113.91974785208386,39
2014,fsh_len,Female,49,786,0.001272,113.91974785208386,39
2014,fsh_len,Female,51,786,0.001272,113.91974785208386,39
2014,fsh_len,Female,53,786,0.001272,113.91974785208386,39
2014,fsh_len,Female,55,786,0.007634,113.91974785208386,39
2014,fsh_len,Female,57,786,0.007634,113.91974785208386,39
2014,fsh_len,Female,59,786,0.007634,113.91974785208386,39
2014,fsh_len,Female,61,786,0.021628,113.91974785208386,39
2014,fsh_len,Female,63,786,0.045802,113.91974785208386,39
2014,fsh_len,Female,65,786,0.045802,113.91974785208386,39
2014,fsh_len,Female,67,786,0.063613,113.91974785208386,39
2014,fsh_len,Female,69,786,0.077608,113.91974785208386,39
2014,fsh_len,Female,71,786,0.100509,113.91974785208386,39
2014,fsh_len,Female,73,786,0.115776,113.91974785208386,39
2014,fsh_len,Female,75,786,0.100509,113.91974785208386,39
2014,fsh_len,Female,77,786,0.083969,113.91974785208386,39
2014,fsh_len,Female,79,786,0.069975,113.91974785208386,39
2014,fsh_len,Female,81,786,0.062341,113.91974785208386,39
2014,fsh_len,Female,83,786,0.045802,113.91974785208386,39
2014,fsh_len,Female,85,786,0.045802,113.91974785208386,39
2014,fsh_len,Female,87,786,0.026718,113.91974785208386,39
2014,fsh_len,Female,89,786,0.02799,113.91974785208386,39
2014,fsh_len,Female,91,786,0.019084,113.91974785208386,39
2014,fsh_len,Female,93,786,0.005089,113.91974785208386,39
2014,fsh_len,Female,95,786,0.005089,113.91974785208386,39
2014,fsh_len,Female,97,786,0.003817,113.91974785208386,39
2014,fsh_len,Female,99,786,0.006361,113.91974785208386,39
2014,fsh_len,Male,41,568,0,95.99697985479706,39
2014,fsh_len,Male,43,568,0,95.99697985479706,39
2014,fsh_len,Male,45,568,0,95.99697985479706,39
2014,fsh_len,Male,47,568,0,95.99697985479706,39
2014,fsh_len,Male,49,568,0,95.99697985479706,39
2014,fsh_len,Male,51,568,0,95.99697985479706,39
2014,fsh_len,Male,53,568,0.001761,95.99697985479706,39
2014,fsh_len,Male,55,568,0.003521,95.99697985479706,39
2014,fsh_len,Male,57,568,0.010563,95.99697985479706,39
2014,fsh_len,Male,59,568,0.036972,95.99697985479706,39
2014,fsh_len,Male,61,568,0.09331,95.99697985479706,39
2014,fsh_len,Male,63,568,0.139085,95.99697985479706,39
2014,fsh_len,Male,65,568,0.174296,95.99697985479706,39
2014,fsh_len,Male,67,568,0.172535,95.99697985479706,39
2014,fsh_len,Male,69,568,0.146127,95.99697985479706,39
2014,fsh_len,Male,71,568,0.09331,95.99697985479706,39
2014,fsh_len,Male,73,568,0.059859,95.99697985479706,39
2014,fsh_len,Male,75,568,0.035211,95.99697985479706,39
2014,fsh_len,Male,77,568,0.015845,95.99697985479706,39
2014,fsh_len,Male,79,568,0.008803,95.99697985479706,39
2014,fsh_len,Male,81,568,0,95.99697985479706,39
2014,fsh_len,Male,83,568,0.003521,95.99697985479706,39
2014,fsh_len,Male,85,568,0,95.99697985479706,39
2014,fsh_len,Male,87,568,0.001761,95.99697985479706,39
2014,fsh_len,Male,89,568,0.001761,95.99697985479706,39
2014,fsh_len,Male,91,568,0,95.99697985479706,39
2014,fsh_len,Male,93,568,0,95.99697985479706,39
2014,fsh_len,Male,95,568,0.001761,95.99697985479706,39
2014,fsh_len,Male,97,568,0,95.99697985479706,39
2014,fsh_len,Male,99,568,0,95.99697985479706,39
2014,fsh_len,Sex combined,41,1354,0,113.91974785208386,39
2014,fsh_len,Sex combined,43,1354,0,113.91974785208386,39
2014,fsh_len,Sex combined,45,1354,0,113.91974785208386,39
2014,fsh_len,Sex combined,47,1354,0,113.91974785208386,39
2014,fsh_len,Sex combined,49,1354,7e-4,113.91974785208386,39
2014,fsh_len,Sex combined,51,1354,7e-4,113.91974785208386,39
2014,fsh_len,Sex combined,53,1354,0.0015,113.91974785208386,39
2014,fsh_len,Sex combined,55,1354,0.0059,113.91974785208386,39
2014,fsh_len,Sex combined,57,1354,0.0089,113.91974785208386,39
2014,fsh_len,Sex combined,59,1354,0.0199,113.91974785208386,39
2014,fsh_len,Sex combined,61,1354,0.0517,113.91974785208386,39
2014,fsh_len,Sex combined,63,1354,0.0849,113.91974785208386,39
2014,fsh_len,Sex combined,65,1354,0.0997,113.91974785208386,39
2014,fsh_len,Sex combined,67,1354,0.1093,113.91974785208386,39
2014,fsh_len,Sex combined,69,1354,0.1064,113.91974785208386,39
2014,fsh_len,Sex combined,71,1354,0.0975,113.91974785208386,39
2014,fsh_len,Sex combined,73,1354,0.0923,113.91974785208386,39
2014,fsh_len,Sex combined,75,1354,0.0731,113.91974785208386,39
2014,fsh_len,Sex combined,77,1354,0.0554,113.91974785208386,39
2014,fsh_len,Sex combined,79,1354,0.0443,113.91974785208386,39
2014,fsh_len,Sex combined,81,1354,0.0362,113.91974785208386,39
2014,fsh_len,Sex combined,83,1354,0.0281,113.91974785208386,39
2014,fsh_len,Sex combined,85,1354,0.0266,113.91974785208386,39
2014,fsh_len,Sex combined,87,1354,0.0162,113.91974785208386,39
2014,fsh_len,Sex combined,89,1354,0.017,113.91974785208386,39
2014,fsh_len,Sex combined,91,1354,0.0111,113.91974785208386,39
2014,fsh_len,Sex combined,93,1354,0.003,113.91974785208386,39
2014,fsh_len,Sex combined,95,1354,0.0037,113.91974785208386,39
2014,fsh_len,Sex combined,97,1354,0.0022,113.91974785208386,39
2014,fsh_len,Sex combined,99,1354,0.0037,113.91974785208386,39
2015,fsh_len,Female,41,758,0,113.91974785208386,40
2015,fsh_len,Female,43,758,0,113.91974785208386,40
2015,fsh_len,Female,45,758,0,113.91974785208386,40
2015,fsh_len,Female,47,758,0.001319,113.91974785208386,40
2015,fsh_len,Female,49,758,0,113.91974785208386,40
2015,fsh_len,Female,51,758,0.002639,113.91974785208386,40
2015,fsh_len,Female,53,758,0.010554,113.91974785208386,40
2015,fsh_len,Female,55,758,0.003958,113.91974785208386,40
2015,fsh_len,Female,57,758,0.011873,113.91974785208386,40
2015,fsh_len,Female,59,758,0.009235,113.91974785208386,40
2015,fsh_len,Female,61,758,0.014512,113.91974785208386,40
2015,fsh_len,Female,63,758,0.038259,113.91974785208386,40
2015,fsh_len,Female,65,758,0.058047,113.91974785208386,40
2015,fsh_len,Female,67,758,0.080475,113.91974785208386,40
2015,fsh_len,Female,69,758,0.108179,113.91974785208386,40
2015,fsh_len,Female,71,758,0.080475,113.91974785208386,40
2015,fsh_len,Female,73,758,0.094987,113.91974785208386,40
2015,fsh_len,Female,75,758,0.091029,113.91974785208386,40
2015,fsh_len,Female,77,758,0.064644,113.91974785208386,40
2015,fsh_len,Female,79,758,0.064644,113.91974785208386,40
2015,fsh_len,Female,81,758,0.083113,113.91974785208386,40
2015,fsh_len,Female,83,758,0.050132,113.91974785208386,40
2015,fsh_len,Female,85,758,0.043536,113.91974785208386,40
2015,fsh_len,Female,87,758,0.029024,113.91974785208386,40
2015,fsh_len,Female,89,758,0.010554,113.91974785208386,40
2015,fsh_len,Female,91,758,0.023747,113.91974785208386,40
2015,fsh_len,Female,93,758,0.003958,113.91974785208386,40
2015,fsh_len,Female,95,758,0.006596,113.91974785208386,40
2015,fsh_len,Female,97,758,0.003958,113.91974785208386,40
2015,fsh_len,Female,99,758,0.010554,113.91974785208386,40
2015,fsh_len,Male,41,451,0,95.99697985479706,40
2015,fsh_len,Male,43,451,0,95.99697985479706,40
2015,fsh_len,Male,45,451,0,95.99697985479706,40
2015,fsh_len,Male,47,451,0,95.99697985479706,40
2015,fsh_len,Male,49,451,0,95.99697985479706,40
2015,fsh_len,Male,51,451,0.002217,95.99697985479706,40
2015,fsh_len,Male,53,451,0.002217,95.99697985479706,40
2015,fsh_len,Male,55,451,0.004435,95.99697985479706,40
2015,fsh_len,Male,57,451,0.026608,95.99697985479706,40
2015,fsh_len,Male,59,451,0.039911,95.99697985479706,40
2015,fsh_len,Male,61,451,0.066519,95.99697985479706,40
2015,fsh_len,Male,63,451,0.119734,95.99697985479706,40
2015,fsh_len,Male,65,451,0.148559,95.99697985479706,40
2015,fsh_len,Male,67,451,0.18847,95.99697985479706,40
2015,fsh_len,Male,69,451,0.13969,95.99697985479706,40
2015,fsh_len,Male,71,451,0.115299,95.99697985479706,40
2015,fsh_len,Male,73,451,0.064302,95.99697985479706,40
2015,fsh_len,Male,75,451,0.026608,95.99697985479706,40
2015,fsh_len,Male,77,451,0.02217299999999999,95.99697985479706,40
2015,fsh_len,Male,79,451,0.013304,95.99697985479706,40
2015,fsh_len,Male,81,451,0.008869,95.99697985479706,40
2015,fsh_len,Male,83,451,0.002217,95.99697985479706,40
2015,fsh_len,Male,85,451,0,95.99697985479706,40
2015,fsh_len,Male,87,451,0.006652,95.99697985479706,40
2015,fsh_len,Male,89,451,0,95.99697985479706,40
2015,fsh_len,Male,91,451,0,95.99697985479706,40
2015,fsh_len,Male,93,451,0,95.99697985479706,40
2015,fsh_len,Male,95,451,0.002217,95.99697985479706,40
2015,fsh_len,Male,97,451,0,95.99697985479706,40
2015,fsh_len,Male,99,451,0,95.99697985479706,40
2015,fsh_len,Sex combined,41,1209,0,113.91974785208386,40
2015,fsh_len,Sex combined,43,1209,0,113.91974785208386,40
2015,fsh_len,Sex combined,45,1209,0,113.91974785208386,40
2015,fsh_len,Sex combined,47,1209,8e-4,113.91974785208386,40
2015,fsh_len,Sex combined,49,1209,0,113.91974785208386,40
2015,fsh_len,Sex combined,51,1209,0.0025,113.91974785208386,40
2015,fsh_len,Sex combined,53,1209,0.0074,113.91974785208386,40
2015,fsh_len,Sex combined,55,1209,0.0041,113.91974785208386,40
2015,fsh_len,Sex combined,57,1209,0.0174,113.91974785208386,40
2015,fsh_len,Sex combined,59,1209,0.0207,113.91974785208386,40
2015,fsh_len,Sex combined,61,1209,0.0339,113.91974785208386,40
2015,fsh_len,Sex combined,63,1209,0.0687,113.91974785208386,40
2015,fsh_len,Sex combined,65,1209,0.0918,113.91974785208386,40
2015,fsh_len,Sex combined,67,1209,0.1208,113.91974785208386,40
2015,fsh_len,Sex combined,69,1209,0.1199,113.91974785208386,40
2015,fsh_len,Sex combined,71,1209,0.0935,113.91974785208386,40
2015,fsh_len,Sex combined,73,1209,0.0835,113.91974785208386,40
2015,fsh_len,Sex combined,75,1209,0.067,113.91974785208386,40
2015,fsh_len,Sex combined,77,1209,0.0488,113.91974785208386,40
2015,fsh_len,Sex combined,79,1209,0.0455,113.91974785208386,40
2015,fsh_len,Sex combined,81,1209,0.0554,113.91974785208386,40
2015,fsh_len,Sex combined,83,1209,0.0323,113.91974785208386,40
2015,fsh_len,Sex combined,85,1209,0.0273,113.91974785208386,40
2015,fsh_len,Sex combined,87,1209,0.0207,113.91974785208386,40
2015,fsh_len,Sex combined,89,1209,0.0066,113.91974785208386,40
2015,fsh_len,Sex combined,91,1209,0.0149,113.91974785208386,40
2015,fsh_len,Sex combined,93,1209,0.0025,113.91974785208386,40
2015,fsh_len,Sex combined,95,1209,0.005,113.91974785208386,40
2015,fsh_len,Sex combined,97,1209,0.0025,113.91974785208386,40
2015,fsh_len,Sex combined,99,1209,0.0066,113.91974785208386,40
2016,fsh_len,Female,41,930,0,113.91974785208386,41
2016,fsh_len,Female,43,930,0,113.91974785208386,41
2016,fsh_len,Female,45,930,0,113.91974785208386,41
2016,fsh_len,Female,47,930,0.001075,113.91974785208386,41
2016,fsh_len,Female,49,930,0,113.91974785208386,41
2016,fsh_len,Female,51,930,0,113.91974785208386,41
2016,fsh_len,Female,53,930,0.003226,113.91974785208386,41
2016,fsh_len,Female,55,930,0.005376,113.91974785208386,41
2016,fsh_len,Female,57,930,0.004301,113.91974785208386,41
2016,fsh_len,Female,59,930,0.012903,113.91974785208386,41
2016,fsh_len,Female,61,930,0.016129,113.91974785208386,41
2016,fsh_len,Female,63,930,0.031183,113.91974785208386,41
2016,fsh_len,Female,65,930,0.063441,113.91974785208386,41
2016,fsh_len,Female,67,930,0.056989,113.91974785208386,41
2016,fsh_len,Female,69,930,0.077419,113.91974785208386,41
2016,fsh_len,Female,71,930,0.088172,113.91974785208386,41
2016,fsh_len,Female,73,930,0.093548,113.91974785208386,41
2016,fsh_len,Female,75,930,0.082796,113.91974785208386,41
2016,fsh_len,Female,77,930,0.072043,113.91974785208386,41
2016,fsh_len,Female,79,930,0.075269,113.91974785208386,41
2016,fsh_len,Female,81,930,0.074194,113.91974785208386,41
2016,fsh_len,Female,83,930,0.056989,113.91974785208386,41
2016,fsh_len,Female,85,930,0.050538,113.91974785208386,41
2016,fsh_len,Female,87,930,0.047312,113.91974785208386,41
2016,fsh_len,Female,89,930,0.023656,113.91974785208386,41
2016,fsh_len,Female,91,930,0.01828,113.91974785208386,41
2016,fsh_len,Female,93,930,0.013978,113.91974785208386,41
2016,fsh_len,Female,95,930,0.008602,113.91974785208386,41
2016,fsh_len,Female,97,930,0.010753,113.91974785208386,41
2016,fsh_len,Female,99,930,0.011828,113.91974785208386,41
2016,fsh_len,Male,41,518,0,95.99697985479706,41
2016,fsh_len,Male,43,518,0.001931,95.99697985479706,41
2016,fsh_len,Male,45,518,0.001931,95.99697985479706,41
2016,fsh_len,Male,47,518,0,95.99697985479706,41
2016,fsh_len,Male,49,518,0,95.99697985479706,41
2016,fsh_len,Male,51,518,0.013514,95.99697985479706,41
2016,fsh_len,Male,53,518,0.005792,95.99697985479706,41
2016,fsh_len,Male,55,518,0.015444,95.99697985479706,41
2016,fsh_len,Male,57,518,0.009653,95.99697985479706,41
2016,fsh_len,Male,59,518,0.034749,95.99697985479706,41
2016,fsh_len,Male,61,518,0.088803000000000007,95.99697985479706,41
2016,fsh_len,Male,63,518,0.138996,95.99697985479706,41
2016,fsh_len,Male,65,518,0.156371,95.99697985479706,41
2016,fsh_len,Male,67,518,0.167954,95.99697985479706,41
2016,fsh_len,Male,69,518,0.135135,95.99697985479706,41
2016,fsh_len,Male,71,518,0.1139,95.99697985479706,41
2016,fsh_len,Male,73,518,0.050193,95.99697985479706,41
2016,fsh_len,Male,75,518,0.028958,95.99697985479706,41
2016,fsh_len,Male,77,518,0.017375,95.99697985479706,41
2016,fsh_len,Male,79,518,0.005792,95.99697985479706,41
2016,fsh_len,Male,81,518,0.005792,95.99697985479706,41
2016,fsh_len,Male,83,518,0.003861,95.99697985479706,41
2016,fsh_len,Male,85,518,0.003861,95.99697985479706,41
2016,fsh_len,Male,87,518,0,95.99697985479706,41
2016,fsh_len,Male,89,518,0,95.99697985479706,41
2016,fsh_len,Male,91,518,0,95.99697985479706,41
2016,fsh_len,Male,93,518,0,95.99697985479706,41
2016,fsh_len,Male,95,518,0,95.99697985479706,41
2016,fsh_len,Male,97,518,0,95.99697985479706,41
2016,fsh_len,Male,99,518,0,95.99697985479706,41
2016,fsh_len,Sex combined,41,1448,0,113.91974785208386,41
2016,fsh_len,Sex combined,43,1448,7e-4,113.91974785208386,41
2016,fsh_len,Sex combined,45,1448,7e-4,113.91974785208386,41
2016,fsh_len,Sex combined,47,1448,7e-4,113.91974785208386,41
2016,fsh_len,Sex combined,49,1448,0,113.91974785208386,41
2016,fsh_len,Sex combined,51,1448,0.0048,113.91974785208386,41
2016,fsh_len,Sex combined,53,1448,0.0041,113.91974785208386,41
2016,fsh_len,Sex combined,55,1448,0.009,113.91974785208386,41
2016,fsh_len,Sex combined,57,1448,0.0062,113.91974785208386,41
2016,fsh_len,Sex combined,59,1448,0.0207,113.91974785208386,41
2016,fsh_len,Sex combined,61,1448,0.0421,113.91974785208386,41
2016,fsh_len,Sex combined,63,1448,0.0698,113.91974785208386,41
2016,fsh_len,Sex combined,65,1448,0.0967,113.91974785208386,41
2016,fsh_len,Sex combined,67,1448,0.0967,113.91974785208386,41
2016,fsh_len,Sex combined,69,1448,0.0981,113.91974785208386,41
2016,fsh_len,Sex combined,71,1448,0.0974,113.91974785208386,41
2016,fsh_len,Sex combined,73,1448,0.078,113.91974785208386,41
2016,fsh_len,Sex combined,75,1448,0.0635,113.91974785208386,41
2016,fsh_len,Sex combined,77,1448,0.0525,113.91974785208386,41
2016,fsh_len,Sex combined,79,1448,0.0504,113.91974785208386,41
2016,fsh_len,Sex combined,81,1448,0.0497,113.91974785208386,41
2016,fsh_len,Sex combined,83,1448,0.038,113.91974785208386,41
2016,fsh_len,Sex combined,85,1448,0.0338,113.91974785208386,41
2016,fsh_len,Sex combined,87,1448,0.0304,113.91974785208386,41
2016,fsh_len,Sex combined,89,1448,0.0152,113.91974785208386,41
2016,fsh_len,Sex combined,91,1448,0.0117,113.91974785208386,41
2016,fsh_len,Sex combined,93,1448,0.009,113.91974785208386,41
2016,fsh_len,Sex combined,95,1448,0.0055,113.91974785208386,41
2016,fsh_len,Sex combined,97,1448,0.0069,113.91974785208386,41
2016,fsh_len,Sex combined,99,1448,0.0076,113.91974785208386,41
2017,fsh_len,Female,41,840,0,113.91974785208386,42
2017,fsh_len,Female,43,840,0,113.91974785208386,42
2017,fsh_len,Female,45,840,0,113.91974785208386,42
2017,fsh_len,Female,47,840,0.00119,113.91974785208386,42
2017,fsh_len,Female,49,840,0.002381,113.91974785208386,42
2017,fsh_len,Female,51,840,0.005952,113.91974785208386,42
2017,fsh_len,Female,53,840,0.011905,113.91974785208386,42
2017,fsh_len,Female,55,840,0.014286,113.91974785208386,42
2017,fsh_len,Female,57,840,0.027381,113.91974785208386,42
2017,fsh_len,Female,59,840,0.020238,113.91974785208386,42
2017,fsh_len,Female,61,840,0.039286,113.91974785208386,42
2017,fsh_len,Female,63,840,0.029762,113.91974785208386,42
2017,fsh_len,Female,65,840,0.036905,113.91974785208386,42
2017,fsh_len,Female,67,840,0.061905,113.91974785208386,42
2017,fsh_len,Female,69,840,0.058333,113.91974785208386,42
2017,fsh_len,Female,71,840,0.085714,113.91974785208386,42
2017,fsh_len,Female,73,840,0.060714,113.91974785208386,42
2017,fsh_len,Female,75,840,0.065476,113.91974785208386,42
2017,fsh_len,Female,77,840,0.07619,113.91974785208386,42
2017,fsh_len,Female,79,840,0.078571,113.91974785208386,42
2017,fsh_len,Female,81,840,0.059524,113.91974785208386,42
2017,fsh_len,Female,83,840,0.070238,113.91974785208386,42
2017,fsh_len,Female,85,840,0.067857,113.91974785208386,42
2017,fsh_len,Female,87,840,0.033333,113.91974785208386,42
2017,fsh_len,Female,89,840,0.022619,113.91974785208386,42
2017,fsh_len,Female,91,840,0.021429,113.91974785208386,42
2017,fsh_len,Female,93,840,0.019048,113.91974785208386,42
2017,fsh_len,Female,95,840,0.014286,113.91974785208386,42
2017,fsh_len,Female,97,840,0.003571,113.91974785208386,42
2017,fsh_len,Female,99,840,0.011905,113.91974785208386,42
2017,fsh_len,Male,41,601,0,95.99697985479706,42
2017,fsh_len,Male,43,601,0,95.99697985479706,42
2017,fsh_len,Male,45,601,0,95.99697985479706,42
2017,fsh_len,Male,47,601,0.004992,95.99697985479706,42
2017,fsh_len,Male,49,601,0.001664,95.99697985479706,42
2017,fsh_len,Male,51,601,0.001664,95.99697985479706,42
2017,fsh_len,Male,53,601,0.011647,95.99697985479706,42
2017,fsh_len,Male,55,601,0.021631,95.99697985479706,42
2017,fsh_len,Male,57,601,0.024958,95.99697985479706,42
2017,fsh_len,Male,59,601,0.043261,95.99697985479706,42
2017,fsh_len,Male,61,601,0.071547,95.99697985479706,42
2017,fsh_len,Male,63,601,0.138103,95.99697985479706,42
2017,fsh_len,Male,65,601,0.159734,95.99697985479706,42
2017,fsh_len,Male,67,601,0.174709,95.99697985479706,42
2017,fsh_len,Male,69,601,0.129784,95.99697985479706,42
2017,fsh_len,Male,71,601,0.094842,95.99697985479706,42
2017,fsh_len,Male,73,601,0.056572,95.99697985479706,42
2017,fsh_len,Male,75,601,0.028286,95.99697985479706,42
2017,fsh_len,Male,77,601,0.021631,95.99697985479706,42
2017,fsh_len,Male,79,601,0.009983,95.99697985479706,42
2017,fsh_len,Male,81,601,0.004992,95.99697985479706,42
2017,fsh_len,Male,83,601,0,95.99697985479706,42
2017,fsh_len,Male,85,601,0,95.99697985479706,42
2017,fsh_len,Male,87,601,0,95.99697985479706,42
2017,fsh_len,Male,89,601,0,95.99697985479706,42
2017,fsh_len,Male,91,601,0,95.99697985479706,42
2017,fsh_len,Male,93,601,0,95.99697985479706,42
2017,fsh_len,Male,95,601,0,95.99697985479706,42
2017,fsh_len,Male,97,601,0,95.99697985479706,42
2017,fsh_len,Male,99,601,0,95.99697985479706,42
2017,fsh_len,Sex combined,41,1441,0,113.91974785208386,42
2017,fsh_len,Sex combined,43,1441,0,113.91974785208386,42
2017,fsh_len,Sex combined,45,1441,0,113.91974785208386,42
2017,fsh_len,Sex combined,47,1441,0.0028,113.91974785208386,42
2017,fsh_len,Sex combined,49,1441,0.0021,113.91974785208386,42
2017,fsh_len,Sex combined,51,1441,0.0042,113.91974785208386,42
2017,fsh_len,Sex combined,53,1441,0.0118,113.91974785208386,42
2017,fsh_len,Sex combined,55,1441,0.0173,113.91974785208386,42
2017,fsh_len,Sex combined,57,1441,0.0264,113.91974785208386,42
2017,fsh_len,Sex combined,59,1441,0.0298,113.91974785208386,42
2017,fsh_len,Sex combined,61,1441,0.0527,113.91974785208386,42
2017,fsh_len,Sex combined,63,1441,0.0749,113.91974785208386,42
2017,fsh_len,Sex combined,65,1441,0.0881,113.91974785208386,42
2017,fsh_len,Sex combined,67,1441,0.109,113.91974785208386,42
2017,fsh_len,Sex combined,69,1441,0.0881,113.91974785208386,42
2017,fsh_len,Sex combined,71,1441,0.0895,113.91974785208386,42
2017,fsh_len,Sex combined,73,1441,0.059,113.91974785208386,42
2017,fsh_len,Sex combined,75,1441,0.05,113.91974785208386,42
2017,fsh_len,Sex combined,77,1441,0.0534,113.91974785208386,42
2017,fsh_len,Sex combined,79,1441,0.05,113.91974785208386,42
2017,fsh_len,Sex combined,81,1441,0.0368,113.91974785208386,42
2017,fsh_len,Sex combined,83,1441,0.0409,113.91974785208386,42
2017,fsh_len,Sex combined,85,1441,0.0396,113.91974785208386,42
2017,fsh_len,Sex combined,87,1441,0.0194,113.91974785208386,42
2017,fsh_len,Sex combined,89,1441,0.0132,113.91974785208386,42
2017,fsh_len,Sex combined,91,1441,0.0125,113.91974785208386,42
2017,fsh_len,Sex combined,93,1441,0.0111,113.91974785208386,42
2017,fsh_len,Sex combined,95,1441,0.0083,113.91974785208386,42
2017,fsh_len,Sex combined,97,1441,0.0021,113.91974785208386,42
2017,fsh_len,Sex combined,99,1441,0.0069,113.91974785208386,42
2018,fsh_len,Female,41,813,0,113.91974785208386,43
2018,fsh_len,Female,43,813,0,113.91974785208386,43
2018,fsh_len,Female,45,813,0,113.91974785208386,43
2018,fsh_len,Female,47,813,0,113.91974785208386,43
2018,fsh_len,Female,49,813,0,113.91974785208386,43
2018,fsh_len,Female,51,813,0.00492,113.91974785208386,43
2018,fsh_len,Female,53,813,0.00738,113.91974785208386,43
2018,fsh_len,Female,55,813,0.00738,113.91974785208386,43
2018,fsh_len,Female,57,813,0.01722,113.91974785208386,43
2018,fsh_len,Female,59,813,0.01599,113.91974785208386,43
2018,fsh_len,Female,61,813,0.02952,113.91974785208386,43
2018,fsh_len,Female,63,813,0.04428,113.91974785208386,43
2018,fsh_len,Female,65,813,0.057811,113.91974785208386,43
2018,fsh_len,Female,67,813,0.066421,113.91974785208386,43
2018,fsh_len,Female,69,813,0.078721,113.91974785208386,43
2018,fsh_len,Female,71,813,0.088561,113.91974785208386,43
2018,fsh_len,Female,73,813,0.061501,113.91974785208386,43
2018,fsh_len,Female,75,813,0.078721,113.91974785208386,43
2018,fsh_len,Female,77,813,0.087331,113.91974785208386,43
2018,fsh_len,Female,79,813,0.084871,113.91974785208386,43
2018,fsh_len,Female,81,813,0.070111,113.91974785208386,43
2018,fsh_len,Female,83,813,0.059041,113.91974785208386,43
2018,fsh_len,Female,85,813,0.03321,113.91974785208386,43
2018,fsh_len,Female,87,813,0.03075,113.91974785208386,43
2018,fsh_len,Female,89,813,0.02706,113.91974785208386,43
2018,fsh_len,Female,91,813,0.01722,113.91974785208386,43
2018,fsh_len,Female,93,813,0.00984,113.91974785208386,43
2018,fsh_len,Female,95,813,0.01599,113.91974785208386,43
2018,fsh_len,Female,97,813,0.00246,113.91974785208386,43
2018,fsh_len,Female,99,813,0.00369,113.91974785208386,43
2018,fsh_len,Male,41,506,0,95.99697985479706,43
2018,fsh_len,Male,43,506,0,95.99697985479706,43
2018,fsh_len,Male,45,506,0,95.99697985479706,43
2018,fsh_len,Male,47,506,0,95.99697985479706,43
2018,fsh_len,Male,49,506,0,95.99697985479706,43
2018,fsh_len,Male,51,506,0.001976,95.99697985479706,43
2018,fsh_len,Male,53,506,0.017787,95.99697985479706,43
2018,fsh_len,Male,55,506,0.01581,95.99697985479706,43
2018,fsh_len,Male,57,506,0.029644,95.99697985479706,43
2018,fsh_len,Male,59,506,0.055336,95.99697985479706,43
2018,fsh_len,Male,61,506,0.063241,95.99697985479706,43
2018,fsh_len,Male,63,506,0.120553,95.99697985479706,43
2018,fsh_len,Male,65,506,0.167984,95.99697985479706,43
2018,fsh_len,Male,67,506,0.183794,95.99697985479706,43
2018,fsh_len,Male,69,506,0.112648,95.99697985479706,43
2018,fsh_len,Male,71,506,0.102767,95.99697985479706,43
2018,fsh_len,Male,73,506,0.06917,95.99697985479706,43
2018,fsh_len,Male,75,506,0.037549,95.99697985479706,43
2018,fsh_len,Male,77,506,0.011858,95.99697985479706,43
2018,fsh_len,Male,79,506,0.001976,95.99697985479706,43
2018,fsh_len,Male,81,506,0.005929,95.99697985479706,43
2018,fsh_len,Male,83,506,0,95.99697985479706,43
2018,fsh_len,Male,85,506,0.001976,95.99697985479706,43
2018,fsh_len,Male,87,506,0,95.99697985479706,43
2018,fsh_len,Male,89,506,0,95.99697985479706,43
2018,fsh_len,Male,91,506,0,95.99697985479706,43
2018,fsh_len,Male,93,506,0,95.99697985479706,43
2018,fsh_len,Male,95,506,0,95.99697985479706,43
2018,fsh_len,Male,97,506,0,95.99697985479706,43
2018,fsh_len,Male,99,506,0,95.99697985479706,43
2018,fsh_len,Sex combined,41,1319,0,113.91974785208386,43
2018,fsh_len,Sex combined,43,1319,0,113.91974785208386,43
2018,fsh_len,Sex combined,45,1319,0,113.91974785208386,43
2018,fsh_len,Sex combined,47,1319,0,113.91974785208386,43
2018,fsh_len,Sex combined,49,1319,0,113.91974785208386,43
2018,fsh_len,Sex combined,51,1319,0.0038,113.91974785208386,43
2018,fsh_len,Sex combined,53,1319,0.0114,113.91974785208386,43
2018,fsh_len,Sex combined,55,1319,0.0106,113.91974785208386,43
2018,fsh_len,Sex combined,57,1319,0.022,113.91974785208386,43
2018,fsh_len,Sex combined,59,1319,0.0311,113.91974785208386,43
2018,fsh_len,Sex combined,61,1319,0.0425,113.91974785208386,43
2018,fsh_len,Sex combined,63,1319,0.0735,113.91974785208386,43
2018,fsh_len,Sex combined,65,1319,0.1001,113.91974785208386,43
2018,fsh_len,Sex combined,67,1319,0.1114,113.91974785208386,43
2018,fsh_len,Sex combined,69,1319,0.0917,113.91974785208386,43
2018,fsh_len,Sex combined,71,1319,0.094,113.91974785208386,43
2018,fsh_len,Sex combined,73,1319,0.0644,113.91974785208386,43
2018,fsh_len,Sex combined,75,1319,0.0629,113.91974785208386,43
2018,fsh_len,Sex combined,77,1319,0.0584,113.91974785208386,43
2018,fsh_len,Sex combined,79,1319,0.0531,113.91974785208386,43
2018,fsh_len,Sex combined,81,1319,0.0455,113.91974785208386,43
2018,fsh_len,Sex combined,83,1319,0.0364,113.91974785208386,43
2018,fsh_len,Sex combined,85,1319,0.0212,113.91974785208386,43
2018,fsh_len,Sex combined,87,1319,0.019,113.91974785208386,43
2018,fsh_len,Sex combined,89,1319,0.0167,113.91974785208386,43
2018,fsh_len,Sex combined,91,1319,0.0106,113.91974785208386,43
2018,fsh_len,Sex combined,93,1319,0.0061,113.91974785208386,43
2018,fsh_len,Sex combined,95,1319,0.0099,113.91974785208386,43
2018,fsh_len,Sex combined,97,1319,0.0015,113.91974785208386,43
2018,fsh_len,Sex combined,99,1319,0.0023,113.91974785208386,43
2019,fsh_len,Female,41,828,0,113.91974785208386,44
2019,fsh_len,Female,43,828,0,113.91974785208386,44
2019,fsh_len,Female,45,828,0,113.91974785208386,44
2019,fsh_len,Female,47,828,0,113.91974785208386,44
2019,fsh_len,Female,49,828,0,113.91974785208386,44
2019,fsh_len,Female,51,828,0.001208,113.91974785208386,44
2019,fsh_len,Female,53,828,0.007246,113.91974785208386,44
2019,fsh_len,Female,55,828,0.006039,113.91974785208386,44
2019,fsh_len,Female,57,828,0.022947,113.91974785208386,44
2019,fsh_len,Female,59,828,0.018116,113.91974785208386,44
2019,fsh_len,Female,61,828,0.03744,113.91974785208386,44
2019,fsh_len,Female,63,828,0.067633,113.91974785208386,44
2019,fsh_len,Female,65,828,0.082126,113.91974785208386,44
2019,fsh_len,Female,67,828,0.083333,113.91974785208386,44
2019,fsh_len,Female,69,828,0.071256,113.91974785208386,44
2019,fsh_len,Female,71,828,0.094203,113.91974785208386,44
2019,fsh_len,Female,73,828,0.097826,113.91974785208386,44
2019,fsh_len,Female,75,828,0.082126,113.91974785208386,44
2019,fsh_len,Female,77,828,0.077295,113.91974785208386,44
2019,fsh_len,Female,79,828,0.060386,113.91974785208386,44
2019,fsh_len,Female,81,828,0.066425,113.91974785208386,44
2019,fsh_len,Female,83,828,0.036232,113.91974785208386,44
2019,fsh_len,Female,85,828,0.027778,113.91974785208386,44
2019,fsh_len,Female,87,828,0.024155,113.91974785208386,44
2019,fsh_len,Female,89,828,0.008454,113.91974785208386,44
2019,fsh_len,Female,91,828,0.003623,113.91974785208386,44
2019,fsh_len,Female,93,828,0.009662,113.91974785208386,44
2019,fsh_len,Female,95,828,0.002415,113.91974785208386,44
2019,fsh_len,Female,97,828,0.006039,113.91974785208386,44
2019,fsh_len,Female,99,828,0.006039,113.91974785208386,44
2019,fsh_len,Male,41,513,0,95.99697985479706,44
2019,fsh_len,Male,43,513,0,95.99697985479706,44
2019,fsh_len,Male,45,513,0,95.99697985479706,44
2019,fsh_len,Male,47,513,0.001949,95.99697985479706,44
2019,fsh_len,Male,49,513,0.001949,95.99697985479706,44
2019,fsh_len,Male,51,513,0,95.99697985479706,44
2019,fsh_len,Male,53,513,0.003899,95.99697985479706,44
2019,fsh_len,Male,55,513,0.009747,95.99697985479706,44
2019,fsh_len,Male,57,513,0.02924,95.99697985479706,44
2019,fsh_len,Male,59,513,0.060429,95.99697985479706,44
2019,fsh_len,Male,61,513,0.064327,95.99697985479706,44
2019,fsh_len,Male,63,513,0.097466,95.99697985479706,44
2019,fsh_len,Male,65,513,0.17154,95.99697985479706,44
2019,fsh_len,Male,67,513,0.163743,95.99697985479706,44
2019,fsh_len,Male,69,513,0.146199,95.99697985479706,44
2019,fsh_len,Male,71,513,0.128655,95.99697985479706,44
2019,fsh_len,Male,73,513,0.064327,95.99697985479706,44
2019,fsh_len,Male,75,513,0.023392,95.99697985479706,44
2019,fsh_len,Male,77,513,0.007797,95.99697985479706,44
2019,fsh_len,Male,79,513,0.009747,95.99697985479706,44
2019,fsh_len,Male,81,513,0.003899,95.99697985479706,44
2019,fsh_len,Male,83,513,0.005848,95.99697985479706,44
2019,fsh_len,Male,85,513,0.001949,95.99697985479706,44
2019,fsh_len,Male,87,513,0.001949,95.99697985479706,44
2019,fsh_len,Male,89,513,0,95.99697985479706,44
2019,fsh_len,Male,91,513,0.001949,95.99697985479706,44
2019,fsh_len,Male,93,513,0,95.99697985479706,44
2019,fsh_len,Male,95,513,0,95.99697985479706,44
2019,fsh_len,Male,97,513,0,95.99697985479706,44
2019,fsh_len,Male,99,513,0,95.99697985479706,44
2019,fsh_len,Sex combined,41,1341,0,113.91974785208386,44
2019,fsh_len,Sex combined,43,1341,0,113.91974785208386,44
2019,fsh_len,Sex combined,45,1341,0,113.91974785208386,44
2019,fsh_len,Sex combined,47,1341,7e-4,113.91974785208386,44
2019,fsh_len,Sex combined,49,1341,7e-4,113.91974785208386,44
2019,fsh_len,Sex combined,51,1341,7e-4,113.91974785208386,44
2019,fsh_len,Sex combined,53,1341,0.006,113.91974785208386,44
2019,fsh_len,Sex combined,55,1341,0.0075,113.91974785208386,44
2019,fsh_len,Sex combined,57,1341,0.0254,113.91974785208386,44
2019,fsh_len,Sex combined,59,1341,0.0343,113.91974785208386,44
2019,fsh_len,Sex combined,61,1341,0.0477,113.91974785208386,44
2019,fsh_len,Sex combined,63,1341,0.079,113.91974785208386,44
2019,fsh_len,Sex combined,65,1341,0.1163,113.91974785208386,44
2019,fsh_len,Sex combined,67,1341,0.1141,113.91974785208386,44
2019,fsh_len,Sex combined,69,1341,0.0999,113.91974785208386,44
2019,fsh_len,Sex combined,71,1341,0.1074,113.91974785208386,44
2019,fsh_len,Sex combined,73,1341,0.085,113.91974785208386,44
2019,fsh_len,Sex combined,75,1341,0.0597,113.91974785208386,44
2019,fsh_len,Sex combined,77,1341,0.0507,113.91974785208386,44
2019,fsh_len,Sex combined,79,1341,0.041,113.91974785208386,44
2019,fsh_len,Sex combined,81,1341,0.0425,113.91974785208386,44
2019,fsh_len,Sex combined,83,1341,0.0246,113.91974785208386,44
2019,fsh_len,Sex combined,85,1341,0.0179,113.91974785208386,44
2019,fsh_len,Sex combined,87,1341,0.0157,113.91974785208386,44
2019,fsh_len,Sex combined,89,1341,0.0052,113.91974785208386,44
2019,fsh_len,Sex combined,91,1341,0.003,113.91974785208386,44
2019,fsh_len,Sex combined,93,1341,0.006,113.91974785208386,44
2019,fsh_len,Sex combined,95,1341,0.0015,113.91974785208386,44
2019,fsh_len,Sex combined,97,1341,0.0037,113.91974785208386,44
2019,fsh_len,Sex combined,99,1341,0.0037,113.91974785208386,44
2020,fsh_len,Female,41,782,0,113.91974785208386,45
2020,fsh_len,Female,43,782,0,113.91974785208386,45
2020,fsh_len,Female,45,782,0,113.91974785208386,45
2020,fsh_len,Female,47,782,0,113.91974785208386,45
2020,fsh_len,Female,49,782,0,113.91974785208386,45
2020,fsh_len,Female,51,782,0.001279,113.91974785208386,45
2020,fsh_len,Female,53,782,0.011509,113.91974785208386,45
2020,fsh_len,Female,55,782,0.021739,113.91974785208386,45
2020,fsh_len,Female,57,782,0.038363,113.91974785208386,45
2020,fsh_len,Female,59,782,0.035806,113.91974785208386,45
2020,fsh_len,Female,61,782,0.084399,113.91974785208386,45
2020,fsh_len,Female,63,782,0.107417,113.91974785208386,45
2020,fsh_len,Female,65,782,0.089514,113.91974785208386,45
2020,fsh_len,Female,67,782,0.11509,113.91974785208386,45
2020,fsh_len,Female,69,782,0.080563,113.91974785208386,45
2020,fsh_len,Female,71,782,0.067775,113.91974785208386,45
2020,fsh_len,Female,73,782,0.051151,113.91974785208386,45
2020,fsh_len,Female,75,782,0.048593,113.91974785208386,45
2020,fsh_len,Female,77,782,0.049872,113.91974785208386,45
2020,fsh_len,Female,79,782,0.056266,113.91974785208386,45
2020,fsh_len,Female,81,782,0.042199,113.91974785208386,45
2020,fsh_len,Female,83,782,0.031969,113.91974785208386,45
2020,fsh_len,Female,85,782,0.019182,113.91974785208386,45
2020,fsh_len,Female,87,782,0.012788,113.91974785208386,45
2020,fsh_len,Female,89,782,0.012788,113.91974785208386,45
2020,fsh_len,Female,91,782,0.003836,113.91974785208386,45
2020,fsh_len,Female,93,782,0.006394,113.91974785208386,45
2020,fsh_len,Female,95,782,0.003836,113.91974785208386,45
2020,fsh_len,Female,97,782,0.002558,113.91974785208386,45
2020,fsh_len,Female,99,782,0.005115,113.91974785208386,45
2020,fsh_len,Male,41,511,0,95.99697985479706,45
2020,fsh_len,Male,43,511,0,95.99697985479706,45
2020,fsh_len,Male,45,511,0,95.99697985479706,45
2020,fsh_len,Male,47,511,0,95.99697985479706,45
2020,fsh_len,Male,49,511,0,95.99697985479706,45
2020,fsh_len,Male,51,511,0.003914,95.99697985479706,45
2020,fsh_len,Male,53,511,0.005871,95.99697985479706,45
2020,fsh_len,Male,55,511,0.009785,95.99697985479706,45
2020,fsh_len,Male,57,511,0.060665,95.99697985479706,45
2020,fsh_len,Male,59,511,0.091977,95.99697985479706,45
2020,fsh_len,Male,61,511,0.107632,95.99697985479706,45
2020,fsh_len,Male,63,511,0.11546,95.99697985479706,45
2020,fsh_len,Male,65,511,0.154599,95.99697985479706,45
2020,fsh_len,Male,67,511,0.1409,95.99697985479706,45
2020,fsh_len,Male,69,511,0.158513,95.99697985479706,45
2020,fsh_len,Male,71,511,0.068493,95.99697985479706,45
2020,fsh_len,Male,73,511,0.043053,95.99697985479706,45
2020,fsh_len,Male,75,511,0.023483,95.99697985479706,45
2020,fsh_len,Male,77,511,0.009785,95.99697985479706,45
2020,fsh_len,Male,79,511,0.003914,95.99697985479706,45
2020,fsh_len,Male,81,511,0.001957,95.99697985479706,45
2020,fsh_len,Male,83,511,0,95.99697985479706,45
2020,fsh_len,Male,85,511,0,95.99697985479706,45
2020,fsh_len,Male,87,511,0,95.99697985479706,45
2020,fsh_len,Male,89,511,0,95.99697985479706,45
2020,fsh_len,Male,91,511,0,95.99697985479706,45
2020,fsh_len,Male,93,511,0,95.99697985479706,45
2020,fsh_len,Male,95,511,0,95.99697985479706,45
2020,fsh_len,Male,97,511,0,95.99697985479706,45
2020,fsh_len,Male,99,511,0,95.99697985479706,45
2020,fsh_len,Sex combined,41,1293,0,113.91974785208386,45
2020,fsh_len,Sex combined,43,1293,0,113.91974785208386,45
2020,fsh_len,Sex combined,45,1293,0,113.91974785208386,45
2020,fsh_len,Sex combined,47,1293,0,113.91974785208386,45
2020,fsh_len,Sex combined,49,1293,0,113.91974785208386,45
2020,fsh_len,Sex combined,51,1293,0.0023,113.91974785208386,45
2020,fsh_len,Sex combined,53,1293,0.0093,113.91974785208386,45
2020,fsh_len,Sex combined,55,1293,0.017,113.91974785208386,45
2020,fsh_len,Sex combined,57,1293,0.0472,113.91974785208386,45
2020,fsh_len,Sex combined,59,1293,0.058,113.91974785208386,45
2020,fsh_len,Sex combined,61,1293,0.0936,113.91974785208386,45
2020,fsh_len,Sex combined,63,1293,0.1106,113.91974785208386,45
2020,fsh_len,Sex combined,65,1293,0.1152,113.91974785208386,45
2020,fsh_len,Sex combined,67,1293,0.1253,113.91974785208386,45
2020,fsh_len,Sex combined,69,1293,0.1114,113.91974785208386,45
2020,fsh_len,Sex combined,71,1293,0.0681,113.91974785208386,45
2020,fsh_len,Sex combined,73,1293,0.048,113.91974785208386,45
2020,fsh_len,Sex combined,75,1293,0.0387,113.91974785208386,45
2020,fsh_len,Sex combined,77,1293,0.034,113.91974785208386,45
2020,fsh_len,Sex combined,79,1293,0.0356,113.91974785208386,45
2020,fsh_len,Sex combined,81,1293,0.0263,113.91974785208386,45
2020,fsh_len,Sex combined,83,1293,0.0193,113.91974785208386,45
2020,fsh_len,Sex combined,85,1293,0.0116,113.91974785208386,45
2020,fsh_len,Sex combined,87,1293,0.0077,113.91974785208386,45
2020,fsh_len,Sex combined,89,1293,0.0077,113.91974785208386,45
2020,fsh_len,Sex combined,91,1293,0.0023,113.91974785208386,45
2020,fsh_len,Sex combined,93,1293,0.0039,113.91974785208386,45
2020,fsh_len,Sex combined,95,1293,0.0023,113.91974785208386,45
2020,fsh_len,Sex combined,97,1293,0.0015,113.91974785208386,45
2020,fsh_len,Sex combined,99,1293,0.0031,113.91974785208386,45
2021,fsh_len,Female,41,498,0,113.91974785208386,46
2021,fsh_len,Female,43,498,0,113.91974785208386,46
2021,fsh_len,Female,45,498,0,113.91974785208386,46
2021,fsh_len,Female,47,498,0,113.91974785208386,46
2021,fsh_len,Female,49,498,0.002008,113.91974785208386,46
2021,fsh_len,Female,51,498,0.002008,113.91974785208386,46
2021,fsh_len,Female,53,498,0.008032,113.91974785208386,46
2021,fsh_len,Female,55,498,0.02008,113.91974785208386,46
2021,fsh_len,Female,57,498,0.040161,113.91974785208386,46
2021,fsh_len,Female,59,498,0.046185,113.91974785208386,46
2021,fsh_len,Female,61,498,0.080321,113.91974785208386,46
2021,fsh_len,Female,63,498,0.124498,113.91974785208386,46
2021,fsh_len,Female,65,498,0.100402,113.91974785208386,46
2021,fsh_len,Female,67,498,0.114458,113.91974785208386,46
2021,fsh_len,Female,69,498,0.070281,113.91974785208386,46
2021,fsh_len,Female,71,498,0.066265,113.91974785208386,46
2021,fsh_len,Female,73,498,0.066265,113.91974785208386,46
2021,fsh_len,Female,75,498,0.058233,113.91974785208386,46
2021,fsh_len,Female,77,498,0.038153,113.91974785208386,46
2021,fsh_len,Female,79,498,0.034137,113.91974785208386,46
2021,fsh_len,Female,81,498,0.028112,113.91974785208386,46
2021,fsh_len,Female,83,498,0.022088,113.91974785208386,46
2021,fsh_len,Female,85,498,0.026104,113.91974785208386,46
2021,fsh_len,Female,87,498,0.018072,113.91974785208386,46
2021,fsh_len,Female,89,498,0.014056,113.91974785208386,46
2021,fsh_len,Female,91,498,0.006024,113.91974785208386,46
2021,fsh_len,Female,93,498,0.002008,113.91974785208386,46
2021,fsh_len,Female,95,498,0.004016,113.91974785208386,46
2021,fsh_len,Female,97,498,0,113.91974785208386,46
2021,fsh_len,Female,99,498,0.008032,113.91974785208386,46
2021,fsh_len,Male,41,239,0,95.99697985479706,46
2021,fsh_len,Male,43,239,0,95.99697985479706,46
2021,fsh_len,Male,45,239,0,95.99697985479706,46
2021,fsh_len,Male,47,239,0,95.99697985479706,46
2021,fsh_len,Male,49,239,0,95.99697985479706,46
2021,fsh_len,Male,51,239,0.008368,95.99697985479706,46
2021,fsh_len,Male,53,239,0.016736,95.99697985479706,46
2021,fsh_len,Male,55,239,0.037657,95.99697985479706,46
2021,fsh_len,Male,57,239,0.083682,95.99697985479706,46
2021,fsh_len,Male,59,239,0.125523,95.99697985479706,46
2021,fsh_len,Male,61,239,0.104603,95.99697985479706,46
2021,fsh_len,Male,63,239,0.150628,95.99697985479706,46
2021,fsh_len,Male,65,239,0.079498,95.99697985479706,46
2021,fsh_len,Male,67,239,0.121339,95.99697985479706,46
2021,fsh_len,Male,69,239,0.075314,95.99697985479706,46
2021,fsh_len,Male,71,239,0.079498,95.99697985479706,46
2021,fsh_len,Male,73,239,0.041841,95.99697985479706,46
2021,fsh_len,Male,75,239,0.033473,95.99697985479706,46
2021,fsh_len,Male,77,239,0.029289,95.99697985479706,46
2021,fsh_len,Male,79,239,0.004184,95.99697985479706,46
2021,fsh_len,Male,81,239,0.008368,95.99697985479706,46
2021,fsh_len,Male,83,239,0,95.99697985479706,46
2021,fsh_len,Male,85,239,0,95.99697985479706,46
2021,fsh_len,Male,87,239,0,95.99697985479706,46
2021,fsh_len,Male,89,239,0,95.99697985479706,46
2021,fsh_len,Male,91,239,0,95.99697985479706,46
2021,fsh_len,Male,93,239,0,95.99697985479706,46
2021,fsh_len,Male,95,239,0,95.99697985479706,46
2021,fsh_len,Male,97,239,0,95.99697985479706,46
2021,fsh_len,Male,99,239,0,95.99697985479706,46
2021,fsh_len,Sex combined,41,737,0,113.91974785208386,46
2021,fsh_len,Sex combined,43,737,0,113.91974785208386,46
2021,fsh_len,Sex combined,45,737,0,113.91974785208386,46
2021,fsh_len,Sex combined,47,737,0,113.91974785208386,46
2021,fsh_len,Sex combined,49,737,0.0014,113.91974785208386,46
2021,fsh_len,Sex combined,51,737,0.0041,113.91974785208386,46
2021,fsh_len,Sex combined,53,737,0.0109,113.91974785208386,46
2021,fsh_len,Sex combined,55,737,0.0258,113.91974785208386,46
2021,fsh_len,Sex combined,57,737,0.0543,113.91974785208386,46
2021,fsh_len,Sex combined,59,737,0.0719,113.91974785208386,46
2021,fsh_len,Sex combined,61,737,0.0882,113.91974785208386,46
2021,fsh_len,Sex combined,63,737,0.133,113.91974785208386,46
2021,fsh_len,Sex combined,65,737,0.0936,113.91974785208386,46
2021,fsh_len,Sex combined,67,737,0.1167,113.91974785208386,46
2021,fsh_len,Sex combined,69,737,0.0719,113.91974785208386,46
2021,fsh_len,Sex combined,71,737,0.0706,113.91974785208386,46
2021,fsh_len,Sex combined,73,737,0.0583,113.91974785208386,46
2021,fsh_len,Sex combined,75,737,0.0502,113.91974785208386,46
2021,fsh_len,Sex combined,77,737,0.0353,113.91974785208386,46
2021,fsh_len,Sex combined,79,737,0.0244,113.91974785208386,46
2021,fsh_len,Sex combined,81,737,0.0217,113.91974785208386,46
2021,fsh_len,Sex combined,83,737,0.0149,113.91974785208386,46
2021,fsh_len,Sex combined,85,737,0.0176,113.91974785208386,46
2021,fsh_len,Sex combined,87,737,0.0122,113.91974785208386,46
2021,fsh_len,Sex combined,89,737,0.0095,113.91974785208386,46
2021,fsh_len,Sex combined,91,737,0.0041,113.91974785208386,46
2021,fsh_len,Sex combined,93,737,0.0014,113.91974785208386,46
2021,fsh_len,Sex combined,95,737,0.0027,113.91974785208386,46
2021,fsh_len,Sex combined,97,737,0,113.91974785208386,46
2021,fsh_len,Sex combined,99,737,0.0054,113.91974785208386,46
2022,fsh_len,Female,41,818,0,113.91974785208386,47
2022,fsh_len,Female,43,818,0,113.91974785208386,47
2022,fsh_len,Female,45,818,0,113.91974785208386,47
2022,fsh_len,Female,47,818,0.001222,113.91974785208386,47
2022,fsh_len,Female,49,818,0.001222,113.91974785208386,47
2022,fsh_len,Female,51,818,0.003667,113.91974785208386,47
2022,fsh_len,Female,53,818,0.003667,113.91974785208386,47
2022,fsh_len,Female,55,818,0.013447,113.91974785208386,47
2022,fsh_len,Female,57,818,0.022005,113.91974785208386,47
2022,fsh_len,Female,59,818,0.040342,113.91974785208386,47
2022,fsh_len,Female,61,818,0.064792,113.91974785208386,47
2022,fsh_len,Female,63,818,0.111247,113.91974785208386,47
2022,fsh_len,Female,65,818,0.125917,113.91974785208386,47
2022,fsh_len,Female,67,818,0.127139,113.91974785208386,47
2022,fsh_len,Female,69,818,0.075795,113.91974785208386,47
2022,fsh_len,Female,71,818,0.079462,113.91974785208386,47
2022,fsh_len,Female,73,818,0.070905,113.91974785208386,47
2022,fsh_len,Female,75,818,0.051345,113.91974785208386,47
2022,fsh_len,Female,77,818,0.04401,113.91974785208386,47
2022,fsh_len,Female,79,818,0.04401,113.91974785208386,47
2022,fsh_len,Female,81,818,0.02934,113.91974785208386,47
2022,fsh_len,Female,83,818,0.02934,113.91974785208386,47
2022,fsh_len,Female,85,818,0.015892,113.91974785208386,47
2022,fsh_len,Female,87,818,0.017115,113.91974785208386,47
2022,fsh_len,Female,89,818,0.007335,113.91974785208386,47
2022,fsh_len,Female,91,818,0.007335,113.91974785208386,47
2022,fsh_len,Female,93,818,0.002445,113.91974785208386,47
2022,fsh_len,Female,95,818,0.00489,113.91974785208386,47
2022,fsh_len,Female,97,818,0.003667,113.91974785208386,47
2022,fsh_len,Female,99,818,0.002445,113.91974785208386,47
2022,fsh_len,Male,41,317,0,95.99697985479706,47
2022,fsh_len,Male,43,317,0,95.99697985479706,47
2022,fsh_len,Male,45,317,0,95.99697985479706,47
2022,fsh_len,Male,47,317,0,95.99697985479706,47
2022,fsh_len,Male,49,317,0,95.99697985479706,47
2022,fsh_len,Male,51,317,0.003155,95.99697985479706,47
2022,fsh_len,Male,53,317,0.015773,95.99697985479706,47
2022,fsh_len,Male,55,317,0.022082,95.99697985479706,47
2022,fsh_len,Male,57,317,0.07571,95.99697985479706,47
2022,fsh_len,Male,59,317,0.113565,95.99697985479706,47
2022,fsh_len,Male,61,317,0.107256,95.99697985479706,47
2022,fsh_len,Male,63,317,0.116719,95.99697985479706,47
2022,fsh_len,Male,65,317,0.091483,95.99697985479706,47
2022,fsh_len,Male,67,317,0.113565,95.99697985479706,47
2022,fsh_len,Male,69,317,0.135647,95.99697985479706,47
2022,fsh_len,Male,71,317,0.100946,95.99697985479706,47
2022,fsh_len,Male,73,317,0.044164,95.99697985479706,47
2022,fsh_len,Male,75,317,0.037855,95.99697985479706,47
2022,fsh_len,Male,77,317,0.012618,95.99697985479706,47
2022,fsh_len,Male,79,317,0.003155,95.99697985479706,47
2022,fsh_len,Male,81,317,0.006309,95.99697985479706,47
2022,fsh_len,Male,83,317,0,95.99697985479706,47
2022,fsh_len,Male,85,317,0,95.99697985479706,47
2022,fsh_len,Male,87,317,0,95.99697985479706,47
2022,fsh_len,Male,89,317,0,95.99697985479706,47
2022,fsh_len,Male,91,317,0,95.99697985479706,47
2022,fsh_len,Male,93,317,0,95.99697985479706,47
2022,fsh_len,Male,95,317,0,95.99697985479706,47
2022,fsh_len,Male,97,317,0,95.99697985479706,47
2022,fsh_len,Male,99,317,0,95.99697985479706,47
2022,fsh_len,Sex combined,41,1135,0,113.91974785208386,47
2022,fsh_len,Sex combined,43,1135,0,113.91974785208386,47
2022,fsh_len,Sex combined,45,1135,0,113.91974785208386,47
2022,fsh_len,Sex combined,47,1135,9e-4,113.91974785208386,47
2022,fsh_len,Sex combined,49,1135,9e-4,113.91974785208386,47
2022,fsh_len,Sex combined,51,1135,0.0035,113.91974785208386,47
2022,fsh_len,Sex combined,53,1135,0.007,113.91974785208386,47
2022,fsh_len,Sex combined,55,1135,0.0159,113.91974785208386,47
2022,fsh_len,Sex combined,57,1135,0.037,113.91974785208386,47
2022,fsh_len,Sex combined,59,1135,0.0608,113.91974785208386,47
2022,fsh_len,Sex combined,61,1135,0.0767,113.91974785208386,47
2022,fsh_len,Sex combined,63,1135,0.1128,113.91974785208386,47
2022,fsh_len,Sex combined,65,1135,0.1163,113.91974785208386,47
2022,fsh_len,Sex combined,67,1135,0.1233,113.91974785208386,47
2022,fsh_len,Sex combined,69,1135,0.0925,113.91974785208386,47
2022,fsh_len,Sex combined,71,1135,0.0855,113.91974785208386,47
2022,fsh_len,Sex combined,73,1135,0.0634,113.91974785208386,47
2022,fsh_len,Sex combined,75,1135,0.0476,113.91974785208386,47
2022,fsh_len,Sex combined,77,1135,0.0352,113.91974785208386,47
2022,fsh_len,Sex combined,79,1135,0.0326,113.91974785208386,47
2022,fsh_len,Sex combined,81,1135,0.0229,113.91974785208386,47
2022,fsh_len,Sex combined,83,1135,0.0211,113.91974785208386,47
2022,fsh_len,Sex combined,85,1135,0.0115,113.91974785208386,47
2022,fsh_len,Sex combined,87,1135,0.0123,113.91974785208386,47
2022,fsh_len,Sex combined,89,1135,0.0053,113.91974785208386,47
2022,fsh_len,Sex combined,91,1135,0.0053,113.91974785208386,47
2022,fsh_len,Sex combined,93,1135,0.0018,113.91974785208386,47
2022,fsh_len,Sex combined,95,1135,0.0035,113.91974785208386,47
2022,fsh_len,Sex combined,97,1135,0.0026,113.91974785208386,47
2022,fsh_len,Sex combined,99,1135,0.0018,113.91974785208386,47
2023,fsh_len,Female,41,568,0,113.91974785208386,48
2023,fsh_len,Female,43,568,0,113.91974785208386,48
2023,fsh_len,Female,45,568,0,113.91974785208386,48
2023,fsh_len,Female,47,568,0,113.91974785208386,48
2023,fsh_len,Female,49,568,0,113.91974785208386,48
2023,fsh_len,Female,51,568,0.001761,113.91974785208386,48
2023,fsh_len,Female,53,568,0.005282,113.91974785208386,48
2023,fsh_len,Female,55,568,0.012324,113.91974785208386,48
2023,fsh_len,Female,57,568,0.035211,113.91974785208386,48
2023,fsh_len,Female,59,568,0.047535,113.91974785208386,48
2023,fsh_len,Female,61,568,0.077465,113.91974785208386,48
2023,fsh_len,Female,63,568,0.116197,113.91974785208386,48
2023,fsh_len,Female,65,568,0.144366,113.91974785208386,48
2023,fsh_len,Female,67,568,0.126761,113.91974785208386,48
2023,fsh_len,Female,69,568,0.086268,113.91974785208386,48
2023,fsh_len,Female,71,568,0.068662,113.91974785208386,48
2023,fsh_len,Female,73,568,0.077465,113.91974785208386,48
2023,fsh_len,Female,75,568,0.06338,113.91974785208386,48
2023,fsh_len,Female,77,568,0.03169,113.91974785208386,48
2023,fsh_len,Female,79,568,0.021127,113.91974785208386,48
2023,fsh_len,Female,81,568,0.02993,113.91974785208386,48
2023,fsh_len,Female,83,568,0.022887,113.91974785208386,48
2023,fsh_len,Female,85,568,0.010563,113.91974785208386,48
2023,fsh_len,Female,87,568,0.008803,113.91974785208386,48
2023,fsh_len,Female,89,568,0.005282,113.91974785208386,48
2023,fsh_len,Female,91,568,0.003521,113.91974785208386,48
2023,fsh_len,Female,93,568,0.001761,113.91974785208386,48
2023,fsh_len,Female,95,568,0.001761,113.91974785208386,48
2023,fsh_len,Female,97,568,0,113.91974785208386,48
2023,fsh_len,Female,99,568,0,113.91974785208386,48
2023,fsh_len,Male,41,319,0,95.99697985479706,48
2023,fsh_len,Male,43,319,0,95.99697985479706,48
2023,fsh_len,Male,45,319,0,95.99697985479706,48
2023,fsh_len,Male,47,319,0,95.99697985479706,48
2023,fsh_len,Male,49,319,0,95.99697985479706,48
2023,fsh_len,Male,51,319,0.009404,95.99697985479706,48
2023,fsh_len,Male,53,319,0.015674,95.99697985479706,48
2023,fsh_len,Male,55,319,0.040752,95.99697985479706,48
2023,fsh_len,Male,57,319,0.097179,95.99697985479706,48
2023,fsh_len,Male,59,319,0.112853,95.99697985479706,48
2023,fsh_len,Male,61,319,0.134796,95.99697985479706,48
2023,fsh_len,Male,63,319,0.137931,95.99697985479706,48
2023,fsh_len,Male,65,319,0.137931,95.99697985479706,48
2023,fsh_len,Male,67,319,0.106583,95.99697985479706,48
2023,fsh_len,Male,69,319,0.122257,95.99697985479706,48
2023,fsh_len,Male,71,319,0.034483,95.99697985479706,48
2023,fsh_len,Male,73,319,0.040752,95.99697985479706,48
2023,fsh_len,Male,75,319,0.00627,95.99697985479706,48
2023,fsh_len,Male,77,319,0.003135,95.99697985479706,48
2023,fsh_len,Male,79,319,0,95.99697985479706,48
2023,fsh_len,Male,81,319,0,95.99697985479706,48
2023,fsh_len,Male,83,319,0,95.99697985479706,48
2023,fsh_len,Male,85,319,0,95.99697985479706,48
2023,fsh_len,Male,87,319,0,95.99697985479706,48
2023,fsh_len,Male,89,319,0,95.99697985479706,48
2023,fsh_len,Male,91,319,0,95.99697985479706,48
2023,fsh_len,Male,93,319,0,95.99697985479706,48
2023,fsh_len,Male,95,319,0,95.99697985479706,48
2023,fsh_len,Male,97,319,0,95.99697985479706,48
2023,fsh_len,Male,99,319,0,95.99697985479706,48
2023,fsh_len,Sex combined,41,887,0,113.91974785208386,48
2023,fsh_len,Sex combined,43,887,0,113.91974785208386,48
2023,fsh_len,Sex combined,45,887,0,113.91974785208386,48
2023,fsh_len,Sex combined,47,887,0,113.91974785208386,48
2023,fsh_len,Sex combined,49,887,0,113.91974785208386,48
2023,fsh_len,Sex combined,51,887,0.0045,113.91974785208386,48
2023,fsh_len,Sex combined,53,887,0.009,113.91974785208386,48
2023,fsh_len,Sex combined,55,887,0.0225,113.91974785208386,48
2023,fsh_len,Sex combined,57,887,0.0575,113.91974785208386,48
2023,fsh_len,Sex combined,59,887,0.071,113.91974785208386,48
2023,fsh_len,Sex combined,61,887,0.0981,113.91974785208386,48
2023,fsh_len,Sex combined,63,887,0.124,113.91974785208386,48
2023,fsh_len,Sex combined,65,887,0.1421,113.91974785208386,48
2023,fsh_len,Sex combined,67,887,0.1195,113.91974785208386,48
2023,fsh_len,Sex combined,69,887,0.0992,113.91974785208386,48
2023,fsh_len,Sex combined,71,887,0.0564,113.91974785208386,48
2023,fsh_len,Sex combined,73,887,0.0643,113.91974785208386,48
2023,fsh_len,Sex combined,75,887,0.0428,113.91974785208386,48
2023,fsh_len,Sex combined,77,887,0.0214,113.91974785208386,48
2023,fsh_len,Sex combined,79,887,0.0135,113.91974785208386,48
2023,fsh_len,Sex combined,81,887,0.0192,113.91974785208386,48
2023,fsh_len,Sex combined,83,887,0.0147,113.91974785208386,48
2023,fsh_len,Sex combined,85,887,0.0068,113.91974785208386,48
2023,fsh_len,Sex combined,87,887,0.0056,113.91974785208386,48
2023,fsh_len,Sex combined,89,887,0.0034,113.91974785208386,48
2023,fsh_len,Sex combined,91,887,0.0023,113.91974785208386,48
2023,fsh_len,Sex combined,93,887,0.0011,113.91974785208386,48
2023,fsh_len,Sex combined,95,887,0.0011,113.91974785208386,48
2023,fsh_len,Sex combined,97,887,0,113.91974785208386,48
2023,fsh_len,Sex combined,99,887,0,113.91974785208386,48
2024,fsh_len,Female,41,1836,0,113.91974785208386,49
2024,fsh_len,Female,43,1836,0,113.91974785208386,49
2024,fsh_len,Female,45,1836,0,113.91974785208386,49
2024,fsh_len,Female,47,1836,0,113.91974785208386,49
2024,fsh_len,Female,49,1836,0,113.91974785208386,49
2024,fsh_len,Female,51,1836,0,113.91974785208386,49
2024,fsh_len,Female,53,1836,0.005447,113.91974785208386,49
2024,fsh_len,Female,55,1836,0.008715,113.91974785208386,49
2024,fsh_len,Female,57,1836,0.020697,113.91974785208386,49
2024,fsh_len,Female,59,1836,0.03268,113.91974785208386,49
2024,fsh_len,Female,61,1836,0.061002,113.91974785208386,49
2024,fsh_len,Female,63,1836,0.111111,113.91974785208386,49
2024,fsh_len,Female,65,1836,0.139434,113.91974785208386,49
2024,fsh_len,Female,67,1836,0.12963,113.91974785208386,49
2024,fsh_len,Female,69,1836,0.102397,113.91974785208386,49
2024,fsh_len,Female,71,1836,0.115468,113.91974785208386,49
2024,fsh_len,Female,73,1836,0.059913,113.91974785208386,49
2024,fsh_len,Female,75,1836,0.062092,113.91974785208386,49
2024,fsh_len,Female,77,1836,0.037037,113.91974785208386,49
2024,fsh_len,Female,79,1836,0.026144,113.91974785208386,49
2024,fsh_len,Female,81,1836,0.029412,113.91974785208386,49
2024,fsh_len,Female,83,1836,0.017429,113.91974785208386,49
2024,fsh_len,Female,85,1836,0.013072,113.91974785208386,49
2024,fsh_len,Female,87,1836,0.006536,113.91974785208386,49
2024,fsh_len,Female,89,1836,0.007625,113.91974785208386,49
2024,fsh_len,Female,91,1836,0.002179,113.91974785208386,49
2024,fsh_len,Female,93,1836,0.005447,113.91974785208386,49
2024,fsh_len,Female,95,1836,0.003268,113.91974785208386,49
2024,fsh_len,Female,97,1836,0.002179,113.91974785208386,49
2024,fsh_len,Female,99,1836,0.001089,113.91974785208386,49
2024,fsh_len,Male,41,772,0,95.99697985479706,49
2024,fsh_len,Male,43,772,0,95.99697985479706,49
2024,fsh_len,Male,45,772,0,95.99697985479706,49
2024,fsh_len,Male,47,772,0,95.99697985479706,49
2024,fsh_len,Male,49,772,0,95.99697985479706,49
2024,fsh_len,Male,51,772,0,95.99697985479706,49
2024,fsh_len,Male,53,772,0.015544,95.99697985479706,49
2024,fsh_len,Male,55,772,0.036269,95.99697985479706,49
2024,fsh_len,Male,57,772,0.095855,95.99697985479706,49
2024,fsh_len,Male,59,772,0.137306,95.99697985479706,49
2024,fsh_len,Male,61,772,0.160622,95.99697985479706,49
2024,fsh_len,Male,63,772,0.129534,95.99697985479706,49
2024,fsh_len,Male,65,772,0.121762,95.99697985479706,49
2024,fsh_len,Male,67,772,0.111399,95.99697985479706,49
2024,fsh_len,Male,69,772,0.093264,95.99697985479706,49
2024,fsh_len,Male,71,772,0.056995,95.99697985479706,49
2024,fsh_len,Male,73,772,0.020725,95.99697985479706,49
2024,fsh_len,Male,75,772,0.018135,95.99697985479706,49
2024,fsh_len,Male,77,772,0.002591,95.99697985479706,49
2024,fsh_len,Male,79,772,0,95.99697985479706,49
2024,fsh_len,Male,81,772,0,95.99697985479706,49
2024,fsh_len,Male,83,772,0,95.99697985479706,49
2024,fsh_len,Male,85,772,0,95.99697985479706,49
2024,fsh_len,Male,87,772,0,95.99697985479706,49
2024,fsh_len,Male,89,772,0,95.99697985479706,49
2024,fsh_len,Male,91,772,0,95.99697985479706,49
2024,fsh_len,Male,93,772,0,95.99697985479706,49
2024,fsh_len,Male,95,772,0,95.99697985479706,49
2024,fsh_len,Male,97,772,0,95.99697985479706,49
2024,fsh_len,Male,99,772,0,95.99697985479706,49
2024,fsh_len,Sex combined,41,2608,0,113.91974785208386,49
2024,fsh_len,Sex combined,43,2608,0,113.91974785208386,49
2024,fsh_len,Sex combined,45,2608,0,113.91974785208386,49
2024,fsh_len,Sex combined,47,2608,0,113.91974785208386,49
2024,fsh_len,Sex combined,49,2608,0,113.91974785208386,49
2024,fsh_len,Sex combined,51,2608,0,113.91974785208386,49
2024,fsh_len,Sex combined,53,2608,0.0084,113.91974785208386,49
2024,fsh_len,Sex combined,55,2608,0.0169,113.91974785208386,49
2024,fsh_len,Sex combined,57,2608,0.0429,113.91974785208386,49
2024,fsh_len,Sex combined,59,2608,0.0637,113.91974785208386,49
2024,fsh_len,Sex combined,61,2608,0.0905,113.91974785208386,49
2024,fsh_len,Sex combined,63,2608,0.1166,113.91974785208386,49
2024,fsh_len,Sex combined,65,2608,0.1342,113.91974785208386,49
2024,fsh_len,Sex combined,67,2608,0.1242,113.91974785208386,49
2024,fsh_len,Sex combined,69,2608,0.0997,113.91974785208386,49
2024,fsh_len,Sex combined,71,2608,0.0982,113.91974785208386,49
2024,fsh_len,Sex combined,73,2608,0.0483,113.91974785208386,49
2024,fsh_len,Sex combined,75,2608,0.0491,113.91974785208386,49
2024,fsh_len,Sex combined,77,2608,0.0268,113.91974785208386,49
2024,fsh_len,Sex combined,79,2608,0.0184,113.91974785208386,49
2024,fsh_len,Sex combined,81,2608,0.0207,113.91974785208386,49
2024,fsh_len,Sex combined,83,2608,0.0123,113.91974785208386,49
2024,fsh_len,Sex combined,85,2608,0.0092,113.91974785208386,49
2024,fsh_len,Sex combined,87,2608,0.0046,113.91974785208386,49
2024,fsh_len,Sex combined,89,2608,0.0054,113.91974785208386,49
2024,fsh_len,Sex combined,91,2608,0.0015,113.91974785208386,49
2024,fsh_len,Sex combined,93,2608,0.0038,113.91974785208386,49
2024,fsh_len,Sex combined,95,2608,0.0023,113.91974785208386,49
2024,fsh_len,Sex combined,97,2608,0.0015,113.91974785208386,49
2024,fsh_len,Sex combined,99,2608,8e-4,113.91974785208386,49
2025,fsh_len,Female,41,1103,0,113.91974785208386,50
2025,fsh_len,Female,43,1103,0,113.91974785208386,50
2025,fsh_len,Female,45,1103,9.07e-4,113.91974785208386,50
2025,fsh_len,Female,47,1103,0,113.91974785208386,50
2025,fsh_len,Female,49,1103,0,113.91974785208386,50
2025,fsh_len,Female,51,1103,0,113.91974785208386,50
2025,fsh_len,Female,53,1103,0.001813,113.91974785208386,50
2025,fsh_len,Female,55,1103,0.00544,113.91974785208386,50
2025,fsh_len,Female,57,1103,0.014506,113.91974785208386,50
2025,fsh_len,Female,59,1103,0.026292,113.91974785208386,50
2025,fsh_len,Female,61,1103,0.070716,113.91974785208386,50
2025,fsh_len,Female,63,1103,0.122393,113.91974785208386,50
2025,fsh_len,Female,65,1103,0.18223,113.91974785208386,50
2025,fsh_len,Female,67,1103,0.162285,113.91974785208386,50
2025,fsh_len,Female,69,1103,0.108794,113.91974785208386,50
2025,fsh_len,Female,71,1103,0.100635,113.91974785208386,50
2025,fsh_len,Female,73,1103,0.065277,113.91974785208386,50
2025,fsh_len,Female,75,1103,0.038078,113.91974785208386,50
2025,fsh_len,Female,77,1103,0.025385,113.91974785208386,50
2025,fsh_len,Female,79,1103,0.029918,113.91974785208386,50
2025,fsh_len,Female,81,1103,0.009973,113.91974785208386,50
2025,fsh_len,Female,83,1103,0.00544,113.91974785208386,50
2025,fsh_len,Female,85,1103,0.013599,113.91974785208386,50
2025,fsh_len,Female,87,1103,0.004533,113.91974785208386,50
2025,fsh_len,Female,89,1103,9.07e-4,113.91974785208386,50
2025,fsh_len,Female,91,1103,0.00272,113.91974785208386,50
2025,fsh_len,Female,93,1103,0.003626,113.91974785208386,50
2025,fsh_len,Female,95,1103,9.07e-4,113.91974785208386,50
2025,fsh_len,Female,97,1103,0.001813,113.91974785208386,50
2025,fsh_len,Female,99,1103,0.001813,113.91974785208386,50
2025,fsh_len,Male,41,562,0,95.99697985479706,50
2025,fsh_len,Male,43,562,0,95.99697985479706,50
2025,fsh_len,Male,45,562,0,95.99697985479706,50
2025,fsh_len,Male,47,562,0,95.99697985479706,50
2025,fsh_len,Male,49,562,0,95.99697985479706,50
2025,fsh_len,Male,51,562,0.001779,95.99697985479706,50
2025,fsh_len,Male,53,562,0.001779,95.99697985479706,50
2025,fsh_len,Male,55,562,0.021352,95.99697985479706,50
2025,fsh_len,Male,57,562,0.065836,95.99697985479706,50
2025,fsh_len,Male,59,562,0.181495,95.99697985479706,50
2025,fsh_len,Male,61,562,0.208185,95.99697985479706,50
2025,fsh_len,Male,63,562,0.186833,95.99697985479706,50
2025,fsh_len,Male,65,562,0.122776,95.99697985479706,50
2025,fsh_len,Male,67,562,0.08363,95.99697985479706,50
2025,fsh_len,Male,69,562,0.053381,95.99697985479706,50
2025,fsh_len,Male,71,562,0.02847,95.99697985479706,50
2025,fsh_len,Male,73,562,0.023132,95.99697985479706,50
2025,fsh_len,Male,75,562,0.008897,95.99697985479706,50
2025,fsh_len,Male,77,562,0.008897,95.99697985479706,50
2025,fsh_len,Male,79,562,0.001779,95.99697985479706,50
2025,fsh_len,Male,81,562,0,95.99697985479706,50
2025,fsh_len,Male,83,562,0.001779,95.99697985479706,50
2025,fsh_len,Male,85,562,0,95.99697985479706,50
2025,fsh_len,Male,87,562,0,95.99697985479706,50
2025,fsh_len,Male,89,562,0,95.99697985479706,50
2025,fsh_len,Male,91,562,0,95.99697985479706,50
2025,fsh_len,Male,93,562,0,95.99697985479706,50
2025,fsh_len,Male,95,562,0,95.99697985479706,50
2025,fsh_len,Male,97,562,0,95.99697985479706,50
2025,fsh_len,Male,99,562,0,95.99697985479706,50
2025,fsh_len,Sex combined,41,1665,0,113.91974785208386,50
2025,fsh_len,Sex combined,43,1665,0,113.91974785208386,50
2025,fsh_len,Sex combined,45,1665,6e-4,113.91974785208386,50
2025,fsh_len,Sex combined,47,1665,0,113.91974785208386,50
2025,fsh_len,Sex combined,49,1665,0,113.91974785208386,50
2025,fsh_len,Sex combined,51,1665,6e-4,113.91974785208386,50
2025,fsh_len,Sex combined,53,1665,0.0018,113.91974785208386,50
2025,fsh_len,Sex combined,55,1665,0.0108,113.91974785208386,50
2025,fsh_len,Sex combined,57,1665,0.0318,113.91974785208386,50
2025,fsh_len,Sex combined,59,1665,0.0787,113.91974785208386,50
2025,fsh_len,Sex combined,61,1665,0.1171,113.91974785208386,50
2025,fsh_len,Sex combined,63,1665,0.1441,113.91974785208386,50
2025,fsh_len,Sex combined,65,1665,0.1622,113.91974785208386,50
2025,fsh_len,Sex combined,67,1665,0.1357,113.91974785208386,50
2025,fsh_len,Sex combined,69,1665,0.0901,113.91974785208386,50
2025,fsh_len,Sex combined,71,1665,0.0763,113.91974785208386,50
2025,fsh_len,Sex combined,73,1665,0.0511,113.91974785208386,50
2025,fsh_len,Sex combined,75,1665,0.0282,113.91974785208386,50
2025,fsh_len,Sex combined,77,1665,0.0198,113.91974785208386,50
2025,fsh_len,Sex combined,79,1665,0.0204,113.91974785208386,50
2025,fsh_len,Sex combined,81,1665,0.0066,113.91974785208386,50
2025,fsh_len,Sex combined,83,1665,0.0042,113.91974785208386,50
2025,fsh_len,Sex combined,85,1665,0.009,113.91974785208386,50
2025,fsh_len,Sex combined,87,1665,0.003,113.91974785208386,50
2025,fsh_len,Sex combined,89,1665,6e-4,113.91974785208386,50
2025,fsh_len,Sex combined,91,1665,0.0018,113.91974785208386,50
2025,fsh_len,Sex combined,93,1665,0.0024,113.91974785208386,50
2025,fsh_len,Sex combined,95,1665,6e-4,113.91974785208386,50
2025,fsh_len,Sex combined,97,1665,0.0012,113.91974785208386,50
2025,fsh_len,Sex combined,99,1665,0.0012,113.91974785208386,50
1997,srv_len,Female,41,252,0,80.11689889230293,22
1997,srv_len,Female,43,252,0,80.11689889230293,22
1997,srv_len,Female,45,252,0,80.11689889230293,22
1997,srv_len,Female,47,252,0.003968,80.11689889230293,22
1997,srv_len,Female,49,252,0.003968,80.11689889230293,22
1997,srv_len,Female,51,252,0,80.11689889230293,22
1997,srv_len,Female,53,252,0.007937,80.11689889230293,22
1997,srv_len,Female,55,252,0.027778,80.11689889230293,22
1997,srv_len,Female,57,252,0.02381,80.11689889230293,22
1997,srv_len,Female,59,252,0.015873,80.11689889230293,22
1997,srv_len,Female,61,252,0.027778,80.11689889230293,22
1997,srv_len,Female,63,252,0.02381,80.11689889230293,22
1997,srv_len,Female,65,252,0.015873,80.11689889230293,22
1997,srv_len,Female,67,252,0.059524,80.11689889230293,22
1997,srv_len,Female,69,252,0.083333,80.11689889230293,22
1997,srv_len,Female,71,252,0.079365,80.11689889230293,22
1997,srv_len,Female,73,252,0.138889,80.11689889230293,22
1997,srv_len,Female,75,252,0.079365,80.11689889230293,22
1997,srv_len,Female,77,252,0.087302,80.11689889230293,22
1997,srv_len,Female,79,252,0.075397,80.11689889230293,22
1997,srv_len,Female,81,252,0.063492,80.11689889230293,22
1997,srv_len,Female,83,252,0.051587,80.11689889230293,22
1997,srv_len,Female,85,252,0.019841,80.11689889230293,22
1997,srv_len,Female,87,252,0.031746,80.11689889230293,22
1997,srv_len,Female,89,252,0.039683,80.11689889230293,22
1997,srv_len,Female,91,252,0.007937,80.11689889230293,22
1997,srv_len,Female,93,252,0.003968,80.11689889230293,22
1997,srv_len,Female,95,252,0.007937,80.11689889230293,22
1997,srv_len,Female,97,252,0.003968,80.11689889230293,22
1997,srv_len,Female,99,252,0.015873,80.11689889230293,22
1997,srv_len,Male,41,268,0,67.73091740715705,22
1997,srv_len,Male,43,268,0.003731,67.73091740715705,22
1997,srv_len,Male,45,268,0.003731,67.73091740715705,22
1997,srv_len,Male,47,268,0,67.73091740715705,22
1997,srv_len,Male,49,268,0.007463,67.73091740715705,22
1997,srv_len,Male,51,268,0.003731,67.73091740715705,22
1997,srv_len,Male,53,268,0.007463,67.73091740715705,22
1997,srv_len,Male,55,268,0.003731,67.73091740715705,22
1997,srv_len,Male,57,268,0.022388,67.73091740715705,22
1997,srv_len,Male,59,268,0.037313,67.73091740715705,22
1997,srv_len,Male,61,268,0.05597,67.73091740715705,22
1997,srv_len,Male,63,268,0.130597,67.73091740715705,22
1997,srv_len,Male,65,268,0.149254,67.73091740715705,22
1997,srv_len,Male,67,268,0.19403,67.73091740715705,22
1997,srv_len,Male,69,268,0.156716,67.73091740715705,22
1997,srv_len,Male,71,268,0.08209,67.73091740715705,22
1997,srv_len,Male,73,268,0.059701,67.73091740715705,22
1997,srv_len,Male,75,268,0.037313,67.73091740715705,22
1997,srv_len,Male,77,268,0.022388,67.73091740715705,22
1997,srv_len,Male,79,268,0.018657,67.73091740715705,22
1997,srv_len,Male,81,268,0.003731,67.73091740715705,22
1997,srv_len,Male,83,268,0,67.73091740715705,22
1997,srv_len,Male,85,268,0,67.73091740715705,22
1997,srv_len,Male,87,268,0,67.73091740715705,22
1997,srv_len,Male,89,268,0,67.73091740715705,22
1997,srv_len,Male,91,268,0,67.73091740715705,22
1997,srv_len,Male,93,268,0,67.73091740715705,22
1997,srv_len,Male,95,268,0,67.73091740715705,22
1997,srv_len,Male,97,268,0,67.73091740715705,22
1997,srv_len,Male,99,268,0,67.73091740715705,22
1997,srv_len,Sex combined,41,520,0,80.11689889230293,22
1997,srv_len,Sex combined,43,520,0.0019,80.11689889230293,22
1997,srv_len,Sex combined,45,520,0.0019,80.11689889230293,22
1997,srv_len,Sex combined,47,520,0.0019,80.11689889230293,22
1997,srv_len,Sex combined,49,520,0.0058,80.11689889230293,22
1997,srv_len,Sex combined,51,520,0.0019,80.11689889230293,22
1997,srv_len,Sex combined,53,520,0.0077,80.11689889230293,22
1997,srv_len,Sex combined,55,520,0.0154,80.11689889230293,22
1997,srv_len,Sex combined,57,520,0.0231,80.11689889230293,22
1997,srv_len,Sex combined,59,520,0.0269,80.11689889230293,22
1997,srv_len,Sex combined,61,520,0.0423,80.11689889230293,22
1997,srv_len,Sex combined,63,520,0.0788,80.11689889230293,22
1997,srv_len,Sex combined,65,520,0.0846,80.11689889230293,22
1997,srv_len,Sex combined,67,520,0.1288,80.11689889230293,22
1997,srv_len,Sex combined,69,520,0.1212,80.11689889230293,22
1997,srv_len,Sex combined,71,520,0.0808,80.11689889230293,22
1997,srv_len,Sex combined,73,520,0.0981,80.11689889230293,22
1997,srv_len,Sex combined,75,520,0.0577,80.11689889230293,22
1997,srv_len,Sex combined,77,520,0.0538,80.11689889230293,22
1997,srv_len,Sex combined,79,520,0.0462,80.11689889230293,22
1997,srv_len,Sex combined,81,520,0.0327,80.11689889230293,22
1997,srv_len,Sex combined,83,520,0.025,80.11689889230293,22
1997,srv_len,Sex combined,85,520,0.0096,80.11689889230293,22
1997,srv_len,Sex combined,87,520,0.0154,80.11689889230293,22
1997,srv_len,Sex combined,89,520,0.0192,80.11689889230293,22
1997,srv_len,Sex combined,91,520,0.0038,80.11689889230293,22
1997,srv_len,Sex combined,93,520,0.0019,80.11689889230293,22
1997,srv_len,Sex combined,95,520,0.0038,80.11689889230293,22
1997,srv_len,Sex combined,97,520,0.0019,80.11689889230293,22
1997,srv_len,Sex combined,99,520,0.0077,80.11689889230293,22
1998,srv_len,Female,41,196,0,80.11689889230293,23
1998,srv_len,Female,43,196,0.005102,80.11689889230293,23
1998,srv_len,Female,45,196,0,80.11689889230293,23
1998,srv_len,Female,47,196,0,80.11689889230293,23
1998,srv_len,Female,49,196,0,80.11689889230293,23
1998,srv_len,Female,51,196,0.020408,80.11689889230293,23
1998,srv_len,Female,53,196,0.02551,80.11689889230293,23
1998,srv_len,Female,55,196,0.030612,80.11689889230293,23
1998,srv_len,Female,57,196,0.02551,80.11689889230293,23
1998,srv_len,Female,59,196,0.020408,80.11689889230293,23
1998,srv_len,Female,61,196,0.030612,80.11689889230293,23
1998,srv_len,Female,63,196,0.020408,80.11689889230293,23
1998,srv_len,Female,65,196,0.02551,80.11689889230293,23
1998,srv_len,Female,67,196,0.040816,80.11689889230293,23
1998,srv_len,Female,69,196,0.091837,80.11689889230293,23
1998,srv_len,Female,71,196,0.102041,80.11689889230293,23
1998,srv_len,Female,73,196,0.086735,80.11689889230293,23
1998,srv_len,Female,75,196,0.107143,80.11689889230293,23
1998,srv_len,Female,77,196,0.061224,80.11689889230293,23
1998,srv_len,Female,79,196,0.076531,80.11689889230293,23
1998,srv_len,Female,81,196,0.096939,80.11689889230293,23
1998,srv_len,Female,83,196,0.040816,80.11689889230293,23
1998,srv_len,Female,85,196,0.030612,80.11689889230293,23
1998,srv_len,Female,87,196,0.010204,80.11689889230293,23
1998,srv_len,Female,89,196,0.010204,80.11689889230293,23
1998,srv_len,Female,91,196,0.010204,80.11689889230293,23
1998,srv_len,Female,93,196,0.02551,80.11689889230293,23
1998,srv_len,Female,95,196,0,80.11689889230293,23
1998,srv_len,Female,97,196,0,80.11689889230293,23
1998,srv_len,Female,99,196,0.005102,80.11689889230293,23
1998,srv_len,Male,41,153,0,67.73091740715705,23
1998,srv_len,Male,43,153,0,67.73091740715705,23
1998,srv_len,Male,45,153,0,67.73091740715705,23
1998,srv_len,Male,47,153,0.013072,67.73091740715705,23
1998,srv_len,Male,49,153,0.013072,67.73091740715705,23
1998,srv_len,Male,51,153,0.013072,67.73091740715705,23
1998,srv_len,Male,53,153,0.03268,67.73091740715705,23
1998,srv_len,Male,55,153,0.026144,67.73091740715705,23
1998,srv_len,Male,57,153,0.013072,67.73091740715705,23
1998,srv_len,Male,59,153,0.019608,67.73091740715705,23
1998,srv_len,Male,61,153,0.071895,67.73091740715705,23
1998,srv_len,Male,63,153,0.137255,67.73091740715705,23
1998,srv_len,Male,65,153,0.189542,67.73091740715705,23
1998,srv_len,Male,67,153,0.111111,67.73091740715705,23
1998,srv_len,Male,69,153,0.183007,67.73091740715705,23
1998,srv_len,Male,71,153,0.065359,67.73091740715705,23
1998,srv_len,Male,73,153,0.058824,67.73091740715705,23
1998,srv_len,Male,75,153,0.03268,67.73091740715705,23
1998,srv_len,Male,77,153,0.006536,67.73091740715705,23
1998,srv_len,Male,79,153,0.006536,67.73091740715705,23
1998,srv_len,Male,81,153,0,67.73091740715705,23
1998,srv_len,Male,83,153,0,67.73091740715705,23
1998,srv_len,Male,85,153,0,67.73091740715705,23
1998,srv_len,Male,87,153,0,67.73091740715705,23
1998,srv_len,Male,89,153,0,67.73091740715705,23
1998,srv_len,Male,91,153,0,67.73091740715705,23
1998,srv_len,Male,93,153,0.006536,67.73091740715705,23
1998,srv_len,Male,95,153,0,67.73091740715705,23
1998,srv_len,Male,97,153,0,67.73091740715705,23
1998,srv_len,Male,99,153,0,67.73091740715705,23
1998,srv_len,Sex combined,41,349,0,80.11689889230293,23
1998,srv_len,Sex combined,43,349,0.0029,80.11689889230293,23
1998,srv_len,Sex combined,45,349,0,80.11689889230293,23
1998,srv_len,Sex combined,47,349,0.0057,80.11689889230293,23
1998,srv_len,Sex combined,49,349,0.0057,80.11689889230293,23
1998,srv_len,Sex combined,51,349,0.0172,80.11689889230293,23
1998,srv_len,Sex combined,53,349,0.0287,80.11689889230293,23
1998,srv_len,Sex combined,55,349,0.0287,80.11689889230293,23
1998,srv_len,Sex combined,57,349,0.0201,80.11689889230293,23
1998,srv_len,Sex combined,59,349,0.0201,80.11689889230293,23
1998,srv_len,Sex combined,61,349,0.0487,80.11689889230293,23
1998,srv_len,Sex combined,63,349,0.0716,80.11689889230293,23
1998,srv_len,Sex combined,65,349,0.0974,80.11689889230293,23
1998,srv_len,Sex combined,67,349,0.0716,80.11689889230293,23
1998,srv_len,Sex combined,69,349,0.1318,80.11689889230293,23
1998,srv_len,Sex combined,71,349,0.086,80.11689889230293,23
1998,srv_len,Sex combined,73,349,0.0745,80.11689889230293,23
1998,srv_len,Sex combined,75,349,0.0745,80.11689889230293,23
1998,srv_len,Sex combined,77,349,0.0372,80.11689889230293,23
1998,srv_len,Sex combined,79,349,0.0458,80.11689889230293,23
1998,srv_len,Sex combined,81,349,0.0544,80.11689889230293,23
1998,srv_len,Sex combined,83,349,0.0229,80.11689889230293,23
1998,srv_len,Sex combined,85,349,0.0172,80.11689889230293,23
1998,srv_len,Sex combined,87,349,0.0057,80.11689889230293,23
1998,srv_len,Sex combined,89,349,0.0057,80.11689889230293,23
1998,srv_len,Sex combined,91,349,0.0057,80.11689889230293,23
1998,srv_len,Sex combined,93,349,0.0172,80.11689889230293,23
1998,srv_len,Sex combined,95,349,0,80.11689889230293,23
1998,srv_len,Sex combined,97,349,0,80.11689889230293,23
1998,srv_len,Sex combined,99,349,0.0029,80.11689889230293,23
1999,srv_len,Female,41,129,0,80.11689889230293,24
1999,srv_len,Female,43,129,0,80.11689889230293,24
1999,srv_len,Female,45,129,0.007752,80.11689889230293,24
1999,srv_len,Female,47,129,0.031008,80.11689889230293,24
1999,srv_len,Female,49,129,0.03876,80.11689889230293,24
1999,srv_len,Female,51,129,0.031008,80.11689889230293,24
1999,srv_len,Female,53,129,0.031008,80.11689889230293,24
1999,srv_len,Female,55,129,0.069767,80.11689889230293,24
1999,srv_len,Female,57,129,0.054264,80.11689889230293,24
1999,srv_len,Female,59,129,0.077519,80.11689889230293,24
1999,srv_len,Female,61,129,0.077519,80.11689889230293,24
1999,srv_len,Female,63,129,0.054264,80.11689889230293,24
1999,srv_len,Female,65,129,0.03876,80.11689889230293,24
1999,srv_len,Female,67,129,0.031008,80.11689889230293,24
1999,srv_len,Female,69,129,0.046512,80.11689889230293,24
1999,srv_len,Female,71,129,0.054264,80.11689889230293,24
1999,srv_len,Female,73,129,0.046512,80.11689889230293,24
1999,srv_len,Female,75,129,0.054264,80.11689889230293,24
1999,srv_len,Female,77,129,0.03876,80.11689889230293,24
1999,srv_len,Female,79,129,0.054264,80.11689889230293,24
1999,srv_len,Female,81,129,0.046512,80.11689889230293,24
1999,srv_len,Female,83,129,0.046512,80.11689889230293,24
1999,srv_len,Female,85,129,0.023256,80.11689889230293,24
1999,srv_len,Female,87,129,0,80.11689889230293,24
1999,srv_len,Female,89,129,0.031008,80.11689889230293,24
1999,srv_len,Female,91,129,0,80.11689889230293,24
1999,srv_len,Female,93,129,0.007752,80.11689889230293,24
1999,srv_len,Female,95,129,0,80.11689889230293,24
1999,srv_len,Female,97,129,0,80.11689889230293,24
1999,srv_len,Female,99,129,0.007752,80.11689889230293,24
1999,srv_len,Male,41,144,0,67.73091740715705,24
1999,srv_len,Male,43,144,0,67.73091740715705,24
1999,srv_len,Male,45,144,0.006944,67.73091740715705,24
1999,srv_len,Male,47,144,0.048611,67.73091740715705,24
1999,srv_len,Male,49,144,0.027778,67.73091740715705,24
1999,srv_len,Male,51,144,0.013889,67.73091740715705,24
1999,srv_len,Male,53,144,0.076389,67.73091740715705,24
1999,srv_len,Male,55,144,0.041667,67.73091740715705,24
1999,srv_len,Male,57,144,0.048611,67.73091740715705,24
1999,srv_len,Male,59,144,0.055556,67.73091740715705,24
1999,srv_len,Male,61,144,0.083333,67.73091740715705,24
1999,srv_len,Male,63,144,0.097222,67.73091740715705,24
1999,srv_len,Male,65,144,0.145833,67.73091740715705,24
1999,srv_len,Male,67,144,0.125,67.73091740715705,24
1999,srv_len,Male,69,144,0.104167,67.73091740715705,24
1999,srv_len,Male,71,144,0.055556,67.73091740715705,24
1999,srv_len,Male,73,144,0.027778,67.73091740715705,24
1999,srv_len,Male,75,144,0.006944,67.73091740715705,24
1999,srv_len,Male,77,144,0.013889,67.73091740715705,24
1999,srv_len,Male,79,144,0.006944,67.73091740715705,24
1999,srv_len,Male,81,144,0,67.73091740715705,24
1999,srv_len,Male,83,144,0.006944,67.73091740715705,24
1999,srv_len,Male,85,144,0,67.73091740715705,24
1999,srv_len,Male,87,144,0,67.73091740715705,24
1999,srv_len,Male,89,144,0,67.73091740715705,24
1999,srv_len,Male,91,144,0,67.73091740715705,24
1999,srv_len,Male,93,144,0,67.73091740715705,24
1999,srv_len,Male,95,144,0.006944,67.73091740715705,24
1999,srv_len,Male,97,144,0,67.73091740715705,24
1999,srv_len,Male,99,144,0,67.73091740715705,24
1999,srv_len,Sex combined,41,273,0,80.11689889230293,24
1999,srv_len,Sex combined,43,273,0,80.11689889230293,24
1999,srv_len,Sex combined,45,273,0.0073,80.11689889230293,24
1999,srv_len,Sex combined,47,273,0.0403,80.11689889230293,24
1999,srv_len,Sex combined,49,273,0.033,80.11689889230293,24
1999,srv_len,Sex combined,51,273,0.022,80.11689889230293,24
1999,srv_len,Sex combined,53,273,0.0549,80.11689889230293,24
1999,srv_len,Sex combined,55,273,0.0549,80.11689889230293,24
1999,srv_len,Sex combined,57,273,0.0513,80.11689889230293,24
1999,srv_len,Sex combined,59,273,0.0659,80.11689889230293,24
1999,srv_len,Sex combined,61,273,0.0806,80.11689889230293,24
1999,srv_len,Sex combined,63,273,0.0769,80.11689889230293,24
1999,srv_len,Sex combined,65,273,0.0952,80.11689889230293,24
1999,srv_len,Sex combined,67,273,0.0806,80.11689889230293,24
1999,srv_len,Sex combined,69,273,0.0769,80.11689889230293,24
1999,srv_len,Sex combined,71,273,0.0549,80.11689889230293,24
1999,srv_len,Sex combined,73,273,0.0366,80.11689889230293,24
1999,srv_len,Sex combined,75,273,0.0293,80.11689889230293,24
1999,srv_len,Sex combined,77,273,0.0256,80.11689889230293,24
1999,srv_len,Sex combined,79,273,0.0293,80.11689889230293,24
1999,srv_len,Sex combined,81,273,0.022,80.11689889230293,24
1999,srv_len,Sex combined,83,273,0.0256,80.11689889230293,24
1999,srv_len,Sex combined,85,273,0.011,80.11689889230293,24
1999,srv_len,Sex combined,87,273,0,80.11689889230293,24
1999,srv_len,Sex combined,89,273,0.0147,80.11689889230293,24
1999,srv_len,Sex combined,91,273,0,80.11689889230293,24
1999,srv_len,Sex combined,93,273,0.0037,80.11689889230293,24
1999,srv_len,Sex combined,95,273,0.0037,80.11689889230293,24
1999,srv_len,Sex combined,97,273,0,80.11689889230293,24
1999,srv_len,Sex combined,99,273,0.0037,80.11689889230293,24
2000,srv_len,Female,41,206,0,80.11689889230293,25
2000,srv_len,Female,43,206,0,80.11689889230293,25
2000,srv_len,Female,45,206,0.004854,80.11689889230293,25
2000,srv_len,Female,47,206,0.014563,80.11689889230293,25
2000,srv_len,Female,49,206,0.024272,80.11689889230293,25
2000,srv_len,Female,51,206,0.063107,80.11689889230293,25
2000,srv_len,Female,53,206,0.043689,80.11689889230293,25
2000,srv_len,Female,55,206,0.043689,80.11689889230293,25
2000,srv_len,Female,57,206,0.024272,80.11689889230293,25
2000,srv_len,Female,59,206,0.067961,80.11689889230293,25
2000,srv_len,Female,61,206,0.024272,80.11689889230293,25
2000,srv_len,Female,63,206,0.043689,80.11689889230293,25
2000,srv_len,Female,65,206,0.07767,80.11689889230293,25
2000,srv_len,Female,67,206,0.082524,80.11689889230293,25
2000,srv_len,Female,69,206,0.07767,80.11689889230293,25
2000,srv_len,Female,71,206,0.063107,80.11689889230293,25
2000,srv_len,Female,73,206,0.053398,80.11689889230293,25
2000,srv_len,Female,75,206,0.048544,80.11689889230293,25
2000,srv_len,Female,77,206,0.038835,80.11689889230293,25
2000,srv_len,Female,79,206,0.058252,80.11689889230293,25
2000,srv_len,Female,81,206,0.024272,80.11689889230293,25
2000,srv_len,Female,83,206,0.043689,80.11689889230293,25
2000,srv_len,Female,85,206,0.014563,80.11689889230293,25
2000,srv_len,Female,87,206,0.019417,80.11689889230293,25
2000,srv_len,Female,89,206,0.014563,80.11689889230293,25
2000,srv_len,Female,91,206,0.014563,80.11689889230293,25
2000,srv_len,Female,93,206,0,80.11689889230293,25
2000,srv_len,Female,95,206,0.009709,80.11689889230293,25
2000,srv_len,Female,97,206,0,80.11689889230293,25
2000,srv_len,Female,99,206,0.004854,80.11689889230293,25
2000,srv_len,Male,41,174,0,67.73091740715705,25
2000,srv_len,Male,43,174,0,67.73091740715705,25
2000,srv_len,Male,45,174,0.011494,67.73091740715705,25
2000,srv_len,Male,47,174,0.028736,67.73091740715705,25
2000,srv_len,Male,49,174,0.057471,67.73091740715705,25
2000,srv_len,Male,51,174,0.045977,67.73091740715705,25
2000,srv_len,Male,53,174,0.028736,67.73091740715705,25
2000,srv_len,Male,55,174,0.045977,67.73091740715705,25
2000,srv_len,Male,57,174,0.097701,67.73091740715705,25
2000,srv_len,Male,59,174,0.057471,67.73091740715705,25
2000,srv_len,Male,61,174,0.109195,67.73091740715705,25
2000,srv_len,Male,63,174,0.091954,67.73091740715705,25
2000,srv_len,Male,65,174,0.051724,67.73091740715705,25
2000,srv_len,Male,67,174,0.114943,67.73091740715705,25
2000,srv_len,Male,69,174,0.109195,67.73091740715705,25
2000,srv_len,Male,71,174,0.074713,67.73091740715705,25
2000,srv_len,Male,73,174,0.034483,67.73091740715705,25
2000,srv_len,Male,75,174,0.028736,67.73091740715705,25
2000,srv_len,Male,77,174,0.005747,67.73091740715705,25
2000,srv_len,Male,79,174,0,67.73091740715705,25
2000,srv_len,Male,81,174,0.005747,67.73091740715705,25
2000,srv_len,Male,83,174,0,67.73091740715705,25
2000,srv_len,Male,85,174,0,67.73091740715705,25
2000,srv_len,Male,87,174,0,67.73091740715705,25
2000,srv_len,Male,89,174,0,67.73091740715705,25
2000,srv_len,Male,91,174,0,67.73091740715705,25
2000,srv_len,Male,93,174,0,67.73091740715705,25
2000,srv_len,Male,95,174,0,67.73091740715705,25
2000,srv_len,Male,97,174,0,67.73091740715705,25
2000,srv_len,Male,99,174,0,67.73091740715705,25
2000,srv_len,Sex combined,41,380,0,80.11689889230293,25
2000,srv_len,Sex combined,43,380,0,80.11689889230293,25
2000,srv_len,Sex combined,45,380,0.0079,80.11689889230293,25
2000,srv_len,Sex combined,47,380,0.0211,80.11689889230293,25
2000,srv_len,Sex combined,49,380,0.0395,80.11689889230293,25
2000,srv_len,Sex combined,51,380,0.0553,80.11689889230293,25
2000,srv_len,Sex combined,53,380,0.0368,80.11689889230293,25
2000,srv_len,Sex combined,55,380,0.0447,80.11689889230293,25
2000,srv_len,Sex combined,57,380,0.0579,80.11689889230293,25
2000,srv_len,Sex combined,59,380,0.0632,80.11689889230293,25
2000,srv_len,Sex combined,61,380,0.0632,80.11689889230293,25
2000,srv_len,Sex combined,63,380,0.0658,80.11689889230293,25
2000,srv_len,Sex combined,65,380,0.0658,80.11689889230293,25
2000,srv_len,Sex combined,67,380,0.0974,80.11689889230293,25
2000,srv_len,Sex combined,69,380,0.0921,80.11689889230293,25
2000,srv_len,Sex combined,71,380,0.0684,80.11689889230293,25
2000,srv_len,Sex combined,73,380,0.0447,80.11689889230293,25
2000,srv_len,Sex combined,75,380,0.0395,80.11689889230293,25
2000,srv_len,Sex combined,77,380,0.0237,80.11689889230293,25
2000,srv_len,Sex combined,79,380,0.0316,80.11689889230293,25
2000,srv_len,Sex combined,81,380,0.0158,80.11689889230293,25
2000,srv_len,Sex combined,83,380,0.0237,80.11689889230293,25
2000,srv_len,Sex combined,85,380,0.0079,80.11689889230293,25
2000,srv_len,Sex combined,87,380,0.0105,80.11689889230293,25
2000,srv_len,Sex combined,89,380,0.0079,80.11689889230293,25
2000,srv_len,Sex combined,91,380,0.0079,80.11689889230293,25
2000,srv_len,Sex combined,93,380,0,80.11689889230293,25
2000,srv_len,Sex combined,95,380,0.0053,80.11689889230293,25
2000,srv_len,Sex combined,97,380,0,80.11689889230293,25
2000,srv_len,Sex combined,99,380,0.0026,80.11689889230293,25
2001,srv_len,Female,41,181,0,80.11689889230293,26
2001,srv_len,Female,43,181,0,80.11689889230293,26
2001,srv_len,Female,45,181,0,80.11689889230293,26
2001,srv_len,Female,47,181,0.01105,80.11689889230293,26
2001,srv_len,Female,49,181,0.016575,80.11689889230293,26
2001,srv_len,Female,51,181,0.027624,80.11689889230293,26
2001,srv_len,Female,53,181,0.055249,80.11689889230293,26
2001,srv_len,Female,55,181,0.016575,80.11689889230293,26
2001,srv_len,Female,57,181,0.066298,80.11689889230293,26
2001,srv_len,Female,59,181,0.016575,80.11689889230293,26
2001,srv_len,Female,61,181,0.027624,80.11689889230293,26
2001,srv_len,Female,63,181,0.033149,80.11689889230293,26
2001,srv_len,Female,65,181,0.082873,80.11689889230293,26
2001,srv_len,Female,67,181,0.055249,80.11689889230293,26
2001,srv_len,Female,69,181,0.055249,80.11689889230293,26
2001,srv_len,Female,71,181,0.055249,80.11689889230293,26
2001,srv_len,Female,73,181,0.044199,80.11689889230293,26
2001,srv_len,Female,75,181,0.099448,80.11689889230293,26
2001,srv_len,Female,77,181,0.066298,80.11689889230293,26
2001,srv_len,Female,79,181,0.066298,80.11689889230293,26
2001,srv_len,Female,81,181,0.049724,80.11689889230293,26
2001,srv_len,Female,83,181,0.016575,80.11689889230293,26
2001,srv_len,Female,85,181,0.033149,80.11689889230293,26
2001,srv_len,Female,87,181,0.038674,80.11689889230293,26
2001,srv_len,Female,89,181,0.01105,80.11689889230293,26
2001,srv_len,Female,91,181,0.016575,80.11689889230293,26
2001,srv_len,Female,93,181,0.01105,80.11689889230293,26
2001,srv_len,Female,95,181,0.01105,80.11689889230293,26
2001,srv_len,Female,97,181,0,80.11689889230293,26
2001,srv_len,Female,99,181,0.016575,80.11689889230293,26
2001,srv_len,Male,41,261,0,67.73091740715705,26
2001,srv_len,Male,43,261,0,67.73091740715705,26
2001,srv_len,Male,45,261,0.003831,67.73091740715705,26
2001,srv_len,Male,47,261,0.003831,67.73091740715705,26
2001,srv_len,Male,49,261,0.007663,67.73091740715705,26
2001,srv_len,Male,51,261,0.057471,67.73091740715705,26
2001,srv_len,Male,53,261,0.042146,67.73091740715705,26
2001,srv_len,Male,55,261,0.030651,67.73091740715705,26
2001,srv_len,Male,57,261,0.049808,67.73091740715705,26
2001,srv_len,Male,59,261,0.065134,67.73091740715705,26
2001,srv_len,Male,61,261,0.08046,67.73091740715705,26
2001,srv_len,Male,63,261,0.10728,67.73091740715705,26
2001,srv_len,Male,65,261,0.122605,67.73091740715705,26
2001,srv_len,Male,67,261,0.114943,67.73091740715705,26
2001,srv_len,Male,69,261,0.126437,67.73091740715705,26
2001,srv_len,Male,71,261,0.076628,67.73091740715705,26
2001,srv_len,Male,73,261,0.05364,67.73091740715705,26
2001,srv_len,Male,75,261,0.02682,67.73091740715705,26
2001,srv_len,Male,77,261,0.011494,67.73091740715705,26
2001,srv_len,Male,79,261,0.007663,67.73091740715705,26
2001,srv_len,Male,81,261,0.011494,67.73091740715705,26
2001,srv_len,Male,83,261,0,67.73091740715705,26
2001,srv_len,Male,85,261,0,67.73091740715705,26
2001,srv_len,Male,87,261,0,67.73091740715705,26
2001,srv_len,Male,89,261,0,67.73091740715705,26
2001,srv_len,Male,91,261,0,67.73091740715705,26
2001,srv_len,Male,93,261,0,67.73091740715705,26
2001,srv_len,Male,95,261,0,67.73091740715705,26
2001,srv_len,Male,97,261,0,67.73091740715705,26
2001,srv_len,Male,99,261,0,67.73091740715705,26
2001,srv_len,Sex combined,41,442,0,80.11689889230293,26
2001,srv_len,Sex combined,43,442,0,80.11689889230293,26
2001,srv_len,Sex combined,45,442,0.0023,80.11689889230293,26
2001,srv_len,Sex combined,47,442,0.0068,80.11689889230293,26
2001,srv_len,Sex combined,49,442,0.0113,80.11689889230293,26
2001,srv_len,Sex combined,51,442,0.0452,80.11689889230293,26
2001,srv_len,Sex combined,53,442,0.0475,80.11689889230293,26
2001,srv_len,Sex combined,55,442,0.0249,80.11689889230293,26
2001,srv_len,Sex combined,57,442,0.0566,80.11689889230293,26
2001,srv_len,Sex combined,59,442,0.0452,80.11689889230293,26
2001,srv_len,Sex combined,61,442,0.0588,80.11689889230293,26
2001,srv_len,Sex combined,63,442,0.0769,80.11689889230293,26
2001,srv_len,Sex combined,65,442,0.1063,80.11689889230293,26
2001,srv_len,Sex combined,67,442,0.0905,80.11689889230293,26
2001,srv_len,Sex combined,69,442,0.0973,80.11689889230293,26
2001,srv_len,Sex combined,71,442,0.0679,80.11689889230293,26
2001,srv_len,Sex combined,73,442,0.0498,80.11689889230293,26
2001,srv_len,Sex combined,75,442,0.0566,80.11689889230293,26
2001,srv_len,Sex combined,77,442,0.0339,80.11689889230293,26
2001,srv_len,Sex combined,79,442,0.0317,80.11689889230293,26
2001,srv_len,Sex combined,81,442,0.0271,80.11689889230293,26
2001,srv_len,Sex combined,83,442,0.0068,80.11689889230293,26
2001,srv_len,Sex combined,85,442,0.0136,80.11689889230293,26
2001,srv_len,Sex combined,87,442,0.0158,80.11689889230293,26
2001,srv_len,Sex combined,89,442,0.0045,80.11689889230293,26
2001,srv_len,Sex combined,91,442,0.0068,80.11689889230293,26
2001,srv_len,Sex combined,93,442,0.0045,80.11689889230293,26
2001,srv_len,Sex combined,95,442,0.0045,80.11689889230293,26
2001,srv_len,Sex combined,97,442,0,80.11689889230293,26
2001,srv_len,Sex combined,99,442,0.0068,80.11689889230293,26
2002,srv_len,Female,41,294,0,80.11689889230293,27
2002,srv_len,Female,43,294,0,80.11689889230293,27
2002,srv_len,Female,45,294,0,80.11689889230293,27
2002,srv_len,Female,47,294,0.006803,80.11689889230293,27
2002,srv_len,Female,49,294,0.010204,80.11689889230293,27
2002,srv_len,Female,51,294,0.006803,80.11689889230293,27
2002,srv_len,Female,53,294,0.02381,80.11689889230293,27
2002,srv_len,Female,55,294,0.071429,80.11689889230293,27
2002,srv_len,Female,57,294,0.064626,80.11689889230293,27
2002,srv_len,Female,59,294,0.057823,80.11689889230293,27
2002,srv_len,Female,61,294,0.057823,80.11689889230293,27
2002,srv_len,Female,63,294,0.071429,80.11689889230293,27
2002,srv_len,Female,65,294,0.037415,80.11689889230293,27
2002,srv_len,Female,67,294,0.061224,80.11689889230293,27
2002,srv_len,Female,69,294,0.057823,80.11689889230293,27
2002,srv_len,Female,71,294,0.054422,80.11689889230293,27
2002,srv_len,Female,73,294,0.085034,80.11689889230293,27
2002,srv_len,Female,75,294,0.05102,80.11689889230293,27
2002,srv_len,Female,77,294,0.044218,80.11689889230293,27
2002,srv_len,Female,79,294,0.037415,80.11689889230293,27
2002,srv_len,Female,81,294,0.057823,80.11689889230293,27
2002,srv_len,Female,83,294,0.030612,80.11689889230293,27
2002,srv_len,Female,85,294,0.027211,80.11689889230293,27
2002,srv_len,Female,87,294,0.02381,80.11689889230293,27
2002,srv_len,Female,89,294,0.013605,80.11689889230293,27
2002,srv_len,Female,91,294,0.010204,80.11689889230293,27
2002,srv_len,Female,93,294,0.013605,80.11689889230293,27
2002,srv_len,Female,95,294,0.003401,80.11689889230293,27
2002,srv_len,Female,97,294,0.006803,80.11689889230293,27
2002,srv_len,Female,99,294,0.013605,80.11689889230293,27
2002,srv_len,Male,41,344,0,67.73091740715705,27
2002,srv_len,Male,43,344,0,67.73091740715705,27
2002,srv_len,Male,45,344,0.002907,67.73091740715705,27
2002,srv_len,Male,47,344,0.005814,67.73091740715705,27
2002,srv_len,Male,49,344,0.005814,67.73091740715705,27
2002,srv_len,Male,51,344,0.023256,67.73091740715705,27
2002,srv_len,Male,53,344,0.034884,67.73091740715705,27
2002,srv_len,Male,55,344,0.034884,67.73091740715705,27
2002,srv_len,Male,57,344,0.069767,67.73091740715705,27
2002,srv_len,Male,59,344,0.110465,67.73091740715705,27
2002,srv_len,Male,61,344,0.130814,67.73091740715705,27
2002,srv_len,Male,63,344,0.113372,67.73091740715705,27
2002,srv_len,Male,65,344,0.093023,67.73091740715705,27
2002,srv_len,Male,67,344,0.125,67.73091740715705,27
2002,srv_len,Male,69,344,0.098837,67.73091740715705,27
2002,srv_len,Male,71,344,0.063953,67.73091740715705,27
2002,srv_len,Male,73,344,0.037791,67.73091740715705,27
2002,srv_len,Male,75,344,0.031977,67.73091740715705,27
2002,srv_len,Male,77,344,0.011628,67.73091740715705,27
2002,srv_len,Male,79,344,0.002907,67.73091740715705,27
2002,srv_len,Male,81,344,0,67.73091740715705,27
2002,srv_len,Male,83,344,0.002907,67.73091740715705,27
2002,srv_len,Male,85,344,0,67.73091740715705,27
2002,srv_len,Male,87,344,0,67.73091740715705,27
2002,srv_len,Male,89,344,0,67.73091740715705,27
2002,srv_len,Male,91,344,0,67.73091740715705,27
2002,srv_len,Male,93,344,0,67.73091740715705,27
2002,srv_len,Male,95,344,0,67.73091740715705,27
2002,srv_len,Male,97,344,0,67.73091740715705,27
2002,srv_len,Male,99,344,0,67.73091740715705,27
2002,srv_len,Sex combined,41,638,0,80.11689889230293,27
2002,srv_len,Sex combined,43,638,0,80.11689889230293,27
2002,srv_len,Sex combined,45,638,0.0016,80.11689889230293,27
2002,srv_len,Sex combined,47,638,0.0063,80.11689889230293,27
2002,srv_len,Sex combined,49,638,0.0078,80.11689889230293,27
2002,srv_len,Sex combined,51,638,0.0157,80.11689889230293,27
2002,srv_len,Sex combined,53,638,0.0298,80.11689889230293,27
2002,srv_len,Sex combined,55,638,0.0517,80.11689889230293,27
2002,srv_len,Sex combined,57,638,0.0674,80.11689889230293,27
2002,srv_len,Sex combined,59,638,0.0862,80.11689889230293,27
2002,srv_len,Sex combined,61,638,0.0972,80.11689889230293,27
2002,srv_len,Sex combined,63,638,0.094,80.11689889230293,27
2002,srv_len,Sex combined,65,638,0.0674,80.11689889230293,27
2002,srv_len,Sex combined,67,638,0.0956,80.11689889230293,27
2002,srv_len,Sex combined,69,638,0.0799,80.11689889230293,27
2002,srv_len,Sex combined,71,638,0.0596,80.11689889230293,27
2002,srv_len,Sex combined,73,638,0.0596,80.11689889230293,27
2002,srv_len,Sex combined,75,638,0.0408,80.11689889230293,27
2002,srv_len,Sex combined,77,638,0.0266,80.11689889230293,27
2002,srv_len,Sex combined,79,638,0.0188,80.11689889230293,27
2002,srv_len,Sex combined,81,638,0.0266,80.11689889230293,27
2002,srv_len,Sex combined,83,638,0.0157,80.11689889230293,27
2002,srv_len,Sex combined,85,638,0.0125,80.11689889230293,27
2002,srv_len,Sex combined,87,638,0.011,80.11689889230293,27
2002,srv_len,Sex combined,89,638,0.0063,80.11689889230293,27
2002,srv_len,Sex combined,91,638,0.0047,80.11689889230293,27
2002,srv_len,Sex combined,93,638,0.0063,80.11689889230293,27
2002,srv_len,Sex combined,95,638,0.0016,80.11689889230293,27
2002,srv_len,Sex combined,97,638,0.0031,80.11689889230293,27
2002,srv_len,Sex combined,99,638,0.0063,80.11689889230293,27
2003,srv_len,Female,41,386,0,80.11689889230293,28
2003,srv_len,Female,43,386,0,80.11689889230293,28
2003,srv_len,Female,45,386,0,80.11689889230293,28
2003,srv_len,Female,47,386,0.005181,80.11689889230293,28
2003,srv_len,Female,49,386,0.005181,80.11689889230293,28
2003,srv_len,Female,51,386,0.03886,80.11689889230293,28
2003,srv_len,Female,53,386,0.028497,80.11689889230293,28
2003,srv_len,Female,55,386,0.033679,80.11689889230293,28
2003,srv_len,Female,57,386,0.062176,80.11689889230293,28
2003,srv_len,Female,59,386,0.033679,80.11689889230293,28
2003,srv_len,Female,61,386,0.044041,80.11689889230293,28
2003,srv_len,Female,63,386,0.041451,80.11689889230293,28
2003,srv_len,Female,65,386,0.085492,80.11689889230293,28
2003,srv_len,Female,67,386,0.088083,80.11689889230293,28
2003,srv_len,Female,69,386,0.121762,80.11689889230293,28
2003,srv_len,Female,71,386,0.088083,80.11689889230293,28
2003,srv_len,Female,73,386,0.044041,80.11689889230293,28
2003,srv_len,Female,75,386,0.041451,80.11689889230293,28
2003,srv_len,Female,77,386,0.044041,80.11689889230293,28
2003,srv_len,Female,79,386,0.041451,80.11689889230293,28
2003,srv_len,Female,81,386,0.03886,80.11689889230293,28
2003,srv_len,Female,83,386,0.020725,80.11689889230293,28
2003,srv_len,Female,85,386,0.023316,80.11689889230293,28
2003,srv_len,Female,87,386,0.028497,80.11689889230293,28
2003,srv_len,Female,89,386,0.018135,80.11689889230293,28
2003,srv_len,Female,91,386,0.005181,80.11689889230293,28
2003,srv_len,Female,93,386,0.005181,80.11689889230293,28
2003,srv_len,Female,95,386,0.005181,80.11689889230293,28
2003,srv_len,Female,97,386,0.002591,80.11689889230293,28
2003,srv_len,Female,99,386,0.005181,80.11689889230293,28
2003,srv_len,Male,41,394,0,67.73091740715705,28
2003,srv_len,Male,43,394,0,67.73091740715705,28
2003,srv_len,Male,45,394,0.002538,67.73091740715705,28
2003,srv_len,Male,47,394,0.005076,67.73091740715705,28
2003,srv_len,Male,49,394,0.022843,67.73091740715705,28
2003,srv_len,Male,51,394,0.030457,67.73091740715705,28
2003,srv_len,Male,53,394,0.025381,67.73091740715705,28
2003,srv_len,Male,55,394,0.060914,67.73091740715705,28
2003,srv_len,Male,57,394,0.06599,67.73091740715705,28
2003,srv_len,Male,59,394,0.091371,67.73091740715705,28
2003,srv_len,Male,61,394,0.14467,67.73091740715705,28
2003,srv_len,Male,63,394,0.119289,67.73091740715705,28
2003,srv_len,Male,65,394,0.109137,67.73091740715705,28
2003,srv_len,Male,67,394,0.104061,67.73091740715705,28
2003,srv_len,Male,69,394,0.091371,67.73091740715705,28
2003,srv_len,Male,71,394,0.076142,67.73091740715705,28
2003,srv_len,Male,73,394,0.022843,67.73091740715705,28
2003,srv_len,Male,75,394,0.010152,67.73091740715705,28
2003,srv_len,Male,77,394,0.010152,67.73091740715705,28
2003,srv_len,Male,79,394,0.005076,67.73091740715705,28
2003,srv_len,Male,81,394,0.002538,67.73091740715705,28
2003,srv_len,Male,83,394,0,67.73091740715705,28
2003,srv_len,Male,85,394,0,67.73091740715705,28
2003,srv_len,Male,87,394,0,67.73091740715705,28
2003,srv_len,Male,89,394,0,67.73091740715705,28
2003,srv_len,Male,91,394,0,67.73091740715705,28
2003,srv_len,Male,93,394,0,67.73091740715705,28
2003,srv_len,Male,95,394,0,67.73091740715705,28
2003,srv_len,Male,97,394,0,67.73091740715705,28
2003,srv_len,Male,99,394,0,67.73091740715705,28
2003,srv_len,Sex combined,41,780,0,80.11689889230293,28
2003,srv_len,Sex combined,43,780,0,80.11689889230293,28
2003,srv_len,Sex combined,45,780,0.0013,80.11689889230293,28
2003,srv_len,Sex combined,47,780,0.0051,80.11689889230293,28
2003,srv_len,Sex combined,49,780,0.0141,80.11689889230293,28
2003,srv_len,Sex combined,51,780,0.0346,80.11689889230293,28
2003,srv_len,Sex combined,53,780,0.0269,80.11689889230293,28
2003,srv_len,Sex combined,55,780,0.0474,80.11689889230293,28
2003,srv_len,Sex combined,57,780,0.0641,80.11689889230293,28
2003,srv_len,Sex combined,59,780,0.0628,80.11689889230293,28
2003,srv_len,Sex combined,61,780,0.0949,80.11689889230293,28
2003,srv_len,Sex combined,63,780,0.0808,80.11689889230293,28
2003,srv_len,Sex combined,65,780,0.0974,80.11689889230293,28
2003,srv_len,Sex combined,67,780,0.0962,80.11689889230293,28
2003,srv_len,Sex combined,69,780,0.1064,80.11689889230293,28
2003,srv_len,Sex combined,71,780,0.0821,80.11689889230293,28
2003,srv_len,Sex combined,73,780,0.0333,80.11689889230293,28
2003,srv_len,Sex combined,75,780,0.0256,80.11689889230293,28
2003,srv_len,Sex combined,77,780,0.0269,80.11689889230293,28
2003,srv_len,Sex combined,79,780,0.0231,80.11689889230293,28
2003,srv_len,Sex combined,81,780,0.0205,80.11689889230293,28
2003,srv_len,Sex combined,83,780,0.0103,80.11689889230293,28
2003,srv_len,Sex combined,85,780,0.0115,80.11689889230293,28
2003,srv_len,Sex combined,87,780,0.0141,80.11689889230293,28
2003,srv_len,Sex combined,89,780,0.009,80.11689889230293,28
2003,srv_len,Sex combined,91,780,0.0026,80.11689889230293,28
2003,srv_len,Sex combined,93,780,0.0026,80.11689889230293,28
2003,srv_len,Sex combined,95,780,0.0026,80.11689889230293,28
2003,srv_len,Sex combined,97,780,0.0013,80.11689889230293,28
2003,srv_len,Sex combined,99,780,0.0026,80.11689889230293,28
2004,srv_len,Female,41,395,0,80.11689889230293,29
2004,srv_len,Female,43,395,0,80.11689889230293,29
2004,srv_len,Female,45,395,0,80.11689889230293,29
2004,srv_len,Female,47,395,0,80.11689889230293,29
2004,srv_len,Female,49,395,0.002532,80.11689889230293,29
2004,srv_len,Female,51,395,0.03038,80.11689889230293,29
2004,srv_len,Female,53,395,0.01519,80.11689889230293,29
2004,srv_len,Female,55,395,0.035443,80.11689889230293,29
2004,srv_len,Female,57,395,0.048101,80.11689889230293,29
2004,srv_len,Female,59,395,0.037975,80.11689889230293,29
2004,srv_len,Female,61,395,0.048101,80.11689889230293,29
2004,srv_len,Female,63,395,0.055696,80.11689889230293,29
2004,srv_len,Female,65,395,0.098734,80.11689889230293,29
2004,srv_len,Female,67,395,0.103797,80.11689889230293,29
2004,srv_len,Female,69,395,0.129114,80.11689889230293,29
2004,srv_len,Female,71,395,0.113924,80.11689889230293,29
2004,srv_len,Female,73,395,0.068354,80.11689889230293,29
2004,srv_len,Female,75,395,0.040506,80.11689889230293,29
2004,srv_len,Female,77,395,0.037975,80.11689889230293,29
2004,srv_len,Female,79,395,0.025316,80.11689889230293,29
2004,srv_len,Female,81,395,0.017722,80.11689889230293,29
2004,srv_len,Female,83,395,0.007595,80.11689889230293,29
2004,srv_len,Female,85,395,0.022785,80.11689889230293,29
2004,srv_len,Female,87,395,0.010127,80.11689889230293,29
2004,srv_len,Female,89,395,0.005063,80.11689889230293,29
2004,srv_len,Female,91,395,0.002532,80.11689889230293,29
2004,srv_len,Female,93,395,0.002532,80.11689889230293,29
2004,srv_len,Female,95,395,0.002532,80.11689889230293,29
2004,srv_len,Female,97,395,0.005063,80.11689889230293,29
2004,srv_len,Female,99,395,0.032911,80.11689889230293,29
2004,srv_len,Male,41,342,0,67.73091740715705,29
2004,srv_len,Male,43,342,0,67.73091740715705,29
2004,srv_len,Male,45,342,0,67.73091740715705,29
2004,srv_len,Male,47,342,0,67.73091740715705,29
2004,srv_len,Male,49,342,0.002924,67.73091740715705,29
2004,srv_len,Male,51,342,0.023392,67.73091740715705,29
2004,srv_len,Male,53,342,0.035088,67.73091740715705,29
2004,srv_len,Male,55,342,0.038012,67.73091740715705,29
2004,srv_len,Male,57,342,0.084795,67.73091740715705,29
2004,srv_len,Male,59,342,0.119883,67.73091740715705,29
2004,srv_len,Male,61,342,0.128655,67.73091740715705,29
2004,srv_len,Male,63,342,0.140351,67.73091740715705,29
2004,srv_len,Male,65,342,0.116959,67.73091740715705,29
2004,srv_len,Male,67,342,0.137427,67.73091740715705,29
2004,srv_len,Male,69,342,0.087719,67.73091740715705,29
2004,srv_len,Male,71,342,0.02924,67.73091740715705,29
2004,srv_len,Male,73,342,0.023392,67.73091740715705,29
2004,srv_len,Male,75,342,0.023392,67.73091740715705,29
2004,srv_len,Male,77,342,0.005848,67.73091740715705,29
2004,srv_len,Male,79,342,0.002924,67.73091740715705,29
2004,srv_len,Male,81,342,0,67.73091740715705,29
2004,srv_len,Male,83,342,0,67.73091740715705,29
2004,srv_len,Male,85,342,0,67.73091740715705,29
2004,srv_len,Male,87,342,0,67.73091740715705,29
2004,srv_len,Male,89,342,0,67.73091740715705,29
2004,srv_len,Male,91,342,0,67.73091740715705,29
2004,srv_len,Male,93,342,0,67.73091740715705,29
2004,srv_len,Male,95,342,0,67.73091740715705,29
2004,srv_len,Male,97,342,0,67.73091740715705,29
2004,srv_len,Male,99,342,0,67.73091740715705,29
2004,srv_len,Sex combined,41,737,0,80.11689889230293,29
2004,srv_len,Sex combined,43,737,0,80.11689889230293,29
2004,srv_len,Sex combined,45,737,0,80.11689889230293,29
2004,srv_len,Sex combined,47,737,0,80.11689889230293,29
2004,srv_len,Sex combined,49,737,0.0027,80.11689889230293,29
2004,srv_len,Sex combined,51,737,0.0271,80.11689889230293,29
2004,srv_len,Sex combined,53,737,0.0244,80.11689889230293,29
2004,srv_len,Sex combined,55,737,0.0366,80.11689889230293,29
2004,srv_len,Sex combined,57,737,0.0651,80.11689889230293,29
2004,srv_len,Sex combined,59,737,0.076,80.11689889230293,29
2004,srv_len,Sex combined,61,737,0.0855,80.11689889230293,29
2004,srv_len,Sex combined,63,737,0.095,80.11689889230293,29
2004,srv_len,Sex combined,65,737,0.1072,80.11689889230293,29
2004,srv_len,Sex combined,67,737,0.1194,80.11689889230293,29
2004,srv_len,Sex combined,69,737,0.1099,80.11689889230293,29
2004,srv_len,Sex combined,71,737,0.0746,80.11689889230293,29
2004,srv_len,Sex combined,73,737,0.0475,80.11689889230293,29
2004,srv_len,Sex combined,75,737,0.0326,80.11689889230293,29
2004,srv_len,Sex combined,77,737,0.0231,80.11689889230293,29
2004,srv_len,Sex combined,79,737,0.0149,80.11689889230293,29
2004,srv_len,Sex combined,81,737,0.0095,80.11689889230293,29
2004,srv_len,Sex combined,83,737,0.0041,80.11689889230293,29
2004,srv_len,Sex combined,85,737,0.0122,80.11689889230293,29
2004,srv_len,Sex combined,87,737,0.0054,80.11689889230293,29
2004,srv_len,Sex combined,89,737,0.0027,80.11689889230293,29
2004,srv_len,Sex combined,91,737,0.0014,80.11689889230293,29
2004,srv_len,Sex combined,93,737,0.0014,80.11689889230293,29
2004,srv_len,Sex combined,95,737,0.0014,80.11689889230293,29
2004,srv_len,Sex combined,97,737,0.0027,80.11689889230293,29
2004,srv_len,Sex combined,99,737,0.0176,80.11689889230293,29
2005,srv_len,Female,41,502,0,80.11689889230293,30
2005,srv_len,Female,43,502,0,80.11689889230293,30
2005,srv_len,Female,45,502,0,80.11689889230293,30
2005,srv_len,Female,47,502,0.001992,80.11689889230293,30
2005,srv_len,Female,49,502,0,80.11689889230293,30
2005,srv_len,Female,51,502,0,80.11689889230293,30
2005,srv_len,Female,53,502,0.00996,80.11689889230293,30
2005,srv_len,Female,55,502,0.00996,80.11689889230293,30
2005,srv_len,Female,57,502,0.013944,80.11689889230293,30
2005,srv_len,Female,59,502,0.00996,80.11689889230293,30
2005,srv_len,Female,61,502,0.02988,80.11689889230293,30
2005,srv_len,Female,63,502,0.051793,80.11689889230293,30
2005,srv_len,Female,65,502,0.091633,80.11689889230293,30
2005,srv_len,Female,67,502,0.11753,80.11689889230293,30
2005,srv_len,Female,69,502,0.11753,80.11689889230293,30
2005,srv_len,Female,71,502,0.151394,80.11689889230293,30
2005,srv_len,Female,73,502,0.095618,80.11689889230293,30
2005,srv_len,Female,75,502,0.035857,80.11689889230293,30
2005,srv_len,Female,77,502,0.035857,80.11689889230293,30
2005,srv_len,Female,79,502,0.027888,80.11689889230293,30
2005,srv_len,Female,81,502,0.031873,80.11689889230293,30
2005,srv_len,Female,83,502,0.02988,80.11689889230293,30
2005,srv_len,Female,85,502,0.017928,80.11689889230293,30
2005,srv_len,Female,87,502,0.01992,80.11689889230293,30
2005,srv_len,Female,89,502,0.017928,80.11689889230293,30
2005,srv_len,Female,91,502,0.015936,80.11689889230293,30
2005,srv_len,Female,93,502,0.01992,80.11689889230293,30
2005,srv_len,Female,95,502,0.017928,80.11689889230293,30
2005,srv_len,Female,97,502,0.005976,80.11689889230293,30
2005,srv_len,Female,99,502,0.021912,80.11689889230293,30
2005,srv_len,Male,41,366,0,67.73091740715705,30
2005,srv_len,Male,43,366,0,67.73091740715705,30
2005,srv_len,Male,45,366,0,67.73091740715705,30
2005,srv_len,Male,47,366,0,67.73091740715705,30
2005,srv_len,Male,49,366,0,67.73091740715705,30
2005,srv_len,Male,51,366,0,67.73091740715705,30
2005,srv_len,Male,53,366,0.027322,67.73091740715705,30
2005,srv_len,Male,55,366,0.027322,67.73091740715705,30
2005,srv_len,Male,57,366,0.038251,67.73091740715705,30
2005,srv_len,Male,59,366,0.071038,67.73091740715705,30
2005,srv_len,Male,61,366,0.120219,67.73091740715705,30
2005,srv_len,Male,63,366,0.196721,67.73091740715705,30
2005,srv_len,Male,65,366,0.185792,67.73091740715705,30
2005,srv_len,Male,67,366,0.120219,67.73091740715705,30
2005,srv_len,Male,69,366,0.092896,67.73091740715705,30
2005,srv_len,Male,71,366,0.068306,67.73091740715705,30
2005,srv_len,Male,73,366,0.013661,67.73091740715705,30
2005,srv_len,Male,75,366,0.013661,67.73091740715705,30
2005,srv_len,Male,77,366,0.008197,67.73091740715705,30
2005,srv_len,Male,79,366,0.010929,67.73091740715705,30
2005,srv_len,Male,81,366,0.005464,67.73091740715705,30
2005,srv_len,Male,83,366,0,67.73091740715705,30
2005,srv_len,Male,85,366,0,67.73091740715705,30
2005,srv_len,Male,87,366,0,67.73091740715705,30
2005,srv_len,Male,89,366,0,67.73091740715705,30
2005,srv_len,Male,91,366,0,67.73091740715705,30
2005,srv_len,Male,93,366,0,67.73091740715705,30
2005,srv_len,Male,95,366,0,67.73091740715705,30
2005,srv_len,Male,97,366,0,67.73091740715705,30
2005,srv_len,Male,99,366,0,67.73091740715705,30
2005,srv_len,Sex combined,41,868,0,80.11689889230293,30
2005,srv_len,Sex combined,43,868,0,80.11689889230293,30
2005,srv_len,Sex combined,45,868,0,80.11689889230293,30
2005,srv_len,Sex combined,47,868,0.0012,80.11689889230293,30
2005,srv_len,Sex combined,49,868,0,80.11689889230293,30
2005,srv_len,Sex combined,51,868,0,80.11689889230293,30
2005,srv_len,Sex combined,53,868,0.0173,80.11689889230293,30
2005,srv_len,Sex combined,55,868,0.0173,80.11689889230293,30
2005,srv_len,Sex combined,57,868,0.0242,80.11689889230293,30
2005,srv_len,Sex combined,59,868,0.0357,80.11689889230293,30
2005,srv_len,Sex combined,61,868,0.068,80.11689889230293,30
2005,srv_len,Sex combined,63,868,0.1129,80.11689889230293,30
2005,srv_len,Sex combined,65,868,0.1313,80.11689889230293,30
2005,srv_len,Sex combined,67,868,0.1187,80.11689889230293,30
2005,srv_len,Sex combined,69,868,0.1071,80.11689889230293,30
2005,srv_len,Sex combined,71,868,0.1164,80.11689889230293,30
2005,srv_len,Sex combined,73,868,0.0611,80.11689889230293,30
2005,srv_len,Sex combined,75,868,0.0265,80.11689889230293,30
2005,srv_len,Sex combined,77,868,0.0242,80.11689889230293,30
2005,srv_len,Sex combined,79,868,0.0207,80.11689889230293,30
2005,srv_len,Sex combined,81,868,0.0207,80.11689889230293,30
2005,srv_len,Sex combined,83,868,0.0173,80.11689889230293,30
2005,srv_len,Sex combined,85,868,0.0104,80.11689889230293,30
2005,srv_len,Sex combined,87,868,0.0115,80.11689889230293,30
2005,srv_len,Sex combined,89,868,0.0104,80.11689889230293,30
2005,srv_len,Sex combined,91,868,0.0092,80.11689889230293,30
2005,srv_len,Sex combined,93,868,0.0115,80.11689889230293,30
2005,srv_len,Sex combined,95,868,0.0104,80.11689889230293,30
2005,srv_len,Sex combined,97,868,0.0035,80.11689889230293,30
2005,srv_len,Sex combined,99,868,0.0127,80.11689889230293,30
2006,srv_len,Female,41,416,0,80.11689889230293,31
2006,srv_len,Female,43,416,0,80.11689889230293,31
2006,srv_len,Female,45,416,0,80.11689889230293,31
2006,srv_len,Female,47,416,0,80.11689889230293,31
2006,srv_len,Female,49,416,0,80.11689889230293,31
2006,srv_len,Female,51,416,0.007212,80.11689889230293,31
2006,srv_len,Female,53,416,0.004808,80.11689889230293,31
2006,srv_len,Female,55,416,0.014423,80.11689889230293,31
2006,srv_len,Female,57,416,0.019231,80.11689889230293,31
2006,srv_len,Female,59,416,0.026442,80.11689889230293,31
2006,srv_len,Female,61,416,0.019231,80.11689889230293,31
2006,srv_len,Female,63,416,0.043269,80.11689889230293,31
2006,srv_len,Female,65,416,0.048077,80.11689889230293,31
2006,srv_len,Female,67,416,0.103365,80.11689889230293,31
2006,srv_len,Female,69,416,0.161058,80.11689889230293,31
2006,srv_len,Female,71,416,0.180288,80.11689889230293,31
2006,srv_len,Female,73,416,0.125,80.11689889230293,31
2006,srv_len,Female,75,416,0.074519,80.11689889230293,31
2006,srv_len,Female,77,416,0.043269,80.11689889230293,31
2006,srv_len,Female,79,416,0.036058,80.11689889230293,31
2006,srv_len,Female,81,416,0.014423,80.11689889230293,31
2006,srv_len,Female,83,416,0.019231,80.11689889230293,31
2006,srv_len,Female,85,416,0.016827,80.11689889230293,31
2006,srv_len,Female,87,416,0.007212,80.11689889230293,31
2006,srv_len,Female,89,416,0.012019,80.11689889230293,31
2006,srv_len,Female,91,416,0.004808,80.11689889230293,31
2006,srv_len,Female,93,416,0.009615,80.11689889230293,31
2006,srv_len,Female,95,416,0.002404,80.11689889230293,31
2006,srv_len,Female,97,416,0.002404,80.11689889230293,31
2006,srv_len,Female,99,416,0.004808,80.11689889230293,31
2006,srv_len,Male,41,316,0,67.73091740715705,31
2006,srv_len,Male,43,316,0,67.73091740715705,31
2006,srv_len,Male,45,316,0,67.73091740715705,31
2006,srv_len,Male,47,316,0,67.73091740715705,31
2006,srv_len,Male,49,316,0.006329,67.73091740715705,31
2006,srv_len,Male,51,316,0.009494,67.73091740715705,31
2006,srv_len,Male,53,316,0,67.73091740715705,31
2006,srv_len,Male,55,316,0.012658,67.73091740715705,31
2006,srv_len,Male,57,316,0.03481,67.73091740715705,31
2006,srv_len,Male,59,316,0.085443,67.73091740715705,31
2006,srv_len,Male,61,316,0.129747,67.73091740715705,31
2006,srv_len,Male,63,316,0.18670900000000001,67.73091740715705,31
2006,srv_len,Male,65,316,0.161392,67.73091740715705,31
2006,srv_len,Male,67,316,0.167722,67.73091740715705,31
2006,srv_len,Male,69,316,0.113924,67.73091740715705,31
2006,srv_len,Male,71,316,0.037975,67.73091740715705,31
2006,srv_len,Male,73,316,0.015823,67.73091740715705,31
2006,srv_len,Male,75,316,0.015823,67.73091740715705,31
2006,srv_len,Male,77,316,0.009494,67.73091740715705,31
2006,srv_len,Male,79,316,0.003165,67.73091740715705,31
2006,srv_len,Male,81,316,0,67.73091740715705,31
2006,srv_len,Male,83,316,0.006329,67.73091740715705,31
2006,srv_len,Male,85,316,0,67.73091740715705,31
2006,srv_len,Male,87,316,0,67.73091740715705,31
2006,srv_len,Male,89,316,0,67.73091740715705,31
2006,srv_len,Male,91,316,0.003165,67.73091740715705,31
2006,srv_len,Male,93,316,0,67.73091740715705,31
2006,srv_len,Male,95,316,0,67.73091740715705,31
2006,srv_len,Male,97,316,0,67.73091740715705,31
2006,srv_len,Male,99,316,0,67.73091740715705,31
2006,srv_len,Sex combined,41,732,0,80.11689889230293,31
2006,srv_len,Sex combined,43,732,0,80.11689889230293,31
2006,srv_len,Sex combined,45,732,0,80.11689889230293,31
2006,srv_len,Sex combined,47,732,0,80.11689889230293,31
2006,srv_len,Sex combined,49,732,0.0027,80.11689889230293,31
2006,srv_len,Sex combined,51,732,0.0082,80.11689889230293,31
2006,srv_len,Sex combined,53,732,0.0027,80.11689889230293,31
2006,srv_len,Sex combined,55,732,0.0137,80.11689889230293,31
2006,srv_len,Sex combined,57,732,0.026,80.11689889230293,31
2006,srv_len,Sex combined,59,732,0.0519,80.11689889230293,31
2006,srv_len,Sex combined,61,732,0.0669,80.11689889230293,31
2006,srv_len,Sex combined,63,732,0.1052,80.11689889230293,31
2006,srv_len,Sex combined,65,732,0.097,80.11689889230293,31
2006,srv_len,Sex combined,67,732,0.1311,80.11689889230293,31
2006,srv_len,Sex combined,69,732,0.1407,80.11689889230293,31
2006,srv_len,Sex combined,71,732,0.1189,80.11689889230293,31
2006,srv_len,Sex combined,73,732,0.0779,80.11689889230293,31
2006,srv_len,Sex combined,75,732,0.0492,80.11689889230293,31
2006,srv_len,Sex combined,77,732,0.0287,80.11689889230293,31
2006,srv_len,Sex combined,79,732,0.0219,80.11689889230293,31
2006,srv_len,Sex combined,81,732,0.0082,80.11689889230293,31
2006,srv_len,Sex combined,83,732,0.0137,80.11689889230293,31
2006,srv_len,Sex combined,85,732,0.0096,80.11689889230293,31
2006,srv_len,Sex combined,87,732,0.0041,80.11689889230293,31
2006,srv_len,Sex combined,89,732,0.0068,80.11689889230293,31
2006,srv_len,Sex combined,91,732,0.0041,80.11689889230293,31
2006,srv_len,Sex combined,93,732,0.0055,80.11689889230293,31
2006,srv_len,Sex combined,95,732,0.0014,80.11689889230293,31
2006,srv_len,Sex combined,97,732,0.0014,80.11689889230293,31
2006,srv_len,Sex combined,99,732,0.0027,80.11689889230293,31
2007,srv_len,Female,41,408,0,80.11689889230293,32
2007,srv_len,Female,43,408,0,80.11689889230293,32
2007,srv_len,Female,45,408,0,80.11689889230293,32
2007,srv_len,Female,47,408,0,80.11689889230293,32
2007,srv_len,Female,49,408,0.004902,80.11689889230293,32
2007,srv_len,Female,51,408,0.007353,80.11689889230293,32
2007,srv_len,Female,53,408,0.007353,80.11689889230293,32
2007,srv_len,Female,55,408,0.026961,80.11689889230293,32
2007,srv_len,Female,57,408,0.017157,80.11689889230293,32
2007,srv_len,Female,59,408,0.051471,80.11689889230293,32
2007,srv_len,Female,61,408,0.026961,80.11689889230293,32
2007,srv_len,Female,63,408,0.034314,80.11689889230293,32
2007,srv_len,Female,65,408,0.083333,80.11689889230293,32
2007,srv_len,Female,67,408,0.112745,80.11689889230293,32
2007,srv_len,Female,69,408,0.115196,80.11689889230293,32
2007,srv_len,Female,71,408,0.134804,80.11689889230293,32
2007,srv_len,Female,73,408,0.105392,80.11689889230293,32
2007,srv_len,Female,75,408,0.098039,80.11689889230293,32
2007,srv_len,Female,77,408,0.046569,80.11689889230293,32
2007,srv_len,Female,79,408,0.036765,80.11689889230293,32
2007,srv_len,Female,81,408,0.029412,80.11689889230293,32
2007,srv_len,Female,83,408,0.012255,80.11689889230293,32
2007,srv_len,Female,85,408,0.012255,80.11689889230293,32
2007,srv_len,Female,87,408,0.007353,80.11689889230293,32
2007,srv_len,Female,89,408,0.009804,80.11689889230293,32
2007,srv_len,Female,91,408,0.004902,80.11689889230293,32
2007,srv_len,Female,93,408,0.002451,80.11689889230293,32
2007,srv_len,Female,95,408,0,80.11689889230293,32
2007,srv_len,Female,97,408,0.004902,80.11689889230293,32
2007,srv_len,Female,99,408,0.007353,80.11689889230293,32
2007,srv_len,Male,41,329,0,67.73091740715705,32
2007,srv_len,Male,43,329,0,67.73091740715705,32
2007,srv_len,Male,45,329,0,67.73091740715705,32
2007,srv_len,Male,47,329,0,67.73091740715705,32
2007,srv_len,Male,49,329,0.015198,67.73091740715705,32
2007,srv_len,Male,51,329,0.018237,67.73091740715705,32
2007,srv_len,Male,53,329,0.018237,67.73091740715705,32
2007,srv_len,Male,55,329,0.036474,67.73091740715705,32
2007,srv_len,Male,57,329,0.057751,67.73091740715705,32
2007,srv_len,Male,59,329,0.066869,67.73091740715705,32
2007,srv_len,Male,61,329,0.142857,67.73091740715705,32
2007,srv_len,Male,63,329,0.167173,67.73091740715705,32
2007,srv_len,Male,65,329,0.194529,67.73091740715705,32
2007,srv_len,Male,67,329,0.118541,67.73091740715705,32
2007,srv_len,Male,69,329,0.066869,67.73091740715705,32
2007,srv_len,Male,71,329,0.06383,67.73091740715705,32
2007,srv_len,Male,73,329,0.015198,67.73091740715705,32
2007,srv_len,Male,75,329,0.012158,67.73091740715705,32
2007,srv_len,Male,77,329,0.00304,67.73091740715705,32
2007,srv_len,Male,79,329,0,67.73091740715705,32
2007,srv_len,Male,81,329,0,67.73091740715705,32
2007,srv_len,Male,83,329,0,67.73091740715705,32
2007,srv_len,Male,85,329,0.00304,67.73091740715705,32
2007,srv_len,Male,87,329,0,67.73091740715705,32
2007,srv_len,Male,89,329,0,67.73091740715705,32
2007,srv_len,Male,91,329,0,67.73091740715705,32
2007,srv_len,Male,93,329,0,67.73091740715705,32
2007,srv_len,Male,95,329,0,67.73091740715705,32
2007,srv_len,Male,97,329,0,67.73091740715705,32
2007,srv_len,Male,99,329,0,67.73091740715705,32
2007,srv_len,Sex combined,41,737,0,80.11689889230293,32
2007,srv_len,Sex combined,43,737,0,80.11689889230293,32
2007,srv_len,Sex combined,45,737,0,80.11689889230293,32
2007,srv_len,Sex combined,47,737,0,80.11689889230293,32
2007,srv_len,Sex combined,49,737,0.0095,80.11689889230293,32
2007,srv_len,Sex combined,51,737,0.0122,80.11689889230293,32
2007,srv_len,Sex combined,53,737,0.0122,80.11689889230293,32
2007,srv_len,Sex combined,55,737,0.0312,80.11689889230293,32
2007,srv_len,Sex combined,57,737,0.0353,80.11689889230293,32
2007,srv_len,Sex combined,59,737,0.0583,80.11689889230293,32
2007,srv_len,Sex combined,61,737,0.0787,80.11689889230293,32
2007,srv_len,Sex combined,63,737,0.0936,80.11689889230293,32
2007,srv_len,Sex combined,65,737,0.133,80.11689889230293,32
2007,srv_len,Sex combined,67,737,0.1153,80.11689889230293,32
2007,srv_len,Sex combined,69,737,0.0936,80.11689889230293,32
2007,srv_len,Sex combined,71,737,0.1031,80.11689889230293,32
2007,srv_len,Sex combined,73,737,0.0651,80.11689889230293,32
2007,srv_len,Sex combined,75,737,0.0597,80.11689889230293,32
2007,srv_len,Sex combined,77,737,0.0271,80.11689889230293,32
2007,srv_len,Sex combined,79,737,0.0204,80.11689889230293,32
2007,srv_len,Sex combined,81,737,0.0163,80.11689889230293,32
2007,srv_len,Sex combined,83,737,0.0068,80.11689889230293,32
2007,srv_len,Sex combined,85,737,0.0081,80.11689889230293,32
2007,srv_len,Sex combined,87,737,0.0041,80.11689889230293,32
2007,srv_len,Sex combined,89,737,0.0054,80.11689889230293,32
2007,srv_len,Sex combined,91,737,0.0027,80.11689889230293,32
2007,srv_len,Sex combined,93,737,0.0014,80.11689889230293,32
2007,srv_len,Sex combined,95,737,0,80.11689889230293,32
2007,srv_len,Sex combined,97,737,0.0027,80.11689889230293,32
2007,srv_len,Sex combined,99,737,0.0041,80.11689889230293,32
2008,srv_len,Female,41,336,0,80.11689889230293,33
2008,srv_len,Female,43,336,0,80.11689889230293,33
2008,srv_len,Female,45,336,0,80.11689889230293,33
2008,srv_len,Female,47,336,0,80.11689889230293,33
2008,srv_len,Female,49,336,0.002976,80.11689889230293,33
2008,srv_len,Female,51,336,0.005952,80.11689889230293,33
2008,srv_len,Female,53,336,0.014881,80.11689889230293,33
2008,srv_len,Female,55,336,0.008929,80.11689889230293,33
2008,srv_len,Female,57,336,0.002976,80.11689889230293,33
2008,srv_len,Female,59,336,0.011905,80.11689889230293,33
2008,srv_len,Female,61,336,0.041667,80.11689889230293,33
2008,srv_len,Female,63,336,0.053571,80.11689889230293,33
2008,srv_len,Female,65,336,0.056548,80.11689889230293,33
2008,srv_len,Female,67,336,0.107143,80.11689889230293,33
2008,srv_len,Female,69,336,0.127976,80.11689889230293,33
2008,srv_len,Female,71,336,0.116071,80.11689889230293,33
2008,srv_len,Female,73,336,0.107143,80.11689889230293,33
2008,srv_len,Female,75,336,0.098214,80.11689889230293,33
2008,srv_len,Female,77,336,0.053571,80.11689889230293,33
2008,srv_len,Female,79,336,0.050595,80.11689889230293,33
2008,srv_len,Female,81,336,0.041667,80.11689889230293,33
2008,srv_len,Female,83,336,0.032738,80.11689889230293,33
2008,srv_len,Female,85,336,0.014881,80.11689889230293,33
2008,srv_len,Female,87,336,0.011905,80.11689889230293,33
2008,srv_len,Female,89,336,0.005952,80.11689889230293,33
2008,srv_len,Female,91,336,0.011905,80.11689889230293,33
2008,srv_len,Female,93,336,0.008929,80.11689889230293,33
2008,srv_len,Female,95,336,0.002976,80.11689889230293,33
2008,srv_len,Female,97,336,0.002976,80.11689889230293,33
2008,srv_len,Female,99,336,0.005952,80.11689889230293,33
2008,srv_len,Male,41,270,0,67.73091740715705,33
2008,srv_len,Male,43,270,0,67.73091740715705,33
2008,srv_len,Male,45,270,0,67.73091740715705,33
2008,srv_len,Male,47,270,0,67.73091740715705,33
2008,srv_len,Male,49,270,0.003704,67.73091740715705,33
2008,srv_len,Male,51,270,0,67.73091740715705,33
2008,srv_len,Male,53,270,0.025926,67.73091740715705,33
2008,srv_len,Male,55,270,0.011111,67.73091740715705,33
2008,srv_len,Male,57,270,0.037037,67.73091740715705,33
2008,srv_len,Male,59,270,0.103704,67.73091740715705,33
2008,srv_len,Male,61,270,0.144444,67.73091740715705,33
2008,srv_len,Male,63,270,0.155556,67.73091740715705,33
2008,srv_len,Male,65,270,0.159259,67.73091740715705,33
2008,srv_len,Male,67,270,0.133333,67.73091740715705,33
2008,srv_len,Male,69,270,0.092593,67.73091740715705,33
2008,srv_len,Male,71,270,0.066667,67.73091740715705,33
2008,srv_len,Male,73,270,0.033333,67.73091740715705,33
2008,srv_len,Male,75,270,0.022222,67.73091740715705,33
2008,srv_len,Male,77,270,0.003704,67.73091740715705,33
2008,srv_len,Male,79,270,0.003704,67.73091740715705,33
2008,srv_len,Male,81,270,0.003704,67.73091740715705,33
2008,srv_len,Male,83,270,0,67.73091740715705,33
2008,srv_len,Male,85,270,0,67.73091740715705,33
2008,srv_len,Male,87,270,0,67.73091740715705,33
2008,srv_len,Male,89,270,0,67.73091740715705,33
2008,srv_len,Male,91,270,0,67.73091740715705,33
2008,srv_len,Male,93,270,0,67.73091740715705,33
2008,srv_len,Male,95,270,0,67.73091740715705,33
2008,srv_len,Male,97,270,0,67.73091740715705,33
2008,srv_len,Male,99,270,0,67.73091740715705,33
2008,srv_len,Sex combined,41,606,0,80.11689889230293,33
2008,srv_len,Sex combined,43,606,0,80.11689889230293,33
2008,srv_len,Sex combined,45,606,0,80.11689889230293,33
2008,srv_len,Sex combined,47,606,0,80.11689889230293,33
2008,srv_len,Sex combined,49,606,0.0033,80.11689889230293,33
2008,srv_len,Sex combined,51,606,0.0033,80.11689889230293,33
2008,srv_len,Sex combined,53,606,0.0198,80.11689889230293,33
2008,srv_len,Sex combined,55,606,0.0099,80.11689889230293,33
2008,srv_len,Sex combined,57,606,0.0182,80.11689889230293,33
2008,srv_len,Sex combined,59,606,0.0528,80.11689889230293,33
2008,srv_len,Sex combined,61,606,0.0875,80.11689889230293,33
2008,srv_len,Sex combined,63,606,0.099,80.11689889230293,33
2008,srv_len,Sex combined,65,606,0.1023,80.11689889230293,33
2008,srv_len,Sex combined,67,606,0.1188,80.11689889230293,33
2008,srv_len,Sex combined,69,606,0.1122,80.11689889230293,33
2008,srv_len,Sex combined,71,606,0.0941,80.11689889230293,33
2008,srv_len,Sex combined,73,606,0.0743,80.11689889230293,33
2008,srv_len,Sex combined,75,606,0.0644,80.11689889230293,33
2008,srv_len,Sex combined,77,606,0.0314,80.11689889230293,33
2008,srv_len,Sex combined,79,606,0.0297,80.11689889230293,33
2008,srv_len,Sex combined,81,606,0.0248,80.11689889230293,33
2008,srv_len,Sex combined,83,606,0.0182,80.11689889230293,33
2008,srv_len,Sex combined,85,606,0.0083,80.11689889230293,33
2008,srv_len,Sex combined,87,606,0.0066,80.11689889230293,33
2008,srv_len,Sex combined,89,606,0.0033,80.11689889230293,33
2008,srv_len,Sex combined,91,606,0.0066,80.11689889230293,33
2008,srv_len,Sex combined,93,606,0.005,80.11689889230293,33
2008,srv_len,Sex combined,95,606,0.0017,80.11689889230293,33
2008,srv_len,Sex combined,97,606,0.0017,80.11689889230293,33
2008,srv_len,Sex combined,99,606,0.0033,80.11689889230293,33
2009,srv_len,Female,41,365,0,80.11689889230293,34
2009,srv_len,Female,43,365,0,80.11689889230293,34
2009,srv_len,Female,45,365,0,80.11689889230293,34
2009,srv_len,Female,47,365,0.005479,80.11689889230293,34
2009,srv_len,Female,49,365,0,80.11689889230293,34
2009,srv_len,Female,51,365,0.008219,80.11689889230293,34
2009,srv_len,Female,53,365,0.005479,80.11689889230293,34
2009,srv_len,Female,55,365,0.008219,80.11689889230293,34
2009,srv_len,Female,57,365,0.013699,80.11689889230293,34
2009,srv_len,Female,59,365,0.010959,80.11689889230293,34
2009,srv_len,Female,61,365,0.008219,80.11689889230293,34
2009,srv_len,Female,63,365,0.046575,80.11689889230293,34
2009,srv_len,Female,65,365,0.087671,80.11689889230293,34
2009,srv_len,Female,67,365,0.093151,80.11689889230293,34
2009,srv_len,Female,69,365,0.10137,80.11689889230293,34
2009,srv_len,Female,71,365,0.178082,80.11689889230293,34
2009,srv_len,Female,73,365,0.10137,80.11689889230293,34
2009,srv_len,Female,75,365,0.106849,80.11689889230293,34
2009,srv_len,Female,77,365,0.049315,80.11689889230293,34
2009,srv_len,Female,79,365,0.049315,80.11689889230293,34
2009,srv_len,Female,81,365,0.013699,80.11689889230293,34
2009,srv_len,Female,83,365,0.038356,80.11689889230293,34
2009,srv_len,Female,85,365,0.024658,80.11689889230293,34
2009,srv_len,Female,87,365,0.008219,80.11689889230293,34
2009,srv_len,Female,89,365,0.016438,80.11689889230293,34
2009,srv_len,Female,91,365,0,80.11689889230293,34
2009,srv_len,Female,93,365,0.008219,80.11689889230293,34
2009,srv_len,Female,95,365,0.008219,80.11689889230293,34
2009,srv_len,Female,97,365,0.00274,80.11689889230293,34
2009,srv_len,Female,99,365,0.005479,80.11689889230293,34
2009,srv_len,Male,41,253,0,67.73091740715705,34
2009,srv_len,Male,43,253,0,67.73091740715705,34
2009,srv_len,Male,45,253,0,67.73091740715705,34
2009,srv_len,Male,47,253,0,67.73091740715705,34
2009,srv_len,Male,49,253,0.003953,67.73091740715705,34
2009,srv_len,Male,51,253,0.007905,67.73091740715705,34
2009,srv_len,Male,53,253,0.011858,67.73091740715705,34
2009,srv_len,Male,55,253,0.023715,67.73091740715705,34
2009,srv_len,Male,57,253,0.023715,67.73091740715705,34
2009,srv_len,Male,59,253,0.059289,67.73091740715705,34
2009,srv_len,Male,61,253,0.110672,67.73091740715705,34
2009,srv_len,Male,63,253,0.16996,67.73091740715705,34
2009,srv_len,Male,65,253,0.150198,67.73091740715705,34
2009,srv_len,Male,67,253,0.142292,67.73091740715705,34
2009,srv_len,Male,69,253,0.110672,67.73091740715705,34
2009,srv_len,Male,71,253,0.090909,67.73091740715705,34
2009,srv_len,Male,73,253,0.047431,67.73091740715705,34
2009,srv_len,Male,75,253,0.023715,67.73091740715705,34
2009,srv_len,Male,77,253,0.011858,67.73091740715705,34
2009,srv_len,Male,79,253,0.007905,67.73091740715705,34
2009,srv_len,Male,81,253,0.003953,67.73091740715705,34
2009,srv_len,Male,83,253,0,67.73091740715705,34
2009,srv_len,Male,85,253,0,67.73091740715705,34
2009,srv_len,Male,87,253,0,67.73091740715705,34
2009,srv_len,Male,89,253,0,67.73091740715705,34
2009,srv_len,Male,91,253,0,67.73091740715705,34
2009,srv_len,Male,93,253,0,67.73091740715705,34
2009,srv_len,Male,95,253,0,67.73091740715705,34
2009,srv_len,Male,97,253,0,67.73091740715705,34
2009,srv_len,Male,99,253,0,67.73091740715705,34
2009,srv_len,Sex combined,41,618,0,80.11689889230293,34
2009,srv_len,Sex combined,43,618,0,80.11689889230293,34
2009,srv_len,Sex combined,45,618,0,80.11689889230293,34
2009,srv_len,Sex combined,47,618,0.0032,80.11689889230293,34
2009,srv_len,Sex combined,49,618,0.0016,80.11689889230293,34
2009,srv_len,Sex combined,51,618,0.0081,80.11689889230293,34
2009,srv_len,Sex combined,53,618,0.0081,80.11689889230293,34
2009,srv_len,Sex combined,55,618,0.0146,80.11689889230293,34
2009,srv_len,Sex combined,57,618,0.0178,80.11689889230293,34
2009,srv_len,Sex combined,59,618,0.0307,80.11689889230293,34
2009,srv_len,Sex combined,61,618,0.0502,80.11689889230293,34
2009,srv_len,Sex combined,63,618,0.0971,80.11689889230293,34
2009,srv_len,Sex combined,65,618,0.1133,80.11689889230293,34
2009,srv_len,Sex combined,67,618,0.1133,80.11689889230293,34
2009,srv_len,Sex combined,69,618,0.1052,80.11689889230293,34
2009,srv_len,Sex combined,71,618,0.1424,80.11689889230293,34
2009,srv_len,Sex combined,73,618,0.0793,80.11689889230293,34
2009,srv_len,Sex combined,75,618,0.0728,80.11689889230293,34
2009,srv_len,Sex combined,77,618,0.034,80.11689889230293,34
2009,srv_len,Sex combined,79,618,0.0324,80.11689889230293,34
2009,srv_len,Sex combined,81,618,0.0097,80.11689889230293,34
2009,srv_len,Sex combined,83,618,0.0227,80.11689889230293,34
2009,srv_len,Sex combined,85,618,0.0146,80.11689889230293,34
2009,srv_len,Sex combined,87,618,0.0049,80.11689889230293,34
2009,srv_len,Sex combined,89,618,0.0097,80.11689889230293,34
2009,srv_len,Sex combined,91,618,0,80.11689889230293,34
2009,srv_len,Sex combined,93,618,0.0049,80.11689889230293,34
2009,srv_len,Sex combined,95,618,0.0049,80.11689889230293,34
2009,srv_len,Sex combined,97,618,0.0016,80.11689889230293,34
2009,srv_len,Sex combined,99,618,0.0032,80.11689889230293,34
2010,srv_len,Female,41,320,0,80.11689889230293,35
2010,srv_len,Female,43,320,0,80.11689889230293,35
2010,srv_len,Female,45,320,0.0125,80.11689889230293,35
2010,srv_len,Female,47,320,0,80.11689889230293,35
2010,srv_len,Female,49,320,0.009375,80.11689889230293,35
2010,srv_len,Female,51,320,0.009375,80.11689889230293,35
2010,srv_len,Female,53,320,0.009375,80.11689889230293,35
2010,srv_len,Female,55,320,0.00625,80.11689889230293,35
2010,srv_len,Female,57,320,0.003125,80.11689889230293,35
2010,srv_len,Female,59,320,0.003125,80.11689889230293,35
2010,srv_len,Female,61,320,0.021875,80.11689889230293,35
2010,srv_len,Female,63,320,0.021875,80.11689889230293,35
2010,srv_len,Female,65,320,0.0625,80.11689889230293,35
2010,srv_len,Female,67,320,0.0875,80.11689889230293,35
2010,srv_len,Female,69,320,0.109375,80.11689889230293,35
2010,srv_len,Female,71,320,0.103125,80.11689889230293,35
2010,srv_len,Female,73,320,0.1375,80.11689889230293,35
2010,srv_len,Female,75,320,0.125,80.11689889230293,35
2010,srv_len,Female,77,320,0.075,80.11689889230293,35
2010,srv_len,Female,79,320,0.075,80.11689889230293,35
2010,srv_len,Female,81,320,0.03125,80.11689889230293,35
2010,srv_len,Female,83,320,0.021875,80.11689889230293,35
2010,srv_len,Female,85,320,0.028125,80.11689889230293,35
2010,srv_len,Female,87,320,0.0125,80.11689889230293,35
2010,srv_len,Female,89,320,0.00625,80.11689889230293,35
2010,srv_len,Female,91,320,0.003125,80.11689889230293,35
2010,srv_len,Female,93,320,0.0125,80.11689889230293,35
2010,srv_len,Female,95,320,0.003125,80.11689889230293,35
2010,srv_len,Female,97,320,0.00625,80.11689889230293,35
2010,srv_len,Female,99,320,0.003125,80.11689889230293,35
2010,srv_len,Male,41,285,0,67.73091740715705,35
2010,srv_len,Male,43,285,0,67.73091740715705,35
2010,srv_len,Male,45,285,0,67.73091740715705,35
2010,srv_len,Male,47,285,0.014035,67.73091740715705,35
2010,srv_len,Male,49,285,0.010526,67.73091740715705,35
2010,srv_len,Male,51,285,0.007018,67.73091740715705,35
2010,srv_len,Male,53,285,0.021053,67.73091740715705,35
2010,srv_len,Male,55,285,0.024561,67.73091740715705,35
2010,srv_len,Male,57,285,0.02807,67.73091740715705,35
2010,srv_len,Male,59,285,0.031579,67.73091740715705,35
2010,srv_len,Male,61,285,0.112281,67.73091740715705,35
2010,srv_len,Male,63,285,0.150877,67.73091740715705,35
2010,srv_len,Male,65,285,0.196491,67.73091740715705,35
2010,srv_len,Male,67,285,0.14386,67.73091740715705,35
2010,srv_len,Male,69,285,0.105263,67.73091740715705,35
2010,srv_len,Male,71,285,0.073684,67.73091740715705,35
2010,srv_len,Male,73,285,0.049123,67.73091740715705,35
2010,srv_len,Male,75,285,0.024561,67.73091740715705,35
2010,srv_len,Male,77,285,0.007018,67.73091740715705,35
2010,srv_len,Male,79,285,0,67.73091740715705,35
2010,srv_len,Male,81,285,0,67.73091740715705,35
2010,srv_len,Male,83,285,0,67.73091740715705,35
2010,srv_len,Male,85,285,0,67.73091740715705,35
2010,srv_len,Male,87,285,0,67.73091740715705,35
2010,srv_len,Male,89,285,0,67.73091740715705,35
2010,srv_len,Male,91,285,0,67.73091740715705,35
2010,srv_len,Male,93,285,0,67.73091740715705,35
2010,srv_len,Male,95,285,0,67.73091740715705,35
2010,srv_len,Male,97,285,0,67.73091740715705,35
2010,srv_len,Male,99,285,0,67.73091740715705,35
2010,srv_len,Sex combined,41,605,0,80.11689889230293,35
2010,srv_len,Sex combined,43,605,0,80.11689889230293,35
2010,srv_len,Sex combined,45,605,0.0066,80.11689889230293,35
2010,srv_len,Sex combined,47,605,0.0066,80.11689889230293,35
2010,srv_len,Sex combined,49,605,0.0099,80.11689889230293,35
2010,srv_len,Sex combined,51,605,0.0083,80.11689889230293,35
2010,srv_len,Sex combined,53,605,0.0149,80.11689889230293,35
2010,srv_len,Sex combined,55,605,0.0149,80.11689889230293,35
2010,srv_len,Sex combined,57,605,0.0149,80.11689889230293,35
2010,srv_len,Sex combined,59,605,0.0165,80.11689889230293,35
2010,srv_len,Sex combined,61,605,0.0645,80.11689889230293,35
2010,srv_len,Sex combined,63,605,0.0826,80.11689889230293,35
2010,srv_len,Sex combined,65,605,0.1256,80.11689889230293,35
2010,srv_len,Sex combined,67,605,0.114,80.11689889230293,35
2010,srv_len,Sex combined,69,605,0.1074,80.11689889230293,35
2010,srv_len,Sex combined,71,605,0.0893,80.11689889230293,35
2010,srv_len,Sex combined,73,605,0.0959,80.11689889230293,35
2010,srv_len,Sex combined,75,605,0.0777,80.11689889230293,35
2010,srv_len,Sex combined,77,605,0.043,80.11689889230293,35
2010,srv_len,Sex combined,79,605,0.0397,80.11689889230293,35
2010,srv_len,Sex combined,81,605,0.0165,80.11689889230293,35
2010,srv_len,Sex combined,83,605,0.0116,80.11689889230293,35
2010,srv_len,Sex combined,85,605,0.0149,80.11689889230293,35
2010,srv_len,Sex combined,87,605,0.0066,80.11689889230293,35
2010,srv_len,Sex combined,89,605,0.0033,80.11689889230293,35
2010,srv_len,Sex combined,91,605,0.0017,80.11689889230293,35
2010,srv_len,Sex combined,93,605,0.0066,80.11689889230293,35
2010,srv_len,Sex combined,95,605,0.0017,80.11689889230293,35
2010,srv_len,Sex combined,97,605,0.0033,80.11689889230293,35
2010,srv_len,Sex combined,99,605,0.0017,80.11689889230293,35
2011,srv_len,Female,41,365,0,80.11689889230293,36
2011,srv_len,Female,43,365,0,80.11689889230293,36
2011,srv_len,Female,45,365,0,80.11689889230293,36
2011,srv_len,Female,47,365,0,80.11689889230293,36
2011,srv_len,Female,49,365,0.008219,80.11689889230293,36
2011,srv_len,Female,51,365,0.024658,80.11689889230293,36
2011,srv_len,Female,53,365,0.043836,80.11689889230293,36
2011,srv_len,Female,55,365,0.046575,80.11689889230293,36
2011,srv_len,Female,57,365,0.041096,80.11689889230293,36
2011,srv_len,Female,59,365,0.016438,80.11689889230293,36
2011,srv_len,Female,61,365,0.016438,80.11689889230293,36
2011,srv_len,Female,63,365,0.024658,80.11689889230293,36
2011,srv_len,Female,65,365,0.063014,80.11689889230293,36
2011,srv_len,Female,67,365,0.079452,80.11689889230293,36
2011,srv_len,Female,69,365,0.120548,80.11689889230293,36
2011,srv_len,Female,71,365,0.087671,80.11689889230293,36
2011,srv_len,Female,73,365,0.131507,80.11689889230293,36
2011,srv_len,Female,75,365,0.087671,80.11689889230293,36
2011,srv_len,Female,77,365,0.049315,80.11689889230293,36
2011,srv_len,Female,79,365,0.073973,80.11689889230293,36
2011,srv_len,Female,81,365,0.021918,80.11689889230293,36
2011,srv_len,Female,83,365,0.024658,80.11689889230293,36
2011,srv_len,Female,85,365,0.010959,80.11689889230293,36
2011,srv_len,Female,87,365,0.00274,80.11689889230293,36
2011,srv_len,Female,89,365,0.00274,80.11689889230293,36
2011,srv_len,Female,91,365,0.013699,80.11689889230293,36
2011,srv_len,Female,93,365,0.005479,80.11689889230293,36
2011,srv_len,Female,95,365,0.00274,80.11689889230293,36
2011,srv_len,Female,97,365,0,80.11689889230293,36
2011,srv_len,Female,99,365,0,80.11689889230293,36
2011,srv_len,Male,41,311,0,67.73091740715705,36
2011,srv_len,Male,43,311,0,67.73091740715705,36
2011,srv_len,Male,45,311,0,67.73091740715705,36
2011,srv_len,Male,47,311,0.006431,67.73091740715705,36
2011,srv_len,Male,49,311,0.009646,67.73091740715705,36
2011,srv_len,Male,51,311,0.032154,67.73091740715705,36
2011,srv_len,Male,53,311,0.038585,67.73091740715705,36
2011,srv_len,Male,55,311,0.022508,67.73091740715705,36
2011,srv_len,Male,57,311,0.03537,67.73091740715705,36
2011,srv_len,Male,59,311,0.061093,67.73091740715705,36
2011,srv_len,Male,61,311,0.093248,67.73091740715705,36
2011,srv_len,Male,63,311,0.151125,67.73091740715705,36
2011,srv_len,Male,65,311,0.176849,67.73091740715705,36
2011,srv_len,Male,67,311,0.128617,67.73091740715705,36
2011,srv_len,Male,69,311,0.109325,67.73091740715705,36
2011,srv_len,Male,71,311,0.080386,67.73091740715705,36
2011,srv_len,Male,73,311,0.038585,67.73091740715705,36
2011,srv_len,Male,75,311,0,67.73091740715705,36
2011,srv_len,Male,77,311,0.009646,67.73091740715705,36
2011,srv_len,Male,79,311,0.006431,67.73091740715705,36
2011,srv_len,Male,81,311,0,67.73091740715705,36
2011,srv_len,Male,83,311,0,67.73091740715705,36
2011,srv_len,Male,85,311,0,67.73091740715705,36
2011,srv_len,Male,87,311,0,67.73091740715705,36
2011,srv_len,Male,89,311,0,67.73091740715705,36
2011,srv_len,Male,91,311,0,67.73091740715705,36
2011,srv_len,Male,93,311,0,67.73091740715705,36
2011,srv_len,Male,95,311,0,67.73091740715705,36
2011,srv_len,Male,97,311,0,67.73091740715705,36
2011,srv_len,Male,99,311,0,67.73091740715705,36
2011,srv_len,Sex combined,41,676,0,80.11689889230293,36
2011,srv_len,Sex combined,43,676,0,80.11689889230293,36
2011,srv_len,Sex combined,45,676,0,80.11689889230293,36
2011,srv_len,Sex combined,47,676,0.003,80.11689889230293,36
2011,srv_len,Sex combined,49,676,0.0089,80.11689889230293,36
2011,srv_len,Sex combined,51,676,0.0281,80.11689889230293,36
2011,srv_len,Sex combined,53,676,0.0414,80.11689889230293,36
2011,srv_len,Sex combined,55,676,0.0355,80.11689889230293,36
2011,srv_len,Sex combined,57,676,0.0385,80.11689889230293,36
2011,srv_len,Sex combined,59,676,0.037,80.11689889230293,36
2011,srv_len,Sex combined,61,676,0.0518,80.11689889230293,36
2011,srv_len,Sex combined,63,676,0.0828,80.11689889230293,36
2011,srv_len,Sex combined,65,676,0.1154,80.11689889230293,36
2011,srv_len,Sex combined,67,676,0.1021,80.11689889230293,36
2011,srv_len,Sex combined,69,676,0.1154,80.11689889230293,36
2011,srv_len,Sex combined,71,676,0.0843,80.11689889230293,36
2011,srv_len,Sex combined,73,676,0.0888,80.11689889230293,36
2011,srv_len,Sex combined,75,676,0.0473,80.11689889230293,36
2011,srv_len,Sex combined,77,676,0.0311,80.11689889230293,36
2011,srv_len,Sex combined,79,676,0.0429,80.11689889230293,36
2011,srv_len,Sex combined,81,676,0.0118,80.11689889230293,36
2011,srv_len,Sex combined,83,676,0.0133,80.11689889230293,36
2011,srv_len,Sex combined,85,676,0.0059,80.11689889230293,36
2011,srv_len,Sex combined,87,676,0.0015,80.11689889230293,36
2011,srv_len,Sex combined,89,676,0.0015,80.11689889230293,36
2011,srv_len,Sex combined,91,676,0.0074,80.11689889230293,36
2011,srv_len,Sex combined,93,676,0.003,80.11689889230293,36
2011,srv_len,Sex combined,95,676,0.0015,80.11689889230293,36
2011,srv_len,Sex combined,97,676,0,80.11689889230293,36
2011,srv_len,Sex combined,99,676,0,80.11689889230293,36
2012,srv_len,Female,41,405,0.002469,80.11689889230293,37
2012,srv_len,Female,43,405,0,80.11689889230293,37
2012,srv_len,Female,45,405,0,80.11689889230293,37
2012,srv_len,Female,47,405,0.002469,80.11689889230293,37
2012,srv_len,Female,49,405,0,80.11689889230293,37
2012,srv_len,Female,51,405,0.009877,80.11689889230293,37
2012,srv_len,Female,53,405,0.019753,80.11689889230293,37
2012,srv_len,Female,55,405,0.032099,80.11689889230293,37
2012,srv_len,Female,57,405,0.049383,80.11689889230293,37
2012,srv_len,Female,59,405,0.064198,80.11689889230293,37
2012,srv_len,Female,61,405,0.039506,80.11689889230293,37
2012,srv_len,Female,63,405,0.064198,80.11689889230293,37
2012,srv_len,Female,65,405,0.069136,80.11689889230293,37
2012,srv_len,Female,67,405,0.103704,80.11689889230293,37
2012,srv_len,Female,69,405,0.08642,80.11689889230293,37
2012,srv_len,Female,71,405,0.120988,80.11689889230293,37
2012,srv_len,Female,73,405,0.093827,80.11689889230293,37
2012,srv_len,Female,75,405,0.096296,80.11689889230293,37
2012,srv_len,Female,77,405,0.039506,80.11689889230293,37
2012,srv_len,Female,79,405,0.032099,80.11689889230293,37
2012,srv_len,Female,81,405,0.02716,80.11689889230293,37
2012,srv_len,Female,83,405,0.019753,80.11689889230293,37
2012,srv_len,Female,85,405,0.004938,80.11689889230293,37
2012,srv_len,Female,87,405,0.009877,80.11689889230293,37
2012,srv_len,Female,89,405,0.002469,80.11689889230293,37
2012,srv_len,Female,91,405,0,80.11689889230293,37
2012,srv_len,Female,93,405,0.004938,80.11689889230293,37
2012,srv_len,Female,95,405,0.004938,80.11689889230293,37
2012,srv_len,Female,97,405,0,80.11689889230293,37
2012,srv_len,Female,99,405,0,80.11689889230293,37
2012,srv_len,Male,41,319,0,67.73091740715705,37
2012,srv_len,Male,43,319,0,67.73091740715705,37
2012,srv_len,Male,45,319,0.00627,67.73091740715705,37
2012,srv_len,Male,47,319,0.00627,67.73091740715705,37
2012,srv_len,Male,49,319,0.00627,67.73091740715705,37
2012,srv_len,Male,51,319,0.015674,67.73091740715705,37
2012,srv_len,Male,53,319,0.028213,67.73091740715705,37
2012,srv_len,Male,55,319,0.043887,67.73091740715705,37
2012,srv_len,Male,57,319,0.059561,67.73091740715705,37
2012,srv_len,Male,59,319,0.094044,67.73091740715705,37
2012,srv_len,Male,61,319,0.115987,67.73091740715705,37
2012,srv_len,Male,63,319,0.141066,67.73091740715705,37
2012,srv_len,Male,65,319,0.184953,67.73091740715705,37
2012,srv_len,Male,67,319,0.109718,67.73091740715705,37
2012,srv_len,Male,69,319,0.056426,67.73091740715705,37
2012,srv_len,Male,71,319,0.081505,67.73091740715705,37
2012,srv_len,Male,73,319,0.025078,67.73091740715705,37
2012,srv_len,Male,75,319,0.012539,67.73091740715705,37
2012,srv_len,Male,77,319,0.009404,67.73091740715705,37
2012,srv_len,Male,79,319,0.003135,67.73091740715705,37
2012,srv_len,Male,81,319,0,67.73091740715705,37
2012,srv_len,Male,83,319,0,67.73091740715705,37
2012,srv_len,Male,85,319,0,67.73091740715705,37
2012,srv_len,Male,87,319,0,67.73091740715705,37
2012,srv_len,Male,89,319,0,67.73091740715705,37
2012,srv_len,Male,91,319,0,67.73091740715705,37
2012,srv_len,Male,93,319,0,67.73091740715705,37
2012,srv_len,Male,95,319,0,67.73091740715705,37
2012,srv_len,Male,97,319,0,67.73091740715705,37
2012,srv_len,Male,99,319,0,67.73091740715705,37
2012,srv_len,Sex combined,41,724,0.0014,80.11689889230293,37
2012,srv_len,Sex combined,43,724,0,80.11689889230293,37
2012,srv_len,Sex combined,45,724,0.0028,80.11689889230293,37
2012,srv_len,Sex combined,47,724,0.0041,80.11689889230293,37
2012,srv_len,Sex combined,49,724,0.0028,80.11689889230293,37
2012,srv_len,Sex combined,51,724,0.0124,80.11689889230293,37
2012,srv_len,Sex combined,53,724,0.0235,80.11689889230293,37
2012,srv_len,Sex combined,55,724,0.0373,80.11689889230293,37
2012,srv_len,Sex combined,57,724,0.053900000000000003,80.11689889230293,37
2012,srv_len,Sex combined,59,724,0.0773,80.11689889230293,37
2012,srv_len,Sex combined,61,724,0.0732,80.11689889230293,37
2012,srv_len,Sex combined,63,724,0.0981,80.11689889230293,37
2012,srv_len,Sex combined,65,724,0.1202,80.11689889230293,37
2012,srv_len,Sex combined,67,724,0.1064,80.11689889230293,37
2012,srv_len,Sex combined,69,724,0.0732,80.11689889230293,37
2012,srv_len,Sex combined,71,724,0.1036,80.11689889230293,37
2012,srv_len,Sex combined,73,724,0.0635,80.11689889230293,37
2012,srv_len,Sex combined,75,724,0.0594,80.11689889230293,37
2012,srv_len,Sex combined,77,724,0.0262,80.11689889230293,37
2012,srv_len,Sex combined,79,724,0.0193,80.11689889230293,37
2012,srv_len,Sex combined,81,724,0.0152,80.11689889230293,37
2012,srv_len,Sex combined,83,724,0.011,80.11689889230293,37
2012,srv_len,Sex combined,85,724,0.0028,80.11689889230293,37
2012,srv_len,Sex combined,87,724,0.0055,80.11689889230293,37
2012,srv_len,Sex combined,89,724,0.0014,80.11689889230293,37
2012,srv_len,Sex combined,91,724,0,80.11689889230293,37
2012,srv_len,Sex combined,93,724,0.0028,80.11689889230293,37
2012,srv_len,Sex combined,95,724,0.0028,80.11689889230293,37
2012,srv_len,Sex combined,97,724,0,80.11689889230293,37
2012,srv_len,Sex combined,99,724,0,80.11689889230293,37
2013,srv_len,Female,41,254,0,80.11689889230293,38
2013,srv_len,Female,43,254,0,80.11689889230293,38
2013,srv_len,Female,45,254,0,80.11689889230293,38
2013,srv_len,Female,47,254,0,80.11689889230293,38
2013,srv_len,Female,49,254,0.007874,80.11689889230293,38
2013,srv_len,Female,51,254,0.011811,80.11689889230293,38
2013,srv_len,Female,53,254,0.011811,80.11689889230293,38
2013,srv_len,Female,55,254,0.019685,80.11689889230293,38
2013,srv_len,Female,57,254,0.035433,80.11689889230293,38
2013,srv_len,Female,59,254,0.031496,80.11689889230293,38
2013,srv_len,Female,61,254,0.062992,80.11689889230293,38
2013,srv_len,Female,63,254,0.082677,80.11689889230293,38
2013,srv_len,Female,65,254,0.098425,80.11689889230293,38
2013,srv_len,Female,67,254,0.106299,80.11689889230293,38
2013,srv_len,Female,69,254,0.102362,80.11689889230293,38
2013,srv_len,Female,71,254,0.090551,80.11689889230293,38
2013,srv_len,Female,73,254,0.07874,80.11689889230293,38
2013,srv_len,Female,75,254,0.059055,80.11689889230293,38
2013,srv_len,Female,77,254,0.051181,80.11689889230293,38
2013,srv_len,Female,79,254,0.035433,80.11689889230293,38
2013,srv_len,Female,81,254,0.011811,80.11689889230293,38
2013,srv_len,Female,83,254,0.027559,80.11689889230293,38
2013,srv_len,Female,85,254,0.015748,80.11689889230293,38
2013,srv_len,Female,87,254,0.015748,80.11689889230293,38
2013,srv_len,Female,89,254,0.023622,80.11689889230293,38
2013,srv_len,Female,91,254,0.007874,80.11689889230293,38
2013,srv_len,Female,93,254,0.003937,80.11689889230293,38
2013,srv_len,Female,95,254,0.003937,80.11689889230293,38
2013,srv_len,Female,97,254,0,80.11689889230293,38
2013,srv_len,Female,99,254,0.003937,80.11689889230293,38
2013,srv_len,Male,41,280,0,67.73091740715705,38
2013,srv_len,Male,43,280,0,67.73091740715705,38
2013,srv_len,Male,45,280,0,67.73091740715705,38
2013,srv_len,Male,47,280,0,67.73091740715705,38
2013,srv_len,Male,49,280,0.003571,67.73091740715705,38
2013,srv_len,Male,51,280,0.007143,67.73091740715705,38
2013,srv_len,Male,53,280,0.021429,67.73091740715705,38
2013,srv_len,Male,55,280,0.053571,67.73091740715705,38
2013,srv_len,Male,57,280,0.060714,67.73091740715705,38
2013,srv_len,Male,59,280,0.096429,67.73091740715705,38
2013,srv_len,Male,61,280,0.153571,67.73091740715705,38
2013,srv_len,Male,63,280,0.135714,67.73091740715705,38
2013,srv_len,Male,65,280,0.167857,67.73091740715705,38
2013,srv_len,Male,67,280,0.128571,67.73091740715705,38
2013,srv_len,Male,69,280,0.078571,67.73091740715705,38
2013,srv_len,Male,71,280,0.039286,67.73091740715705,38
2013,srv_len,Male,73,280,0.028571,67.73091740715705,38
2013,srv_len,Male,75,280,0.014286,67.73091740715705,38
2013,srv_len,Male,77,280,0.007143,67.73091740715705,38
2013,srv_len,Male,79,280,0,67.73091740715705,38
2013,srv_len,Male,81,280,0.003571,67.73091740715705,38
2013,srv_len,Male,83,280,0,67.73091740715705,38
2013,srv_len,Male,85,280,0,67.73091740715705,38
2013,srv_len,Male,87,280,0,67.73091740715705,38
2013,srv_len,Male,89,280,0,67.73091740715705,38
2013,srv_len,Male,91,280,0,67.73091740715705,38
2013,srv_len,Male,93,280,0,67.73091740715705,38
2013,srv_len,Male,95,280,0,67.73091740715705,38
2013,srv_len,Male,97,280,0,67.73091740715705,38
2013,srv_len,Male,99,280,0,67.73091740715705,38
2013,srv_len,Sex combined,41,534,0,80.11689889230293,38
2013,srv_len,Sex combined,43,534,0,80.11689889230293,38
2013,srv_len,Sex combined,45,534,0,80.11689889230293,38
2013,srv_len,Sex combined,47,534,0,80.11689889230293,38
2013,srv_len,Sex combined,49,534,0.0056,80.11689889230293,38
2013,srv_len,Sex combined,51,534,0.0094,80.11689889230293,38
2013,srv_len,Sex combined,53,534,0.0169,80.11689889230293,38
2013,srv_len,Sex combined,55,534,0.0375,80.11689889230293,38
2013,srv_len,Sex combined,57,534,0.0487,80.11689889230293,38
2013,srv_len,Sex combined,59,534,0.0655,80.11689889230293,38
2013,srv_len,Sex combined,61,534,0.1105,80.11689889230293,38
2013,srv_len,Sex combined,63,534,0.1105,80.11689889230293,38
2013,srv_len,Sex combined,65,534,0.1348,80.11689889230293,38
2013,srv_len,Sex combined,67,534,0.118,80.11689889230293,38
2013,srv_len,Sex combined,69,534,0.0899,80.11689889230293,38
2013,srv_len,Sex combined,71,534,0.0637,80.11689889230293,38
2013,srv_len,Sex combined,73,534,0.0524,80.11689889230293,38
2013,srv_len,Sex combined,75,534,0.0356,80.11689889230293,38
2013,srv_len,Sex combined,77,534,0.0281,80.11689889230293,38
2013,srv_len,Sex combined,79,534,0.0169,80.11689889230293,38
2013,srv_len,Sex combined,81,534,0.0075,80.11689889230293,38
2013,srv_len,Sex combined,83,534,0.0131,80.11689889230293,38
2013,srv_len,Sex combined,85,534,0.0075,80.11689889230293,38
2013,srv_len,Sex combined,87,534,0.0075,80.11689889230293,38
2013,srv_len,Sex combined,89,534,0.0112,80.11689889230293,38
2013,srv_len,Sex combined,91,534,0.0037,80.11689889230293,38
2013,srv_len,Sex combined,93,534,0.0019,80.11689889230293,38
2013,srv_len,Sex combined,95,534,0.0019,80.11689889230293,38
2013,srv_len,Sex combined,97,534,0,80.11689889230293,38
2013,srv_len,Sex combined,99,534,0.0019,80.11689889230293,38
2014,srv_len,Female,41,285,0,80.11689889230293,39
2014,srv_len,Female,43,285,0,80.11689889230293,39
2014,srv_len,Female,45,285,0,80.11689889230293,39
2014,srv_len,Female,47,285,0,80.11689889230293,39
2014,srv_len,Female,49,285,0,80.11689889230293,39
2014,srv_len,Female,51,285,0.007018,80.11689889230293,39
2014,srv_len,Female,53,285,0.003509,80.11689889230293,39
2014,srv_len,Female,55,285,0.014035,80.11689889230293,39
2014,srv_len,Female,57,285,0.014035,80.11689889230293,39
2014,srv_len,Female,59,285,0.05614,80.11689889230293,39
2014,srv_len,Female,61,285,0.045614,80.11689889230293,39
2014,srv_len,Female,63,285,0.070175,80.11689889230293,39
2014,srv_len,Female,65,285,0.115789,80.11689889230293,39
2014,srv_len,Female,67,285,0.098246,80.11689889230293,39
2014,srv_len,Female,69,285,0.098246,80.11689889230293,39
2014,srv_len,Female,71,285,0.077193,80.11689889230293,39
2014,srv_len,Female,73,285,0.087719,80.11689889230293,39
2014,srv_len,Female,75,285,0.066667,80.11689889230293,39
2014,srv_len,Female,77,285,0.073684,80.11689889230293,39
2014,srv_len,Female,79,285,0.02807,80.11689889230293,39
2014,srv_len,Female,81,285,0.05614,80.11689889230293,39
2014,srv_len,Female,83,285,0.035088,80.11689889230293,39
2014,srv_len,Female,85,285,0.02807,80.11689889230293,39
2014,srv_len,Female,87,285,0.003509,80.11689889230293,39
2014,srv_len,Female,89,285,0,80.11689889230293,39
2014,srv_len,Female,91,285,0.010526,80.11689889230293,39
2014,srv_len,Female,93,285,0.007018,80.11689889230293,39
2014,srv_len,Female,95,285,0,80.11689889230293,39
2014,srv_len,Female,97,285,0,80.11689889230293,39
2014,srv_len,Female,99,285,0.003509,80.11689889230293,39
2014,srv_len,Male,41,275,0,67.73091740715705,39
2014,srv_len,Male,43,275,0,67.73091740715705,39
2014,srv_len,Male,45,275,0.003636,67.73091740715705,39
2014,srv_len,Male,47,275,0,67.73091740715705,39
2014,srv_len,Male,49,275,0,67.73091740715705,39
2014,srv_len,Male,51,275,0,67.73091740715705,39
2014,srv_len,Male,53,275,0.010909,67.73091740715705,39
2014,srv_len,Male,55,275,0.032727,67.73091740715705,39
2014,srv_len,Male,57,275,0.061818,67.73091740715705,39
2014,srv_len,Male,59,275,0.08,67.73091740715705,39
2014,srv_len,Male,61,275,0.112727,67.73091740715705,39
2014,srv_len,Male,63,275,0.210909,67.73091740715705,39
2014,srv_len,Male,65,275,0.149091,67.73091740715705,39
2014,srv_len,Male,67,275,0.134545,67.73091740715705,39
2014,srv_len,Male,69,275,0.061818,67.73091740715705,39
2014,srv_len,Male,71,275,0.076364,67.73091740715705,39
2014,srv_len,Male,73,275,0.032727,67.73091740715705,39
2014,srv_len,Male,75,275,0.010909,67.73091740715705,39
2014,srv_len,Male,77,275,0.014545,67.73091740715705,39
2014,srv_len,Male,79,275,0.003636,67.73091740715705,39
2014,srv_len,Male,81,275,0,67.73091740715705,39
2014,srv_len,Male,83,275,0,67.73091740715705,39
2014,srv_len,Male,85,275,0.003636,67.73091740715705,39
2014,srv_len,Male,87,275,0,67.73091740715705,39
2014,srv_len,Male,89,275,0,67.73091740715705,39
2014,srv_len,Male,91,275,0,67.73091740715705,39
2014,srv_len,Male,93,275,0,67.73091740715705,39
2014,srv_len,Male,95,275,0,67.73091740715705,39
2014,srv_len,Male,97,275,0,67.73091740715705,39
2014,srv_len,Male,99,275,0,67.73091740715705,39
2014,srv_len,Sex combined,41,560,0,80.11689889230293,39
2014,srv_len,Sex combined,43,560,0,80.11689889230293,39
2014,srv_len,Sex combined,45,560,0.0018,80.11689889230293,39
2014,srv_len,Sex combined,47,560,0,80.11689889230293,39
2014,srv_len,Sex combined,49,560,0,80.11689889230293,39
2014,srv_len,Sex combined,51,560,0.0036,80.11689889230293,39
2014,srv_len,Sex combined,53,560,0.0071,80.11689889230293,39
2014,srv_len,Sex combined,55,560,0.0232,80.11689889230293,39
2014,srv_len,Sex combined,57,560,0.0375,80.11689889230293,39
2014,srv_len,Sex combined,59,560,0.0679,80.11689889230293,39
2014,srv_len,Sex combined,61,560,0.0786,80.11689889230293,39
2014,srv_len,Sex combined,63,560,0.1393,80.11689889230293,39
2014,srv_len,Sex combined,65,560,0.1321,80.11689889230293,39
2014,srv_len,Sex combined,67,560,0.1161,80.11689889230293,39
2014,srv_len,Sex combined,69,560,0.0804,80.11689889230293,39
2014,srv_len,Sex combined,71,560,0.0768,80.11689889230293,39
2014,srv_len,Sex combined,73,560,0.0607,80.11689889230293,39
2014,srv_len,Sex combined,75,560,0.0393,80.11689889230293,39
2014,srv_len,Sex combined,77,560,0.0446,80.11689889230293,39
2014,srv_len,Sex combined,79,560,0.0161,80.11689889230293,39
2014,srv_len,Sex combined,81,560,0.0286,80.11689889230293,39
2014,srv_len,Sex combined,83,560,0.0179,80.11689889230293,39
2014,srv_len,Sex combined,85,560,0.0161,80.11689889230293,39
2014,srv_len,Sex combined,87,560,0.0018,80.11689889230293,39
2014,srv_len,Sex combined,89,560,0,80.11689889230293,39
2014,srv_len,Sex combined,91,560,0.0054,80.11689889230293,39
2014,srv_len,Sex combined,93,560,0.0036,80.11689889230293,39
2014,srv_len,Sex combined,95,560,0,80.11689889230293,39
2014,srv_len,Sex combined,97,560,0,80.11689889230293,39
2014,srv_len,Sex combined,99,560,0.0018,80.11689889230293,39
2015,srv_len,Female,41,290,0,80.11689889230293,40
2015,srv_len,Female,43,290,0,80.11689889230293,40
2015,srv_len,Female,45,290,0,80.11689889230293,40
2015,srv_len,Female,47,290,0.003448,80.11689889230293,40
2015,srv_len,Female,49,290,0.003448,80.11689889230293,40
2015,srv_len,Female,51,290,0.02069,80.11689889230293,40
2015,srv_len,Female,53,290,0.017241,80.11689889230293,40
2015,srv_len,Female,55,290,0.024138,80.11689889230293,40
2015,srv_len,Female,57,290,0.031034,80.11689889230293,40
2015,srv_len,Female,59,290,0.017241,80.11689889230293,40
2015,srv_len,Female,61,290,0.044828,80.11689889230293,40
2015,srv_len,Female,63,290,0.048276,80.11689889230293,40
2015,srv_len,Female,65,290,0.086207,80.11689889230293,40
2015,srv_len,Female,67,290,0.110345,80.11689889230293,40
2015,srv_len,Female,69,290,0.068966,80.11689889230293,40
2015,srv_len,Female,71,290,0.12069,80.11689889230293,40
2015,srv_len,Female,73,290,0.082759,80.11689889230293,40
2015,srv_len,Female,75,290,0.103448,80.11689889230293,40
2015,srv_len,Female,77,290,0.072414,80.11689889230293,40
2015,srv_len,Female,79,290,0.027586,80.11689889230293,40
2015,srv_len,Female,81,290,0.044828,80.11689889230293,40
2015,srv_len,Female,83,290,0.031034,80.11689889230293,40
2015,srv_len,Female,85,290,0.017241,80.11689889230293,40
2015,srv_len,Female,87,290,0.010345,80.11689889230293,40
2015,srv_len,Female,89,290,0.003448,80.11689889230293,40
2015,srv_len,Female,91,290,0.003448,80.11689889230293,40
2015,srv_len,Female,93,290,0.003448,80.11689889230293,40
2015,srv_len,Female,95,290,0,80.11689889230293,40
2015,srv_len,Female,97,290,0.003448,80.11689889230293,40
2015,srv_len,Female,99,290,0,80.11689889230293,40
2015,srv_len,Male,41,201,0,67.73091740715705,40
2015,srv_len,Male,43,201,0,67.73091740715705,40
2015,srv_len,Male,45,201,0.004975,67.73091740715705,40
2015,srv_len,Male,47,201,0.004975,67.73091740715705,40
2015,srv_len,Male,49,201,0.024876,67.73091740715705,40
2015,srv_len,Male,51,201,0.054726,67.73091740715705,40
2015,srv_len,Male,53,201,0.0199,67.73091740715705,40
2015,srv_len,Male,55,201,0.024876,67.73091740715705,40
2015,srv_len,Male,57,201,0.064677,67.73091740715705,40
2015,srv_len,Male,59,201,0.094527,67.73091740715705,40
2015,srv_len,Male,61,201,0.074627,67.73091740715705,40
2015,srv_len,Male,63,201,0.139303,67.73091740715705,40
2015,srv_len,Male,65,201,0.139303,67.73091740715705,40
2015,srv_len,Male,67,201,0.094527,67.73091740715705,40
2015,srv_len,Male,69,201,0.114428,67.73091740715705,40
2015,srv_len,Male,71,201,0.069652,67.73091740715705,40
2015,srv_len,Male,73,201,0.044776,67.73091740715705,40
2015,srv_len,Male,75,201,0.004975,67.73091740715705,40
2015,srv_len,Male,77,201,0.004975,67.73091740715705,40
2015,srv_len,Male,79,201,0.014925,67.73091740715705,40
2015,srv_len,Male,81,201,0.004975,67.73091740715705,40
2015,srv_len,Male,83,201,0,67.73091740715705,40
2015,srv_len,Male,85,201,0,67.73091740715705,40
2015,srv_len,Male,87,201,0,67.73091740715705,40
2015,srv_len,Male,89,201,0,67.73091740715705,40
2015,srv_len,Male,91,201,0,67.73091740715705,40
2015,srv_len,Male,93,201,0,67.73091740715705,40
2015,srv_len,Male,95,201,0,67.73091740715705,40
2015,srv_len,Male,97,201,0,67.73091740715705,40
2015,srv_len,Male,99,201,0,67.73091740715705,40
2015,srv_len,Sex combined,41,491,0,80.11689889230293,40
2015,srv_len,Sex combined,43,491,0,80.11689889230293,40
2015,srv_len,Sex combined,45,491,0.002,80.11689889230293,40
2015,srv_len,Sex combined,47,491,0.0041,80.11689889230293,40
2015,srv_len,Sex combined,49,491,0.0122,80.11689889230293,40
2015,srv_len,Sex combined,51,491,0.0346,80.11689889230293,40
2015,srv_len,Sex combined,53,491,0.0183,80.11689889230293,40
2015,srv_len,Sex combined,55,491,0.0244,80.11689889230293,40
2015,srv_len,Sex combined,57,491,0.0448,80.11689889230293,40
2015,srv_len,Sex combined,59,491,0.0489,80.11689889230293,40
2015,srv_len,Sex combined,61,491,0.057,80.11689889230293,40
2015,srv_len,Sex combined,63,491,0.0855,80.11689889230293,40
2015,srv_len,Sex combined,65,491,0.1079,80.11689889230293,40
2015,srv_len,Sex combined,67,491,0.1039,80.11689889230293,40
2015,srv_len,Sex combined,69,491,0.0876,80.11689889230293,40
2015,srv_len,Sex combined,71,491,0.0998,80.11689889230293,40
2015,srv_len,Sex combined,73,491,0.0672,80.11689889230293,40
2015,srv_len,Sex combined,75,491,0.0631,80.11689889230293,40
2015,srv_len,Sex combined,77,491,0.0448,80.11689889230293,40
2015,srv_len,Sex combined,79,491,0.0224,80.11689889230293,40
2015,srv_len,Sex combined,81,491,0.0285,80.11689889230293,40
2015,srv_len,Sex combined,83,491,0.0183,80.11689889230293,40
2015,srv_len,Sex combined,85,491,0.0102,80.11689889230293,40
2015,srv_len,Sex combined,87,491,0.0061,80.11689889230293,40
2015,srv_len,Sex combined,89,491,0.002,80.11689889230293,40
2015,srv_len,Sex combined,91,491,0.002,80.11689889230293,40
2015,srv_len,Sex combined,93,491,0.002,80.11689889230293,40
2015,srv_len,Sex combined,95,491,0,80.11689889230293,40
2015,srv_len,Sex combined,97,491,0.002,80.11689889230293,40
2015,srv_len,Sex combined,99,491,0,80.11689889230293,40
2016,srv_len,Female,41,315,0,80.11689889230293,41
2016,srv_len,Female,43,315,0,80.11689889230293,41
2016,srv_len,Female,45,315,0,80.11689889230293,41
2016,srv_len,Female,47,315,0.012698,80.11689889230293,41
2016,srv_len,Female,49,315,0.038095,80.11689889230293,41
2016,srv_len,Female,51,315,0.031746,80.11689889230293,41
2016,srv_len,Female,53,315,0.038095,80.11689889230293,41
2016,srv_len,Female,55,315,0.031746,80.11689889230293,41
2016,srv_len,Female,57,315,0.053968,80.11689889230293,41
2016,srv_len,Female,59,315,0.047619,80.11689889230293,41
2016,srv_len,Female,61,315,0.047619,80.11689889230293,41
2016,srv_len,Female,63,315,0.044444,80.11689889230293,41
2016,srv_len,Female,65,315,0.047619,80.11689889230293,41
2016,srv_len,Female,67,315,0.079365,80.11689889230293,41
2016,srv_len,Female,69,315,0.101587,80.11689889230293,41
2016,srv_len,Female,71,315,0.07619,80.11689889230293,41
2016,srv_len,Female,73,315,0.07619,80.11689889230293,41
2016,srv_len,Female,75,315,0.044444,80.11689889230293,41
2016,srv_len,Female,77,315,0.066667,80.11689889230293,41
2016,srv_len,Female,79,315,0.034921,80.11689889230293,41
2016,srv_len,Female,81,315,0.034921,80.11689889230293,41
2016,srv_len,Female,83,315,0.025397,80.11689889230293,41
2016,srv_len,Female,85,315,0.022222,80.11689889230293,41
2016,srv_len,Female,87,315,0.009524,80.11689889230293,41
2016,srv_len,Female,89,315,0.006349,80.11689889230293,41
2016,srv_len,Female,91,315,0.009524,80.11689889230293,41
2016,srv_len,Female,93,315,0.006349,80.11689889230293,41
2016,srv_len,Female,95,315,0.003175,80.11689889230293,41
2016,srv_len,Female,97,315,0.003175,80.11689889230293,41
2016,srv_len,Female,99,315,0.006349,80.11689889230293,41
2016,srv_len,Male,41,237,0,67.73091740715705,41
2016,srv_len,Male,43,237,0.004219,67.73091740715705,41
2016,srv_len,Male,45,237,0.008439,67.73091740715705,41
2016,srv_len,Male,47,237,0.012658,67.73091740715705,41
2016,srv_len,Male,49,237,0.037975,67.73091740715705,41
2016,srv_len,Male,51,237,0.012658,67.73091740715705,41
2016,srv_len,Male,53,237,0.037975,67.73091740715705,41
2016,srv_len,Male,55,237,0.059072,67.73091740715705,41
2016,srv_len,Male,57,237,0.07173,67.73091740715705,41
2016,srv_len,Male,59,237,0.050633,67.73091740715705,41
2016,srv_len,Male,61,237,0.109705,67.73091740715705,41
2016,srv_len,Male,63,237,0.135021,67.73091740715705,41
2016,srv_len,Male,65,237,0.105485,67.73091740715705,41
2016,srv_len,Male,67,237,0.118143,67.73091740715705,41
2016,srv_len,Male,69,237,0.105485,67.73091740715705,41
2016,srv_len,Male,71,237,0.059072,67.73091740715705,41
2016,srv_len,Male,73,237,0.046414,67.73091740715705,41
2016,srv_len,Male,75,237,0.004219,67.73091740715705,41
2016,srv_len,Male,77,237,0.016878,67.73091740715705,41
2016,srv_len,Male,79,237,0,67.73091740715705,41
2016,srv_len,Male,81,237,0,67.73091740715705,41
2016,srv_len,Male,83,237,0.004219,67.73091740715705,41
2016,srv_len,Male,85,237,0,67.73091740715705,41
2016,srv_len,Male,87,237,0,67.73091740715705,41
2016,srv_len,Male,89,237,0,67.73091740715705,41
2016,srv_len,Male,91,237,0,67.73091740715705,41
2016,srv_len,Male,93,237,0,67.73091740715705,41
2016,srv_len,Male,95,237,0,67.73091740715705,41
2016,srv_len,Male,97,237,0,67.73091740715705,41
2016,srv_len,Male,99,237,0,67.73091740715705,41
2016,srv_len,Sex combined,41,552,0,80.11689889230293,41
2016,srv_len,Sex combined,43,552,0.0018,80.11689889230293,41
2016,srv_len,Sex combined,45,552,0.0036,80.11689889230293,41
2016,srv_len,Sex combined,47,552,0.0127,80.11689889230293,41
2016,srv_len,Sex combined,49,552,0.038,80.11689889230293,41
2016,srv_len,Sex combined,51,552,0.0236,80.11689889230293,41
2016,srv_len,Sex combined,53,552,0.038,80.11689889230293,41
2016,srv_len,Sex combined,55,552,0.0435,80.11689889230293,41
2016,srv_len,Sex combined,57,552,0.0616,80.11689889230293,41
2016,srv_len,Sex combined,59,552,0.0489,80.11689889230293,41
2016,srv_len,Sex combined,61,552,0.0743,80.11689889230293,41
2016,srv_len,Sex combined,63,552,0.0833,80.11689889230293,41
2016,srv_len,Sex combined,65,552,0.0725,80.11689889230293,41
2016,srv_len,Sex combined,67,552,0.096,80.11689889230293,41
2016,srv_len,Sex combined,69,552,0.1033,80.11689889230293,41
2016,srv_len,Sex combined,71,552,0.0688,80.11689889230293,41
2016,srv_len,Sex combined,73,552,0.0634,80.11689889230293,41
2016,srv_len,Sex combined,75,552,0.0272,80.11689889230293,41
2016,srv_len,Sex combined,77,552,0.0453,80.11689889230293,41
2016,srv_len,Sex combined,79,552,0.0199,80.11689889230293,41
2016,srv_len,Sex combined,81,552,0.0199,80.11689889230293,41
2016,srv_len,Sex combined,83,552,0.0163,80.11689889230293,41
2016,srv_len,Sex combined,85,552,0.0127,80.11689889230293,41
2016,srv_len,Sex combined,87,552,0.0054,80.11689889230293,41
2016,srv_len,Sex combined,89,552,0.0036,80.11689889230293,41
2016,srv_len,Sex combined,91,552,0.0054,80.11689889230293,41
2016,srv_len,Sex combined,93,552,0.0036,80.11689889230293,41
2016,srv_len,Sex combined,95,552,0.0018,80.11689889230293,41
2016,srv_len,Sex combined,97,552,0.0018,80.11689889230293,41
2016,srv_len,Sex combined,99,552,0.0036,80.11689889230293,41
2017,srv_len,Female,41,347,0,80.11689889230293,42
2017,srv_len,Female,43,347,0.002882,80.11689889230293,42
2017,srv_len,Female,45,347,0.011527,80.11689889230293,42
2017,srv_len,Female,47,347,0.028818,80.11689889230293,42
2017,srv_len,Female,49,347,0.014409,80.11689889230293,42
2017,srv_len,Female,51,347,0.025937,80.11689889230293,42
2017,srv_len,Female,53,347,0.054755,80.11689889230293,42
2017,srv_len,Female,55,347,0.04611,80.11689889230293,42
2017,srv_len,Female,57,347,0.069164,80.11689889230293,42
2017,srv_len,Female,59,347,0.043228,80.11689889230293,42
2017,srv_len,Female,61,347,0.074928,80.11689889230293,42
2017,srv_len,Female,63,347,0.063401,80.11689889230293,42
2017,srv_len,Female,65,347,0.057637,80.11689889230293,42
2017,srv_len,Female,67,347,0.072046,80.11689889230293,42
2017,srv_len,Female,69,347,0.060519,80.11689889230293,42
2017,srv_len,Female,71,347,0.051873,80.11689889230293,42
2017,srv_len,Female,73,347,0.069164,80.11689889230293,42
2017,srv_len,Female,75,347,0.040346,80.11689889230293,42
2017,srv_len,Female,77,347,0.048991,80.11689889230293,42
2017,srv_len,Female,79,347,0.034582,80.11689889230293,42
2017,srv_len,Female,81,347,0.034582,80.11689889230293,42
2017,srv_len,Female,83,347,0.014409,80.11689889230293,42
2017,srv_len,Female,85,347,0.017291,80.11689889230293,42
2017,srv_len,Female,87,347,0.028818,80.11689889230293,42
2017,srv_len,Female,89,347,0.002882,80.11689889230293,42
2017,srv_len,Female,91,347,0.011527,80.11689889230293,42
2017,srv_len,Female,93,347,0,80.11689889230293,42
2017,srv_len,Female,95,347,0.011527,80.11689889230293,42
2017,srv_len,Female,97,347,0.002882,80.11689889230293,42
2017,srv_len,Female,99,347,0.005764,80.11689889230293,42
2017,srv_len,Male,41,250,0,67.73091740715705,42
2017,srv_len,Male,43,250,0,67.73091740715705,42
2017,srv_len,Male,45,250,0.02,67.73091740715705,42
2017,srv_len,Male,47,250,0.008,67.73091740715705,42
2017,srv_len,Male,49,250,0.02,67.73091740715705,42
2017,srv_len,Male,51,250,0.036,67.73091740715705,42
2017,srv_len,Male,53,250,0.056,67.73091740715705,42
2017,srv_len,Male,55,250,0.064,67.73091740715705,42
2017,srv_len,Male,57,250,0.088,67.73091740715705,42
2017,srv_len,Male,59,250,0.052,67.73091740715705,42
2017,srv_len,Male,61,250,0.144,67.73091740715705,42
2017,srv_len,Male,63,250,0.124,67.73091740715705,42
2017,srv_len,Male,65,250,0.152,67.73091740715705,42
2017,srv_len,Male,67,250,0.108,67.73091740715705,42
2017,srv_len,Male,69,250,0.056,67.73091740715705,42
2017,srv_len,Male,71,250,0.044,67.73091740715705,42
2017,srv_len,Male,73,250,0.02,67.73091740715705,42
2017,srv_len,Male,75,250,0.004,67.73091740715705,42
2017,srv_len,Male,77,250,0,67.73091740715705,42
2017,srv_len,Male,79,250,0,67.73091740715705,42
2017,srv_len,Male,81,250,0,67.73091740715705,42
2017,srv_len,Male,83,250,0.004,67.73091740715705,42
2017,srv_len,Male,85,250,0,67.73091740715705,42
2017,srv_len,Male,87,250,0,67.73091740715705,42
2017,srv_len,Male,89,250,0,67.73091740715705,42
2017,srv_len,Male,91,250,0,67.73091740715705,42
2017,srv_len,Male,93,250,0,67.73091740715705,42
2017,srv_len,Male,95,250,0,67.73091740715705,42
2017,srv_len,Male,97,250,0,67.73091740715705,42
2017,srv_len,Male,99,250,0,67.73091740715705,42
2017,srv_len,Sex combined,41,597,0,80.11689889230293,42
2017,srv_len,Sex combined,43,597,0.0017,80.11689889230293,42
2017,srv_len,Sex combined,45,597,0.0151,80.11689889230293,42
2017,srv_len,Sex combined,47,597,0.0201,80.11689889230293,42
2017,srv_len,Sex combined,49,597,0.0168,80.11689889230293,42
2017,srv_len,Sex combined,51,597,0.0302,80.11689889230293,42
2017,srv_len,Sex combined,53,597,0.0553,80.11689889230293,42
2017,srv_len,Sex combined,55,597,0.0536,80.11689889230293,42
2017,srv_len,Sex combined,57,597,0.0771,80.11689889230293,42
2017,srv_len,Sex combined,59,597,0.0469,80.11689889230293,42
2017,srv_len,Sex combined,61,597,0.1039,80.11689889230293,42
2017,srv_len,Sex combined,63,597,0.0888,80.11689889230293,42
2017,srv_len,Sex combined,65,597,0.0972,80.11689889230293,42
2017,srv_len,Sex combined,67,597,0.0871,80.11689889230293,42
2017,srv_len,Sex combined,69,597,0.0586,80.11689889230293,42
2017,srv_len,Sex combined,71,597,0.0486,80.11689889230293,42
2017,srv_len,Sex combined,73,597,0.0486,80.11689889230293,42
2017,srv_len,Sex combined,75,597,0.0251,80.11689889230293,42
2017,srv_len,Sex combined,77,597,0.0285,80.11689889230293,42
2017,srv_len,Sex combined,79,597,0.0201,80.11689889230293,42
2017,srv_len,Sex combined,81,597,0.0201,80.11689889230293,42
2017,srv_len,Sex combined,83,597,0.0101,80.11689889230293,42
2017,srv_len,Sex combined,85,597,0.0101,80.11689889230293,42
2017,srv_len,Sex combined,87,597,0.0168,80.11689889230293,42
2017,srv_len,Sex combined,89,597,0.0017,80.11689889230293,42
2017,srv_len,Sex combined,91,597,0.0067,80.11689889230293,42
2017,srv_len,Sex combined,93,597,0,80.11689889230293,42
2017,srv_len,Sex combined,95,597,0.0067,80.11689889230293,42
2017,srv_len,Sex combined,97,597,0.0017,80.11689889230293,42
2017,srv_len,Sex combined,99,597,0.0034,80.11689889230293,42
2018,srv_len,Female,41,347,0,80.11689889230293,43
2018,srv_len,Female,43,347,0.002882,80.11689889230293,43
2018,srv_len,Female,45,347,0.011527,80.11689889230293,43
2018,srv_len,Female,47,347,0.014409,80.11689889230293,43
2018,srv_len,Female,49,347,0.025937,80.11689889230293,43
2018,srv_len,Female,51,347,0.0317,80.11689889230293,43
2018,srv_len,Female,53,347,0.054755,80.11689889230293,43
2018,srv_len,Female,55,347,0.060519,80.11689889230293,43
2018,srv_len,Female,57,347,0.07781,80.11689889230293,43
2018,srv_len,Female,59,347,0.072046,80.11689889230293,43
2018,srv_len,Female,61,347,0.057637,80.11689889230293,43
2018,srv_len,Female,63,347,0.057637,80.11689889230293,43
2018,srv_len,Female,65,347,0.066282,80.11689889230293,43
2018,srv_len,Female,67,347,0.057637,80.11689889230293,43
2018,srv_len,Female,69,347,0.063401,80.11689889230293,43
2018,srv_len,Female,71,347,0.089337,80.11689889230293,43
2018,srv_len,Female,73,347,0.048991,80.11689889230293,43
2018,srv_len,Female,75,347,0.04611,80.11689889230293,43
2018,srv_len,Female,77,347,0.048991,80.11689889230293,43
2018,srv_len,Female,79,347,0.023055,80.11689889230293,43
2018,srv_len,Female,81,347,0.034582,80.11689889230293,43
2018,srv_len,Female,83,347,0.005764,80.11689889230293,43
2018,srv_len,Female,85,347,0.020173,80.11689889230293,43
2018,srv_len,Female,87,347,0.008646,80.11689889230293,43
2018,srv_len,Female,89,347,0.005764,80.11689889230293,43
2018,srv_len,Female,91,347,0.002882,80.11689889230293,43
2018,srv_len,Female,93,347,0.002882,80.11689889230293,43
2018,srv_len,Female,95,347,0.002882,80.11689889230293,43
2018,srv_len,Female,97,347,0.002882,80.11689889230293,43
2018,srv_len,Female,99,347,0.002882,80.11689889230293,43
2018,srv_len,Male,41,215,0,67.73091740715705,43
2018,srv_len,Male,43,215,0,67.73091740715705,43
2018,srv_len,Male,45,215,0.013953,67.73091740715705,43
2018,srv_len,Male,47,215,0.013953,67.73091740715705,43
2018,srv_len,Male,49,215,0.023256,67.73091740715705,43
2018,srv_len,Male,51,215,0.046512,67.73091740715705,43
2018,srv_len,Male,53,215,0.060465,67.73091740715705,43
2018,srv_len,Male,55,215,0.046512,67.73091740715705,43
2018,srv_len,Male,57,215,0.065116,67.73091740715705,43
2018,srv_len,Male,59,215,0.106977,67.73091740715705,43
2018,srv_len,Male,61,215,0.093023,67.73091740715705,43
2018,srv_len,Male,63,215,0.12093,67.73091740715705,43
2018,srv_len,Male,65,215,0.111628,67.73091740715705,43
2018,srv_len,Male,67,215,0.069767,67.73091740715705,43
2018,srv_len,Male,69,215,0.125581,67.73091740715705,43
2018,srv_len,Male,71,215,0.046512,67.73091740715705,43
2018,srv_len,Male,73,215,0.027907,67.73091740715705,43
2018,srv_len,Male,75,215,0.009302,67.73091740715705,43
2018,srv_len,Male,77,215,0.004651,67.73091740715705,43
2018,srv_len,Male,79,215,0.013953,67.73091740715705,43
2018,srv_len,Male,81,215,0,67.73091740715705,43
2018,srv_len,Male,83,215,0,67.73091740715705,43
2018,srv_len,Male,85,215,0,67.73091740715705,43
2018,srv_len,Male,87,215,0,67.73091740715705,43
2018,srv_len,Male,89,215,0,67.73091740715705,43
2018,srv_len,Male,91,215,0,67.73091740715705,43
2018,srv_len,Male,93,215,0,67.73091740715705,43
2018,srv_len,Male,95,215,0,67.73091740715705,43
2018,srv_len,Male,97,215,0,67.73091740715705,43
2018,srv_len,Male,99,215,0,67.73091740715705,43
2018,srv_len,Sex combined,41,562,0,80.11689889230293,43
2018,srv_len,Sex combined,43,562,0.0018,80.11689889230293,43
2018,srv_len,Sex combined,45,562,0.0125,80.11689889230293,43
2018,srv_len,Sex combined,47,562,0.0142,80.11689889230293,43
2018,srv_len,Sex combined,49,562,0.0249,80.11689889230293,43
2018,srv_len,Sex combined,51,562,0.0374,80.11689889230293,43
2018,srv_len,Sex combined,53,562,0.0569,80.11689889230293,43
2018,srv_len,Sex combined,55,562,0.0552,80.11689889230293,43
2018,srv_len,Sex combined,57,562,0.073,80.11689889230293,43
2018,srv_len,Sex combined,59,562,0.0854,80.11689889230293,43
2018,srv_len,Sex combined,61,562,0.0712,80.11689889230293,43
2018,srv_len,Sex combined,63,562,0.0819,80.11689889230293,43
2018,srv_len,Sex combined,65,562,0.0836,80.11689889230293,43
2018,srv_len,Sex combined,67,562,0.0623,80.11689889230293,43
2018,srv_len,Sex combined,69,562,0.0872,80.11689889230293,43
2018,srv_len,Sex combined,71,562,0.073,80.11689889230293,43
2018,srv_len,Sex combined,73,562,0.0409,80.11689889230293,43
2018,srv_len,Sex combined,75,562,0.032,80.11689889230293,43
2018,srv_len,Sex combined,77,562,0.032,80.11689889230293,43
2018,srv_len,Sex combined,79,562,0.0196,80.11689889230293,43
2018,srv_len,Sex combined,81,562,0.0214,80.11689889230293,43
2018,srv_len,Sex combined,83,562,0.0036,80.11689889230293,43
2018,srv_len,Sex combined,85,562,0.0125,80.11689889230293,43
2018,srv_len,Sex combined,87,562,0.0053,80.11689889230293,43
2018,srv_len,Sex combined,89,562,0.0036,80.11689889230293,43
2018,srv_len,Sex combined,91,562,0.0018,80.11689889230293,43
2018,srv_len,Sex combined,93,562,0.0018,80.11689889230293,43
2018,srv_len,Sex combined,95,562,0.0018,80.11689889230293,43
2018,srv_len,Sex combined,97,562,0.0018,80.11689889230293,43
2018,srv_len,Sex combined,99,562,0.0018,80.11689889230293,43
2019,srv_len,Female,41,269,0,80.11689889230293,44
2019,srv_len,Female,43,269,0,80.11689889230293,44
2019,srv_len,Female,45,269,0.007435,80.11689889230293,44
2019,srv_len,Female,47,269,0.033457,80.11689889230293,44
2019,srv_len,Female,49,269,0.02974,80.11689889230293,44
2019,srv_len,Female,51,269,0.055762,80.11689889230293,44
2019,srv_len,Female,53,269,0.052045,80.11689889230293,44
2019,srv_len,Female,55,269,0.048327,80.11689889230293,44
2019,srv_len,Female,57,269,0.052045,80.11689889230293,44
2019,srv_len,Female,59,269,0.074349,80.11689889230293,44
2019,srv_len,Female,61,269,0.096654,80.11689889230293,44
2019,srv_len,Female,63,269,0.092937,80.11689889230293,44
2019,srv_len,Female,65,269,0.100372,80.11689889230293,44
2019,srv_len,Female,67,269,0.04461,80.11689889230293,44
2019,srv_len,Female,69,269,0.02974,80.11689889230293,44
2019,srv_len,Female,71,269,0.063197,80.11689889230293,44
2019,srv_len,Female,73,269,0.040892,80.11689889230293,44
2019,srv_len,Female,75,269,0.05948,80.11689889230293,44
2019,srv_len,Female,77,269,0.040892,80.11689889230293,44
2019,srv_len,Female,79,269,0.026022,80.11689889230293,44
2019,srv_len,Female,81,269,0.011152,80.11689889230293,44
2019,srv_len,Female,83,269,0.01487,80.11689889230293,44
2019,srv_len,Female,85,269,0.003717,80.11689889230293,44
2019,srv_len,Female,87,269,0.007435,80.11689889230293,44
2019,srv_len,Female,89,269,0.007435,80.11689889230293,44
2019,srv_len,Female,91,269,0,80.11689889230293,44
2019,srv_len,Female,93,269,0.003717,80.11689889230293,44
2019,srv_len,Female,95,269,0.003717,80.11689889230293,44
2019,srv_len,Female,97,269,0,80.11689889230293,44
2019,srv_len,Female,99,269,0,80.11689889230293,44
2019,srv_len,Male,41,198,0,67.73091740715705,44
2019,srv_len,Male,43,198,0,67.73091740715705,44
2019,srv_len,Male,45,198,0.005051,67.73091740715705,44
2019,srv_len,Male,47,198,0.020202,67.73091740715705,44
2019,srv_len,Male,49,198,0.060606,67.73091740715705,44
2019,srv_len,Male,51,198,0.070707,67.73091740715705,44
2019,srv_len,Male,53,198,0.045455,67.73091740715705,44
2019,srv_len,Male,55,198,0.075758,67.73091740715705,44
2019,srv_len,Male,57,198,0.070707,67.73091740715705,44
2019,srv_len,Male,59,198,0.10101,67.73091740715705,44
2019,srv_len,Male,61,198,0.121212,67.73091740715705,44
2019,srv_len,Male,63,198,0.075758,67.73091740715705,44
2019,srv_len,Male,65,198,0.111111,67.73091740715705,44
2019,srv_len,Male,67,198,0.106061,67.73091740715705,44
2019,srv_len,Male,69,198,0.055556,67.73091740715705,44
2019,srv_len,Male,71,198,0.040404,67.73091740715705,44
2019,srv_len,Male,73,198,0.035354,67.73091740715705,44
2019,srv_len,Male,75,198,0,67.73091740715705,44
2019,srv_len,Male,77,198,0,67.73091740715705,44
2019,srv_len,Male,79,198,0,67.73091740715705,44
2019,srv_len,Male,81,198,0,67.73091740715705,44
2019,srv_len,Male,83,198,0,67.73091740715705,44
2019,srv_len,Male,85,198,0.005051,67.73091740715705,44
2019,srv_len,Male,87,198,0,67.73091740715705,44
2019,srv_len,Male,89,198,0,67.73091740715705,44
2019,srv_len,Male,91,198,0,67.73091740715705,44
2019,srv_len,Male,93,198,0,67.73091740715705,44
2019,srv_len,Male,95,198,0,67.73091740715705,44
2019,srv_len,Male,97,198,0,67.73091740715705,44
2019,srv_len,Male,99,198,0,67.73091740715705,44
2019,srv_len,Sex combined,41,467,0,80.11689889230293,44
2019,srv_len,Sex combined,43,467,0,80.11689889230293,44
2019,srv_len,Sex combined,45,467,0.0064,80.11689889230293,44
2019,srv_len,Sex combined,47,467,0.0278,80.11689889230293,44
2019,srv_len,Sex combined,49,467,0.0428,80.11689889230293,44
2019,srv_len,Sex combined,51,467,0.0621,80.11689889230293,44
2019,srv_len,Sex combined,53,467,0.0493,80.11689889230293,44
2019,srv_len,Sex combined,55,467,0.06,80.11689889230293,44
2019,srv_len,Sex combined,57,467,0.06,80.11689889230293,44
2019,srv_len,Sex combined,59,467,0.0857,80.11689889230293,44
2019,srv_len,Sex combined,61,467,0.1071,80.11689889230293,44
2019,srv_len,Sex combined,63,467,0.0857,80.11689889230293,44
2019,srv_len,Sex combined,65,467,0.1049,80.11689889230293,44
2019,srv_len,Sex combined,67,467,0.0707,80.11689889230293,44
2019,srv_len,Sex combined,69,467,0.0407,80.11689889230293,44
2019,srv_len,Sex combined,71,467,0.0535,80.11689889230293,44
2019,srv_len,Sex combined,73,467,0.0385,80.11689889230293,44
2019,srv_len,Sex combined,75,467,0.0343,80.11689889230293,44
2019,srv_len,Sex combined,77,467,0.0236,80.11689889230293,44
2019,srv_len,Sex combined,79,467,0.015,80.11689889230293,44
2019,srv_len,Sex combined,81,467,0.0064,80.11689889230293,44
2019,srv_len,Sex combined,83,467,0.0086,80.11689889230293,44
2019,srv_len,Sex combined,85,467,0.0043,80.11689889230293,44
2019,srv_len,Sex combined,87,467,0.0043,80.11689889230293,44
2019,srv_len,Sex combined,89,467,0.0043,80.11689889230293,44
2019,srv_len,Sex combined,91,467,0,80.11689889230293,44
2019,srv_len,Sex combined,93,467,0.0021,80.11689889230293,44
2019,srv_len,Sex combined,95,467,0.0021,80.11689889230293,44
2019,srv_len,Sex combined,97,467,0,80.11689889230293,44
2019,srv_len,Sex combined,99,467,0,80.11689889230293,44
2020,srv_len,Female,41,375,0,80.11689889230293,45
2020,srv_len,Female,43,375,0,80.11689889230293,45
2020,srv_len,Female,45,375,0,80.11689889230293,45
2020,srv_len,Female,47,375,0.002667,80.11689889230293,45
2020,srv_len,Female,49,375,0.008,80.11689889230293,45
2020,srv_len,Female,51,375,0.034667,80.11689889230293,45
2020,srv_len,Female,53,375,0.08,80.11689889230293,45
2020,srv_len,Female,55,375,0.085333,80.11689889230293,45
2020,srv_len,Female,57,375,0.093333,80.11689889230293,45
2020,srv_len,Female,59,375,0.101333,80.11689889230293,45
2020,srv_len,Female,61,375,0.088,80.11689889230293,45
2020,srv_len,Female,63,375,0.072,80.11689889230293,45
2020,srv_len,Female,65,375,0.082667,80.11689889230293,45
2020,srv_len,Female,67,375,0.112,80.11689889230293,45
2020,srv_len,Female,69,375,0.037333,80.11689889230293,45
2020,srv_len,Female,71,375,0.050667,80.11689889230293,45
2020,srv_len,Female,73,375,0.034667,80.11689889230293,45
2020,srv_len,Female,75,375,0.029333,80.11689889230293,45
2020,srv_len,Female,77,375,0.034667,80.11689889230293,45
2020,srv_len,Female,79,375,0.010667,80.11689889230293,45
2020,srv_len,Female,81,375,0.010667,80.11689889230293,45
2020,srv_len,Female,83,375,0.002667,80.11689889230293,45
2020,srv_len,Female,85,375,0.002667,80.11689889230293,45
2020,srv_len,Female,87,375,0.013333,80.11689889230293,45
2020,srv_len,Female,89,375,0.005333,80.11689889230293,45
2020,srv_len,Female,91,375,0,80.11689889230293,45
2020,srv_len,Female,93,375,0.002667,80.11689889230293,45
2020,srv_len,Female,95,375,0,80.11689889230293,45
2020,srv_len,Female,97,375,0.005333,80.11689889230293,45
2020,srv_len,Female,99,375,0,80.11689889230293,45
2020,srv_len,Male,41,239,0,67.73091740715705,45
2020,srv_len,Male,43,239,0,67.73091740715705,45
2020,srv_len,Male,45,239,0,67.73091740715705,45
2020,srv_len,Male,47,239,0,67.73091740715705,45
2020,srv_len,Male,49,239,0.008368,67.73091740715705,45
2020,srv_len,Male,51,239,0.054393,67.73091740715705,45
2020,srv_len,Male,53,239,0.100418,67.73091740715705,45
2020,srv_len,Male,55,239,0.104603,67.73091740715705,45
2020,srv_len,Male,57,239,0.087866,67.73091740715705,45
2020,srv_len,Male,59,239,0.129707,67.73091740715705,45
2020,srv_len,Male,61,239,0.138075,67.73091740715705,45
2020,srv_len,Male,63,239,0.138075,67.73091740715705,45
2020,srv_len,Male,65,239,0.083682,67.73091740715705,45
2020,srv_len,Male,67,239,0.062762,67.73091740715705,45
2020,srv_len,Male,69,239,0.041841,67.73091740715705,45
2020,srv_len,Male,71,239,0.016736,67.73091740715705,45
2020,srv_len,Male,73,239,0.016736,67.73091740715705,45
2020,srv_len,Male,75,239,0.012552,67.73091740715705,45
2020,srv_len,Male,77,239,0,67.73091740715705,45
2020,srv_len,Male,79,239,0,67.73091740715705,45
2020,srv_len,Male,81,239,0.004184,67.73091740715705,45
2020,srv_len,Male,83,239,0,67.73091740715705,45
2020,srv_len,Male,85,239,0,67.73091740715705,45
2020,srv_len,Male,87,239,0,67.73091740715705,45
2020,srv_len,Male,89,239,0,67.73091740715705,45
2020,srv_len,Male,91,239,0,67.73091740715705,45
2020,srv_len,Male,93,239,0,67.73091740715705,45
2020,srv_len,Male,95,239,0,67.73091740715705,45
2020,srv_len,Male,97,239,0,67.73091740715705,45
2020,srv_len,Male,99,239,0,67.73091740715705,45
2020,srv_len,Sex combined,41,614,0,80.11689889230293,45
2020,srv_len,Sex combined,43,614,0,80.11689889230293,45
2020,srv_len,Sex combined,45,614,0,80.11689889230293,45
2020,srv_len,Sex combined,47,614,0.0016,80.11689889230293,45
2020,srv_len,Sex combined,49,614,0.0081,80.11689889230293,45
2020,srv_len,Sex combined,51,614,0.0423,80.11689889230293,45
2020,srv_len,Sex combined,53,614,0.0879,80.11689889230293,45
2020,srv_len,Sex combined,55,614,0.0928,80.11689889230293,45
2020,srv_len,Sex combined,57,614,0.0912,80.11689889230293,45
2020,srv_len,Sex combined,59,614,0.1124,80.11689889230293,45
2020,srv_len,Sex combined,61,614,0.1075,80.11689889230293,45
2020,srv_len,Sex combined,63,614,0.0977,80.11689889230293,45
2020,srv_len,Sex combined,65,614,0.0831,80.11689889230293,45
2020,srv_len,Sex combined,67,614,0.0928,80.11689889230293,45
2020,srv_len,Sex combined,69,614,0.0391,80.11689889230293,45
2020,srv_len,Sex combined,71,614,0.0375,80.11689889230293,45
2020,srv_len,Sex combined,73,614,0.0277,80.11689889230293,45
2020,srv_len,Sex combined,75,614,0.0228,80.11689889230293,45
2020,srv_len,Sex combined,77,614,0.0212,80.11689889230293,45
2020,srv_len,Sex combined,79,614,0.0065,80.11689889230293,45
2020,srv_len,Sex combined,81,614,0.0081,80.11689889230293,45
2020,srv_len,Sex combined,83,614,0.0016,80.11689889230293,45
2020,srv_len,Sex combined,85,614,0.0016,80.11689889230293,45
2020,srv_len,Sex combined,87,614,0.0081,80.11689889230293,45
2020,srv_len,Sex combined,89,614,0.0033,80.11689889230293,45
2020,srv_len,Sex combined,91,614,0,80.11689889230293,45
2020,srv_len,Sex combined,93,614,0.0016,80.11689889230293,45
2020,srv_len,Sex combined,95,614,0,80.11689889230293,45
2020,srv_len,Sex combined,97,614,0.0033,80.11689889230293,45
2020,srv_len,Sex combined,99,614,0,80.11689889230293,45
2021,srv_len,Female,41,369,0,80.11689889230293,46
2021,srv_len,Female,43,369,0,80.11689889230293,46
2021,srv_len,Female,45,369,0.00271,80.11689889230293,46
2021,srv_len,Female,47,369,0,80.11689889230293,46
2021,srv_len,Female,49,369,0.00542,80.11689889230293,46
2021,srv_len,Female,51,369,0.00813,80.11689889230293,46
2021,srv_len,Female,53,369,0.04336,80.11689889230293,46
2021,srv_len,Female,55,369,0.065041,80.11689889230293,46
2021,srv_len,Female,57,369,0.081301,80.11689889230293,46
2021,srv_len,Female,59,369,0.113821,80.11689889230293,46
2021,srv_len,Female,61,369,0.159892,80.11689889230293,46
2021,srv_len,Female,63,369,0.162602,80.11689889230293,46
2021,srv_len,Female,65,369,0.121951,80.11689889230293,46
2021,srv_len,Female,67,369,0.078591,80.11689889230293,46
2021,srv_len,Female,69,369,0.056911,80.11689889230293,46
2021,srv_len,Female,71,369,0.03523,80.11689889230293,46
2021,srv_len,Female,73,369,0.02981,80.11689889230293,46
2021,srv_len,Female,75,369,0.00542,80.11689889230293,46
2021,srv_len,Female,77,369,0.01084,80.11689889230293,46
2021,srv_len,Female,79,369,0.00271,80.11689889230293,46
2021,srv_len,Female,81,369,0.00542,80.11689889230293,46
2021,srv_len,Female,83,369,0.00271,80.11689889230293,46
2021,srv_len,Female,85,369,0.00271,80.11689889230293,46
2021,srv_len,Female,87,369,0.00271,80.11689889230293,46
2021,srv_len,Female,89,369,0.00271,80.11689889230293,46
2021,srv_len,Female,91,369,0,80.11689889230293,46
2021,srv_len,Female,93,369,0,80.11689889230293,46
2021,srv_len,Female,95,369,0,80.11689889230293,46
2021,srv_len,Female,97,369,0,80.11689889230293,46
2021,srv_len,Female,99,369,0,80.11689889230293,46
2021,srv_len,Male,41,275,0,67.73091740715705,46
2021,srv_len,Male,43,275,0,67.73091740715705,46
2021,srv_len,Male,45,275,0.003636,67.73091740715705,46
2021,srv_len,Male,47,275,0.010909,67.73091740715705,46
2021,srv_len,Male,49,275,0.025455,67.73091740715705,46
2021,srv_len,Male,51,275,0.04,67.73091740715705,46
2021,srv_len,Male,53,275,0.123636,67.73091740715705,46
2021,srv_len,Male,55,275,0.130909,67.73091740715705,46
2021,srv_len,Male,57,275,0.167273,67.73091740715705,46
2021,srv_len,Male,59,275,0.178182,67.73091740715705,46
2021,srv_len,Male,61,275,0.127273,67.73091740715705,46
2021,srv_len,Male,63,275,0.087273,67.73091740715705,46
2021,srv_len,Male,65,275,0.036364,67.73091740715705,46
2021,srv_len,Male,67,275,0.032727,67.73091740715705,46
2021,srv_len,Male,69,275,0.025455,67.73091740715705,46
2021,srv_len,Male,71,275,0.003636,67.73091740715705,46
2021,srv_len,Male,73,275,0,67.73091740715705,46
2021,srv_len,Male,75,275,0.003636,67.73091740715705,46
2021,srv_len,Male,77,275,0,67.73091740715705,46
2021,srv_len,Male,79,275,0.003636,67.73091740715705,46
2021,srv_len,Male,81,275,0,67.73091740715705,46
2021,srv_len,Male,83,275,0,67.73091740715705,46
2021,srv_len,Male,85,275,0,67.73091740715705,46
2021,srv_len,Male,87,275,0,67.73091740715705,46
2021,srv_len,Male,89,275,0,67.73091740715705,46
2021,srv_len,Male,91,275,0,67.73091740715705,46
2021,srv_len,Male,93,275,0,67.73091740715705,46
2021,srv_len,Male,95,275,0,67.73091740715705,46
2021,srv_len,Male,97,275,0,67.73091740715705,46
2021,srv_len,Male,99,275,0,67.73091740715705,46
2021,srv_len,Sex combined,41,644,0,80.11689889230293,46
2021,srv_len,Sex combined,43,644,0,80.11689889230293,46
2021,srv_len,Sex combined,45,644,0.0031,80.11689889230293,46
2021,srv_len,Sex combined,47,644,0.0047,80.11689889230293,46
2021,srv_len,Sex combined,49,644,0.014,80.11689889230293,46
2021,srv_len,Sex combined,51,644,0.0217,80.11689889230293,46
2021,srv_len,Sex combined,53,644,0.0776,80.11689889230293,46
2021,srv_len,Sex combined,55,644,0.0932,80.11689889230293,46
2021,srv_len,Sex combined,57,644,0.118,80.11689889230293,46
2021,srv_len,Sex combined,59,644,0.1413,80.11689889230293,46
2021,srv_len,Sex combined,61,644,0.146,80.11689889230293,46
2021,srv_len,Sex combined,63,644,0.1304,80.11689889230293,46
2021,srv_len,Sex combined,65,644,0.0854,80.11689889230293,46
2021,srv_len,Sex combined,67,644,0.059,80.11689889230293,46
2021,srv_len,Sex combined,69,644,0.0435,80.11689889230293,46
2021,srv_len,Sex combined,71,644,0.0217,80.11689889230293,46
2021,srv_len,Sex combined,73,644,0.0171,80.11689889230293,46
2021,srv_len,Sex combined,75,644,0.0047,80.11689889230293,46
2021,srv_len,Sex combined,77,644,0.0062,80.11689889230293,46
2021,srv_len,Sex combined,79,644,0.0031,80.11689889230293,46
2021,srv_len,Sex combined,81,644,0.0031,80.11689889230293,46
2021,srv_len,Sex combined,83,644,0.0016,80.11689889230293,46
2021,srv_len,Sex combined,85,644,0.0016,80.11689889230293,46
2021,srv_len,Sex combined,87,644,0.0016,80.11689889230293,46
2021,srv_len,Sex combined,89,644,0.0016,80.11689889230293,46
2021,srv_len,Sex combined,91,644,0,80.11689889230293,46
2021,srv_len,Sex combined,93,644,0,80.11689889230293,46
2021,srv_len,Sex combined,95,644,0,80.11689889230293,46
2021,srv_len,Sex combined,97,644,0,80.11689889230293,46
2021,srv_len,Sex combined,99,644,0,80.11689889230293,46
2022,srv_len,Female,41,339,0,80.11689889230293,47
2022,srv_len,Female,43,339,0.0059,80.11689889230293,47
2022,srv_len,Female,45,339,0,80.11689889230293,47
2022,srv_len,Female,47,339,0.00885,80.11689889230293,47
2022,srv_len,Female,49,339,0.017699,80.11689889230293,47
2022,srv_len,Female,51,339,0.014749,80.11689889230293,47
2022,srv_len,Female,53,339,0.035398,80.11689889230293,47
2022,srv_len,Female,55,339,0.047198,80.11689889230293,47
2022,srv_len,Female,57,339,0.079646,80.11689889230293,47
2022,srv_len,Female,59,339,0.094395,80.11689889230293,47
2022,srv_len,Female,61,339,0.117994,80.11689889230293,47
2022,srv_len,Female,63,339,0.162242,80.11689889230293,47
2022,srv_len,Female,65,339,0.129794,80.11689889230293,47
2022,srv_len,Female,67,339,0.094395,80.11689889230293,47
2022,srv_len,Female,69,339,0.064897,80.11689889230293,47
2022,srv_len,Female,71,339,0.035398,80.11689889230293,47
2022,srv_len,Female,73,339,0.035398,80.11689889230293,47
2022,srv_len,Female,75,339,0.026549,80.11689889230293,47
2022,srv_len,Female,77,339,0.014749,80.11689889230293,47
2022,srv_len,Female,79,339,0.0059,80.11689889230293,47
2022,srv_len,Female,81,339,0.00295,80.11689889230293,47
2022,srv_len,Female,83,339,0,80.11689889230293,47
2022,srv_len,Female,85,339,0.00295,80.11689889230293,47
2022,srv_len,Female,87,339,0,80.11689889230293,47
2022,srv_len,Female,89,339,0,80.11689889230293,47
2022,srv_len,Female,91,339,0.00295,80.11689889230293,47
2022,srv_len,Female,93,339,0,80.11689889230293,47
2022,srv_len,Female,95,339,0,80.11689889230293,47
2022,srv_len,Female,97,339,0,80.11689889230293,47
2022,srv_len,Female,99,339,0,80.11689889230293,47
2022,srv_len,Male,41,309,0,67.73091740715705,47
2022,srv_len,Male,43,309,0,67.73091740715705,47
2022,srv_len,Male,45,309,0.003236,67.73091740715705,47
2022,srv_len,Male,47,309,0.012945,67.73091740715705,47
2022,srv_len,Male,49,309,0.019417,67.73091740715705,47
2022,srv_len,Male,51,309,0.042071,67.73091740715705,47
2022,srv_len,Male,53,309,0.080906,67.73091740715705,47
2022,srv_len,Male,55,309,0.116505,67.73091740715705,47
2022,srv_len,Male,57,309,0.122977,67.73091740715705,47
2022,srv_len,Male,59,309,0.197411,67.73091740715705,47
2022,srv_len,Male,61,309,0.158576,67.73091740715705,47
2022,srv_len,Male,63,309,0.110032,67.73091740715705,47
2022,srv_len,Male,65,309,0.038835,67.73091740715705,47
2022,srv_len,Male,67,309,0.042071,67.73091740715705,47
2022,srv_len,Male,69,309,0.016181,67.73091740715705,47
2022,srv_len,Male,71,309,0.012945,67.73091740715705,47
2022,srv_len,Male,73,309,0.006472,67.73091740715705,47
2022,srv_len,Male,75,309,0.003236,67.73091740715705,47
2022,srv_len,Male,77,309,0.012945,67.73091740715705,47
2022,srv_len,Male,79,309,0,67.73091740715705,47
2022,srv_len,Male,81,309,0,67.73091740715705,47
2022,srv_len,Male,83,309,0,67.73091740715705,47
2022,srv_len,Male,85,309,0,67.73091740715705,47
2022,srv_len,Male,87,309,0.003236,67.73091740715705,47
2022,srv_len,Male,89,309,0,67.73091740715705,47
2022,srv_len,Male,91,309,0,67.73091740715705,47
2022,srv_len,Male,93,309,0,67.73091740715705,47
2022,srv_len,Male,95,309,0,67.73091740715705,47
2022,srv_len,Male,97,309,0,67.73091740715705,47
2022,srv_len,Male,99,309,0,67.73091740715705,47
2022,srv_len,Sex combined,41,648,0,80.11689889230293,47
2022,srv_len,Sex combined,43,648,0.0031,80.11689889230293,47
2022,srv_len,Sex combined,45,648,0.0015,80.11689889230293,47
2022,srv_len,Sex combined,47,648,0.0108,80.11689889230293,47
2022,srv_len,Sex combined,49,648,0.0185,80.11689889230293,47
2022,srv_len,Sex combined,51,648,0.0278,80.11689889230293,47
2022,srv_len,Sex combined,53,648,0.0571,80.11689889230293,47
2022,srv_len,Sex combined,55,648,0.0802,80.11689889230293,47
2022,srv_len,Sex combined,57,648,0.1003,80.11689889230293,47
2022,srv_len,Sex combined,59,648,0.1435,80.11689889230293,47
2022,srv_len,Sex combined,61,648,0.1373,80.11689889230293,47
2022,srv_len,Sex combined,63,648,0.1373,80.11689889230293,47
2022,srv_len,Sex combined,65,648,0.0864,80.11689889230293,47
2022,srv_len,Sex combined,67,648,0.0694,80.11689889230293,47
2022,srv_len,Sex combined,69,648,0.0417,80.11689889230293,47
2022,srv_len,Sex combined,71,648,0.0247,80.11689889230293,47
2022,srv_len,Sex combined,73,648,0.0216,80.11689889230293,47
2022,srv_len,Sex combined,75,648,0.0154,80.11689889230293,47
2022,srv_len,Sex combined,77,648,0.0139,80.11689889230293,47
2022,srv_len,Sex combined,79,648,0.0031,80.11689889230293,47
2022,srv_len,Sex combined,81,648,0.0015,80.11689889230293,47
2022,srv_len,Sex combined,83,648,0,80.11689889230293,47
2022,srv_len,Sex combined,85,648,0.0015,80.11689889230293,47
2022,srv_len,Sex combined,87,648,0.0015,80.11689889230293,47
2022,srv_len,Sex combined,89,648,0,80.11689889230293,47
2022,srv_len,Sex combined,91,648,0.0015,80.11689889230293,47
2022,srv_len,Sex combined,93,648,0,80.11689889230293,47
2022,srv_len,Sex combined,95,648,0,80.11689889230293,47
2022,srv_len,Sex combined,97,648,0,80.11689889230293,47
2022,srv_len,Sex combined,99,648,0,80.11689889230293,47
2023,srv_len,Female,41,367,0,80.11689889230293,48
2023,srv_len,Female,43,367,0,80.11689889230293,48
2023,srv_len,Female,45,367,0,80.11689889230293,48
2023,srv_len,Female,47,367,0.013624,80.11689889230293,48
2023,srv_len,Female,49,367,0.027248,80.11689889230293,48
2023,srv_len,Female,51,367,0.024523,80.11689889230293,48
2023,srv_len,Female,53,367,0.032698,80.11689889230293,48
2023,srv_len,Female,55,367,0.073569,80.11689889230293,48
2023,srv_len,Female,57,367,0.076294,80.11689889230293,48
2023,srv_len,Female,59,367,0.089918,80.11689889230293,48
2023,srv_len,Female,61,367,0.149864,80.11689889230293,48
2023,srv_len,Female,63,367,0.117166,80.11689889230293,48
2023,srv_len,Female,65,367,0.103542,80.11689889230293,48
2023,srv_len,Female,67,367,0.108992,80.11689889230293,48
2023,srv_len,Female,69,367,0.06812,80.11689889230293,48
2023,srv_len,Female,71,367,0.054496,80.11689889230293,48
2023,srv_len,Female,73,367,0.021798,80.11689889230293,48
2023,srv_len,Female,75,367,0.013624,80.11689889230293,48
2023,srv_len,Female,77,367,0,80.11689889230293,48
2023,srv_len,Female,79,367,0.013624,80.11689889230293,48
2023,srv_len,Female,81,367,0.002725,80.11689889230293,48
2023,srv_len,Female,83,367,0,80.11689889230293,48
2023,srv_len,Female,85,367,0,80.11689889230293,48
2023,srv_len,Female,87,367,0,80.11689889230293,48
2023,srv_len,Female,89,367,0,80.11689889230293,48
2023,srv_len,Female,91,367,0.002725,80.11689889230293,48
2023,srv_len,Female,93,367,0.002725,80.11689889230293,48
2023,srv_len,Female,95,367,0,80.11689889230293,48
2023,srv_len,Female,97,367,0.002725,80.11689889230293,48
2023,srv_len,Female,99,367,0,80.11689889230293,48
2023,srv_len,Male,41,302,0,67.73091740715705,48
2023,srv_len,Male,43,302,0,67.73091740715705,48
2023,srv_len,Male,45,302,0,67.73091740715705,48
2023,srv_len,Male,47,302,0.009934,67.73091740715705,48
2023,srv_len,Male,49,302,0.013245,67.73091740715705,48
2023,srv_len,Male,51,302,0.046358,67.73091740715705,48
2023,srv_len,Male,53,302,0.049669,67.73091740715705,48
2023,srv_len,Male,55,302,0.096026,67.73091740715705,48
2023,srv_len,Male,57,302,0.18543,67.73091740715705,48
2023,srv_len,Male,59,302,0.192053,67.73091740715705,48
2023,srv_len,Male,61,302,0.149007,67.73091740715705,48
2023,srv_len,Male,63,302,0.119205,67.73091740715705,48
2023,srv_len,Male,65,302,0.066225,67.73091740715705,48
2023,srv_len,Male,67,302,0.029801,67.73091740715705,48
2023,srv_len,Male,69,302,0.013245,67.73091740715705,48
2023,srv_len,Male,71,302,0.02649,67.73091740715705,48
2023,srv_len,Male,73,302,0.003311,67.73091740715705,48
2023,srv_len,Male,75,302,0,67.73091740715705,48
2023,srv_len,Male,77,302,0,67.73091740715705,48
2023,srv_len,Male,79,302,0,67.73091740715705,48
2023,srv_len,Male,81,302,0,67.73091740715705,48
2023,srv_len,Male,83,302,0,67.73091740715705,48
2023,srv_len,Male,85,302,0,67.73091740715705,48
2023,srv_len,Male,87,302,0,67.73091740715705,48
2023,srv_len,Male,89,302,0,67.73091740715705,48
2023,srv_len,Male,91,302,0,67.73091740715705,48
2023,srv_len,Male,93,302,0,67.73091740715705,48
2023,srv_len,Male,95,302,0,67.73091740715705,48
2023,srv_len,Male,97,302,0,67.73091740715705,48
2023,srv_len,Male,99,302,0,67.73091740715705,48
2023,srv_len,Sex combined,41,669,0,80.11689889230293,48
2023,srv_len,Sex combined,43,669,0,80.11689889230293,48
2023,srv_len,Sex combined,45,669,0,80.11689889230293,48
2023,srv_len,Sex combined,47,669,0.012,80.11689889230293,48
2023,srv_len,Sex combined,49,669,0.0209,80.11689889230293,48
2023,srv_len,Sex combined,51,669,0.0344,80.11689889230293,48
2023,srv_len,Sex combined,53,669,0.0404,80.11689889230293,48
2023,srv_len,Sex combined,55,669,0.0837,80.11689889230293,48
2023,srv_len,Sex combined,57,669,0.1256,80.11689889230293,48
2023,srv_len,Sex combined,59,669,0.136,80.11689889230293,48
2023,srv_len,Sex combined,61,669,0.1495,80.11689889230293,48
2023,srv_len,Sex combined,63,669,0.1181,80.11689889230293,48
2023,srv_len,Sex combined,65,669,0.0867,80.11689889230293,48
2023,srv_len,Sex combined,67,669,0.0732,80.11689889230293,48
2023,srv_len,Sex combined,69,669,0.0433,80.11689889230293,48
2023,srv_len,Sex combined,71,669,0.0419,80.11689889230293,48
2023,srv_len,Sex combined,73,669,0.0135,80.11689889230293,48
2023,srv_len,Sex combined,75,669,0.0075,80.11689889230293,48
2023,srv_len,Sex combined,77,669,0,80.11689889230293,48
2023,srv_len,Sex combined,79,669,0.0075,80.11689889230293,48
2023,srv_len,Sex combined,81,669,0.0015,80.11689889230293,48
2023,srv_len,Sex combined,83,669,0,80.11689889230293,48
2023,srv_len,Sex combined,85,669,0,80.11689889230293,48
2023,srv_len,Sex combined,87,669,0,80.11689889230293,48
2023,srv_len,Sex combined,89,669,0,80.11689889230293,48
2023,srv_len,Sex combined,91,669,0.0015,80.11689889230293,48
2023,srv_len,Sex combined,93,669,0.0015,80.11689889230293,48
2023,srv_len,Sex combined,95,669,0,80.11689889230293,48
2023,srv_len,Sex combined,97,669,0.0015,80.11689889230293,48
2023,srv_len,Sex combined,99,669,0,80.11689889230293,48
2024,srv_len,Female,41,1287,0,80.11689889230293,49
2024,srv_len,Female,43,1287,0,80.11689889230293,49
2024,srv_len,Female,45,1287,0,80.11689889230293,49
2024,srv_len,Female,47,1287,0.002331,80.11689889230293,49
2024,srv_len,Female,49,1287,0.009324,80.11689889230293,49
2024,srv_len,Female,51,1287,0.009324,80.11689889230293,49
2024,srv_len,Female,53,1287,0.027972,80.11689889230293,49
2024,srv_len,Female,55,1287,0.034965,80.11689889230293,49
2024,srv_len,Female,57,1287,0.039627,80.11689889230293,49
2024,srv_len,Female,59,1287,0.076923,80.11689889230293,49
2024,srv_len,Female,61,1287,0.095571,80.11689889230293,49
2024,srv_len,Female,63,1287,0.146853,80.11689889230293,49
2024,srv_len,Female,65,1287,0.153846,80.11689889230293,49
2024,srv_len,Female,67,1287,0.128205,80.11689889230293,49
2024,srv_len,Female,69,1287,0.086247,80.11689889230293,49
2024,srv_len,Female,71,1287,0.083916,80.11689889230293,49
2024,srv_len,Female,73,1287,0.039627,80.11689889230293,49
2024,srv_len,Female,75,1287,0.020979,80.11689889230293,49
2024,srv_len,Female,77,1287,0.002331,80.11689889230293,49
2024,srv_len,Female,79,1287,0.009324,80.11689889230293,49
2024,srv_len,Female,81,1287,0.018648,80.11689889230293,49
2024,srv_len,Female,83,1287,0.002331,80.11689889230293,49
2024,srv_len,Female,85,1287,0.006993,80.11689889230293,49
2024,srv_len,Female,87,1287,0.002331,80.11689889230293,49
2024,srv_len,Female,89,1287,0,80.11689889230293,49
2024,srv_len,Female,91,1287,0.002331,80.11689889230293,49
2024,srv_len,Female,93,1287,0,80.11689889230293,49
2024,srv_len,Female,95,1287,0,80.11689889230293,49
2024,srv_len,Female,97,1287,0,80.11689889230293,49
2024,srv_len,Female,99,1287,0,80.11689889230293,49
2024,srv_len,Male,41,1062,0,67.73091740715705,49
2024,srv_len,Male,43,1062,0,67.73091740715705,49
2024,srv_len,Male,45,1062,0,67.73091740715705,49
2024,srv_len,Male,47,1062,0.00565,67.73091740715705,49
2024,srv_len,Male,49,1062,0.008475,67.73091740715705,49
2024,srv_len,Male,51,1062,0.022599,67.73091740715705,49
2024,srv_len,Male,53,1062,0.070621,67.73091740715705,49
2024,srv_len,Male,55,1062,0.090395,67.73091740715705,49
2024,srv_len,Male,57,1062,0.180791,67.73091740715705,49
2024,srv_len,Male,59,1062,0.169492,67.73091740715705,49
2024,srv_len,Male,61,1062,0.180791,67.73091740715705,49
2024,srv_len,Male,63,1062,0.115819,67.73091740715705,49
2024,srv_len,Male,65,1062,0.070621,67.73091740715705,49
2024,srv_len,Male,67,1062,0.033898,67.73091740715705,49
2024,srv_len,Male,69,1062,0.016949,67.73091740715705,49
2024,srv_len,Male,71,1062,0.011299,67.73091740715705,49
2024,srv_len,Male,73,1062,0.019774,67.73091740715705,49
2024,srv_len,Male,75,1062,0,67.73091740715705,49
2024,srv_len,Male,77,1062,0,67.73091740715705,49
2024,srv_len,Male,79,1062,0,67.73091740715705,49
2024,srv_len,Male,81,1062,0.002825,67.73091740715705,49
2024,srv_len,Male,83,1062,0,67.73091740715705,49
2024,srv_len,Male,85,1062,0,67.73091740715705,49
2024,srv_len,Male,87,1062,0,67.73091740715705,49
2024,srv_len,Male,89,1062,0,67.73091740715705,49
2024,srv_len,Male,91,1062,0,67.73091740715705,49
2024,srv_len,Male,93,1062,0,67.73091740715705,49
2024,srv_len,Male,95,1062,0,67.73091740715705,49
2024,srv_len,Male,97,1062,0,67.73091740715705,49
2024,srv_len,Male,99,1062,0,67.73091740715705,49
2024,srv_len,Sex combined,41,2349,0,80.11689889230293,49
2024,srv_len,Sex combined,43,2349,0,80.11689889230293,49
2024,srv_len,Sex combined,45,2349,0,80.11689889230293,49
2024,srv_len,Sex combined,47,2349,0.0038,80.11689889230293,49
2024,srv_len,Sex combined,49,2349,0.0089,80.11689889230293,49
2024,srv_len,Sex combined,51,2349,0.0153,80.11689889230293,49
2024,srv_len,Sex combined,53,2349,0.0473,80.11689889230293,49
2024,srv_len,Sex combined,55,2349,0.06,80.11689889230293,49
2024,srv_len,Sex combined,57,2349,0.1034,80.11689889230293,49
2024,srv_len,Sex combined,59,2349,0.1188,80.11689889230293,49
2024,srv_len,Sex combined,61,2349,0.1341,80.11689889230293,49
2024,srv_len,Sex combined,63,2349,0.1328,80.11689889230293,49
2024,srv_len,Sex combined,65,2349,0.1162,80.11689889230293,49
2024,srv_len,Sex combined,67,2349,0.0856,80.11689889230293,49
2024,srv_len,Sex combined,69,2349,0.0549,80.11689889230293,49
2024,srv_len,Sex combined,71,2349,0.0511,80.11689889230293,49
2024,srv_len,Sex combined,73,2349,0.0307,80.11689889230293,49
2024,srv_len,Sex combined,75,2349,0.0115,80.11689889230293,49
2024,srv_len,Sex combined,77,2349,0.0013,80.11689889230293,49
2024,srv_len,Sex combined,79,2349,0.0051,80.11689889230293,49
2024,srv_len,Sex combined,81,2349,0.0115,80.11689889230293,49
2024,srv_len,Sex combined,83,2349,0.0013,80.11689889230293,49
2024,srv_len,Sex combined,85,2349,0.0038,80.11689889230293,49
2024,srv_len,Sex combined,87,2349,0.0013,80.11689889230293,49
2024,srv_len,Sex combined,89,2349,0,80.11689889230293,49
2024,srv_len,Sex combined,91,2349,0.0013,80.11689889230293,49
2024,srv_len,Sex combined,93,2349,0,80.11689889230293,49
2024,srv_len,Sex combined,95,2349,0,80.11689889230293,49
2024,srv_len,Sex combined,97,2349,0,80.11689889230293,49
2024,srv_len,Sex combined,99,2349,0,80.11689889230293,49
2025,srv_len,Female,41,369,0,80.11689889230293,50
2025,srv_len,Female,43,369,0,80.11689889230293,50
2025,srv_len,Female,45,369,0,80.11689889230293,50
2025,srv_len,Female,47,369,0,80.11689889230293,50
2025,srv_len,Female,49,369,0.00271,80.11689889230293,50
2025,srv_len,Female,51,369,0.00271,80.11689889230293,50
2025,srv_len,Female,53,369,0.01084,80.11689889230293,50
2025,srv_len,Female,55,369,0.0271,80.11689889230293,50
2025,srv_len,Female,57,369,0.056911,80.11689889230293,50
2025,srv_len,Female,59,369,0.062331,80.11689889230293,50
2025,srv_len,Female,61,369,0.102981,80.11689889230293,50
2025,srv_len,Female,63,369,0.168022,80.11689889230293,50
2025,srv_len,Female,65,369,0.149051,80.11689889230293,50
2025,srv_len,Female,67,369,0.124661,80.11689889230293,50
2025,srv_len,Female,69,369,0.105691,80.11689889230293,50
2025,srv_len,Female,71,369,0.065041,80.11689889230293,50
2025,srv_len,Female,73,369,0.04336,80.11689889230293,50
2025,srv_len,Female,75,369,0.01355,80.11689889230293,50
2025,srv_len,Female,77,369,0.02981,80.11689889230293,50
2025,srv_len,Female,79,369,0.01355,80.11689889230293,50
2025,srv_len,Female,81,369,0.00271,80.11689889230293,50
2025,srv_len,Female,83,369,0.00271,80.11689889230293,50
2025,srv_len,Female,85,369,0.00542,80.11689889230293,50
2025,srv_len,Female,87,369,0.00813,80.11689889230293,50
2025,srv_len,Female,89,369,0,80.11689889230293,50
2025,srv_len,Female,91,369,0,80.11689889230293,50
2025,srv_len,Female,93,369,0.00271,80.11689889230293,50
2025,srv_len,Female,95,369,0,80.11689889230293,50
2025,srv_len,Female,97,369,0,80.11689889230293,50
2025,srv_len,Female,99,369,0,80.11689889230293,50
2025,srv_len,Male,41,269,0,67.73091740715705,50
2025,srv_len,Male,43,269,0,67.73091740715705,50
2025,srv_len,Male,45,269,0.003717,67.73091740715705,50
2025,srv_len,Male,47,269,0.003717,67.73091740715705,50
2025,srv_len,Male,49,269,0.003717,67.73091740715705,50
2025,srv_len,Male,51,269,0.01487,67.73091740715705,50
2025,srv_len,Male,53,269,0.02974,67.73091740715705,50
2025,srv_len,Male,55,269,0.066914,67.73091740715705,50
2025,srv_len,Male,57,269,0.182156,67.73091740715705,50
2025,srv_len,Male,59,269,0.211896,67.73091740715705,50
2025,srv_len,Male,61,269,0.189591,67.73091740715705,50
2025,srv_len,Male,63,269,0.171004,67.73091740715705,50
2025,srv_len,Male,65,269,0.074349,67.73091740715705,50
2025,srv_len,Male,67,269,0.02974,67.73091740715705,50
2025,srv_len,Male,69,269,0.01487,67.73091740715705,50
2025,srv_len,Male,71,269,0.003717,67.73091740715705,50
2025,srv_len,Male,73,269,0,67.73091740715705,50
2025,srv_len,Male,75,269,0,67.73091740715705,50
2025,srv_len,Male,77,269,0,67.73091740715705,50
2025,srv_len,Male,79,269,0,67.73091740715705,50
2025,srv_len,Male,81,269,0,67.73091740715705,50
2025,srv_len,Male,83,269,0,67.73091740715705,50
2025,srv_len,Male,85,269,0,67.73091740715705,50
2025,srv_len,Male,87,269,0,67.73091740715705,50
2025,srv_len,Male,89,269,0,67.73091740715705,50
2025,srv_len,Male,91,269,0,67.73091740715705,50
2025,srv_len,Male,93,269,0,67.73091740715705,50
2025,srv_len,Male,95,269,0,67.73091740715705,50
2025,srv_len,Male,97,269,0,67.73091740715705,50
2025,srv_len,Male,99,269,0,67.73091740715705,50
2025,srv_len,Sex combined,41,638,0,80.11689889230293,50
2025,srv_len,Sex combined,43,638,0,80.11689889230293,50
2025,srv_len,Sex combined,45,638,0.0016,80.11689889230293,50
2025,srv_len,Sex combined,47,638,0.0016,80.11689889230293,50
2025,srv_len,Sex combined,49,638,0.0031,80.11689889230293,50
2025,srv_len,Sex combined,51,638,0.0078,80.11689889230293,50
2025,srv_len,Sex combined,53,638,0.0188,80.11689889230293,50
2025,srv_len,Sex combined,55,638,0.0439,80.11689889230293,50
2025,srv_len,Sex combined,57,638,0.1097,80.11689889230293,50
2025,srv_len,Sex combined,59,638,0.1254,80.11689889230293,50
2025,srv_len,Sex combined,61,638,0.1395,80.11689889230293,50
2025,srv_len,Sex combined,63,638,0.1693,80.11689889230293,50
2025,srv_len,Sex combined,65,638,0.1176,80.11689889230293,50
2025,srv_len,Sex combined,67,638,0.0846,80.11689889230293,50
2025,srv_len,Sex combined,69,638,0.0674,80.11689889230293,50
2025,srv_len,Sex combined,71,638,0.0392,80.11689889230293,50
2025,srv_len,Sex combined,73,638,0.0251,80.11689889230293,50
2025,srv_len,Sex combined,75,638,0.0078,80.11689889230293,50
2025,srv_len,Sex combined,77,638,0.0172,80.11689889230293,50
2025,srv_len,Sex combined,79,638,0.0078,80.11689889230293,50
2025,srv_len,Sex combined,81,638,0.0016,80.11689889230293,50
2025,srv_len,Sex combined,83,638,0.0016,80.11689889230293,50
2025,srv_len,Sex combined,85,638,0.0031,80.11689889230293,50
2025,srv_len,Sex combined,87,638,0.0047,80.11689889230293,50
2025,srv_len,Sex combined,89,638,0,80.11689889230293,50
2025,srv_len,Sex combined,91,638,0,80.11689889230293,50
2025,srv_len,Sex combined,93,638,0.0016,80.11689889230293,50
2025,srv_len,Sex combined,95,638,0,80.11689889230293,50
2025,srv_len,Sex combined,97,638,0,80.11689889230293,50
2025,srv_len,Sex combined,99,638,0,80.11689889230293,50
