SB,retro
29.426964112888275,retro_0
28.671505224307563,retro_1
28.385989887855246,retro_2
28.016364029224544,retro_3
27.828177412376593,retro_4
27.693957624006657,retro_5
27.651614503528947,retro_6
26.348782694997272,retro_7
26.477021019819237,retro_8
27.295906055211255,retro_9
28.457416190695394,retro_10
