retro,mgc
retro_0,1.9274475577279454e-4
retro_1,0.0013845389152916665
retro_2,0.001153367324471799
retro_3,4.038296787687856e-4
retro_4,0.0015096913022489833
retro_5,0.0011285710155977124
retro_6,2.350140346127627e-4
retro_7,1.4312783451700395e-4
retro_8,5.577449223811043e-4
retro_9,2.2288468435478076e-4
retro_10,2.659171713796593e-4
