sigmaR,retro
0.5453735553079531,retro_0
0.5370645345973333,retro_1
0.5252627237109142,retro_2
0.4989634502127715,retro_3
0.504586215447259,retro_4
0.5174090734853973,retro_5
0.5001049893630283,retro_6
0.47644845143104286,retro_7
0.48553668734304906,retro_8
0.47312716775292,retro_9
0.46744678295317243,retro_10
