SB,retro
14.713481992674351,retro_0
14.335752887122243,retro_1
14.192995060534292,retro_2
14.00818199588965,retro_3
13.914089411808972,retro_4
13.846979329093989,retro_5
13.825807512756233,retro_6
13.174394550220676,retro_7
13.238522244344294,retro_8
13.647953466174183,retro_9
14.22870892833803,retro_10
