SB,retro
284.3006032796075,retro_0
178.1269293444555,retro_1
338.5211141441008,retro_2
22.61570022868167,retro_3
21.08609259293572,retro_4
22.448875853345726,retro_5
22.388145469341328,retro_6
22.737330947662795,retro_7
24.62598832604768,retro_8
25.287174721765496,retro_9
26.017831398433216,retro_10
