YEAR,PROJECT_CODE,TRIP_NO,TARGET_SPECIES_CODE,ADFG_NO,VESSEL_NAME,TIME_FIRST_BUOY_ONBOARD,NUMBER_OF_STATIONS,HOOKS_PER_SET,HOOK_SIZE,HOOK_SPACING_INCHES,SAMPLE_FREQ,LAST_SKATE_SAMPLED,EFFORT_NO,STATION_NO,SPECIES_CODE,STAT,START_LAT,START_LON,END_LAT,END_LON,DEPTH_METERS,LENGTH,WEIGHT,AGE,AGE_TYPE_CODE,AGE_READABILITY_CODE,SEX_CODE,MATURITY_CODE,OTOLITH_CONDITION_CODE,Specimen No
2024,603,1,710,22778,Indigo,8/9/2024 10:07,14,1125,13,78,20,20,1,55,710,345603,56.1285,-134.5092,56.0855,-134.5079,526.6944,56,2,5,,3,1,7,1,1
2024,603,1,710,22778,Indigo,8/9/2024 10:07,14,1125,13,78,20,20,1,55,710,345603,56.1285,-134.5092,56.0855,-134.5079,526.6944,51,1.3,7,,2,2,1,1,2
2024,603,1,710,22778,Indigo,8/9/2024 10:07,14,1125,13,78,20,20,1,55,710,345603,56.1285,-134.5092,56.0855,-134.5079,526.6944,59,2,8,,2,1,7,1,5
2024,603,1,710,22778,Indigo,8/9/2024 10:07,14,1125,13,78,20,20,1,55,710,345603,56.1285,-134.5092,56.0855,-134.5079,526.6944,59,2.2,7,,3,2,1,1,7
2024,603,1,710,22778,Indigo,8/9/2024 10:07,14,1125,13,78,20,20,1,55,710,345603,56.1285,-134.5092,56.0855,-134.5079,526.6944,56,1.7,6,,3,1,7,1,9
2024,603,1,710,22778,Indigo,8/9/2024 10:07,14,1125,13,78,20,20,1,55,710,345603,56.1285,-134.5092,56.0855,-134.5079,526.6944,49,1.3,7,,1,1,1,1,11
2024,603,1,710,22778,Indigo,8/9/2024 10:07,14,1125,13,78,20,20,1,55,710,345603,56.1285,-134.5092,56.0855,-134.5079,526.6944,57,1.9,8,,3,1,7,1,13
2024,603,1,710,22778,Indigo,8/9/2024 10:07,14,1125,13,78,20,20,1,55,710,345603,56.1285,-134.5092,56.0855,-134.5079,526.6944,51,1.4,5,,2,1,1,1,14
2024,603,1,710,22778,Indigo,8/9/2024 10:07,14,1125,13,78,20,20,1,55,710,345603,56.1285,-134.5092,56.0855,-134.5079,526.6944,62,2.7,10,,2,2,7,1,15
2024,603,1,710,22778,Indigo,8/9/2024 10:07,14,1125,13,78,20,20,1,55,710,345603,56.1285,-134.5092,56.0855,-134.5079,526.6944,47,1,5,,3,1,1,2,16
2024,603,1,710,22778,Indigo,8/9/2024 10:07,14,1125,13,78,20,20,1,55,710,345603,56.1285,-134.5092,56.0855,-134.5079,526.6944,51,1.3,5,,3,2,1,1,17
2024,603,1,710,22778,Indigo,8/9/2024 10:07,14,1125,13,78,20,20,1,55,710,345603,56.1285,-134.5092,56.0855,-134.5079,526.6944,59,2.3,9,,2,1,7,1,18
2024,603,1,710,22778,Indigo,8/9/2024 10:07,14,1125,13,78,20,20,1,55,710,345603,56.1285,-134.5092,56.0855,-134.5079,526.6944,60,2.3,10,,2,1,7,2,25
2024,603,1,710,22778,Indigo,8/9/2024 10:07,14,1125,13,78,20,20,1,55,710,345603,56.1285,-134.5092,56.0855,-134.5079,526.6944,62,2.2,7,,3,2,1,2,26
2024,603,1,710,22778,Indigo,8/9/2024 10:07,14,1125,13,78,20,20,1,55,710,345603,56.1285,-134.5092,56.0855,-134.5079,526.6944,69,3.4,7,,3,2,7,1,27
2024,603,1,710,22778,Indigo,8/9/2024 10:07,14,1125,13,78,20,20,1,55,710,345603,56.1285,-134.5092,56.0855,-134.5079,526.6944,55,1.9,4,,3,1,7,1,28
2024,603,1,710,22778,Indigo,8/9/2024 10:07,14,1125,13,78,20,20,1,55,710,345603,56.1285,-134.5092,56.0855,-134.5079,526.6944,70,3.5,19,,3,2,7,1,29
2024,603,1,710,22778,Indigo,8/9/2024 10:07,14,1125,13,78,20,20,1,55,710,345603,56.1285,-134.5092,56.0855,-134.5079,526.6944,65,2.7,5,,2,2,1,1,30
2024,603,1,710,22778,Indigo,8/9/2024 10:07,14,1125,13,78,20,20,1,55,710,345603,56.1285,-134.5092,56.0855,-134.5079,526.6944,64,2.9,9,,3,1,7,1,31
2024,603,1,710,22778,Indigo,8/9/2024 10:07,14,1125,13,78,20,20,1,55,710,345603,56.1285,-134.5092,56.0855,-134.5079,526.6944,56,1.7,9,,2,1,7,1,32
2024,603,1,710,22778,Indigo,8/9/2024 10:07,14,1125,13,78,20,20,1,55,710,345603,56.1285,-134.5092,56.0855,-134.5079,526.6944,54,1.7,4,,3,1,1,2,33
2024,603,1,710,22778,Indigo,8/9/2024 10:07,14,1125,13,78,20,20,1,55,710,345603,56.1285,-134.5092,56.0855,-134.5079,526.6944,61,2.3,4,,3,1,7,1,34
2024,603,1,710,22778,Indigo,8/9/2024 10:07,14,1125,13,78,20,20,1,55,710,345603,56.1285,-134.5092,56.0855,-134.5079,526.6944,56,1.9,7,,3,1,7,3,35
2024,603,1,710,22778,Indigo,8/9/2024 10:07,14,1125,13,78,20,20,1,55,710,345603,56.1285,-134.5092,56.0855,-134.5079,526.6944,55,1.6,7,,2,1,1,4,36
2024,603,1,710,22778,Indigo,8/9/2024 14:33,14,1125,13,78,20,20,2,58,710,345603,56.1375,-134.582,56.109,-134.585,544.9824,66,2.9,6,,3,2,7,1,1
2024,603,1,710,22778,Indigo,8/9/2024 14:33,14,1125,13,78,20,20,2,58,710,345603,56.1375,-134.582,56.109,-134.585,544.9824,61,2.1,9,,3,1,7,1,3
2024,603,1,710,22778,Indigo,8/9/2024 14:33,14,1125,13,78,20,20,2,58,710,345603,56.1375,-134.582,56.109,-134.585,544.9824,,,8,,2,2,7,1,3
2024,603,1,710,22778,Indigo,8/9/2024 14:33,14,1125,13,78,20,20,2,58,710,345603,56.1375,-134.582,56.109,-134.585,544.9824,66,3.1,9,,3,2,7,1,5
2024,603,1,710,22778,Indigo,8/9/2024 14:33,14,1125,13,78,20,20,2,58,710,345603,56.1375,-134.582,56.109,-134.585,544.9824,72,4.1,8,,2,2,7,4,7
2024,603,1,710,22778,Indigo,8/9/2024 14:33,14,1125,13,78,20,20,2,58,710,345603,56.1375,-134.582,56.109,-134.585,544.9824,66,2.9,9,,3,2,7,1,9
2024,603,1,710,22778,Indigo,8/9/2024 14:33,14,1125,13,78,20,20,2,58,710,345603,56.1375,-134.582,56.109,-134.585,544.9824,60,2.2,4,,3,2,7,1,13
2024,603,1,710,22778,Indigo,8/9/2024 14:33,14,1125,13,78,20,20,2,58,710,345603,56.1375,-134.582,56.109,-134.585,544.9824,63,2.8,7,,3,1,7,4,15
2024,603,1,710,22778,Indigo,8/9/2024 14:33,14,1125,13,78,20,20,2,58,710,345603,56.1375,-134.582,56.109,-134.585,544.9824,57,2.2,9,,3,1,7,1,17
2024,603,1,710,22778,Indigo,8/9/2024 14:33,14,1125,13,78,20,20,2,58,710,345603,56.1375,-134.582,56.109,-134.585,544.9824,58,2.3,5,,2,2,7,1,19
2024,603,1,710,22778,Indigo,8/9/2024 14:33,14,1125,13,78,20,20,2,58,710,345603,56.1375,-134.582,56.109,-134.585,544.9824,63,3.1,6,,3,1,7,1,21
2024,603,1,710,22778,Indigo,8/9/2024 14:33,14,1125,13,78,20,20,2,58,710,345603,56.1375,-134.582,56.109,-134.585,544.9824,80,4.6,17,,3,2,7,4,23
2024,603,1,710,22778,Indigo,8/9/2024 14:33,14,1125,13,78,20,20,2,58,710,345603,56.1375,-134.582,56.109,-134.585,544.9824,63,2.8,7,,3,2,7,1,25
2024,603,1,710,22778,Indigo,8/9/2024 14:33,14,1125,13,78,20,20,2,58,710,345603,56.1375,-134.582,56.109,-134.585,544.9824,65,3.1,9,,2,2,9,4,27
2024,603,1,710,22778,Indigo,8/10/2024 8:29,14,1125,13,78,20,20,3,52,710,345603,56.263,-134.4559,56.2393,-134.4578,715.0608,62,2.5,7,,2,1,7,1,1
2024,603,1,710,22778,Indigo,8/10/2024 8:29,14,1125,13,78,20,20,3,52,710,345603,56.263,-134.4559,56.2393,-134.4578,715.0608,64,3,5,,2,2,7,1,3
2024,603,1,710,22778,Indigo,8/10/2024 8:29,14,1125,13,78,20,20,3,52,710,345603,56.263,-134.4559,56.2393,-134.4578,715.0608,56,1.8,7,,2,1,7,3,5
2024,603,1,710,22778,Indigo,8/10/2024 8:29,14,1125,13,78,20,20,3,52,710,345603,56.263,-134.4559,56.2393,-134.4578,715.0608,64,3,8,,2,1,7,1,7
2024,603,1,710,22778,Indigo,8/10/2024 8:29,14,1125,13,78,20,20,3,52,710,345603,56.263,-134.4559,56.2393,-134.4578,715.0608,67,3.1,8,,3,2,7,1,9
2024,603,1,710,22778,Indigo,8/10/2024 8:29,14,1125,13,78,20,20,3,52,710,345603,56.263,-134.4559,56.2393,-134.4578,715.0608,62,2.5,10,,2,1,7,1,11
2024,603,1,710,22778,Indigo,8/10/2024 8:29,14,1125,13,78,20,20,3,52,710,345603,56.263,-134.4559,56.2393,-134.4578,715.0608,65,3,10,,2,2,7,1,13
2024,603,1,710,22778,Indigo,8/10/2024 8:29,14,1125,13,78,20,20,3,52,710,345603,56.263,-134.4559,56.2393,-134.4578,715.0608,69,3.2,8,,3,2,7,1,15
2024,603,1,710,22778,Indigo,8/10/2024 8:29,14,1125,13,78,20,20,3,52,710,345603,56.263,-134.4559,56.2393,-134.4578,715.0608,61,2.6,7,,3,1,7,1,17
2024,603,1,710,22778,Indigo,8/10/2024 8:29,14,1125,13,78,20,20,3,52,710,345603,56.263,-134.4559,56.2393,-134.4578,715.0608,62,2.7,10,,2,2,7,1,19
2024,603,1,710,22778,Indigo,8/10/2024 8:29,14,1125,13,78,20,20,3,52,710,345603,56.263,-134.4559,56.2393,-134.4578,715.0608,60,2.3,7,,2,2,1,4,21
2024,603,1,710,22778,Indigo,8/10/2024 8:29,14,1125,13,78,20,20,3,52,710,345603,56.263,-134.4559,56.2393,-134.4578,715.0608,74,4,7,,2,2,7,1,23
2024,603,1,710,22778,Indigo,8/10/2024 8:29,14,1125,13,78,20,20,3,52,710,345603,56.263,-134.4559,56.2393,-134.4578,715.0608,69,3.8,8,,2,2,7,1,26
2024,603,1,710,22778,Indigo,8/10/2024 8:29,14,1125,13,78,20,20,3,52,710,345603,56.263,-134.4559,56.2393,-134.4578,715.0608,69,3.4,8,,3,2,7,1,27
2024,603,1,710,22778,Indigo,8/10/2024 8:29,14,1125,13,78,20,20,3,52,710,345603,56.263,-134.4559,56.2393,-134.4578,715.0608,60,2.3,9,,2,1,7,2,29
2024,603,1,710,22778,Indigo,8/10/2024 8:29,14,1125,13,78,20,20,3,52,710,345603,56.263,-134.4559,56.2393,-134.4578,715.0608,59,2,16,,2,1,7,1,31
2024,603,1,710,22778,Indigo,8/10/2024 8:29,14,1125,13,78,20,20,3,52,710,345603,56.263,-134.4559,56.2393,-134.4578,715.0608,70,3.8,11,,2,2,7,1,33
2024,603,1,710,22778,Indigo,8/10/2024 8:29,14,1125,13,78,20,20,3,52,710,345603,56.263,-134.4559,56.2393,-134.4578,715.0608,66,3.4,9,,2,2,7,4,37
2024,603,1,710,22778,Indigo,8/10/2024 8:29,14,1125,13,78,20,20,3,52,710,345603,56.263,-134.4559,56.2393,-134.4578,715.0608,63,2.4,6,,2,2,7,4,39
2024,603,1,710,22778,Indigo,8/10/2024 13:24,14,1125,13,78,20,20,4,57,710,345603,56.277,-134.412,56.251,-134.41,687.6288,70,3.5,8,,2,2,7,1,3
2024,603,1,710,22778,Indigo,8/10/2024 13:24,14,1125,13,78,20,20,4,57,710,345603,56.277,-134.412,56.251,-134.41,687.6288,63,2.66,11,,2,1,7,1,6
2024,603,1,710,22778,Indigo,8/10/2024 13:24,14,1125,13,78,20,20,4,57,710,345603,56.277,-134.412,56.251,-134.41,687.6288,74,3.6,7,,2,2,7,1,8
2024,603,1,710,22778,Indigo,8/10/2024 13:24,14,1125,13,78,20,20,4,57,710,345603,56.277,-134.412,56.251,-134.41,687.6288,70,3.6,5,,2,2,7,4,10
2024,603,1,710,22778,Indigo,8/10/2024 13:24,14,1125,13,78,20,20,4,57,710,345603,56.277,-134.412,56.251,-134.41,687.6288,61,2.33,11,,2,1,7,1,12
2024,603,1,710,22778,Indigo,8/10/2024 13:24,14,1125,13,78,20,20,4,57,710,345603,56.277,-134.412,56.251,-134.41,687.6288,61,2.4,5,,2,1,7,1,14
2024,603,1,710,22778,Indigo,8/10/2024 13:24,14,1125,13,78,20,20,4,57,710,345603,56.277,-134.412,56.251,-134.41,687.6288,71,4.2,19,,2,2,7,1,16
2024,603,1,710,22778,Indigo,8/10/2024 13:24,14,1125,13,78,20,20,4,57,710,345603,56.277,-134.412,56.251,-134.41,687.6288,65,2.8,9,,2,2,7,1,18
2024,603,1,710,22778,Indigo,8/10/2024 13:24,14,1125,13,78,20,20,4,57,710,345603,56.277,-134.412,56.251,-134.41,687.6288,65,2.8,13,,2,1,7,1,20
2024,603,1,710,22778,Indigo,8/10/2024 13:24,14,1125,13,78,20,20,4,57,710,345603,56.277,-134.412,56.251,-134.41,687.6288,69,3.7,9,,3,2,7,2,22
2024,603,1,710,22778,Indigo,8/10/2024 13:24,14,1125,13,78,20,20,4,57,710,345603,56.277,-134.412,56.251,-134.41,687.6288,62,2.4,7,,2,2,7,4,24
2024,603,1,710,22778,Indigo,8/10/2024 13:24,14,1125,13,78,20,20,4,57,710,345603,56.277,-134.412,56.251,-134.41,687.6288,72,4,15,,2,2,7,4,26
2024,603,1,710,22778,Indigo,8/10/2024 13:24,14,1125,13,78,20,20,4,57,710,345603,56.277,-134.412,56.251,-134.41,687.6288,69,3.4,8,,2,2,7,1,28
2024,603,1,710,22778,Indigo,8/10/2024 13:24,14,1125,13,78,20,20,4,57,710,345603,56.277,-134.412,56.251,-134.41,687.6288,61,2.3,11,,2,1,7,1,30
2024,603,1,710,22778,Indigo,8/10/2024 13:24,14,1125,13,78,20,20,4,57,710,345603,56.277,-134.412,56.251,-134.41,687.6288,63,2.7,8,,3,1,7,1,32
2024,603,1,710,22778,Indigo,8/10/2024 13:24,14,1125,13,78,20,20,4,57,710,345603,56.277,-134.412,56.251,-134.41,687.6288,70,4,9,,2,2,7,1,36
2024,603,1,710,22778,Indigo,8/10/2024 13:24,14,1125,13,78,20,20,4,57,710,345603,56.277,-134.412,56.251,-134.41,687.6288,58,2.2,9,,2,2,7,1,38
2024,603,1,710,22778,Indigo,8/10/2024 13:24,14,1125,13,78,20,20,4,57,710,345603,56.277,-134.412,56.251,-134.41,687.6288,61,2.1,7,,2,1,7,1,40
2024,603,1,710,22778,Indigo,8/10/2024 13:24,14,1125,13,78,20,20,4,57,710,345603,56.277,-134.412,56.251,-134.41,687.6288,63,2.9,7,,2,1,7,1,42
2024,603,1,710,22778,Indigo,8/10/2024 13:24,14,1125,13,78,20,20,4,57,710,345603,56.277,-134.412,56.251,-134.41,687.6288,87,6.6,25,,2,2,7,1,43
2024,603,1,710,22778,Indigo,8/10/2024 13:24,14,1125,13,78,20,20,4,57,710,345603,56.277,-134.412,56.251,-134.41,687.6288,58,2.1,8,,3,2,7,2,45
2024,603,1,710,22778,Indigo,8/10/2024 13:24,14,1125,13,78,20,20,4,57,710,345603,56.277,-134.412,56.251,-134.41,687.6288,63,2.6,6,,2,1,7,1,47
2024,603,1,710,22778,Indigo,8/10/2024 13:24,14,1125,13,78,20,20,4,57,710,345603,56.277,-134.412,56.251,-134.41,687.6288,80,5.6,17,,2,2,7,1,49
2024,603,1,710,22778,Indigo,8/11/2024 8:03,14,1125,13,78,20,20,5,54,710,345603,56.3036,-134.5843,56.3283,-134.5723,651.0528,57,1.9,7,,3,1,7,1,1
2024,603,1,710,22778,Indigo,8/11/2024 8:03,14,1125,13,78,20,20,5,54,710,345603,56.3036,-134.5843,56.3283,-134.5723,651.0528,68,3.5,7,,2,2,7,1,2
2024,603,1,710,22778,Indigo,8/11/2024 8:03,14,1125,13,78,20,20,5,54,710,345603,56.3036,-134.5843,56.3283,-134.5723,651.0528,57,1.7,7,,2,1,1,1,5
2024,603,1,710,22778,Indigo,8/11/2024 8:03,14,1125,13,78,20,20,5,54,710,345603,56.3036,-134.5843,56.3283,-134.5723,651.0528,66,3.1,8,,2,1,7,1,7
2024,603,1,710,22778,Indigo,8/11/2024 8:03,14,1125,13,78,20,20,5,54,710,345603,56.3036,-134.5843,56.3283,-134.5723,651.0528,66,3,7,,2,2,7,1,8
2024,603,1,710,22778,Indigo,8/11/2024 8:03,14,1125,13,78,20,20,5,54,710,345603,56.3036,-134.5843,56.3283,-134.5723,651.0528,59,2.3,7,,2,1,7,1,11
2024,603,1,710,22778,Indigo,8/11/2024 8:03,14,1125,13,78,20,20,5,54,710,345603,56.3036,-134.5843,56.3283,-134.5723,651.0528,64,3.1,5,,3,1,1,1,13
2024,603,1,710,22778,Indigo,8/11/2024 8:03,14,1125,13,78,20,20,5,54,710,345603,56.3036,-134.5843,56.3283,-134.5723,651.0528,63,2.6,6,,2,1,1,1,15
2024,603,1,710,22778,Indigo,8/11/2024 8:03,14,1125,13,78,20,20,5,54,710,345603,56.3036,-134.5843,56.3283,-134.5723,651.0528,63,2.5,7,,3,2,7,1,17
2024,603,1,710,22778,Indigo,8/11/2024 8:03,14,1125,13,78,20,20,5,54,710,345603,56.3036,-134.5843,56.3283,-134.5723,651.0528,59,2.3,6,,3,1,7,1,19
2024,603,1,710,22778,Indigo,8/11/2024 8:03,14,1125,13,78,20,20,5,54,710,345603,56.3036,-134.5843,56.3283,-134.5723,651.0528,60,2.3,5,,3,1,7,1,21
2024,603,1,710,22778,Indigo,8/11/2024 8:03,14,1125,13,78,20,20,5,54,710,345603,56.3036,-134.5843,56.3283,-134.5723,651.0528,59,1.9,6,,2,1,1,1,23
2024,603,1,710,22778,Indigo,8/11/2024 8:03,14,1125,13,78,20,20,5,54,710,345603,56.3036,-134.5843,56.3283,-134.5723,651.0528,58,2,5,,3,2,1,1,25
2024,603,1,710,22778,Indigo,8/11/2024 8:03,14,1125,13,78,20,20,5,54,710,345603,56.3036,-134.5843,56.3283,-134.5723,651.0528,61,2.4,8,,3,2,7,1,26
2024,603,1,710,22778,Indigo,8/11/2024 8:03,14,1125,13,78,20,20,5,54,710,345603,56.3036,-134.5843,56.3283,-134.5723,651.0528,52,1.4,5,,2,2,1,3,29
2024,603,1,710,22778,Indigo,8/11/2024 8:03,14,1125,13,78,20,20,5,54,710,345603,56.3036,-134.5843,56.3283,-134.5723,651.0528,64,2.8,8,,2,2,7,1,33
2024,603,1,710,22778,Indigo,8/11/2024 8:03,14,1125,13,78,20,20,5,54,710,345603,56.3036,-134.5843,56.3283,-134.5723,651.0528,66,2.9,7,,2,2,7,1,36
2024,603,1,710,22778,Indigo,8/11/2024 8:03,14,1125,13,78,20,20,5,54,710,345603,56.3036,-134.5843,56.3283,-134.5723,651.0528,73,3.8,7,,3,2,7,1,37
2024,603,1,710,22778,Indigo,8/11/2024 12:36,14,1125,13,78,20,20,6,53,710,345603,56.4475,-134.4981,56.4206,-134.4951,705.9168,70,2.9,5,,3,2,7,1,1
2024,603,1,710,22778,Indigo,8/11/2024 12:36,14,1125,13,78,20,20,6,53,710,345603,56.4475,-134.4981,56.4206,-134.4951,705.9168,55,1.7,7,,2,1,7,1,5
2024,603,1,710,22778,Indigo,8/11/2024 12:36,14,1125,13,78,20,20,6,53,710,345603,56.4475,-134.4981,56.4206,-134.4951,705.9168,58,1.9,9,,2,1,7,1,7
2024,603,1,710,22778,Indigo,8/11/2024 12:36,14,1125,13,78,20,20,6,53,710,345603,56.4475,-134.4981,56.4206,-134.4951,705.9168,69,3.6,8,,3,2,7,1,11
2024,603,1,710,22778,Indigo,8/11/2024 12:36,14,1125,13,78,20,20,6,53,710,345603,56.4475,-134.4981,56.4206,-134.4951,705.9168,60,2.1,6,,2,2,7,1,13
2024,603,1,710,22778,Indigo,8/11/2024 12:36,14,1125,13,78,20,20,6,53,710,345603,56.4475,-134.4981,56.4206,-134.4951,705.9168,59,2.1,2,,3,1,7,2,15
2024,603,1,710,22778,Indigo,8/11/2024 12:36,14,1125,13,78,20,20,6,53,710,345603,56.4475,-134.4981,56.4206,-134.4951,705.9168,56,1.9,9,,2,2,7,4,17
2024,603,1,710,22778,Indigo,8/11/2024 12:36,14,1125,13,78,20,20,6,53,710,345603,56.4475,-134.4981,56.4206,-134.4951,705.9168,50,1.4,4,,3,99,1,1,19
2024,603,1,710,22778,Indigo,8/11/2024 12:36,14,1125,13,78,20,20,6,53,710,345603,56.4475,-134.4981,56.4206,-134.4951,705.9168,60,2.3,8,,3,1,7,1,20
2024,603,1,710,22778,Indigo,8/11/2024 12:36,14,1125,13,78,20,20,6,53,710,345603,56.4475,-134.4981,56.4206,-134.4951,705.9168,59,2.3,10,,2,2,7,4,22
2024,603,1,710,22778,Indigo,8/11/2024 12:36,14,1125,13,78,20,20,6,53,710,345603,56.4475,-134.4981,56.4206,-134.4951,705.9168,68,3.2,19,,3,2,7,1,24
2024,603,1,710,22778,Indigo,8/11/2024 12:36,14,1125,13,78,20,20,6,53,710,345603,56.4475,-134.4981,56.4206,-134.4951,705.9168,62,2.6,7,,2,2,7,1,26
2024,603,1,710,22778,Indigo,8/11/2024 12:36,14,1125,13,78,20,20,6,53,710,345603,56.4475,-134.4981,56.4206,-134.4951,705.9168,56,1.9,8,,2,1,7,2,28
2024,603,1,710,22778,Indigo,8/11/2024 12:36,14,1125,13,78,20,20,6,53,710,345603,56.4475,-134.4981,56.4206,-134.4951,705.9168,53,1.6,8,,2,1,1,1,30
2024,603,1,710,22778,Indigo,8/11/2024 12:36,14,1125,13,78,20,20,6,53,710,345603,56.4475,-134.4981,56.4206,-134.4951,705.9168,61,2.6,9,,3,1,7,1,34
2024,603,1,710,22778,Indigo,8/11/2024 12:36,14,1125,13,78,20,20,6,53,710,345603,56.4475,-134.4981,56.4206,-134.4951,705.9168,55,1.5,7,,2,1,1,1,36
2024,603,1,710,22778,Indigo,8/11/2024 12:36,14,1125,13,78,20,20,6,53,710,345603,56.4475,-134.4981,56.4206,-134.4951,705.9168,58,2.2,10,,2,1,7,1,38
2024,603,1,710,22778,Indigo,8/11/2024 12:36,14,1125,13,78,20,20,6,53,710,345603,56.4475,-134.4981,56.4206,-134.4951,705.9168,60,1.9,12,,3,1,7,1,40
2024,603,1,710,22778,Indigo,8/11/2024 12:36,14,1125,13,78,20,20,6,53,710,345603,56.4475,-134.4981,56.4206,-134.4951,705.9168,53,1.3,6,,2,1,1,1,42
2024,603,1,710,22778,Indigo,8/11/2024 12:36,14,1125,13,78,20,20,6,53,710,345603,56.4475,-134.4981,56.4206,-134.4951,705.9168,61,2.3,9,,2,2,7,1,44
2024,603,1,710,22778,Indigo,8/11/2024 15:44,14,1125,13,78,20,20,7,56,710,345603,56.4038,-134.5982,56.4285,-134.6025,563.2704,57,2.1,5,,3,2,1,1,1
2024,603,1,710,22778,Indigo,8/11/2024 15:44,14,1125,13,78,20,20,7,56,710,345603,56.4038,-134.5982,56.4285,-134.6025,563.2704,70,3.2,9,,2,2,7,1,3
2024,603,1,710,22778,Indigo,8/11/2024 15:44,14,1125,13,78,20,20,7,56,710,345603,56.4038,-134.5982,56.4285,-134.6025,563.2704,60,2.5,9,,3,1,7,1,5
2024,603,1,710,22778,Indigo,8/11/2024 15:44,14,1125,13,78,20,20,7,56,710,345603,56.4038,-134.5982,56.4285,-134.6025,563.2704,61,2.1,8,,2,1,7,1,7
2024,603,1,710,22778,Indigo,8/11/2024 15:44,14,1125,13,78,20,20,7,56,710,345603,56.4038,-134.5982,56.4285,-134.6025,563.2704,59,2.3,6,,2,1,7,1,9
2024,603,1,710,22778,Indigo,8/11/2024 15:44,14,1125,13,78,20,20,7,56,710,345603,56.4038,-134.5982,56.4285,-134.6025,563.2704,66,3,6,,3,2,7,1,12
2024,603,1,710,22778,Indigo,8/11/2024 15:44,14,1125,13,78,20,20,7,56,710,345603,56.4038,-134.5982,56.4285,-134.6025,563.2704,69,3.8,9,,3,2,7,1,13
2024,603,1,710,22778,Indigo,8/11/2024 15:44,14,1125,13,78,20,20,7,56,710,345603,56.4038,-134.5982,56.4285,-134.6025,563.2704,61,2.2,6,,2,1,7,1,15
2024,603,1,710,22778,Indigo,8/11/2024 15:44,14,1125,13,78,20,20,7,56,710,345603,56.4038,-134.5982,56.4285,-134.6025,563.2704,60,2.2,8,,2,1,7,1,17
2024,603,1,710,22778,Indigo,8/11/2024 15:44,14,1125,13,78,20,20,7,56,710,345603,56.4038,-134.5982,56.4285,-134.6025,563.2704,64,2.9,5,,2,2,1,1,18
2024,603,1,710,22778,Indigo,8/11/2024 15:44,14,1125,13,78,20,20,7,56,710,345603,56.4038,-134.5982,56.4285,-134.6025,563.2704,66,2.9,6,,3,2,7,1,19
2024,603,1,710,22778,Indigo,8/11/2024 15:44,14,1125,13,78,20,20,7,56,710,345603,56.4038,-134.5982,56.4285,-134.6025,563.2704,70,3.5,8,,3,2,7,4,24
2024,603,1,710,22778,Indigo,8/11/2024 15:44,14,1125,13,78,20,20,7,56,710,345603,56.4038,-134.5982,56.4285,-134.6025,563.2704,62,2.9,5,,3,2,7,1,25
2024,603,1,710,22778,Indigo,8/11/2024 15:44,14,1125,13,78,20,20,7,56,710,345603,56.4038,-134.5982,56.4285,-134.6025,563.2704,67,3,11,,2,2,7,1,26
2024,603,1,710,22778,Indigo,8/11/2024 15:44,14,1125,13,78,20,20,7,56,710,345603,56.4038,-134.5982,56.4285,-134.6025,563.2704,59,2.1,5,,2,2,7,1,29
2024,603,1,710,22778,Indigo,8/12/2024 9:00,14,1125,13,78,20,20,8,1,710,345631,56.5189,-134.57598,56.5427,-134.5788,524.8656,61,2.6,7,,2,1,7,1,3
2024,603,1,710,22778,Indigo,8/12/2024 9:00,14,1125,13,78,20,20,8,1,710,345631,56.5189,-134.57598,56.5427,-134.5788,524.8656,75,4.9,8,,3,2,7,4,5
2024,603,1,710,22778,Indigo,8/12/2024 9:00,14,1125,13,78,20,20,8,1,710,345631,56.5189,-134.57598,56.5427,-134.5788,524.8656,60,2.4,8,,3,1,7,1,7
2024,603,1,710,22778,Indigo,8/12/2024 9:00,14,1125,13,78,20,20,8,1,710,345631,56.5189,-134.57598,56.5427,-134.5788,524.8656,68,3.4,22,,2,1,7,1,9
2024,603,1,710,22778,Indigo,8/12/2024 9:00,14,1125,13,78,20,20,8,1,710,345631,56.5189,-134.57598,56.5427,-134.5788,524.8656,69,3.7,13,,3,2,7,1,11
2024,603,1,710,22778,Indigo,8/12/2024 9:00,14,1125,13,78,20,20,8,1,710,345631,56.5189,-134.57598,56.5427,-134.5788,524.8656,61,2.5,10,,2,1,7,4,13
2024,603,1,710,22778,Indigo,8/12/2024 9:00,14,1125,13,78,20,20,8,1,710,345631,56.5189,-134.57598,56.5427,-134.5788,524.8656,63,2.8,6,,3,2,1,1,15
2024,603,1,710,22778,Indigo,8/12/2024 9:00,14,1125,13,78,20,20,8,1,710,345631,56.5189,-134.57598,56.5427,-134.5788,524.8656,60,2.4,7,,2,1,7,4,17
2024,603,1,710,22778,Indigo,8/12/2024 9:00,14,1125,13,78,20,20,8,1,710,345631,56.5189,-134.57598,56.5427,-134.5788,524.8656,73,4.1,10,,2,2,7,1,19
2024,603,1,710,22778,Indigo,8/12/2024 9:00,14,1125,13,78,20,20,8,1,710,345631,56.5189,-134.57598,56.5427,-134.5788,524.8656,57,1.9,4,,2,1,7,1,21
2024,603,1,710,22778,Indigo,8/12/2024 9:00,14,1125,13,78,20,20,8,1,710,345631,56.5189,-134.57598,56.5427,-134.5788,524.8656,68,3.3,6,,3,2,7,1,22
2024,603,1,710,22778,Indigo,8/12/2024 9:00,14,1125,13,78,20,20,8,1,710,345631,56.5189,-134.57598,56.5427,-134.5788,524.8656,64,3.3,9,,2,2,7,1,25
2024,603,1,710,22778,Indigo,8/12/2024 9:00,14,1125,13,78,20,20,8,1,710,345631,56.5189,-134.57598,56.5427,-134.5788,524.8656,68,3.6,9,,2,1,7,1,27
2024,603,1,710,22778,Indigo,8/12/2024 9:00,14,1125,13,78,20,20,8,1,710,345631,56.5189,-134.57598,56.5427,-134.5788,524.8656,63,3,8,,2,2,7,1,29
2024,603,1,710,22778,Indigo,8/12/2024 9:00,14,1125,13,78,20,20,8,1,710,345631,56.5189,-134.57598,56.5427,-134.5788,524.8656,54,1.7,5,,2,1,7,1,31
2024,603,1,710,22778,Indigo,8/12/2024 9:00,14,1125,13,78,20,20,8,1,710,345631,56.5189,-134.57598,56.5427,-134.5788,524.8656,64,2.3,9,,2,2,7,1,33
2024,603,1,710,22778,Indigo,8/12/2024 9:00,14,1125,13,78,20,20,8,1,710,345631,56.5189,-134.57598,56.5427,-134.5788,524.8656,64,2.6,12,,2,2,7,1,35
2024,603,1,710,22778,Indigo,8/12/2024 11:51,14,1125,13,78,20,20,9,3,710,345631,56.587,-134.5222,56.5593,-134.5173,654.7104,70,3.2,7,,2,2,7,1,1
2024,603,1,710,22778,Indigo,8/12/2024 11:51,14,1125,13,78,20,20,9,3,710,345631,56.587,-134.5222,56.5593,-134.5173,654.7104,62,2.5,8,,2,2,7,1,3
2024,603,1,710,22778,Indigo,8/12/2024 11:51,14,1125,13,78,20,20,9,3,710,345631,56.587,-134.5222,56.5593,-134.5173,654.7104,60,2.2,8,,3,1,9,1,5
2024,603,1,710,22778,Indigo,8/12/2024 11:51,14,1125,13,78,20,20,9,3,710,345631,56.587,-134.5222,56.5593,-134.5173,654.7104,64,2.9,12,,2,1,7,1,7
2024,603,1,710,22778,Indigo,8/12/2024 11:51,14,1125,13,78,20,20,9,3,710,345631,56.587,-134.5222,56.5593,-134.5173,654.7104,63,2.7,26,,2,1,7,1,9
2024,603,1,710,22778,Indigo,8/12/2024 11:51,14,1125,13,78,20,20,9,3,710,345631,56.587,-134.5222,56.5593,-134.5173,654.7104,80,5.5,9,,2,2,7,1,11
2024,603,1,710,22778,Indigo,8/12/2024 11:51,14,1125,13,78,20,20,9,3,710,345631,56.587,-134.5222,56.5593,-134.5173,654.7104,66,3.2,8,,1,2,7,1,14
2024,603,1,710,22778,Indigo,8/12/2024 11:51,14,1125,13,78,20,20,9,3,710,345631,56.587,-134.5222,56.5593,-134.5173,654.7104,66,2.8,8,,2,1,7,1,16
2024,603,1,710,22778,Indigo,8/12/2024 11:51,14,1125,13,78,20,20,9,3,710,345631,56.587,-134.5222,56.5593,-134.5173,654.7104,61,2.4,5,,2,1,7,1,18
2024,603,1,710,22778,Indigo,8/12/2024 11:51,14,1125,13,78,20,20,9,3,710,345631,56.587,-134.5222,56.5593,-134.5173,654.7104,58,2,9,,2,1,7,4,20
2024,603,1,710,22778,Indigo,8/12/2024 11:51,14,1125,13,78,20,20,9,3,710,345631,56.587,-134.5222,56.5593,-134.5173,654.7104,59,2.3,7,,2,1,7,4,21
2024,603,1,710,22778,Indigo,8/12/2024 11:51,14,1125,13,78,20,20,9,3,710,345631,56.587,-134.5222,56.5593,-134.5173,654.7104,58,1.9,6,,2,2,1,1,23
2024,603,1,710,22778,Indigo,8/12/2024 11:51,14,1125,13,78,20,20,9,3,710,345631,56.587,-134.5222,56.5593,-134.5173,654.7104,70,3.8,9,,3,2,7,4,25
2024,603,1,710,22778,Indigo,8/12/2024 11:51,14,1125,13,78,20,20,9,3,710,345631,56.587,-134.5222,56.5593,-134.5173,654.7104,72,4.4,39,,2,1,7,1,28
2024,603,1,710,22778,Indigo,8/12/2024 11:51,14,1125,13,78,20,20,9,3,710,345631,56.587,-134.5222,56.5593,-134.5173,654.7104,72,3.5,9,,2,2,7,1,29
2024,603,1,710,22778,Indigo,8/12/2024 11:51,14,1125,13,78,20,20,9,3,710,345631,56.587,-134.5222,56.5593,-134.5173,654.7104,59,2.2,8,,2,1,7,1,30
2024,603,1,710,22778,Indigo,8/12/2024 11:51,14,1125,13,78,20,20,9,3,710,345631,56.587,-134.5222,56.5593,-134.5173,654.7104,70,4.1,9,,2,2,7,1,31
2024,603,1,710,22778,Indigo,8/12/2024 11:51,14,1125,13,78,20,20,9,3,710,345631,56.587,-134.5222,56.5593,-134.5173,654.7104,79,5.1,6,,3,2,7,1,32
2024,603,1,710,22778,Indigo,8/12/2024 11:51,14,1125,13,78,20,20,9,3,710,345631,56.587,-134.5222,56.5593,-134.5173,654.7104,65,2.8,8,,3,2,7,1,33
2024,603,1,710,22778,Indigo,8/12/2024 11:51,14,1125,13,78,20,20,9,3,710,345631,56.587,-134.5222,56.5593,-134.5173,654.7104,60,2.2,11,,2,2,1,1,40
2024,603,1,710,22778,Indigo,8/12/2024 11:51,14,1125,13,78,20,20,9,3,710,345631,56.587,-134.5222,56.5593,-134.5173,654.7104,62,2.5,7,,2,2,1,1,41
2024,603,1,710,22778,Indigo,8/12/2024 20:00,14,1125,13,78,20,20,10,6,710,345631,56.6492,-134.4296,56.6721,-134.4296,528.5232,64,2.8,9,,2,2,7,1,1
2024,603,1,710,22778,Indigo,8/12/2024 20:00,14,1125,13,78,20,20,10,6,710,345631,56.6492,-134.4296,56.6721,-134.4296,528.5232,62,2.8,7,,1,1,7,1,3
2024,603,1,710,22778,Indigo,8/12/2024 20:00,14,1125,13,78,20,20,10,6,710,345631,56.6492,-134.4296,56.6721,-134.4296,528.5232,54,1.9,6,,2,1,7,1,5
2024,603,1,710,22778,Indigo,8/12/2024 20:00,14,1125,13,78,20,20,10,6,710,345631,56.6492,-134.4296,56.6721,-134.4296,528.5232,70,3.8,8,,2,2,7,1,7
2024,603,1,710,22778,Indigo,8/12/2024 20:00,14,1125,13,78,20,20,10,6,710,345631,56.6492,-134.4296,56.6721,-134.4296,528.5232,62,2.9,8,,2,1,7,1,8
2024,603,1,710,22778,Indigo,8/12/2024 20:00,14,1125,13,78,20,20,10,6,710,345631,56.6492,-134.4296,56.6721,-134.4296,528.5232,60,2.4,7,,2,1,7,1,11
2024,603,1,710,22778,Indigo,8/12/2024 20:00,14,1125,13,78,20,20,10,6,710,345631,56.6492,-134.4296,56.6721,-134.4296,528.5232,61,2.5,9,,2,1,1,2,13
2024,603,1,710,22778,Indigo,8/12/2024 20:00,14,1125,13,78,20,20,10,6,710,345631,56.6492,-134.4296,56.6721,-134.4296,528.5232,70,3.6,9,,2,1,7,1,15
2024,603,1,710,22778,Indigo,8/12/2024 20:00,14,1125,13,78,20,20,10,6,710,345631,56.6492,-134.4296,56.6721,-134.4296,528.5232,67,3.2,9,,3,2,7,4,17
2024,603,1,710,22778,Indigo,8/12/2024 20:00,14,1125,13,78,20,20,10,6,710,345631,56.6492,-134.4296,56.6721,-134.4296,528.5232,85,6.6,33,,2,2,7,1,21
2024,603,1,710,22778,Indigo,8/12/2024 20:00,14,1125,13,78,20,20,10,6,710,345631,56.6492,-134.4296,56.6721,-134.4296,528.5232,68,3.2,6,,2,2,7,1,23
2024,603,1,710,22778,Indigo,8/12/2024 20:00,14,1125,13,78,20,20,10,6,710,345631,56.6492,-134.4296,56.6721,-134.4296,528.5232,56,2.1,8,,2,1,1,1,25
2024,603,1,710,22778,Indigo,8/12/2024 20:00,14,1125,13,78,20,20,10,6,710,345631,56.6492,-134.4296,56.6721,-134.4296,528.5232,73,3.8,10,,2,2,7,1,27
2024,603,1,710,22778,Indigo,8/12/2024 20:00,14,1125,13,78,20,20,10,6,710,345631,56.6492,-134.4296,56.6721,-134.4296,528.5232,68,3.4,9,,2,2,7,1,29
2024,603,1,710,22778,Indigo,8/12/2024 20:00,14,1125,13,78,20,20,10,6,710,345631,56.6492,-134.4296,56.6721,-134.4296,528.5232,63,2.5,8,,2,1,7,4,31
2024,603,1,710,22778,Indigo,8/12/2024 20:00,14,1125,13,78,20,20,10,6,710,345631,56.6492,-134.4296,56.6721,-134.4296,528.5232,66,3.4,14,,2,2,7,1,33
2024,603,1,710,22778,Indigo,8/13/2024 12:19,14,1125,13,78,20,20,11,7,710,345631,56.7229,-134.4431,56.6971,-134.4364,491.9472,62,2.4,8,,2,2,1,1,1
2024,603,1,710,22778,Indigo,8/13/2024 12:19,14,1125,13,78,20,20,11,7,710,345631,56.7229,-134.4431,56.6971,-134.4364,491.9472,68,2.9,7,,2,2,7,1,3
2024,603,1,710,22778,Indigo,8/13/2024 12:19,14,1125,13,78,20,20,11,7,710,345631,56.7229,-134.4431,56.6971,-134.4364,491.9472,62,2.7,10,,3,2,7,1,5
2024,603,1,710,22778,Indigo,8/13/2024 12:19,14,1125,13,78,20,20,11,7,710,345631,56.7229,-134.4431,56.6971,-134.4364,491.9472,64,2.9,8,,2,1,7,1,7
2024,603,1,710,22778,Indigo,8/13/2024 12:19,14,1125,13,78,20,20,11,7,710,345631,56.7229,-134.4431,56.6971,-134.4364,491.9472,66,2.9,5,,2,2,7,1,9
2024,603,1,710,22778,Indigo,8/13/2024 12:19,14,1125,13,78,20,20,11,7,710,345631,56.7229,-134.4431,56.6971,-134.4364,491.9472,56,2.1,6,,3,2,1,1,11
2024,603,1,710,22778,Indigo,8/13/2024 12:19,14,1125,13,78,20,20,11,7,710,345631,56.7229,-134.4431,56.6971,-134.4364,491.9472,74,4.9,9,,2,2,7,1,13
2024,603,1,710,22778,Indigo,8/13/2024 12:19,14,1125,13,78,20,20,11,7,710,345631,56.7229,-134.4431,56.6971,-134.4364,491.9472,60,2.2,5,,2,1,7,1,15
2024,603,1,710,22778,Indigo,8/13/2024 12:19,14,1125,13,78,20,20,11,7,710,345631,56.7229,-134.4431,56.6971,-134.4364,491.9472,67,3.4,5,,2,2,7,1,19
2024,603,1,710,22778,Indigo,8/13/2024 12:19,14,1125,13,78,20,20,11,7,710,345631,56.7229,-134.4431,56.6971,-134.4364,491.9472,67,3,9,,2,2,7,1,21
2024,603,1,710,22778,Indigo,8/13/2024 12:19,14,1125,13,78,20,20,11,7,710,345631,56.7229,-134.4431,56.6971,-134.4364,491.9472,63,2.5,7,,3,1,7,4,24
2024,603,1,710,22778,Indigo,8/13/2024 12:19,14,1125,13,78,20,20,11,7,710,345631,56.7229,-134.4431,56.6971,-134.4364,491.9472,67,3.1,9,,3,2,7,1,25
2024,603,1,710,22778,Indigo,8/13/2024 12:19,14,1125,13,78,20,20,11,7,710,345631,56.7229,-134.4431,56.6971,-134.4364,491.9472,64,3,6,,3,2,7,1,28
2024,603,1,710,22778,Indigo,8/13/2024 12:19,14,1125,13,78,20,20,11,7,710,345631,56.7229,-134.4431,56.6971,-134.4364,491.9472,64,2.9,6,,3,2,7,1,30
2024,603,1,710,22778,Indigo,8/13/2024 12:19,14,1125,13,78,20,20,11,7,710,345631,56.7229,-134.4431,56.6971,-134.4364,491.9472,63,2.6,7,,3,2,7,1,31
2024,603,1,710,22778,Indigo,8/13/2024 12:19,14,1125,13,78,20,20,11,7,710,345631,56.7229,-134.4431,56.6971,-134.4364,491.9472,64,2.6,10,,2,1,7,1,34
2024,603,1,710,22778,Indigo,8/13/2024 12:19,14,1125,13,78,20,20,11,7,710,345631,56.7229,-134.4431,56.6971,-134.4364,491.9472,64,2.7,7,,2,2,1,1,35
2024,603,1,710,22778,Indigo,8/13/2024 15:23,14,1125,13,78,20,20,12,5,710,345631,56.7047,-134.5508,56.6785,-134.5483,693.1152,67,3.5,15,,2,2,7,1,1
2024,603,1,710,22778,Indigo,8/13/2024 15:23,14,1125,13,78,20,20,12,5,710,345631,56.7047,-134.5508,56.6785,-134.5483,693.1152,69,3.5,7,,2,2,7,1,3
2024,603,1,710,22778,Indigo,8/13/2024 15:23,14,1125,13,78,20,20,12,5,710,345631,56.7047,-134.5508,56.6785,-134.5483,693.1152,,,6,,3,1,7,1,5
2024,603,1,710,22778,Indigo,8/13/2024 15:23,14,1125,13,78,20,20,12,5,710,345631,56.7047,-134.5508,56.6785,-134.5483,693.1152,66,2.8,6,,2,2,7,1,7
2024,603,1,710,22778,Indigo,8/13/2024 15:23,14,1125,13,78,20,20,12,5,710,345631,56.7047,-134.5508,56.6785,-134.5483,693.1152,62,2.3,7,,2,1,7,1,9
2024,603,1,710,22778,Indigo,8/13/2024 15:23,14,1125,13,78,20,20,12,5,710,345631,56.7047,-134.5508,56.6785,-134.5483,693.1152,54,1.7,7,,2,1,7,1,10
2024,603,1,710,22778,Indigo,8/13/2024 15:23,14,1125,13,78,20,20,12,5,710,345631,56.7047,-134.5508,56.6785,-134.5483,693.1152,56,1.7,4,,2,1,7,1,12
2024,603,1,710,22778,Indigo,8/13/2024 15:23,14,1125,13,78,20,20,12,5,710,345631,56.7047,-134.5508,56.6785,-134.5483,693.1152,60,2.5,6,,2,2,7,1,14
2024,603,1,710,22778,Indigo,8/13/2024 15:23,14,1125,13,78,20,20,12,5,710,345631,56.7047,-134.5508,56.6785,-134.5483,693.1152,61,2.2,3,,3,2,1,2,16
2024,603,1,710,22778,Indigo,8/13/2024 15:23,14,1125,13,78,20,20,12,5,710,345631,56.7047,-134.5508,56.6785,-134.5483,693.1152,59,2.4,6,,3,2,7,1,18
2024,603,1,710,22778,Indigo,8/13/2024 15:23,14,1125,13,78,20,20,12,5,710,345631,56.7047,-134.5508,56.6785,-134.5483,693.1152,54,1.7,5,,2,1,1,1,20
2024,603,1,710,22778,Indigo,8/13/2024 15:23,14,1125,13,78,20,20,12,5,710,345631,56.7047,-134.5508,56.6785,-134.5483,693.1152,66,3.1,7,,2,1,7,1,22
2024,603,1,710,22778,Indigo,8/13/2024 15:23,14,1125,13,78,20,20,12,5,710,345631,56.7047,-134.5508,56.6785,-134.5483,693.1152,61,2.2,5,,2,2,7,1,24
2024,603,1,710,22778,Indigo,8/13/2024 15:23,14,1125,13,78,20,20,12,5,710,345631,56.7047,-134.5508,56.6785,-134.5483,693.1152,60,2.2,6,,3,2,1,1,26
2024,603,1,710,22778,Indigo,8/13/2024 15:23,14,1125,13,78,20,20,12,5,710,345631,56.7047,-134.5508,56.6785,-134.5483,693.1152,55,1.6,5,,2,2,1,1,28
2024,603,1,710,22778,Indigo,8/13/2024 15:23,14,1125,13,78,20,20,12,5,710,345631,56.7047,-134.5508,56.6785,-134.5483,693.1152,52,1.5,3,,2,2,1,1,30
2024,603,1,710,22778,Indigo,8/13/2024 15:23,14,1125,13,78,20,20,12,5,710,345631,56.7047,-134.5508,56.6785,-134.5483,693.1152,55,1.7,5,,3,2,1,1,32
2024,603,1,710,22778,Indigo,8/13/2024 15:23,14,1125,13,78,20,20,12,5,710,345631,56.7047,-134.5508,56.6785,-134.5483,693.1152,64,2.8,5,,2,2,1,2,34
2024,603,1,710,22778,Indigo,8/14/2024 9:26,14,1125,13,78,20,20,13,4,710,345631,56.6668,-134.5804,56.6908,-134.5804,676.656,63,3,9,,2,2,7,1,1
2024,603,1,710,22778,Indigo,8/14/2024 9:26,14,1125,13,78,20,20,13,4,710,345631,56.6668,-134.5804,56.6908,-134.5804,676.656,62,2.7,9,,3,2,7,1,4
2024,603,1,710,22778,Indigo,8/14/2024 9:26,14,1125,13,78,20,20,13,4,710,345631,56.6668,-134.5804,56.6908,-134.5804,676.656,52,1.4,5,,2,1,1,1,5
2024,603,1,710,22778,Indigo,8/14/2024 9:26,14,1125,13,78,20,20,13,4,710,345631,56.6668,-134.5804,56.6908,-134.5804,676.656,56,1.9,6,,2,1,7,1,7
2024,603,1,710,22778,Indigo,8/14/2024 9:26,14,1125,13,78,20,20,13,4,710,345631,56.6668,-134.5804,56.6908,-134.5804,676.656,57,1.8,6,,2,1,7,1,9
2024,603,1,710,22778,Indigo,8/14/2024 9:26,14,1125,13,78,20,20,13,4,710,345631,56.6668,-134.5804,56.6908,-134.5804,676.656,72,4.3,7,,3,2,7,1,11
2024,603,1,710,22778,Indigo,8/14/2024 9:26,14,1125,13,78,20,20,13,4,710,345631,56.6668,-134.5804,56.6908,-134.5804,676.656,59,2.3,8,,3,1,7,1,13
2024,603,1,710,22778,Indigo,8/14/2024 9:26,14,1125,13,78,20,20,13,4,710,345631,56.6668,-134.5804,56.6908,-134.5804,676.656,59,2,7,,2,1,7,4,16
2024,603,1,710,22778,Indigo,8/14/2024 9:26,14,1125,13,78,20,20,13,4,710,345631,56.6668,-134.5804,56.6908,-134.5804,676.656,54,1.7,7,,2,1,1,1,17
2024,603,1,710,22778,Indigo,8/14/2024 9:26,14,1125,13,78,20,20,13,4,710,345631,56.6668,-134.5804,56.6908,-134.5804,676.656,67,3.1,10,,3,2,7,1,20
2024,603,1,710,22778,Indigo,8/14/2024 9:26,14,1125,13,78,20,20,13,4,710,345631,56.6668,-134.5804,56.6908,-134.5804,676.656,65,2.7,12,,2,1,7,1,23
2024,603,1,710,22778,Indigo,8/14/2024 9:26,14,1125,13,78,20,20,13,4,710,345631,56.6668,-134.5804,56.6908,-134.5804,676.656,61,2.4,6,,2,1,7,1,24
2024,603,1,710,22778,Indigo,8/14/2024 9:26,14,1125,13,78,20,20,13,4,710,345631,56.6668,-134.5804,56.6908,-134.5804,676.656,58,1.9,7,,2,2,1,1,27
2024,603,1,710,22778,Indigo,8/14/2024 9:26,14,1125,13,78,20,20,13,4,710,345631,56.6668,-134.5804,56.6908,-134.5804,676.656,62,2.5,12,,3,1,7,1,30
2024,603,1,710,22778,Indigo,8/14/2024 9:26,14,1125,13,78,20,20,13,4,710,345631,56.6668,-134.5804,56.6908,-134.5804,676.656,59,1.9,5,,2,2,1,4,31
2024,603,1,710,22778,Indigo,8/14/2024 9:26,14,1125,13,78,20,20,13,4,710,345631,56.6668,-134.5804,56.6908,-134.5804,676.656,54,1.7,7,,3,1,1,1,32
2024,603,1,710,22778,Indigo,8/14/2024 9:26,14,1125,13,78,20,20,13,4,710,345631,56.6668,-134.5804,56.6908,-134.5804,676.656,64,2.6,7,,2,2,7,1,33
2024,603,1,710,22778,Indigo,8/14/2024 9:26,14,1125,13,78,20,20,13,4,710,345631,56.6668,-134.5804,56.6908,-134.5804,676.656,85,5.5,10,,3,2,7,1,36
2024,603,1,710,22778,Indigo,8/14/2024 9:26,14,1125,13,78,20,20,13,4,710,345631,56.6668,-134.5804,56.6908,-134.5804,676.656,67,3.1,7,,3,2,7,1,39
2024,603,1,710,22778,Indigo,8/14/2024 9:26,14,1125,13,78,20,20,13,4,710,345631,56.6668,-134.5804,56.6908,-134.5804,676.656,60,2.3,5,,2,2,1,1,40
2024,603,1,710,22778,Indigo,8/14/2024 9:26,14,1125,13,78,20,20,13,4,710,345631,56.6668,-134.5804,56.6908,-134.5804,676.656,48,1.1,7,,3,2,1,4,41
2024,603,1,710,22778,Indigo,8/14/2024 9:26,14,1125,13,78,20,20,13,4,710,345631,56.6668,-134.5804,56.6908,-134.5804,676.656,56,1.7,4,,2,2,1,1,42
2024,603,1,710,22778,Indigo,8/14/2024 12:42,14,1125,13,78,20,20,14,8,710,345631,56.7152,-134.5544,56.7398,-134.5571,716.8896,52,1.3,5,,2,2,1,1,1
2024,603,1,710,22778,Indigo,8/14/2024 12:42,14,1125,13,78,20,20,14,8,710,345631,56.7152,-134.5544,56.7398,-134.5571,716.8896,52,1.5,4,,2,2,1,1,4
2024,603,1,710,22778,Indigo,8/14/2024 12:42,14,1125,13,78,20,20,14,8,710,345631,56.7152,-134.5544,56.7398,-134.5571,716.8896,47,1.2,4,,3,2,1,1,6
2024,603,1,710,22778,Indigo,8/14/2024 12:42,14,1125,13,78,20,20,14,8,710,345631,56.7152,-134.5544,56.7398,-134.5571,716.8896,61,2.6,8,,2,2,7,1,8
2024,603,1,710,22778,Indigo,8/14/2024 12:42,14,1125,13,78,20,20,14,8,710,345631,56.7152,-134.5544,56.7398,-134.5571,716.8896,59,2.3,6,,2,1,7,1,10
2024,603,1,710,22778,Indigo,8/14/2024 12:42,14,1125,13,78,20,20,14,8,710,345631,56.7152,-134.5544,56.7398,-134.5571,716.8896,57,2.2,8,,2,1,7,1,12
2024,603,1,710,22778,Indigo,8/14/2024 12:42,14,1125,13,78,20,20,14,8,710,345631,56.7152,-134.5544,56.7398,-134.5571,716.8896,72,4,7,,2,2,7,1,14
2024,603,1,710,22778,Indigo,8/14/2024 12:42,14,1125,13,78,20,20,14,8,710,345631,56.7152,-134.5544,56.7398,-134.5571,716.8896,59,2.3,7,,2,2,1,1,16
2024,603,1,710,22778,Indigo,8/14/2024 12:42,14,1125,13,78,20,20,14,8,710,345631,56.7152,-134.5544,56.7398,-134.5571,716.8896,58,2.2,6,,2,1,7,1,22
2024,603,1,710,22778,Indigo,8/14/2024 12:42,14,1125,13,78,20,20,14,8,710,345631,56.7152,-134.5544,56.7398,-134.5571,716.8896,60,2.2,6,,2,1,1,1,23
2024,603,1,710,22778,Indigo,8/14/2024 12:42,14,1125,13,78,20,20,14,8,710,345631,56.7152,-134.5544,56.7398,-134.5571,716.8896,51,1.5,5,,3,2,1,1,25
2024,603,1,710,22778,Indigo,8/14/2024 12:42,14,1125,13,78,20,20,14,8,710,345631,56.7152,-134.5544,56.7398,-134.5571,716.8896,57,1.8,3,,3,99,1,1,29
2024,603,1,710,22778,Indigo,8/14/2024 12:42,14,1125,13,78,20,20,14,8,710,345631,56.7152,-134.5544,56.7398,-134.5571,716.8896,56,1.8,4,,3,1,7,1,33
2024,603,1,710,22778,Indigo,8/14/2024 12:42,14,1125,13,78,20,20,14,8,710,345631,56.7152,-134.5544,56.7398,-134.5571,716.8896,63,2.8,7,,2,2,7,1,35
2024,603,1,710,22778,Indigo,8/14/2024 12:42,14,1125,13,78,20,20,14,8,710,345631,56.7152,-134.5544,56.7398,-134.5571,716.8896,58,2.1,6,,3,1,7,1,37
2024,603,1,710,22778,Indigo,8/14/2024 12:42,14,1125,13,78,20,20,14,8,710,345631,56.7152,-134.5544,56.7398,-134.5571,716.8896,68,2.9,8,,2,2,7,1,39
2024,603,1,710,22778,Indigo,8/14/2024 12:42,14,1125,13,78,20,20,14,8,710,345631,56.7152,-134.5544,56.7398,-134.5571,716.8896,57,2.1,6,,2,1,7,1,40
2024,603,2,710,36979,Kraken,8/9/2024 9:32,14,1125,13,78,25,20,1,10,710,345631,56.8132,-134.5303,56.78685,-134.53003,683.9712,72,4.1,10,,2,2,7,1,1
2024,603,2,710,36979,Kraken,8/9/2024 9:32,14,1125,13,78,25,20,1,10,710,345631,56.8132,-134.5303,56.78685,-134.53003,683.9712,52,1.6,7,,3,1,7,2,2
2024,603,2,710,36979,Kraken,8/9/2024 9:32,14,1125,13,78,25,20,1,10,710,345631,56.8132,-134.5303,56.78685,-134.53003,683.9712,66,3,9,,2,2,7,3,3
2024,603,2,710,36979,Kraken,8/9/2024 9:32,14,1125,13,78,25,20,1,10,710,345631,56.8132,-134.5303,56.78685,-134.53003,683.9712,58,2.1,9,,2,1,7,1,4
2024,603,2,710,36979,Kraken,8/9/2024 9:32,14,1125,13,78,25,20,1,10,710,345631,56.8132,-134.5303,56.78685,-134.53003,683.9712,53,1.9,5,,3,1,1,1,5
2024,603,2,710,36979,Kraken,8/9/2024 9:32,14,1125,13,78,25,20,1,10,710,345631,56.8132,-134.5303,56.78685,-134.53003,683.9712,59,2.2,9,,3,1,7,4,19
2024,603,2,710,36979,Kraken,8/9/2024 9:32,14,1125,13,78,25,20,1,10,710,345631,56.8132,-134.5303,56.78685,-134.53003,683.9712,90,7.5,13,,2,2,7,1,20
2024,603,2,710,36979,Kraken,8/9/2024 9:32,14,1125,13,78,25,20,1,10,710,345631,56.8132,-134.5303,56.78685,-134.53003,683.9712,60,2.3,10,,2,2,7,1,21
2024,603,2,710,36979,Kraken,8/9/2024 9:32,14,1125,13,78,25,20,1,10,710,345631,56.8132,-134.5303,56.78685,-134.53003,683.9712,64,3,9,,2,2,7,1,28
2024,603,2,710,36979,Kraken,8/9/2024 9:32,14,1125,13,78,25,20,1,10,710,345631,56.8132,-134.5303,56.78685,-134.53003,683.9712,72,4,17,,2,1,7,1,29
2024,603,2,710,36979,Kraken,8/9/2024 9:32,14,1125,13,78,25,20,1,10,710,345631,56.8132,-134.5303,56.78685,-134.53003,683.9712,63,2.4,4,,3,1,7,1,30
2024,603,2,710,36979,Kraken,8/9/2024 9:32,14,1125,13,78,25,20,1,10,710,345631,56.8132,-134.5303,56.78685,-134.53003,683.9712,63,2.7,6,,3,2,7,1,31
2024,603,2,710,36979,Kraken,8/9/2024 9:32,14,1125,13,78,25,20,1,10,710,345631,56.8132,-134.5303,56.78685,-134.53003,683.9712,58,2.1,8,,3,1,7,1,32
2024,603,2,710,36979,Kraken,8/9/2024 9:32,14,1125,13,78,25,20,1,10,710,345631,56.8132,-134.5303,56.78685,-134.53003,683.9712,64,2.5,9,,2,1,7,1,33
2024,603,2,710,36979,Kraken,8/9/2024 9:32,14,1125,13,78,25,20,1,10,710,345631,56.8132,-134.5303,56.78685,-134.53003,683.9712,59,2,6,,3,1,7,3,34
2024,603,2,710,36979,Kraken,8/9/2024 9:32,14,1125,13,78,25,20,1,10,710,345631,56.8132,-134.5303,56.78685,-134.53003,683.9712,55,1.6,6,,2,2,1,1,35
2024,603,2,710,36979,Kraken,8/10/2024 15:50,14,1125,13,78,25,20,2,13,710,345631,56.83793,-134.628083,56.809483,-134.6229,696.7728,65,2.7,8,,3,2,7,4,1
2024,603,2,710,36979,Kraken,8/10/2024 15:50,14,1125,13,78,25,20,2,13,710,345631,56.83793,-134.628083,56.809483,-134.6229,696.7728,53,1.3,6,,2,1,1,4,3
2024,603,2,710,36979,Kraken,8/10/2024 15:50,14,1125,13,78,25,20,2,13,710,345631,56.83793,-134.628083,56.809483,-134.6229,696.7728,68,3.5,7,,2,2,7,1,4
2024,603,2,710,36979,Kraken,8/10/2024 15:50,14,1125,13,78,25,20,2,13,710,345631,56.83793,-134.628083,56.809483,-134.6229,696.7728,57,1.9,6,,3,1,7,1,5
2024,603,2,710,36979,Kraken,8/10/2024 15:50,14,1125,13,78,25,20,2,13,710,345631,56.83793,-134.628083,56.809483,-134.6229,696.7728,52,1.4,6,,2,1,1,1,7
2024,603,2,710,36979,Kraken,8/10/2024 15:50,14,1125,13,78,25,20,2,13,710,345631,56.83793,-134.628083,56.809483,-134.6229,696.7728,61,2.6,9,,2,2,7,1,13
2024,603,2,710,36979,Kraken,8/10/2024 15:50,14,1125,13,78,25,20,2,13,710,345631,56.83793,-134.628083,56.809483,-134.6229,696.7728,67,3,8,,3,2,7,1,16
2024,603,2,710,36979,Kraken,8/10/2024 15:50,14,1125,13,78,25,20,2,13,710,345631,56.83793,-134.628083,56.809483,-134.6229,696.7728,56,1.7,6,,3,1,7,2,18
2024,603,2,710,36979,Kraken,8/10/2024 15:50,14,1125,13,78,25,20,2,13,710,345631,56.83793,-134.628083,56.809483,-134.6229,696.7728,59,2,5,,3,2,7,4,19
2024,603,2,710,36979,Kraken,8/10/2024 15:50,14,1125,13,78,25,20,2,13,710,345631,56.83793,-134.628083,56.809483,-134.6229,696.7728,57,2,8,,2,2,7,4,22
2024,603,2,710,36979,Kraken,8/10/2024 15:50,14,1125,13,78,25,20,2,13,710,345631,56.83793,-134.628083,56.809483,-134.6229,696.7728,60,2.1,7,,2,1,7,1,23
2024,603,2,710,36979,Kraken,8/10/2024 15:50,14,1125,13,78,25,20,2,13,710,345631,56.83793,-134.628083,56.809483,-134.6229,696.7728,54,1.7,8,,3,1,7,1,24
2024,603,2,710,36979,Kraken,8/10/2024 15:50,14,1125,13,78,25,20,2,13,710,345631,56.83793,-134.628083,56.809483,-134.6229,696.7728,52,1.4,6,,3,2,1,1,25
2024,603,2,710,36979,Kraken,8/10/2024 15:50,14,1125,13,78,25,20,2,13,710,345631,56.83793,-134.628083,56.809483,-134.6229,696.7728,59,2.1,7,,2,1,7,1,26
2024,603,2,710,36979,Kraken,8/10/2024 15:50,14,1125,13,78,25,20,2,13,710,345631,56.83793,-134.628083,56.809483,-134.6229,696.7728,59,2.1,6,,2,2,7,1,36
2024,603,2,710,36979,Kraken,8/10/2024 15:50,14,1125,13,78,25,20,2,13,710,345631,56.83793,-134.628083,56.809483,-134.6229,696.7728,57,1.8,4,,3,1,7,1,37
2024,603,2,710,36979,Kraken,8/10/2024 15:50,14,1125,13,78,25,20,2,13,710,345631,56.83793,-134.628083,56.809483,-134.6229,696.7728,60,2.4,10,,2,1,7,1,40
2024,603,2,710,36979,Kraken,8/10/2024 15:50,14,1125,13,78,25,20,2,13,710,345631,56.83793,-134.628083,56.809483,-134.6229,696.7728,59,2.2,9,,2,1,7,1,41
2024,603,2,710,36979,Kraken,8/10/2024 15:50,14,1125,13,78,25,20,2,13,710,345631,56.83793,-134.628083,56.809483,-134.6229,696.7728,66,2.9,9,,2,2,7,1,42
2024,603,2,710,36979,Kraken,8/9/2024 20:08,14,1125,13,78,25,20,3,9,710,345631,56.73295,-134.47465,56.75865,-134.487,645.5664,55,1.8,9,,3,1,7,1,1
2024,603,2,710,36979,Kraken,8/9/2024 20:08,14,1125,13,78,25,20,3,9,710,345631,56.73295,-134.47465,56.75865,-134.487,645.5664,65,3,7,,2,2,7,1,2
2024,603,2,710,36979,Kraken,8/9/2024 20:08,14,1125,13,78,25,20,3,9,710,345631,56.73295,-134.47465,56.75865,-134.487,645.5664,70,3.1,8,,2,2,7,1,3
2024,603,2,710,36979,Kraken,8/9/2024 20:08,14,1125,13,78,25,20,3,9,710,345631,56.73295,-134.47465,56.75865,-134.487,645.5664,80,5.5,8,,2,2,7,2,4
2024,603,2,710,36979,Kraken,8/9/2024 20:08,14,1125,13,78,25,20,3,9,710,345631,56.73295,-134.47465,56.75865,-134.487,645.5664,58,2.2,8,,2,2,7,1,5
2024,603,2,710,36979,Kraken,8/9/2024 20:08,14,1125,13,78,25,20,3,9,710,345631,56.73295,-134.47465,56.75865,-134.487,645.5664,81,,8,,2,2,7,2,6
2024,603,2,710,36979,Kraken,8/9/2024 20:08,14,1125,13,78,25,20,3,9,710,345631,56.73295,-134.47465,56.75865,-134.487,645.5664,57,2,7,,3,1,7,1,7
2024,603,2,710,36979,Kraken,8/9/2024 20:08,14,1125,13,78,25,20,3,9,710,345631,56.73295,-134.47465,56.75865,-134.487,645.5664,76,4.7,7,,2,2,7,2,8
2024,603,2,710,36979,Kraken,8/9/2024 20:08,14,1125,13,78,25,20,3,9,710,345631,56.73295,-134.47465,56.75865,-134.487,645.5664,57,2,8,,2,1,7,1,9
2024,603,2,710,36979,Kraken,8/9/2024 20:08,14,1125,13,78,25,20,3,9,710,345631,56.73295,-134.47465,56.75865,-134.487,645.5664,80,5.2,12,,2,1,7,1,10
2024,603,2,710,36979,Kraken,8/9/2024 20:08,14,1125,13,78,25,20,3,9,710,345631,56.73295,-134.47465,56.75865,-134.487,645.5664,,3,7,,2,2,7,1,11
2024,603,2,710,36979,Kraken,8/9/2024 20:08,14,1125,13,78,25,20,3,9,710,345631,56.73295,-134.47465,56.75865,-134.487,645.5664,59,2.7,9,,2,1,7,2,12
2024,603,2,710,36979,Kraken,8/9/2024 20:08,14,1125,13,78,25,20,3,9,710,345631,56.73295,-134.47465,56.75865,-134.487,645.5664,64,2.7,8,,2,1,7,1,13
2024,603,2,710,36979,Kraken,8/9/2024 20:08,14,1125,13,78,25,20,3,9,710,345631,56.73295,-134.47465,56.75865,-134.487,645.5664,60,2.4,12,,3,2,7,2,14
2024,603,2,710,36979,Kraken,8/9/2024 20:08,14,1125,13,78,25,20,3,9,710,345631,56.73295,-134.47465,56.75865,-134.487,645.5664,70,3.5,41,,2,1,7,3,15
2024,603,2,710,36979,Kraken,8/9/2024 20:08,14,1125,13,78,25,20,3,9,710,345631,56.73295,-134.47465,56.75865,-134.487,645.5664,70,3.6,12,,2,2,7,3,16
2024,603,2,710,36979,Kraken,8/9/2024 20:08,14,1125,13,78,25,20,3,9,710,345631,56.73295,-134.47465,56.75865,-134.487,645.5664,58,2.1,11,,2,1,7,1,17
2024,603,2,710,36979,Kraken,8/9/2024 20:08,14,1125,13,78,25,20,3,9,710,345631,56.73295,-134.47465,56.75865,-134.487,645.5664,62,2.75,6,,2,2,7,1,18
2024,603,2,710,36979,Kraken,8/9/2024 20:08,14,1125,13,78,25,20,3,9,710,345631,56.73295,-134.47465,56.75865,-134.487,645.5664,57,1.9,8,,2,1,1,1,19
2024,603,2,710,36979,Kraken,8/9/2024 20:08,14,1125,13,78,25,20,3,9,710,345631,56.73295,-134.47465,56.75865,-134.487,645.5664,62,2.9,7,,2,1,7,1,20
2024,603,2,710,36979,Kraken,8/9/2024 20:08,14,1125,13,78,25,20,3,9,710,345631,56.73295,-134.47465,56.75865,-134.487,645.5664,70,3.6,11,,2,1,7,1,21
2024,603,2,710,36979,Kraken,8/9/2024 20:08,14,1125,13,78,25,20,3,9,710,345631,56.73295,-134.47465,56.75865,-134.487,645.5664,53,1.5,4,,2,1,1,1,22
2024,603,2,710,36979,Kraken,8/9/2024 20:08,14,1125,13,78,25,20,3,9,710,345631,56.73295,-134.47465,56.75865,-134.487,645.5664,59,2.5,10,,2,1,7,1,23
2024,603,2,710,36979,Kraken,8/9/2024 20:08,14,1125,13,78,25,20,3,9,710,345631,56.73295,-134.47465,56.75865,-134.487,645.5664,64,2.7,20,,2,1,7,1,24
2024,603,2,710,36979,Kraken,8/10/2024 9:56,14,1125,13,78,25,20,4,15,710,345631,56.908883,-134.641067,56.88115,-134.64093,652.8816,55,1.8,7,,3,2,1,1,1
2024,603,2,710,36979,Kraken,8/10/2024 9:56,14,1125,13,78,25,20,4,15,710,345631,56.908883,-134.641067,56.88115,-134.64093,652.8816,73,4.3,13,,2,2,7,1,2
2024,603,2,710,36979,Kraken,8/10/2024 9:56,14,1125,13,78,25,20,4,15,710,345631,56.908883,-134.641067,56.88115,-134.64093,652.8816,65,2.9,8,,2,2,7,1,3
2024,603,2,710,36979,Kraken,8/10/2024 9:56,14,1125,13,78,25,20,4,15,710,345631,56.908883,-134.641067,56.88115,-134.64093,652.8816,66,3.3,10,,2,2,7,1,4
2024,603,2,710,36979,Kraken,8/10/2024 9:56,14,1125,13,78,25,20,4,15,710,345631,56.908883,-134.641067,56.88115,-134.64093,652.8816,66,3,15,,3,1,7,1,5
2024,603,2,710,36979,Kraken,8/10/2024 9:56,14,1125,13,78,25,20,4,15,710,345631,56.908883,-134.641067,56.88115,-134.64093,652.8816,57,1.9,10,,3,2,1,4,6
2024,603,2,710,36979,Kraken,8/10/2024 9:56,14,1125,13,78,25,20,4,15,710,345631,56.908883,-134.641067,56.88115,-134.64093,652.8816,64,2.4,7,,3,2,7,1,7
2024,603,2,710,36979,Kraken,8/10/2024 9:56,14,1125,13,78,25,20,4,15,710,345631,56.908883,-134.641067,56.88115,-134.64093,652.8816,58,2,6,,3,1,7,1,8
2024,603,2,710,36979,Kraken,8/10/2024 9:56,14,1125,13,78,25,20,4,15,710,345631,56.908883,-134.641067,56.88115,-134.64093,652.8816,66,2.9,5,,2,2,7,2,9
2024,603,2,710,36979,Kraken,8/10/2024 9:56,14,1125,13,78,25,20,4,15,710,345631,56.908883,-134.641067,56.88115,-134.64093,652.8816,64,2.9,10,,3,2,7,1,10
2024,603,2,710,36979,Kraken,8/10/2024 9:56,14,1125,13,78,25,20,4,15,710,345631,56.908883,-134.641067,56.88115,-134.64093,652.8816,57,2.2,11,,2,1,7,1,11
2024,603,2,710,36979,Kraken,8/10/2024 9:56,14,1125,13,78,25,20,4,15,710,345631,56.908883,-134.641067,56.88115,-134.64093,652.8816,70,3.7,19,,3,1,7,1,12
2024,603,2,710,36979,Kraken,8/10/2024 9:56,14,1125,13,78,25,20,4,15,710,345631,56.908883,-134.641067,56.88115,-134.64093,652.8816,62,2.2,9,,3,1,7,1,13
2024,603,2,710,36979,Kraken,8/10/2024 9:56,14,1125,13,78,25,20,4,15,710,345631,56.908883,-134.641067,56.88115,-134.64093,652.8816,50,1.4,8,,3,1,1,4,14
2024,603,2,710,36979,Kraken,8/10/2024 9:56,14,1125,13,78,25,20,4,15,710,345631,56.908883,-134.641067,56.88115,-134.64093,652.8816,83,6.5,28,,2,2,7,1,15
2024,603,2,710,36979,Kraken,8/10/2024 9:56,14,1125,13,78,25,20,4,15,710,345631,56.908883,-134.641067,56.88115,-134.64093,652.8816,62,2.6,9,,2,2,7,1,16
2024,603,2,710,36979,Kraken,8/10/2024 9:56,14,1125,13,78,25,20,4,15,710,345631,56.908883,-134.641067,56.88115,-134.64093,652.8816,,,6,,2,1,1,1,17
2024,603,2,710,36979,Kraken,8/10/2024 9:56,14,1125,13,78,25,20,4,15,710,345631,56.908883,-134.641067,56.88115,-134.64093,652.8816,69,3.7,8,,2,2,7,1,18
2024,603,2,710,36979,Kraken,8/10/2024 9:56,14,1125,13,78,25,20,4,15,710,345631,56.908883,-134.641067,56.88115,-134.64093,652.8816,57,2,11,,2,1,7,1,20
2024,603,2,710,36979,Kraken,8/10/2024 9:56,14,1125,13,78,25,20,4,15,710,345631,56.908883,-134.641067,56.88115,-134.64093,652.8816,63,2.8,8,,3,1,7,1,21
2024,603,2,710,36979,Kraken,8/10/2024 9:56,14,1125,13,78,25,20,4,15,710,345631,56.908883,-134.641067,56.88115,-134.64093,652.8816,73,4.2,42,,2,1,7,1,22
2024,603,2,710,36979,Kraken,8/10/2024 9:56,14,1125,13,78,25,20,4,15,710,345631,56.908883,-134.641067,56.88115,-134.64093,652.8816,57,1.9,7,,3,1,1,1,23
2024,603,2,710,36979,Kraken,8/10/2024 13:42,14,1125,13,78,25,20,5,16,710,345631,56.906833,-134.56265,56.87985,-134.56243,643.7376,69,3.6,7,,2,2,7,1,1
2024,603,2,710,36979,Kraken,8/10/2024 13:42,14,1125,13,78,25,20,5,16,710,345631,56.906833,-134.56265,56.87985,-134.56243,643.7376,57,2.1,7,,2,1,7,2,2
2024,603,2,710,36979,Kraken,8/10/2024 13:42,14,1125,13,78,25,20,5,16,710,345631,56.906833,-134.56265,56.87985,-134.56243,643.7376,67,3.3,6,,2,2,7,1,3
2024,603,2,710,36979,Kraken,8/10/2024 13:42,14,1125,13,78,25,20,5,16,710,345631,56.906833,-134.56265,56.87985,-134.56243,643.7376,52,1.3,5,,3,1,1,1,4
2024,603,2,710,36979,Kraken,8/10/2024 13:42,14,1125,13,78,25,20,5,16,710,345631,56.906833,-134.56265,56.87985,-134.56243,643.7376,59,2.1,8,,3,1,1,1,5
2024,603,2,710,36979,Kraken,8/10/2024 13:42,14,1125,13,78,25,20,5,16,710,345631,56.906833,-134.56265,56.87985,-134.56243,643.7376,59,2.3,9,,3,1,1,2,6
2024,603,2,710,36979,Kraken,8/10/2024 13:42,14,1125,13,78,25,20,5,16,710,345631,56.906833,-134.56265,56.87985,-134.56243,643.7376,61,2.4,9,,2,1,7,1,7
2024,603,2,710,36979,Kraken,8/10/2024 13:42,14,1125,13,78,25,20,5,16,710,345631,56.906833,-134.56265,56.87985,-134.56243,643.7376,58,2.1,7,,2,1,7,2,8
2024,603,2,710,36979,Kraken,8/10/2024 13:42,14,1125,13,78,25,20,5,16,710,345631,56.906833,-134.56265,56.87985,-134.56243,643.7376,65,3.4,9,,2,2,7,1,9
2024,603,2,710,36979,Kraken,8/10/2024 13:42,14,1125,13,78,25,20,5,16,710,345631,56.906833,-134.56265,56.87985,-134.56243,643.7376,62,2.2,5,,2,2,7,1,10
2024,603,2,710,36979,Kraken,8/10/2024 13:42,14,1125,13,78,25,20,5,16,710,345631,56.906833,-134.56265,56.87985,-134.56243,643.7376,60,2.1,6,,2,1,7,1,11
2024,603,2,710,36979,Kraken,8/10/2024 13:42,14,1125,13,78,25,20,5,16,710,345631,56.906833,-134.56265,56.87985,-134.56243,643.7376,60,2.3,6,,3,1,7,1,12
2024,603,2,710,36979,Kraken,8/10/2024 13:42,14,1125,13,78,25,20,5,16,710,345631,56.906833,-134.56265,56.87985,-134.56243,643.7376,56,1.9,4,,2,1,7,1,13
2024,603,2,710,36979,Kraken,8/10/2024 13:42,14,1125,13,78,25,20,5,16,710,345631,56.906833,-134.56265,56.87985,-134.56243,643.7376,52,1.3,3,,2,2,1,2,14
2024,603,2,710,36979,Kraken,8/10/2024 13:42,14,1125,13,78,25,20,5,16,710,345631,56.906833,-134.56265,56.87985,-134.56243,643.7376,71,3.9,8,,2,2,7,2,15
2024,603,2,710,36979,Kraken,8/10/2024 13:42,14,1125,13,78,25,20,5,16,710,345631,56.906833,-134.56265,56.87985,-134.56243,643.7376,61,2.2,8,,2,1,7,1,16
2024,603,2,710,36979,Kraken,8/10/2024 13:42,14,1125,13,78,25,20,5,16,710,345631,56.906833,-134.56265,56.87985,-134.56243,643.7376,54,1.8,4,,3,1,7,2,17
2024,603,2,710,36979,Kraken,8/10/2024 13:42,14,1125,13,78,25,20,5,16,710,345631,56.906833,-134.56265,56.87985,-134.56243,643.7376,64,2.9,7,,2,2,7,2,18
2024,603,2,710,36979,Kraken,8/10/2024 13:42,14,1125,13,78,25,20,5,16,710,345631,56.906833,-134.56265,56.87985,-134.56243,643.7376,65,2.6,6,,2,2,7,1,19
2024,603,2,710,36979,Kraken,8/10/2024 13:42,14,1125,13,78,25,20,5,16,710,345631,56.906833,-134.56265,56.87985,-134.56243,643.7376,57,2,6,,3,2,7,1,20
2024,603,2,710,36979,Kraken,8/10/2024 13:42,14,1125,13,78,25,20,5,16,710,345631,56.906833,-134.56265,56.87985,-134.56243,643.7376,62,2.7,7,,2,2,7,1,21
2024,603,2,710,36979,Kraken,8/10/2024 13:42,14,1125,13,78,25,20,5,16,710,345631,56.906833,-134.56265,56.87985,-134.56243,643.7376,61,2.6,12,,3,2,7,2,22
2024,603,2,710,36979,Kraken,8/10/2024 13:42,14,1125,13,78,25,20,5,16,710,345631,56.906833,-134.56265,56.87985,-134.56243,643.7376,58,2,4,,3,2,7,1,23
2024,603,2,710,36979,Kraken,8/10/2024 13:42,14,1125,13,78,25,20,5,16,710,345631,56.906833,-134.56265,56.87985,-134.56243,643.7376,53,1.5,7,,2,1,1,1,24
2024,603,2,710,36979,Kraken,8/10/2024 22:00,14,1125,13,78,25,20,6,18,710,345701,57.03345,-134.711217,57.00403,-134.70973,614.4768,,3.1,8,,2,2,7,1,1
2024,603,2,710,36979,Kraken,8/10/2024 22:00,14,1125,13,78,25,20,6,18,710,345701,57.03345,-134.711217,57.00403,-134.70973,614.4768,55,1.8,5,,3,1,7,1,2
2024,603,2,710,36979,Kraken,8/10/2024 22:00,14,1125,13,78,25,20,6,18,710,345701,57.03345,-134.711217,57.00403,-134.70973,614.4768,64,3.2,7,,2,2,7,1,3
2024,603,2,710,36979,Kraken,8/10/2024 22:00,14,1125,13,78,25,20,6,18,710,345701,57.03345,-134.711217,57.00403,-134.70973,614.4768,,,4,,3,1,1,1,4
2024,603,2,710,36979,Kraken,8/10/2024 22:00,14,1125,13,78,25,20,6,18,710,345701,57.03345,-134.711217,57.00403,-134.70973,614.4768,69,4.2,35,,2,1,7,1,5
2024,603,2,710,36979,Kraken,8/10/2024 22:00,14,1125,13,78,25,20,6,18,710,345701,57.03345,-134.711217,57.00403,-134.70973,614.4768,74,4.2,9,,2,2,7,1,6
2024,603,2,710,36979,Kraken,8/10/2024 22:00,14,1125,13,78,25,20,6,18,710,345701,57.03345,-134.711217,57.00403,-134.70973,614.4768,64,3.1,4,,3,2,7,1,7
2024,603,2,710,36979,Kraken,8/10/2024 22:00,14,1125,13,78,25,20,6,18,710,345701,57.03345,-134.711217,57.00403,-134.70973,614.4768,65,3.3,7,,2,2,7,1,8
2024,603,2,710,36979,Kraken,8/10/2024 22:00,14,1125,13,78,25,20,6,18,710,345701,57.03345,-134.711217,57.00403,-134.70973,614.4768,55,2.2,6,,2,1,7,1,9
2024,603,2,710,36979,Kraken,8/10/2024 22:00,14,1125,13,78,25,20,6,18,710,345701,57.03345,-134.711217,57.00403,-134.70973,614.4768,64,3.4,10,,2,2,7,1,10
2024,603,2,710,36979,Kraken,8/10/2024 22:00,14,1125,13,78,25,20,6,18,710,345701,57.03345,-134.711217,57.00403,-134.70973,614.4768,66,3.5,7,,2,2,7,1,11
2024,603,2,710,36979,Kraken,8/10/2024 22:00,14,1125,13,78,25,20,6,18,710,345701,57.03345,-134.711217,57.00403,-134.70973,614.4768,58,2.6,7,,2,1,7,1,12
2024,603,2,710,36979,Kraken,8/10/2024 22:00,14,1125,13,78,25,20,6,18,710,345701,57.03345,-134.711217,57.00403,-134.70973,614.4768,63,2.6,8,,3,2,7,4,13
2024,603,2,710,36979,Kraken,8/10/2024 22:00,14,1125,13,78,25,20,6,18,710,345701,57.03345,-134.711217,57.00403,-134.70973,614.4768,61,2.3,12,,2,1,7,3,14
2024,603,2,710,36979,Kraken,8/10/2024 22:00,14,1125,13,78,25,20,6,18,710,345701,57.03345,-134.711217,57.00403,-134.70973,614.4768,65,2.8,9,,2,2,7,1,15
2024,603,2,710,36979,Kraken,8/10/2024 22:00,14,1125,13,78,25,20,6,18,710,345701,57.03345,-134.711217,57.00403,-134.70973,614.4768,67,3,11,,2,2,7,1,17
2024,603,2,710,36979,Kraken,8/10/2024 22:00,14,1125,13,78,25,20,6,18,710,345701,57.03345,-134.711217,57.00403,-134.70973,614.4768,58,2.3,9,,2,1,7,1,18
2024,603,2,710,36979,Kraken,8/10/2024 22:00,14,1125,13,78,25,20,6,18,710,345701,57.03345,-134.711217,57.00403,-134.70973,614.4768,67,3.5,8,,3,2,7,1,19
2024,603,2,710,36979,Kraken,8/10/2024 22:00,14,1125,13,78,25,20,6,18,710,345701,57.03345,-134.711217,57.00403,-134.70973,614.4768,78,4.7,8,,3,2,7,1,20
2024,603,2,710,36979,Kraken,8/10/2024 22:00,14,1125,13,78,25,20,6,18,710,345701,57.03345,-134.711217,57.00403,-134.70973,614.4768,57,2,8,,2,1,7,1,21
2024,603,2,710,36979,Kraken,8/10/2024 22:00,14,1125,13,78,25,20,6,18,710,345701,57.03345,-134.711217,57.00403,-134.70973,614.4768,64,2.9,8,,2,2,7,1,23
2024,603,2,710,36979,Kraken,8/11/2024 10:36,14,1125,13,78,25,20,7,19,710,345701,57.0468,-134.73185,57.018067,-134.7317,627.2784,70,3.2,7,,2,2,7,1,1
2024,603,2,710,36979,Kraken,8/11/2024 10:36,14,1125,13,78,25,20,7,19,710,345701,57.0468,-134.73185,57.018067,-134.7317,627.2784,57,1.9,6,,3,1,7,1,2
2024,603,2,710,36979,Kraken,8/11/2024 10:36,14,1125,13,78,25,20,7,19,710,345701,57.0468,-134.73185,57.018067,-134.7317,627.2784,60,2.3,9,,3,1,7,1,3
2024,603,2,710,36979,Kraken,8/11/2024 10:36,14,1125,13,78,25,20,7,19,710,345701,57.0468,-134.73185,57.018067,-134.7317,627.2784,64,2.7,10,,3,2,7,3,4
2024,603,2,710,36979,Kraken,8/11/2024 10:36,14,1125,13,78,25,20,7,19,710,345701,57.0468,-134.73185,57.018067,-134.7317,627.2784,61,2.6,4,,3,2,1,1,5
2024,603,2,710,36979,Kraken,8/11/2024 10:36,14,1125,13,78,25,20,7,19,710,345701,57.0468,-134.73185,57.018067,-134.7317,627.2784,59,2.5,9,,3,1,7,1,8
2024,603,2,710,36979,Kraken,8/11/2024 10:36,14,1125,13,78,25,20,7,19,710,345701,57.0468,-134.73185,57.018067,-134.7317,627.2784,67,3.7,8,,2,2,7,2,13
2024,603,2,710,36979,Kraken,8/11/2024 10:36,14,1125,13,78,25,20,7,19,710,345701,57.0468,-134.73185,57.018067,-134.7317,627.2784,71,3.8,8,,3,2,7,1,14
2024,603,2,710,36979,Kraken,8/11/2024 10:36,14,1125,13,78,25,20,7,19,710,345701,57.0468,-134.73185,57.018067,-134.7317,627.2784,59,2.4,8,,2,2,7,2,15
2024,603,2,710,36979,Kraken,8/11/2024 10:36,14,1125,13,78,25,20,7,19,710,345701,57.0468,-134.73185,57.018067,-134.7317,627.2784,57,2,6,,2,1,7,4,16
2024,603,2,710,36979,Kraken,8/11/2024 10:36,14,1125,13,78,25,20,7,19,710,345701,57.0468,-134.73185,57.018067,-134.7317,627.2784,80,5.6,13,,3,2,7,1,19
2024,603,2,710,36979,Kraken,8/11/2024 10:36,14,1125,13,78,25,20,7,19,710,345701,57.0468,-134.73185,57.018067,-134.7317,627.2784,59,2.2,6,,2,2,7,2,23
2024,603,2,710,36979,Kraken,8/11/2024 10:36,14,1125,13,78,25,20,7,19,710,345701,57.0468,-134.73185,57.018067,-134.7317,627.2784,64,2.8,10,,2,2,7,1,24
2024,603,2,710,36979,Kraken,8/11/2024 10:36,14,1125,13,78,25,20,7,19,710,345701,57.0468,-134.73185,57.018067,-134.7317,627.2784,60,2.5,8,,2,1,7,1,28
2024,603,2,710,36979,Kraken,8/11/2024 10:36,14,1125,13,78,25,20,7,19,710,345701,57.0468,-134.73185,57.018067,-134.7317,627.2784,56,2.2,11,,3,1,7,1,30
2024,603,2,710,36979,Kraken,8/11/2024 10:36,14,1125,13,78,25,20,7,19,710,345701,57.0468,-134.73185,57.018067,-134.7317,627.2784,61,2.2,6,,2,1,7,1,32
2024,603,2,710,36979,Kraken,8/11/2024 10:36,14,1125,13,78,25,20,7,19,710,345701,57.0468,-134.73185,57.018067,-134.7317,627.2784,65,2.7,11,,2,2,7,1,34
2024,603,2,710,36979,Kraken,8/11/2024 10:36,14,1125,13,78,25,20,7,19,710,345701,57.0468,-134.73185,57.018067,-134.7317,627.2784,56,2,4,,2,2,1,3,36
2024,603,2,710,36979,Kraken,8/11/2024 10:36,14,1125,13,78,25,20,7,19,710,345701,57.0468,-134.73185,57.018067,-134.7317,627.2784,60,2.3,5,,3,2,7,1,38
2024,603,2,710,36979,Kraken,8/11/2024 14:08,14,1125,13,78,25,20,8,21,710,345701,57.124883,-134.700967,57.09655,-134.701617,627.2784,60,2.5,14,,3,1,7,1,1
2024,603,2,710,36979,Kraken,8/11/2024 14:08,14,1125,13,78,25,20,8,21,710,345701,57.124883,-134.700967,57.09655,-134.701617,627.2784,55,1.6,6,,3,2,1,1,3
2024,603,2,710,36979,Kraken,8/11/2024 14:08,14,1125,13,78,25,20,8,21,710,345701,57.124883,-134.700967,57.09655,-134.701617,627.2784,51,1.4,9,,3,1,1,1,4
2024,603,2,710,36979,Kraken,8/11/2024 14:08,14,1125,13,78,25,20,8,21,710,345701,57.124883,-134.700967,57.09655,-134.701617,627.2784,56,1.8,6,,2,1,1,1,5
2024,603,2,710,36979,Kraken,8/11/2024 14:08,14,1125,13,78,25,20,8,21,710,345701,57.124883,-134.700967,57.09655,-134.701617,627.2784,59,2.5,10,,2,1,7,1,7
2024,603,2,710,36979,Kraken,8/11/2024 14:08,14,1125,13,78,25,20,8,21,710,345701,57.124883,-134.700967,57.09655,-134.701617,627.2784,60,2.4,5,,3,1,7,2,10
2024,603,2,710,36979,Kraken,8/11/2024 14:08,14,1125,13,78,25,20,8,21,710,345701,57.124883,-134.700967,57.09655,-134.701617,627.2784,56,1.9,8,,3,1,7,1,13
2024,603,2,710,36979,Kraken,8/11/2024 14:08,14,1125,13,78,25,20,8,21,710,345701,57.124883,-134.700967,57.09655,-134.701617,627.2784,61,2.2,7,,2,2,7,1,14
2024,603,2,710,36979,Kraken,8/11/2024 14:08,14,1125,13,78,25,20,8,21,710,345701,57.124883,-134.700967,57.09655,-134.701617,627.2784,61,2.8,8,,2,1,7,1,15
2024,603,2,710,36979,Kraken,8/11/2024 14:08,14,1125,13,78,25,20,8,21,710,345701,57.124883,-134.700967,57.09655,-134.701617,627.2784,84,7.1,10,,3,2,7,1,16
2024,603,2,710,36979,Kraken,8/11/2024 14:08,14,1125,13,78,25,20,8,21,710,345701,57.124883,-134.700967,57.09655,-134.701617,627.2784,68,3.4,8,,2,2,7,1,17
2024,603,2,710,36979,Kraken,8/11/2024 14:08,14,1125,13,78,25,20,8,21,710,345701,57.124883,-134.700967,57.09655,-134.701617,627.2784,47,1.1,5,,2,1,1,1,18
2024,603,2,710,36979,Kraken,8/11/2024 14:08,14,1125,13,78,25,20,8,21,710,345701,57.124883,-134.700967,57.09655,-134.701617,627.2784,67,3.1,5,,2,2,7,1,19
2024,603,2,710,36979,Kraken,8/11/2024 14:08,14,1125,13,78,25,20,8,21,710,345701,57.124883,-134.700967,57.09655,-134.701617,627.2784,57,2,6,,2,1,7,1,20
2024,603,2,710,36979,Kraken,8/11/2024 14:08,14,1125,13,78,25,20,8,21,710,345701,57.124883,-134.700967,57.09655,-134.701617,627.2784,55,1.8,7,,3,1,7,1,21
2024,603,2,710,36979,Kraken,8/11/2024 14:08,14,1125,13,78,25,20,8,21,710,345701,57.124883,-134.700967,57.09655,-134.701617,627.2784,75,4.8,28,,1,2,7,1,26
2024,603,2,710,36979,Kraken,8/11/2024 14:08,14,1125,13,78,25,20,8,21,710,345701,57.124883,-134.700967,57.09655,-134.701617,627.2784,62,2.6,6,,3,2,7,1,27
2024,603,2,710,36979,Kraken,8/11/2024 14:08,14,1125,13,78,25,20,8,21,710,345701,57.124883,-134.700967,57.09655,-134.701617,627.2784,62,2.5,9,,2,1,7,1,28
2024,603,2,710,36979,Kraken,8/11/2024 14:08,14,1125,13,78,25,20,8,21,710,345701,57.124883,-134.700967,57.09655,-134.701617,627.2784,53,1.6,4,,3,1,1,1,29
2024,603,2,710,36979,Kraken,8/11/2024 14:08,14,1125,13,78,25,20,8,21,710,345701,57.124883,-134.700967,57.09655,-134.701617,627.2784,65,2.9,10,,2,2,7,1,30
2024,603,2,710,36979,Kraken,8/11/2024 14:08,14,1125,13,78,25,20,8,21,710,345701,57.124883,-134.700967,57.09655,-134.701617,627.2784,64,3,7,,1,2,7,1,31
2024,603,2,710,36979,Kraken,8/11/2024 14:08,14,1125,13,78,25,20,8,21,710,345701,57.124883,-134.700967,57.09655,-134.701617,627.2784,67,3.3,8,,2,2,7,1,32
2024,603,2,710,36979,Kraken,8/11/2024 14:08,14,1125,13,78,25,20,8,21,710,345701,57.124883,-134.700967,57.09655,-134.701617,627.2784,70,3.6,6,,3,2,7,1,33
2024,603,2,710,36979,Kraken,8/12/2024 9:33,14,1125,13,78,25,20,9,22,710,345701,57.16802,-134.78773,57.1925,-134.80775,574.2432,55,1.6,6,,2,2,1,1,1
2024,603,2,710,36979,Kraken,8/12/2024 9:33,14,1125,13,78,25,20,9,22,710,345701,57.16802,-134.78773,57.1925,-134.80775,574.2432,63,2.7,7,,3,1,7,4,2
2024,603,2,710,36979,Kraken,8/12/2024 9:33,14,1125,13,78,25,20,9,22,710,345701,57.16802,-134.78773,57.1925,-134.80775,574.2432,53,1.6,8,,2,1,7,2,3
2024,603,2,710,36979,Kraken,8/12/2024 9:33,14,1125,13,78,25,20,9,22,710,345701,57.16802,-134.78773,57.1925,-134.80775,574.2432,57,2,6,,2,1,7,2,4
2024,603,2,710,36979,Kraken,8/12/2024 9:33,14,1125,13,78,25,20,9,22,710,345701,57.16802,-134.78773,57.1925,-134.80775,574.2432,62,2.5,6,,2,2,7,1,5
2024,603,2,710,36979,Kraken,8/12/2024 9:33,14,1125,13,78,25,20,9,22,710,345701,57.16802,-134.78773,57.1925,-134.80775,574.2432,67,3.2,8,,3,2,7,1,6
2024,603,2,710,36979,Kraken,8/12/2024 9:33,14,1125,13,78,25,20,9,22,710,345701,57.16802,-134.78773,57.1925,-134.80775,574.2432,53,1.5,4,,3,1,7,3,10
2024,603,2,710,36979,Kraken,8/12/2024 9:33,14,1125,13,78,25,20,9,22,710,345701,57.16802,-134.78773,57.1925,-134.80775,574.2432,57,1.7,5,,3,1,7,1,12
2024,603,2,710,36979,Kraken,8/12/2024 9:33,14,1125,13,78,25,20,9,22,710,345701,57.16802,-134.78773,57.1925,-134.80775,574.2432,51,1.4,4,,3,1,1,1,14
2024,603,2,710,36979,Kraken,8/12/2024 9:33,14,1125,13,78,25,20,9,22,710,345701,57.16802,-134.78773,57.1925,-134.80775,574.2432,58,2.1,9,,3,1,7,3,16
2024,603,2,710,36979,Kraken,8/12/2024 9:33,14,1125,13,78,25,20,9,22,710,345701,57.16802,-134.78773,57.1925,-134.80775,574.2432,64,2.8,5,,3,2,7,1,18
2024,603,2,710,36979,Kraken,8/12/2024 9:33,14,1125,13,78,25,20,9,22,710,345701,57.16802,-134.78773,57.1925,-134.80775,574.2432,79,6,26,,3,2,7,1,20
2024,603,2,710,36979,Kraken,8/12/2024 9:33,14,1125,13,78,25,20,9,22,710,345701,57.16802,-134.78773,57.1925,-134.80775,574.2432,66,3,7,,2,2,7,2,21
2024,603,2,710,36979,Kraken,8/12/2024 9:33,14,1125,13,78,25,20,9,22,710,345701,57.16802,-134.78773,57.1925,-134.80775,574.2432,58,1.9,6,,2,1,7,1,26
2024,603,2,710,36979,Kraken,8/12/2024 9:33,14,1125,13,78,25,20,9,22,710,345701,57.16802,-134.78773,57.1925,-134.80775,574.2432,61,2.6,8,,2,2,7,1,27
2024,603,2,710,36979,Kraken,8/12/2024 9:33,14,1125,13,78,25,20,9,22,710,345701,57.16802,-134.78773,57.1925,-134.80775,574.2432,64,2.8,9,,2,2,7,1,28
2024,603,2,710,36979,Kraken,8/13/2024 15:11,14,1125,13,78,25,20,10,23,710,345701,57.216067,-134.682183,57.192033,-134.689517,735.1776,61,2.3,7,,3,2,1,1,1
2024,603,2,710,36979,Kraken,8/13/2024 15:11,14,1125,13,78,25,20,10,23,710,345701,57.216067,-134.682183,57.192033,-134.689517,735.1776,57,1.8,4,,3,1,7,4,3
2024,603,2,710,36979,Kraken,8/13/2024 15:11,14,1125,13,78,25,20,10,23,710,345701,57.216067,-134.682183,57.192033,-134.689517,735.1776,66,3.3,10,,3,2,7,4,4
2024,603,2,710,36979,Kraken,8/13/2024 15:11,14,1125,13,78,25,20,10,23,710,345701,57.216067,-134.682183,57.192033,-134.689517,735.1776,65,3.3,8,,3,2,7,4,6
2024,603,2,710,36979,Kraken,8/13/2024 15:11,14,1125,13,78,25,20,10,23,710,345701,57.216067,-134.682183,57.192033,-134.689517,735.1776,65,3.1,6,,2,2,7,1,7
2024,603,2,710,36979,Kraken,8/13/2024 15:11,14,1125,13,78,25,20,10,23,710,345701,57.216067,-134.682183,57.192033,-134.689517,735.1776,56,1.9,7,,3,1,7,1,8
2024,603,2,710,36979,Kraken,8/13/2024 15:11,14,1125,13,78,25,20,10,23,710,345701,57.216067,-134.682183,57.192033,-134.689517,735.1776,68,3,5,,2,2,7,1,12
2024,603,2,710,36979,Kraken,8/13/2024 15:11,14,1125,13,78,25,20,10,23,710,345701,57.216067,-134.682183,57.192033,-134.689517,735.1776,59,1.9,8,,3,1,7,1,14
2024,603,2,710,36979,Kraken,8/13/2024 15:11,14,1125,13,78,25,20,10,23,710,345701,57.216067,-134.682183,57.192033,-134.689517,735.1776,57,1.9,8,,3,2,1,1,16
2024,603,2,710,36979,Kraken,8/13/2024 15:11,14,1125,13,78,25,20,10,23,710,345701,57.216067,-134.682183,57.192033,-134.689517,735.1776,67,3,15,,2,1,7,1,20
2024,603,2,710,36979,Kraken,8/13/2024 15:11,14,1125,13,78,25,20,10,23,710,345701,57.216067,-134.682183,57.192033,-134.689517,735.1776,67,3.2,9,,2,2,7,1,22
2024,603,2,710,36979,Kraken,8/13/2024 15:11,14,1125,13,78,25,20,10,23,710,345701,57.216067,-134.682183,57.192033,-134.689517,735.1776,71,3.7,9,,3,2,7,1,24
2024,603,2,710,36979,Kraken,8/12/2024 19:31,14,1125,13,78,25,20,11,24,710,345701,57.232116,-134.67976,57.2567,-134.675016,411.48,59,2.3,12,,2,1,7,2,1
2024,603,2,710,36979,Kraken,8/12/2024 19:31,14,1125,13,78,25,20,11,24,710,345701,57.232116,-134.67976,57.2567,-134.675016,411.48,65,2.8,9,,2,1,7,4,2
2024,603,2,710,36979,Kraken,8/12/2024 19:31,14,1125,13,78,25,20,11,24,710,345701,57.232116,-134.67976,57.2567,-134.675016,411.48,62,2.7,7,,3,2,7,2,3
2024,603,2,710,36979,Kraken,8/12/2024 19:31,14,1125,13,78,25,20,11,24,710,345701,57.232116,-134.67976,57.2567,-134.675016,411.48,62,2.6,9,,2,1,7,2,4
2024,603,2,710,36979,Kraken,8/12/2024 19:31,14,1125,13,78,25,20,11,24,710,345701,57.232116,-134.67976,57.2567,-134.675016,411.48,62,2.8,7,,2,1,7,1,7
2024,603,2,710,36979,Kraken,8/12/2024 19:31,14,1125,13,78,25,20,11,24,710,345701,57.232116,-134.67976,57.2567,-134.675016,411.48,66,2.9,9,,3,2,7,1,9
2024,603,2,710,36979,Kraken,8/12/2024 19:31,14,1125,13,78,25,20,11,24,710,345701,57.232116,-134.67976,57.2567,-134.675016,411.48,65,2.8,7,,3,1,7,1,10
2024,603,2,710,36979,Kraken,8/12/2024 19:31,14,1125,13,78,25,20,11,24,710,345701,57.232116,-134.67976,57.2567,-134.675016,411.48,61,2.1,18,,3,1,7,1,11
2024,603,2,710,36979,Kraken,8/12/2024 19:31,14,1125,13,78,25,20,11,24,710,345701,57.232116,-134.67976,57.2567,-134.675016,411.48,73,3.9,16,,3,1,7,1,13
2024,603,2,710,36979,Kraken,8/12/2024 19:31,14,1125,13,78,25,20,11,24,710,345701,57.232116,-134.67976,57.2567,-134.675016,411.48,65,2.7,7,,3,1,7,1,14
2024,603,2,710,36979,Kraken,8/12/2024 19:31,14,1125,13,78,25,20,11,24,710,345701,57.232116,-134.67976,57.2567,-134.675016,411.48,65,2.8,10,,2,1,7,1,15
2024,603,2,710,36979,Kraken,8/12/2024 19:31,14,1125,13,78,25,20,11,24,710,345701,57.232116,-134.67976,57.2567,-134.675016,411.48,63,2.7,7,,3,1,7,1,16
2024,603,2,710,36979,Kraken,8/12/2024 19:31,14,1125,13,78,25,20,11,24,710,345701,57.232116,-134.67976,57.2567,-134.675016,411.48,63,3.1,7,,2,2,7,1,25
2024,603,2,710,36979,Kraken,8/13/2024 9:51,14,1125,13,78,25,20,12,25,710,345701,57.276417,-134.664533,57.302317,-134.665967,497.4336,81,5.8,15,,2,2,7,1,1
2024,603,2,710,36979,Kraken,8/13/2024 9:51,14,1125,13,78,25,20,12,25,710,345701,57.276417,-134.664533,57.302317,-134.665967,497.4336,64,2.8,12,,2,2,7,1,2
2024,603,2,710,36979,Kraken,8/13/2024 9:51,14,1125,13,78,25,20,12,25,710,345701,57.276417,-134.664533,57.302317,-134.665967,497.4336,72,3.4,14,,2,1,7,1,3
2024,603,2,710,36979,Kraken,8/13/2024 9:51,14,1125,13,78,25,20,12,25,710,345701,57.276417,-134.664533,57.302317,-134.665967,497.4336,62,2.3,8,,2,2,7,1,5
2024,603,2,710,36979,Kraken,8/13/2024 9:51,14,1125,13,78,25,20,12,25,710,345701,57.276417,-134.664533,57.302317,-134.665967,497.4336,60,2.1,6,,2,1,7,2,6
2024,603,2,710,36979,Kraken,8/13/2024 9:51,14,1125,13,78,25,20,12,25,710,345701,57.276417,-134.664533,57.302317,-134.665967,497.4336,63,3.2,8,,3,1,7,1,7
2024,603,2,710,36979,Kraken,8/13/2024 9:51,14,1125,13,78,25,20,12,25,710,345701,57.276417,-134.664533,57.302317,-134.665967,497.4336,60,2.5,7,,2,1,7,1,8
2024,603,2,710,36979,Kraken,8/13/2024 9:51,14,1125,13,78,25,20,12,25,710,345701,57.276417,-134.664533,57.302317,-134.665967,497.4336,70,3.5,11,,3,2,7,1,10
2024,603,2,710,36979,Kraken,8/13/2024 9:51,14,1125,13,78,25,20,12,25,710,345701,57.276417,-134.664533,57.302317,-134.665967,497.4336,68,3.2,8,,2,2,7,1,11
2024,603,2,710,36979,Kraken,8/13/2024 9:51,14,1125,13,78,25,20,12,25,710,345701,57.276417,-134.664533,57.302317,-134.665967,497.4336,60,1.9,6,,2,1,7,1,12
2024,603,2,710,36979,Kraken,8/13/2024 9:51,14,1125,13,78,25,20,12,25,710,345701,57.276417,-134.664533,57.302317,-134.665967,497.4336,58,2.3,10,,2,1,7,1,14
2024,603,2,710,36979,Kraken,8/13/2024 9:51,14,1125,13,78,25,20,12,25,710,345701,57.276417,-134.664533,57.302317,-134.665967,497.4336,74,4.4,8,,2,2,7,1,17
2024,603,2,710,36979,Kraken,8/13/2024 9:51,14,1125,13,78,25,20,12,25,710,345701,57.276417,-134.664533,57.302317,-134.665967,497.4336,60,2.3,5,,2,2,7,4,18
2024,603,2,710,36979,Kraken,8/13/2024 9:51,14,1125,13,78,25,20,12,25,710,345701,57.276417,-134.664533,57.302317,-134.665967,497.4336,,,4,,2,1,7,1,19
2024,603,2,710,36979,Kraken,8/13/2024 9:51,14,1125,13,78,25,20,12,25,710,345701,57.276417,-134.664533,57.302317,-134.665967,497.4336,58,2.2,5,,2,2,1,1,22
2024,603,2,710,36979,Kraken,8/13/2024 9:51,14,1125,13,78,25,20,12,25,710,345701,57.276417,-134.664533,57.302317,-134.665967,497.4336,62,2.4,5,,2,1,7,1,23
2024,603,2,710,36979,Kraken,8/13/2024 9:51,14,1125,13,78,25,20,12,25,710,345701,57.276417,-134.664533,57.302317,-134.665967,497.4336,51,1.3,5,,3,1,1,1,24
2024,603,2,710,36979,Kraken,8/13/2024 9:51,14,1125,13,78,25,20,12,25,710,345701,57.276417,-134.664533,57.302317,-134.665967,497.4336,70,3.8,7,,3,2,7,1,27
2024,603,2,710,36979,Kraken,8/13/2024 9:51,14,1125,13,78,25,20,12,25,710,345701,57.276417,-134.664533,57.302317,-134.665967,497.4336,62,2.7,6,,2,2,7,1,28
2024,603,2,710,36979,Kraken,8/13/2024 9:51,14,1125,13,78,25,20,12,25,710,345701,57.276417,-134.664533,57.302317,-134.665967,497.4336,68,3.2,9,,2,2,7,4,29
2024,603,2,710,36979,Kraken,8/13/2024 13:43,14,1125,13,78,25,20,13,27,710,345701,57.310967,-134.7952,57.3376,-134.712067,554.1264,66,3,9,,2,2,7,1,1
2024,603,2,710,36979,Kraken,8/13/2024 13:43,14,1125,13,78,25,20,13,27,710,345701,57.310967,-134.7952,57.3376,-134.712067,554.1264,61,2.3,10,,2,1,7,3,2
2024,603,2,710,36979,Kraken,8/13/2024 13:43,14,1125,13,78,25,20,13,27,710,345701,57.310967,-134.7952,57.3376,-134.712067,554.1264,65,3,7,,3,1,7,1,3
2024,603,2,710,36979,Kraken,8/13/2024 13:43,14,1125,13,78,25,20,13,27,710,345701,57.310967,-134.7952,57.3376,-134.712067,554.1264,68,3.1,7,,2,2,7,1,4
2024,603,2,710,36979,Kraken,8/13/2024 13:43,14,1125,13,78,25,20,13,27,710,345701,57.310967,-134.7952,57.3376,-134.712067,554.1264,62,2.9,10,,2,1,7,1,10
2024,603,2,710,36979,Kraken,8/13/2024 13:43,14,1125,13,78,25,20,13,27,710,345701,57.310967,-134.7952,57.3376,-134.712067,554.1264,64,2.8,10,,2,2,7,1,11
2024,603,2,710,36979,Kraken,8/13/2024 13:43,14,1125,13,78,25,20,13,27,710,345701,57.310967,-134.7952,57.3376,-134.712067,554.1264,62,2.5,10,,2,1,7,4,12
2024,603,2,710,36979,Kraken,8/13/2024 13:43,14,1125,13,78,25,20,13,27,710,345701,57.310967,-134.7952,57.3376,-134.712067,554.1264,67,3,7,,3,2,7,1,13
2024,603,2,710,36979,Kraken,8/13/2024 13:43,14,1125,13,78,25,20,13,27,710,345701,57.310967,-134.7952,57.3376,-134.712067,554.1264,68,3.3,7,,2,2,7,1,14
2024,603,2,710,36979,Kraken,8/13/2024 13:43,14,1125,13,78,25,20,13,27,710,345701,57.310967,-134.7952,57.3376,-134.712067,554.1264,64,2.6,6,,2,2,7,1,17
2024,603,2,710,36979,Kraken,8/13/2024 13:43,14,1125,13,78,25,20,13,27,710,345701,57.310967,-134.7952,57.3376,-134.712067,554.1264,64,3.1,9,,3,2,7,1,21
2024,603,2,710,36979,Kraken,8/13/2024 13:43,14,1125,13,78,25,20,13,27,710,345701,57.310967,-134.7952,57.3376,-134.712067,554.1264,79,4.8,9,,2,2,7,1,22
2024,603,2,710,36979,Kraken,8/13/2024 13:43,14,1125,13,78,25,20,13,27,710,345701,57.310967,-134.7952,57.3376,-134.712067,554.1264,61,2.3,12,,2,1,7,1,25
2024,603,2,710,36979,Kraken,8/13/2024 13:43,14,1125,13,78,25,20,13,27,710,345701,57.310967,-134.7952,57.3376,-134.712067,554.1264,61,2.5,8,,3,2,7,1,26
2024,603,2,710,36979,Kraken,8/13/2024 13:43,14,1125,13,78,25,20,13,27,710,345701,57.310967,-134.7952,57.3376,-134.712067,554.1264,63,2.7,10,,2,2,7,1,29
2024,603,2,710,36979,Kraken,8/13/2024 13:43,14,1125,13,78,25,20,13,27,710,345701,57.310967,-134.7952,57.3376,-134.712067,554.1264,62,2.9,9,,2,2,7,1,30
2024,603,2,710,36979,Kraken,8/13/2024 13:43,14,1125,13,78,25,20,13,27,710,345701,57.310967,-134.7952,57.3376,-134.712067,554.1264,75,4.6,7,,3,2,7,1,32
2024,603,2,710,36979,Kraken,8/13/2024 17:25,14,1125,13,78,25,20,14,28,710,345701,57.341083,-134.74833,57.317067,-134.746933,678.4848,65,3,8,,2,2,7,1,1
2024,603,2,710,36979,Kraken,8/13/2024 17:25,14,1125,13,78,25,20,14,28,710,345701,57.341083,-134.74833,57.317067,-134.746933,678.4848,69,3.7,10,,3,2,7,1,2
2024,603,2,710,36979,Kraken,8/13/2024 17:25,14,1125,13,78,25,20,14,28,710,345701,57.341083,-134.74833,57.317067,-134.746933,678.4848,63,2.8,11,,3,2,7,4,4
2024,603,2,710,36979,Kraken,8/13/2024 17:25,14,1125,13,78,25,20,14,28,710,345701,57.341083,-134.74833,57.317067,-134.746933,678.4848,58,2.3,9,,3,1,7,1,6
2024,603,2,710,36979,Kraken,8/13/2024 17:25,14,1125,13,78,25,20,14,28,710,345701,57.341083,-134.74833,57.317067,-134.746933,678.4848,70,3.6,7,,3,2,7,1,7
2024,603,2,710,36979,Kraken,8/13/2024 17:25,14,1125,13,78,25,20,14,28,710,345701,57.341083,-134.74833,57.317067,-134.746933,678.4848,69,3.9,9,,2,2,7,1,8
2024,603,2,710,36979,Kraken,8/13/2024 17:25,14,1125,13,78,25,20,14,28,710,345701,57.341083,-134.74833,57.317067,-134.746933,678.4848,67,2.9,7,,2,1,7,1,9
2024,603,2,710,36979,Kraken,8/13/2024 17:25,14,1125,13,78,25,20,14,28,710,345701,57.341083,-134.74833,57.317067,-134.746933,678.4848,70,3.3,6,,3,2,7,1,11
2024,603,2,710,36979,Kraken,8/13/2024 17:25,14,1125,13,78,25,20,14,28,710,345701,57.341083,-134.74833,57.317067,-134.746933,678.4848,63,3.1,9,,2,2,7,4,13
2024,603,2,710,36979,Kraken,8/13/2024 17:25,14,1125,13,78,25,20,14,28,710,345701,57.341083,-134.74833,57.317067,-134.746933,678.4848,57,2,9,,2,1,7,1,14
2024,603,2,710,36979,Kraken,8/13/2024 17:25,14,1125,13,78,25,20,14,28,710,345701,57.341083,-134.74833,57.317067,-134.746933,678.4848,65,2.8,9,,2,2,7,1,17
2024,603,2,710,36979,Kraken,8/13/2024 17:25,14,1125,13,78,25,20,14,28,710,345701,57.341083,-134.74833,57.317067,-134.746933,678.4848,71,3.8,9,,2,2,7,1,22
2024,603,2,710,36979,Kraken,8/13/2024 17:25,14,1125,13,78,25,20,14,28,710,345701,57.341083,-134.74833,57.317067,-134.746933,678.4848,63,2.7,8,,2,2,7,1,25
2024,603,2,710,36979,Kraken,8/13/2024 17:25,14,1125,13,78,25,20,14,28,710,345701,57.341083,-134.74833,57.317067,-134.746933,678.4848,51,1.4,7,,2,2,1,1,28
2024,603,2,710,36979,Kraken,8/13/2024 17:25,14,1125,13,78,25,20,14,28,710,345701,57.341083,-134.74833,57.317067,-134.746933,678.4848,68,3.6,7,,2,2,7,1,29
2024,603,2,710,36979,Kraken,8/13/2024 17:25,14,1125,13,78,25,20,14,28,710,345701,57.341083,-134.74833,57.317067,-134.746933,678.4848,55,1.7,7,,2,1,1,1,32
2024,603,2,710,36979,Kraken,8/13/2024 17:25,14,1125,13,78,25,20,14,28,710,345701,57.341083,-134.74833,57.317067,-134.746933,678.4848,70,3.6,7,,2,2,7,1,34
2024,603,3,710,26017,Ida June,8/9/2024 9:34,14,1125,13,78,25,25,1,46,710,345731,57.8037,-134.8104,57.8291,-134.8146,479.1456,55,1.6,5,,2,1,1,1,1
2024,603,3,710,26017,Ida June,8/9/2024 9:34,14,1125,13,78,25,25,1,46,710,345731,57.8037,-134.8104,57.8291,-134.8146,479.1456,59,2.2,5,,2,2,7,1,2
2024,603,3,710,26017,Ida June,8/9/2024 9:34,14,1125,13,78,25,25,1,46,710,345731,57.8037,-134.8104,57.8291,-134.8146,479.1456,64,2.5,6,,2,2,7,1,3
2024,603,3,710,26017,Ida June,8/9/2024 9:34,14,1125,13,78,25,25,1,46,710,345731,57.8037,-134.8104,57.8291,-134.8146,479.1456,54,1.7,4,,2,1,1,1,4
2024,603,3,710,26017,Ida June,8/9/2024 9:34,14,1125,13,78,25,25,1,46,710,345731,57.8037,-134.8104,57.8291,-134.8146,479.1456,63,2.7,5,,2,2,7,1,5
2024,603,3,710,26017,Ida June,8/9/2024 9:34,14,1125,13,78,25,25,1,46,710,345731,57.8037,-134.8104,57.8291,-134.8146,479.1456,53,1.8,5,,2,1,7,1,6
2024,603,3,710,26017,Ida June,8/9/2024 9:34,14,1125,13,78,25,25,1,46,710,345731,57.8037,-134.8104,57.8291,-134.8146,479.1456,60,2.3,11,,2,1,7,1,7
2024,603,3,710,26017,Ida June,8/9/2024 9:34,14,1125,13,78,25,25,1,46,710,345731,57.8037,-134.8104,57.8291,-134.8146,479.1456,52,1.5,6,,3,1,7,4,8
2024,603,3,710,26017,Ida June,8/9/2024 9:34,14,1125,13,78,25,25,1,46,710,345731,57.8037,-134.8104,57.8291,-134.8146,479.1456,56,2.3,4,,3,1,1,1,9
2024,603,3,710,26017,Ida June,8/9/2024 9:34,14,1125,13,78,25,25,1,46,710,345731,57.8037,-134.8104,57.8291,-134.8146,479.1456,54,1.8,6,,2,1,1,4,10
2024,603,3,710,26017,Ida June,8/9/2024 9:34,14,1125,13,78,25,25,1,46,710,345731,57.8037,-134.8104,57.8291,-134.8146,479.1456,67,3,10,,2,1,7,1,12
2024,603,3,710,26017,Ida June,8/9/2024 9:34,14,1125,13,78,25,25,1,46,710,345731,57.8037,-134.8104,57.8291,-134.8146,479.1456,61,2.4,7,,2,2,7,1,13
2024,603,3,710,26017,Ida June,8/9/2024 9:34,14,1125,13,78,25,25,1,46,710,345731,57.8037,-134.8104,57.8291,-134.8146,479.1456,65,2.7,6,,2,2,7,1,14
2024,603,3,710,26017,Ida June,8/9/2024 9:34,14,1125,13,78,25,25,1,46,710,345731,57.8037,-134.8104,57.8291,-134.8146,479.1456,54,1.7,5,,2,1,1,1,15
2024,603,3,710,26017,Ida June,8/9/2024 9:34,14,1125,13,78,25,25,1,46,710,345731,57.8037,-134.8104,57.8291,-134.8146,479.1456,81,5.2,25,,2,2,7,1,16
2024,603,3,710,26017,Ida June,8/9/2024 9:34,14,1125,13,78,25,25,1,46,710,345731,57.8037,-134.8104,57.8291,-134.8146,479.1456,54,1.7,7,,3,2,7,1,17
2024,603,3,710,26017,Ida June,8/9/2024 9:34,14,1125,13,78,25,25,1,46,710,345731,57.8037,-134.8104,57.8291,-134.8146,479.1456,52,1.6,6,,2,1,1,6,18
2024,603,3,710,26017,Ida June,8/9/2024 9:34,14,1125,13,78,25,25,1,46,710,345731,57.8037,-134.8104,57.8291,-134.8146,479.1456,62,2.5,7,,3,1,7,1,19
2024,603,3,710,26017,Ida June,8/9/2024 9:34,14,1125,13,78,25,25,1,46,710,345731,57.8037,-134.8104,57.8291,-134.8146,479.1456,72,4,9,,2,2,7,1,20
2024,603,3,710,26017,Ida June,8/9/2024 9:34,14,1125,13,78,25,25,1,46,710,345731,57.8037,-134.8104,57.8291,-134.8146,479.1456,59,2.3,8,,2,1,7,1,21
2024,603,3,710,26017,Ida June,8/9/2024 9:34,14,1125,13,78,25,25,1,46,710,345731,57.8037,-134.8104,57.8291,-134.8146,479.1456,63,2.5,7,,2,2,7,1,22
2024,603,3,710,26017,Ida June,8/9/2024 9:34,14,1125,13,78,25,25,1,46,710,345731,57.8037,-134.8104,57.8291,-134.8146,479.1456,52,1.3,5,,3,1,1,1,23
2024,603,3,710,26017,Ida June,8/9/2024 12:36,14,1125,13,78,25,25,2,51,710,345731,57.91791,-134.7965,57.9442,-134.8028,508.4064,67,2.9,11,,3,2,7,1,2
2024,603,3,710,26017,Ida June,8/9/2024 12:36,14,1125,13,78,25,25,2,51,710,345731,57.91791,-134.7965,57.9442,-134.8028,508.4064,53,1.5,5,,3,1,1,1,4
2024,603,3,710,26017,Ida June,8/9/2024 12:36,14,1125,13,78,25,25,2,51,710,345731,57.91791,-134.7965,57.9442,-134.8028,508.4064,55,2,8,,2,1,7,1,6
2024,603,3,710,26017,Ida June,8/9/2024 12:36,14,1125,13,78,25,25,2,51,710,345731,57.91791,-134.7965,57.9442,-134.8028,508.4064,57,1.9,4,,3,1,7,1,7
2024,603,3,710,26017,Ida June,8/9/2024 12:36,14,1125,13,78,25,25,2,51,710,345731,57.91791,-134.7965,57.9442,-134.8028,508.4064,59,1.9,5,,3,1,7,2,8
2024,603,3,710,26017,Ida June,8/9/2024 12:36,14,1125,13,78,25,25,2,51,710,345731,57.91791,-134.7965,57.9442,-134.8028,508.4064,65,3,7,,2,2,7,1,9
2024,603,3,710,26017,Ida June,8/9/2024 12:36,14,1125,13,78,25,25,2,51,710,345731,57.91791,-134.7965,57.9442,-134.8028,508.4064,51,1.4,6,,3,1,1,1,10
2024,603,3,710,26017,Ida June,8/9/2024 12:36,14,1125,13,78,25,25,2,51,710,345731,57.91791,-134.7965,57.9442,-134.8028,508.4064,72,4.5,15,,2,1,7,1,11
2024,603,3,710,26017,Ida June,8/9/2024 12:36,14,1125,13,78,25,25,2,51,710,345731,57.91791,-134.7965,57.9442,-134.8028,508.4064,72,4,16,,2,2,7,1,12
2024,603,3,710,26017,Ida June,8/9/2024 12:36,14,1125,13,78,25,25,2,51,710,345731,57.91791,-134.7965,57.9442,-134.8028,508.4064,67,3.2,13,,2,1,7,1,13
2024,603,3,710,26017,Ida June,8/9/2024 12:36,14,1125,13,78,25,25,2,51,710,345731,57.91791,-134.7965,57.9442,-134.8028,508.4064,59,2.1,5,,3,1,7,1,14
2024,603,3,710,26017,Ida June,8/9/2024 12:36,14,1125,13,78,25,25,2,51,710,345731,57.91791,-134.7965,57.9442,-134.8028,508.4064,71,3.9,9,,2,2,7,1,16
2024,603,3,710,26017,Ida June,8/9/2024 12:36,14,1125,13,78,25,25,2,51,710,345731,57.91791,-134.7965,57.9442,-134.8028,508.4064,56,1.7,6,,3,1,7,1,17
2024,603,3,710,26017,Ida June,8/9/2024 12:36,14,1125,13,78,25,25,2,51,710,345731,57.91791,-134.7965,57.9442,-134.8028,508.4064,68,3.3,6,,2,2,7,1,18
2024,603,3,710,26017,Ida June,8/9/2024 12:36,14,1125,13,78,25,25,2,51,710,345731,57.91791,-134.7965,57.9442,-134.8028,508.4064,65,2.8,9,,2,1,7,1,19
2024,603,3,710,26017,Ida June,8/9/2024 12:36,14,1125,13,78,25,25,2,51,710,345731,57.91791,-134.7965,57.9442,-134.8028,508.4064,63,2.5,8,,2,1,7,1,20
2024,603,3,710,26017,Ida June,8/9/2024 12:36,14,1125,13,78,25,25,2,51,710,345731,57.91791,-134.7965,57.9442,-134.8028,508.4064,65,2.5,15,,3,1,7,1,21
2024,603,3,710,26017,Ida June,8/9/2024 12:36,14,1125,13,78,25,25,2,51,710,345731,57.91791,-134.7965,57.9442,-134.8028,508.4064,59,2,6,,2,2,1,1,22
2024,603,3,710,26017,Ida June,8/9/2024 12:36,14,1125,13,78,25,25,2,51,710,345731,57.91791,-134.7965,57.9442,-134.8028,508.4064,64,2.5,6,,2,2,7,1,24
2024,603,3,710,26017,Ida June,8/9/2024 15:47,14,1125,13,78,25,25,3,47,710,345731,57.8455,-134.7655,57.8692,-134.7703,475.488,65,2.8,18,,2,1,7,1,1
2024,603,3,710,26017,Ida June,8/9/2024 15:47,14,1125,13,78,25,25,3,47,710,345731,57.8455,-134.7655,57.8692,-134.7703,475.488,62,2.5,7,,3,2,7,1,2
2024,603,3,710,26017,Ida June,8/9/2024 15:47,14,1125,13,78,25,25,3,47,710,345731,57.8455,-134.7655,57.8692,-134.7703,475.488,59,2.3,8,,2,2,7,1,3
2024,603,3,710,26017,Ida June,8/9/2024 15:47,14,1125,13,78,25,25,3,47,710,345731,57.8455,-134.7655,57.8692,-134.7703,475.488,63,2.7,6,,2,1,7,1,4
2024,603,3,710,26017,Ida June,8/9/2024 15:47,14,1125,13,78,25,25,3,47,710,345731,57.8455,-134.7655,57.8692,-134.7703,475.488,62,2.4,9,,2,1,7,3,5
2024,603,3,710,26017,Ida June,8/9/2024 15:47,14,1125,13,78,25,25,3,47,710,345731,57.8455,-134.7655,57.8692,-134.7703,475.488,63,2.9,8,,3,2,7,1,6
2024,603,3,710,26017,Ida June,8/9/2024 15:47,14,1125,13,78,25,25,3,47,710,345731,57.8455,-134.7655,57.8692,-134.7703,475.488,68,3.6,10,,2,2,7,1,7
2024,603,3,710,26017,Ida June,8/9/2024 15:47,14,1125,13,78,25,25,3,47,710,345731,57.8455,-134.7655,57.8692,-134.7703,475.488,66,2.8,5,,3,2,7,1,8
2024,603,3,710,26017,Ida June,8/9/2024 15:47,14,1125,13,78,25,25,3,47,710,345731,57.8455,-134.7655,57.8692,-134.7703,475.488,70,3.2,9,,2,2,7,1,9
2024,603,3,710,26017,Ida June,8/9/2024 15:47,14,1125,13,78,25,25,3,47,710,345731,57.8455,-134.7655,57.8692,-134.7703,475.488,58,1.9,8,,2,2,7,4,10
2024,603,3,710,26017,Ida June,8/9/2024 15:47,14,1125,13,78,25,25,3,47,710,345731,57.8455,-134.7655,57.8692,-134.7703,475.488,61,2.5,6,,2,2,7,1,11
2024,603,3,710,26017,Ida June,8/9/2024 15:47,14,1125,13,78,25,25,3,47,710,345731,57.8455,-134.7655,57.8692,-134.7703,475.488,62,2.6,8,,3,2,7,3,12
2024,603,3,710,26017,Ida June,8/9/2024 15:47,14,1125,13,78,25,25,3,47,710,345731,57.8455,-134.7655,57.8692,-134.7703,475.488,53,1.4,5,,3,2,9,1,13
2024,603,3,710,26017,Ida June,8/9/2024 15:47,14,1125,13,78,25,25,3,47,710,345731,57.8455,-134.7655,57.8692,-134.7703,475.488,61,2.4,9,,3,1,7,1,14
2024,603,3,710,26017,Ida June,8/9/2024 15:47,14,1125,13,78,25,25,3,47,710,345731,57.8455,-134.7655,57.8692,-134.7703,475.488,56,2,5,,2,1,1,1,15
2024,603,3,710,26017,Ida June,8/9/2024 15:47,14,1125,13,78,25,25,3,47,710,345731,57.8455,-134.7655,57.8692,-134.7703,475.488,61,2.6,9,,2,1,7,1,16
2024,603,3,710,26017,Ida June,8/9/2024 15:47,14,1125,13,78,25,25,3,47,710,345731,57.8455,-134.7655,57.8692,-134.7703,475.488,56,1.9,4,,3,1,1,3,17
2024,603,3,710,26017,Ida June,8/9/2024 15:47,14,1125,13,78,25,25,3,47,710,345731,57.8455,-134.7655,57.8692,-134.7703,475.488,66,3.1,7,,2,2,7,1,18
2024,603,3,710,26017,Ida June,8/9/2024 15:47,14,1125,13,78,25,25,3,47,710,345731,57.8455,-134.7655,57.8692,-134.7703,475.488,70,3.3,10,,3,2,7,1,19
2024,603,3,710,26017,Ida June,8/9/2024 15:47,14,1125,13,78,25,25,3,47,710,345731,57.8455,-134.7655,57.8692,-134.7703,475.488,61,2.3,9,,3,1,7,1,20
2024,603,3,710,26017,Ida June,8/9/2024 15:47,14,1125,13,78,25,25,3,47,710,345731,57.8455,-134.7655,57.8692,-134.7703,475.488,67,3.3,9,,2,2,7,1,21
2024,603,3,710,26017,Ida June,8/9/2024 15:47,14,1125,13,78,25,25,3,47,710,345731,57.8455,-134.7655,57.8692,-134.7703,475.488,62,2.3,4,,3,2,7,4,22
2024,603,3,710,26017,Ida June,8/9/2024 15:47,14,1125,13,78,25,25,3,47,710,345731,57.8455,-134.7655,57.8692,-134.7703,475.488,66,3.3,12,,3,2,7,1,23
2024,603,3,710,26017,Ida June,8/10/2024 9:35,14,1125,13,78,25,25,4,45,710,345731,57.7907,-134.8348,57.7658,-134.8363,534.0096,59,2.1,9,,2,2,7,1,1
2024,603,3,710,26017,Ida June,8/10/2024 9:35,14,1125,13,78,25,25,4,45,710,345731,57.7907,-134.8348,57.7658,-134.8363,534.0096,65,2.8,18,,2,1,7,1,2
2024,603,3,710,26017,Ida June,8/10/2024 9:35,14,1125,13,78,25,25,4,45,710,345731,57.7907,-134.8348,57.7658,-134.8363,534.0096,62,2.2,4,,2,1,7,1,3
2024,603,3,710,26017,Ida June,8/10/2024 9:35,14,1125,13,78,25,25,4,45,710,345731,57.7907,-134.8348,57.7658,-134.8363,534.0096,64,3.4,9,,2,2,7,1,4
2024,603,3,710,26017,Ida June,8/10/2024 9:35,14,1125,13,78,25,25,4,45,710,345731,57.7907,-134.8348,57.7658,-134.8363,534.0096,60,2.2,8,,3,2,7,3,5
2024,603,3,710,26017,Ida June,8/10/2024 9:35,14,1125,13,78,25,25,4,45,710,345731,57.7907,-134.8348,57.7658,-134.8363,534.0096,51,1.1,6,,2,1,1,1,6
2024,603,3,710,26017,Ida June,8/10/2024 9:35,14,1125,13,78,25,25,4,45,710,345731,57.7907,-134.8348,57.7658,-134.8363,534.0096,70,3.1,15,,3,2,7,1,7
2024,603,3,710,26017,Ida June,8/10/2024 9:35,14,1125,13,78,25,25,4,45,710,345731,57.7907,-134.8348,57.7658,-134.8363,534.0096,59,1.9,8,,2,1,7,1,8
2024,603,3,710,26017,Ida June,8/10/2024 9:35,14,1125,13,78,25,25,4,45,710,345731,57.7907,-134.8348,57.7658,-134.8363,534.0096,63,2.3,7,,3,2,7,1,9
2024,603,3,710,26017,Ida June,8/10/2024 9:35,14,1125,13,78,25,25,4,45,710,345731,57.7907,-134.8348,57.7658,-134.8363,534.0096,59,2.1,12,,2,1,7,1,10
2024,603,3,710,26017,Ida June,8/10/2024 9:35,14,1125,13,78,25,25,4,45,710,345731,57.7907,-134.8348,57.7658,-134.8363,534.0096,66,3,6,,3,2,7,1,11
2024,603,3,710,26017,Ida June,8/10/2024 9:35,14,1125,13,78,25,25,4,45,710,345731,57.7907,-134.8348,57.7658,-134.8363,534.0096,65,2.6,5,,3,2,7,1,12
2024,603,3,710,26017,Ida June,8/10/2024 9:35,14,1125,13,78,25,25,4,45,710,345731,57.7907,-134.8348,57.7658,-134.8363,534.0096,69,3.1,24,,2,1,7,1,13
2024,603,3,710,26017,Ida June,8/10/2024 9:35,14,1125,13,78,25,25,4,45,710,345731,57.7907,-134.8348,57.7658,-134.8363,534.0096,55,1.8,10,,3,1,7,1,14
2024,603,3,710,26017,Ida June,8/10/2024 9:35,14,1125,13,78,25,25,4,45,710,345731,57.7907,-134.8348,57.7658,-134.8363,534.0096,59,2.4,7,,2,2,7,1,15
2024,603,3,710,26017,Ida June,8/10/2024 9:35,14,1125,13,78,25,25,4,45,710,345731,57.7907,-134.8348,57.7658,-134.8363,534.0096,63,2.1,8,,2,2,7,1,16
2024,603,3,710,26017,Ida June,8/10/2024 9:35,14,1125,13,78,25,25,4,45,710,345731,57.7907,-134.8348,57.7658,-134.8363,534.0096,61,2.1,8,,2,1,7,1,17
2024,603,3,710,26017,Ida June,8/10/2024 9:35,14,1125,13,78,25,25,4,45,710,345731,57.7907,-134.8348,57.7658,-134.8363,534.0096,72,3.2,9,,3,2,7,1,18
2024,603,3,710,26017,Ida June,8/10/2024 9:35,14,1125,13,78,25,25,4,45,710,345731,57.7907,-134.8348,57.7658,-134.8363,534.0096,53,1.2,5,,3,2,1,1,19
2024,603,3,710,26017,Ida June,8/10/2024 12:26,14,1125,13,78,25,25,5,43,710,345731,57.7395,-134.7625,57.766,-134.7668,524.8656,68,3.6,8,,2,2,7,1,1
2024,603,3,710,26017,Ida June,8/10/2024 12:26,14,1125,13,78,25,25,5,43,710,345731,57.7395,-134.7625,57.766,-134.7668,524.8656,61,2.4,6,,3,2,7,3,2
2024,603,3,710,26017,Ida June,8/10/2024 12:26,14,1125,13,78,25,25,5,43,710,345731,57.7395,-134.7625,57.766,-134.7668,524.8656,57,1.8,6,,2,1,1,1,3
2024,603,3,710,26017,Ida June,8/10/2024 12:26,14,1125,13,78,25,25,5,43,710,345731,57.7395,-134.7625,57.766,-134.7668,524.8656,52,1.5,5,,2,1,1,1,4
2024,603,3,710,26017,Ida June,8/10/2024 12:26,14,1125,13,78,25,25,5,43,710,345731,57.7395,-134.7625,57.766,-134.7668,524.8656,63,2.5,7,,3,2,7,1,5
2024,603,3,710,26017,Ida June,8/10/2024 12:26,14,1125,13,78,25,25,5,43,710,345731,57.7395,-134.7625,57.766,-134.7668,524.8656,70,3.6,13,,2,2,7,1,6
2024,603,3,710,26017,Ida June,8/10/2024 12:26,14,1125,13,78,25,25,5,43,710,345731,57.7395,-134.7625,57.766,-134.7668,524.8656,48,1.2,5,,2,2,1,1,7
2024,603,3,710,26017,Ida June,8/10/2024 12:26,14,1125,13,78,25,25,5,43,710,345731,57.7395,-134.7625,57.766,-134.7668,524.8656,61,2.4,11,,3,1,7,1,8
2024,603,3,710,26017,Ida June,8/10/2024 12:26,14,1125,13,78,25,25,5,43,710,345731,57.7395,-134.7625,57.766,-134.7668,524.8656,59,2,4,,3,2,7,1,9
2024,603,3,710,26017,Ida June,8/10/2024 12:26,14,1125,13,78,25,25,5,43,710,345731,57.7395,-134.7625,57.766,-134.7668,524.8656,56,1.7,5,,3,2,1,1,10
2024,603,3,710,26017,Ida June,8/10/2024 12:26,14,1125,13,78,25,25,5,43,710,345731,57.7395,-134.7625,57.766,-134.7668,524.8656,59,2,7,,3,2,1,1,11
2024,603,3,710,26017,Ida June,8/10/2024 12:26,14,1125,13,78,25,25,5,43,710,345731,57.7395,-134.7625,57.766,-134.7668,524.8656,81,6,27,,2,2,7,1,12
2024,603,3,710,26017,Ida June,8/10/2024 12:26,14,1125,13,78,25,25,5,43,710,345731,57.7395,-134.7625,57.766,-134.7668,524.8656,58,2.1,6,,2,2,1,1,13
2024,603,3,710,26017,Ida June,8/10/2024 12:26,14,1125,13,78,25,25,5,43,710,345731,57.7395,-134.7625,57.766,-134.7668,524.8656,62,2.4,6,,2,2,7,1,14
2024,603,3,710,26017,Ida June,8/10/2024 12:26,14,1125,13,78,25,25,5,43,710,345731,57.7395,-134.7625,57.766,-134.7668,524.8656,57,2,8,,3,1,7,3,15
2024,603,3,710,26017,Ida June,8/10/2024 12:26,14,1125,13,78,25,25,5,43,710,345731,57.7395,-134.7625,57.766,-134.7668,524.8656,59,2.2,7,,3,1,7,1,16
2024,603,3,710,26017,Ida June,8/10/2024 12:26,14,1125,13,78,25,25,5,43,710,345731,57.7395,-134.7625,57.766,-134.7668,524.8656,53,1.6,7,,2,1,1,1,17
2024,603,3,710,26017,Ida June,8/10/2024 12:26,14,1125,13,78,25,25,5,43,710,345731,57.7395,-134.7625,57.766,-134.7668,524.8656,62,2.4,5,,2,2,7,4,18
2024,603,3,710,26017,Ida June,8/10/2024 12:26,14,1125,13,78,25,25,5,43,710,345731,57.7395,-134.7625,57.766,-134.7668,524.8656,57,1.9,7,,2,1,7,1,19
2024,603,3,710,26017,Ida June,8/10/2024 12:26,14,1125,13,78,25,25,5,43,710,345731,57.7395,-134.7625,57.766,-134.7668,524.8656,56,1.8,4,,2,1,1,1,20
2024,603,3,710,26017,Ida June,8/10/2024 12:26,14,1125,13,78,25,25,5,43,710,345731,57.7395,-134.7625,57.766,-134.7668,524.8656,62,2.8,9,,3,1,7,1,21
2024,603,3,710,26017,Ida June,8/10/2024 12:26,14,1125,13,78,25,25,5,43,710,345731,57.7395,-134.7625,57.766,-134.7668,524.8656,58,2,6,,2,1,1,1,22
2024,603,3,710,26017,Ida June,8/10/2024 12:26,14,1125,13,78,25,25,5,43,710,345731,57.7395,-134.7625,57.766,-134.7668,524.8656,73,3.7,19,,3,1,7,1,23
2024,603,3,710,26017,Ida June,8/10/2024 12:26,14,1125,13,78,25,25,5,43,710,345731,57.7395,-134.7625,57.766,-134.7668,524.8656,57,1.9,5,,3,1,7,2,24
2024,603,3,710,26017,Ida June,8/10/2024 14:58,14,1125,13,78,25,25,6,44,710,345731,57.7716,-134.8123,57.745,-134.8128,506.5776,59,2,7,,2,1,7,1,1
2024,603,3,710,26017,Ida June,8/10/2024 14:58,14,1125,13,78,25,25,6,44,710,345731,57.7716,-134.8123,57.745,-134.8128,506.5776,54,1.4,7,,2,2,9,1,2
2024,603,3,710,26017,Ida June,8/10/2024 14:58,14,1125,13,78,25,25,6,44,710,345731,57.7716,-134.8123,57.745,-134.8128,506.5776,53,1.4,5,,3,1,1,1,3
2024,603,3,710,26017,Ida June,8/10/2024 14:58,14,1125,13,78,25,25,6,44,710,345731,57.7716,-134.8123,57.745,-134.8128,506.5776,55,1.4,5,,3,2,1,2,4
2024,603,3,710,26017,Ida June,8/10/2024 14:58,14,1125,13,78,25,25,6,44,710,345731,57.7716,-134.8123,57.745,-134.8128,506.5776,56,1.8,7,,2,2,7,1,5
2024,603,3,710,26017,Ida June,8/10/2024 14:58,14,1125,13,78,25,25,6,44,710,345731,57.7716,-134.8123,57.745,-134.8128,506.5776,60,2.2,7,,3,2,7,1,6
2024,603,3,710,26017,Ida June,8/10/2024 14:58,14,1125,13,78,25,25,6,44,710,345731,57.7716,-134.8123,57.745,-134.8128,506.5776,57,1.9,8,,2,1,7,1,7
2024,603,3,710,26017,Ida June,8/10/2024 14:58,14,1125,13,78,25,25,6,44,710,345731,57.7716,-134.8123,57.745,-134.8128,506.5776,56,1.6,6,,2,1,1,1,9
2024,603,3,710,26017,Ida June,8/10/2024 14:58,14,1125,13,78,25,25,6,44,710,345731,57.7716,-134.8123,57.745,-134.8128,506.5776,61,2.5,6,,3,2,7,1,10
2024,603,3,710,26017,Ida June,8/10/2024 14:58,14,1125,13,78,25,25,6,44,710,345731,57.7716,-134.8123,57.745,-134.8128,506.5776,64,2.7,8,,2,2,7,2,11
2024,603,3,710,26017,Ida June,8/10/2024 14:58,14,1125,13,78,25,25,6,44,710,345731,57.7716,-134.8123,57.745,-134.8128,506.5776,57,1.9,8,,3,2,7,2,12
2024,603,3,710,26017,Ida June,8/10/2024 14:58,14,1125,13,78,25,25,6,44,710,345731,57.7716,-134.8123,57.745,-134.8128,506.5776,67,3.3,14,,2,1,7,1,13
2024,603,3,710,26017,Ida June,8/10/2024 14:58,14,1125,13,78,25,25,6,44,710,345731,57.7716,-134.8123,57.745,-134.8128,506.5776,56,2.1,8,,2,2,7,2,14
2024,603,3,710,26017,Ida June,8/10/2024 14:58,14,1125,13,78,25,25,6,44,710,345731,57.7716,-134.8123,57.745,-134.8128,506.5776,52,1.4,4,,3,1,1,4,16
2024,603,3,710,26017,Ida June,8/10/2024 14:58,14,1125,13,78,25,25,6,44,710,345731,57.7716,-134.8123,57.745,-134.8128,506.5776,62,2.5,10,,3,2,7,1,17
2024,603,3,710,26017,Ida June,8/11/2024 9:51,14,1125,13,78,25,25,7,42,710,345731,57.7112,-134.8821,57.7366,-134.8854,544.9824,63,2.7,7,,2,2,7,1,1
2024,603,3,710,26017,Ida June,8/11/2024 9:51,14,1125,13,78,25,25,7,42,710,345731,57.7112,-134.8821,57.7366,-134.8854,544.9824,55,1.8,5,,2,2,7,1,2
2024,603,3,710,26017,Ida June,8/11/2024 9:51,14,1125,13,78,25,25,7,42,710,345731,57.7112,-134.8821,57.7366,-134.8854,544.9824,55,1.8,7,,2,1,1,1,3
2024,603,3,710,26017,Ida June,8/11/2024 9:51,14,1125,13,78,25,25,7,42,710,345731,57.7112,-134.8821,57.7366,-134.8854,544.9824,60,2.1,6,,2,2,1,1,5
2024,603,3,710,26017,Ida June,8/11/2024 9:51,14,1125,13,78,25,25,7,42,710,345731,57.7112,-134.8821,57.7366,-134.8854,544.9824,55,1.8,4,,2,1,1,1,7
2024,603,3,710,26017,Ida June,8/11/2024 9:51,14,1125,13,78,25,25,7,42,710,345731,57.7112,-134.8821,57.7366,-134.8854,544.9824,57,2.2,5,,3,1,7,1,9
2024,603,3,710,26017,Ida June,8/11/2024 9:51,14,1125,13,78,25,25,7,42,710,345731,57.7112,-134.8821,57.7366,-134.8854,544.9824,63,2.6,6,,3,1,7,1,10
2024,603,3,710,26017,Ida June,8/11/2024 9:51,14,1125,13,78,25,25,7,42,710,345731,57.7112,-134.8821,57.7366,-134.8854,544.9824,67,3.1,11,,2,2,7,1,11
2024,603,3,710,26017,Ida June,8/11/2024 9:51,14,1125,13,78,25,25,7,42,710,345731,57.7112,-134.8821,57.7366,-134.8854,544.9824,61,2.3,8,,3,1,7,1,12
2024,603,3,710,26017,Ida June,8/11/2024 9:51,14,1125,13,78,25,25,7,42,710,345731,57.7112,-134.8821,57.7366,-134.8854,544.9824,54,1.8,5,,3,2,1,1,13
2024,603,3,710,26017,Ida June,8/11/2024 9:51,14,1125,13,78,25,25,7,42,710,345731,57.7112,-134.8821,57.7366,-134.8854,544.9824,66,3,7,,2,1,7,1,14
2024,603,3,710,26017,Ida June,8/11/2024 9:51,14,1125,13,78,25,25,7,42,710,345731,57.7112,-134.8821,57.7366,-134.8854,544.9824,55,2,5,,2,2,1,3,15
2024,603,3,710,26017,Ida June,8/11/2024 9:51,14,1125,13,78,25,25,7,42,710,345731,57.7112,-134.8821,57.7366,-134.8854,544.9824,56,1.8,10,,2,1,7,2,16
2024,603,3,710,26017,Ida June,8/11/2024 9:51,14,1125,13,78,25,25,7,42,710,345731,57.7112,-134.8821,57.7366,-134.8854,544.9824,62,2.3,7,,3,2,1,1,17
2024,603,3,710,26017,Ida June,8/11/2024 9:51,14,1125,13,78,25,25,7,42,710,345731,57.7112,-134.8821,57.7366,-134.8854,544.9824,63,2.6,9,,3,2,7,1,18
2024,603,3,710,26017,Ida June,8/11/2024 9:51,14,1125,13,78,25,25,7,42,710,345731,57.7112,-134.8821,57.7366,-134.8854,544.9824,68,3.2,7,,2,2,7,1,19
2024,603,3,710,26017,Ida June,8/11/2024 9:51,14,1125,13,78,25,25,7,42,710,345731,57.7112,-134.8821,57.7366,-134.8854,544.9824,65,2.6,6,,3,2,7,1,20
2024,603,3,710,26017,Ida June,8/11/2024 9:51,14,1125,13,78,25,25,7,42,710,345731,57.7112,-134.8821,57.7366,-134.8854,544.9824,59,2.3,8,,2,1,7,1,23
2024,603,3,710,26017,Ida June,8/11/2024 9:51,14,1125,13,78,25,25,7,42,710,345731,57.7112,-134.8821,57.7366,-134.8854,544.9824,55,1.7,5,,2,1,1,1,27
2024,603,3,710,26017,Ida June,8/11/2024 9:51,14,1125,13,78,25,25,7,42,710,345731,57.7112,-134.8821,57.7366,-134.8854,544.9824,62,2.5,6,,3,2,7,4,28
2024,603,3,710,26017,Ida June,8/11/2024 12:04,14,1125,13,78,25,25,8,41,710,345731,57.6903,-134.8356,57.6945,-134.8841,532.1808,58,1.8,3,,2,2,7,1,1
2024,603,3,710,26017,Ida June,8/11/2024 12:04,14,1125,13,78,25,25,8,41,710,345731,57.6903,-134.8356,57.6945,-134.8841,532.1808,53,1.5,4,,3,2,1,1,2
2024,603,3,710,26017,Ida June,8/11/2024 12:04,14,1125,13,78,25,25,8,41,710,345731,57.6903,-134.8356,57.6945,-134.8841,532.1808,69,3.3,11,,3,2,7,1,3
2024,603,3,710,26017,Ida June,8/11/2024 12:04,14,1125,13,78,25,25,8,41,710,345731,57.6903,-134.8356,57.6945,-134.8841,532.1808,57,2,5,,2,1,7,1,4
2024,603,3,710,26017,Ida June,8/11/2024 12:04,14,1125,13,78,25,25,8,41,710,345731,57.6903,-134.8356,57.6945,-134.8841,532.1808,53,1.4,6,,2,2,1,1,5
2024,603,3,710,26017,Ida June,8/11/2024 12:04,14,1125,13,78,25,25,8,41,710,345731,57.6903,-134.8356,57.6945,-134.8841,532.1808,61,2.4,4,,3,2,7,1,6
2024,603,3,710,26017,Ida June,8/11/2024 12:04,14,1125,13,78,25,25,8,41,710,345731,57.6903,-134.8356,57.6945,-134.8841,532.1808,56,1.8,7,,2,1,1,1,7
2024,603,3,710,26017,Ida June,8/11/2024 12:04,14,1125,13,78,25,25,8,41,710,345731,57.6903,-134.8356,57.6945,-134.8841,532.1808,48,1,4,,2,1,1,1,8
2024,603,3,710,26017,Ida June,8/11/2024 12:04,14,1125,13,78,25,25,8,41,710,345731,57.6903,-134.8356,57.6945,-134.8841,532.1808,62,2.4,5,,3,1,7,3,9
2024,603,3,710,26017,Ida June,8/11/2024 12:04,14,1125,13,78,25,25,8,41,710,345731,57.6903,-134.8356,57.6945,-134.8841,532.1808,60,2.4,7,,3,1,7,1,10
2024,603,3,710,26017,Ida June,8/11/2024 12:04,14,1125,13,78,25,25,8,41,710,345731,57.6903,-134.8356,57.6945,-134.8841,532.1808,61,2.2,8,,3,1,7,1,11
2024,603,3,710,26017,Ida June,8/11/2024 12:04,14,1125,13,78,25,25,8,41,710,345731,57.6903,-134.8356,57.6945,-134.8841,532.1808,63,2.6,6,,2,2,7,1,12
2024,603,3,710,26017,Ida June,8/11/2024 12:04,14,1125,13,78,25,25,8,41,710,345731,57.6903,-134.8356,57.6945,-134.8841,532.1808,63,2.3,7,,3,2,7,1,13
2024,603,3,710,26017,Ida June,8/11/2024 12:04,14,1125,13,78,25,25,8,41,710,345731,57.6903,-134.8356,57.6945,-134.8841,532.1808,65,2.9,12,,3,1,7,1,14
2024,603,3,710,26017,Ida June,8/11/2024 12:04,14,1125,13,78,25,25,8,41,710,345731,57.6903,-134.8356,57.6945,-134.8841,532.1808,60,2,5,,3,2,1,1,15
2024,603,3,710,26017,Ida June,8/11/2024 12:04,14,1125,13,78,25,25,8,41,710,345731,57.6903,-134.8356,57.6945,-134.8841,532.1808,66,2.9,5,,2,2,7,1,16
2024,603,3,710,26017,Ida June,8/11/2024 12:04,14,1125,13,78,25,25,8,41,710,345731,57.6903,-134.8356,57.6945,-134.8841,532.1808,61,2,4,,2,2,1,1,17
2024,603,3,710,26017,Ida June,8/11/2024 12:04,14,1125,13,78,25,25,8,41,710,345731,57.6903,-134.8356,57.6945,-134.8841,532.1808,68,3.3,8,,2,2,7,1,18
2024,603,3,710,26017,Ida June,8/11/2024 12:04,14,1125,13,78,25,25,8,41,710,345731,57.6903,-134.8356,57.6945,-134.8841,532.1808,62,2.4,6,,3,2,7,1,19
2024,603,3,710,26017,Ida June,8/11/2024 12:04,14,1125,13,78,25,25,8,41,710,345731,57.6903,-134.8356,57.6945,-134.8841,532.1808,59,2,7,,2,1,7,1,20
2024,603,3,710,26017,Ida June,8/11/2024 12:04,14,1125,13,78,25,25,8,41,710,345731,57.6903,-134.8356,57.6945,-134.8841,532.1808,,1.4,5,,2,1,1,1,21
2024,603,3,710,26017,Ida June,8/12/2024 8:59,14,1125,13,78,25,25,9,35,710,345731,57.5158,-134.7013,57.5422,-134.7018,592.5312,56,2,6,,3,2,1,1,1
2024,603,3,710,26017,Ida June,8/12/2024 8:59,14,1125,13,78,25,25,9,35,710,345731,57.5158,-134.7013,57.5422,-134.7018,592.5312,60,2.1,5,,3,2,1,1,2
2024,603,3,710,26017,Ida June,8/12/2024 8:59,14,1125,13,78,25,25,9,35,710,345731,57.5158,-134.7013,57.5422,-134.7018,592.5312,53,1.6,5,,2,1,1,1,3
2024,603,3,710,26017,Ida June,8/12/2024 8:59,14,1125,13,78,25,25,9,35,710,345731,57.5158,-134.7013,57.5422,-134.7018,592.5312,66,3.1,9,,2,2,7,3,4
2024,603,3,710,26017,Ida June,8/12/2024 8:59,14,1125,13,78,25,25,9,35,710,345731,57.5158,-134.7013,57.5422,-134.7018,592.5312,61,2.8,8,,2,1,7,1,5
2024,603,3,710,26017,Ida June,8/12/2024 8:59,14,1125,13,78,25,25,9,35,710,345731,57.5158,-134.7013,57.5422,-134.7018,592.5312,58,2,6,,2,1,7,1,6
2024,603,3,710,26017,Ida June,8/12/2024 8:59,14,1125,13,78,25,25,9,35,710,345731,57.5158,-134.7013,57.5422,-134.7018,592.5312,65,3.2,8,,2,2,7,1,7
2024,603,3,710,26017,Ida June,8/12/2024 8:59,14,1125,13,78,25,25,9,35,710,345731,57.5158,-134.7013,57.5422,-134.7018,592.5312,59,2.1,11,,3,2,7,1,8
2024,603,3,710,26017,Ida June,8/12/2024 8:59,14,1125,13,78,25,25,9,35,710,345731,57.5158,-134.7013,57.5422,-134.7018,592.5312,61,2.4,10,,3,1,7,1,9
2024,603,3,710,26017,Ida June,8/12/2024 8:59,14,1125,13,78,25,25,9,35,710,345731,57.5158,-134.7013,57.5422,-134.7018,592.5312,63,3.1,7,,2,1,7,1,10
2024,603,3,710,26017,Ida June,8/12/2024 8:59,14,1125,13,78,25,25,9,35,710,345731,57.5158,-134.7013,57.5422,-134.7018,592.5312,56,1.8,5,,3,1,1,1,11
2024,603,3,710,26017,Ida June,8/12/2024 8:59,14,1125,13,78,25,25,9,35,710,345731,57.5158,-134.7013,57.5422,-134.7018,592.5312,68,3.1,14,,2,1,7,1,12
2024,603,3,710,26017,Ida June,8/12/2024 8:59,14,1125,13,78,25,25,9,35,710,345731,57.5158,-134.7013,57.5422,-134.7018,592.5312,61,2.2,8,,3,1,7,1,13
2024,603,3,710,26017,Ida June,8/12/2024 8:59,14,1125,13,78,25,25,9,35,710,345731,57.5158,-134.7013,57.5422,-134.7018,592.5312,57,2.2,9,,3,1,7,1,14
2024,603,3,710,26017,Ida June,8/12/2024 8:59,14,1125,13,78,25,25,9,35,710,345731,57.5158,-134.7013,57.5422,-134.7018,592.5312,48,1.1,7,,2,1,1,2,15
2024,603,3,710,26017,Ida June,8/12/2024 8:59,14,1125,13,78,25,25,9,35,710,345731,57.5158,-134.7013,57.5422,-134.7018,592.5312,60,2.3,8,,2,1,7,2,16
2024,603,3,710,26017,Ida June,8/12/2024 8:59,14,1125,13,78,25,25,9,35,710,345731,57.5158,-134.7013,57.5422,-134.7018,592.5312,61,2.5,9,,2,2,7,1,18
2024,603,3,710,26017,Ida June,8/12/2024 8:59,14,1125,13,78,25,25,9,35,710,345731,57.5158,-134.7013,57.5422,-134.7018,592.5312,53,1.6,6,,2,2,1,1,19
2024,603,3,710,26017,Ida June,8/12/2024 11:43,14,1125,13,78,25,25,10,39,710,345731,57.5778,-134.7023,57.6003,-134.7287,418.7952,65,2.7,8,,2,2,7,1,1
2024,603,3,710,26017,Ida June,8/12/2024 11:43,14,1125,13,78,25,25,10,39,710,345731,57.5778,-134.7023,57.6003,-134.7287,418.7952,67,3,9,,3,2,7,1,2
2024,603,3,710,26017,Ida June,8/12/2024 11:43,14,1125,13,78,25,25,10,39,710,345731,57.5778,-134.7023,57.6003,-134.7287,418.7952,67,2.8,11,,2,2,7,1,3
2024,603,3,710,26017,Ida June,8/12/2024 11:43,14,1125,13,78,25,25,10,39,710,345731,57.5778,-134.7023,57.6003,-134.7287,418.7952,60,2.4,10,,2,2,7,1,4
2024,603,3,710,26017,Ida June,8/12/2024 11:43,14,1125,13,78,25,25,10,39,710,345731,57.5778,-134.7023,57.6003,-134.7287,418.7952,73,4.4,7,,2,2,7,1,5
2024,603,3,710,26017,Ida June,8/12/2024 11:43,14,1125,13,78,25,25,10,39,710,345731,57.5778,-134.7023,57.6003,-134.7287,418.7952,61,2.2,6,,3,2,7,1,6
2024,603,3,710,26017,Ida June,8/12/2024 11:43,14,1125,13,78,25,25,10,39,710,345731,57.5778,-134.7023,57.6003,-134.7287,418.7952,62,2.3,6,,2,2,7,1,7
2024,603,3,710,26017,Ida June,8/12/2024 11:43,14,1125,13,78,25,25,10,39,710,345731,57.5778,-134.7023,57.6003,-134.7287,418.7952,72,4.2,6,,3,2,7,1,8
2024,603,3,710,26017,Ida June,8/12/2024 11:43,14,1125,13,78,25,25,10,39,710,345731,57.5778,-134.7023,57.6003,-134.7287,418.7952,63,2.6,8,,2,1,7,1,9
2024,603,3,710,26017,Ida June,8/12/2024 11:43,14,1125,13,78,25,25,10,39,710,345731,57.5778,-134.7023,57.6003,-134.7287,418.7952,63,2.2,6,,2,2,7,1,10
2024,603,3,710,26017,Ida June,8/12/2024 11:43,14,1125,13,78,25,25,10,39,710,345731,57.5778,-134.7023,57.6003,-134.7287,418.7952,62,2.3,8,,2,1,7,1,11
2024,603,3,710,26017,Ida June,8/12/2024 11:43,14,1125,13,78,25,25,10,39,710,345731,57.5778,-134.7023,57.6003,-134.7287,418.7952,75,4.5,21,,2,2,7,1,12
2024,603,3,710,26017,Ida June,8/12/2024 11:43,14,1125,13,78,25,25,10,39,710,345731,57.5778,-134.7023,57.6003,-134.7287,418.7952,72,4.2,10,,3,2,7,1,13
2024,603,3,710,26017,Ida June,8/12/2024 11:43,14,1125,13,78,25,25,10,39,710,345731,57.5778,-134.7023,57.6003,-134.7287,418.7952,68,3.2,7,,3,2,7,1,14
2024,603,3,710,26017,Ida June,8/12/2024 11:43,14,1125,13,78,25,25,10,39,710,345731,57.5778,-134.7023,57.6003,-134.7287,418.7952,61,2.3,6,,2,2,1,1,15
2024,603,3,710,26017,Ida June,8/12/2024 11:43,14,1125,13,78,25,25,10,39,710,345731,57.5778,-134.7023,57.6003,-134.7287,418.7952,65,3,5,,2,2,7,4,16
2024,603,3,710,26017,Ida June,8/12/2024 11:43,14,1125,13,78,25,25,10,39,710,345731,57.5778,-134.7023,57.6003,-134.7287,418.7952,65,2.7,8,,2,2,7,1,18
2024,603,3,710,26017,Ida June,8/12/2024 11:43,14,1125,13,78,25,25,10,39,710,345731,57.5778,-134.7023,57.6003,-134.7287,418.7952,65,2.7,4,,2,2,7,1,19
2024,603,3,710,26017,Ida June,8/12/2024 11:43,14,1125,13,78,25,25,10,39,710,345731,57.5778,-134.7023,57.6003,-134.7287,418.7952,66,2.9,6,,3,1,7,1,20
2024,603,3,710,26017,Ida June,8/12/2024 11:43,14,1125,13,78,25,25,10,39,710,345731,57.5778,-134.7023,57.6003,-134.7287,418.7952,62,2.3,6,,3,2,1,1,21
2024,603,3,710,26017,Ida June,8/12/2024 14:35,14,1125,13,78,25,25,11,37,710,345731,57.5368,-134.7538,57.5629,-134.7523,603.504,58,2.2,11,,2,1,7,1,1
2024,603,3,710,26017,Ida June,8/12/2024 14:35,14,1125,13,78,25,25,11,37,710,345731,57.5368,-134.7538,57.5629,-134.7523,603.504,56,2,10,,2,1,7,1,2
2024,603,3,710,26017,Ida June,8/12/2024 14:35,14,1125,13,78,25,25,11,37,710,345731,57.5368,-134.7538,57.5629,-134.7523,603.504,53,1.5,4,,2,2,1,1,5
2024,603,3,710,26017,Ida June,8/12/2024 14:35,14,1125,13,78,25,25,11,37,710,345731,57.5368,-134.7538,57.5629,-134.7523,603.504,69,3.6,15,,2,2,7,1,7
2024,603,3,710,26017,Ida June,8/12/2024 14:35,14,1125,13,78,25,25,11,37,710,345731,57.5368,-134.7538,57.5629,-134.7523,603.504,60,2.3,10,,3,2,7,1,8
2024,603,3,710,26017,Ida June,8/12/2024 14:35,14,1125,13,78,25,25,11,37,710,345731,57.5368,-134.7538,57.5629,-134.7523,603.504,65,3,9,,3,2,7,1,9
2024,603,3,710,26017,Ida June,8/12/2024 14:35,14,1125,13,78,25,25,11,37,710,345731,57.5368,-134.7538,57.5629,-134.7523,603.504,55,1.8,7,,2,2,7,1,11
2024,603,3,710,26017,Ida June,8/12/2024 14:35,14,1125,13,78,25,25,11,37,710,345731,57.5368,-134.7538,57.5629,-134.7523,603.504,58,2.2,9,,2,2,7,1,14
2024,603,3,710,26017,Ida June,8/12/2024 14:35,14,1125,13,78,25,25,11,37,710,345731,57.5368,-134.7538,57.5629,-134.7523,603.504,66,2.7,8,,2,2,7,1,15
2024,603,3,710,26017,Ida June,8/12/2024 14:35,14,1125,13,78,25,25,11,37,710,345731,57.5368,-134.7538,57.5629,-134.7523,603.504,70,3.6,19,,3,2,7,1,16
2024,603,3,710,26017,Ida June,8/12/2024 14:35,14,1125,13,78,25,25,11,37,710,345731,57.5368,-134.7538,57.5629,-134.7523,603.504,51,1.3,5,,3,1,1,1,17
2024,603,3,710,26017,Ida June,8/12/2024 14:35,14,1125,13,78,25,25,11,37,710,345731,57.5368,-134.7538,57.5629,-134.7523,603.504,55,1.8,6,,2,1,1,1,19
2024,603,3,710,26017,Ida June,8/12/2024 14:35,14,1125,13,78,25,25,11,37,710,345731,57.5368,-134.7538,57.5629,-134.7523,603.504,59,2.2,6,,3,1,7,1,21
2024,603,3,710,26017,Ida June,8/12/2024 14:35,14,1125,13,78,25,25,11,37,710,345731,57.5368,-134.7538,57.5629,-134.7523,603.504,60,2.3,10,,2,1,7,1,22
2024,603,3,710,26017,Ida June,8/12/2024 14:35,14,1125,13,78,25,25,11,37,710,345731,57.5368,-134.7538,57.5629,-134.7523,603.504,64,2.8,6,,2,2,7,1,23
2024,603,3,710,26017,Ida June,8/13/2024 9:02,14,1125,13,78,25,25,12,30,710,345701,57.3281,-134.6565,57.3528,-134.6548,544.9824,65,2.5,6,,2,1,7,1,1
2024,603,3,710,26017,Ida June,8/13/2024 9:02,14,1125,13,78,25,25,12,30,710,345701,57.3281,-134.6565,57.3528,-134.6548,544.9824,61,2.5,11,,2,1,7,1,2
2024,603,3,710,26017,Ida June,8/13/2024 9:02,14,1125,13,78,25,25,12,30,710,345701,57.3281,-134.6565,57.3528,-134.6548,544.9824,58,1.9,4,,2,1,7,1,4
2024,603,3,710,26017,Ida June,8/13/2024 9:02,14,1125,13,78,25,25,12,30,710,345701,57.3281,-134.6565,57.3528,-134.6548,544.9824,72,3.6,7,,2,2,7,1,5
2024,603,3,710,26017,Ida June,8/13/2024 9:02,14,1125,13,78,25,25,12,30,710,345701,57.3281,-134.6565,57.3528,-134.6548,544.9824,65,2.6,10,,2,2,7,1,6
2024,603,3,710,26017,Ida June,8/13/2024 9:02,14,1125,13,78,25,25,12,30,710,345701,57.3281,-134.6565,57.3528,-134.6548,544.9824,71,3.3,9,,2,2,7,1,7
2024,603,3,710,26017,Ida June,8/13/2024 9:02,14,1125,13,78,25,25,12,30,710,345701,57.3281,-134.6565,57.3528,-134.6548,544.9824,68,3.8,12,,2,1,7,1,8
2024,603,3,710,26017,Ida June,8/13/2024 9:02,14,1125,13,78,25,25,12,30,710,345701,57.3281,-134.6565,57.3528,-134.6548,544.9824,63,2.6,8,,3,2,7,1,9
2024,603,3,710,26017,Ida June,8/13/2024 9:02,14,1125,13,78,25,25,12,30,710,345701,57.3281,-134.6565,57.3528,-134.6548,544.9824,60,1.8,8,,3,1,1,1,10
2024,603,3,710,26017,Ida June,8/13/2024 9:02,14,1125,13,78,25,25,12,30,710,345701,57.3281,-134.6565,57.3528,-134.6548,544.9824,64,2.9,11,,2,2,7,1,11
2024,603,3,710,26017,Ida June,8/13/2024 9:02,14,1125,13,78,25,25,12,30,710,345701,57.3281,-134.6565,57.3528,-134.6548,544.9824,63,2.5,7,,3,2,7,1,12
2024,603,3,710,26017,Ida June,8/13/2024 9:02,14,1125,13,78,25,25,12,30,710,345701,57.3281,-134.6565,57.3528,-134.6548,544.9824,59,2.1,9,,2,1,7,1,13
2024,603,3,710,26017,Ida June,8/13/2024 9:02,14,1125,13,78,25,25,12,30,710,345701,57.3281,-134.6565,57.3528,-134.6548,544.9824,63,2.3,6,,2,2,7,1,14
2024,603,3,710,26017,Ida June,8/13/2024 9:02,14,1125,13,78,25,25,12,30,710,345701,57.3281,-134.6565,57.3528,-134.6548,544.9824,55,1.6,6,,3,2,1,2,15
2024,603,3,710,26017,Ida June,8/13/2024 9:02,14,1125,13,78,25,25,12,30,710,345701,57.3281,-134.6565,57.3528,-134.6548,544.9824,55,1.6,6,,2,1,1,1,16
2024,603,3,710,26017,Ida June,8/13/2024 9:02,14,1125,13,78,25,25,12,30,710,345701,57.3281,-134.6565,57.3528,-134.6548,544.9824,65,3,10,,2,2,7,1,17
2024,603,3,710,26017,Ida June,8/13/2024 9:02,14,1125,13,78,25,25,12,30,710,345701,57.3281,-134.6565,57.3528,-134.6548,544.9824,56,1.9,5,,2,1,7,1,18
2024,603,3,710,26017,Ida June,8/13/2024 9:02,14,1125,13,78,25,25,12,30,710,345701,57.3281,-134.6565,57.3528,-134.6548,544.9824,64,2.5,5,,2,2,7,1,19
2024,603,3,710,26017,Ida June,8/13/2024 9:02,14,1125,13,78,25,25,12,30,710,345701,57.3281,-134.6565,57.3528,-134.6548,544.9824,60,2.1,7,,2,1,7,1,20
2024,603,3,710,26017,Ida June,8/13/2024 9:02,14,1125,13,78,25,25,12,30,710,345701,57.3281,-134.6565,57.3528,-134.6548,544.9824,70,3.8,13,,3,2,7,1,40
2024,603,3,710,26017,Ida June,8/13/2024 12:04,14,1125,13,78,25,25,13,33,710,345701,57.4227,-134.6932,57.4486,-134.6923,544.9824,56,1.8,7,,2,1,7,1,1
2024,603,3,710,26017,Ida June,8/13/2024 12:04,14,1125,13,78,25,25,13,33,710,345701,57.4227,-134.6932,57.4486,-134.6923,544.9824,60,2.2,5,,2,2,7,1,2
2024,603,3,710,26017,Ida June,8/13/2024 12:04,14,1125,13,78,25,25,13,33,710,345701,57.4227,-134.6932,57.4486,-134.6923,544.9824,54,1.7,4,,2,1,7,1,3
2024,603,3,710,26017,Ida June,8/13/2024 12:04,14,1125,13,78,25,25,13,33,710,345701,57.4227,-134.6932,57.4486,-134.6923,544.9824,56,1.7,7,,2,2,1,1,4
2024,603,3,710,26017,Ida June,8/13/2024 12:04,14,1125,13,78,25,25,13,33,710,345701,57.4227,-134.6932,57.4486,-134.6923,544.9824,54,1.6,5,,2,2,1,1,5
2024,603,3,710,26017,Ida June,8/13/2024 12:04,14,1125,13,78,25,25,13,33,710,345701,57.4227,-134.6932,57.4486,-134.6923,544.9824,49,1.2,6,,2,2,1,1,6
2024,603,3,710,26017,Ida June,8/13/2024 12:04,14,1125,13,78,25,25,13,33,710,345701,57.4227,-134.6932,57.4486,-134.6923,544.9824,56,1.9,4,,2,2,1,4,7
2024,603,3,710,26017,Ida June,8/13/2024 12:04,14,1125,13,78,25,25,13,33,710,345701,57.4227,-134.6932,57.4486,-134.6923,544.9824,58,2,5,,2,2,7,1,8
2024,603,3,710,26017,Ida June,8/13/2024 12:04,14,1125,13,78,25,25,13,33,710,345701,57.4227,-134.6932,57.4486,-134.6923,544.9824,52,1.3,4,,2,1,1,1,9
2024,603,3,710,26017,Ida June,8/13/2024 12:04,14,1125,13,78,25,25,13,33,710,345701,57.4227,-134.6932,57.4486,-134.6923,544.9824,54,1.9,8,,2,1,7,2,10
2024,603,3,710,26017,Ida June,8/13/2024 12:04,14,1125,13,78,25,25,13,33,710,345701,57.4227,-134.6932,57.4486,-134.6923,544.9824,57,1.9,4,,2,1,1,1,11
2024,603,3,710,26017,Ida June,8/13/2024 12:04,14,1125,13,78,25,25,13,33,710,345701,57.4227,-134.6932,57.4486,-134.6923,544.9824,66,3.6,8,,2,2,7,1,12
2024,603,3,710,26017,Ida June,8/13/2024 12:04,14,1125,13,78,25,25,13,33,710,345701,57.4227,-134.6932,57.4486,-134.6923,544.9824,55,1.6,7,,2,1,1,1,13
2024,603,3,710,26017,Ida June,8/13/2024 12:04,14,1125,13,78,25,25,13,33,710,345701,57.4227,-134.6932,57.4486,-134.6923,544.9824,67,3.3,20,,3,1,7,1,14
2024,603,3,710,26017,Ida June,8/13/2024 12:04,14,1125,13,78,25,25,13,33,710,345701,57.4227,-134.6932,57.4486,-134.6923,544.9824,66,2.9,9,,3,2,7,1,15
2024,603,3,710,26017,Ida June,8/13/2024 14:45,14,1125,13,78,25,25,14,32,710,345701,57.3752,-134.7673,57.4018,-134.7665,649.224,63,2.7,12,,2,1,7,1,1
2024,603,3,710,26017,Ida June,8/13/2024 14:45,14,1125,13,78,25,25,14,32,710,345701,57.3752,-134.7673,57.4018,-134.7665,649.224,62,2.2,5,,2,2,1,1,2
2024,603,3,710,26017,Ida June,8/13/2024 14:45,14,1125,13,78,25,25,14,32,710,345701,57.3752,-134.7673,57.4018,-134.7665,649.224,58,2,9,,2,1,7,1,3
2024,603,3,710,26017,Ida June,8/13/2024 14:45,14,1125,13,78,25,25,14,32,710,345701,57.3752,-134.7673,57.4018,-134.7665,649.224,59,2,7,,3,2,1,1,4
2024,603,3,710,26017,Ida June,8/13/2024 14:45,14,1125,13,78,25,25,14,32,710,345701,57.3752,-134.7673,57.4018,-134.7665,649.224,71,3.3,7,,2,2,7,1,5
2024,603,3,710,26017,Ida June,8/13/2024 14:45,14,1125,13,78,25,25,14,32,710,345701,57.3752,-134.7673,57.4018,-134.7665,649.224,64,2.2,8,,2,1,7,1,6
2024,603,3,710,26017,Ida June,8/13/2024 14:45,14,1125,13,78,25,25,14,32,710,345701,57.3752,-134.7673,57.4018,-134.7665,649.224,57,1.8,7,,3,2,1,1,7
2024,603,3,710,26017,Ida June,8/13/2024 14:45,14,1125,13,78,25,25,14,32,710,345701,57.3752,-134.7673,57.4018,-134.7665,649.224,53,1.8,4,,2,1,1,1,8
2024,603,3,710,26017,Ida June,8/13/2024 14:45,14,1125,13,78,25,25,14,32,710,345701,57.3752,-134.7673,57.4018,-134.7665,649.224,70,3.4,7,,2,2,7,1,9
2024,603,3,710,26017,Ida June,8/13/2024 14:45,14,1125,13,78,25,25,14,32,710,345701,57.3752,-134.7673,57.4018,-134.7665,649.224,66,2.7,6,,3,2,7,1,10
2024,603,3,710,26017,Ida June,8/13/2024 14:45,14,1125,13,78,25,25,14,32,710,345701,57.3752,-134.7673,57.4018,-134.7665,649.224,48,1.2,6,,3,2,1,1,11
2024,603,3,710,26017,Ida June,8/13/2024 14:45,14,1125,13,78,25,25,14,32,710,345701,57.3752,-134.7673,57.4018,-134.7665,649.224,62,2.4,7,,2,2,7,4,12
2024,603,3,710,26017,Ida June,8/13/2024 14:45,14,1125,13,78,25,25,14,32,710,345701,57.3752,-134.7673,57.4018,-134.7665,649.224,60,2.4,5,,3,2,7,1,13
2024,603,3,710,26017,Ida June,8/13/2024 14:45,14,1125,13,78,25,25,14,32,710,345701,57.3752,-134.7673,57.4018,-134.7665,649.224,57,1.8,8,,3,1,1,1,14
2024,603,3,710,26017,Ida June,8/13/2024 14:45,14,1125,13,78,25,25,14,32,710,345701,57.3752,-134.7673,57.4018,-134.7665,649.224,65,2.5,9,,2,1,7,1,15
2024,603,3,710,26017,Ida June,8/13/2024 14:45,14,1125,13,78,25,25,14,32,710,345701,57.3752,-134.7673,57.4018,-134.7665,649.224,59,2,11,,2,1,1,1,16
2024,603,3,710,26017,Ida June,8/13/2024 14:45,14,1125,13,78,25,25,14,32,710,345701,57.3752,-134.7673,57.4018,-134.7665,649.224,58,2,4,,2,1,7,1,17
2024,603,3,710,26017,Ida June,8/13/2024 14:45,14,1125,13,78,25,25,14,32,710,345701,57.3752,-134.7673,57.4018,-134.7665,649.224,64,2.8,8,,2,1,7,4,18
2024,603,3,710,26017,Ida June,8/13/2024 14:45,14,1125,13,78,25,25,14,32,710,345701,57.3752,-134.7673,57.4018,-134.7665,649.224,59,2.2,11,,2,1,7,1,19
