YEAR,PROJECT_CODE,TRIP_NO,TARGET_SPECIES_CODE,ADFG_NO,VESSEL_NAME,TIME_FIRST_BUOY_ONBOARD,EFFORT_NO,STATION_NO,SPECIES_CODE,STAT,MANAGEMENT_AREA,START_LAT,START_LON,END_LAT,END_LON,DEPTH_METERS,LENGTH,WEIGHT,AGE,AGE_TYPE_CODE,AGE_READABILITY_CODE,SEX_CODE,MATURITY_CODE,TAG_NO,TAG_BATCH_NO,DISCARD_STATUS,RELEASE_CONDITION_CODE,Specimen Number
2024,611,1,710,37833,ILONA B,8/9/2024 13:34,1,10,710,345631,NSEI,56.817667,-134.568167,56.801,-134.571833,735.1776,48,,,,,,,,,Retained,,40
2024,611,1,710,37833,ILONA B,8/9/2024 13:34,1,10,710,345631,NSEI,56.817667,-134.568167,56.801,-134.571833,735.1776,48,,,,,,,,,Retained,,112
2024,611,1,710,37833,ILONA B,8/9/2024 13:34,1,10,710,345631,NSEI,56.817667,-134.568167,56.801,-134.571833,735.1776,49,,,,,,,,,Retained,,115
2024,611,1,710,37833,ILONA B,8/9/2024 13:34,1,10,710,345631,NSEI,56.817667,-134.568167,56.801,-134.571833,735.1776,50,,,,,,,,,Retained,,22
2024,611,1,710,37833,ILONA B,8/9/2024 13:34,1,10,710,345631,NSEI,56.817667,-134.568167,56.801,-134.571833,735.1776,50,,,,,,,,,Retained,,130
2024,611,1,710,37833,ILONA B,8/9/2024 13:34,1,10,710,345631,NSEI,56.817667,-134.568167,56.801,-134.571833,735.1776,51,,,,,,,,,Retained,,88
2024,611,1,710,37833,ILONA B,8/9/2024 13:34,1,10,710,345631,NSEI,56.817667,-134.568167,56.801,-134.571833,735.1776,52,1.5,7,,3,2,1,,,Retained,,51
2024,611,1,710,37833,ILONA B,8/9/2024 13:34,1,10,710,345631,NSEI,56.817667,-134.568167,56.801,-134.571833,735.1776,52,,,,,,,,,Retained,,5
2024,611,1,710,37833,ILONA B,8/9/2024 13:34,1,10,710,345631,NSEI,56.817667,-134.568167,56.801,-134.571833,735.1776,52,,,,,,,,,Retained,,45
2024,611,1,710,37833,ILONA B,8/9/2024 13:34,1,10,710,345631,NSEI,56.817667,-134.568167,56.801,-134.571833,735.1776,52,,,,,,,,,Retained,,83
2024,611,1,710,37833,ILONA B,8/9/2024 13:34,1,10,710,345631,NSEI,56.817667,-134.568167,56.801,-134.571833,735.1776,53,1.5,9,,2,1,7,,,Retained,,26
2024,611,1,710,37833,ILONA B,8/9/2024 13:34,1,10,710,345631,NSEI,56.817667,-134.568167,56.801,-134.571833,735.1776,53,,,,,,,,,Retained,,25
2024,611,1,710,37833,ILONA B,8/9/2024 13:34,1,10,710,345631,NSEI,56.817667,-134.568167,56.801,-134.571833,735.1776,53,,,,,,,,,Retained,,38
2024,611,1,710,37833,ILONA B,8/9/2024 13:34,1,10,710,345631,NSEI,56.817667,-134.568167,56.801,-134.571833,735.1776,53,,,,,,,,,Retained,,50
2024,611,1,710,37833,ILONA B,8/9/2024 13:34,1,10,710,345631,NSEI,56.817667,-134.568167,56.801,-134.571833,735.1776,53,,,,,,,,,Retained,,70
2024,611,1,710,37833,ILONA B,8/9/2024 13:34,1,10,710,345631,NSEI,56.817667,-134.568167,56.801,-134.571833,735.1776,53,,,,,,,,,Retained,,79
2024,611,1,710,37833,ILONA B,8/9/2024 13:34,1,10,710,345631,NSEI,56.817667,-134.568167,56.801,-134.571833,735.1776,53,,,,,,,,,Retained,,87
2024,611,1,710,37833,ILONA B,8/9/2024 13:34,1,10,710,345631,NSEI,56.817667,-134.568167,56.801,-134.571833,735.1776,53,,,,,,,,,Retained,,92
2024,611,1,710,37833,ILONA B,8/9/2024 13:34,1,10,710,345631,NSEI,56.817667,-134.568167,56.801,-134.571833,735.1776,53,,,,,,,,,Retained,,104
2024,611,1,710,37833,ILONA B,8/9/2024 13:34,1,10,710,345631,NSEI,56.817667,-134.568167,56.801,-134.571833,735.1776,53,,,,,,,,,Retained,,107
2024,611,1,710,37833,ILONA B,8/9/2024 13:34,1,10,710,345631,NSEI,56.817667,-134.568167,56.801,-134.571833,735.1776,53,,,,,,,,,Retained,,124
2024,611,1,710,37833,ILONA B,8/9/2024 13:34,1,10,710,345631,NSEI,56.817667,-134.568167,56.801,-134.571833,735.1776,53,,,,,,,,,Retained,,128
2024,611,1,710,37833,ILONA B,8/9/2024 13:34,1,10,710,345631,NSEI,56.817667,-134.568167,56.801,-134.571833,735.1776,54,1.7,9,,3,1,1,,,Retained,,21
2024,611,1,710,37833,ILONA B,8/9/2024 13:34,1,10,710,345631,NSEI,56.817667,-134.568167,56.801,-134.571833,735.1776,54,,,,,,,,,Retained,,7
2024,611,1,710,37833,ILONA B,8/9/2024 13:34,1,10,710,345631,NSEI,56.817667,-134.568167,56.801,-134.571833,735.1776,54,,,,,,,,,Retained,,8
2024,611,1,710,37833,ILONA B,8/9/2024 13:34,1,10,710,345631,NSEI,56.817667,-134.568167,56.801,-134.571833,735.1776,54,,,,,,,,,Retained,,93
2024,611,1,710,37833,ILONA B,8/9/2024 13:34,1,10,710,345631,NSEI,56.817667,-134.568167,56.801,-134.571833,735.1776,54,,,,,,,,,Retained,,98
2024,611,1,710,37833,ILONA B,8/9/2024 13:34,1,10,710,345631,NSEI,56.817667,-134.568167,56.801,-134.571833,735.1776,54,,,,,,,,,Retained,,133
2024,611,1,710,37833,ILONA B,8/9/2024 13:34,1,10,710,345631,NSEI,56.817667,-134.568167,56.801,-134.571833,735.1776,55,1.7,5,,3,1,7,,,Retained,,41
2024,611,1,710,37833,ILONA B,8/9/2024 13:34,1,10,710,345631,NSEI,56.817667,-134.568167,56.801,-134.571833,735.1776,55,1.9,14,,2,1,7,,,Retained,,6
2024,611,1,710,37833,ILONA B,8/9/2024 13:34,1,10,710,345631,NSEI,56.817667,-134.568167,56.801,-134.571833,735.1776,55,,,,,,,,,Retained,,34
2024,611,1,710,37833,ILONA B,8/9/2024 13:34,1,10,710,345631,NSEI,56.817667,-134.568167,56.801,-134.571833,735.1776,55,,,,,,,,,Retained,,52
2024,611,1,710,37833,ILONA B,8/9/2024 13:34,1,10,710,345631,NSEI,56.817667,-134.568167,56.801,-134.571833,735.1776,55,,,,,,,,,Retained,,55
2024,611,1,710,37833,ILONA B,8/9/2024 13:34,1,10,710,345631,NSEI,56.817667,-134.568167,56.801,-134.571833,735.1776,55,,,,,,,,,Retained,,60
2024,611,1,710,37833,ILONA B,8/9/2024 13:34,1,10,710,345631,NSEI,56.817667,-134.568167,56.801,-134.571833,735.1776,55,,,,,,,,,Retained,,62
2024,611,1,710,37833,ILONA B,8/9/2024 13:34,1,10,710,345631,NSEI,56.817667,-134.568167,56.801,-134.571833,735.1776,55,,,,,,,,,Retained,,102
2024,611,1,710,37833,ILONA B,8/9/2024 13:34,1,10,710,345631,NSEI,56.817667,-134.568167,56.801,-134.571833,735.1776,55,,,,,,,,,Retained,,117
2024,611,1,710,37833,ILONA B,8/9/2024 13:34,1,10,710,345631,NSEI,56.817667,-134.568167,56.801,-134.571833,735.1776,56,2.1,8,,4,1,7,,,Retained,,91
2024,611,1,710,37833,ILONA B,8/9/2024 13:34,1,10,710,345631,NSEI,56.817667,-134.568167,56.801,-134.571833,735.1776,56,,,,,,,,,Retained,,2
2024,611,1,710,37833,ILONA B,8/9/2024 13:34,1,10,710,345631,NSEI,56.817667,-134.568167,56.801,-134.571833,735.1776,56,,,,,,,,,Retained,,4
2024,611,1,710,37833,ILONA B,8/9/2024 13:34,1,10,710,345631,NSEI,56.817667,-134.568167,56.801,-134.571833,735.1776,56,,,,,,,,,Retained,,14
2024,611,1,710,37833,ILONA B,8/9/2024 13:34,1,10,710,345631,NSEI,56.817667,-134.568167,56.801,-134.571833,735.1776,56,,,,,,,,,Retained,,32
2024,611,1,710,37833,ILONA B,8/9/2024 13:34,1,10,710,345631,NSEI,56.817667,-134.568167,56.801,-134.571833,735.1776,56,,,,,,,,,Retained,,49
2024,611,1,710,37833,ILONA B,8/9/2024 13:34,1,10,710,345631,NSEI,56.817667,-134.568167,56.801,-134.571833,735.1776,56,,,,,,,,,Retained,,59
2024,611,1,710,37833,ILONA B,8/9/2024 13:34,1,10,710,345631,NSEI,56.817667,-134.568167,56.801,-134.571833,735.1776,56,,,,,,,,,Retained,,85
2024,611,1,710,37833,ILONA B,8/9/2024 13:34,1,10,710,345631,NSEI,56.817667,-134.568167,56.801,-134.571833,735.1776,56,,,,,,,,,Retained,,122
2024,611,1,710,37833,ILONA B,8/9/2024 13:34,1,10,710,345631,NSEI,56.817667,-134.568167,56.801,-134.571833,735.1776,57,1.8,8,,3,2,1,,,Retained,,81
2024,611,1,710,37833,ILONA B,8/9/2024 13:34,1,10,710,345631,NSEI,56.817667,-134.568167,56.801,-134.571833,735.1776,57,2,6,,3,2,1,,,Retained,,31
2024,611,1,710,37833,ILONA B,8/9/2024 13:34,1,10,710,345631,NSEI,56.817667,-134.568167,56.801,-134.571833,735.1776,57,,,,,,,,,Retained,,10
2024,611,1,710,37833,ILONA B,8/9/2024 13:34,1,10,710,345631,NSEI,56.817667,-134.568167,56.801,-134.571833,735.1776,57,,,,,,,,,Retained,,12
2024,611,1,710,37833,ILONA B,8/9/2024 13:34,1,10,710,345631,NSEI,56.817667,-134.568167,56.801,-134.571833,735.1776,57,,,,,,,,,Retained,,13
2024,611,1,710,37833,ILONA B,8/9/2024 13:34,1,10,710,345631,NSEI,56.817667,-134.568167,56.801,-134.571833,735.1776,57,,,,,,,,,Retained,,20
2024,611,1,710,37833,ILONA B,8/9/2024 13:34,1,10,710,345631,NSEI,56.817667,-134.568167,56.801,-134.571833,735.1776,57,,,,,,,,,Retained,,29
2024,611,1,710,37833,ILONA B,8/9/2024 13:34,1,10,710,345631,NSEI,56.817667,-134.568167,56.801,-134.571833,735.1776,57,,,,,,,,,Retained,,33
2024,611,1,710,37833,ILONA B,8/9/2024 13:34,1,10,710,345631,NSEI,56.817667,-134.568167,56.801,-134.571833,735.1776,57,,,,,,,,,Retained,,53
2024,611,1,710,37833,ILONA B,8/9/2024 13:34,1,10,710,345631,NSEI,56.817667,-134.568167,56.801,-134.571833,735.1776,57,,,,,,,,,Retained,,57
2024,611,1,710,37833,ILONA B,8/9/2024 13:34,1,10,710,345631,NSEI,56.817667,-134.568167,56.801,-134.571833,735.1776,57,,,,,,,,,Retained,,67
2024,611,1,710,37833,ILONA B,8/9/2024 13:34,1,10,710,345631,NSEI,56.817667,-134.568167,56.801,-134.571833,735.1776,57,,,,,,,,,Retained,,69
2024,611,1,710,37833,ILONA B,8/9/2024 13:34,1,10,710,345631,NSEI,56.817667,-134.568167,56.801,-134.571833,735.1776,57,,,,,,,,,Retained,,95
2024,611,1,710,37833,ILONA B,8/9/2024 13:34,1,10,710,345631,NSEI,56.817667,-134.568167,56.801,-134.571833,735.1776,57,,,,,,,,,Retained,,132
2024,611,1,710,37833,ILONA B,8/9/2024 13:34,1,10,710,345631,NSEI,56.817667,-134.568167,56.801,-134.571833,735.1776,58,2.1,6,,3,1,1,,,Retained,,61
2024,611,1,710,37833,ILONA B,8/9/2024 13:34,1,10,710,345631,NSEI,56.817667,-134.568167,56.801,-134.571833,735.1776,58,,,,,,,,,Retained,,37
2024,611,1,710,37833,ILONA B,8/9/2024 13:34,1,10,710,345631,NSEI,56.817667,-134.568167,56.801,-134.571833,735.1776,58,,,,,,,,,Retained,,54
2024,611,1,710,37833,ILONA B,8/9/2024 13:34,1,10,710,345631,NSEI,56.817667,-134.568167,56.801,-134.571833,735.1776,58,,,,,,,,,Retained,,73
2024,611,1,710,37833,ILONA B,8/9/2024 13:34,1,10,710,345631,NSEI,56.817667,-134.568167,56.801,-134.571833,735.1776,58,,,,,,,,,Retained,,89
2024,611,1,710,37833,ILONA B,8/9/2024 13:34,1,10,710,345631,NSEI,56.817667,-134.568167,56.801,-134.571833,735.1776,58,,,,,,,,,Retained,,113
2024,611,1,710,37833,ILONA B,8/9/2024 13:34,1,10,710,345631,NSEI,56.817667,-134.568167,56.801,-134.571833,735.1776,58,,,,,,,,,Retained,,120
2024,611,1,710,37833,ILONA B,8/9/2024 13:34,1,10,710,345631,NSEI,56.817667,-134.568167,56.801,-134.571833,735.1776,58,,,,,,,,,Retained,,125
2024,611,1,710,37833,ILONA B,8/9/2024 13:34,1,10,710,345631,NSEI,56.817667,-134.568167,56.801,-134.571833,735.1776,58,,,,,,,,,Retained,,134
2024,611,1,710,37833,ILONA B,8/9/2024 13:34,1,10,710,345631,NSEI,56.817667,-134.568167,56.801,-134.571833,735.1776,59,2.4,7,,2,2,7,,,Retained,,131
2024,611,1,710,37833,ILONA B,8/9/2024 13:34,1,10,710,345631,NSEI,56.817667,-134.568167,56.801,-134.571833,735.1776,59,,,,,,,,,Retained,,28
2024,611,1,710,37833,ILONA B,8/9/2024 13:34,1,10,710,345631,NSEI,56.817667,-134.568167,56.801,-134.571833,735.1776,59,,,,,,,,,Retained,,30
2024,611,1,710,37833,ILONA B,8/9/2024 13:34,1,10,710,345631,NSEI,56.817667,-134.568167,56.801,-134.571833,735.1776,59,,,,,,,,,Retained,,44
2024,611,1,710,37833,ILONA B,8/9/2024 13:34,1,10,710,345631,NSEI,56.817667,-134.568167,56.801,-134.571833,735.1776,59,,,,,,,,,Retained,,63
2024,611,1,710,37833,ILONA B,8/9/2024 13:34,1,10,710,345631,NSEI,56.817667,-134.568167,56.801,-134.571833,735.1776,59,,,,,,,,,Retained,,72
2024,611,1,710,37833,ILONA B,8/9/2024 13:34,1,10,710,345631,NSEI,56.817667,-134.568167,56.801,-134.571833,735.1776,59,,,,,,,,,Retained,,78
2024,611,1,710,37833,ILONA B,8/9/2024 13:34,1,10,710,345631,NSEI,56.817667,-134.568167,56.801,-134.571833,735.1776,59,,,,,,,,,Retained,,82
2024,611,1,710,37833,ILONA B,8/9/2024 13:34,1,10,710,345631,NSEI,56.817667,-134.568167,56.801,-134.571833,735.1776,59,,,,,,,,,Retained,,109
2024,611,1,710,37833,ILONA B,8/9/2024 13:34,1,10,710,345631,NSEI,56.817667,-134.568167,56.801,-134.571833,735.1776,59,,,,,,,,,Retained,,119
2024,611,1,710,37833,ILONA B,8/9/2024 13:34,1,10,710,345631,NSEI,56.817667,-134.568167,56.801,-134.571833,735.1776,59,,,,,,,,,Retained,,123
2024,611,1,710,37833,ILONA B,8/9/2024 13:34,1,10,710,345631,NSEI,56.817667,-134.568167,56.801,-134.571833,735.1776,60,2.2,10,,3,2,7,,,Retained,,36
2024,611,1,710,37833,ILONA B,8/9/2024 13:34,1,10,710,345631,NSEI,56.817667,-134.568167,56.801,-134.571833,735.1776,60,2.3,7,,2,1,7,,,Retained,,71
2024,611,1,710,37833,ILONA B,8/9/2024 13:34,1,10,710,345631,NSEI,56.817667,-134.568167,56.801,-134.571833,735.1776,60,2.4,7,,3,2,7,,,Retained,,116
2024,611,1,710,37833,ILONA B,8/9/2024 13:34,1,10,710,345631,NSEI,56.817667,-134.568167,56.801,-134.571833,735.1776,60,2.6,9,,2,1,7,,,Retained,,46
2024,611,1,710,37833,ILONA B,8/9/2024 13:34,1,10,710,345631,NSEI,56.817667,-134.568167,56.801,-134.571833,735.1776,60,,,,,,,,,Retained,,17
2024,611,1,710,37833,ILONA B,8/9/2024 13:34,1,10,710,345631,NSEI,56.817667,-134.568167,56.801,-134.571833,735.1776,60,,,,,,,,,Retained,,18
2024,611,1,710,37833,ILONA B,8/9/2024 13:34,1,10,710,345631,NSEI,56.817667,-134.568167,56.801,-134.571833,735.1776,60,,,,,,,,,Retained,,19
2024,611,1,710,37833,ILONA B,8/9/2024 13:34,1,10,710,345631,NSEI,56.817667,-134.568167,56.801,-134.571833,735.1776,60,,,,,,,,,Retained,,23
2024,611,1,710,37833,ILONA B,8/9/2024 13:34,1,10,710,345631,NSEI,56.817667,-134.568167,56.801,-134.571833,735.1776,60,,,,,,,,,Retained,,77
2024,611,1,710,37833,ILONA B,8/9/2024 13:34,1,10,710,345631,NSEI,56.817667,-134.568167,56.801,-134.571833,735.1776,60,,,,,,,,,Retained,,84
2024,611,1,710,37833,ILONA B,8/9/2024 13:34,1,10,710,345631,NSEI,56.817667,-134.568167,56.801,-134.571833,735.1776,60,,,,,,,,,Retained,,94
2024,611,1,710,37833,ILONA B,8/9/2024 13:34,1,10,710,345631,NSEI,56.817667,-134.568167,56.801,-134.571833,735.1776,60,,,,,,,,,Retained,,103
2024,611,1,710,37833,ILONA B,8/9/2024 13:34,1,10,710,345631,NSEI,56.817667,-134.568167,56.801,-134.571833,735.1776,61,2.4,6,,3,2,1,,,Retained,,121
2024,611,1,710,37833,ILONA B,8/9/2024 13:34,1,10,710,345631,NSEI,56.817667,-134.568167,56.801,-134.571833,735.1776,61,2.7,11,,4,2,7,,,Retained,,16
2024,611,1,710,37833,ILONA B,8/9/2024 13:34,1,10,710,345631,NSEI,56.817667,-134.568167,56.801,-134.571833,735.1776,61,,,,,,,,,Retained,,100
2024,611,1,710,37833,ILONA B,8/9/2024 13:34,1,10,710,345631,NSEI,56.817667,-134.568167,56.801,-134.571833,735.1776,61,,,,,,,,,Retained,,110
2024,611,1,710,37833,ILONA B,8/9/2024 13:34,1,10,710,345631,NSEI,56.817667,-134.568167,56.801,-134.571833,735.1776,61,,,,,,,,,Retained,,127
2024,611,1,710,37833,ILONA B,8/9/2024 13:34,1,10,710,345631,NSEI,56.817667,-134.568167,56.801,-134.571833,735.1776,61,,,,,,,,,Retained,,129
2024,611,1,710,37833,ILONA B,8/9/2024 13:34,1,10,710,345631,NSEI,56.817667,-134.568167,56.801,-134.571833,735.1776,62,,,,,,,,,Retained,,9
2024,611,1,710,37833,ILONA B,8/9/2024 13:34,1,10,710,345631,NSEI,56.817667,-134.568167,56.801,-134.571833,735.1776,62,,,,,,,,,Retained,,27
2024,611,1,710,37833,ILONA B,8/9/2024 13:34,1,10,710,345631,NSEI,56.817667,-134.568167,56.801,-134.571833,735.1776,62,,,,,,,,,Retained,,135
2024,611,1,710,37833,ILONA B,8/9/2024 13:34,1,10,710,345631,NSEI,56.817667,-134.568167,56.801,-134.571833,735.1776,63,2.3,9,,2,1,7,,,Retained,,126
2024,611,1,710,37833,ILONA B,8/9/2024 13:34,1,10,710,345631,NSEI,56.817667,-134.568167,56.801,-134.571833,735.1776,63,2.4,7,,2,1,1,,,Retained,,111
2024,611,1,710,37833,ILONA B,8/9/2024 13:34,1,10,710,345631,NSEI,56.817667,-134.568167,56.801,-134.571833,735.1776,63,2.7,7,,3,2,7,,,Retained,,1
2024,611,1,710,37833,ILONA B,8/9/2024 13:34,1,10,710,345631,NSEI,56.817667,-134.568167,56.801,-134.571833,735.1776,63,,,,,,,,,Retained,,42
2024,611,1,710,37833,ILONA B,8/9/2024 13:34,1,10,710,345631,NSEI,56.817667,-134.568167,56.801,-134.571833,735.1776,63,,,,,,,,,Retained,,90
2024,611,1,710,37833,ILONA B,8/9/2024 13:34,1,10,710,345631,NSEI,56.817667,-134.568167,56.801,-134.571833,735.1776,63,,,,,,,,,Retained,,108
2024,611,1,710,37833,ILONA B,8/9/2024 13:34,1,10,710,345631,NSEI,56.817667,-134.568167,56.801,-134.571833,735.1776,64,2.6,11,,3,1,7,,,Retained,,56
2024,611,1,710,37833,ILONA B,8/9/2024 13:34,1,10,710,345631,NSEI,56.817667,-134.568167,56.801,-134.571833,735.1776,64,2.9,16,,3,2,7,,,Retained,,76
2024,611,1,710,37833,ILONA B,8/9/2024 13:34,1,10,710,345631,NSEI,56.817667,-134.568167,56.801,-134.571833,735.1776,64,,,,,,,,,Retained,,3
2024,611,1,710,37833,ILONA B,8/9/2024 13:34,1,10,710,345631,NSEI,56.817667,-134.568167,56.801,-134.571833,735.1776,64,,,,,,,,,Retained,,74
2024,611,1,710,37833,ILONA B,8/9/2024 13:34,1,10,710,345631,NSEI,56.817667,-134.568167,56.801,-134.571833,735.1776,64,,,,,,,,,Retained,,97
2024,611,1,710,37833,ILONA B,8/9/2024 13:34,1,10,710,345631,NSEI,56.817667,-134.568167,56.801,-134.571833,735.1776,65,2.9,10,,2,2,7,,,Retained,,96
2024,611,1,710,37833,ILONA B,8/9/2024 13:34,1,10,710,345631,NSEI,56.817667,-134.568167,56.801,-134.571833,735.1776,65,,,,,,,,,Retained,,15
2024,611,1,710,37833,ILONA B,8/9/2024 13:34,1,10,710,345631,NSEI,56.817667,-134.568167,56.801,-134.571833,735.1776,65,,,,,,,,,Retained,,65
2024,611,1,710,37833,ILONA B,8/9/2024 13:34,1,10,710,345631,NSEI,56.817667,-134.568167,56.801,-134.571833,735.1776,66,2.8,8,,2,2,7,,,Retained,,66
2024,611,1,710,37833,ILONA B,8/9/2024 13:34,1,10,710,345631,NSEI,56.817667,-134.568167,56.801,-134.571833,735.1776,66,3,8,,2,2,7,,,Retained,,86
2024,611,1,710,37833,ILONA B,8/9/2024 13:34,1,10,710,345631,NSEI,56.817667,-134.568167,56.801,-134.571833,735.1776,66,3.2,12,,3,2,7,,,Retained,,106
2024,611,1,710,37833,ILONA B,8/9/2024 13:34,1,10,710,345631,NSEI,56.817667,-134.568167,56.801,-134.571833,735.1776,66,,,,,,,,,Retained,,47
2024,611,1,710,37833,ILONA B,8/9/2024 13:34,1,10,710,345631,NSEI,56.817667,-134.568167,56.801,-134.571833,735.1776,66,,,,,,,,,Retained,,64
2024,611,1,710,37833,ILONA B,8/9/2024 13:34,1,10,710,345631,NSEI,56.817667,-134.568167,56.801,-134.571833,735.1776,66,,,,,,,,,Retained,,75
2024,611,1,710,37833,ILONA B,8/9/2024 13:34,1,10,710,345631,NSEI,56.817667,-134.568167,56.801,-134.571833,735.1776,67,2.9,5,,4,2,7,,,Retained,,101
2024,611,1,710,37833,ILONA B,8/9/2024 13:34,1,10,710,345631,NSEI,56.817667,-134.568167,56.801,-134.571833,735.1776,67,3.3,8,,2,2,7,,,Retained,,11
2024,611,1,710,37833,ILONA B,8/9/2024 13:34,1,10,710,345631,NSEI,56.817667,-134.568167,56.801,-134.571833,735.1776,68,,,,,,,,,Retained,,99
2024,611,1,710,37833,ILONA B,8/9/2024 13:34,1,10,710,345631,NSEI,56.817667,-134.568167,56.801,-134.571833,735.1776,69,,,,,,,,,Retained,,35
2024,611,1,710,37833,ILONA B,8/9/2024 13:34,1,10,710,345631,NSEI,56.817667,-134.568167,56.801,-134.571833,735.1776,69,,,,,,,,,Retained,,58
2024,611,1,710,37833,ILONA B,8/9/2024 13:34,1,10,710,345631,NSEI,56.817667,-134.568167,56.801,-134.571833,735.1776,69,,,,,,,,,Retained,,118
2024,611,1,710,37833,ILONA B,8/9/2024 13:34,1,10,710,345631,NSEI,56.817667,-134.568167,56.801,-134.571833,735.1776,70,,,,,,,,,Retained,,24
2024,611,1,710,37833,ILONA B,8/9/2024 13:34,1,10,710,345631,NSEI,56.817667,-134.568167,56.801,-134.571833,735.1776,70,,,,,,,,,Retained,,105
2024,611,1,710,37833,ILONA B,8/9/2024 13:34,1,10,710,345631,NSEI,56.817667,-134.568167,56.801,-134.571833,735.1776,71,,,,,,,,,Retained,,39
2024,611,1,710,37833,ILONA B,8/9/2024 13:34,1,10,710,345631,NSEI,56.817667,-134.568167,56.801,-134.571833,735.1776,71,,,,,,,,,Retained,,68
2024,611,1,710,37833,ILONA B,8/9/2024 13:34,1,10,710,345631,NSEI,56.817667,-134.568167,56.801,-134.571833,735.1776,72,,,,,,,,,Retained,,43
2024,611,1,710,37833,ILONA B,8/9/2024 13:34,1,10,710,345631,NSEI,56.817667,-134.568167,56.801,-134.571833,735.1776,72,,,,,,,,,Retained,,48
2024,611,1,710,37833,ILONA B,8/9/2024 13:34,1,10,710,345631,NSEI,56.817667,-134.568167,56.801,-134.571833,735.1776,72,,,,,,,,,Retained,,80
2024,611,1,710,37833,ILONA B,8/9/2024 13:34,1,10,710,345631,NSEI,56.817667,-134.568167,56.801,-134.571833,735.1776,87,,,,,,,,,Retained,,114
2024,611,1,710,37833,ILONA B,8/9/2024 13:34,1,10,710,345631,NSEI,56.817667,-134.568167,56.801,-134.571833,735.1776,,,,,,,,,,Retained,,136
2024,611,1,710,37833,ILONA B,8/9/2024 13:34,1,10,710,345631,NSEI,56.817667,-134.568167,56.801,-134.571833,735.1776,,,,,,,,,,Retained,,137
2024,611,1,710,37833,ILONA B,8/9/2024 13:34,1,10,710,345631,NSEI,56.817667,-134.568167,56.801,-134.571833,735.1776,,,,,,,,,,Retained,,138
2024,611,1,710,37833,ILONA B,8/9/2024 13:34,1,10,710,345631,NSEI,56.817667,-134.568167,56.801,-134.571833,735.1776,,,,,,,,,,Retained,,139
2024,611,1,710,37833,ILONA B,8/9/2024 13:34,1,10,710,345631,NSEI,56.817667,-134.568167,56.801,-134.571833,735.1776,,,,,,,,,,Retained,,140
2024,611,1,710,37833,ILONA B,8/9/2024 13:34,1,10,710,345631,NSEI,56.817667,-134.568167,56.801,-134.571833,735.1776,,,,,,,,,,Retained,,141
2024,611,1,710,37833,ILONA B,8/9/2024 13:34,1,10,710,345631,NSEI,56.817667,-134.568167,56.801,-134.571833,735.1776,,,,,,,,,,Retained,,142
2024,611,1,710,37833,ILONA B,8/9/2024 13:34,1,10,710,345631,NSEI,56.817667,-134.568167,56.801,-134.571833,735.1776,,,,,,,,,,Retained,,143
2024,611,1,710,37833,ILONA B,8/9/2024 13:34,1,10,710,345631,NSEI,56.817667,-134.568167,56.801,-134.571833,735.1776,,,,,,,,,,Retained,,144
2024,611,1,710,37833,ILONA B,8/9/2024 13:34,1,10,710,345631,NSEI,56.817667,-134.568167,56.801,-134.571833,735.1776,,,,,,,,,,Retained,,145
2024,611,1,710,37833,ILONA B,8/9/2024 13:34,1,10,710,345631,NSEI,56.817667,-134.568167,56.801,-134.571833,735.1776,,,,,,,,,,Retained,,146
2024,611,1,710,37833,ILONA B,8/9/2024 13:34,1,10,710,345631,NSEI,56.817667,-134.568167,56.801,-134.571833,735.1776,,,,,,,,,,Retained,,147
2024,611,1,710,37833,ILONA B,8/9/2024 13:34,1,10,710,345631,NSEI,56.817667,-134.568167,56.801,-134.571833,735.1776,,,,,,,,,,Retained,,148
2024,611,1,710,37833,ILONA B,8/9/2024 13:34,1,10,710,345631,NSEI,56.817667,-134.568167,56.801,-134.571833,735.1776,,,,,,,,,,Retained,,149
2024,611,1,710,37833,ILONA B,8/9/2024 13:34,1,10,710,345631,NSEI,56.817667,-134.568167,56.801,-134.571833,735.1776,,,,,,,,,,Retained,,150
2024,611,1,710,37833,ILONA B,8/9/2024 13:34,1,10,710,345631,NSEI,56.817667,-134.568167,56.801,-134.571833,735.1776,,,,,,,,,,Retained,,151
2024,611,1,710,37833,ILONA B,8/9/2024 13:34,1,10,710,345631,NSEI,56.817667,-134.568167,56.801,-134.571833,735.1776,,,,,,,,,,Retained,,152
2024,611,1,710,37833,ILONA B,8/9/2024 13:34,1,10,710,345631,NSEI,56.817667,-134.568167,56.801,-134.571833,735.1776,,,,,,,,,,Retained,,153
2024,611,1,710,37833,ILONA B,8/9/2024 13:34,1,10,710,345631,NSEI,56.817667,-134.568167,56.801,-134.571833,735.1776,,,,,,,,,,Retained,,154
2024,611,1,710,37833,ILONA B,8/9/2024 13:34,1,10,710,345631,NSEI,56.817667,-134.568167,56.801,-134.571833,735.1776,,,,,,,,,,Retained,,155
2024,611,1,710,37833,ILONA B,8/9/2024 13:34,1,10,710,345631,NSEI,56.817667,-134.568167,56.801,-134.571833,735.1776,,,,,,,,,,Retained,,156
2024,611,1,710,37833,ILONA B,8/9/2024 13:34,1,10,710,345631,NSEI,56.817667,-134.568167,56.801,-134.571833,735.1776,,,,,,,,,,Retained,,157
2024,611,1,710,37833,ILONA B,8/9/2024 13:34,1,10,710,345631,NSEI,56.817667,-134.568167,56.801,-134.571833,735.1776,,,,,,,,,,Retained,,158
2024,611,1,710,37833,ILONA B,8/9/2024 13:34,1,10,710,345631,NSEI,56.817667,-134.568167,56.801,-134.571833,735.1776,,,,,,,,,,Retained,,159
2024,611,1,710,37833,ILONA B,8/9/2024 13:34,1,10,710,345631,NSEI,56.817667,-134.568167,56.801,-134.571833,735.1776,,,,,,,,,,Retained,,160
2024,611,1,710,37833,ILONA B,8/9/2024 13:34,1,10,710,345631,NSEI,56.817667,-134.568167,56.801,-134.571833,735.1776,,,,,,,,,,Retained,,161
2024,611,1,710,37833,ILONA B,8/9/2024 13:34,1,10,710,345631,NSEI,56.817667,-134.568167,56.801,-134.571833,735.1776,,,,,,,,,,Retained,,162
2024,611,1,710,37833,ILONA B,8/9/2024 13:34,1,10,710,345631,NSEI,56.817667,-134.568167,56.801,-134.571833,735.1776,,,,,,,,,,Retained,,163
2024,611,1,710,37833,ILONA B,8/9/2024 13:34,1,10,710,345631,NSEI,56.817667,-134.568167,56.801,-134.571833,735.1776,,,,,,,,,,Retained,,164
2024,611,1,710,37833,ILONA B,8/9/2024 13:34,1,10,710,345631,NSEI,56.817667,-134.568167,56.801,-134.571833,735.1776,,,,,,,,,,Retained,,165
2024,611,1,710,37833,ILONA B,8/9/2024 13:34,1,10,710,345631,NSEI,56.817667,-134.568167,56.801,-134.571833,735.1776,,,,,,,,,,Retained,,166
2024,611,1,710,37833,ILONA B,8/9/2024 13:34,1,10,710,345631,NSEI,56.817667,-134.568167,56.801,-134.571833,735.1776,,,,,,,,,,Retained,,167
2024,611,1,710,37833,ILONA B,8/9/2024 13:34,1,10,710,345631,NSEI,56.817667,-134.568167,56.801,-134.571833,735.1776,,,,,,,,,,Retained,,168
2024,611,1,710,37833,ILONA B,8/9/2024 13:34,1,10,710,345631,NSEI,56.817667,-134.568167,56.801,-134.571833,735.1776,,,,,,,,,,Retained,,169
2024,611,1,710,37833,ILONA B,8/9/2024 13:34,1,10,710,345631,NSEI,56.817667,-134.568167,56.801,-134.571833,735.1776,,,,,,,,,,Retained,,170
2024,611,1,710,37833,ILONA B,8/9/2024 13:34,1,10,710,345631,NSEI,56.817667,-134.568167,56.801,-134.571833,735.1776,,,,,,,,,,Retained,,171
2024,611,1,710,37833,ILONA B,8/9/2024 13:34,1,10,710,345631,NSEI,56.817667,-134.568167,56.801,-134.571833,735.1776,,,,,,,,,,Retained,,172
2024,611,1,710,37833,ILONA B,8/9/2024 13:34,1,10,710,345631,NSEI,56.817667,-134.568167,56.801,-134.571833,735.1776,,,,,,,,,,Retained,,173
2024,611,1,710,37833,ILONA B,8/9/2024 13:34,1,10,710,345631,NSEI,56.817667,-134.568167,56.801,-134.571833,735.1776,,,,,,,,,,Retained,,174
2024,611,1,710,37833,ILONA B,8/9/2024 13:34,1,10,710,345631,NSEI,56.817667,-134.568167,56.801,-134.571833,735.1776,,,,,,,,,,Retained,,175
2024,611,1,710,37833,ILONA B,8/9/2024 13:34,1,10,710,345631,NSEI,56.817667,-134.568167,56.801,-134.571833,735.1776,,,,,,,,,,Retained,,176
2024,611,1,710,37833,ILONA B,8/9/2024 13:34,1,10,710,345631,NSEI,56.817667,-134.568167,56.801,-134.571833,735.1776,,,,,,,,,,Retained,,177
2024,611,1,710,37833,ILONA B,8/9/2024 13:34,1,10,710,345631,NSEI,56.817667,-134.568167,56.801,-134.571833,735.1776,,,,,,,,,,Retained,,178
2024,611,1,710,37833,ILONA B,8/9/2024 13:34,1,10,710,345631,NSEI,56.817667,-134.568167,56.801,-134.571833,735.1776,,,,,,,,,,Retained,,179
2024,611,1,710,37833,ILONA B,8/9/2024 13:34,1,10,710,345631,NSEI,56.817667,-134.568167,56.801,-134.571833,735.1776,,,,,,,,,,Retained,,180
2024,611,1,710,37833,ILONA B,8/9/2024 13:34,1,10,710,345631,NSEI,56.817667,-134.568167,56.801,-134.571833,735.1776,,,,,,,,,,Retained,,181
2024,611,1,710,37833,ILONA B,8/9/2024 13:34,1,10,710,345631,NSEI,56.817667,-134.568167,56.801,-134.571833,735.1776,,,,,,,,,,Retained,,182
2024,611,1,710,37833,ILONA B,8/9/2024 13:34,1,10,710,345631,NSEI,56.817667,-134.568167,56.801,-134.571833,735.1776,,,,,,,,,,Retained,,183
2024,611,1,710,37833,ILONA B,8/9/2024 13:34,1,10,710,345631,NSEI,56.817667,-134.568167,56.801,-134.571833,735.1776,,,,,,,,,,Retained,,184
2024,611,1,710,37833,ILONA B,8/9/2024 13:34,1,10,710,345631,NSEI,56.817667,-134.568167,56.801,-134.571833,735.1776,,,,,,,,,,Retained,,185
2024,611,1,710,37833,ILONA B,8/9/2024 13:34,1,10,710,345631,NSEI,56.817667,-134.568167,56.801,-134.571833,735.1776,,,,,,,,,,Retained,,186
2024,611,1,710,37833,ILONA B,8/9/2024 13:34,1,10,710,345631,NSEI,56.817667,-134.568167,56.801,-134.571833,735.1776,,,,,,,,,,Retained,,187
2024,611,1,710,37833,ILONA B,8/9/2024 13:34,1,10,710,345631,NSEI,56.817667,-134.568167,56.801,-134.571833,735.1776,,,,,,,,,,Retained,,188
2024,611,1,710,37833,ILONA B,8/9/2024 13:34,1,10,710,345631,NSEI,56.817667,-134.568167,56.801,-134.571833,735.1776,,,,,,,,,,Retained,,189
2024,611,1,710,37833,ILONA B,8/9/2024 13:34,1,10,710,345631,NSEI,56.817667,-134.568167,56.801,-134.571833,735.1776,,,,,,,,,,Retained,,190
2024,611,1,710,37833,ILONA B,8/9/2024 13:34,1,10,710,345631,NSEI,56.817667,-134.568167,56.801,-134.571833,735.1776,,,,,,,,,,Retained,,191
2024,611,1,710,37833,ILONA B,8/9/2024 13:34,1,10,710,345631,NSEI,56.817667,-134.568167,56.801,-134.571833,735.1776,,,,,,,,,,Retained,,192
2024,611,1,710,37833,ILONA B,8/9/2024 13:34,1,10,710,345631,NSEI,56.817667,-134.568167,56.801,-134.571833,735.1776,,,,,,,,,,Retained,,193
2024,611,1,710,37833,ILONA B,8/9/2024 13:34,1,10,710,345631,NSEI,56.817667,-134.568167,56.801,-134.571833,735.1776,,,,,,,,,,Retained,,194
2024,611,1,710,37833,ILONA B,8/9/2024 13:34,1,10,710,345631,NSEI,56.817667,-134.568167,56.801,-134.571833,735.1776,,,,,,,,,,Retained,,195
2024,611,1,710,37833,ILONA B,8/9/2024 13:34,1,10,710,345631,NSEI,56.817667,-134.568167,56.801,-134.571833,735.1776,,,,,,,,,,Retained,,196
2024,611,1,710,37833,ILONA B,8/9/2024 13:34,1,10,710,345631,NSEI,56.817667,-134.568167,56.801,-134.571833,735.1776,,,,,,,,,,Retained,,197
2024,611,1,710,37833,ILONA B,8/9/2024 13:34,1,10,710,345631,NSEI,56.817667,-134.568167,56.801,-134.571833,735.1776,,,,,,,,,,Retained,,198
2024,611,1,710,37833,ILONA B,8/9/2024 13:34,1,10,710,345631,NSEI,56.817667,-134.568167,56.801,-134.571833,735.1776,,,,,,,,,,Retained,,199
2024,611,1,710,37833,ILONA B,8/9/2024 13:34,1,10,710,345631,NSEI,56.817667,-134.568167,56.801,-134.571833,735.1776,,,,,,,,,,Retained,,200
2024,611,1,710,37833,ILONA B,8/9/2024 13:34,1,10,710,345631,NSEI,56.817667,-134.568167,56.801,-134.571833,735.1776,,,,,,,,,,Retained,,201
2024,611,1,710,37833,ILONA B,8/9/2024 13:34,1,10,710,345631,NSEI,56.817667,-134.568167,56.801,-134.571833,735.1776,,,,,,,,,,Retained,,202
2024,611,1,710,37833,ILONA B,8/9/2024 13:34,1,10,710,345631,NSEI,56.817667,-134.568167,56.801,-134.571833,735.1776,,,,,,,,,,Retained,,203
2024,611,1,710,37833,ILONA B,8/9/2024 13:34,1,10,710,345631,NSEI,56.817667,-134.568167,56.801,-134.571833,735.1776,,,,,,,,,,Retained,,204
2024,611,1,710,37833,ILONA B,8/9/2024 13:34,1,10,710,345631,NSEI,56.817667,-134.568167,56.801,-134.571833,735.1776,,,,,,,,,,Retained,,205
2024,611,1,710,37833,ILONA B,8/9/2024 13:34,1,10,710,345631,NSEI,56.817667,-134.568167,56.801,-134.571833,735.1776,,,,,,,,,,Retained,,206
2024,611,1,710,37833,ILONA B,8/9/2024 13:34,1,10,710,345631,NSEI,56.817667,-134.568167,56.801,-134.571833,735.1776,,,,,,,,,,Retained,,207
2024,611,1,710,37833,ILONA B,8/9/2024 13:34,1,10,710,345631,NSEI,56.817667,-134.568167,56.801,-134.571833,735.1776,,,,,,,,,,Retained,,208
2024,611,1,710,37833,ILONA B,8/9/2024 13:34,1,10,710,345631,NSEI,56.817667,-134.568167,56.801,-134.571833,735.1776,,,,,,,,,,Retained,,209
2024,611,1,710,37833,ILONA B,8/9/2024 13:34,1,10,710,345631,NSEI,56.817667,-134.568167,56.801,-134.571833,735.1776,,,,,,,,,,Retained,,210
2024,611,1,710,37833,ILONA B,8/9/2024 13:34,1,10,710,345631,NSEI,56.817667,-134.568167,56.801,-134.571833,735.1776,,,,,,,,,,Retained,,211
2024,611,1,710,37833,ILONA B,8/9/2024 13:34,1,10,710,345631,NSEI,56.817667,-134.568167,56.801,-134.571833,735.1776,,,,,,,,,,Retained,,212
2024,611,1,710,37833,ILONA B,8/9/2024 13:34,1,10,710,345631,NSEI,56.817667,-134.568167,56.801,-134.571833,735.1776,,,,,,,,,,Retained,,213
2024,611,1,710,37833,ILONA B,8/9/2024 13:34,1,10,710,345631,NSEI,56.817667,-134.568167,56.801,-134.571833,735.1776,,,,,,,,,,Retained,,214
2024,611,1,710,37833,ILONA B,8/9/2024 13:34,1,10,710,345631,NSEI,56.817667,-134.568167,56.801,-134.571833,735.1776,,,,,,,,,,Retained,,215
2024,611,1,710,37833,ILONA B,8/9/2024 13:34,1,10,710,345631,NSEI,56.817667,-134.568167,56.801,-134.571833,735.1776,,,,,,,,,,Retained,,216
2024,611,1,710,37833,ILONA B,8/9/2024 13:34,1,10,710,345631,NSEI,56.817667,-134.568167,56.801,-134.571833,735.1776,,,,,,,,,,Retained,,217
2024,611,1,710,37833,ILONA B,8/9/2024 13:34,1,10,710,345631,NSEI,56.817667,-134.568167,56.801,-134.571833,735.1776,,,,,,,,,,Retained,,218
2024,611,1,710,37833,ILONA B,8/9/2024 13:34,1,10,710,345631,NSEI,56.817667,-134.568167,56.801,-134.571833,735.1776,,,,,,,,,,Retained,,219
2024,611,1,710,37833,ILONA B,8/9/2024 13:34,1,10,710,345631,NSEI,56.817667,-134.568167,56.801,-134.571833,735.1776,,,,,,,,,,Retained,,220
2024,611,1,710,37833,ILONA B,8/9/2024 13:34,1,10,710,345631,NSEI,56.817667,-134.568167,56.801,-134.571833,735.1776,,,,,,,,,,Retained,,221
2024,611,1,710,37833,ILONA B,8/9/2024 13:34,1,10,710,345631,NSEI,56.817667,-134.568167,56.801,-134.571833,735.1776,,,,,,,,,,Retained,,222
2024,611,1,710,37833,ILONA B,8/9/2024 13:34,1,10,710,345631,NSEI,56.817667,-134.568167,56.801,-134.571833,735.1776,,,,,,,,,,Retained,,223
2024,611,1,710,37833,ILONA B,8/9/2024 13:34,1,10,710,345631,NSEI,56.817667,-134.568167,56.801,-134.571833,735.1776,,,,,,,,,,Retained,,224
2024,611,1,710,37833,ILONA B,8/9/2024 13:34,1,10,710,345631,NSEI,56.817667,-134.568167,56.801,-134.571833,735.1776,,,,,,,,,,Retained,,225
2024,611,1,710,37833,ILONA B,8/9/2024 13:34,1,10,710,345631,NSEI,56.817667,-134.568167,56.801,-134.571833,735.1776,,,,,,,,,,Retained,,226
2024,611,1,710,37833,ILONA B,8/9/2024 13:34,1,10,710,345631,NSEI,56.817667,-134.568167,56.801,-134.571833,735.1776,,,,,,,,,,Retained,,227
2024,611,1,710,37833,ILONA B,8/9/2024 13:34,1,10,710,345631,NSEI,56.817667,-134.568167,56.801,-134.571833,735.1776,,,,,,,,,,Retained,,228
2024,611,1,710,37833,ILONA B,8/9/2024 13:34,1,10,710,345631,NSEI,56.817667,-134.568167,56.801,-134.571833,735.1776,,,,,,,,,,Retained,,229
2024,611,1,710,37833,ILONA B,8/9/2024 13:34,1,10,710,345631,NSEI,56.817667,-134.568167,56.801,-134.571833,735.1776,,,,,,,,,,Retained,,230
2024,611,1,710,37833,ILONA B,8/9/2024 13:34,1,10,710,345631,NSEI,56.817667,-134.568167,56.801,-134.571833,735.1776,,,,,,,,,,Retained,,231
2024,611,1,710,37833,ILONA B,8/9/2024 13:34,1,10,710,345631,NSEI,56.817667,-134.568167,56.801,-134.571833,735.1776,,,,,,,,,,Retained,,232
2024,611,1,710,37833,ILONA B,8/9/2024 13:34,1,10,710,345631,NSEI,56.817667,-134.568167,56.801,-134.571833,735.1776,,,,,,,,,,Retained,,233
2024,611,1,710,37833,ILONA B,8/9/2024 13:34,1,10,710,345631,NSEI,56.817667,-134.568167,56.801,-134.571833,735.1776,,,,,,,,,,Retained,,234
2024,611,1,710,37833,ILONA B,8/9/2024 13:34,1,10,710,345631,NSEI,56.817667,-134.568167,56.801,-134.571833,735.1776,,,,,,,,,,Retained,,235
2024,611,1,710,37833,ILONA B,8/9/2024 13:34,1,10,710,345631,NSEI,56.817667,-134.568167,56.801,-134.571833,735.1776,,,,,,,,,,Retained,,236
2024,611,1,710,37833,ILONA B,8/9/2024 13:34,1,10,710,345631,NSEI,56.817667,-134.568167,56.801,-134.571833,735.1776,,,,,,,,,,Retained,,237
2024,611,1,710,37833,ILONA B,8/9/2024 13:34,1,10,710,345631,NSEI,56.817667,-134.568167,56.801,-134.571833,735.1776,,,,,,,,,,Retained,,238
2024,611,1,710,37833,ILONA B,8/9/2024 13:34,1,10,710,345631,NSEI,56.817667,-134.568167,56.801,-134.571833,735.1776,,,,,,,,,,Retained,,239
2024,611,1,710,37833,ILONA B,8/9/2024 13:34,1,10,710,345631,NSEI,56.817667,-134.568167,56.801,-134.571833,735.1776,,,,,,,,,,Retained,,240
2024,611,1,710,37833,ILONA B,8/9/2024 13:34,1,10,710,345631,NSEI,56.817667,-134.568167,56.801,-134.571833,735.1776,,,,,,,,,,Retained,,241
2024,611,1,710,37833,ILONA B,8/9/2024 13:34,1,10,710,345631,NSEI,56.817667,-134.568167,56.801,-134.571833,735.1776,,,,,,,,,,Retained,,242
2024,611,1,710,37833,ILONA B,8/9/2024 13:34,1,10,710,345631,NSEI,56.817667,-134.568167,56.801,-134.571833,735.1776,,,,,,,,,,Retained,,243
2024,611,1,710,37833,ILONA B,8/9/2024 13:34,1,10,710,345631,NSEI,56.817667,-134.568167,56.801,-134.571833,735.1776,,,,,,,,,,Retained,,244
2024,611,1,710,37833,ILONA B,8/9/2024 13:34,1,10,710,345631,NSEI,56.817667,-134.568167,56.801,-134.571833,735.1776,,,,,,,,,,Retained,,245
2024,611,1,710,37833,ILONA B,8/9/2024 13:34,1,10,710,345631,NSEI,56.817667,-134.568167,56.801,-134.571833,735.1776,,,,,,,,,,Retained,,246
2024,611,1,710,37833,ILONA B,8/9/2024 13:34,1,10,710,345631,NSEI,56.817667,-134.568167,56.801,-134.571833,735.1776,,,,,,,,,,Retained,,247
2024,611,1,710,37833,ILONA B,8/9/2024 13:34,1,10,710,345631,NSEI,56.817667,-134.568167,56.801,-134.571833,735.1776,,,,,,,,,,Retained,,248
2024,611,1,710,37833,ILONA B,8/9/2024 13:34,1,10,710,345631,NSEI,56.817667,-134.568167,56.801,-134.571833,735.1776,,,,,,,,,,Retained,,249
2024,611,1,710,37833,ILONA B,8/9/2024 13:34,1,10,710,345631,NSEI,56.817667,-134.568167,56.801,-134.571833,735.1776,,,,,,,,,,Retained,,250
2024,611,1,710,37833,ILONA B,8/9/2024 13:34,1,10,710,345631,NSEI,56.817667,-134.568167,56.801,-134.571833,735.1776,,,,,,,,,,Retained,,251
2024,611,1,710,37833,ILONA B,8/9/2024 13:34,1,10,710,345631,NSEI,56.817667,-134.568167,56.801,-134.571833,735.1776,,,,,,,,,,Retained,,252
2024,611,1,710,37833,ILONA B,8/9/2024 13:34,1,10,710,345631,NSEI,56.817667,-134.568167,56.801,-134.571833,735.1776,,,,,,,,,,Retained,,253
2024,611,1,710,37833,ILONA B,8/9/2024 13:34,1,10,710,345631,NSEI,56.817667,-134.568167,56.801,-134.571833,735.1776,,,,,,,,,,Retained,,254
2024,611,1,710,37833,ILONA B,8/9/2024 13:34,1,10,710,345631,NSEI,56.817667,-134.568167,56.801,-134.571833,735.1776,,,,,,,,,,Retained,,255
2024,611,1,710,37833,ILONA B,8/9/2024 13:34,1,10,710,345631,NSEI,56.817667,-134.568167,56.801,-134.571833,735.1776,,,,,,,,,,Retained,,256
2024,611,1,710,37833,ILONA B,8/9/2024 13:34,1,10,710,345631,NSEI,56.817667,-134.568167,56.801,-134.571833,735.1776,,,,,,,,,,Retained,,257
2024,611,1,710,37833,ILONA B,8/9/2024 13:34,1,10,710,345631,NSEI,56.817667,-134.568167,56.801,-134.571833,735.1776,,,,,,,,,,Retained,,258
2024,611,1,710,37833,ILONA B,8/9/2024 13:34,1,10,710,345631,NSEI,56.817667,-134.568167,56.801,-134.571833,735.1776,,,,,,,,,,Retained,,259
2024,611,1,710,37833,ILONA B,8/9/2024 13:34,1,10,710,345631,NSEI,56.817667,-134.568167,56.801,-134.571833,735.1776,,,,,,,,,,Retained,,260
2024,611,1,710,37833,ILONA B,8/9/2024 13:34,1,10,710,345631,NSEI,56.817667,-134.568167,56.801,-134.571833,735.1776,,,,,,,,,,Retained,,261
2024,611,1,710,37833,ILONA B,8/9/2024 13:34,1,10,710,345631,NSEI,56.817667,-134.568167,56.801,-134.571833,735.1776,,,,,,,,,,Retained,,262
2024,611,1,710,37833,ILONA B,8/9/2024 13:34,1,10,710,345631,NSEI,56.817667,-134.568167,56.801,-134.571833,735.1776,,,,,,,,,,Retained,,263
2024,611,1,710,37833,ILONA B,8/9/2024 13:34,1,10,710,345631,NSEI,56.817667,-134.568167,56.801,-134.571833,735.1776,,,,,,,,,,Retained,,264
2024,611,1,710,37833,ILONA B,8/9/2024 13:34,1,10,710,345631,NSEI,56.817667,-134.568167,56.801,-134.571833,735.1776,,,,,,,,,,Retained,,265
2024,611,1,710,37833,ILONA B,8/9/2024 13:34,1,10,710,345631,NSEI,56.817667,-134.568167,56.801,-134.571833,735.1776,,,,,,,,,,Retained,,266
2024,611,1,710,37833,ILONA B,8/9/2024 13:34,1,10,710,345631,NSEI,56.817667,-134.568167,56.801,-134.571833,735.1776,,,,,,,,,,Retained,,267
2024,611,1,710,37833,ILONA B,8/9/2024 13:34,1,10,710,345631,NSEI,56.817667,-134.568167,56.801,-134.571833,735.1776,,,,,,,,,,Retained,,268
2024,611,1,710,37833,ILONA B,8/9/2024 13:34,1,10,710,345631,NSEI,56.817667,-134.568167,56.801,-134.571833,735.1776,,,,,,,,,,Retained,,269
2024,611,1,710,37833,ILONA B,8/9/2024 13:34,1,10,710,345631,NSEI,56.817667,-134.568167,56.801,-134.571833,735.1776,,,,,,,,,,Retained,,270
2024,611,1,710,37833,ILONA B,8/9/2024 13:34,1,10,710,345631,NSEI,56.817667,-134.568167,56.801,-134.571833,735.1776,,,,,,,,,,Retained,,271
2024,611,1,710,37833,ILONA B,8/9/2024 13:34,1,10,710,345631,NSEI,56.817667,-134.568167,56.801,-134.571833,735.1776,,,,,,,,,,Retained,,272
2024,611,1,710,37833,ILONA B,8/9/2024 13:34,1,10,710,345631,NSEI,56.817667,-134.568167,56.801,-134.571833,735.1776,,,,,,,,,,Retained,,273
2024,611,1,710,37833,ILONA B,8/9/2024 13:34,1,10,710,345631,NSEI,56.817667,-134.568167,56.801,-134.571833,735.1776,,,,,,,,,,Retained,,274
2024,611,1,710,37833,ILONA B,8/9/2024 13:34,1,10,710,345631,NSEI,56.817667,-134.568167,56.801,-134.571833,735.1776,,,,,,,,,,Retained,,275
2024,611,1,710,37833,ILONA B,8/9/2024 13:34,1,10,710,345631,NSEI,56.817667,-134.568167,56.801,-134.571833,735.1776,,,,,,,,,,Retained,,276
2024,611,1,710,37833,ILONA B,8/9/2024 13:34,1,10,710,345631,NSEI,56.817667,-134.568167,56.801,-134.571833,735.1776,,,,,,,,,,Retained,,277
2024,611,1,710,37833,ILONA B,8/9/2024 13:34,1,10,710,345631,NSEI,56.817667,-134.568167,56.801,-134.571833,735.1776,,,,,,,,,,Retained,,278
2024,611,1,710,37833,ILONA B,8/9/2024 13:34,1,10,710,345631,NSEI,56.817667,-134.568167,56.801,-134.571833,735.1776,,,,,,,,,,Retained,,279
2024,611,1,710,37833,ILONA B,8/9/2024 13:34,1,10,710,345631,NSEI,56.817667,-134.568167,56.801,-134.571833,735.1776,,,,,,,,,,Retained,,280
2024,611,1,710,37833,ILONA B,8/9/2024 13:34,1,10,710,345631,NSEI,56.817667,-134.568167,56.801,-134.571833,735.1776,,,,,,,,,,Retained,,281
2024,611,1,710,37833,ILONA B,8/9/2024 13:34,1,10,710,345631,NSEI,56.817667,-134.568167,56.801,-134.571833,735.1776,,,,,,,,,,Retained,,282
2024,611,1,710,37833,ILONA B,8/9/2024 13:34,1,10,710,345631,NSEI,56.817667,-134.568167,56.801,-134.571833,735.1776,,,,,,,,,,Retained,,283
2024,611,1,710,37833,ILONA B,8/9/2024 13:34,1,10,710,345631,NSEI,56.817667,-134.568167,56.801,-134.571833,735.1776,,,,,,,,,,Retained,,284
2024,611,1,710,37833,ILONA B,8/9/2024 13:34,1,10,710,345631,NSEI,56.817667,-134.568167,56.801,-134.571833,735.1776,,,,,,,,,,Retained,,285
2024,611,1,710,37833,ILONA B,8/9/2024 13:34,1,10,710,345631,NSEI,56.817667,-134.568167,56.801,-134.571833,735.1776,,,,,,,,,,Retained,,286
2024,611,1,710,37833,ILONA B,8/9/2024 13:34,1,10,710,345631,NSEI,56.817667,-134.568167,56.801,-134.571833,735.1776,,,,,,,,,,Retained,,287
2024,611,1,710,37833,ILONA B,8/9/2024 13:34,1,10,710,345631,NSEI,56.817667,-134.568167,56.801,-134.571833,735.1776,,,,,,,,,,Retained,,288
2024,611,1,710,37833,ILONA B,8/9/2024 13:34,1,10,710,345631,NSEI,56.817667,-134.568167,56.801,-134.571833,735.1776,,,,,,,,,,Retained,,289
2024,611,1,710,37833,ILONA B,8/9/2024 13:34,1,10,710,345631,NSEI,56.817667,-134.568167,56.801,-134.571833,735.1776,,,,,,,,,,Retained,,290
2024,611,1,710,37833,ILONA B,8/9/2024 13:34,1,10,710,345631,NSEI,56.817667,-134.568167,56.801,-134.571833,735.1776,,,,,,,,,,Retained,,291
2024,611,1,710,37833,ILONA B,8/9/2024 13:34,1,10,710,345631,NSEI,56.817667,-134.568167,56.801,-134.571833,735.1776,,,,,,,,,,Retained,,292
2024,611,1,710,37833,ILONA B,8/9/2024 13:34,1,10,710,345631,NSEI,56.817667,-134.568167,56.801,-134.571833,735.1776,,,,,,,,,,Retained,,293
2024,611,1,710,37833,ILONA B,8/9/2024 13:34,1,10,710,345631,NSEI,56.817667,-134.568167,56.801,-134.571833,735.1776,,,,,,,,,,Retained,,294
2024,611,1,710,37833,ILONA B,8/9/2024 13:34,1,10,710,345631,NSEI,56.817667,-134.568167,56.801,-134.571833,735.1776,,,,,,,,,,Retained,,295
2024,611,1,710,37833,ILONA B,8/9/2024 13:34,1,10,710,345631,NSEI,56.817667,-134.568167,56.801,-134.571833,735.1776,,,,,,,,,,Retained,,296
2024,611,1,710,37833,ILONA B,8/9/2024 13:34,1,10,710,345631,NSEI,56.817667,-134.568167,56.801,-134.571833,735.1776,,,,,,,,,,Retained,,297
2024,611,1,710,37833,ILONA B,8/9/2024 13:34,1,10,710,345631,NSEI,56.817667,-134.568167,56.801,-134.571833,735.1776,,,,,,,,,,Retained,,298
2024,611,1,710,37833,ILONA B,8/9/2024 13:34,1,10,710,345631,NSEI,56.817667,-134.568167,56.801,-134.571833,735.1776,,,,,,,,,,Retained,,299
2024,611,1,710,37833,ILONA B,8/9/2024 13:34,1,10,710,345631,NSEI,56.817667,-134.568167,56.801,-134.571833,735.1776,,,,,,,,,,Retained,,300
2024,611,1,710,37833,ILONA B,8/9/2024 13:34,1,10,710,345631,NSEI,56.817667,-134.568167,56.801,-134.571833,735.1776,,,,,,,,,,Retained,,301
2024,611,1,710,37833,ILONA B,8/9/2024 13:34,1,10,710,345631,NSEI,56.817667,-134.568167,56.801,-134.571833,735.1776,,,,,,,,,,Retained,,302
2024,611,1,710,37833,ILONA B,8/9/2024 13:34,1,10,710,345631,NSEI,56.817667,-134.568167,56.801,-134.571833,735.1776,,,,,,,,,,Retained,,303
2024,611,1,710,37833,ILONA B,8/9/2024 13:34,1,10,710,345631,NSEI,56.817667,-134.568167,56.801,-134.571833,735.1776,,,,,,,,,,Retained,,304
2024,611,1,710,37833,ILONA B,8/9/2024 13:34,1,10,710,345631,NSEI,56.817667,-134.568167,56.801,-134.571833,735.1776,,,,,,,,,,Retained,,305
2024,611,1,710,37833,ILONA B,8/9/2024 13:34,1,10,710,345631,NSEI,56.817667,-134.568167,56.801,-134.571833,735.1776,,,,,,,,,,Retained,,306
2024,611,1,710,37833,ILONA B,8/9/2024 13:34,1,10,710,345631,NSEI,56.817667,-134.568167,56.801,-134.571833,735.1776,,,,,,,,,,Retained,,307
2024,611,1,710,37833,ILONA B,8/9/2024 13:34,1,10,710,345631,NSEI,56.817667,-134.568167,56.801,-134.571833,735.1776,,,,,,,,,,Retained,,308
2024,611,1,710,37833,ILONA B,8/9/2024 13:34,1,10,710,345631,NSEI,56.817667,-134.568167,56.801,-134.571833,735.1776,,,,,,,,,,Retained,,309
2024,611,1,710,37833,ILONA B,8/9/2024 13:34,1,10,710,345631,NSEI,56.817667,-134.568167,56.801,-134.571833,735.1776,,,,,,,,,,Retained,,310
2024,611,1,710,37833,ILONA B,8/9/2024 13:34,1,10,710,345631,NSEI,56.817667,-134.568167,56.801,-134.571833,735.1776,,,,,,,,,,Retained,,311
2024,611,1,710,37833,ILONA B,8/9/2024 13:34,1,10,710,345631,NSEI,56.817667,-134.568167,56.801,-134.571833,735.1776,,,,,,,,,,Retained,,312
2024,611,1,710,37833,ILONA B,8/9/2024 13:34,1,10,710,345631,NSEI,56.817667,-134.568167,56.801,-134.571833,735.1776,,,,,,,,,,Retained,,313
2024,611,1,710,37833,ILONA B,8/9/2024 13:34,1,10,710,345631,NSEI,56.817667,-134.568167,56.801,-134.571833,735.1776,,,,,,,,,,Retained,,314
2024,611,1,710,37833,ILONA B,8/9/2024 13:34,1,10,710,345631,NSEI,56.817667,-134.568167,56.801,-134.571833,735.1776,,,,,,,,,,Retained,,315
2024,611,1,710,37833,ILONA B,8/9/2024 13:34,1,10,710,345631,NSEI,56.817667,-134.568167,56.801,-134.571833,735.1776,,,,,,,,,,Retained,,316
2024,611,1,710,37833,ILONA B,8/9/2024 13:34,1,10,710,345631,NSEI,56.817667,-134.568167,56.801,-134.571833,735.1776,,,,,,,,,,Retained,,317
2024,611,1,710,37833,ILONA B,8/9/2024 13:34,1,10,710,345631,NSEI,56.817667,-134.568167,56.801,-134.571833,735.1776,,,,,,,,,,Retained,,318
2024,611,1,710,37833,ILONA B,8/9/2024 13:34,1,10,710,345631,NSEI,56.817667,-134.568167,56.801,-134.571833,735.1776,,,,,,,,,,Retained,,319
2024,611,1,710,37833,ILONA B,8/9/2024 13:34,1,10,710,345631,NSEI,56.817667,-134.568167,56.801,-134.571833,735.1776,,,,,,,,,,Retained,,320
2024,611,1,710,37833,ILONA B,8/9/2024 13:34,1,10,710,345631,NSEI,56.817667,-134.568167,56.801,-134.571833,735.1776,,,,,,,,,,Retained,,321
2024,611,1,710,37833,ILONA B,8/9/2024 13:34,1,10,710,345631,NSEI,56.817667,-134.568167,56.801,-134.571833,735.1776,,,,,,,,,,Retained,,322
2024,611,1,710,37833,ILONA B,8/9/2024 13:34,1,10,710,345631,NSEI,56.817667,-134.568167,56.801,-134.571833,735.1776,,,,,,,,,,Retained,,323
2024,611,1,710,37833,ILONA B,8/9/2024 13:34,1,10,710,345631,NSEI,56.817667,-134.568167,56.801,-134.571833,735.1776,,,,,,,,,,Retained,,324
2024,611,1,710,37833,ILONA B,8/9/2024 13:34,1,10,710,345631,NSEI,56.817667,-134.568167,56.801,-134.571833,735.1776,,,,,,,,,,Retained,,325
2024,611,1,710,37833,ILONA B,8/9/2024 13:34,1,10,710,345631,NSEI,56.817667,-134.568167,56.801,-134.571833,735.1776,,,,,,,,,,Retained,,326
2024,611,1,710,37833,ILONA B,8/9/2024 13:34,1,10,710,345631,NSEI,56.817667,-134.568167,56.801,-134.571833,735.1776,,,,,,,,,,Retained,,327
2024,611,1,710,37833,ILONA B,8/9/2024 13:34,1,10,710,345631,NSEI,56.817667,-134.568167,56.801,-134.571833,735.1776,,,,,,,,,,Retained,,328
2024,611,1,710,37833,ILONA B,8/9/2024 13:34,1,10,710,345631,NSEI,56.817667,-134.568167,56.801,-134.571833,735.1776,,,,,,,,,,Retained,,329
2024,611,1,710,37833,ILONA B,8/9/2024 13:34,1,10,710,345631,NSEI,56.817667,-134.568167,56.801,-134.571833,735.1776,,,,,,,,,,Retained,,330
2024,611,1,710,37833,ILONA B,8/9/2024 13:34,1,10,710,345631,NSEI,56.817667,-134.568167,56.801,-134.571833,735.1776,,,,,,,,,,Retained,,331
2024,611,1,710,37833,ILONA B,8/9/2024 13:34,1,10,710,345631,NSEI,56.817667,-134.568167,56.801,-134.571833,735.1776,,,,,,,,,,Retained,,332
2024,611,1,710,37833,ILONA B,8/9/2024 13:34,1,10,710,345631,NSEI,56.817667,-134.568167,56.801,-134.571833,735.1776,,,,,,,,,,Retained,,333
2024,611,1,710,37833,ILONA B,8/9/2024 13:34,1,10,710,345631,NSEI,56.817667,-134.568167,56.801,-134.571833,735.1776,,,,,,,,,,Retained,,334
2024,611,1,710,37833,ILONA B,8/9/2024 13:34,1,10,710,345631,NSEI,56.817667,-134.568167,56.801,-134.571833,735.1776,,,,,,,,,,Retained,,335
2024,611,1,710,37833,ILONA B,8/9/2024 13:34,1,10,710,345631,NSEI,56.817667,-134.568167,56.801,-134.571833,735.1776,,,,,,,,,,Retained,,336
2024,611,1,710,37833,ILONA B,8/9/2024 13:34,1,10,710,345631,NSEI,56.817667,-134.568167,56.801,-134.571833,735.1776,,,,,,,,,,Retained,,337
2024,611,1,710,37833,ILONA B,8/9/2024 13:34,1,10,710,345631,NSEI,56.817667,-134.568167,56.801,-134.571833,735.1776,,,,,,,,,,Retained,,338
2024,611,1,710,37833,ILONA B,8/9/2024 13:34,1,10,710,345631,NSEI,56.817667,-134.568167,56.801,-134.571833,735.1776,,,,,,,,,,Retained,,339
2024,611,1,710,37833,ILONA B,8/9/2024 13:34,1,10,710,345631,NSEI,56.817667,-134.568167,56.801,-134.571833,735.1776,,,,,,,,,,Retained,,340
2024,611,1,710,37833,ILONA B,8/9/2024 13:34,1,10,710,345631,NSEI,56.817667,-134.568167,56.801,-134.571833,735.1776,,,,,,,,,,Retained,,341
2024,611,1,710,37833,ILONA B,8/9/2024 13:34,1,10,710,345631,NSEI,56.817667,-134.568167,56.801,-134.571833,735.1776,,,,,,,,,,Retained,,342
2024,611,1,710,37833,ILONA B,8/9/2024 13:34,1,10,710,345631,NSEI,56.817667,-134.568167,56.801,-134.571833,735.1776,,,,,,,,,,Retained,,343
2024,611,1,710,37833,ILONA B,8/9/2024 13:34,1,10,710,345631,NSEI,56.817667,-134.568167,56.801,-134.571833,735.1776,,,,,,,,,,Retained,,344
2024,611,1,710,37833,ILONA B,8/9/2024 13:34,1,10,710,345631,NSEI,56.817667,-134.568167,56.801,-134.571833,735.1776,,,,,,,,,,Retained,,345
2024,611,1,710,37833,ILONA B,8/9/2024 13:34,1,10,710,345631,NSEI,56.817667,-134.568167,56.801,-134.571833,735.1776,,,,,,,,,,Retained,,346
2024,611,1,710,37833,ILONA B,8/9/2024 13:34,1,10,710,345631,NSEI,56.817667,-134.568167,56.801,-134.571833,735.1776,,,,,,,,,,Retained,,347
2024,611,1,710,37833,ILONA B,8/9/2024 13:34,1,10,710,345631,NSEI,56.817667,-134.568167,56.801,-134.571833,735.1776,,,,,,,,,,Retained,,348
2024,611,1,710,37833,ILONA B,8/9/2024 13:34,1,10,710,345631,NSEI,56.817667,-134.568167,56.801,-134.571833,735.1776,,,,,,,,,,Retained,,349
2024,611,1,710,37833,ILONA B,8/9/2024 13:34,1,10,710,345631,NSEI,56.817667,-134.568167,56.801,-134.571833,735.1776,,,,,,,,,,Retained,,350
2024,611,1,710,37833,ILONA B,8/9/2024 13:34,1,10,710,345631,NSEI,56.817667,-134.568167,56.801,-134.571833,735.1776,,,,,,,,,,Retained,,351
2024,611,1,710,37833,ILONA B,8/9/2024 13:34,1,10,710,345631,NSEI,56.817667,-134.568167,56.801,-134.571833,735.1776,,,,,,,,,,Retained,,352
2024,611,1,710,37833,ILONA B,8/9/2024 13:34,1,10,710,345631,NSEI,56.817667,-134.568167,56.801,-134.571833,735.1776,,,,,,,,,,Retained,,353
2024,611,1,710,37833,ILONA B,8/9/2024 13:34,1,10,710,345631,NSEI,56.817667,-134.568167,56.801,-134.571833,735.1776,,,,,,,,,,Retained,,354
2024,611,1,710,37833,ILONA B,8/9/2024 13:34,1,10,710,345631,NSEI,56.817667,-134.568167,56.801,-134.571833,735.1776,,,,,,,,,,Retained,,355
2024,611,1,710,37833,ILONA B,8/9/2024 13:34,1,10,710,345631,NSEI,56.817667,-134.568167,56.801,-134.571833,735.1776,,,,,,,,,,Retained,,356
2024,611,1,710,37833,ILONA B,8/9/2024 13:34,1,10,710,345631,NSEI,56.817667,-134.568167,56.801,-134.571833,735.1776,,,,,,,,,,Retained,,357
2024,611,1,710,37833,ILONA B,8/9/2024 13:34,1,10,710,345631,NSEI,56.817667,-134.568167,56.801,-134.571833,735.1776,,,,,,,,,,Retained,,358
2024,611,1,710,37833,ILONA B,8/9/2024 13:34,1,10,710,345631,NSEI,56.817667,-134.568167,56.801,-134.571833,735.1776,,,,,,,,,,Retained,,359
2024,611,1,710,37833,ILONA B,8/9/2024 13:34,1,10,710,345631,NSEI,56.817667,-134.568167,56.801,-134.571833,735.1776,,,,,,,,,,Retained,,360
2024,611,1,710,37833,ILONA B,8/9/2024 13:34,1,10,710,345631,NSEI,56.817667,-134.568167,56.801,-134.571833,735.1776,,,,,,,,,,Retained,,361
2024,611,1,710,37833,ILONA B,8/9/2024 13:34,1,10,710,345631,NSEI,56.817667,-134.568167,56.801,-134.571833,735.1776,,,,,,,,,,Retained,,362
2024,611,1,710,37833,ILONA B,8/9/2024 13:34,1,10,710,345631,NSEI,56.817667,-134.568167,56.801,-134.571833,735.1776,,,,,,,,,,Retained,,363
2024,611,1,710,37833,ILONA B,8/9/2024 13:34,1,10,710,345631,NSEI,56.817667,-134.568167,56.801,-134.571833,735.1776,,,,,,,,,,Retained,,364
2024,611,1,710,37833,ILONA B,8/9/2024 13:34,1,10,710,345631,NSEI,56.817667,-134.568167,56.801,-134.571833,735.1776,,,,,,,,,,Retained,,365
2024,611,1,710,37833,ILONA B,8/9/2024 13:34,1,10,710,345631,NSEI,56.817667,-134.568167,56.801,-134.571833,735.1776,,,,,,,,,,Retained,,366
2024,611,1,710,37833,ILONA B,8/9/2024 13:34,1,10,710,345631,NSEI,56.817667,-134.568167,56.801,-134.571833,735.1776,,,,,,,,,,Retained,,367
2024,611,1,710,37833,ILONA B,8/9/2024 13:34,1,10,710,345631,NSEI,56.817667,-134.568167,56.801,-134.571833,735.1776,,,,,,,,,,Retained,,368
2024,611,1,710,37833,ILONA B,8/9/2024 13:34,1,10,710,345631,NSEI,56.817667,-134.568167,56.801,-134.571833,735.1776,,,,,,,,,,Retained,,369
2024,611,1,710,37833,ILONA B,8/9/2024 13:34,1,10,710,345631,NSEI,56.817667,-134.568167,56.801,-134.571833,735.1776,,,,,,,,,,Retained,,370
2024,611,1,710,37833,ILONA B,8/9/2024 13:34,1,10,710,345631,NSEI,56.817667,-134.568167,56.801,-134.571833,735.1776,,,,,,,,,,Retained,,371
2024,611,1,710,37833,ILONA B,8/9/2024 13:34,1,10,710,345631,NSEI,56.817667,-134.568167,56.801,-134.571833,735.1776,,,,,,,,,,Retained,,372
2024,611,1,710,37833,ILONA B,8/9/2024 13:34,1,10,710,345631,NSEI,56.817667,-134.568167,56.801,-134.571833,735.1776,,,,,,,,,,Retained,,373
2024,611,1,710,37833,ILONA B,8/9/2024 13:34,1,10,710,345631,NSEI,56.817667,-134.568167,56.801,-134.571833,735.1776,,,,,,,,,,Retained,,374
2024,611,1,710,37833,ILONA B,8/9/2024 13:34,1,10,710,345631,NSEI,56.817667,-134.568167,56.801,-134.571833,735.1776,,,,,,,,,,Retained,,375
2024,611,1,710,37833,ILONA B,8/9/2024 13:34,1,10,710,345631,NSEI,56.817667,-134.568167,56.801,-134.571833,735.1776,,,,,,,,,,Retained,,376
2024,611,1,710,37833,ILONA B,8/9/2024 13:34,1,10,710,345631,NSEI,56.817667,-134.568167,56.801,-134.571833,735.1776,,,,,,,,,,Retained,,377
2024,611,1,710,37833,ILONA B,8/9/2024 13:34,1,10,710,345631,NSEI,56.817667,-134.568167,56.801,-134.571833,735.1776,,,,,,,,,,Retained,,378
2024,611,1,710,37833,ILONA B,8/9/2024 13:34,1,10,710,345631,NSEI,56.817667,-134.568167,56.801,-134.571833,735.1776,,,,,,,,,,Retained,,379
2024,611,1,710,37833,ILONA B,8/9/2024 13:34,1,10,710,345631,NSEI,56.817667,-134.568167,56.801,-134.571833,735.1776,,,,,,,,,,Retained,,380
2024,611,1,710,37833,ILONA B,8/9/2024 13:34,1,10,710,345631,NSEI,56.817667,-134.568167,56.801,-134.571833,735.1776,,,,,,,,,,Retained,,381
2024,611,1,710,37833,ILONA B,8/9/2024 13:34,1,10,710,345631,NSEI,56.817667,-134.568167,56.801,-134.571833,735.1776,,,,,,,,,,Retained,,382
2024,611,1,710,37833,ILONA B,8/9/2024 13:34,1,10,710,345631,NSEI,56.817667,-134.568167,56.801,-134.571833,735.1776,,,,,,,,,,Retained,,383
2024,611,1,710,37833,ILONA B,8/9/2024 13:34,1,10,710,345631,NSEI,56.817667,-134.568167,56.801,-134.571833,735.1776,,,,,,,,,,Retained,,384
2024,611,1,710,37833,ILONA B,8/9/2024 13:34,1,10,710,345631,NSEI,56.817667,-134.568167,56.801,-134.571833,735.1776,,,,,,,,,,Retained,,385
2024,611,1,710,37833,ILONA B,8/9/2024 13:34,1,10,710,345631,NSEI,56.817667,-134.568167,56.801,-134.571833,735.1776,,,,,,,,,,Retained,,386
2024,611,1,710,37833,ILONA B,8/9/2024 13:34,1,10,710,345631,NSEI,56.817667,-134.568167,56.801,-134.571833,735.1776,,,,,,,,,,Retained,,387
2024,611,1,710,37833,ILONA B,8/9/2024 13:34,1,10,710,345631,NSEI,56.817667,-134.568167,56.801,-134.571833,735.1776,,,,,,,,,,Retained,,388
2024,611,1,710,37833,ILONA B,8/9/2024 13:34,1,10,710,345631,NSEI,56.817667,-134.568167,56.801,-134.571833,735.1776,,,,,,,,,,Retained,,389
2024,611,1,710,37833,ILONA B,8/9/2024 13:34,1,10,710,345631,NSEI,56.817667,-134.568167,56.801,-134.571833,735.1776,,,,,,,,,,Retained,,390
2024,611,1,710,37833,ILONA B,8/9/2024 13:34,1,10,710,345631,NSEI,56.817667,-134.568167,56.801,-134.571833,735.1776,,,,,,,,,,Retained,,391
2024,611,1,710,37833,ILONA B,8/9/2024 13:34,1,10,710,345631,NSEI,56.817667,-134.568167,56.801,-134.571833,735.1776,,,,,,,,,,Retained,,392
2024,611,1,710,37833,ILONA B,8/9/2024 13:34,1,10,710,345631,NSEI,56.817667,-134.568167,56.801,-134.571833,735.1776,,,,,,,,,,Retained,,393
2024,611,1,710,37833,ILONA B,8/9/2024 13:34,1,10,710,345631,NSEI,56.817667,-134.568167,56.801,-134.571833,735.1776,,,,,,,,,,Retained,,394
2024,611,1,710,37833,ILONA B,8/9/2024 13:34,1,10,710,345631,NSEI,56.817667,-134.568167,56.801,-134.571833,735.1776,,,,,,,,,,Retained,,395
2024,611,1,710,37833,ILONA B,8/9/2024 13:34,1,10,710,345631,NSEI,56.817667,-134.568167,56.801,-134.571833,735.1776,,,,,,,,,,Retained,,396
2024,611,1,710,37833,ILONA B,8/9/2024 13:34,1,10,710,345631,NSEI,56.817667,-134.568167,56.801,-134.571833,735.1776,,,,,,,,,,Retained,,397
2024,611,1,710,37833,ILONA B,8/9/2024 13:34,1,10,710,345631,NSEI,56.817667,-134.568167,56.801,-134.571833,735.1776,,,,,,,,,,Retained,,398
2024,611,1,710,37833,ILONA B,8/9/2024 13:34,1,10,710,345631,NSEI,56.817667,-134.568167,56.801,-134.571833,735.1776,,,,,,,,,,Retained,,399
2024,611,1,710,37833,ILONA B,8/9/2024 13:34,1,10,710,345631,NSEI,56.817667,-134.568167,56.801,-134.571833,735.1776,,,,,,,,,,Retained,,400
2024,611,1,710,37833,ILONA B,8/9/2024 13:34,1,10,710,345631,NSEI,56.817667,-134.568167,56.801,-134.571833,735.1776,,,,,,,,,,Retained,,401
2024,611,1,710,37833,ILONA B,8/9/2024 13:34,1,10,710,345631,NSEI,56.817667,-134.568167,56.801,-134.571833,735.1776,,,,,,,,,,Retained,,402
2024,611,1,710,37833,ILONA B,8/9/2024 13:34,1,10,710,345631,NSEI,56.817667,-134.568167,56.801,-134.571833,735.1776,,,,,,,,,,Retained,,403
2024,611,1,710,37833,ILONA B,8/9/2024 13:34,1,10,710,345631,NSEI,56.817667,-134.568167,56.801,-134.571833,735.1776,,,,,,,,,,Retained,,404
2024,611,1,710,37833,ILONA B,8/9/2024 13:34,1,10,710,345631,NSEI,56.817667,-134.568167,56.801,-134.571833,735.1776,,,,,,,,,,Retained,,405
2024,611,1,710,37833,ILONA B,8/9/2024 13:34,1,10,710,345631,NSEI,56.817667,-134.568167,56.801,-134.571833,735.1776,,,,,,,,,,Retained,,406
2024,611,1,710,37833,ILONA B,8/9/2024 13:34,1,10,710,345631,NSEI,56.817667,-134.568167,56.801,-134.571833,735.1776,,,,,,,,,,Retained,,407
2024,611,1,710,37833,ILONA B,8/9/2024 13:34,1,10,710,345631,NSEI,56.817667,-134.568167,56.801,-134.571833,735.1776,,,,,,,,,,Retained,,408
2024,611,1,710,37833,ILONA B,8/9/2024 13:34,1,10,710,345631,NSEI,56.817667,-134.568167,56.801,-134.571833,735.1776,,,,,,,,,,Retained,,409
2024,611,1,710,37833,ILONA B,8/9/2024 13:34,1,10,710,345631,NSEI,56.817667,-134.568167,56.801,-134.571833,735.1776,,,,,,,,,,Retained,,410
2024,611,1,710,37833,ILONA B,8/9/2024 13:34,1,10,710,345631,NSEI,56.817667,-134.568167,56.801,-134.571833,735.1776,,,,,,,,,,Retained,,411
2024,611,1,710,37833,ILONA B,8/9/2024 13:34,1,10,710,345631,NSEI,56.817667,-134.568167,56.801,-134.571833,735.1776,,,,,,,,,,Retained,,412
2024,611,1,710,37833,ILONA B,8/9/2024 13:34,1,10,710,345631,NSEI,56.817667,-134.568167,56.801,-134.571833,735.1776,,,,,,,,,,Retained,,413
2024,611,1,710,37833,ILONA B,8/9/2024 13:34,1,10,710,345631,NSEI,56.817667,-134.568167,56.801,-134.571833,735.1776,,,,,,,,,,Retained,,414
2024,611,1,710,37833,ILONA B,8/9/2024 13:34,1,10,710,345631,NSEI,56.817667,-134.568167,56.801,-134.571833,735.1776,,,,,,,,,,Retained,,415
2024,611,1,710,37833,ILONA B,8/9/2024 13:34,1,10,710,345631,NSEI,56.817667,-134.568167,56.801,-134.571833,735.1776,,,,,,,,,,Retained,,416
2024,611,1,710,37833,ILONA B,8/9/2024 13:34,1,10,710,345631,NSEI,56.817667,-134.568167,56.801,-134.571833,735.1776,,,,,,,,,,Retained,,417
2024,611,1,710,37833,ILONA B,8/9/2024 13:34,1,10,710,345631,NSEI,56.817667,-134.568167,56.801,-134.571833,735.1776,,,,,,,,,,Retained,,418
2024,611,1,710,37833,ILONA B,8/9/2024 13:34,1,10,710,345631,NSEI,56.817667,-134.568167,56.801,-134.571833,735.1776,,,,,,,,,,Retained,,419
2024,611,1,710,37833,ILONA B,8/9/2024 13:34,1,10,710,345631,NSEI,56.817667,-134.568167,56.801,-134.571833,735.1776,,,,,,,,,,Retained,,420
2024,611,1,710,37833,ILONA B,8/9/2024 13:34,1,10,710,345631,NSEI,56.817667,-134.568167,56.801,-134.571833,735.1776,,,,,,,,,,Retained,,421
2024,611,1,710,37833,ILONA B,8/9/2024 13:34,1,10,710,345631,NSEI,56.817667,-134.568167,56.801,-134.571833,735.1776,,,,,,,,,,Retained,,422
2024,611,1,710,37833,ILONA B,8/9/2024 13:34,1,10,710,345631,NSEI,56.817667,-134.568167,56.801,-134.571833,735.1776,,,,,,,,,,Retained,,423
2024,611,1,710,37833,ILONA B,8/9/2024 13:34,1,10,710,345631,NSEI,56.817667,-134.568167,56.801,-134.571833,735.1776,,,,,,,,,,Retained,,424
2024,611,1,710,37833,ILONA B,8/9/2024 13:34,1,10,710,345631,NSEI,56.817667,-134.568167,56.801,-134.571833,735.1776,,,,,,,,,,Retained,,425
2024,611,1,710,37833,ILONA B,8/9/2024 13:34,1,10,710,345631,NSEI,56.817667,-134.568167,56.801,-134.571833,735.1776,,,,,,,,,,Retained,,426
2024,611,1,710,37833,ILONA B,8/9/2024 13:34,1,10,710,345631,NSEI,56.817667,-134.568167,56.801,-134.571833,735.1776,,,,,,,,,,Retained,,427
2024,611,1,710,37833,ILONA B,8/9/2024 13:34,1,10,710,345631,NSEI,56.817667,-134.568167,56.801,-134.571833,735.1776,,,,,,,,,,Retained,,428
2024,611,1,710,37833,ILONA B,8/9/2024 13:34,1,10,710,345631,NSEI,56.817667,-134.568167,56.801,-134.571833,735.1776,,,,,,,,,,Retained,,429
2024,611,1,710,37833,ILONA B,8/9/2024 13:34,1,10,710,345631,NSEI,56.817667,-134.568167,56.801,-134.571833,735.1776,,,,,,,,,,Retained,,430
2024,611,1,710,37833,ILONA B,8/9/2024 13:34,1,10,710,345631,NSEI,56.817667,-134.568167,56.801,-134.571833,735.1776,,,,,,,,,,Retained,,431
2024,611,1,710,37833,ILONA B,8/9/2024 13:34,1,10,710,345631,NSEI,56.817667,-134.568167,56.801,-134.571833,735.1776,,,,,,,,,,Retained,,432
2024,611,1,710,37833,ILONA B,8/9/2024 13:34,1,10,710,345631,NSEI,56.817667,-134.568167,56.801,-134.571833,735.1776,,,,,,,,,,Retained,,433
2024,611,1,710,37833,ILONA B,8/9/2024 13:34,1,10,710,345631,NSEI,56.817667,-134.568167,56.801,-134.571833,735.1776,,,,,,,,,,Retained,,434
2024,611,1,710,37833,ILONA B,8/9/2024 13:34,1,10,710,345631,NSEI,56.817667,-134.568167,56.801,-134.571833,735.1776,,,,,,,,,,Retained,,435
2024,611,1,710,37833,ILONA B,8/9/2024 13:34,1,10,710,345631,NSEI,56.817667,-134.568167,56.801,-134.571833,735.1776,,,,,,,,,,Retained,,436
2024,611,1,710,37833,ILONA B,8/9/2024 13:34,1,10,710,345631,NSEI,56.817667,-134.568167,56.801,-134.571833,735.1776,,,,,,,,,,Retained,,437
2024,611,1,710,37833,ILONA B,8/9/2024 13:34,1,10,710,345631,NSEI,56.817667,-134.568167,56.801,-134.571833,735.1776,,,,,,,,,,Retained,,438
2024,611,1,710,37833,ILONA B,8/9/2024 13:34,1,10,710,345631,NSEI,56.817667,-134.568167,56.801,-134.571833,735.1776,,,,,,,,,,Retained,,439
2024,611,1,710,37833,ILONA B,8/9/2024 13:34,1,10,710,345631,NSEI,56.817667,-134.568167,56.801,-134.571833,735.1776,,,,,,,,,,Retained,,440
2024,611,1,710,37833,ILONA B,8/9/2024 13:34,1,10,710,345631,NSEI,56.817667,-134.568167,56.801,-134.571833,735.1776,,,,,,,,,,Retained,,441
2024,611,1,710,37833,ILONA B,8/9/2024 13:34,1,10,710,345631,NSEI,56.817667,-134.568167,56.801,-134.571833,735.1776,,,,,,,,,,Retained,,442
2024,611,1,710,37833,ILONA B,8/9/2024 13:34,1,10,710,345631,NSEI,56.817667,-134.568167,56.801,-134.571833,735.1776,,,,,,,,,,Retained,,443
2024,611,1,710,37833,ILONA B,8/9/2024 13:34,1,10,710,345631,NSEI,56.817667,-134.568167,56.801,-134.571833,735.1776,,,,,,,,,,Retained,,444
2024,611,1,710,37833,ILONA B,8/9/2024 13:34,1,10,710,345631,NSEI,56.817667,-134.568167,56.801,-134.571833,735.1776,,,,,,,,,,Retained,,445
2024,611,1,710,37833,ILONA B,8/9/2024 13:34,1,10,710,345631,NSEI,56.817667,-134.568167,56.801,-134.571833,735.1776,,,,,,,,,,Retained,,446
2024,611,1,710,37833,ILONA B,8/9/2024 13:34,1,10,710,345631,NSEI,56.817667,-134.568167,56.801,-134.571833,735.1776,,,,,,,,,,Retained,,447
2024,611,1,710,37833,ILONA B,8/9/2024 13:34,1,10,710,345631,NSEI,56.817667,-134.568167,56.801,-134.571833,735.1776,,,,,,,,,,Retained,,448
2024,611,1,710,37833,ILONA B,8/9/2024 13:34,1,10,710,345631,NSEI,56.817667,-134.568167,56.801,-134.571833,735.1776,,,,,,,,,,Retained,,449
2024,611,1,710,37833,ILONA B,8/9/2024 13:34,1,10,710,345631,NSEI,56.817667,-134.568167,56.801,-134.571833,735.1776,,,,,,,,,,Retained,,450
2024,611,1,710,37833,ILONA B,8/9/2024 13:34,1,10,710,345631,NSEI,56.817667,-134.568167,56.801,-134.571833,735.1776,,,,,,,,,,Retained,,451
2024,611,1,710,37833,ILONA B,8/9/2024 13:34,1,10,710,345631,NSEI,56.817667,-134.568167,56.801,-134.571833,735.1776,,,,,,,,,,Retained,,452
2024,611,1,710,37833,ILONA B,8/9/2024 13:34,1,10,710,345631,NSEI,56.817667,-134.568167,56.801,-134.571833,735.1776,,,,,,,,,,Retained,,453
2024,611,1,710,37833,ILONA B,8/9/2024 13:34,1,10,710,345631,NSEI,56.817667,-134.568167,56.801,-134.571833,735.1776,,,,,,,,,,Retained,,454
2024,611,1,710,37833,ILONA B,8/9/2024 13:34,1,10,710,345631,NSEI,56.817667,-134.568167,56.801,-134.571833,735.1776,,,,,,,,,,Retained,,455
2024,611,1,710,37833,ILONA B,8/9/2024 13:34,1,10,710,345631,NSEI,56.817667,-134.568167,56.801,-134.571833,735.1776,,,,,,,,,,Retained,,456
2024,611,1,710,37833,ILONA B,8/9/2024 13:34,1,10,710,345631,NSEI,56.817667,-134.568167,56.801,-134.571833,735.1776,,,,,,,,,,Retained,,457
2024,611,1,710,37833,ILONA B,8/9/2024 13:34,1,10,710,345631,NSEI,56.817667,-134.568167,56.801,-134.571833,735.1776,,,,,,,,,,Retained,,458
2024,611,1,710,37833,ILONA B,8/9/2024 13:34,1,10,710,345631,NSEI,56.817667,-134.568167,56.801,-134.571833,735.1776,,,,,,,,,,Retained,,459
2024,611,1,710,37833,ILONA B,8/9/2024 13:34,1,10,710,345631,NSEI,56.817667,-134.568167,56.801,-134.571833,735.1776,,,,,,,,,,Retained,,460
2024,611,1,710,37833,ILONA B,8/9/2024 13:34,1,10,710,345631,NSEI,56.817667,-134.568167,56.801,-134.571833,735.1776,,,,,,,,,,Retained,,461
2024,611,1,710,37833,ILONA B,8/9/2024 13:34,1,10,710,345631,NSEI,56.817667,-134.568167,56.801,-134.571833,735.1776,,,,,,,,,,Retained,,462
2024,611,1,710,37833,ILONA B,8/9/2024 13:34,1,10,710,345631,NSEI,56.817667,-134.568167,56.801,-134.571833,735.1776,,,,,,,,,,Retained,,463
2024,611,1,710,37833,ILONA B,8/9/2024 13:34,1,10,710,345631,NSEI,56.817667,-134.568167,56.801,-134.571833,735.1776,,,,,,,,,,Retained,,464
2024,611,1,710,37833,ILONA B,8/9/2024 13:34,1,10,710,345631,NSEI,56.817667,-134.568167,56.801,-134.571833,735.1776,,,,,,,,,,Retained,,465
2024,611,1,710,37833,ILONA B,8/9/2024 13:34,1,10,710,345631,NSEI,56.817667,-134.568167,56.801,-134.571833,735.1776,,,,,,,,,,Retained,,466
2024,611,1,710,37833,ILONA B,8/9/2024 13:34,1,10,710,345631,NSEI,56.817667,-134.568167,56.801,-134.571833,735.1776,,,,,,,,,,Retained,,467
2024,611,1,710,37833,ILONA B,8/9/2024 13:34,1,10,710,345631,NSEI,56.817667,-134.568167,56.801,-134.571833,735.1776,,,,,,,,,,Retained,,468
2024,611,1,710,37833,ILONA B,8/9/2024 13:34,1,10,710,345631,NSEI,56.817667,-134.568167,56.801,-134.571833,735.1776,,,,,,,,,,Retained,,469
2024,611,1,710,37833,ILONA B,8/9/2024 13:34,1,10,710,345631,NSEI,56.817667,-134.568167,56.801,-134.571833,735.1776,,,,,,,,,,Retained,,470
2024,611,1,710,37833,ILONA B,8/9/2024 13:34,1,10,710,345631,NSEI,56.817667,-134.568167,56.801,-134.571833,735.1776,,,,,,,,,,Retained,,471
2024,611,1,710,37833,ILONA B,8/9/2024 13:34,1,10,710,345631,NSEI,56.817667,-134.568167,56.801,-134.571833,735.1776,,,,,,,,,,Retained,,472
2024,611,1,710,37833,ILONA B,8/9/2024 13:34,1,10,710,345631,NSEI,56.817667,-134.568167,56.801,-134.571833,735.1776,,,,,,,,,,Retained,,473
2024,611,1,710,37833,ILONA B,8/9/2024 13:34,1,10,710,345631,NSEI,56.817667,-134.568167,56.801,-134.571833,735.1776,,,,,,,,,,Retained,,474
2024,611,1,710,37833,ILONA B,8/9/2024 13:34,1,10,710,345631,NSEI,56.817667,-134.568167,56.801,-134.571833,735.1776,,,,,,,,,,Retained,,475
2024,611,1,710,37833,ILONA B,8/9/2024 13:34,1,10,710,345631,NSEI,56.817667,-134.568167,56.801,-134.571833,735.1776,,,,,,,,,,Retained,,476
2024,611,1,710,37833,ILONA B,8/9/2024 13:34,1,10,710,345631,NSEI,56.817667,-134.568167,56.801,-134.571833,735.1776,,,,,,,,,,Retained,,477
2024,611,1,710,37833,ILONA B,8/9/2024 13:34,1,10,710,345631,NSEI,56.817667,-134.568167,56.801,-134.571833,735.1776,,,,,,,,,,Retained,,478
2024,611,1,710,37833,ILONA B,8/9/2024 13:34,1,10,710,345631,NSEI,56.817667,-134.568167,56.801,-134.571833,735.1776,,,,,,,,,,Retained,,479
2024,611,1,710,37833,ILONA B,8/9/2024 13:34,1,10,710,345631,NSEI,56.817667,-134.568167,56.801,-134.571833,735.1776,,,,,,,,,,Retained,,480
2024,611,1,710,37833,ILONA B,8/9/2024 13:34,1,10,710,345631,NSEI,56.817667,-134.568167,56.801,-134.571833,735.1776,,,,,,,,,,Retained,,481
2024,611,1,710,37833,ILONA B,8/9/2024 13:34,1,10,710,345631,NSEI,56.817667,-134.568167,56.801,-134.571833,735.1776,,,,,,,,,,Retained,,482
2024,611,1,710,37833,ILONA B,8/9/2024 13:34,1,10,710,345631,NSEI,56.817667,-134.568167,56.801,-134.571833,735.1776,,,,,,,,,,Retained,,483
2024,611,1,710,37833,ILONA B,8/9/2024 13:34,1,10,710,345631,NSEI,56.817667,-134.568167,56.801,-134.571833,735.1776,,,,,,,,,,Retained,,484
2024,611,1,710,37833,ILONA B,8/9/2024 13:34,1,10,710,345631,NSEI,56.817667,-134.568167,56.801,-134.571833,735.1776,,,,,,,,,,Retained,,485
2024,611,1,710,37833,ILONA B,8/9/2024 13:34,1,10,710,345631,NSEI,56.817667,-134.568167,56.801,-134.571833,735.1776,,,,,,,,,,Retained,,486
2024,611,1,710,37833,ILONA B,8/9/2024 13:34,1,10,710,345631,NSEI,56.817667,-134.568167,56.801,-134.571833,735.1776,,,,,,,,,,Retained,,487
2024,611,1,710,37833,ILONA B,8/9/2024 13:34,1,10,710,345631,NSEI,56.817667,-134.568167,56.801,-134.571833,735.1776,,,,,,,,,,Retained,,488
2024,611,1,710,37833,ILONA B,8/9/2024 13:34,1,10,710,345631,NSEI,56.817667,-134.568167,56.801,-134.571833,735.1776,,,,,,,,,,Retained,,489
2024,611,1,710,37833,ILONA B,8/9/2024 13:34,1,10,710,345631,NSEI,56.817667,-134.568167,56.801,-134.571833,735.1776,,,,,,,,,,Retained,,490
2024,611,1,710,37833,ILONA B,8/9/2024 13:34,1,10,710,345631,NSEI,56.817667,-134.568167,56.801,-134.571833,735.1776,,,,,,,,,,Retained,,491
2024,611,1,710,37833,ILONA B,8/9/2024 13:34,1,10,710,345631,NSEI,56.817667,-134.568167,56.801,-134.571833,735.1776,,,,,,,,,,Retained,,492
2024,611,1,710,37833,ILONA B,8/9/2024 13:34,1,10,710,345631,NSEI,56.817667,-134.568167,56.801,-134.571833,735.1776,,,,,,,,,,Retained,,493
2024,611,1,710,37833,ILONA B,8/9/2024 13:34,1,10,710,345631,NSEI,56.817667,-134.568167,56.801,-134.571833,735.1776,,,,,,,,,,Retained,,494
2024,611,1,710,37833,ILONA B,8/9/2024 13:34,1,10,710,345631,NSEI,56.817667,-134.568167,56.801,-134.571833,735.1776,,,,,,,,,,Retained,,495
2024,611,1,710,37833,ILONA B,8/9/2024 13:34,1,10,710,345631,NSEI,56.817667,-134.568167,56.801,-134.571833,735.1776,,,,,,,,,,Retained,,496
2024,611,1,710,37833,ILONA B,8/9/2024 13:34,1,10,710,345631,NSEI,56.817667,-134.568167,56.801,-134.571833,735.1776,,,,,,,,,,Retained,,497
2024,611,1,710,37833,ILONA B,8/9/2024 13:34,1,10,710,345631,NSEI,56.817667,-134.568167,56.801,-134.571833,735.1776,,,,,,,,,,Retained,,498
2024,611,1,710,37833,ILONA B,8/9/2024 13:34,1,10,710,345631,NSEI,56.817667,-134.568167,56.801,-134.571833,735.1776,,,,,,,,,,Retained,,499
2024,611,1,710,37833,ILONA B,8/9/2024 13:34,1,10,710,345631,NSEI,56.817667,-134.568167,56.801,-134.571833,735.1776,,,,,,,,,,Retained,,500
2024,611,1,710,37833,ILONA B,8/9/2024 13:34,1,10,710,345631,NSEI,56.817667,-134.568167,56.801,-134.571833,735.1776,,,,,,,,,,Retained,,501
2024,611,1,710,37833,ILONA B,8/9/2024 13:34,1,10,710,345631,NSEI,56.817667,-134.568167,56.801,-134.571833,735.1776,,,,,,,,,,Retained,,502
2024,611,1,710,37833,ILONA B,8/9/2024 13:34,1,10,710,345631,NSEI,56.817667,-134.568167,56.801,-134.571833,735.1776,,,,,,,,,,Retained,,503
2024,611,1,710,37833,ILONA B,8/9/2024 13:34,1,10,710,345631,NSEI,56.817667,-134.568167,56.801,-134.571833,735.1776,,,,,,,,,,Retained,,504
2024,611,1,710,37833,ILONA B,8/9/2024 13:34,1,10,710,345631,NSEI,56.817667,-134.568167,56.801,-134.571833,735.1776,,,,,,,,,,Retained,,505
2024,611,1,710,37833,ILONA B,8/9/2024 13:34,1,10,710,345631,NSEI,56.817667,-134.568167,56.801,-134.571833,735.1776,,,,,,,,,,Retained,,506
2024,611,1,710,37833,ILONA B,8/9/2024 13:34,1,10,710,345631,NSEI,56.817667,-134.568167,56.801,-134.571833,735.1776,,,,,,,,,,Retained,,507
2024,611,1,710,37833,ILONA B,8/9/2024 13:34,1,10,710,345631,NSEI,56.817667,-134.568167,56.801,-134.571833,735.1776,,,,,,,,,,Retained,,508
2024,611,1,710,37833,ILONA B,8/9/2024 13:34,1,10,710,345631,NSEI,56.817667,-134.568167,56.801,-134.571833,735.1776,,,,,,,,,,Retained,,509
2024,611,1,710,37833,ILONA B,8/9/2024 13:34,1,10,710,345631,NSEI,56.817667,-134.568167,56.801,-134.571833,735.1776,,,,,,,,,,Retained,,510
2024,611,1,710,37833,ILONA B,8/9/2024 13:34,1,10,710,345631,NSEI,56.817667,-134.568167,56.801,-134.571833,735.1776,,,,,,,,,,Retained,,511
2024,611,1,710,37833,ILONA B,8/9/2024 13:34,1,10,710,345631,NSEI,56.817667,-134.568167,56.801,-134.571833,735.1776,,,,,,,,,,Retained,,512
2024,611,1,710,37833,ILONA B,8/9/2024 13:34,1,10,710,345631,NSEI,56.817667,-134.568167,56.801,-134.571833,735.1776,,,,,,,,,,Retained,,513
2024,611,1,710,37833,ILONA B,8/9/2024 13:34,1,10,710,345631,NSEI,56.817667,-134.568167,56.801,-134.571833,735.1776,,,,,,,,,,Retained,,514
2024,611,1,710,37833,ILONA B,8/9/2024 13:34,1,10,710,345631,NSEI,56.817667,-134.568167,56.801,-134.571833,735.1776,,,,,,,,,,Retained,,515
2024,611,1,710,37833,ILONA B,8/9/2024 13:34,1,10,710,345631,NSEI,56.817667,-134.568167,56.801,-134.571833,735.1776,,,,,,,,,,Retained,,516
2024,611,1,710,37833,ILONA B,8/9/2024 13:34,1,10,710,345631,NSEI,56.817667,-134.568167,56.801,-134.571833,735.1776,,,,,,,,,,Retained,,517
2024,611,1,710,37833,ILONA B,8/9/2024 13:34,1,10,710,345631,NSEI,56.817667,-134.568167,56.801,-134.571833,735.1776,,,,,,,,,,Retained,,518
2024,611,1,710,37833,ILONA B,8/9/2024 13:34,1,10,710,345631,NSEI,56.817667,-134.568167,56.801,-134.571833,735.1776,,,,,,,,,,Retained,,519
2024,611,1,710,37833,ILONA B,8/9/2024 13:34,1,10,710,345631,NSEI,56.817667,-134.568167,56.801,-134.571833,735.1776,,,,,,,,,,Retained,,520
2024,611,1,710,37833,ILONA B,8/9/2024 13:34,1,10,710,345631,NSEI,56.817667,-134.568167,56.801,-134.571833,735.1776,,,,,,,,,,Retained,,521
2024,611,1,710,37833,ILONA B,8/9/2024 13:34,1,10,710,345631,NSEI,56.817667,-134.568167,56.801,-134.571833,735.1776,,,,,,,,,,Retained,,522
2024,611,1,710,37833,ILONA B,8/9/2024 13:34,1,10,710,345631,NSEI,56.817667,-134.568167,56.801,-134.571833,735.1776,,,,,,,,,,Retained,,523
2024,611,1,710,37833,ILONA B,8/9/2024 13:34,1,10,710,345631,NSEI,56.817667,-134.568167,56.801,-134.571833,735.1776,,,,,,,,,,Retained,,524
2024,611,1,710,37833,ILONA B,8/9/2024 13:34,1,10,710,345631,NSEI,56.817667,-134.568167,56.801,-134.571833,735.1776,,,,,,,,,,Retained,,525
2024,611,1,710,37833,ILONA B,8/9/2024 13:34,1,10,710,345631,NSEI,56.817667,-134.568167,56.801,-134.571833,735.1776,,,,,,,,,,Retained,,526
2024,611,1,710,37833,ILONA B,8/9/2024 13:34,1,10,710,345631,NSEI,56.817667,-134.568167,56.801,-134.571833,735.1776,,,,,,,,,,Retained,,527
2024,611,1,710,37833,ILONA B,8/9/2024 13:34,1,10,710,345631,NSEI,56.817667,-134.568167,56.801,-134.571833,735.1776,,,,,,,,,,Retained,,528
2024,611,1,710,37833,ILONA B,8/9/2024 13:34,1,10,710,345631,NSEI,56.817667,-134.568167,56.801,-134.571833,735.1776,,,,,,,,,,Retained,,529
2024,611,1,710,37833,ILONA B,8/9/2024 13:34,1,10,710,345631,NSEI,56.817667,-134.568167,56.801,-134.571833,735.1776,,,,,,,,,,Retained,,530
2024,611,1,710,37833,ILONA B,8/9/2024 13:34,1,10,710,345631,NSEI,56.817667,-134.568167,56.801,-134.571833,735.1776,,,,,,,,,,Retained,,531
2024,611,1,710,37833,ILONA B,8/9/2024 13:34,1,10,710,345631,NSEI,56.817667,-134.568167,56.801,-134.571833,735.1776,,,,,,,,,,Retained,,532
2024,611,1,710,37833,ILONA B,8/9/2024 13:34,1,10,710,345631,NSEI,56.817667,-134.568167,56.801,-134.571833,735.1776,,,,,,,,,,Retained,,533
2024,611,1,710,37833,ILONA B,8/9/2024 13:34,1,10,710,345631,NSEI,56.817667,-134.568167,56.801,-134.571833,735.1776,,,,,,,,,,Retained,,534
2024,611,1,710,37833,ILONA B,8/9/2024 13:34,1,10,710,345631,NSEI,56.817667,-134.568167,56.801,-134.571833,735.1776,,,,,,,,,,Retained,,535
2024,611,1,710,37833,ILONA B,8/9/2024 13:34,1,10,710,345631,NSEI,56.817667,-134.568167,56.801,-134.571833,735.1776,,,,,,,,,,Retained,,536
2024,611,1,710,37833,ILONA B,8/9/2024 13:34,1,10,710,345631,NSEI,56.817667,-134.568167,56.801,-134.571833,735.1776,,,,,,,,,,Retained,,537
2024,611,1,710,37833,ILONA B,8/9/2024 13:34,1,10,710,345631,NSEI,56.817667,-134.568167,56.801,-134.571833,735.1776,,,,,,,,,,Retained,,538
2024,611,1,710,37833,ILONA B,8/9/2024 18:12,2,13,710,345631,NSEI,56.848667,-134.659333,56.83,-134.651333,674.8272,47,,,,,,,,,Retained,,84
2024,611,1,710,37833,ILONA B,8/9/2024 18:12,2,13,710,345631,NSEI,56.848667,-134.659333,56.83,-134.651333,674.8272,50,,,,,,,,,Retained,,10
2024,611,1,710,37833,ILONA B,8/9/2024 18:12,2,13,710,345631,NSEI,56.848667,-134.659333,56.83,-134.651333,674.8272,50,,,,,,,,,Retained,,20
2024,611,1,710,37833,ILONA B,8/9/2024 18:12,2,13,710,345631,NSEI,56.848667,-134.659333,56.83,-134.651333,674.8272,50,,,,,,,,,Retained,,51
2024,611,1,710,37833,ILONA B,8/9/2024 18:12,2,13,710,345631,NSEI,56.848667,-134.659333,56.83,-134.651333,674.8272,52,,,,,,,,,Retained,,27
2024,611,1,710,37833,ILONA B,8/9/2024 18:12,2,13,710,345631,NSEI,56.848667,-134.659333,56.83,-134.651333,674.8272,52,,,,,,,,,Retained,,38
2024,611,1,710,37833,ILONA B,8/9/2024 18:12,2,13,710,345631,NSEI,56.848667,-134.659333,56.83,-134.651333,674.8272,53,1.6,5,,2,2,1,,,Retained,,88
2024,611,1,710,37833,ILONA B,8/9/2024 18:12,2,13,710,345631,NSEI,56.848667,-134.659333,56.83,-134.651333,674.8272,53,,,,,,,,,Retained,,78
2024,611,1,710,37833,ILONA B,8/9/2024 18:12,2,13,710,345631,NSEI,56.848667,-134.659333,56.83,-134.651333,674.8272,53,,,,,,,,,Retained,,91
2024,611,1,710,37833,ILONA B,8/9/2024 18:12,2,13,710,345631,NSEI,56.848667,-134.659333,56.83,-134.651333,674.8272,53,,,,,,,,,Retained,,130
2024,611,1,710,37833,ILONA B,8/9/2024 18:12,2,13,710,345631,NSEI,56.848667,-134.659333,56.83,-134.651333,674.8272,54,1.8,8,,3,2,1,,,Retained,,81
2024,611,1,710,37833,ILONA B,8/9/2024 18:12,2,13,710,345631,NSEI,56.848667,-134.659333,56.83,-134.651333,674.8272,54,,,,,,,,,Retained,,8
2024,611,1,710,37833,ILONA B,8/9/2024 18:12,2,13,710,345631,NSEI,56.848667,-134.659333,56.83,-134.651333,674.8272,54,,,,,,,,,Retained,,19
2024,611,1,710,37833,ILONA B,8/9/2024 18:12,2,13,710,345631,NSEI,56.848667,-134.659333,56.83,-134.651333,674.8272,54,,,,,,,,,Retained,,37
2024,611,1,710,37833,ILONA B,8/9/2024 18:12,2,13,710,345631,NSEI,56.848667,-134.659333,56.83,-134.651333,674.8272,54,,,,,,,,,Retained,,77
2024,611,1,710,37833,ILONA B,8/9/2024 18:12,2,13,710,345631,NSEI,56.848667,-134.659333,56.83,-134.651333,674.8272,54,,,,,,,,,Retained,,104
2024,611,1,710,37833,ILONA B,8/9/2024 18:12,2,13,710,345631,NSEI,56.848667,-134.659333,56.83,-134.651333,674.8272,54,,,,,,,,,Retained,,106
2024,611,1,710,37833,ILONA B,8/9/2024 18:12,2,13,710,345631,NSEI,56.848667,-134.659333,56.83,-134.651333,674.8272,54,,,,,,,,,Retained,,128
2024,611,1,710,37833,ILONA B,8/9/2024 18:12,2,13,710,345631,NSEI,56.848667,-134.659333,56.83,-134.651333,674.8272,55,1.6,7,,3,2,1,,,Retained,,108
2024,611,1,710,37833,ILONA B,8/9/2024 18:12,2,13,710,345631,NSEI,56.848667,-134.659333,56.83,-134.651333,674.8272,55,,,,,,,,,Retained,,12
2024,611,1,710,37833,ILONA B,8/9/2024 18:12,2,13,710,345631,NSEI,56.848667,-134.659333,56.83,-134.651333,674.8272,55,,,,,,,,,Retained,,62
2024,611,1,710,37833,ILONA B,8/9/2024 18:12,2,13,710,345631,NSEI,56.848667,-134.659333,56.83,-134.651333,674.8272,55,,,,,,,,,Retained,,100
2024,611,1,710,37833,ILONA B,8/9/2024 18:12,2,13,710,345631,NSEI,56.848667,-134.659333,56.83,-134.651333,674.8272,55,,,,,,,,,Retained,,132
2024,611,1,710,37833,ILONA B,8/9/2024 18:12,2,13,710,345631,NSEI,56.848667,-134.659333,56.83,-134.651333,674.8272,56,1.6,8,,3,1,1,,,Retained,,118
2024,611,1,710,37833,ILONA B,8/9/2024 18:12,2,13,710,345631,NSEI,56.848667,-134.659333,56.83,-134.651333,674.8272,56,1.9,6,,2,1,7,,,Retained,,30
2024,611,1,710,37833,ILONA B,8/9/2024 18:12,2,13,710,345631,NSEI,56.848667,-134.659333,56.83,-134.651333,674.8272,56,1.9,7,,3,1,1,,,Retained,,26
2024,611,1,710,37833,ILONA B,8/9/2024 18:12,2,13,710,345631,NSEI,56.848667,-134.659333,56.83,-134.651333,674.8272,56,2,8,,3,2,7,,,Retained,,98
2024,611,1,710,37833,ILONA B,8/9/2024 18:12,2,13,710,345631,NSEI,56.848667,-134.659333,56.83,-134.651333,674.8272,56,,,,,,,,,Retained,,29
2024,611,1,710,37833,ILONA B,8/9/2024 18:12,2,13,710,345631,NSEI,56.848667,-134.659333,56.83,-134.651333,674.8272,56,,,,,,,,,Retained,,32
2024,611,1,710,37833,ILONA B,8/9/2024 18:12,2,13,710,345631,NSEI,56.848667,-134.659333,56.83,-134.651333,674.8272,56,,,,,,,,,Retained,,48
2024,611,1,710,37833,ILONA B,8/9/2024 18:12,2,13,710,345631,NSEI,56.848667,-134.659333,56.83,-134.651333,674.8272,56,,,,,,,,,Retained,,72
2024,611,1,710,37833,ILONA B,8/9/2024 18:12,2,13,710,345631,NSEI,56.848667,-134.659333,56.83,-134.651333,674.8272,56,,,,,,,,,Retained,,75
2024,611,1,710,37833,ILONA B,8/9/2024 18:12,2,13,710,345631,NSEI,56.848667,-134.659333,56.83,-134.651333,674.8272,56,,,,,,,,,Retained,,92
2024,611,1,710,37833,ILONA B,8/9/2024 18:12,2,13,710,345631,NSEI,56.848667,-134.659333,56.83,-134.651333,674.8272,56,,,,,,,,,Retained,,115
2024,611,1,710,37833,ILONA B,8/9/2024 18:12,2,13,710,345631,NSEI,56.848667,-134.659333,56.83,-134.651333,674.8272,56,,,,,,,,,Retained,,122
2024,611,1,710,37833,ILONA B,8/9/2024 18:12,2,13,710,345631,NSEI,56.848667,-134.659333,56.83,-134.651333,674.8272,56,,,,,,,,,Retained,,125
2024,611,1,710,37833,ILONA B,8/9/2024 18:12,2,13,710,345631,NSEI,56.848667,-134.659333,56.83,-134.651333,674.8272,57,1.8,8,,2,2,1,,,Retained,,55
2024,611,1,710,37833,ILONA B,8/9/2024 18:12,2,13,710,345631,NSEI,56.848667,-134.659333,56.83,-134.651333,674.8272,57,2,9,,2,2,7,,,Retained,,124
2024,611,1,710,37833,ILONA B,8/9/2024 18:12,2,13,710,345631,NSEI,56.848667,-134.659333,56.83,-134.651333,674.8272,57,2.1,6,,2,1,7,,,Retained,,56
2024,611,1,710,37833,ILONA B,8/9/2024 18:12,2,13,710,345631,NSEI,56.848667,-134.659333,56.83,-134.651333,674.8272,57,2.1,7,,2,2,1,,,Retained,,61
2024,611,1,710,37833,ILONA B,8/9/2024 18:12,2,13,710,345631,NSEI,56.848667,-134.659333,56.83,-134.651333,674.8272,57,,,,,,,,,Retained,,7
2024,611,1,710,37833,ILONA B,8/9/2024 18:12,2,13,710,345631,NSEI,56.848667,-134.659333,56.83,-134.651333,674.8272,57,,,,,,,,,Retained,,9
2024,611,1,710,37833,ILONA B,8/9/2024 18:12,2,13,710,345631,NSEI,56.848667,-134.659333,56.83,-134.651333,674.8272,57,,,,,,,,,Retained,,24
2024,611,1,710,37833,ILONA B,8/9/2024 18:12,2,13,710,345631,NSEI,56.848667,-134.659333,56.83,-134.651333,674.8272,57,,,,,,,,,Retained,,31
2024,611,1,710,37833,ILONA B,8/9/2024 18:12,2,13,710,345631,NSEI,56.848667,-134.659333,56.83,-134.651333,674.8272,57,,,,,,,,,Retained,,34
2024,611,1,710,37833,ILONA B,8/9/2024 18:12,2,13,710,345631,NSEI,56.848667,-134.659333,56.83,-134.651333,674.8272,57,,,,,,,,,Retained,,58
2024,611,1,710,37833,ILONA B,8/9/2024 18:12,2,13,710,345631,NSEI,56.848667,-134.659333,56.83,-134.651333,674.8272,57,,,,,,,,,Retained,,70
2024,611,1,710,37833,ILONA B,8/9/2024 18:12,2,13,710,345631,NSEI,56.848667,-134.659333,56.83,-134.651333,674.8272,57,,,,,,,,,Retained,,89
2024,611,1,710,37833,ILONA B,8/9/2024 18:12,2,13,710,345631,NSEI,56.848667,-134.659333,56.83,-134.651333,674.8272,58,,,,,,,,,Retained,,17
2024,611,1,710,37833,ILONA B,8/9/2024 18:12,2,13,710,345631,NSEI,56.848667,-134.659333,56.83,-134.651333,674.8272,58,,,,,,,,,Retained,,39
2024,611,1,710,37833,ILONA B,8/9/2024 18:12,2,13,710,345631,NSEI,56.848667,-134.659333,56.83,-134.651333,674.8272,58,,,,,,,,,Retained,,42
2024,611,1,710,37833,ILONA B,8/9/2024 18:12,2,13,710,345631,NSEI,56.848667,-134.659333,56.83,-134.651333,674.8272,58,,,,,,,,,Retained,,49
2024,611,1,710,37833,ILONA B,8/9/2024 18:12,2,13,710,345631,NSEI,56.848667,-134.659333,56.83,-134.651333,674.8272,58,,,,,,,,,Retained,,53
2024,611,1,710,37833,ILONA B,8/9/2024 18:12,2,13,710,345631,NSEI,56.848667,-134.659333,56.83,-134.651333,674.8272,58,,,,,,,,,Retained,,59
2024,611,1,710,37833,ILONA B,8/9/2024 18:12,2,13,710,345631,NSEI,56.848667,-134.659333,56.83,-134.651333,674.8272,58,,,,,,,,,Retained,,109
2024,611,1,710,37833,ILONA B,8/9/2024 18:12,2,13,710,345631,NSEI,56.848667,-134.659333,56.83,-134.651333,674.8272,58,,,,,,,,,Retained,,112
2024,611,1,710,37833,ILONA B,8/9/2024 18:12,2,13,710,345631,NSEI,56.848667,-134.659333,56.83,-134.651333,674.8272,58,,,,,,,,,Retained,,117
2024,611,1,710,37833,ILONA B,8/9/2024 18:12,2,13,710,345631,NSEI,56.848667,-134.659333,56.83,-134.651333,674.8272,58,,,,,,,,,Retained,,123
2024,611,1,710,37833,ILONA B,8/9/2024 18:12,2,13,710,345631,NSEI,56.848667,-134.659333,56.83,-134.651333,674.8272,58,,,,,,,,,Retained,,127
2024,611,1,710,37833,ILONA B,8/9/2024 18:12,2,13,710,345631,NSEI,56.848667,-134.659333,56.83,-134.651333,674.8272,58,,,,,,,,,Retained,,135
2024,611,1,710,37833,ILONA B,8/9/2024 18:12,2,13,710,345631,NSEI,56.848667,-134.659333,56.83,-134.651333,674.8272,58,,,,,,,,,Retained,,138
2024,611,1,710,37833,ILONA B,8/9/2024 18:12,2,13,710,345631,NSEI,56.848667,-134.659333,56.83,-134.651333,674.8272,59,2.1,8,,3,2,1,,,Retained,,66
2024,611,1,710,37833,ILONA B,8/9/2024 18:12,2,13,710,345631,NSEI,56.848667,-134.659333,56.83,-134.651333,674.8272,59,2.3,8,,3,1,7,,,Retained,,11
2024,611,1,710,37833,ILONA B,8/9/2024 18:12,2,13,710,345631,NSEI,56.848667,-134.659333,56.83,-134.651333,674.8272,59,,,,,,,,,Retained,,3
2024,611,1,710,37833,ILONA B,8/9/2024 18:12,2,13,710,345631,NSEI,56.848667,-134.659333,56.83,-134.651333,674.8272,59,,,,,,,,,Retained,,5
2024,611,1,710,37833,ILONA B,8/9/2024 18:12,2,13,710,345631,NSEI,56.848667,-134.659333,56.83,-134.651333,674.8272,59,,,,,,,,,Retained,,14
2024,611,1,710,37833,ILONA B,8/9/2024 18:12,2,13,710,345631,NSEI,56.848667,-134.659333,56.83,-134.651333,674.8272,59,,,,,,,,,Retained,,15
2024,611,1,710,37833,ILONA B,8/9/2024 18:12,2,13,710,345631,NSEI,56.848667,-134.659333,56.83,-134.651333,674.8272,59,,,,,,,,,Retained,,82
2024,611,1,710,37833,ILONA B,8/9/2024 18:12,2,13,710,345631,NSEI,56.848667,-134.659333,56.83,-134.651333,674.8272,59,,,,,,,,,Retained,,133
2024,611,1,710,37833,ILONA B,8/9/2024 18:12,2,13,710,345631,NSEI,56.848667,-134.659333,56.83,-134.651333,674.8272,59,,,,,,,,,Retained,,136
2024,611,1,710,37833,ILONA B,8/9/2024 18:12,2,13,710,345631,NSEI,56.848667,-134.659333,56.83,-134.651333,674.8272,60,2.5,8,,3,2,7,,,Retained,,1
2024,611,1,710,37833,ILONA B,8/9/2024 18:12,2,13,710,345631,NSEI,56.848667,-134.659333,56.83,-134.651333,674.8272,60,,,,,,,,,Retained,,2
2024,611,1,710,37833,ILONA B,8/9/2024 18:12,2,13,710,345631,NSEI,56.848667,-134.659333,56.83,-134.651333,674.8272,60,,,,,,,,,Retained,,28
2024,611,1,710,37833,ILONA B,8/9/2024 18:12,2,13,710,345631,NSEI,56.848667,-134.659333,56.83,-134.651333,674.8272,60,,,,,,,,,Retained,,41
2024,611,1,710,37833,ILONA B,8/9/2024 18:12,2,13,710,345631,NSEI,56.848667,-134.659333,56.83,-134.651333,674.8272,60,,,,,,,,,Retained,,65
2024,611,1,710,37833,ILONA B,8/9/2024 18:12,2,13,710,345631,NSEI,56.848667,-134.659333,56.83,-134.651333,674.8272,60,,,,,,,,,Retained,,67
2024,611,1,710,37833,ILONA B,8/9/2024 18:12,2,13,710,345631,NSEI,56.848667,-134.659333,56.83,-134.651333,674.8272,60,,,,,,,,,Retained,,68
2024,611,1,710,37833,ILONA B,8/9/2024 18:12,2,13,710,345631,NSEI,56.848667,-134.659333,56.83,-134.651333,674.8272,60,,,,,,,,,Retained,,96
2024,611,1,710,37833,ILONA B,8/9/2024 18:12,2,13,710,345631,NSEI,56.848667,-134.659333,56.83,-134.651333,674.8272,60,,,,,,,,,Retained,,97
2024,611,1,710,37833,ILONA B,8/9/2024 18:12,2,13,710,345631,NSEI,56.848667,-134.659333,56.83,-134.651333,674.8272,60,,,,,,,,,Retained,,101
2024,611,1,710,37833,ILONA B,8/9/2024 18:12,2,13,710,345631,NSEI,56.848667,-134.659333,56.83,-134.651333,674.8272,60,,,,,,,,,Retained,,111
2024,611,1,710,37833,ILONA B,8/9/2024 18:12,2,13,710,345631,NSEI,56.848667,-134.659333,56.83,-134.651333,674.8272,60,,,,,,,,,Retained,,126
2024,611,1,710,37833,ILONA B,8/9/2024 18:12,2,13,710,345631,NSEI,56.848667,-134.659333,56.83,-134.651333,674.8272,60,,,,,,,,,Retained,,137
2024,611,1,710,37833,ILONA B,8/9/2024 18:12,2,13,710,345631,NSEI,56.848667,-134.659333,56.83,-134.651333,674.8272,61,2.2,7,,3,2,1,,,Retained,,50
2024,611,1,710,37833,ILONA B,8/9/2024 18:12,2,13,710,345631,NSEI,56.848667,-134.659333,56.83,-134.651333,674.8272,61,2.3,8,,2,2,7,,,Retained,,21
2024,611,1,710,37833,ILONA B,8/9/2024 18:12,2,13,710,345631,NSEI,56.848667,-134.659333,56.83,-134.651333,674.8272,61,,,,,,,,,Retained,,18
2024,611,1,710,37833,ILONA B,8/9/2024 18:12,2,13,710,345631,NSEI,56.848667,-134.659333,56.83,-134.651333,674.8272,61,,,,,,,,,Retained,,54
2024,611,1,710,37833,ILONA B,8/9/2024 18:12,2,13,710,345631,NSEI,56.848667,-134.659333,56.83,-134.651333,674.8272,61,,,,,,,,,Retained,,79
2024,611,1,710,37833,ILONA B,8/9/2024 18:12,2,13,710,345631,NSEI,56.848667,-134.659333,56.83,-134.651333,674.8272,62,2.5,6,,2,2,7,,,Retained,,40
2024,611,1,710,37833,ILONA B,8/9/2024 18:12,2,13,710,345631,NSEI,56.848667,-134.659333,56.83,-134.651333,674.8272,62,2.5,9,,2,1,7,,,Retained,,83
2024,611,1,710,37833,ILONA B,8/9/2024 18:12,2,13,710,345631,NSEI,56.848667,-134.659333,56.83,-134.651333,674.8272,62,2.5,11,,2,1,7,,,Retained,,6
2024,611,1,710,37833,ILONA B,8/9/2024 18:12,2,13,710,345631,NSEI,56.848667,-134.659333,56.83,-134.651333,674.8272,62,,,,,,,,,Retained,,33
2024,611,1,710,37833,ILONA B,8/9/2024 18:12,2,13,710,345631,NSEI,56.848667,-134.659333,56.83,-134.651333,674.8272,62,,,,,,,,,Retained,,44
2024,611,1,710,37833,ILONA B,8/9/2024 18:12,2,13,710,345631,NSEI,56.848667,-134.659333,56.83,-134.651333,674.8272,62,,,,,,,,,Retained,,47
2024,611,1,710,37833,ILONA B,8/9/2024 18:12,2,13,710,345631,NSEI,56.848667,-134.659333,56.83,-134.651333,674.8272,62,,,,,,,,,Retained,,85
2024,611,1,710,37833,ILONA B,8/9/2024 18:12,2,13,710,345631,NSEI,56.848667,-134.659333,56.83,-134.651333,674.8272,62,,,,,,,,,Retained,,86
2024,611,1,710,37833,ILONA B,8/9/2024 18:12,2,13,710,345631,NSEI,56.848667,-134.659333,56.83,-134.651333,674.8272,62,,,,,,,,,Retained,,94
2024,611,1,710,37833,ILONA B,8/9/2024 18:12,2,13,710,345631,NSEI,56.848667,-134.659333,56.83,-134.651333,674.8272,62,,,,,,,,,Retained,,99
2024,611,1,710,37833,ILONA B,8/9/2024 18:12,2,13,710,345631,NSEI,56.848667,-134.659333,56.83,-134.651333,674.8272,62,,,,,,,,,Retained,,114
2024,611,1,710,37833,ILONA B,8/9/2024 18:12,2,13,710,345631,NSEI,56.848667,-134.659333,56.83,-134.651333,674.8272,62,,,,,,,,,Retained,,120
2024,611,1,710,37833,ILONA B,8/9/2024 18:12,2,13,710,345631,NSEI,56.848667,-134.659333,56.83,-134.651333,674.8272,63,2.6,7,,3,2,7,,,Retained,,93
2024,611,1,710,37833,ILONA B,8/9/2024 18:12,2,13,710,345631,NSEI,56.848667,-134.659333,56.83,-134.651333,674.8272,63,,,,,,,,,Retained,,46
2024,611,1,710,37833,ILONA B,8/9/2024 18:12,2,13,710,345631,NSEI,56.848667,-134.659333,56.83,-134.651333,674.8272,63,,,,,,,,,Retained,,60
2024,611,1,710,37833,ILONA B,8/9/2024 18:12,2,13,710,345631,NSEI,56.848667,-134.659333,56.83,-134.651333,674.8272,63,,,,,,,,,Retained,,64
2024,611,1,710,37833,ILONA B,8/9/2024 18:12,2,13,710,345631,NSEI,56.848667,-134.659333,56.83,-134.651333,674.8272,63,,,,,,,,,Retained,,105
2024,611,1,710,37833,ILONA B,8/9/2024 18:12,2,13,710,345631,NSEI,56.848667,-134.659333,56.83,-134.651333,674.8272,64,2.8,6,,3,2,7,,,Retained,,76
2024,611,1,710,37833,ILONA B,8/9/2024 18:12,2,13,710,345631,NSEI,56.848667,-134.659333,56.83,-134.651333,674.8272,64,3,7,,2,2,7,,,Retained,,71
2024,611,1,710,37833,ILONA B,8/9/2024 18:12,2,13,710,345631,NSEI,56.848667,-134.659333,56.83,-134.651333,674.8272,64,,,,,,,,,Retained,,4
2024,611,1,710,37833,ILONA B,8/9/2024 18:12,2,13,710,345631,NSEI,56.848667,-134.659333,56.83,-134.651333,674.8272,64,,,,,,,,,Retained,,13
2024,611,1,710,37833,ILONA B,8/9/2024 18:12,2,13,710,345631,NSEI,56.848667,-134.659333,56.83,-134.651333,674.8272,64,,,,,,,,,Retained,,22
2024,611,1,710,37833,ILONA B,8/9/2024 18:12,2,13,710,345631,NSEI,56.848667,-134.659333,56.83,-134.651333,674.8272,64,,,,,,,,,Retained,,52
2024,611,1,710,37833,ILONA B,8/9/2024 18:12,2,13,710,345631,NSEI,56.848667,-134.659333,56.83,-134.651333,674.8272,64,,,,,,,,,Retained,,69
2024,611,1,710,37833,ILONA B,8/9/2024 18:12,2,13,710,345631,NSEI,56.848667,-134.659333,56.83,-134.651333,674.8272,64,,,,,,,,,Retained,,74
2024,611,1,710,37833,ILONA B,8/9/2024 18:12,2,13,710,345631,NSEI,56.848667,-134.659333,56.83,-134.651333,674.8272,64,,,,,,,,,Retained,,90
2024,611,1,710,37833,ILONA B,8/9/2024 18:12,2,13,710,345631,NSEI,56.848667,-134.659333,56.83,-134.651333,674.8272,65,2.9,10,,3,2,7,,,Retained,,134
2024,611,1,710,37833,ILONA B,8/9/2024 18:12,2,13,710,345631,NSEI,56.848667,-134.659333,56.83,-134.651333,674.8272,65,,,,,,,,,Retained,,87
2024,611,1,710,37833,ILONA B,8/9/2024 18:12,2,13,710,345631,NSEI,56.848667,-134.659333,56.83,-134.651333,674.8272,65,,,,,,,,,Retained,,110
2024,611,1,710,37833,ILONA B,8/9/2024 18:12,2,13,710,345631,NSEI,56.848667,-134.659333,56.83,-134.651333,674.8272,65,,,,,,,,,Retained,,116
2024,611,1,710,37833,ILONA B,8/9/2024 18:12,2,13,710,345631,NSEI,56.848667,-134.659333,56.83,-134.651333,674.8272,66,2.7,11,,3,1,7,,,Retained,,129
2024,611,1,710,37833,ILONA B,8/9/2024 18:12,2,13,710,345631,NSEI,56.848667,-134.659333,56.83,-134.651333,674.8272,66,2.8,6,,2,2,7,,,Retained,,45
2024,611,1,710,37833,ILONA B,8/9/2024 18:12,2,13,710,345631,NSEI,56.848667,-134.659333,56.83,-134.651333,674.8272,66,,,,,,,,,Retained,,131
2024,611,1,710,37833,ILONA B,8/9/2024 18:12,2,13,710,345631,NSEI,56.848667,-134.659333,56.83,-134.651333,674.8272,67,3,11,,2,2,7,,,Retained,,16
2024,611,1,710,37833,ILONA B,8/9/2024 18:12,2,13,710,345631,NSEI,56.848667,-134.659333,56.83,-134.651333,674.8272,67,3.1,11,,3,2,7,,,Retained,,103
2024,611,1,710,37833,ILONA B,8/9/2024 18:12,2,13,710,345631,NSEI,56.848667,-134.659333,56.83,-134.651333,674.8272,67,,,,,,,,,Retained,,63
2024,611,1,710,37833,ILONA B,8/9/2024 18:12,2,13,710,345631,NSEI,56.848667,-134.659333,56.83,-134.651333,674.8272,67,,,,,,,,,Retained,,95
2024,611,1,710,37833,ILONA B,8/9/2024 18:12,2,13,710,345631,NSEI,56.848667,-134.659333,56.83,-134.651333,674.8272,68,,,,,,,,,Retained,,73
2024,611,1,710,37833,ILONA B,8/9/2024 18:12,2,13,710,345631,NSEI,56.848667,-134.659333,56.83,-134.651333,674.8272,69,,,,,,,,,Retained,,57
2024,611,1,710,37833,ILONA B,8/9/2024 18:12,2,13,710,345631,NSEI,56.848667,-134.659333,56.83,-134.651333,674.8272,70,,,,,,,,,Retained,,43
2024,611,1,710,37833,ILONA B,8/9/2024 18:12,2,13,710,345631,NSEI,56.848667,-134.659333,56.83,-134.651333,674.8272,70,,,,,,,,,Retained,,121
2024,611,1,710,37833,ILONA B,8/9/2024 18:12,2,13,710,345631,NSEI,56.848667,-134.659333,56.83,-134.651333,674.8272,71,3.7,5,,3,2,7,,,Retained,,119
2024,611,1,710,37833,ILONA B,8/9/2024 18:12,2,13,710,345631,NSEI,56.848667,-134.659333,56.83,-134.651333,674.8272,71,,,,,,,,,Retained,,23
2024,611,1,710,37833,ILONA B,8/9/2024 18:12,2,13,710,345631,NSEI,56.848667,-134.659333,56.83,-134.651333,674.8272,71,,,,,,,,,Retained,,102
2024,611,1,710,37833,ILONA B,8/9/2024 18:12,2,13,710,345631,NSEI,56.848667,-134.659333,56.83,-134.651333,674.8272,72,3.6,13,,3,2,7,,,Retained,,35
2024,611,1,710,37833,ILONA B,8/9/2024 18:12,2,13,710,345631,NSEI,56.848667,-134.659333,56.83,-134.651333,674.8272,72,,,,,,,,,Retained,,25
2024,611,1,710,37833,ILONA B,8/9/2024 18:12,2,13,710,345631,NSEI,56.848667,-134.659333,56.83,-134.651333,674.8272,74,,,,,,,,,Retained,,36
2024,611,1,710,37833,ILONA B,8/9/2024 18:12,2,13,710,345631,NSEI,56.848667,-134.659333,56.83,-134.651333,674.8272,78,,,,,,,,,Retained,,80
2024,611,1,710,37833,ILONA B,8/9/2024 18:12,2,13,710,345631,NSEI,56.848667,-134.659333,56.83,-134.651333,674.8272,87,7.1,25,,2,2,7,,,Retained,,113
2024,611,1,710,37833,ILONA B,8/9/2024 18:12,2,13,710,345631,NSEI,56.848667,-134.659333,56.83,-134.651333,674.8272,90,,,,,,,,,Retained,,107
2024,611,1,710,37833,ILONA B,8/9/2024 18:12,2,13,710,345631,NSEI,56.848667,-134.659333,56.83,-134.651333,674.8272,,,,,,,,,,Retained,,139
2024,611,1,710,37833,ILONA B,8/9/2024 18:12,2,13,710,345631,NSEI,56.848667,-134.659333,56.83,-134.651333,674.8272,,,,,,,,,,Retained,,140
2024,611,1,710,37833,ILONA B,8/9/2024 18:12,2,13,710,345631,NSEI,56.848667,-134.659333,56.83,-134.651333,674.8272,,,,,,,,,,Retained,,141
2024,611,1,710,37833,ILONA B,8/9/2024 18:12,2,13,710,345631,NSEI,56.848667,-134.659333,56.83,-134.651333,674.8272,,,,,,,,,,Retained,,142
2024,611,1,710,37833,ILONA B,8/9/2024 18:12,2,13,710,345631,NSEI,56.848667,-134.659333,56.83,-134.651333,674.8272,,,,,,,,,,Retained,,143
2024,611,1,710,37833,ILONA B,8/9/2024 18:12,2,13,710,345631,NSEI,56.848667,-134.659333,56.83,-134.651333,674.8272,,,,,,,,,,Retained,,144
2024,611,1,710,37833,ILONA B,8/9/2024 18:12,2,13,710,345631,NSEI,56.848667,-134.659333,56.83,-134.651333,674.8272,,,,,,,,,,Retained,,145
2024,611,1,710,37833,ILONA B,8/9/2024 18:12,2,13,710,345631,NSEI,56.848667,-134.659333,56.83,-134.651333,674.8272,,,,,,,,,,Retained,,146
2024,611,1,710,37833,ILONA B,8/9/2024 18:12,2,13,710,345631,NSEI,56.848667,-134.659333,56.83,-134.651333,674.8272,,,,,,,,,,Retained,,147
2024,611,1,710,37833,ILONA B,8/9/2024 18:12,2,13,710,345631,NSEI,56.848667,-134.659333,56.83,-134.651333,674.8272,,,,,,,,,,Retained,,148
2024,611,1,710,37833,ILONA B,8/9/2024 18:12,2,13,710,345631,NSEI,56.848667,-134.659333,56.83,-134.651333,674.8272,,,,,,,,,,Retained,,149
2024,611,1,710,37833,ILONA B,8/9/2024 18:12,2,13,710,345631,NSEI,56.848667,-134.659333,56.83,-134.651333,674.8272,,,,,,,,,,Retained,,150
2024,611,1,710,37833,ILONA B,8/9/2024 18:12,2,13,710,345631,NSEI,56.848667,-134.659333,56.83,-134.651333,674.8272,,,,,,,,,,Retained,,151
2024,611,1,710,37833,ILONA B,8/9/2024 18:12,2,13,710,345631,NSEI,56.848667,-134.659333,56.83,-134.651333,674.8272,,,,,,,,,,Retained,,152
2024,611,1,710,37833,ILONA B,8/9/2024 18:12,2,13,710,345631,NSEI,56.848667,-134.659333,56.83,-134.651333,674.8272,,,,,,,,,,Retained,,153
2024,611,1,710,37833,ILONA B,8/9/2024 18:12,2,13,710,345631,NSEI,56.848667,-134.659333,56.83,-134.651333,674.8272,,,,,,,,,,Retained,,154
2024,611,1,710,37833,ILONA B,8/9/2024 18:12,2,13,710,345631,NSEI,56.848667,-134.659333,56.83,-134.651333,674.8272,,,,,,,,,,Retained,,155
2024,611,1,710,37833,ILONA B,8/9/2024 18:12,2,13,710,345631,NSEI,56.848667,-134.659333,56.83,-134.651333,674.8272,,,,,,,,,,Retained,,156
2024,611,1,710,37833,ILONA B,8/9/2024 18:12,2,13,710,345631,NSEI,56.848667,-134.659333,56.83,-134.651333,674.8272,,,,,,,,,,Retained,,157
2024,611,1,710,37833,ILONA B,8/9/2024 18:12,2,13,710,345631,NSEI,56.848667,-134.659333,56.83,-134.651333,674.8272,,,,,,,,,,Retained,,158
2024,611,1,710,37833,ILONA B,8/9/2024 18:12,2,13,710,345631,NSEI,56.848667,-134.659333,56.83,-134.651333,674.8272,,,,,,,,,,Retained,,159
2024,611,1,710,37833,ILONA B,8/9/2024 18:12,2,13,710,345631,NSEI,56.848667,-134.659333,56.83,-134.651333,674.8272,,,,,,,,,,Retained,,160
2024,611,1,710,37833,ILONA B,8/9/2024 18:12,2,13,710,345631,NSEI,56.848667,-134.659333,56.83,-134.651333,674.8272,,,,,,,,,,Retained,,161
2024,611,1,710,37833,ILONA B,8/9/2024 18:12,2,13,710,345631,NSEI,56.848667,-134.659333,56.83,-134.651333,674.8272,,,,,,,,,,Retained,,162
2024,611,1,710,37833,ILONA B,8/9/2024 18:12,2,13,710,345631,NSEI,56.848667,-134.659333,56.83,-134.651333,674.8272,,,,,,,,,,Retained,,163
2024,611,1,710,37833,ILONA B,8/9/2024 18:12,2,13,710,345631,NSEI,56.848667,-134.659333,56.83,-134.651333,674.8272,,,,,,,,,,Retained,,164
2024,611,1,710,37833,ILONA B,8/9/2024 18:12,2,13,710,345631,NSEI,56.848667,-134.659333,56.83,-134.651333,674.8272,,,,,,,,,,Retained,,165
2024,611,1,710,37833,ILONA B,8/9/2024 18:12,2,13,710,345631,NSEI,56.848667,-134.659333,56.83,-134.651333,674.8272,,,,,,,,,,Retained,,166
2024,611,1,710,37833,ILONA B,8/9/2024 18:12,2,13,710,345631,NSEI,56.848667,-134.659333,56.83,-134.651333,674.8272,,,,,,,,,,Retained,,167
2024,611,1,710,37833,ILONA B,8/9/2024 18:12,2,13,710,345631,NSEI,56.848667,-134.659333,56.83,-134.651333,674.8272,,,,,,,,,,Retained,,168
2024,611,1,710,37833,ILONA B,8/9/2024 18:12,2,13,710,345631,NSEI,56.848667,-134.659333,56.83,-134.651333,674.8272,,,,,,,,,,Retained,,169
2024,611,1,710,37833,ILONA B,8/9/2024 18:12,2,13,710,345631,NSEI,56.848667,-134.659333,56.83,-134.651333,674.8272,,,,,,,,,,Retained,,170
2024,611,1,710,37833,ILONA B,8/9/2024 18:12,2,13,710,345631,NSEI,56.848667,-134.659333,56.83,-134.651333,674.8272,,,,,,,,,,Retained,,171
2024,611,1,710,37833,ILONA B,8/9/2024 18:12,2,13,710,345631,NSEI,56.848667,-134.659333,56.83,-134.651333,674.8272,,,,,,,,,,Retained,,172
2024,611,1,710,37833,ILONA B,8/9/2024 18:12,2,13,710,345631,NSEI,56.848667,-134.659333,56.83,-134.651333,674.8272,,,,,,,,,,Retained,,173
2024,611,1,710,37833,ILONA B,8/9/2024 18:12,2,13,710,345631,NSEI,56.848667,-134.659333,56.83,-134.651333,674.8272,,,,,,,,,,Retained,,174
2024,611,1,710,37833,ILONA B,8/9/2024 18:12,2,13,710,345631,NSEI,56.848667,-134.659333,56.83,-134.651333,674.8272,,,,,,,,,,Retained,,175
2024,611,1,710,37833,ILONA B,8/9/2024 18:12,2,13,710,345631,NSEI,56.848667,-134.659333,56.83,-134.651333,674.8272,,,,,,,,,,Retained,,176
2024,611,1,710,37833,ILONA B,8/9/2024 18:12,2,13,710,345631,NSEI,56.848667,-134.659333,56.83,-134.651333,674.8272,,,,,,,,,,Retained,,177
2024,611,1,710,37833,ILONA B,8/9/2024 18:12,2,13,710,345631,NSEI,56.848667,-134.659333,56.83,-134.651333,674.8272,,,,,,,,,,Retained,,178
2024,611,1,710,37833,ILONA B,8/9/2024 18:12,2,13,710,345631,NSEI,56.848667,-134.659333,56.83,-134.651333,674.8272,,,,,,,,,,Retained,,179
2024,611,1,710,37833,ILONA B,8/9/2024 18:12,2,13,710,345631,NSEI,56.848667,-134.659333,56.83,-134.651333,674.8272,,,,,,,,,,Retained,,180
2024,611,1,710,37833,ILONA B,8/9/2024 18:12,2,13,710,345631,NSEI,56.848667,-134.659333,56.83,-134.651333,674.8272,,,,,,,,,,Retained,,181
2024,611,1,710,37833,ILONA B,8/9/2024 18:12,2,13,710,345631,NSEI,56.848667,-134.659333,56.83,-134.651333,674.8272,,,,,,,,,,Retained,,182
2024,611,1,710,37833,ILONA B,8/9/2024 18:12,2,13,710,345631,NSEI,56.848667,-134.659333,56.83,-134.651333,674.8272,,,,,,,,,,Retained,,183
2024,611,1,710,37833,ILONA B,8/9/2024 18:12,2,13,710,345631,NSEI,56.848667,-134.659333,56.83,-134.651333,674.8272,,,,,,,,,,Retained,,184
2024,611,1,710,37833,ILONA B,8/9/2024 18:12,2,13,710,345631,NSEI,56.848667,-134.659333,56.83,-134.651333,674.8272,,,,,,,,,,Retained,,185
2024,611,1,710,37833,ILONA B,8/9/2024 18:12,2,13,710,345631,NSEI,56.848667,-134.659333,56.83,-134.651333,674.8272,,,,,,,,,,Retained,,186
2024,611,1,710,37833,ILONA B,8/9/2024 18:12,2,13,710,345631,NSEI,56.848667,-134.659333,56.83,-134.651333,674.8272,,,,,,,,,,Retained,,187
2024,611,1,710,37833,ILONA B,8/9/2024 18:12,2,13,710,345631,NSEI,56.848667,-134.659333,56.83,-134.651333,674.8272,,,,,,,,,,Retained,,188
2024,611,1,710,37833,ILONA B,8/9/2024 18:12,2,13,710,345631,NSEI,56.848667,-134.659333,56.83,-134.651333,674.8272,,,,,,,,,,Retained,,189
2024,611,1,710,37833,ILONA B,8/9/2024 18:12,2,13,710,345631,NSEI,56.848667,-134.659333,56.83,-134.651333,674.8272,,,,,,,,,,Retained,,190
2024,611,1,710,37833,ILONA B,8/9/2024 18:12,2,13,710,345631,NSEI,56.848667,-134.659333,56.83,-134.651333,674.8272,,,,,,,,,,Retained,,191
2024,611,1,710,37833,ILONA B,8/9/2024 18:12,2,13,710,345631,NSEI,56.848667,-134.659333,56.83,-134.651333,674.8272,,,,,,,,,,Retained,,192
2024,611,1,710,37833,ILONA B,8/9/2024 18:12,2,13,710,345631,NSEI,56.848667,-134.659333,56.83,-134.651333,674.8272,,,,,,,,,,Retained,,193
2024,611,1,710,37833,ILONA B,8/9/2024 18:12,2,13,710,345631,NSEI,56.848667,-134.659333,56.83,-134.651333,674.8272,,,,,,,,,,Retained,,194
2024,611,1,710,37833,ILONA B,8/9/2024 18:12,2,13,710,345631,NSEI,56.848667,-134.659333,56.83,-134.651333,674.8272,,,,,,,,,,Retained,,195
2024,611,1,710,37833,ILONA B,8/9/2024 18:12,2,13,710,345631,NSEI,56.848667,-134.659333,56.83,-134.651333,674.8272,,,,,,,,,,Retained,,196
2024,611,1,710,37833,ILONA B,8/9/2024 18:12,2,13,710,345631,NSEI,56.848667,-134.659333,56.83,-134.651333,674.8272,,,,,,,,,,Retained,,197
2024,611,1,710,37833,ILONA B,8/9/2024 18:12,2,13,710,345631,NSEI,56.848667,-134.659333,56.83,-134.651333,674.8272,,,,,,,,,,Retained,,198
2024,611,1,710,37833,ILONA B,8/9/2024 18:12,2,13,710,345631,NSEI,56.848667,-134.659333,56.83,-134.651333,674.8272,,,,,,,,,,Retained,,199
2024,611,1,710,37833,ILONA B,8/9/2024 18:12,2,13,710,345631,NSEI,56.848667,-134.659333,56.83,-134.651333,674.8272,,,,,,,,,,Retained,,200
2024,611,1,710,37833,ILONA B,8/9/2024 18:12,2,13,710,345631,NSEI,56.848667,-134.659333,56.83,-134.651333,674.8272,,,,,,,,,,Retained,,201
2024,611,1,710,37833,ILONA B,8/9/2024 18:12,2,13,710,345631,NSEI,56.848667,-134.659333,56.83,-134.651333,674.8272,,,,,,,,,,Retained,,202
2024,611,1,710,37833,ILONA B,8/9/2024 18:12,2,13,710,345631,NSEI,56.848667,-134.659333,56.83,-134.651333,674.8272,,,,,,,,,,Retained,,203
2024,611,1,710,37833,ILONA B,8/9/2024 18:12,2,13,710,345631,NSEI,56.848667,-134.659333,56.83,-134.651333,674.8272,,,,,,,,,,Retained,,204
2024,611,1,710,37833,ILONA B,8/9/2024 18:12,2,13,710,345631,NSEI,56.848667,-134.659333,56.83,-134.651333,674.8272,,,,,,,,,,Retained,,205
2024,611,1,710,37833,ILONA B,8/9/2024 18:12,2,13,710,345631,NSEI,56.848667,-134.659333,56.83,-134.651333,674.8272,,,,,,,,,,Retained,,206
2024,611,1,710,37833,ILONA B,8/9/2024 18:12,2,13,710,345631,NSEI,56.848667,-134.659333,56.83,-134.651333,674.8272,,,,,,,,,,Retained,,207
2024,611,1,710,37833,ILONA B,8/9/2024 18:12,2,13,710,345631,NSEI,56.848667,-134.659333,56.83,-134.651333,674.8272,,,,,,,,,,Retained,,208
2024,611,1,710,37833,ILONA B,8/9/2024 18:12,2,13,710,345631,NSEI,56.848667,-134.659333,56.83,-134.651333,674.8272,,,,,,,,,,Retained,,209
2024,611,1,710,37833,ILONA B,8/9/2024 18:12,2,13,710,345631,NSEI,56.848667,-134.659333,56.83,-134.651333,674.8272,,,,,,,,,,Retained,,210
2024,611,1,710,37833,ILONA B,8/9/2024 18:12,2,13,710,345631,NSEI,56.848667,-134.659333,56.83,-134.651333,674.8272,,,,,,,,,,Retained,,211
2024,611,1,710,37833,ILONA B,8/9/2024 18:12,2,13,710,345631,NSEI,56.848667,-134.659333,56.83,-134.651333,674.8272,,,,,,,,,,Retained,,212
2024,611,1,710,37833,ILONA B,8/9/2024 18:12,2,13,710,345631,NSEI,56.848667,-134.659333,56.83,-134.651333,674.8272,,,,,,,,,,Retained,,213
2024,611,1,710,37833,ILONA B,8/9/2024 18:12,2,13,710,345631,NSEI,56.848667,-134.659333,56.83,-134.651333,674.8272,,,,,,,,,,Retained,,214
2024,611,1,710,37833,ILONA B,8/9/2024 18:12,2,13,710,345631,NSEI,56.848667,-134.659333,56.83,-134.651333,674.8272,,,,,,,,,,Retained,,215
2024,611,1,710,37833,ILONA B,8/9/2024 18:12,2,13,710,345631,NSEI,56.848667,-134.659333,56.83,-134.651333,674.8272,,,,,,,,,,Retained,,216
2024,611,1,710,37833,ILONA B,8/9/2024 18:12,2,13,710,345631,NSEI,56.848667,-134.659333,56.83,-134.651333,674.8272,,,,,,,,,,Retained,,217
2024,611,1,710,37833,ILONA B,8/9/2024 18:12,2,13,710,345631,NSEI,56.848667,-134.659333,56.83,-134.651333,674.8272,,,,,,,,,,Retained,,218
2024,611,1,710,37833,ILONA B,8/9/2024 18:12,2,13,710,345631,NSEI,56.848667,-134.659333,56.83,-134.651333,674.8272,,,,,,,,,,Retained,,219
2024,611,1,710,37833,ILONA B,8/9/2024 18:12,2,13,710,345631,NSEI,56.848667,-134.659333,56.83,-134.651333,674.8272,,,,,,,,,,Retained,,220
2024,611,1,710,37833,ILONA B,8/9/2024 18:12,2,13,710,345631,NSEI,56.848667,-134.659333,56.83,-134.651333,674.8272,,,,,,,,,,Retained,,221
2024,611,1,710,37833,ILONA B,8/9/2024 18:12,2,13,710,345631,NSEI,56.848667,-134.659333,56.83,-134.651333,674.8272,,,,,,,,,,Retained,,222
2024,611,1,710,37833,ILONA B,8/9/2024 18:12,2,13,710,345631,NSEI,56.848667,-134.659333,56.83,-134.651333,674.8272,,,,,,,,,,Retained,,223
2024,611,1,710,37833,ILONA B,8/9/2024 18:12,2,13,710,345631,NSEI,56.848667,-134.659333,56.83,-134.651333,674.8272,,,,,,,,,,Retained,,224
2024,611,1,710,37833,ILONA B,8/9/2024 18:12,2,13,710,345631,NSEI,56.848667,-134.659333,56.83,-134.651333,674.8272,,,,,,,,,,Retained,,225
2024,611,1,710,37833,ILONA B,8/9/2024 18:12,2,13,710,345631,NSEI,56.848667,-134.659333,56.83,-134.651333,674.8272,,,,,,,,,,Retained,,226
2024,611,1,710,37833,ILONA B,8/9/2024 18:12,2,13,710,345631,NSEI,56.848667,-134.659333,56.83,-134.651333,674.8272,,,,,,,,,,Retained,,227
2024,611,1,710,37833,ILONA B,8/9/2024 18:12,2,13,710,345631,NSEI,56.848667,-134.659333,56.83,-134.651333,674.8272,,,,,,,,,,Retained,,228
2024,611,1,710,37833,ILONA B,8/9/2024 18:12,2,13,710,345631,NSEI,56.848667,-134.659333,56.83,-134.651333,674.8272,,,,,,,,,,Retained,,229
2024,611,1,710,37833,ILONA B,8/9/2024 18:12,2,13,710,345631,NSEI,56.848667,-134.659333,56.83,-134.651333,674.8272,,,,,,,,,,Retained,,230
2024,611,1,710,37833,ILONA B,8/9/2024 18:12,2,13,710,345631,NSEI,56.848667,-134.659333,56.83,-134.651333,674.8272,,,,,,,,,,Retained,,231
2024,611,1,710,37833,ILONA B,8/9/2024 18:12,2,13,710,345631,NSEI,56.848667,-134.659333,56.83,-134.651333,674.8272,,,,,,,,,,Retained,,232
2024,611,1,710,37833,ILONA B,8/9/2024 18:12,2,13,710,345631,NSEI,56.848667,-134.659333,56.83,-134.651333,674.8272,,,,,,,,,,Retained,,233
2024,611,1,710,37833,ILONA B,8/9/2024 18:12,2,13,710,345631,NSEI,56.848667,-134.659333,56.83,-134.651333,674.8272,,,,,,,,,,Retained,,234
2024,611,1,710,37833,ILONA B,8/9/2024 18:12,2,13,710,345631,NSEI,56.848667,-134.659333,56.83,-134.651333,674.8272,,,,,,,,,,Retained,,235
2024,611,1,710,37833,ILONA B,8/9/2024 18:12,2,13,710,345631,NSEI,56.848667,-134.659333,56.83,-134.651333,674.8272,,,,,,,,,,Retained,,236
2024,611,1,710,37833,ILONA B,8/9/2024 18:12,2,13,710,345631,NSEI,56.848667,-134.659333,56.83,-134.651333,674.8272,,,,,,,,,,Retained,,237
2024,611,1,710,37833,ILONA B,8/9/2024 18:12,2,13,710,345631,NSEI,56.848667,-134.659333,56.83,-134.651333,674.8272,,,,,,,,,,Retained,,238
2024,611,1,710,37833,ILONA B,8/9/2024 18:12,2,13,710,345631,NSEI,56.848667,-134.659333,56.83,-134.651333,674.8272,,,,,,,,,,Retained,,239
2024,611,1,710,37833,ILONA B,8/9/2024 18:12,2,13,710,345631,NSEI,56.848667,-134.659333,56.83,-134.651333,674.8272,,,,,,,,,,Retained,,240
2024,611,1,710,37833,ILONA B,8/9/2024 18:12,2,13,710,345631,NSEI,56.848667,-134.659333,56.83,-134.651333,674.8272,,,,,,,,,,Retained,,241
2024,611,1,710,37833,ILONA B,8/9/2024 18:12,2,13,710,345631,NSEI,56.848667,-134.659333,56.83,-134.651333,674.8272,,,,,,,,,,Retained,,242
2024,611,1,710,37833,ILONA B,8/9/2024 18:12,2,13,710,345631,NSEI,56.848667,-134.659333,56.83,-134.651333,674.8272,,,,,,,,,,Retained,,243
2024,611,1,710,37833,ILONA B,8/9/2024 18:12,2,13,710,345631,NSEI,56.848667,-134.659333,56.83,-134.651333,674.8272,,,,,,,,,,Retained,,244
2024,611,1,710,37833,ILONA B,8/9/2024 18:12,2,13,710,345631,NSEI,56.848667,-134.659333,56.83,-134.651333,674.8272,,,,,,,,,,Retained,,245
2024,611,1,710,37833,ILONA B,8/9/2024 18:12,2,13,710,345631,NSEI,56.848667,-134.659333,56.83,-134.651333,674.8272,,,,,,,,,,Retained,,246
2024,611,1,710,37833,ILONA B,8/9/2024 18:12,2,13,710,345631,NSEI,56.848667,-134.659333,56.83,-134.651333,674.8272,,,,,,,,,,Retained,,247
2024,611,1,710,37833,ILONA B,8/9/2024 18:12,2,13,710,345631,NSEI,56.848667,-134.659333,56.83,-134.651333,674.8272,,,,,,,,,,Retained,,248
2024,611,1,710,37833,ILONA B,8/9/2024 18:12,2,13,710,345631,NSEI,56.848667,-134.659333,56.83,-134.651333,674.8272,,,,,,,,,,Retained,,249
2024,611,1,710,37833,ILONA B,8/9/2024 18:12,2,13,710,345631,NSEI,56.848667,-134.659333,56.83,-134.651333,674.8272,,,,,,,,,,Retained,,250
2024,611,1,710,37833,ILONA B,8/9/2024 18:12,2,13,710,345631,NSEI,56.848667,-134.659333,56.83,-134.651333,674.8272,,,,,,,,,,Retained,,251
2024,611,1,710,37833,ILONA B,8/9/2024 18:12,2,13,710,345631,NSEI,56.848667,-134.659333,56.83,-134.651333,674.8272,,,,,,,,,,Retained,,252
2024,611,1,710,37833,ILONA B,8/9/2024 18:12,2,13,710,345631,NSEI,56.848667,-134.659333,56.83,-134.651333,674.8272,,,,,,,,,,Retained,,253
2024,611,1,710,37833,ILONA B,8/9/2024 18:12,2,13,710,345631,NSEI,56.848667,-134.659333,56.83,-134.651333,674.8272,,,,,,,,,,Retained,,254
2024,611,1,710,37833,ILONA B,8/9/2024 18:12,2,13,710,345631,NSEI,56.848667,-134.659333,56.83,-134.651333,674.8272,,,,,,,,,,Retained,,255
2024,611,1,710,37833,ILONA B,8/9/2024 18:12,2,13,710,345631,NSEI,56.848667,-134.659333,56.83,-134.651333,674.8272,,,,,,,,,,Retained,,256
2024,611,1,710,37833,ILONA B,8/9/2024 18:12,2,13,710,345631,NSEI,56.848667,-134.659333,56.83,-134.651333,674.8272,,,,,,,,,,Retained,,257
2024,611,1,710,37833,ILONA B,8/9/2024 18:12,2,13,710,345631,NSEI,56.848667,-134.659333,56.83,-134.651333,674.8272,,,,,,,,,,Retained,,258
2024,611,1,710,37833,ILONA B,8/9/2024 18:12,2,13,710,345631,NSEI,56.848667,-134.659333,56.83,-134.651333,674.8272,,,,,,,,,,Retained,,259
2024,611,1,710,37833,ILONA B,8/9/2024 18:12,2,13,710,345631,NSEI,56.848667,-134.659333,56.83,-134.651333,674.8272,,,,,,,,,,Retained,,260
2024,611,1,710,37833,ILONA B,8/9/2024 18:12,2,13,710,345631,NSEI,56.848667,-134.659333,56.83,-134.651333,674.8272,,,,,,,,,,Retained,,261
2024,611,1,710,37833,ILONA B,8/9/2024 18:12,2,13,710,345631,NSEI,56.848667,-134.659333,56.83,-134.651333,674.8272,,,,,,,,,,Retained,,262
2024,611,1,710,37833,ILONA B,8/9/2024 18:12,2,13,710,345631,NSEI,56.848667,-134.659333,56.83,-134.651333,674.8272,,,,,,,,,,Retained,,263
2024,611,1,710,37833,ILONA B,8/9/2024 18:12,2,13,710,345631,NSEI,56.848667,-134.659333,56.83,-134.651333,674.8272,,,,,,,,,,Retained,,264
2024,611,1,710,37833,ILONA B,8/9/2024 18:12,2,13,710,345631,NSEI,56.848667,-134.659333,56.83,-134.651333,674.8272,,,,,,,,,,Retained,,265
2024,611,1,710,37833,ILONA B,8/9/2024 18:12,2,13,710,345631,NSEI,56.848667,-134.659333,56.83,-134.651333,674.8272,,,,,,,,,,Retained,,266
2024,611,1,710,37833,ILONA B,8/9/2024 18:12,2,13,710,345631,NSEI,56.848667,-134.659333,56.83,-134.651333,674.8272,,,,,,,,,,Retained,,267
2024,611,1,710,37833,ILONA B,8/9/2024 18:12,2,13,710,345631,NSEI,56.848667,-134.659333,56.83,-134.651333,674.8272,,,,,,,,,,Retained,,268
2024,611,1,710,37833,ILONA B,8/9/2024 18:12,2,13,710,345631,NSEI,56.848667,-134.659333,56.83,-134.651333,674.8272,,,,,,,,,,Retained,,269
2024,611,1,710,37833,ILONA B,8/9/2024 18:12,2,13,710,345631,NSEI,56.848667,-134.659333,56.83,-134.651333,674.8272,,,,,,,,,,Retained,,270
2024,611,1,710,37833,ILONA B,8/9/2024 18:12,2,13,710,345631,NSEI,56.848667,-134.659333,56.83,-134.651333,674.8272,,,,,,,,,,Retained,,271
2024,611,1,710,37833,ILONA B,8/9/2024 18:12,2,13,710,345631,NSEI,56.848667,-134.659333,56.83,-134.651333,674.8272,,,,,,,,,,Retained,,272
2024,611,1,710,37833,ILONA B,8/9/2024 18:12,2,13,710,345631,NSEI,56.848667,-134.659333,56.83,-134.651333,674.8272,,,,,,,,,,Retained,,273
2024,611,1,710,37833,ILONA B,8/9/2024 18:12,2,13,710,345631,NSEI,56.848667,-134.659333,56.83,-134.651333,674.8272,,,,,,,,,,Retained,,274
2024,611,1,710,37833,ILONA B,8/9/2024 18:12,2,13,710,345631,NSEI,56.848667,-134.659333,56.83,-134.651333,674.8272,,,,,,,,,,Retained,,275
2024,611,1,710,37833,ILONA B,8/9/2024 18:12,2,13,710,345631,NSEI,56.848667,-134.659333,56.83,-134.651333,674.8272,,,,,,,,,,Retained,,276
2024,611,1,710,37833,ILONA B,8/9/2024 18:12,2,13,710,345631,NSEI,56.848667,-134.659333,56.83,-134.651333,674.8272,,,,,,,,,,Retained,,277
2024,611,1,710,37833,ILONA B,8/9/2024 18:12,2,13,710,345631,NSEI,56.848667,-134.659333,56.83,-134.651333,674.8272,,,,,,,,,,Retained,,278
2024,611,1,710,37833,ILONA B,8/9/2024 18:12,2,13,710,345631,NSEI,56.848667,-134.659333,56.83,-134.651333,674.8272,,,,,,,,,,Retained,,279
2024,611,1,710,37833,ILONA B,8/9/2024 18:12,2,13,710,345631,NSEI,56.848667,-134.659333,56.83,-134.651333,674.8272,,,,,,,,,,Retained,,280
2024,611,1,710,37833,ILONA B,8/9/2024 18:12,2,13,710,345631,NSEI,56.848667,-134.659333,56.83,-134.651333,674.8272,,,,,,,,,,Retained,,281
2024,611,1,710,37833,ILONA B,8/9/2024 18:12,2,13,710,345631,NSEI,56.848667,-134.659333,56.83,-134.651333,674.8272,,,,,,,,,,Retained,,282
2024,611,1,710,37833,ILONA B,8/9/2024 18:12,2,13,710,345631,NSEI,56.848667,-134.659333,56.83,-134.651333,674.8272,,,,,,,,,,Retained,,283
2024,611,1,710,37833,ILONA B,8/9/2024 18:12,2,13,710,345631,NSEI,56.848667,-134.659333,56.83,-134.651333,674.8272,,,,,,,,,,Retained,,284
2024,611,1,710,37833,ILONA B,8/9/2024 18:12,2,13,710,345631,NSEI,56.848667,-134.659333,56.83,-134.651333,674.8272,,,,,,,,,,Retained,,285
2024,611,1,710,37833,ILONA B,8/9/2024 18:12,2,13,710,345631,NSEI,56.848667,-134.659333,56.83,-134.651333,674.8272,,,,,,,,,,Retained,,286
2024,611,1,710,37833,ILONA B,8/9/2024 18:12,2,13,710,345631,NSEI,56.848667,-134.659333,56.83,-134.651333,674.8272,,,,,,,,,,Retained,,287
2024,611,1,710,37833,ILONA B,8/9/2024 18:12,2,13,710,345631,NSEI,56.848667,-134.659333,56.83,-134.651333,674.8272,,,,,,,,,,Retained,,288
2024,611,1,710,37833,ILONA B,8/9/2024 18:12,2,13,710,345631,NSEI,56.848667,-134.659333,56.83,-134.651333,674.8272,,,,,,,,,,Retained,,289
2024,611,1,710,37833,ILONA B,8/9/2024 18:12,2,13,710,345631,NSEI,56.848667,-134.659333,56.83,-134.651333,674.8272,,,,,,,,,,Retained,,290
2024,611,1,710,37833,ILONA B,8/9/2024 18:12,2,13,710,345631,NSEI,56.848667,-134.659333,56.83,-134.651333,674.8272,,,,,,,,,,Retained,,291
2024,611,1,710,37833,ILONA B,8/9/2024 18:12,2,13,710,345631,NSEI,56.848667,-134.659333,56.83,-134.651333,674.8272,,,,,,,,,,Retained,,292
2024,611,1,710,37833,ILONA B,8/9/2024 18:12,2,13,710,345631,NSEI,56.848667,-134.659333,56.83,-134.651333,674.8272,,,,,,,,,,Retained,,293
2024,611,1,710,37833,ILONA B,8/9/2024 18:12,2,13,710,345631,NSEI,56.848667,-134.659333,56.83,-134.651333,674.8272,,,,,,,,,,Retained,,294
2024,611,1,710,37833,ILONA B,8/9/2024 18:12,2,13,710,345631,NSEI,56.848667,-134.659333,56.83,-134.651333,674.8272,,,,,,,,,,Retained,,295
2024,611,1,710,37833,ILONA B,8/9/2024 18:12,2,13,710,345631,NSEI,56.848667,-134.659333,56.83,-134.651333,674.8272,,,,,,,,,,Retained,,296
2024,611,1,710,37833,ILONA B,8/9/2024 18:12,2,13,710,345631,NSEI,56.848667,-134.659333,56.83,-134.651333,674.8272,,,,,,,,,,Retained,,297
2024,611,1,710,37833,ILONA B,8/9/2024 18:12,2,13,710,345631,NSEI,56.848667,-134.659333,56.83,-134.651333,674.8272,,,,,,,,,,Retained,,298
2024,611,1,710,37833,ILONA B,8/9/2024 18:12,2,13,710,345631,NSEI,56.848667,-134.659333,56.83,-134.651333,674.8272,,,,,,,,,,Retained,,299
2024,611,1,710,37833,ILONA B,8/9/2024 18:12,2,13,710,345631,NSEI,56.848667,-134.659333,56.83,-134.651333,674.8272,,,,,,,,,,Retained,,300
2024,611,1,710,37833,ILONA B,8/9/2024 18:12,2,13,710,345631,NSEI,56.848667,-134.659333,56.83,-134.651333,674.8272,,,,,,,,,,Retained,,301
2024,611,1,710,37833,ILONA B,8/9/2024 18:12,2,13,710,345631,NSEI,56.848667,-134.659333,56.83,-134.651333,674.8272,,,,,,,,,,Retained,,302
2024,611,1,710,37833,ILONA B,8/9/2024 18:12,2,13,710,345631,NSEI,56.848667,-134.659333,56.83,-134.651333,674.8272,,,,,,,,,,Retained,,303
2024,611,1,710,37833,ILONA B,8/9/2024 18:12,2,13,710,345631,NSEI,56.848667,-134.659333,56.83,-134.651333,674.8272,,,,,,,,,,Retained,,304
2024,611,1,710,37833,ILONA B,8/9/2024 18:12,2,13,710,345631,NSEI,56.848667,-134.659333,56.83,-134.651333,674.8272,,,,,,,,,,Retained,,305
2024,611,1,710,37833,ILONA B,8/9/2024 18:12,2,13,710,345631,NSEI,56.848667,-134.659333,56.83,-134.651333,674.8272,,,,,,,,,,Retained,,306
2024,611,1,710,37833,ILONA B,8/9/2024 18:12,2,13,710,345631,NSEI,56.848667,-134.659333,56.83,-134.651333,674.8272,,,,,,,,,,Retained,,307
2024,611,1,710,37833,ILONA B,8/9/2024 18:12,2,13,710,345631,NSEI,56.848667,-134.659333,56.83,-134.651333,674.8272,,,,,,,,,,Retained,,308
2024,611,1,710,37833,ILONA B,8/9/2024 18:12,2,13,710,345631,NSEI,56.848667,-134.659333,56.83,-134.651333,674.8272,,,,,,,,,,Retained,,309
2024,611,1,710,37833,ILONA B,8/9/2024 18:12,2,13,710,345631,NSEI,56.848667,-134.659333,56.83,-134.651333,674.8272,,,,,,,,,,Retained,,310
2024,611,1,710,37833,ILONA B,8/9/2024 18:12,2,13,710,345631,NSEI,56.848667,-134.659333,56.83,-134.651333,674.8272,,,,,,,,,,Retained,,311
2024,611,1,710,37833,ILONA B,8/9/2024 18:12,2,13,710,345631,NSEI,56.848667,-134.659333,56.83,-134.651333,674.8272,,,,,,,,,,Retained,,312
2024,611,1,710,37833,ILONA B,8/9/2024 18:12,2,13,710,345631,NSEI,56.848667,-134.659333,56.83,-134.651333,674.8272,,,,,,,,,,Retained,,313
2024,611,1,710,37833,ILONA B,8/9/2024 18:12,2,13,710,345631,NSEI,56.848667,-134.659333,56.83,-134.651333,674.8272,,,,,,,,,,Retained,,314
2024,611,1,710,37833,ILONA B,8/9/2024 18:12,2,13,710,345631,NSEI,56.848667,-134.659333,56.83,-134.651333,674.8272,,,,,,,,,,Retained,,315
2024,611,1,710,37833,ILONA B,8/9/2024 18:12,2,13,710,345631,NSEI,56.848667,-134.659333,56.83,-134.651333,674.8272,,,,,,,,,,Retained,,316
2024,611,1,710,37833,ILONA B,8/9/2024 18:12,2,13,710,345631,NSEI,56.848667,-134.659333,56.83,-134.651333,674.8272,,,,,,,,,,Retained,,317
2024,611,1,710,37833,ILONA B,8/9/2024 18:12,2,13,710,345631,NSEI,56.848667,-134.659333,56.83,-134.651333,674.8272,,,,,,,,,,Retained,,318
2024,611,1,710,37833,ILONA B,8/9/2024 18:12,2,13,710,345631,NSEI,56.848667,-134.659333,56.83,-134.651333,674.8272,,,,,,,,,,Retained,,319
2024,611,1,710,37833,ILONA B,8/9/2024 18:12,2,13,710,345631,NSEI,56.848667,-134.659333,56.83,-134.651333,674.8272,,,,,,,,,,Retained,,320
2024,611,1,710,37833,ILONA B,8/9/2024 18:12,2,13,710,345631,NSEI,56.848667,-134.659333,56.83,-134.651333,674.8272,,,,,,,,,,Retained,,321
2024,611,1,710,37833,ILONA B,8/9/2024 18:12,2,13,710,345631,NSEI,56.848667,-134.659333,56.83,-134.651333,674.8272,,,,,,,,,,Retained,,322
2024,611,1,710,37833,ILONA B,8/9/2024 18:12,2,13,710,345631,NSEI,56.848667,-134.659333,56.83,-134.651333,674.8272,,,,,,,,,,Retained,,323
2024,611,1,710,37833,ILONA B,8/9/2024 18:12,2,13,710,345631,NSEI,56.848667,-134.659333,56.83,-134.651333,674.8272,,,,,,,,,,Retained,,324
2024,611,1,710,37833,ILONA B,8/9/2024 18:12,2,13,710,345631,NSEI,56.848667,-134.659333,56.83,-134.651333,674.8272,,,,,,,,,,Retained,,325
2024,611,1,710,37833,ILONA B,8/9/2024 18:12,2,13,710,345631,NSEI,56.848667,-134.659333,56.83,-134.651333,674.8272,,,,,,,,,,Retained,,326
2024,611,1,710,37833,ILONA B,8/9/2024 18:12,2,13,710,345631,NSEI,56.848667,-134.659333,56.83,-134.651333,674.8272,,,,,,,,,,Retained,,327
2024,611,1,710,37833,ILONA B,8/9/2024 18:12,2,13,710,345631,NSEI,56.848667,-134.659333,56.83,-134.651333,674.8272,,,,,,,,,,Retained,,328
2024,611,1,710,37833,ILONA B,8/9/2024 18:12,2,13,710,345631,NSEI,56.848667,-134.659333,56.83,-134.651333,674.8272,,,,,,,,,,Retained,,329
2024,611,1,710,37833,ILONA B,8/9/2024 18:12,2,13,710,345631,NSEI,56.848667,-134.659333,56.83,-134.651333,674.8272,,,,,,,,,,Retained,,330
2024,611,1,710,37833,ILONA B,8/9/2024 18:12,2,13,710,345631,NSEI,56.848667,-134.659333,56.83,-134.651333,674.8272,,,,,,,,,,Retained,,331
2024,611,1,710,37833,ILONA B,8/9/2024 18:12,2,13,710,345631,NSEI,56.848667,-134.659333,56.83,-134.651333,674.8272,,,,,,,,,,Retained,,332
2024,611,1,710,37833,ILONA B,8/9/2024 18:12,2,13,710,345631,NSEI,56.848667,-134.659333,56.83,-134.651333,674.8272,,,,,,,,,,Retained,,333
2024,611,1,710,37833,ILONA B,8/9/2024 18:12,2,13,710,345631,NSEI,56.848667,-134.659333,56.83,-134.651333,674.8272,,,,,,,,,,Retained,,334
2024,611,1,710,37833,ILONA B,8/9/2024 18:12,2,13,710,345631,NSEI,56.848667,-134.659333,56.83,-134.651333,674.8272,,,,,,,,,,Retained,,335
2024,611,1,710,37833,ILONA B,8/9/2024 18:12,2,13,710,345631,NSEI,56.848667,-134.659333,56.83,-134.651333,674.8272,,,,,,,,,,Retained,,336
2024,611,1,710,37833,ILONA B,8/9/2024 18:12,2,13,710,345631,NSEI,56.848667,-134.659333,56.83,-134.651333,674.8272,,,,,,,,,,Retained,,337
2024,611,1,710,37833,ILONA B,8/9/2024 18:12,2,13,710,345631,NSEI,56.848667,-134.659333,56.83,-134.651333,674.8272,,,,,,,,,,Retained,,338
2024,611,1,710,37833,ILONA B,8/9/2024 18:12,2,13,710,345631,NSEI,56.848667,-134.659333,56.83,-134.651333,674.8272,,,,,,,,,,Retained,,339
2024,611,1,710,37833,ILONA B,8/9/2024 18:12,2,13,710,345631,NSEI,56.848667,-134.659333,56.83,-134.651333,674.8272,,,,,,,,,,Retained,,340
2024,611,1,710,37833,ILONA B,8/9/2024 18:12,2,13,710,345631,NSEI,56.848667,-134.659333,56.83,-134.651333,674.8272,,,,,,,,,,Retained,,341
2024,611,1,710,37833,ILONA B,8/9/2024 18:12,2,13,710,345631,NSEI,56.848667,-134.659333,56.83,-134.651333,674.8272,,,,,,,,,,Retained,,342
2024,611,1,710,37833,ILONA B,8/9/2024 18:12,2,13,710,345631,NSEI,56.848667,-134.659333,56.83,-134.651333,674.8272,,,,,,,,,,Retained,,343
2024,611,1,710,37833,ILONA B,8/9/2024 18:12,2,13,710,345631,NSEI,56.848667,-134.659333,56.83,-134.651333,674.8272,,,,,,,,,,Retained,,344
2024,611,1,710,37833,ILONA B,8/9/2024 18:12,2,13,710,345631,NSEI,56.848667,-134.659333,56.83,-134.651333,674.8272,,,,,,,,,,Retained,,345
2024,611,1,710,37833,ILONA B,8/9/2024 18:12,2,13,710,345631,NSEI,56.848667,-134.659333,56.83,-134.651333,674.8272,,,,,,,,,,Retained,,346
2024,611,1,710,37833,ILONA B,8/9/2024 18:12,2,13,710,345631,NSEI,56.848667,-134.659333,56.83,-134.651333,674.8272,,,,,,,,,,Retained,,347
2024,611,1,710,37833,ILONA B,8/9/2024 18:12,2,13,710,345631,NSEI,56.848667,-134.659333,56.83,-134.651333,674.8272,,,,,,,,,,Retained,,348
2024,611,1,710,37833,ILONA B,8/9/2024 18:12,2,13,710,345631,NSEI,56.848667,-134.659333,56.83,-134.651333,674.8272,,,,,,,,,,Retained,,349
2024,611,1,710,37833,ILONA B,8/9/2024 18:12,2,13,710,345631,NSEI,56.848667,-134.659333,56.83,-134.651333,674.8272,,,,,,,,,,Retained,,350
2024,611,1,710,37833,ILONA B,8/9/2024 18:12,2,13,710,345631,NSEI,56.848667,-134.659333,56.83,-134.651333,674.8272,,,,,,,,,,Retained,,351
2024,611,1,710,37833,ILONA B,8/9/2024 18:12,2,13,710,345631,NSEI,56.848667,-134.659333,56.83,-134.651333,674.8272,,,,,,,,,,Retained,,352
2024,611,1,710,37833,ILONA B,8/9/2024 18:12,2,13,710,345631,NSEI,56.848667,-134.659333,56.83,-134.651333,674.8272,,,,,,,,,,Retained,,353
2024,611,1,710,37833,ILONA B,8/9/2024 18:12,2,13,710,345631,NSEI,56.848667,-134.659333,56.83,-134.651333,674.8272,,,,,,,,,,Retained,,354
2024,611,1,710,37833,ILONA B,8/9/2024 18:12,2,13,710,345631,NSEI,56.848667,-134.659333,56.83,-134.651333,674.8272,,,,,,,,,,Retained,,355
2024,611,1,710,37833,ILONA B,8/9/2024 18:12,2,13,710,345631,NSEI,56.848667,-134.659333,56.83,-134.651333,674.8272,,,,,,,,,,Retained,,356
2024,611,1,710,37833,ILONA B,8/9/2024 18:12,2,13,710,345631,NSEI,56.848667,-134.659333,56.83,-134.651333,674.8272,,,,,,,,,,Retained,,357
2024,611,1,710,37833,ILONA B,8/9/2024 18:12,2,13,710,345631,NSEI,56.848667,-134.659333,56.83,-134.651333,674.8272,,,,,,,,,,Retained,,358
2024,611,1,710,37833,ILONA B,8/9/2024 18:12,2,13,710,345631,NSEI,56.848667,-134.659333,56.83,-134.651333,674.8272,,,,,,,,,,Retained,,359
2024,611,1,710,37833,ILONA B,8/9/2024 18:12,2,13,710,345631,NSEI,56.848667,-134.659333,56.83,-134.651333,674.8272,,,,,,,,,,Retained,,360
2024,611,1,710,37833,ILONA B,8/9/2024 18:12,2,13,710,345631,NSEI,56.848667,-134.659333,56.83,-134.651333,674.8272,,,,,,,,,,Retained,,361
2024,611,1,710,37833,ILONA B,8/9/2024 18:12,2,13,710,345631,NSEI,56.848667,-134.659333,56.83,-134.651333,674.8272,,,,,,,,,,Retained,,362
2024,611,1,710,37833,ILONA B,8/9/2024 18:12,2,13,710,345631,NSEI,56.848667,-134.659333,56.83,-134.651333,674.8272,,,,,,,,,,Retained,,363
2024,611,1,710,37833,ILONA B,8/9/2024 18:12,2,13,710,345631,NSEI,56.848667,-134.659333,56.83,-134.651333,674.8272,,,,,,,,,,Retained,,364
2024,611,1,710,37833,ILONA B,8/9/2024 18:12,2,13,710,345631,NSEI,56.848667,-134.659333,56.83,-134.651333,674.8272,,,,,,,,,,Retained,,365
2024,611,1,710,37833,ILONA B,8/9/2024 18:12,2,13,710,345631,NSEI,56.848667,-134.659333,56.83,-134.651333,674.8272,,,,,,,,,,Retained,,366
2024,611,1,710,37833,ILONA B,8/9/2024 18:12,2,13,710,345631,NSEI,56.848667,-134.659333,56.83,-134.651333,674.8272,,,,,,,,,,Retained,,367
2024,611,1,710,37833,ILONA B,8/9/2024 18:12,2,13,710,345631,NSEI,56.848667,-134.659333,56.83,-134.651333,674.8272,,,,,,,,,,Retained,,368
2024,611,1,710,37833,ILONA B,8/9/2024 18:12,2,13,710,345631,NSEI,56.848667,-134.659333,56.83,-134.651333,674.8272,,,,,,,,,,Retained,,369
2024,611,1,710,37833,ILONA B,8/9/2024 18:12,2,13,710,345631,NSEI,56.848667,-134.659333,56.83,-134.651333,674.8272,,,,,,,,,,Retained,,370
2024,611,1,710,37833,ILONA B,8/9/2024 18:12,2,13,710,345631,NSEI,56.848667,-134.659333,56.83,-134.651333,674.8272,,,,,,,,,,Retained,,371
2024,611,1,710,37833,ILONA B,8/9/2024 18:12,2,13,710,345631,NSEI,56.848667,-134.659333,56.83,-134.651333,674.8272,,,,,,,,,,Retained,,372
2024,611,1,710,37833,ILONA B,8/9/2024 18:12,2,13,710,345631,NSEI,56.848667,-134.659333,56.83,-134.651333,674.8272,,,,,,,,,,Retained,,373
2024,611,1,710,37833,ILONA B,8/9/2024 18:12,2,13,710,345631,NSEI,56.848667,-134.659333,56.83,-134.651333,674.8272,,,,,,,,,,Retained,,374
2024,611,1,710,37833,ILONA B,8/9/2024 18:12,2,13,710,345631,NSEI,56.848667,-134.659333,56.83,-134.651333,674.8272,,,,,,,,,,Retained,,375
2024,611,1,710,37833,ILONA B,8/9/2024 18:12,2,13,710,345631,NSEI,56.848667,-134.659333,56.83,-134.651333,674.8272,,,,,,,,,,Retained,,376
2024,611,1,710,37833,ILONA B,8/9/2024 18:12,2,13,710,345631,NSEI,56.848667,-134.659333,56.83,-134.651333,674.8272,,,,,,,,,,Retained,,377
2024,611,1,710,37833,ILONA B,8/9/2024 18:12,2,13,710,345631,NSEI,56.848667,-134.659333,56.83,-134.651333,674.8272,,,,,,,,,,Retained,,378
2024,611,1,710,37833,ILONA B,8/9/2024 18:12,2,13,710,345631,NSEI,56.848667,-134.659333,56.83,-134.651333,674.8272,,,,,,,,,,Retained,,379
2024,611,1,710,37833,ILONA B,8/9/2024 18:12,2,13,710,345631,NSEI,56.848667,-134.659333,56.83,-134.651333,674.8272,,,,,,,,,,Retained,,380
2024,611,1,710,37833,ILONA B,8/9/2024 18:12,2,13,710,345631,NSEI,56.848667,-134.659333,56.83,-134.651333,674.8272,,,,,,,,,,Retained,,381
2024,611,1,710,37833,ILONA B,8/9/2024 18:12,2,13,710,345631,NSEI,56.848667,-134.659333,56.83,-134.651333,674.8272,,,,,,,,,,Retained,,382
2024,611,1,710,37833,ILONA B,8/9/2024 18:12,2,13,710,345631,NSEI,56.848667,-134.659333,56.83,-134.651333,674.8272,,,,,,,,,,Retained,,383
2024,611,1,710,37833,ILONA B,8/9/2024 18:12,2,13,710,345631,NSEI,56.848667,-134.659333,56.83,-134.651333,674.8272,,,,,,,,,,Retained,,384
2024,611,1,710,37833,ILONA B,8/9/2024 18:12,2,13,710,345631,NSEI,56.848667,-134.659333,56.83,-134.651333,674.8272,,,,,,,,,,Retained,,385
2024,611,1,710,37833,ILONA B,8/9/2024 18:12,2,13,710,345631,NSEI,56.848667,-134.659333,56.83,-134.651333,674.8272,,,,,,,,,,Retained,,386
2024,611,1,710,37833,ILONA B,8/9/2024 18:12,2,13,710,345631,NSEI,56.848667,-134.659333,56.83,-134.651333,674.8272,,,,,,,,,,Retained,,387
2024,611,1,710,37833,ILONA B,8/9/2024 18:12,2,13,710,345631,NSEI,56.848667,-134.659333,56.83,-134.651333,674.8272,,,,,,,,,,Retained,,388
2024,611,1,710,37833,ILONA B,8/9/2024 18:12,2,13,710,345631,NSEI,56.848667,-134.659333,56.83,-134.651333,674.8272,,,,,,,,,,Retained,,389
2024,611,1,710,37833,ILONA B,8/9/2024 18:12,2,13,710,345631,NSEI,56.848667,-134.659333,56.83,-134.651333,674.8272,,,,,,,,,,Retained,,390
2024,611,1,710,37833,ILONA B,8/9/2024 18:12,2,13,710,345631,NSEI,56.848667,-134.659333,56.83,-134.651333,674.8272,,,,,,,,,,Retained,,391
2024,611,1,710,37833,ILONA B,8/9/2024 18:12,2,13,710,345631,NSEI,56.848667,-134.659333,56.83,-134.651333,674.8272,,,,,,,,,,Retained,,392
2024,611,1,710,37833,ILONA B,8/9/2024 18:12,2,13,710,345631,NSEI,56.848667,-134.659333,56.83,-134.651333,674.8272,,,,,,,,,,Retained,,393
2024,611,1,710,37833,ILONA B,8/9/2024 18:12,2,13,710,345631,NSEI,56.848667,-134.659333,56.83,-134.651333,674.8272,,,,,,,,,,Retained,,394
2024,611,1,710,37833,ILONA B,8/9/2024 18:12,2,13,710,345631,NSEI,56.848667,-134.659333,56.83,-134.651333,674.8272,,,,,,,,,,Retained,,395
2024,611,1,710,37833,ILONA B,8/9/2024 18:12,2,13,710,345631,NSEI,56.848667,-134.659333,56.83,-134.651333,674.8272,,,,,,,,,,Retained,,396
2024,611,1,710,37833,ILONA B,8/9/2024 18:12,2,13,710,345631,NSEI,56.848667,-134.659333,56.83,-134.651333,674.8272,,,,,,,,,,Retained,,397
2024,611,1,710,37833,ILONA B,8/9/2024 18:12,2,13,710,345631,NSEI,56.848667,-134.659333,56.83,-134.651333,674.8272,,,,,,,,,,Retained,,398
2024,611,1,710,37833,ILONA B,8/9/2024 18:12,2,13,710,345631,NSEI,56.848667,-134.659333,56.83,-134.651333,674.8272,,,,,,,,,,Retained,,399
2024,611,1,710,37833,ILONA B,8/9/2024 18:12,2,13,710,345631,NSEI,56.848667,-134.659333,56.83,-134.651333,674.8272,,,,,,,,,,Retained,,400
2024,611,1,710,37833,ILONA B,8/9/2024 18:12,2,13,710,345631,NSEI,56.848667,-134.659333,56.83,-134.651333,674.8272,,,,,,,,,,Retained,,401
2024,611,1,710,37833,ILONA B,8/9/2024 18:12,2,13,710,345631,NSEI,56.848667,-134.659333,56.83,-134.651333,674.8272,,,,,,,,,,Retained,,402
2024,611,1,710,37833,ILONA B,8/9/2024 18:12,2,13,710,345631,NSEI,56.848667,-134.659333,56.83,-134.651333,674.8272,,,,,,,,,,Retained,,403
2024,611,1,710,37833,ILONA B,8/9/2024 18:12,2,13,710,345631,NSEI,56.848667,-134.659333,56.83,-134.651333,674.8272,,,,,,,,,,Retained,,404
2024,611,1,710,37833,ILONA B,8/9/2024 18:12,2,13,710,345631,NSEI,56.848667,-134.659333,56.83,-134.651333,674.8272,,,,,,,,,,Retained,,405
2024,611,1,710,37833,ILONA B,8/9/2024 18:12,2,13,710,345631,NSEI,56.848667,-134.659333,56.83,-134.651333,674.8272,,,,,,,,,,Retained,,406
2024,611,1,710,37833,ILONA B,8/9/2024 18:12,2,13,710,345631,NSEI,56.848667,-134.659333,56.83,-134.651333,674.8272,,,,,,,,,,Retained,,407
2024,611,1,710,37833,ILONA B,8/9/2024 18:12,2,13,710,345631,NSEI,56.848667,-134.659333,56.83,-134.651333,674.8272,,,,,,,,,,Retained,,408
2024,611,1,710,37833,ILONA B,8/9/2024 18:12,2,13,710,345631,NSEI,56.848667,-134.659333,56.83,-134.651333,674.8272,,,,,,,,,,Retained,,409
2024,611,1,710,37833,ILONA B,8/9/2024 18:12,2,13,710,345631,NSEI,56.848667,-134.659333,56.83,-134.651333,674.8272,,,,,,,,,,Retained,,410
2024,611,1,710,37833,ILONA B,8/9/2024 18:12,2,13,710,345631,NSEI,56.848667,-134.659333,56.83,-134.651333,674.8272,,,,,,,,,,Retained,,411
2024,611,1,710,37833,ILONA B,8/9/2024 18:12,2,13,710,345631,NSEI,56.848667,-134.659333,56.83,-134.651333,674.8272,,,,,,,,,,Retained,,412
2024,611,1,710,37833,ILONA B,8/9/2024 18:12,2,13,710,345631,NSEI,56.848667,-134.659333,56.83,-134.651333,674.8272,,,,,,,,,,Retained,,413
2024,611,1,710,37833,ILONA B,8/9/2024 18:12,2,13,710,345631,NSEI,56.848667,-134.659333,56.83,-134.651333,674.8272,,,,,,,,,,Retained,,414
2024,611,1,710,37833,ILONA B,8/9/2024 18:12,2,13,710,345631,NSEI,56.848667,-134.659333,56.83,-134.651333,674.8272,,,,,,,,,,Retained,,415
2024,611,1,710,37833,ILONA B,8/9/2024 18:12,2,13,710,345631,NSEI,56.848667,-134.659333,56.83,-134.651333,674.8272,,,,,,,,,,Retained,,416
2024,611,1,710,37833,ILONA B,8/9/2024 18:12,2,13,710,345631,NSEI,56.848667,-134.659333,56.83,-134.651333,674.8272,,,,,,,,,,Retained,,417
2024,611,1,710,37833,ILONA B,8/9/2024 18:12,2,13,710,345631,NSEI,56.848667,-134.659333,56.83,-134.651333,674.8272,,,,,,,,,,Retained,,418
2024,611,1,710,37833,ILONA B,8/9/2024 18:12,2,13,710,345631,NSEI,56.848667,-134.659333,56.83,-134.651333,674.8272,,,,,,,,,,Retained,,419
2024,611,1,710,37833,ILONA B,8/9/2024 18:12,2,13,710,345631,NSEI,56.848667,-134.659333,56.83,-134.651333,674.8272,,,,,,,,,,Retained,,420
2024,611,1,710,37833,ILONA B,8/9/2024 18:12,2,13,710,345631,NSEI,56.848667,-134.659333,56.83,-134.651333,674.8272,,,,,,,,,,Retained,,421
2024,611,1,710,37833,ILONA B,8/9/2024 18:12,2,13,710,345631,NSEI,56.848667,-134.659333,56.83,-134.651333,674.8272,,,,,,,,,,Retained,,422
2024,611,1,710,37833,ILONA B,8/9/2024 18:12,2,13,710,345631,NSEI,56.848667,-134.659333,56.83,-134.651333,674.8272,,,,,,,,,,Retained,,423
2024,611,1,710,37833,ILONA B,8/9/2024 18:12,2,13,710,345631,NSEI,56.848667,-134.659333,56.83,-134.651333,674.8272,,,,,,,,,,Retained,,424
2024,611,1,710,37833,ILONA B,8/9/2024 18:12,2,13,710,345631,NSEI,56.848667,-134.659333,56.83,-134.651333,674.8272,,,,,,,,,,Retained,,425
2024,611,1,710,37833,ILONA B,8/9/2024 18:12,2,13,710,345631,NSEI,56.848667,-134.659333,56.83,-134.651333,674.8272,,,,,,,,,,Retained,,426
2024,611,1,710,37833,ILONA B,8/9/2024 18:12,2,13,710,345631,NSEI,56.848667,-134.659333,56.83,-134.651333,674.8272,,,,,,,,,,Retained,,427
2024,611,1,710,37833,ILONA B,8/9/2024 18:12,2,13,710,345631,NSEI,56.848667,-134.659333,56.83,-134.651333,674.8272,,,,,,,,,,Retained,,428
2024,611,1,710,37833,ILONA B,8/9/2024 18:12,2,13,710,345631,NSEI,56.848667,-134.659333,56.83,-134.651333,674.8272,,,,,,,,,,Retained,,429
2024,611,1,710,37833,ILONA B,8/9/2024 18:12,2,13,710,345631,NSEI,56.848667,-134.659333,56.83,-134.651333,674.8272,,,,,,,,,,Retained,,430
2024,611,1,710,37833,ILONA B,8/9/2024 18:12,2,13,710,345631,NSEI,56.848667,-134.659333,56.83,-134.651333,674.8272,,,,,,,,,,Retained,,431
2024,611,1,710,37833,ILONA B,8/9/2024 18:12,2,13,710,345631,NSEI,56.848667,-134.659333,56.83,-134.651333,674.8272,,,,,,,,,,Retained,,432
2024,611,1,710,37833,ILONA B,8/9/2024 18:12,2,13,710,345631,NSEI,56.848667,-134.659333,56.83,-134.651333,674.8272,,,,,,,,,,Retained,,433
2024,611,1,710,37833,ILONA B,8/9/2024 18:12,2,13,710,345631,NSEI,56.848667,-134.659333,56.83,-134.651333,674.8272,,,,,,,,,,Retained,,434
2024,611,1,710,37833,ILONA B,8/9/2024 18:12,2,13,710,345631,NSEI,56.848667,-134.659333,56.83,-134.651333,674.8272,,,,,,,,,,Retained,,435
2024,611,1,710,37833,ILONA B,8/9/2024 18:12,2,13,710,345631,NSEI,56.848667,-134.659333,56.83,-134.651333,674.8272,,,,,,,,,,Retained,,436
2024,611,1,710,37833,ILONA B,8/9/2024 18:12,2,13,710,345631,NSEI,56.848667,-134.659333,56.83,-134.651333,674.8272,,,,,,,,,,Retained,,437
2024,611,1,710,37833,ILONA B,8/9/2024 18:12,2,13,710,345631,NSEI,56.848667,-134.659333,56.83,-134.651333,674.8272,,,,,,,,,,Retained,,438
2024,611,1,710,37833,ILONA B,8/9/2024 18:12,2,13,710,345631,NSEI,56.848667,-134.659333,56.83,-134.651333,674.8272,,,,,,,,,,Retained,,439
2024,611,1,710,37833,ILONA B,8/9/2024 18:12,2,13,710,345631,NSEI,56.848667,-134.659333,56.83,-134.651333,674.8272,,,,,,,,,,Retained,,440
2024,611,1,710,37833,ILONA B,8/9/2024 18:12,2,13,710,345631,NSEI,56.848667,-134.659333,56.83,-134.651333,674.8272,,,,,,,,,,Retained,,441
2024,611,1,710,37833,ILONA B,8/9/2024 18:12,2,13,710,345631,NSEI,56.848667,-134.659333,56.83,-134.651333,674.8272,,,,,,,,,,Retained,,442
2024,611,1,710,37833,ILONA B,8/9/2024 18:12,2,13,710,345631,NSEI,56.848667,-134.659333,56.83,-134.651333,674.8272,,,,,,,,,,Retained,,443
2024,611,1,710,37833,ILONA B,8/9/2024 18:12,2,13,710,345631,NSEI,56.848667,-134.659333,56.83,-134.651333,674.8272,,,,,,,,,,Retained,,444
2024,611,1,710,37833,ILONA B,8/9/2024 18:12,2,13,710,345631,NSEI,56.848667,-134.659333,56.83,-134.651333,674.8272,,,,,,,,,,Retained,,445
2024,611,1,710,37833,ILONA B,8/9/2024 18:12,2,13,710,345631,NSEI,56.848667,-134.659333,56.83,-134.651333,674.8272,,,,,,,,,,Retained,,446
2024,611,1,710,37833,ILONA B,8/9/2024 18:12,2,13,710,345631,NSEI,56.848667,-134.659333,56.83,-134.651333,674.8272,,,,,,,,,,Retained,,447
2024,611,1,710,37833,ILONA B,8/9/2024 18:12,2,13,710,345631,NSEI,56.848667,-134.659333,56.83,-134.651333,674.8272,,,,,,,,,,Retained,,448
2024,611,1,710,37833,ILONA B,8/9/2024 18:12,2,13,710,345631,NSEI,56.848667,-134.659333,56.83,-134.651333,674.8272,,,,,,,,,,Retained,,449
2024,611,1,710,37833,ILONA B,8/9/2024 18:12,2,13,710,345631,NSEI,56.848667,-134.659333,56.83,-134.651333,674.8272,,,,,,,,,,Retained,,450
2024,611,1,710,37833,ILONA B,8/9/2024 18:12,2,13,710,345631,NSEI,56.848667,-134.659333,56.83,-134.651333,674.8272,,,,,,,,,,Retained,,451
2024,611,1,710,37833,ILONA B,8/9/2024 18:12,2,13,710,345631,NSEI,56.848667,-134.659333,56.83,-134.651333,674.8272,,,,,,,,,,Retained,,452
2024,611,1,710,37833,ILONA B,8/9/2024 18:12,2,13,710,345631,NSEI,56.848667,-134.659333,56.83,-134.651333,674.8272,,,,,,,,,,Retained,,453
2024,611,1,710,37833,ILONA B,8/9/2024 18:12,2,13,710,345631,NSEI,56.848667,-134.659333,56.83,-134.651333,674.8272,,,,,,,,,,Retained,,454
2024,611,1,710,37833,ILONA B,8/9/2024 18:12,2,13,710,345631,NSEI,56.848667,-134.659333,56.83,-134.651333,674.8272,,,,,,,,,,Retained,,455
2024,611,1,710,37833,ILONA B,8/9/2024 18:12,2,13,710,345631,NSEI,56.848667,-134.659333,56.83,-134.651333,674.8272,,,,,,,,,,Retained,,456
2024,611,1,710,37833,ILONA B,8/9/2024 18:12,2,13,710,345631,NSEI,56.848667,-134.659333,56.83,-134.651333,674.8272,,,,,,,,,,Retained,,457
2024,611,1,710,37833,ILONA B,8/9/2024 18:12,2,13,710,345631,NSEI,56.848667,-134.659333,56.83,-134.651333,674.8272,,,,,,,,,,Retained,,458
2024,611,1,710,37833,ILONA B,8/9/2024 18:12,2,13,710,345631,NSEI,56.848667,-134.659333,56.83,-134.651333,674.8272,,,,,,,,,,Retained,,459
2024,611,1,710,37833,ILONA B,8/9/2024 18:12,2,13,710,345631,NSEI,56.848667,-134.659333,56.83,-134.651333,674.8272,,,,,,,,,,Retained,,460
2024,611,1,710,37833,ILONA B,8/9/2024 18:12,2,13,710,345631,NSEI,56.848667,-134.659333,56.83,-134.651333,674.8272,,,,,,,,,,Retained,,461
2024,611,1,710,37833,ILONA B,8/9/2024 18:12,2,13,710,345631,NSEI,56.848667,-134.659333,56.83,-134.651333,674.8272,,,,,,,,,,Retained,,462
2024,611,1,710,37833,ILONA B,8/9/2024 18:12,2,13,710,345631,NSEI,56.848667,-134.659333,56.83,-134.651333,674.8272,,,,,,,,,,Retained,,463
2024,611,1,710,37833,ILONA B,8/9/2024 18:12,2,13,710,345631,NSEI,56.848667,-134.659333,56.83,-134.651333,674.8272,,,,,,,,,,Retained,,464
2024,611,1,710,37833,ILONA B,8/9/2024 18:12,2,13,710,345631,NSEI,56.848667,-134.659333,56.83,-134.651333,674.8272,,,,,,,,,,Retained,,465
2024,611,1,710,37833,ILONA B,8/9/2024 18:12,2,13,710,345631,NSEI,56.848667,-134.659333,56.83,-134.651333,674.8272,,,,,,,,,,Retained,,466
2024,611,1,710,37833,ILONA B,8/9/2024 18:12,2,13,710,345631,NSEI,56.848667,-134.659333,56.83,-134.651333,674.8272,,,,,,,,,,Retained,,467
2024,611,1,710,37833,ILONA B,8/9/2024 18:12,2,13,710,345631,NSEI,56.848667,-134.659333,56.83,-134.651333,674.8272,,,,,,,,,,Retained,,468
2024,611,1,710,37833,ILONA B,8/9/2024 18:12,2,13,710,345631,NSEI,56.848667,-134.659333,56.83,-134.651333,674.8272,,,,,,,,,,Retained,,469
2024,611,1,710,37833,ILONA B,8/9/2024 18:12,2,13,710,345631,NSEI,56.848667,-134.659333,56.83,-134.651333,674.8272,,,,,,,,,,Retained,,470
2024,611,1,710,37833,ILONA B,8/9/2024 18:12,2,13,710,345631,NSEI,56.848667,-134.659333,56.83,-134.651333,674.8272,,,,,,,,,,Retained,,471
2024,611,1,710,37833,ILONA B,8/9/2024 18:12,2,13,710,345631,NSEI,56.848667,-134.659333,56.83,-134.651333,674.8272,,,,,,,,,,Retained,,472
2024,611,1,710,37833,ILONA B,8/9/2024 18:12,2,13,710,345631,NSEI,56.848667,-134.659333,56.83,-134.651333,674.8272,,,,,,,,,,Retained,,473
2024,611,1,710,37833,ILONA B,8/9/2024 18:12,2,13,710,345631,NSEI,56.848667,-134.659333,56.83,-134.651333,674.8272,,,,,,,,,,Retained,,474
2024,611,1,710,37833,ILONA B,8/9/2024 18:12,2,13,710,345631,NSEI,56.848667,-134.659333,56.83,-134.651333,674.8272,,,,,,,,,,Retained,,475
2024,611,1,710,37833,ILONA B,8/9/2024 18:12,2,13,710,345631,NSEI,56.848667,-134.659333,56.83,-134.651333,674.8272,,,,,,,,,,Retained,,476
2024,611,1,710,37833,ILONA B,8/9/2024 18:12,2,13,710,345631,NSEI,56.848667,-134.659333,56.83,-134.651333,674.8272,,,,,,,,,,Retained,,477
2024,611,1,710,37833,ILONA B,8/9/2024 18:12,2,13,710,345631,NSEI,56.848667,-134.659333,56.83,-134.651333,674.8272,,,,,,,,,,Retained,,478
2024,611,1,710,37833,ILONA B,8/9/2024 18:12,2,13,710,345631,NSEI,56.848667,-134.659333,56.83,-134.651333,674.8272,,,,,,,,,,Retained,,479
2024,611,1,710,37833,ILONA B,8/9/2024 18:12,2,13,710,345631,NSEI,56.848667,-134.659333,56.83,-134.651333,674.8272,,,,,,,,,,Retained,,480
2024,611,1,710,37833,ILONA B,8/9/2024 18:12,2,13,710,345631,NSEI,56.848667,-134.659333,56.83,-134.651333,674.8272,,,,,,,,,,Retained,,481
2024,611,1,710,37833,ILONA B,8/9/2024 18:12,2,13,710,345631,NSEI,56.848667,-134.659333,56.83,-134.651333,674.8272,,,,,,,,,,Retained,,482
2024,611,1,710,37833,ILONA B,8/9/2024 18:12,2,13,710,345631,NSEI,56.848667,-134.659333,56.83,-134.651333,674.8272,,,,,,,,,,Retained,,483
2024,611,1,710,37833,ILONA B,8/9/2024 18:12,2,13,710,345631,NSEI,56.848667,-134.659333,56.83,-134.651333,674.8272,,,,,,,,,,Retained,,484
2024,611,1,710,37833,ILONA B,8/9/2024 18:12,2,13,710,345631,NSEI,56.848667,-134.659333,56.83,-134.651333,674.8272,,,,,,,,,,Retained,,485
2024,611,1,710,37833,ILONA B,8/9/2024 18:12,2,13,710,345631,NSEI,56.848667,-134.659333,56.83,-134.651333,674.8272,,,,,,,,,,Retained,,486
2024,611,1,710,37833,ILONA B,8/9/2024 18:12,2,13,710,345631,NSEI,56.848667,-134.659333,56.83,-134.651333,674.8272,,,,,,,,,,Retained,,487
2024,611,1,710,37833,ILONA B,8/9/2024 18:12,2,13,710,345631,NSEI,56.848667,-134.659333,56.83,-134.651333,674.8272,,,,,,,,,,Retained,,488
2024,611,1,710,37833,ILONA B,8/9/2024 18:12,2,13,710,345631,NSEI,56.848667,-134.659333,56.83,-134.651333,674.8272,,,,,,,,,,Retained,,489
2024,611,1,710,37833,ILONA B,8/9/2024 18:12,2,13,710,345631,NSEI,56.848667,-134.659333,56.83,-134.651333,674.8272,,,,,,,,,,Retained,,490
2024,611,1,710,37833,ILONA B,8/9/2024 18:12,2,13,710,345631,NSEI,56.848667,-134.659333,56.83,-134.651333,674.8272,,,,,,,,,,Retained,,491
2024,611,1,710,37833,ILONA B,8/9/2024 18:12,2,13,710,345631,NSEI,56.848667,-134.659333,56.83,-134.651333,674.8272,,,,,,,,,,Retained,,492
2024,611,1,710,37833,ILONA B,8/9/2024 18:12,2,13,710,345631,NSEI,56.848667,-134.659333,56.83,-134.651333,674.8272,,,,,,,,,,Retained,,493
2024,611,1,710,37833,ILONA B,8/9/2024 18:12,2,13,710,345631,NSEI,56.848667,-134.659333,56.83,-134.651333,674.8272,,,,,,,,,,Retained,,494
2024,611,1,710,37833,ILONA B,8/9/2024 18:12,2,13,710,345631,NSEI,56.848667,-134.659333,56.83,-134.651333,674.8272,,,,,,,,,,Retained,,495
2024,611,1,710,37833,ILONA B,8/9/2024 18:12,2,13,710,345631,NSEI,56.848667,-134.659333,56.83,-134.651333,674.8272,,,,,,,,,,Retained,,496
2024,611,1,710,37833,ILONA B,8/9/2024 18:12,2,13,710,345631,NSEI,56.848667,-134.659333,56.83,-134.651333,674.8272,,,,,,,,,,Retained,,497
2024,611,1,710,37833,ILONA B,8/9/2024 18:12,2,13,710,345631,NSEI,56.848667,-134.659333,56.83,-134.651333,674.8272,,,,,,,,,,Retained,,498
2024,611,1,710,37833,ILONA B,8/9/2024 18:12,2,13,710,345631,NSEI,56.848667,-134.659333,56.83,-134.651333,674.8272,,,,,,,,,,Retained,,499
2024,611,1,710,37833,ILONA B,8/9/2024 18:12,2,13,710,345631,NSEI,56.848667,-134.659333,56.83,-134.651333,674.8272,,,,,,,,,,Retained,,500
2024,611,1,710,37833,ILONA B,8/9/2024 18:12,2,13,710,345631,NSEI,56.848667,-134.659333,56.83,-134.651333,674.8272,,,,,,,,,,Retained,,501
2024,611,1,710,37833,ILONA B,8/9/2024 18:12,2,13,710,345631,NSEI,56.848667,-134.659333,56.83,-134.651333,674.8272,,,,,,,,,,Retained,,502
2024,611,1,710,37833,ILONA B,8/9/2024 18:12,2,13,710,345631,NSEI,56.848667,-134.659333,56.83,-134.651333,674.8272,,,,,,,,,,Retained,,503
2024,611,1,710,37833,ILONA B,8/9/2024 18:12,2,13,710,345631,NSEI,56.848667,-134.659333,56.83,-134.651333,674.8272,,,,,,,,,,Retained,,504
2024,611,1,710,37833,ILONA B,8/9/2024 18:12,2,13,710,345631,NSEI,56.848667,-134.659333,56.83,-134.651333,674.8272,,,,,,,,,,Retained,,505
2024,611,1,710,37833,ILONA B,8/9/2024 18:12,2,13,710,345631,NSEI,56.848667,-134.659333,56.83,-134.651333,674.8272,,,,,,,,,,Retained,,506
2024,611,1,710,37833,ILONA B,8/9/2024 18:12,2,13,710,345631,NSEI,56.848667,-134.659333,56.83,-134.651333,674.8272,,,,,,,,,,Retained,,507
2024,611,1,710,37833,ILONA B,8/9/2024 18:12,2,13,710,345631,NSEI,56.848667,-134.659333,56.83,-134.651333,674.8272,,,,,,,,,,Retained,,508
2024,611,1,710,37833,ILONA B,8/9/2024 18:12,2,13,710,345631,NSEI,56.848667,-134.659333,56.83,-134.651333,674.8272,,,,,,,,,,Retained,,509
2024,611,1,710,37833,ILONA B,8/9/2024 18:12,2,13,710,345631,NSEI,56.848667,-134.659333,56.83,-134.651333,674.8272,,,,,,,,,,Retained,,510
2024,611,1,710,37833,ILONA B,8/9/2024 18:12,2,13,710,345631,NSEI,56.848667,-134.659333,56.83,-134.651333,674.8272,,,,,,,,,,Retained,,511
2024,611,1,710,37833,ILONA B,8/9/2024 18:12,2,13,710,345631,NSEI,56.848667,-134.659333,56.83,-134.651333,674.8272,,,,,,,,,,Retained,,512
2024,611,1,710,37833,ILONA B,8/9/2024 18:12,2,13,710,345631,NSEI,56.848667,-134.659333,56.83,-134.651333,674.8272,,,,,,,,,,Retained,,513
2024,611,1,710,37833,ILONA B,8/9/2024 18:12,2,13,710,345631,NSEI,56.848667,-134.659333,56.83,-134.651333,674.8272,,,,,,,,,,Retained,,514
2024,611,1,710,37833,ILONA B,8/9/2024 18:12,2,13,710,345631,NSEI,56.848667,-134.659333,56.83,-134.651333,674.8272,,,,,,,,,,Retained,,515
2024,611,1,710,37833,ILONA B,8/9/2024 18:12,2,13,710,345631,NSEI,56.848667,-134.659333,56.83,-134.651333,674.8272,,,,,,,,,,Retained,,516
2024,611,1,710,37833,ILONA B,8/9/2024 18:12,2,13,710,345631,NSEI,56.848667,-134.659333,56.83,-134.651333,674.8272,,,,,,,,,,Retained,,517
2024,611,1,710,37833,ILONA B,8/9/2024 18:12,2,13,710,345631,NSEI,56.848667,-134.659333,56.83,-134.651333,674.8272,,,,,,,,,,Retained,,518
2024,611,1,710,37833,ILONA B,8/9/2024 18:12,2,13,710,345631,NSEI,56.848667,-134.659333,56.83,-134.651333,674.8272,,,,,,,,,,Retained,,519
2024,611,1,710,37833,ILONA B,8/9/2024 18:12,2,13,710,345631,NSEI,56.848667,-134.659333,56.83,-134.651333,674.8272,,,,,,,,,,Retained,,520
2024,611,1,710,37833,ILONA B,8/9/2024 18:12,2,13,710,345631,NSEI,56.848667,-134.659333,56.83,-134.651333,674.8272,,,,,,,,,,Retained,,521
2024,611,1,710,37833,ILONA B,8/9/2024 18:12,2,13,710,345631,NSEI,56.848667,-134.659333,56.83,-134.651333,674.8272,,,,,,,,,,Retained,,522
2024,611,1,710,37833,ILONA B,8/9/2024 18:12,2,13,710,345631,NSEI,56.848667,-134.659333,56.83,-134.651333,674.8272,,,,,,,,,,Retained,,523
2024,611,1,710,37833,ILONA B,8/9/2024 18:12,2,13,710,345631,NSEI,56.848667,-134.659333,56.83,-134.651333,674.8272,,,,,,,,,,Retained,,524
2024,611,1,710,37833,ILONA B,8/9/2024 18:12,2,13,710,345631,NSEI,56.848667,-134.659333,56.83,-134.651333,674.8272,,,,,,,,,,Retained,,525
2024,611,1,710,37833,ILONA B,8/9/2024 18:12,2,13,710,345631,NSEI,56.848667,-134.659333,56.83,-134.651333,674.8272,,,,,,,,,,Retained,,526
2024,611,1,710,37833,ILONA B,8/9/2024 18:12,2,13,710,345631,NSEI,56.848667,-134.659333,56.83,-134.651333,674.8272,,,,,,,,,,Retained,,527
2024,611,1,710,37833,ILONA B,8/9/2024 18:12,2,13,710,345631,NSEI,56.848667,-134.659333,56.83,-134.651333,674.8272,,,,,,,,,,Retained,,528
2024,611,1,710,37833,ILONA B,8/9/2024 18:12,2,13,710,345631,NSEI,56.848667,-134.659333,56.83,-134.651333,674.8272,,,,,,,,,,Retained,,529
2024,611,1,710,37833,ILONA B,8/9/2024 18:12,2,13,710,345631,NSEI,56.848667,-134.659333,56.83,-134.651333,674.8272,,,,,,,,,,Retained,,530
2024,611,1,710,37833,ILONA B,8/9/2024 18:12,2,13,710,345631,NSEI,56.848667,-134.659333,56.83,-134.651333,674.8272,,,,,,,,,,Retained,,531
2024,611,1,710,37833,ILONA B,8/9/2024 18:12,2,13,710,345631,NSEI,56.848667,-134.659333,56.83,-134.651333,674.8272,,,,,,,,,,Retained,,532
2024,611,1,710,37833,ILONA B,8/9/2024 18:12,2,13,710,345631,NSEI,56.848667,-134.659333,56.83,-134.651333,674.8272,,,,,,,,,,Retained,,533
2024,611,1,710,37833,ILONA B,8/9/2024 18:12,2,13,710,345631,NSEI,56.848667,-134.659333,56.83,-134.651333,674.8272,,,,,,,,,,Retained,,534
2024,611,1,710,37833,ILONA B,8/9/2024 18:12,2,13,710,345631,NSEI,56.848667,-134.659333,56.83,-134.651333,674.8272,,,,,,,,,,Retained,,535
2024,611,1,710,37833,ILONA B,8/9/2024 18:12,2,13,710,345631,NSEI,56.848667,-134.659333,56.83,-134.651333,674.8272,,,,,,,,,,Retained,,536
2024,611,1,710,37833,ILONA B,8/9/2024 18:12,2,13,710,345631,NSEI,56.848667,-134.659333,56.83,-134.651333,674.8272,,,,,,,,,,Retained,,537
2024,611,1,710,37833,ILONA B,8/9/2024 18:12,2,13,710,345631,NSEI,56.848667,-134.659333,56.83,-134.651333,674.8272,,,,,,,,,,Retained,,538
2024,611,1,710,37833,ILONA B,8/9/2024 18:12,2,13,710,345631,NSEI,56.848667,-134.659333,56.83,-134.651333,674.8272,,,,,,,,,,Retained,,539
2024,611,1,710,37833,ILONA B,8/9/2024 18:12,2,13,710,345631,NSEI,56.848667,-134.659333,56.83,-134.651333,674.8272,,,,,,,,,,Retained,,540
2024,611,1,710,37833,ILONA B,8/9/2024 18:12,2,13,710,345631,NSEI,56.848667,-134.659333,56.83,-134.651333,674.8272,,,,,,,,,,Retained,,541
2024,611,1,710,37833,ILONA B,8/9/2024 18:12,2,13,710,345631,NSEI,56.848667,-134.659333,56.83,-134.651333,674.8272,,,,,,,,,,Retained,,542
2024,611,1,710,37833,ILONA B,8/9/2024 18:12,2,13,710,345631,NSEI,56.848667,-134.659333,56.83,-134.651333,674.8272,,,,,,,,,,Retained,,545
2024,611,1,710,37833,ILONA B,8/10/2024 14:08,3,15,710,345631,NSEI,56.901333,-134.671167,56.8855,-134.668833,641.9088,49,,,,,,,,,Retained,,50
2024,611,1,710,37833,ILONA B,8/10/2024 14:08,3,15,710,345631,NSEI,56.901333,-134.671167,56.8855,-134.668833,641.9088,49,,,,,,,,,Retained,,115
2024,611,1,710,37833,ILONA B,8/10/2024 14:08,3,15,710,345631,NSEI,56.901333,-134.671167,56.8855,-134.668833,641.9088,50,,,,,,,,,Retained,,73
2024,611,1,710,37833,ILONA B,8/10/2024 14:08,3,15,710,345631,NSEI,56.901333,-134.671167,56.8855,-134.668833,641.9088,51,,,,,,,,,Retained,,92
2024,611,1,710,37833,ILONA B,8/10/2024 14:08,3,15,710,345631,NSEI,56.901333,-134.671167,56.8855,-134.668833,641.9088,52,1.5,6,,3,2,1,,,Retained,,1
2024,611,1,710,37833,ILONA B,8/10/2024 14:08,3,15,710,345631,NSEI,56.901333,-134.671167,56.8855,-134.668833,641.9088,52,,,,,,,,,Retained,,13
2024,611,1,710,37833,ILONA B,8/10/2024 14:08,3,15,710,345631,NSEI,56.901333,-134.671167,56.8855,-134.668833,641.9088,52,,,,,,,,,Retained,,22
2024,611,1,710,37833,ILONA B,8/10/2024 14:08,3,15,710,345631,NSEI,56.901333,-134.671167,56.8855,-134.668833,641.9088,52,,,,,,,,,Retained,,28
2024,611,1,710,37833,ILONA B,8/10/2024 14:08,3,15,710,345631,NSEI,56.901333,-134.671167,56.8855,-134.668833,641.9088,52,,,,,,,,,Retained,,41
2024,611,1,710,37833,ILONA B,8/10/2024 14:08,3,15,710,345631,NSEI,56.901333,-134.671167,56.8855,-134.668833,641.9088,52,,,,,,,,,Retained,,55
2024,611,1,710,37833,ILONA B,8/10/2024 14:08,3,15,710,345631,NSEI,56.901333,-134.671167,56.8855,-134.668833,641.9088,52,,,,,,,,,Retained,,68
2024,611,1,710,37833,ILONA B,8/10/2024 14:08,3,15,710,345631,NSEI,56.901333,-134.671167,56.8855,-134.668833,641.9088,52,,,,,,,,,Retained,,102
2024,611,1,710,37833,ILONA B,8/10/2024 14:08,3,15,710,345631,NSEI,56.901333,-134.671167,56.8855,-134.668833,641.9088,52,,,,,,,,,Retained,,104
2024,611,1,710,37833,ILONA B,8/10/2024 14:08,3,15,710,345631,NSEI,56.901333,-134.671167,56.8855,-134.668833,641.9088,52,,,,,,,,,Retained,,108
2024,611,1,710,37833,ILONA B,8/10/2024 14:08,3,15,710,345631,NSEI,56.901333,-134.671167,56.8855,-134.668833,641.9088,53,1.5,10,,3,1,1,,,Retained,,21
2024,611,1,710,37833,ILONA B,8/10/2024 14:08,3,15,710,345631,NSEI,56.901333,-134.671167,56.8855,-134.668833,641.9088,53,1.6,4,,3,1,1,,,Retained,,86
2024,611,1,710,37833,ILONA B,8/10/2024 14:08,3,15,710,345631,NSEI,56.901333,-134.671167,56.8855,-134.668833,641.9088,53,1.7,6,,2,2,1,,,Retained,,96
2024,611,1,710,37833,ILONA B,8/10/2024 14:08,3,15,710,345631,NSEI,56.901333,-134.671167,56.8855,-134.668833,641.9088,53,,,,,,,,,Retained,,7
2024,611,1,710,37833,ILONA B,8/10/2024 14:08,3,15,710,345631,NSEI,56.901333,-134.671167,56.8855,-134.668833,641.9088,53,,,,,,,,,Retained,,35
2024,611,1,710,37833,ILONA B,8/10/2024 14:08,3,15,710,345631,NSEI,56.901333,-134.671167,56.8855,-134.668833,641.9088,53,,,,,,,,,Retained,,53
2024,611,1,710,37833,ILONA B,8/10/2024 14:08,3,15,710,345631,NSEI,56.901333,-134.671167,56.8855,-134.668833,641.9088,53,,,,,,,,,Retained,,89
2024,611,1,710,37833,ILONA B,8/10/2024 14:08,3,15,710,345631,NSEI,56.901333,-134.671167,56.8855,-134.668833,641.9088,54,,,,,,,,,Retained,,2
2024,611,1,710,37833,ILONA B,8/10/2024 14:08,3,15,710,345631,NSEI,56.901333,-134.671167,56.8855,-134.668833,641.9088,54,,,,,,,,,Retained,,18
2024,611,1,710,37833,ILONA B,8/10/2024 14:08,3,15,710,345631,NSEI,56.901333,-134.671167,56.8855,-134.668833,641.9088,54,,,,,,,,,Retained,,34
2024,611,1,710,37833,ILONA B,8/10/2024 14:08,3,15,710,345631,NSEI,56.901333,-134.671167,56.8855,-134.668833,641.9088,54,,,,,,,,,Retained,,40
2024,611,1,710,37833,ILONA B,8/10/2024 14:08,3,15,710,345631,NSEI,56.901333,-134.671167,56.8855,-134.668833,641.9088,54,,,,,,,,,Retained,,45
2024,611,1,710,37833,ILONA B,8/10/2024 14:08,3,15,710,345631,NSEI,56.901333,-134.671167,56.8855,-134.668833,641.9088,54,,,,,,,,,Retained,,59
2024,611,1,710,37833,ILONA B,8/10/2024 14:08,3,15,710,345631,NSEI,56.901333,-134.671167,56.8855,-134.668833,641.9088,54,,,,,,,,,Retained,,65
2024,611,1,710,37833,ILONA B,8/10/2024 14:08,3,15,710,345631,NSEI,56.901333,-134.671167,56.8855,-134.668833,641.9088,54,,,,,,,,,Retained,,80
2024,611,1,710,37833,ILONA B,8/10/2024 14:08,3,15,710,345631,NSEI,56.901333,-134.671167,56.8855,-134.668833,641.9088,54,,,,,,,,,Retained,,85
2024,611,1,710,37833,ILONA B,8/10/2024 14:08,3,15,710,345631,NSEI,56.901333,-134.671167,56.8855,-134.668833,641.9088,54,,,,,,,,,Retained,,87
2024,611,1,710,37833,ILONA B,8/10/2024 14:08,3,15,710,345631,NSEI,56.901333,-134.671167,56.8855,-134.668833,641.9088,54,,,,,,,,,Retained,,99
2024,611,1,710,37833,ILONA B,8/10/2024 14:08,3,15,710,345631,NSEI,56.901333,-134.671167,56.8855,-134.668833,641.9088,55,1.5,5,,3,1,1,,,Retained,,106
2024,611,1,710,37833,ILONA B,8/10/2024 14:08,3,15,710,345631,NSEI,56.901333,-134.671167,56.8855,-134.668833,641.9088,55,1.6,6,,3,1,1,,,Retained,,11
2024,611,1,710,37833,ILONA B,8/10/2024 14:08,3,15,710,345631,NSEI,56.901333,-134.671167,56.8855,-134.668833,641.9088,55,1.8,7,,2,1,1,,,Retained,,116
2024,611,1,710,37833,ILONA B,8/10/2024 14:08,3,15,710,345631,NSEI,56.901333,-134.671167,56.8855,-134.668833,641.9088,55,1.9,8,,3,1,7,,,Retained,,42
2024,611,1,710,37833,ILONA B,8/10/2024 14:08,3,15,710,345631,NSEI,56.901333,-134.671167,56.8855,-134.668833,641.9088,55,,,,,,,,,Retained,,38
2024,611,1,710,37833,ILONA B,8/10/2024 14:08,3,15,710,345631,NSEI,56.901333,-134.671167,56.8855,-134.668833,641.9088,55,,,,,,,,,Retained,,58
2024,611,1,710,37833,ILONA B,8/10/2024 14:08,3,15,710,345631,NSEI,56.901333,-134.671167,56.8855,-134.668833,641.9088,55,,,,,,,,,Retained,,97
2024,611,1,710,37833,ILONA B,8/10/2024 14:08,3,15,710,345631,NSEI,56.901333,-134.671167,56.8855,-134.668833,641.9088,55,,,,,,,,,Retained,,112
2024,611,1,710,37833,ILONA B,8/10/2024 14:08,3,15,710,345631,NSEI,56.901333,-134.671167,56.8855,-134.668833,641.9088,55,,,,,,,,,Retained,,120
2024,611,1,710,37833,ILONA B,8/10/2024 14:08,3,15,710,345631,NSEI,56.901333,-134.671167,56.8855,-134.668833,641.9088,56,1.5,6,,2,2,1,,,Retained,,26
2024,611,1,710,37833,ILONA B,8/10/2024 14:08,3,15,710,345631,NSEI,56.901333,-134.671167,56.8855,-134.668833,641.9088,56,1.7,6,,3,2,1,,,Retained,,52
2024,611,1,710,37833,ILONA B,8/10/2024 14:08,3,15,710,345631,NSEI,56.901333,-134.671167,56.8855,-134.668833,641.9088,56,1.8,6,,2,2,1,,,Retained,,57
2024,611,1,710,37833,ILONA B,8/10/2024 14:08,3,15,710,345631,NSEI,56.901333,-134.671167,56.8855,-134.668833,641.9088,56,1.9,12,,3,1,1,,,Retained,,37
2024,611,1,710,37833,ILONA B,8/10/2024 14:08,3,15,710,345631,NSEI,56.901333,-134.671167,56.8855,-134.668833,641.9088,56,2,7,,2,1,1,,,Retained,,47
2024,611,1,710,37833,ILONA B,8/10/2024 14:08,3,15,710,345631,NSEI,56.901333,-134.671167,56.8855,-134.668833,641.9088,56,,,,,,,,,Retained,,4
2024,611,1,710,37833,ILONA B,8/10/2024 14:08,3,15,710,345631,NSEI,56.901333,-134.671167,56.8855,-134.668833,641.9088,56,,,,,,,,,Retained,,5
2024,611,1,710,37833,ILONA B,8/10/2024 14:08,3,15,710,345631,NSEI,56.901333,-134.671167,56.8855,-134.668833,641.9088,56,,,,,,,,,Retained,,12
2024,611,1,710,37833,ILONA B,8/10/2024 14:08,3,15,710,345631,NSEI,56.901333,-134.671167,56.8855,-134.668833,641.9088,56,,,,,,,,,Retained,,23
2024,611,1,710,37833,ILONA B,8/10/2024 14:08,3,15,710,345631,NSEI,56.901333,-134.671167,56.8855,-134.668833,641.9088,56,,,,,,,,,Retained,,39
2024,611,1,710,37833,ILONA B,8/10/2024 14:08,3,15,710,345631,NSEI,56.901333,-134.671167,56.8855,-134.668833,641.9088,56,,,,,,,,,Retained,,70
2024,611,1,710,37833,ILONA B,8/10/2024 14:08,3,15,710,345631,NSEI,56.901333,-134.671167,56.8855,-134.668833,641.9088,56,,,,,,,,,Retained,,75
2024,611,1,710,37833,ILONA B,8/10/2024 14:08,3,15,710,345631,NSEI,56.901333,-134.671167,56.8855,-134.668833,641.9088,56,,,,,,,,,Retained,,103
2024,611,1,710,37833,ILONA B,8/10/2024 14:08,3,15,710,345631,NSEI,56.901333,-134.671167,56.8855,-134.668833,641.9088,56,,,,,,,,,Retained,,105
2024,611,1,710,37833,ILONA B,8/10/2024 14:08,3,15,710,345631,NSEI,56.901333,-134.671167,56.8855,-134.668833,641.9088,56,,,,,,,,,Retained,,122
2024,611,1,710,37833,ILONA B,8/10/2024 14:08,3,15,710,345631,NSEI,56.901333,-134.671167,56.8855,-134.668833,641.9088,57,,,,,,,,,Retained,,8
2024,611,1,710,37833,ILONA B,8/10/2024 14:08,3,15,710,345631,NSEI,56.901333,-134.671167,56.8855,-134.668833,641.9088,57,,,,,,,,,Retained,,20
2024,611,1,710,37833,ILONA B,8/10/2024 14:08,3,15,710,345631,NSEI,56.901333,-134.671167,56.8855,-134.668833,641.9088,57,,,,,,,,,Retained,,27
2024,611,1,710,37833,ILONA B,8/10/2024 14:08,3,15,710,345631,NSEI,56.901333,-134.671167,56.8855,-134.668833,641.9088,57,,,,,,,,,Retained,,33
2024,611,1,710,37833,ILONA B,8/10/2024 14:08,3,15,710,345631,NSEI,56.901333,-134.671167,56.8855,-134.668833,641.9088,57,,,,,,,,,Retained,,48
2024,611,1,710,37833,ILONA B,8/10/2024 14:08,3,15,710,345631,NSEI,56.901333,-134.671167,56.8855,-134.668833,641.9088,57,,,,,,,,,Retained,,63
2024,611,1,710,37833,ILONA B,8/10/2024 14:08,3,15,710,345631,NSEI,56.901333,-134.671167,56.8855,-134.668833,641.9088,57,,,,,,,,,Retained,,64
2024,611,1,710,37833,ILONA B,8/10/2024 14:08,3,15,710,345631,NSEI,56.901333,-134.671167,56.8855,-134.668833,641.9088,57,,,,,,,,,Retained,,78
2024,611,1,710,37833,ILONA B,8/10/2024 14:08,3,15,710,345631,NSEI,56.901333,-134.671167,56.8855,-134.668833,641.9088,57,,,,,,,,,Retained,,90
2024,611,1,710,37833,ILONA B,8/10/2024 14:08,3,15,710,345631,NSEI,56.901333,-134.671167,56.8855,-134.668833,641.9088,57,,,,,,,,,Retained,,93
2024,611,1,710,37833,ILONA B,8/10/2024 14:08,3,15,710,345631,NSEI,56.901333,-134.671167,56.8855,-134.668833,641.9088,58,2,7,,2,2,1,,,Retained,,101
2024,611,1,710,37833,ILONA B,8/10/2024 14:08,3,15,710,345631,NSEI,56.901333,-134.671167,56.8855,-134.668833,641.9088,58,2.1,7,,2,1,7,,,Retained,,67
2024,611,1,710,37833,ILONA B,8/10/2024 14:08,3,15,710,345631,NSEI,56.901333,-134.671167,56.8855,-134.668833,641.9088,58,2.2,7,,2,1,7,,,Retained,,76
2024,611,1,710,37833,ILONA B,8/10/2024 14:08,3,15,710,345631,NSEI,56.901333,-134.671167,56.8855,-134.668833,641.9088,58,,,,,,,,,Retained,,17
2024,611,1,710,37833,ILONA B,8/10/2024 14:08,3,15,710,345631,NSEI,56.901333,-134.671167,56.8855,-134.668833,641.9088,58,,,,,,,,,Retained,,82
2024,611,1,710,37833,ILONA B,8/10/2024 14:08,3,15,710,345631,NSEI,56.901333,-134.671167,56.8855,-134.668833,641.9088,58,,,,,,,,,Retained,,109
2024,611,1,710,37833,ILONA B,8/10/2024 14:08,3,15,710,345631,NSEI,56.901333,-134.671167,56.8855,-134.668833,641.9088,58,,,,,,,,,Retained,,113
2024,611,1,710,37833,ILONA B,8/10/2024 14:08,3,15,710,345631,NSEI,56.901333,-134.671167,56.8855,-134.668833,641.9088,59,1.9,8,,2,2,1,,,Retained,,121
2024,611,1,710,37833,ILONA B,8/10/2024 14:08,3,15,710,345631,NSEI,56.901333,-134.671167,56.8855,-134.668833,641.9088,59,2.1,11,,2,1,1,,,Retained,,31
2024,611,1,710,37833,ILONA B,8/10/2024 14:08,3,15,710,345631,NSEI,56.901333,-134.671167,56.8855,-134.668833,641.9088,59,2.3,6,,2,1,7,,,Retained,,71
2024,611,1,710,37833,ILONA B,8/10/2024 14:08,3,15,710,345631,NSEI,56.901333,-134.671167,56.8855,-134.668833,641.9088,59,,,,,,,,,Retained,,3
2024,611,1,710,37833,ILONA B,8/10/2024 14:08,3,15,710,345631,NSEI,56.901333,-134.671167,56.8855,-134.668833,641.9088,59,,,,,,,,,Retained,,49
2024,611,1,710,37833,ILONA B,8/10/2024 14:08,3,15,710,345631,NSEI,56.901333,-134.671167,56.8855,-134.668833,641.9088,60,,,,,,,,,Retained,,9
2024,611,1,710,37833,ILONA B,8/10/2024 14:08,3,15,710,345631,NSEI,56.901333,-134.671167,56.8855,-134.668833,641.9088,60,,,,,,,,,Retained,,10
2024,611,1,710,37833,ILONA B,8/10/2024 14:08,3,15,710,345631,NSEI,56.901333,-134.671167,56.8855,-134.668833,641.9088,60,,,,,,,,,Retained,,15
2024,611,1,710,37833,ILONA B,8/10/2024 14:08,3,15,710,345631,NSEI,56.901333,-134.671167,56.8855,-134.668833,641.9088,60,,,,,,,,,Retained,,43
2024,611,1,710,37833,ILONA B,8/10/2024 14:08,3,15,710,345631,NSEI,56.901333,-134.671167,56.8855,-134.668833,641.9088,60,,,,,,,,,Retained,,51
2024,611,1,710,37833,ILONA B,8/10/2024 14:08,3,15,710,345631,NSEI,56.901333,-134.671167,56.8855,-134.668833,641.9088,61,2.2,7,,3,1,7,,,Retained,,32
2024,611,1,710,37833,ILONA B,8/10/2024 14:08,3,15,710,345631,NSEI,56.901333,-134.671167,56.8855,-134.668833,641.9088,61,,,,,,,,,Retained,,72
2024,611,1,710,37833,ILONA B,8/10/2024 14:08,3,15,710,345631,NSEI,56.901333,-134.671167,56.8855,-134.668833,641.9088,61,,,,,,,,,Retained,,74
2024,611,1,710,37833,ILONA B,8/10/2024 14:08,3,15,710,345631,NSEI,56.901333,-134.671167,56.8855,-134.668833,641.9088,61,,,,,,,,,Retained,,79
2024,611,1,710,37833,ILONA B,8/10/2024 14:08,3,15,710,345631,NSEI,56.901333,-134.671167,56.8855,-134.668833,641.9088,61,,,,,,,,,Retained,,83
2024,611,1,710,37833,ILONA B,8/10/2024 14:08,3,15,710,345631,NSEI,56.901333,-134.671167,56.8855,-134.668833,641.9088,62,2.5,7,,3,2,7,,,Retained,,91
2024,611,1,710,37833,ILONA B,8/10/2024 14:08,3,15,710,345631,NSEI,56.901333,-134.671167,56.8855,-134.668833,641.9088,62,,,,,,,,,Retained,,30
2024,611,1,710,37833,ILONA B,8/10/2024 14:08,3,15,710,345631,NSEI,56.901333,-134.671167,56.8855,-134.668833,641.9088,62,,,,,,,,,Retained,,98
2024,611,1,710,37833,ILONA B,8/10/2024 14:08,3,15,710,345631,NSEI,56.901333,-134.671167,56.8855,-134.668833,641.9088,62,,,,,,,,,Retained,,125
2024,611,1,710,37833,ILONA B,8/10/2024 14:08,3,15,710,345631,NSEI,56.901333,-134.671167,56.8855,-134.668833,641.9088,63,2.6,6,,3,2,7,,,Retained,,62
2024,611,1,710,37833,ILONA B,8/10/2024 14:08,3,15,710,345631,NSEI,56.901333,-134.671167,56.8855,-134.668833,641.9088,63,,,,,,,,,Retained,,56
2024,611,1,710,37833,ILONA B,8/10/2024 14:08,3,15,710,345631,NSEI,56.901333,-134.671167,56.8855,-134.668833,641.9088,63,,,,,,,,,Retained,,69
2024,611,1,710,37833,ILONA B,8/10/2024 14:08,3,15,710,345631,NSEI,56.901333,-134.671167,56.8855,-134.668833,641.9088,63,,,,,,,,,Retained,,107
2024,611,1,710,37833,ILONA B,8/10/2024 14:08,3,15,710,345631,NSEI,56.901333,-134.671167,56.8855,-134.668833,641.9088,63,,,,,,,,,Retained,,123
2024,611,1,710,37833,ILONA B,8/10/2024 14:08,3,15,710,345631,NSEI,56.901333,-134.671167,56.8855,-134.668833,641.9088,65,2.6,8,,3,1,7,,,Retained,,6
2024,611,1,710,37833,ILONA B,8/10/2024 14:08,3,15,710,345631,NSEI,56.901333,-134.671167,56.8855,-134.668833,641.9088,65,3.2,9,,2,2,7,,,Retained,,81
2024,611,1,710,37833,ILONA B,8/10/2024 14:08,3,15,710,345631,NSEI,56.901333,-134.671167,56.8855,-134.668833,641.9088,65,,,,,,,,,Retained,,25
2024,611,1,710,37833,ILONA B,8/10/2024 14:08,3,15,710,345631,NSEI,56.901333,-134.671167,56.8855,-134.668833,641.9088,65,,,,,,,,,Retained,,36
2024,611,1,710,37833,ILONA B,8/10/2024 14:08,3,15,710,345631,NSEI,56.901333,-134.671167,56.8855,-134.668833,641.9088,65,,,,,,,,,Retained,,54
2024,611,1,710,37833,ILONA B,8/10/2024 14:08,3,15,710,345631,NSEI,56.901333,-134.671167,56.8855,-134.668833,641.9088,65,,,,,,,,,Retained,,100
2024,611,1,710,37833,ILONA B,8/10/2024 14:08,3,15,710,345631,NSEI,56.901333,-134.671167,56.8855,-134.668833,641.9088,65,,,,,,,,,Retained,,110
2024,611,1,710,37833,ILONA B,8/10/2024 14:08,3,15,710,345631,NSEI,56.901333,-134.671167,56.8855,-134.668833,641.9088,65,,,,,,,,,Retained,,117
2024,611,1,710,37833,ILONA B,8/10/2024 14:08,3,15,710,345631,NSEI,56.901333,-134.671167,56.8855,-134.668833,641.9088,66,,,,,,,,,Retained,,66
2024,611,1,710,37833,ILONA B,8/10/2024 14:08,3,15,710,345631,NSEI,56.901333,-134.671167,56.8855,-134.668833,641.9088,66,,,,,,,,,Retained,,124
2024,611,1,710,37833,ILONA B,8/10/2024 14:08,3,15,710,345631,NSEI,56.901333,-134.671167,56.8855,-134.668833,641.9088,67,3.2,12,,2,2,7,,,Retained,,16
2024,611,1,710,37833,ILONA B,8/10/2024 14:08,3,15,710,345631,NSEI,56.901333,-134.671167,56.8855,-134.668833,641.9088,67,,,,,,,,,Retained,,44
2024,611,1,710,37833,ILONA B,8/10/2024 14:08,3,15,710,345631,NSEI,56.901333,-134.671167,56.8855,-134.668833,641.9088,67,,,,,,,,,Retained,,88
2024,611,1,710,37833,ILONA B,8/10/2024 14:08,3,15,710,345631,NSEI,56.901333,-134.671167,56.8855,-134.668833,641.9088,67,,,,,,,,,Retained,,118
2024,611,1,710,37833,ILONA B,8/10/2024 14:08,3,15,710,345631,NSEI,56.901333,-134.671167,56.8855,-134.668833,641.9088,67,,,,,,,,,Retained,,119
2024,611,1,710,37833,ILONA B,8/10/2024 14:08,3,15,710,345631,NSEI,56.901333,-134.671167,56.8855,-134.668833,641.9088,68,,,,,,,,,Retained,,19
2024,611,1,710,37833,ILONA B,8/10/2024 14:08,3,15,710,345631,NSEI,56.901333,-134.671167,56.8855,-134.668833,641.9088,68,,,,,,,,,Retained,,29
2024,611,1,710,37833,ILONA B,8/10/2024 14:08,3,15,710,345631,NSEI,56.901333,-134.671167,56.8855,-134.668833,641.9088,68,,,,,,,,,Retained,,60
2024,611,1,710,37833,ILONA B,8/10/2024 14:08,3,15,710,345631,NSEI,56.901333,-134.671167,56.8855,-134.668833,641.9088,69,,,,,,,,,Retained,,77
2024,611,1,710,37833,ILONA B,8/10/2024 14:08,3,15,710,345631,NSEI,56.901333,-134.671167,56.8855,-134.668833,641.9088,69,,,,,,,,,Retained,,94
2024,611,1,710,37833,ILONA B,8/10/2024 14:08,3,15,710,345631,NSEI,56.901333,-134.671167,56.8855,-134.668833,641.9088,70,,,,,,,,,Retained,,84
2024,611,1,710,37833,ILONA B,8/10/2024 14:08,3,15,710,345631,NSEI,56.901333,-134.671167,56.8855,-134.668833,641.9088,71,,,,,,,,,Retained,,24
2024,611,1,710,37833,ILONA B,8/10/2024 14:08,3,15,710,345631,NSEI,56.901333,-134.671167,56.8855,-134.668833,641.9088,71,,,,,,,,,Retained,,46
2024,611,1,710,37833,ILONA B,8/10/2024 14:08,3,15,710,345631,NSEI,56.901333,-134.671167,56.8855,-134.668833,641.9088,72,,,,,,,,,Retained,,14
2024,611,1,710,37833,ILONA B,8/10/2024 14:08,3,15,710,345631,NSEI,56.901333,-134.671167,56.8855,-134.668833,641.9088,72,,,,,,,,,Retained,,95
2024,611,1,710,37833,ILONA B,8/10/2024 14:08,3,15,710,345631,NSEI,56.901333,-134.671167,56.8855,-134.668833,641.9088,73,3.9,20,,3,1,7,,,Retained,,111
2024,611,1,710,37833,ILONA B,8/10/2024 14:08,3,15,710,345631,NSEI,56.901333,-134.671167,56.8855,-134.668833,641.9088,73,,,,,,,,,Retained,,114
2024,611,1,710,37833,ILONA B,8/10/2024 14:08,3,15,710,345631,NSEI,56.901333,-134.671167,56.8855,-134.668833,641.9088,76,,,,,,,,,Retained,,61
2024,611,1,710,37833,ILONA B,8/10/2024 14:08,3,15,710,345631,NSEI,56.901333,-134.671167,56.8855,-134.668833,641.9088,,,,,,,,,,Retained,,126
2024,611,1,710,37833,ILONA B,8/10/2024 14:08,3,15,710,345631,NSEI,56.901333,-134.671167,56.8855,-134.668833,641.9088,,,,,,,,,,Retained,,127
2024,611,1,710,37833,ILONA B,8/10/2024 14:08,3,15,710,345631,NSEI,56.901333,-134.671167,56.8855,-134.668833,641.9088,,,,,,,,,,Retained,,128
2024,611,1,710,37833,ILONA B,8/10/2024 14:08,3,15,710,345631,NSEI,56.901333,-134.671167,56.8855,-134.668833,641.9088,,,,,,,,,,Retained,,129
2024,611,1,710,37833,ILONA B,8/10/2024 14:08,3,15,710,345631,NSEI,56.901333,-134.671167,56.8855,-134.668833,641.9088,,,,,,,,,,Retained,,130
2024,611,1,710,37833,ILONA B,8/10/2024 14:08,3,15,710,345631,NSEI,56.901333,-134.671167,56.8855,-134.668833,641.9088,,,,,,,,,,Retained,,131
2024,611,1,710,37833,ILONA B,8/10/2024 14:08,3,15,710,345631,NSEI,56.901333,-134.671167,56.8855,-134.668833,641.9088,,,,,,,,,,Retained,,132
2024,611,1,710,37833,ILONA B,8/10/2024 14:08,3,15,710,345631,NSEI,56.901333,-134.671167,56.8855,-134.668833,641.9088,,,,,,,,,,Retained,,133
2024,611,1,710,37833,ILONA B,8/10/2024 14:08,3,15,710,345631,NSEI,56.901333,-134.671167,56.8855,-134.668833,641.9088,,,,,,,,,,Retained,,134
2024,611,1,710,37833,ILONA B,8/10/2024 14:08,3,15,710,345631,NSEI,56.901333,-134.671167,56.8855,-134.668833,641.9088,,,,,,,,,,Retained,,135
2024,611,1,710,37833,ILONA B,8/10/2024 14:08,3,15,710,345631,NSEI,56.901333,-134.671167,56.8855,-134.668833,641.9088,,,,,,,,,,Retained,,136
2024,611,1,710,37833,ILONA B,8/10/2024 14:08,3,15,710,345631,NSEI,56.901333,-134.671167,56.8855,-134.668833,641.9088,,,,,,,,,,Retained,,137
2024,611,1,710,37833,ILONA B,8/10/2024 14:08,3,15,710,345631,NSEI,56.901333,-134.671167,56.8855,-134.668833,641.9088,,,,,,,,,,Retained,,138
2024,611,1,710,37833,ILONA B,8/10/2024 14:08,3,15,710,345631,NSEI,56.901333,-134.671167,56.8855,-134.668833,641.9088,,,,,,,,,,Retained,,139
2024,611,1,710,37833,ILONA B,8/10/2024 14:08,3,15,710,345631,NSEI,56.901333,-134.671167,56.8855,-134.668833,641.9088,,,,,,,,,,Retained,,140
2024,611,1,710,37833,ILONA B,8/10/2024 14:08,3,15,710,345631,NSEI,56.901333,-134.671167,56.8855,-134.668833,641.9088,,,,,,,,,,Retained,,141
2024,611,1,710,37833,ILONA B,8/10/2024 14:08,3,15,710,345631,NSEI,56.901333,-134.671167,56.8855,-134.668833,641.9088,,,,,,,,,,Retained,,142
2024,611,1,710,37833,ILONA B,8/10/2024 14:08,3,15,710,345631,NSEI,56.901333,-134.671167,56.8855,-134.668833,641.9088,,,,,,,,,,Retained,,143
2024,611,1,710,37833,ILONA B,8/10/2024 14:08,3,15,710,345631,NSEI,56.901333,-134.671167,56.8855,-134.668833,641.9088,,,,,,,,,,Retained,,144
2024,611,1,710,37833,ILONA B,8/10/2024 14:08,3,15,710,345631,NSEI,56.901333,-134.671167,56.8855,-134.668833,641.9088,,,,,,,,,,Retained,,145
2024,611,1,710,37833,ILONA B,8/10/2024 14:08,3,15,710,345631,NSEI,56.901333,-134.671167,56.8855,-134.668833,641.9088,,,,,,,,,,Retained,,146
2024,611,1,710,37833,ILONA B,8/10/2024 14:08,3,15,710,345631,NSEI,56.901333,-134.671167,56.8855,-134.668833,641.9088,,,,,,,,,,Retained,,147
2024,611,1,710,37833,ILONA B,8/10/2024 14:08,3,15,710,345631,NSEI,56.901333,-134.671167,56.8855,-134.668833,641.9088,,,,,,,,,,Retained,,148
2024,611,1,710,37833,ILONA B,8/10/2024 14:08,3,15,710,345631,NSEI,56.901333,-134.671167,56.8855,-134.668833,641.9088,,,,,,,,,,Retained,,149
2024,611,1,710,37833,ILONA B,8/10/2024 14:08,3,15,710,345631,NSEI,56.901333,-134.671167,56.8855,-134.668833,641.9088,,,,,,,,,,Retained,,150
2024,611,1,710,37833,ILONA B,8/10/2024 14:08,3,15,710,345631,NSEI,56.901333,-134.671167,56.8855,-134.668833,641.9088,,,,,,,,,,Retained,,151
2024,611,1,710,37833,ILONA B,8/10/2024 14:08,3,15,710,345631,NSEI,56.901333,-134.671167,56.8855,-134.668833,641.9088,,,,,,,,,,Retained,,152
2024,611,1,710,37833,ILONA B,8/10/2024 14:08,3,15,710,345631,NSEI,56.901333,-134.671167,56.8855,-134.668833,641.9088,,,,,,,,,,Retained,,153
2024,611,1,710,37833,ILONA B,8/10/2024 14:08,3,15,710,345631,NSEI,56.901333,-134.671167,56.8855,-134.668833,641.9088,,,,,,,,,,Retained,,154
2024,611,1,710,37833,ILONA B,8/10/2024 14:08,3,15,710,345631,NSEI,56.901333,-134.671167,56.8855,-134.668833,641.9088,,,,,,,,,,Retained,,155
2024,611,1,710,37833,ILONA B,8/10/2024 14:08,3,15,710,345631,NSEI,56.901333,-134.671167,56.8855,-134.668833,641.9088,,,,,,,,,,Retained,,156
2024,611,1,710,37833,ILONA B,8/10/2024 14:08,3,15,710,345631,NSEI,56.901333,-134.671167,56.8855,-134.668833,641.9088,,,,,,,,,,Retained,,157
2024,611,1,710,37833,ILONA B,8/10/2024 14:08,3,15,710,345631,NSEI,56.901333,-134.671167,56.8855,-134.668833,641.9088,,,,,,,,,,Retained,,158
2024,611,1,710,37833,ILONA B,8/10/2024 14:08,3,15,710,345631,NSEI,56.901333,-134.671167,56.8855,-134.668833,641.9088,,,,,,,,,,Retained,,159
2024,611,1,710,37833,ILONA B,8/10/2024 14:08,3,15,710,345631,NSEI,56.901333,-134.671167,56.8855,-134.668833,641.9088,,,,,,,,,,Retained,,160
2024,611,1,710,37833,ILONA B,8/10/2024 14:08,3,15,710,345631,NSEI,56.901333,-134.671167,56.8855,-134.668833,641.9088,,,,,,,,,,Retained,,161
2024,611,1,710,37833,ILONA B,8/10/2024 14:08,3,15,710,345631,NSEI,56.901333,-134.671167,56.8855,-134.668833,641.9088,,,,,,,,,,Retained,,162
2024,611,1,710,37833,ILONA B,8/10/2024 14:08,3,15,710,345631,NSEI,56.901333,-134.671167,56.8855,-134.668833,641.9088,,,,,,,,,,Retained,,163
2024,611,1,710,37833,ILONA B,8/10/2024 14:08,3,15,710,345631,NSEI,56.901333,-134.671167,56.8855,-134.668833,641.9088,,,,,,,,,,Retained,,164
2024,611,1,710,37833,ILONA B,8/10/2024 14:08,3,15,710,345631,NSEI,56.901333,-134.671167,56.8855,-134.668833,641.9088,,,,,,,,,,Retained,,165
2024,611,1,710,37833,ILONA B,8/10/2024 14:08,3,15,710,345631,NSEI,56.901333,-134.671167,56.8855,-134.668833,641.9088,,,,,,,,,,Retained,,166
2024,611,1,710,37833,ILONA B,8/10/2024 14:08,3,15,710,345631,NSEI,56.901333,-134.671167,56.8855,-134.668833,641.9088,,,,,,,,,,Retained,,167
2024,611,1,710,37833,ILONA B,8/10/2024 14:08,3,15,710,345631,NSEI,56.901333,-134.671167,56.8855,-134.668833,641.9088,,,,,,,,,,Retained,,168
2024,611,1,710,37833,ILONA B,8/10/2024 14:08,3,15,710,345631,NSEI,56.901333,-134.671167,56.8855,-134.668833,641.9088,,,,,,,,,,Retained,,169
2024,611,1,710,37833,ILONA B,8/10/2024 14:08,3,15,710,345631,NSEI,56.901333,-134.671167,56.8855,-134.668833,641.9088,,,,,,,,,,Retained,,170
2024,611,1,710,37833,ILONA B,8/10/2024 14:08,3,15,710,345631,NSEI,56.901333,-134.671167,56.8855,-134.668833,641.9088,,,,,,,,,,Retained,,171
2024,611,1,710,37833,ILONA B,8/10/2024 14:08,3,15,710,345631,NSEI,56.901333,-134.671167,56.8855,-134.668833,641.9088,,,,,,,,,,Retained,,172
2024,611,1,710,37833,ILONA B,8/10/2024 14:08,3,15,710,345631,NSEI,56.901333,-134.671167,56.8855,-134.668833,641.9088,,,,,,,,,,Retained,,173
2024,611,1,710,37833,ILONA B,8/10/2024 14:08,3,15,710,345631,NSEI,56.901333,-134.671167,56.8855,-134.668833,641.9088,,,,,,,,,,Retained,,174
2024,611,1,710,37833,ILONA B,8/10/2024 14:08,3,15,710,345631,NSEI,56.901333,-134.671167,56.8855,-134.668833,641.9088,,,,,,,,,,Retained,,175
2024,611,1,710,37833,ILONA B,8/10/2024 14:08,3,15,710,345631,NSEI,56.901333,-134.671167,56.8855,-134.668833,641.9088,,,,,,,,,,Retained,,176
2024,611,1,710,37833,ILONA B,8/10/2024 14:08,3,15,710,345631,NSEI,56.901333,-134.671167,56.8855,-134.668833,641.9088,,,,,,,,,,Retained,,177
2024,611,1,710,37833,ILONA B,8/10/2024 14:08,3,15,710,345631,NSEI,56.901333,-134.671167,56.8855,-134.668833,641.9088,,,,,,,,,,Retained,,178
2024,611,1,710,37833,ILONA B,8/10/2024 14:08,3,15,710,345631,NSEI,56.901333,-134.671167,56.8855,-134.668833,641.9088,,,,,,,,,,Retained,,179
2024,611,1,710,37833,ILONA B,8/10/2024 14:08,3,15,710,345631,NSEI,56.901333,-134.671167,56.8855,-134.668833,641.9088,,,,,,,,,,Retained,,180
2024,611,1,710,37833,ILONA B,8/10/2024 14:08,3,15,710,345631,NSEI,56.901333,-134.671167,56.8855,-134.668833,641.9088,,,,,,,,,,Retained,,181
2024,611,1,710,37833,ILONA B,8/10/2024 14:08,3,15,710,345631,NSEI,56.901333,-134.671167,56.8855,-134.668833,641.9088,,,,,,,,,,Retained,,182
2024,611,1,710,37833,ILONA B,8/10/2024 14:08,3,15,710,345631,NSEI,56.901333,-134.671167,56.8855,-134.668833,641.9088,,,,,,,,,,Retained,,183
2024,611,1,710,37833,ILONA B,8/10/2024 14:08,3,15,710,345631,NSEI,56.901333,-134.671167,56.8855,-134.668833,641.9088,,,,,,,,,,Retained,,184
2024,611,1,710,37833,ILONA B,8/10/2024 14:08,3,15,710,345631,NSEI,56.901333,-134.671167,56.8855,-134.668833,641.9088,,,,,,,,,,Retained,,185
2024,611,1,710,37833,ILONA B,8/10/2024 14:08,3,15,710,345631,NSEI,56.901333,-134.671167,56.8855,-134.668833,641.9088,,,,,,,,,,Retained,,186
2024,611,1,710,37833,ILONA B,8/10/2024 14:08,3,15,710,345631,NSEI,56.901333,-134.671167,56.8855,-134.668833,641.9088,,,,,,,,,,Retained,,187
2024,611,1,710,37833,ILONA B,8/10/2024 14:08,3,15,710,345631,NSEI,56.901333,-134.671167,56.8855,-134.668833,641.9088,,,,,,,,,,Retained,,188
2024,611,1,710,37833,ILONA B,8/10/2024 14:08,3,15,710,345631,NSEI,56.901333,-134.671167,56.8855,-134.668833,641.9088,,,,,,,,,,Retained,,189
2024,611,1,710,37833,ILONA B,8/10/2024 14:08,3,15,710,345631,NSEI,56.901333,-134.671167,56.8855,-134.668833,641.9088,,,,,,,,,,Retained,,190
2024,611,1,710,37833,ILONA B,8/10/2024 14:08,3,15,710,345631,NSEI,56.901333,-134.671167,56.8855,-134.668833,641.9088,,,,,,,,,,Retained,,191
2024,611,1,710,37833,ILONA B,8/10/2024 14:08,3,15,710,345631,NSEI,56.901333,-134.671167,56.8855,-134.668833,641.9088,,,,,,,,,,Retained,,192
2024,611,1,710,37833,ILONA B,8/10/2024 14:08,3,15,710,345631,NSEI,56.901333,-134.671167,56.8855,-134.668833,641.9088,,,,,,,,,,Retained,,193
2024,611,1,710,37833,ILONA B,8/10/2024 14:08,3,15,710,345631,NSEI,56.901333,-134.671167,56.8855,-134.668833,641.9088,,,,,,,,,,Retained,,194
2024,611,1,710,37833,ILONA B,8/10/2024 14:08,3,15,710,345631,NSEI,56.901333,-134.671167,56.8855,-134.668833,641.9088,,,,,,,,,,Retained,,195
2024,611,1,710,37833,ILONA B,8/10/2024 14:08,3,15,710,345631,NSEI,56.901333,-134.671167,56.8855,-134.668833,641.9088,,,,,,,,,,Retained,,196
2024,611,1,710,37833,ILONA B,8/10/2024 14:08,3,15,710,345631,NSEI,56.901333,-134.671167,56.8855,-134.668833,641.9088,,,,,,,,,,Retained,,197
2024,611,1,710,37833,ILONA B,8/10/2024 14:08,3,15,710,345631,NSEI,56.901333,-134.671167,56.8855,-134.668833,641.9088,,,,,,,,,,Retained,,198
2024,611,1,710,37833,ILONA B,8/10/2024 14:08,3,15,710,345631,NSEI,56.901333,-134.671167,56.8855,-134.668833,641.9088,,,,,,,,,,Retained,,199
2024,611,1,710,37833,ILONA B,8/10/2024 14:08,3,15,710,345631,NSEI,56.901333,-134.671167,56.8855,-134.668833,641.9088,,,,,,,,,,Retained,,200
2024,611,1,710,37833,ILONA B,8/10/2024 14:08,3,15,710,345631,NSEI,56.901333,-134.671167,56.8855,-134.668833,641.9088,,,,,,,,,,Retained,,201
2024,611,1,710,37833,ILONA B,8/10/2024 14:08,3,15,710,345631,NSEI,56.901333,-134.671167,56.8855,-134.668833,641.9088,,,,,,,,,,Retained,,202
2024,611,1,710,37833,ILONA B,8/10/2024 14:08,3,15,710,345631,NSEI,56.901333,-134.671167,56.8855,-134.668833,641.9088,,,,,,,,,,Retained,,203
2024,611,1,710,37833,ILONA B,8/10/2024 14:08,3,15,710,345631,NSEI,56.901333,-134.671167,56.8855,-134.668833,641.9088,,,,,,,,,,Retained,,204
2024,611,1,710,37833,ILONA B,8/10/2024 14:08,3,15,710,345631,NSEI,56.901333,-134.671167,56.8855,-134.668833,641.9088,,,,,,,,,,Retained,,205
2024,611,1,710,37833,ILONA B,8/10/2024 14:08,3,15,710,345631,NSEI,56.901333,-134.671167,56.8855,-134.668833,641.9088,,,,,,,,,,Retained,,206
2024,611,1,710,37833,ILONA B,8/10/2024 14:08,3,15,710,345631,NSEI,56.901333,-134.671167,56.8855,-134.668833,641.9088,,,,,,,,,,Retained,,207
2024,611,1,710,37833,ILONA B,8/10/2024 14:08,3,15,710,345631,NSEI,56.901333,-134.671167,56.8855,-134.668833,641.9088,,,,,,,,,,Retained,,208
2024,611,1,710,37833,ILONA B,8/10/2024 14:08,3,15,710,345631,NSEI,56.901333,-134.671167,56.8855,-134.668833,641.9088,,,,,,,,,,Retained,,209
2024,611,1,710,37833,ILONA B,8/10/2024 14:08,3,15,710,345631,NSEI,56.901333,-134.671167,56.8855,-134.668833,641.9088,,,,,,,,,,Retained,,210
2024,611,1,710,37833,ILONA B,8/10/2024 14:08,3,15,710,345631,NSEI,56.901333,-134.671167,56.8855,-134.668833,641.9088,,,,,,,,,,Retained,,211
2024,611,1,710,37833,ILONA B,8/10/2024 14:08,3,15,710,345631,NSEI,56.901333,-134.671167,56.8855,-134.668833,641.9088,,,,,,,,,,Retained,,212
2024,611,1,710,37833,ILONA B,8/10/2024 14:08,3,15,710,345631,NSEI,56.901333,-134.671167,56.8855,-134.668833,641.9088,,,,,,,,,,Retained,,213
2024,611,1,710,37833,ILONA B,8/10/2024 14:08,3,15,710,345631,NSEI,56.901333,-134.671167,56.8855,-134.668833,641.9088,,,,,,,,,,Retained,,214
2024,611,1,710,37833,ILONA B,8/10/2024 14:08,3,15,710,345631,NSEI,56.901333,-134.671167,56.8855,-134.668833,641.9088,,,,,,,,,,Retained,,215
2024,611,1,710,37833,ILONA B,8/10/2024 14:08,3,15,710,345631,NSEI,56.901333,-134.671167,56.8855,-134.668833,641.9088,,,,,,,,,,Retained,,216
2024,611,1,710,37833,ILONA B,8/10/2024 14:08,3,15,710,345631,NSEI,56.901333,-134.671167,56.8855,-134.668833,641.9088,,,,,,,,,,Retained,,217
2024,611,1,710,37833,ILONA B,8/10/2024 14:08,3,15,710,345631,NSEI,56.901333,-134.671167,56.8855,-134.668833,641.9088,,,,,,,,,,Retained,,218
2024,611,1,710,37833,ILONA B,8/10/2024 14:08,3,15,710,345631,NSEI,56.901333,-134.671167,56.8855,-134.668833,641.9088,,,,,,,,,,Retained,,219
2024,611,1,710,37833,ILONA B,8/10/2024 14:08,3,15,710,345631,NSEI,56.901333,-134.671167,56.8855,-134.668833,641.9088,,,,,,,,,,Retained,,220
2024,611,1,710,37833,ILONA B,8/10/2024 14:08,3,15,710,345631,NSEI,56.901333,-134.671167,56.8855,-134.668833,641.9088,,,,,,,,,,Retained,,221
2024,611,1,710,37833,ILONA B,8/10/2024 14:08,3,15,710,345631,NSEI,56.901333,-134.671167,56.8855,-134.668833,641.9088,,,,,,,,,,Retained,,222
2024,611,1,710,37833,ILONA B,8/10/2024 14:08,3,15,710,345631,NSEI,56.901333,-134.671167,56.8855,-134.668833,641.9088,,,,,,,,,,Retained,,223
2024,611,1,710,37833,ILONA B,8/10/2024 14:08,3,15,710,345631,NSEI,56.901333,-134.671167,56.8855,-134.668833,641.9088,,,,,,,,,,Retained,,224
2024,611,1,710,37833,ILONA B,8/10/2024 14:08,3,15,710,345631,NSEI,56.901333,-134.671167,56.8855,-134.668833,641.9088,,,,,,,,,,Retained,,225
2024,611,1,710,37833,ILONA B,8/10/2024 14:08,3,15,710,345631,NSEI,56.901333,-134.671167,56.8855,-134.668833,641.9088,,,,,,,,,,Retained,,226
2024,611,1,710,37833,ILONA B,8/10/2024 14:08,3,15,710,345631,NSEI,56.901333,-134.671167,56.8855,-134.668833,641.9088,,,,,,,,,,Retained,,227
2024,611,1,710,37833,ILONA B,8/10/2024 14:08,3,15,710,345631,NSEI,56.901333,-134.671167,56.8855,-134.668833,641.9088,,,,,,,,,,Retained,,228
2024,611,1,710,37833,ILONA B,8/10/2024 14:08,3,15,710,345631,NSEI,56.901333,-134.671167,56.8855,-134.668833,641.9088,,,,,,,,,,Retained,,229
2024,611,1,710,37833,ILONA B,8/10/2024 14:08,3,15,710,345631,NSEI,56.901333,-134.671167,56.8855,-134.668833,641.9088,,,,,,,,,,Retained,,230
2024,611,1,710,37833,ILONA B,8/10/2024 14:08,3,15,710,345631,NSEI,56.901333,-134.671167,56.8855,-134.668833,641.9088,,,,,,,,,,Retained,,231
2024,611,1,710,37833,ILONA B,8/10/2024 14:08,3,15,710,345631,NSEI,56.901333,-134.671167,56.8855,-134.668833,641.9088,,,,,,,,,,Retained,,232
2024,611,1,710,37833,ILONA B,8/10/2024 14:08,3,15,710,345631,NSEI,56.901333,-134.671167,56.8855,-134.668833,641.9088,,,,,,,,,,Retained,,233
2024,611,1,710,37833,ILONA B,8/10/2024 14:08,3,15,710,345631,NSEI,56.901333,-134.671167,56.8855,-134.668833,641.9088,,,,,,,,,,Retained,,234
2024,611,1,710,37833,ILONA B,8/10/2024 14:08,3,15,710,345631,NSEI,56.901333,-134.671167,56.8855,-134.668833,641.9088,,,,,,,,,,Retained,,235
2024,611,1,710,37833,ILONA B,8/10/2024 14:08,3,15,710,345631,NSEI,56.901333,-134.671167,56.8855,-134.668833,641.9088,,,,,,,,,,Retained,,236
2024,611,1,710,37833,ILONA B,8/10/2024 14:08,3,15,710,345631,NSEI,56.901333,-134.671167,56.8855,-134.668833,641.9088,,,,,,,,,,Retained,,237
2024,611,1,710,37833,ILONA B,8/10/2024 14:08,3,15,710,345631,NSEI,56.901333,-134.671167,56.8855,-134.668833,641.9088,,,,,,,,,,Retained,,238
2024,611,1,710,37833,ILONA B,8/10/2024 14:08,3,15,710,345631,NSEI,56.901333,-134.671167,56.8855,-134.668833,641.9088,,,,,,,,,,Retained,,239
2024,611,1,710,37833,ILONA B,8/10/2024 14:08,3,15,710,345631,NSEI,56.901333,-134.671167,56.8855,-134.668833,641.9088,,,,,,,,,,Retained,,240
2024,611,1,710,37833,ILONA B,8/10/2024 14:08,3,15,710,345631,NSEI,56.901333,-134.671167,56.8855,-134.668833,641.9088,,,,,,,,,,Retained,,241
2024,611,1,710,37833,ILONA B,8/10/2024 14:08,3,15,710,345631,NSEI,56.901333,-134.671167,56.8855,-134.668833,641.9088,,,,,,,,,,Retained,,242
2024,611,1,710,37833,ILONA B,8/10/2024 14:08,3,15,710,345631,NSEI,56.901333,-134.671167,56.8855,-134.668833,641.9088,,,,,,,,,,Retained,,243
2024,611,1,710,37833,ILONA B,8/10/2024 14:08,3,15,710,345631,NSEI,56.901333,-134.671167,56.8855,-134.668833,641.9088,,,,,,,,,,Retained,,244
2024,611,1,710,37833,ILONA B,8/10/2024 14:08,3,15,710,345631,NSEI,56.901333,-134.671167,56.8855,-134.668833,641.9088,,,,,,,,,,Retained,,245
2024,611,1,710,37833,ILONA B,8/10/2024 14:08,3,15,710,345631,NSEI,56.901333,-134.671167,56.8855,-134.668833,641.9088,,,,,,,,,,Retained,,246
2024,611,1,710,37833,ILONA B,8/10/2024 14:08,3,15,710,345631,NSEI,56.901333,-134.671167,56.8855,-134.668833,641.9088,,,,,,,,,,Retained,,247
2024,611,1,710,37833,ILONA B,8/10/2024 14:08,3,15,710,345631,NSEI,56.901333,-134.671167,56.8855,-134.668833,641.9088,,,,,,,,,,Retained,,248
2024,611,1,710,37833,ILONA B,8/10/2024 14:08,3,15,710,345631,NSEI,56.901333,-134.671167,56.8855,-134.668833,641.9088,,,,,,,,,,Retained,,249
2024,611,1,710,37833,ILONA B,8/10/2024 14:08,3,15,710,345631,NSEI,56.901333,-134.671167,56.8855,-134.668833,641.9088,,,,,,,,,,Retained,,250
2024,611,1,710,37833,ILONA B,8/10/2024 14:08,3,15,710,345631,NSEI,56.901333,-134.671167,56.8855,-134.668833,641.9088,,,,,,,,,,Retained,,251
2024,611,1,710,37833,ILONA B,8/10/2024 14:08,3,15,710,345631,NSEI,56.901333,-134.671167,56.8855,-134.668833,641.9088,,,,,,,,,,Retained,,252
2024,611,1,710,37833,ILONA B,8/10/2024 14:08,3,15,710,345631,NSEI,56.901333,-134.671167,56.8855,-134.668833,641.9088,,,,,,,,,,Retained,,253
2024,611,1,710,37833,ILONA B,8/10/2024 14:08,3,15,710,345631,NSEI,56.901333,-134.671167,56.8855,-134.668833,641.9088,,,,,,,,,,Retained,,254
2024,611,1,710,37833,ILONA B,8/10/2024 14:08,3,15,710,345631,NSEI,56.901333,-134.671167,56.8855,-134.668833,641.9088,,,,,,,,,,Retained,,255
2024,611,1,710,37833,ILONA B,8/10/2024 14:08,3,15,710,345631,NSEI,56.901333,-134.671167,56.8855,-134.668833,641.9088,,,,,,,,,,Retained,,256
2024,611,1,710,37833,ILONA B,8/10/2024 14:08,3,15,710,345631,NSEI,56.901333,-134.671167,56.8855,-134.668833,641.9088,,,,,,,,,,Retained,,257
2024,611,1,710,37833,ILONA B,8/10/2024 14:08,3,15,710,345631,NSEI,56.901333,-134.671167,56.8855,-134.668833,641.9088,,,,,,,,,,Retained,,258
2024,611,1,710,37833,ILONA B,8/10/2024 14:08,3,15,710,345631,NSEI,56.901333,-134.671167,56.8855,-134.668833,641.9088,,,,,,,,,,Retained,,259
2024,611,1,710,37833,ILONA B,8/10/2024 14:08,3,15,710,345631,NSEI,56.901333,-134.671167,56.8855,-134.668833,641.9088,,,,,,,,,,Retained,,260
2024,611,1,710,37833,ILONA B,8/10/2024 14:08,3,15,710,345631,NSEI,56.901333,-134.671167,56.8855,-134.668833,641.9088,,,,,,,,,,Retained,,261
2024,611,1,710,37833,ILONA B,8/10/2024 14:08,3,15,710,345631,NSEI,56.901333,-134.671167,56.8855,-134.668833,641.9088,,,,,,,,,,Retained,,262
2024,611,1,710,37833,ILONA B,8/10/2024 14:08,3,15,710,345631,NSEI,56.901333,-134.671167,56.8855,-134.668833,641.9088,,,,,,,,,,Retained,,263
2024,611,1,710,37833,ILONA B,8/10/2024 14:08,3,15,710,345631,NSEI,56.901333,-134.671167,56.8855,-134.668833,641.9088,,,,,,,,,,Retained,,264
2024,611,1,710,37833,ILONA B,8/10/2024 14:08,3,15,710,345631,NSEI,56.901333,-134.671167,56.8855,-134.668833,641.9088,,,,,,,,,,Retained,,265
2024,611,1,710,37833,ILONA B,8/10/2024 14:08,3,15,710,345631,NSEI,56.901333,-134.671167,56.8855,-134.668833,641.9088,,,,,,,,,,Retained,,266
2024,611,1,710,37833,ILONA B,8/10/2024 14:08,3,15,710,345631,NSEI,56.901333,-134.671167,56.8855,-134.668833,641.9088,,,,,,,,,,Retained,,267
2024,611,1,710,37833,ILONA B,8/10/2024 14:08,3,15,710,345631,NSEI,56.901333,-134.671167,56.8855,-134.668833,641.9088,,,,,,,,,,Retained,,268
2024,611,1,710,37833,ILONA B,8/10/2024 14:08,3,15,710,345631,NSEI,56.901333,-134.671167,56.8855,-134.668833,641.9088,,,,,,,,,,Retained,,269
2024,611,1,710,37833,ILONA B,8/10/2024 14:08,3,15,710,345631,NSEI,56.901333,-134.671167,56.8855,-134.668833,641.9088,,,,,,,,,,Retained,,270
2024,611,1,710,37833,ILONA B,8/10/2024 14:08,3,15,710,345631,NSEI,56.901333,-134.671167,56.8855,-134.668833,641.9088,,,,,,,,,,Retained,,271
2024,611,1,710,37833,ILONA B,8/10/2024 14:08,3,15,710,345631,NSEI,56.901333,-134.671167,56.8855,-134.668833,641.9088,,,,,,,,,,Retained,,272
2024,611,1,710,37833,ILONA B,8/10/2024 14:08,3,15,710,345631,NSEI,56.901333,-134.671167,56.8855,-134.668833,641.9088,,,,,,,,,,Retained,,273
2024,611,1,710,37833,ILONA B,8/10/2024 14:08,3,15,710,345631,NSEI,56.901333,-134.671167,56.8855,-134.668833,641.9088,,,,,,,,,,Retained,,274
2024,611,1,710,37833,ILONA B,8/10/2024 14:08,3,15,710,345631,NSEI,56.901333,-134.671167,56.8855,-134.668833,641.9088,,,,,,,,,,Retained,,275
2024,611,1,710,37833,ILONA B,8/10/2024 14:08,3,15,710,345631,NSEI,56.901333,-134.671167,56.8855,-134.668833,641.9088,,,,,,,,,,Retained,,276
2024,611,1,710,37833,ILONA B,8/10/2024 14:08,3,15,710,345631,NSEI,56.901333,-134.671167,56.8855,-134.668833,641.9088,,,,,,,,,,Retained,,277
2024,611,1,710,37833,ILONA B,8/10/2024 14:08,3,15,710,345631,NSEI,56.901333,-134.671167,56.8855,-134.668833,641.9088,,,,,,,,,,Retained,,278
2024,611,1,710,37833,ILONA B,8/10/2024 14:08,3,15,710,345631,NSEI,56.901333,-134.671167,56.8855,-134.668833,641.9088,,,,,,,,,,Retained,,279
2024,611,1,710,37833,ILONA B,8/10/2024 14:08,3,15,710,345631,NSEI,56.901333,-134.671167,56.8855,-134.668833,641.9088,,,,,,,,,,Retained,,280
2024,611,1,710,37833,ILONA B,8/10/2024 14:08,3,15,710,345631,NSEI,56.901333,-134.671167,56.8855,-134.668833,641.9088,,,,,,,,,,Retained,,281
2024,611,1,710,37833,ILONA B,8/10/2024 14:08,3,15,710,345631,NSEI,56.901333,-134.671167,56.8855,-134.668833,641.9088,,,,,,,,,,Retained,,282
2024,611,1,710,37833,ILONA B,8/10/2024 14:08,3,15,710,345631,NSEI,56.901333,-134.671167,56.8855,-134.668833,641.9088,,,,,,,,,,Retained,,283
2024,611,1,710,37833,ILONA B,8/10/2024 14:08,3,15,710,345631,NSEI,56.901333,-134.671167,56.8855,-134.668833,641.9088,,,,,,,,,,Retained,,284
2024,611,1,710,37833,ILONA B,8/10/2024 14:08,3,15,710,345631,NSEI,56.901333,-134.671167,56.8855,-134.668833,641.9088,,,,,,,,,,Retained,,285
2024,611,1,710,37833,ILONA B,8/10/2024 14:08,3,15,710,345631,NSEI,56.901333,-134.671167,56.8855,-134.668833,641.9088,,,,,,,,,,Retained,,286
2024,611,1,710,37833,ILONA B,8/10/2024 14:08,3,15,710,345631,NSEI,56.901333,-134.671167,56.8855,-134.668833,641.9088,,,,,,,,,,Retained,,287
2024,611,1,710,37833,ILONA B,8/10/2024 14:08,3,15,710,345631,NSEI,56.901333,-134.671167,56.8855,-134.668833,641.9088,,,,,,,,,,Retained,,288
2024,611,1,710,37833,ILONA B,8/10/2024 14:08,3,15,710,345631,NSEI,56.901333,-134.671167,56.8855,-134.668833,641.9088,,,,,,,,,,Retained,,289
2024,611,1,710,37833,ILONA B,8/10/2024 14:08,3,15,710,345631,NSEI,56.901333,-134.671167,56.8855,-134.668833,641.9088,,,,,,,,,,Retained,,290
2024,611,1,710,37833,ILONA B,8/10/2024 14:08,3,15,710,345631,NSEI,56.901333,-134.671167,56.8855,-134.668833,641.9088,,,,,,,,,,Retained,,291
2024,611,1,710,37833,ILONA B,8/10/2024 14:08,3,15,710,345631,NSEI,56.901333,-134.671167,56.8855,-134.668833,641.9088,,,,,,,,,,Retained,,292
2024,611,1,710,37833,ILONA B,8/10/2024 14:08,3,15,710,345631,NSEI,56.901333,-134.671167,56.8855,-134.668833,641.9088,,,,,,,,,,Retained,,293
2024,611,1,710,37833,ILONA B,8/10/2024 14:08,3,15,710,345631,NSEI,56.901333,-134.671167,56.8855,-134.668833,641.9088,,,,,,,,,,Retained,,294
2024,611,1,710,37833,ILONA B,8/10/2024 14:08,3,15,710,345631,NSEI,56.901333,-134.671167,56.8855,-134.668833,641.9088,,,,,,,,,,Retained,,295
2024,611,1,710,37833,ILONA B,8/10/2024 14:08,3,15,710,345631,NSEI,56.901333,-134.671167,56.8855,-134.668833,641.9088,,,,,,,,,,Retained,,296
2024,611,1,710,37833,ILONA B,8/10/2024 14:08,3,15,710,345631,NSEI,56.901333,-134.671167,56.8855,-134.668833,641.9088,,,,,,,,,,Retained,,297
2024,611,1,710,37833,ILONA B,8/10/2024 14:08,3,15,710,345631,NSEI,56.901333,-134.671167,56.8855,-134.668833,641.9088,,,,,,,,,,Retained,,298
2024,611,1,710,37833,ILONA B,8/10/2024 14:08,3,15,710,345631,NSEI,56.901333,-134.671167,56.8855,-134.668833,641.9088,,,,,,,,,,Retained,,299
2024,611,1,710,37833,ILONA B,8/10/2024 14:08,3,15,710,345631,NSEI,56.901333,-134.671167,56.8855,-134.668833,641.9088,,,,,,,,,,Retained,,300
2024,611,1,710,37833,ILONA B,8/10/2024 14:08,3,15,710,345631,NSEI,56.901333,-134.671167,56.8855,-134.668833,641.9088,,,,,,,,,,Retained,,301
2024,611,1,710,37833,ILONA B,8/10/2024 14:08,3,15,710,345631,NSEI,56.901333,-134.671167,56.8855,-134.668833,641.9088,,,,,,,,,,Retained,,302
2024,611,1,710,37833,ILONA B,8/10/2024 14:08,3,15,710,345631,NSEI,56.901333,-134.671167,56.8855,-134.668833,641.9088,,,,,,,,,,Retained,,303
2024,611,1,710,37833,ILONA B,8/10/2024 14:08,3,15,710,345631,NSEI,56.901333,-134.671167,56.8855,-134.668833,641.9088,,,,,,,,,,Retained,,304
2024,611,1,710,37833,ILONA B,8/10/2024 14:08,3,15,710,345631,NSEI,56.901333,-134.671167,56.8855,-134.668833,641.9088,,,,,,,,,,Retained,,305
2024,611,1,710,37833,ILONA B,8/10/2024 14:08,3,15,710,345631,NSEI,56.901333,-134.671167,56.8855,-134.668833,641.9088,,,,,,,,,,Retained,,306
2024,611,1,710,37833,ILONA B,8/10/2024 14:08,3,15,710,345631,NSEI,56.901333,-134.671167,56.8855,-134.668833,641.9088,,,,,,,,,,Retained,,307
2024,611,1,710,37833,ILONA B,8/10/2024 14:08,3,15,710,345631,NSEI,56.901333,-134.671167,56.8855,-134.668833,641.9088,,,,,,,,,,Retained,,308
2024,611,1,710,37833,ILONA B,8/10/2024 14:08,3,15,710,345631,NSEI,56.901333,-134.671167,56.8855,-134.668833,641.9088,,,,,,,,,,Retained,,309
2024,611,1,710,37833,ILONA B,8/10/2024 14:08,3,15,710,345631,NSEI,56.901333,-134.671167,56.8855,-134.668833,641.9088,,,,,,,,,,Retained,,310
2024,611,1,710,37833,ILONA B,8/10/2024 14:08,3,15,710,345631,NSEI,56.901333,-134.671167,56.8855,-134.668833,641.9088,,,,,,,,,,Retained,,311
2024,611,1,710,37833,ILONA B,8/10/2024 14:08,3,15,710,345631,NSEI,56.901333,-134.671167,56.8855,-134.668833,641.9088,,,,,,,,,,Retained,,312
2024,611,1,710,37833,ILONA B,8/10/2024 14:08,3,15,710,345631,NSEI,56.901333,-134.671167,56.8855,-134.668833,641.9088,,,,,,,,,,Retained,,313
2024,611,1,710,37833,ILONA B,8/10/2024 14:08,3,15,710,345631,NSEI,56.901333,-134.671167,56.8855,-134.668833,641.9088,,,,,,,,,,Retained,,314
2024,611,1,710,37833,ILONA B,8/10/2024 14:08,3,15,710,345631,NSEI,56.901333,-134.671167,56.8855,-134.668833,641.9088,,,,,,,,,,Retained,,315
2024,611,1,710,37833,ILONA B,8/10/2024 14:08,3,15,710,345631,NSEI,56.901333,-134.671167,56.8855,-134.668833,641.9088,,,,,,,,,,Retained,,316
2024,611,1,710,37833,ILONA B,8/10/2024 14:08,3,15,710,345631,NSEI,56.901333,-134.671167,56.8855,-134.668833,641.9088,,,,,,,,,,Retained,,317
2024,611,1,710,37833,ILONA B,8/10/2024 14:08,3,15,710,345631,NSEI,56.901333,-134.671167,56.8855,-134.668833,641.9088,,,,,,,,,,Retained,,318
2024,611,1,710,37833,ILONA B,8/10/2024 14:08,3,15,710,345631,NSEI,56.901333,-134.671167,56.8855,-134.668833,641.9088,,,,,,,,,,Retained,,319
2024,611,1,710,37833,ILONA B,8/10/2024 14:08,3,15,710,345631,NSEI,56.901333,-134.671167,56.8855,-134.668833,641.9088,,,,,,,,,,Retained,,320
2024,611,1,710,37833,ILONA B,8/10/2024 14:08,3,15,710,345631,NSEI,56.901333,-134.671167,56.8855,-134.668833,641.9088,,,,,,,,,,Retained,,321
2024,611,1,710,37833,ILONA B,8/10/2024 14:08,3,15,710,345631,NSEI,56.901333,-134.671167,56.8855,-134.668833,641.9088,,,,,,,,,,Retained,,322
2024,611,1,710,37833,ILONA B,8/10/2024 14:08,3,15,710,345631,NSEI,56.901333,-134.671167,56.8855,-134.668833,641.9088,,,,,,,,,,Retained,,323
2024,611,1,710,37833,ILONA B,8/10/2024 14:08,3,15,710,345631,NSEI,56.901333,-134.671167,56.8855,-134.668833,641.9088,,,,,,,,,,Retained,,324
2024,611,1,710,37833,ILONA B,8/10/2024 14:08,3,15,710,345631,NSEI,56.901333,-134.671167,56.8855,-134.668833,641.9088,,,,,,,,,,Retained,,325
2024,611,1,710,37833,ILONA B,8/10/2024 14:08,3,15,710,345631,NSEI,56.901333,-134.671167,56.8855,-134.668833,641.9088,,,,,,,,,,Retained,,326
2024,611,1,710,37833,ILONA B,8/10/2024 14:08,3,15,710,345631,NSEI,56.901333,-134.671167,56.8855,-134.668833,641.9088,,,,,,,,,,Retained,,327
2024,611,1,710,37833,ILONA B,8/10/2024 14:08,3,15,710,345631,NSEI,56.901333,-134.671167,56.8855,-134.668833,641.9088,,,,,,,,,,Retained,,328
2024,611,1,710,37833,ILONA B,8/10/2024 14:08,3,15,710,345631,NSEI,56.901333,-134.671167,56.8855,-134.668833,641.9088,,,,,,,,,,Retained,,329
2024,611,1,710,37833,ILONA B,8/10/2024 14:08,3,15,710,345631,NSEI,56.901333,-134.671167,56.8855,-134.668833,641.9088,,,,,,,,,,Retained,,330
2024,611,1,710,37833,ILONA B,8/10/2024 14:08,3,15,710,345631,NSEI,56.901333,-134.671167,56.8855,-134.668833,641.9088,,,,,,,,,,Retained,,331
2024,611,1,710,37833,ILONA B,8/10/2024 14:08,3,15,710,345631,NSEI,56.901333,-134.671167,56.8855,-134.668833,641.9088,,,,,,,,,,Retained,,332
2024,611,1,710,37833,ILONA B,8/10/2024 14:08,3,15,710,345631,NSEI,56.901333,-134.671167,56.8855,-134.668833,641.9088,,,,,,,,,,Retained,,333
2024,611,1,710,37833,ILONA B,8/10/2024 14:08,3,15,710,345631,NSEI,56.901333,-134.671167,56.8855,-134.668833,641.9088,,,,,,,,,,Retained,,334
2024,611,1,710,37833,ILONA B,8/10/2024 14:08,3,15,710,345631,NSEI,56.901333,-134.671167,56.8855,-134.668833,641.9088,,,,,,,,,,Retained,,335
2024,611,1,710,37833,ILONA B,8/10/2024 14:08,3,15,710,345631,NSEI,56.901333,-134.671167,56.8855,-134.668833,641.9088,,,,,,,,,,Retained,,336
2024,611,1,710,37833,ILONA B,8/10/2024 14:08,3,15,710,345631,NSEI,56.901333,-134.671167,56.8855,-134.668833,641.9088,,,,,,,,,,Retained,,337
2024,611,1,710,37833,ILONA B,8/10/2024 14:08,3,15,710,345631,NSEI,56.901333,-134.671167,56.8855,-134.668833,641.9088,,,,,,,,,,Retained,,338
2024,611,1,710,37833,ILONA B,8/10/2024 14:08,3,15,710,345631,NSEI,56.901333,-134.671167,56.8855,-134.668833,641.9088,,,,,,,,,,Retained,,339
2024,611,1,710,37833,ILONA B,8/10/2024 14:08,3,15,710,345631,NSEI,56.901333,-134.671167,56.8855,-134.668833,641.9088,,,,,,,,,,Retained,,340
2024,611,1,710,37833,ILONA B,8/10/2024 14:08,3,15,710,345631,NSEI,56.901333,-134.671167,56.8855,-134.668833,641.9088,,,,,,,,,,Retained,,341
2024,611,1,710,37833,ILONA B,8/10/2024 14:08,3,15,710,345631,NSEI,56.901333,-134.671167,56.8855,-134.668833,641.9088,,,,,,,,,,Retained,,342
2024,611,1,710,37833,ILONA B,8/10/2024 14:08,3,15,710,345631,NSEI,56.901333,-134.671167,56.8855,-134.668833,641.9088,,,,,,,,,,Retained,,343
2024,611,1,710,37833,ILONA B,8/10/2024 14:08,3,15,710,345631,NSEI,56.901333,-134.671167,56.8855,-134.668833,641.9088,,,,,,,,,,Retained,,344
2024,611,1,710,37833,ILONA B,8/10/2024 14:08,3,15,710,345631,NSEI,56.901333,-134.671167,56.8855,-134.668833,641.9088,,,,,,,,,,Retained,,345
2024,611,1,710,37833,ILONA B,8/10/2024 14:08,3,15,710,345631,NSEI,56.901333,-134.671167,56.8855,-134.668833,641.9088,,,,,,,,,,Retained,,346
2024,611,1,710,37833,ILONA B,8/10/2024 14:08,3,15,710,345631,NSEI,56.901333,-134.671167,56.8855,-134.668833,641.9088,,,,,,,,,,Retained,,347
2024,611,1,710,37833,ILONA B,8/10/2024 14:08,3,15,710,345631,NSEI,56.901333,-134.671167,56.8855,-134.668833,641.9088,,,,,,,,,,Retained,,348
2024,611,1,710,37833,ILONA B,8/10/2024 14:08,3,15,710,345631,NSEI,56.901333,-134.671167,56.8855,-134.668833,641.9088,,,,,,,,,,Retained,,349
2024,611,1,710,37833,ILONA B,8/10/2024 14:08,3,15,710,345631,NSEI,56.901333,-134.671167,56.8855,-134.668833,641.9088,,,,,,,,,,Retained,,350
2024,611,1,710,37833,ILONA B,8/10/2024 14:08,3,15,710,345631,NSEI,56.901333,-134.671167,56.8855,-134.668833,641.9088,,,,,,,,,,Retained,,351
2024,611,1,710,37833,ILONA B,8/10/2024 14:08,3,15,710,345631,NSEI,56.901333,-134.671167,56.8855,-134.668833,641.9088,,,,,,,,,,Retained,,352
2024,611,1,710,37833,ILONA B,8/10/2024 14:08,3,15,710,345631,NSEI,56.901333,-134.671167,56.8855,-134.668833,641.9088,,,,,,,,,,Retained,,353
2024,611,1,710,37833,ILONA B,8/10/2024 14:08,3,15,710,345631,NSEI,56.901333,-134.671167,56.8855,-134.668833,641.9088,,,,,,,,,,Retained,,354
2024,611,1,710,37833,ILONA B,8/10/2024 14:08,3,15,710,345631,NSEI,56.901333,-134.671167,56.8855,-134.668833,641.9088,,,,,,,,,,Retained,,355
2024,611,1,710,37833,ILONA B,8/10/2024 14:08,3,15,710,345631,NSEI,56.901333,-134.671167,56.8855,-134.668833,641.9088,,,,,,,,,,Retained,,356
2024,611,1,710,37833,ILONA B,8/10/2024 14:08,3,15,710,345631,NSEI,56.901333,-134.671167,56.8855,-134.668833,641.9088,,,,,,,,,,Retained,,357
2024,611,1,710,37833,ILONA B,8/10/2024 14:08,3,15,710,345631,NSEI,56.901333,-134.671167,56.8855,-134.668833,641.9088,,,,,,,,,,Retained,,358
2024,611,1,710,37833,ILONA B,8/10/2024 14:08,3,15,710,345631,NSEI,56.901333,-134.671167,56.8855,-134.668833,641.9088,,,,,,,,,,Retained,,359
2024,611,1,710,37833,ILONA B,8/10/2024 14:08,3,15,710,345631,NSEI,56.901333,-134.671167,56.8855,-134.668833,641.9088,,,,,,,,,,Retained,,360
2024,611,1,710,37833,ILONA B,8/10/2024 14:08,3,15,710,345631,NSEI,56.901333,-134.671167,56.8855,-134.668833,641.9088,,,,,,,,,,Retained,,361
2024,611,1,710,37833,ILONA B,8/10/2024 14:08,3,15,710,345631,NSEI,56.901333,-134.671167,56.8855,-134.668833,641.9088,,,,,,,,,,Retained,,362
2024,611,1,710,37833,ILONA B,8/10/2024 14:08,3,15,710,345631,NSEI,56.901333,-134.671167,56.8855,-134.668833,641.9088,,,,,,,,,,Retained,,363
2024,611,1,710,37833,ILONA B,8/10/2024 14:08,3,15,710,345631,NSEI,56.901333,-134.671167,56.8855,-134.668833,641.9088,,,,,,,,,,Retained,,364
2024,611,1,710,37833,ILONA B,8/10/2024 14:08,3,15,710,345631,NSEI,56.901333,-134.671167,56.8855,-134.668833,641.9088,,,,,,,,,,Retained,,365
2024,611,1,710,37833,ILONA B,8/10/2024 14:08,3,15,710,345631,NSEI,56.901333,-134.671167,56.8855,-134.668833,641.9088,,,,,,,,,,Retained,,366
2024,611,1,710,37833,ILONA B,8/10/2024 14:08,3,15,710,345631,NSEI,56.901333,-134.671167,56.8855,-134.668833,641.9088,,,,,,,,,,Retained,,367
2024,611,1,710,37833,ILONA B,8/10/2024 14:08,3,15,710,345631,NSEI,56.901333,-134.671167,56.8855,-134.668833,641.9088,,,,,,,,,,Retained,,368
2024,611,1,710,37833,ILONA B,8/10/2024 14:08,3,15,710,345631,NSEI,56.901333,-134.671167,56.8855,-134.668833,641.9088,,,,,,,,,,Retained,,369
2024,611,1,710,37833,ILONA B,8/10/2024 14:08,3,15,710,345631,NSEI,56.901333,-134.671167,56.8855,-134.668833,641.9088,,,,,,,,,,Retained,,370
2024,611,1,710,37833,ILONA B,8/10/2024 14:08,3,15,710,345631,NSEI,56.901333,-134.671167,56.8855,-134.668833,641.9088,,,,,,,,,,Retained,,371
2024,611,1,710,37833,ILONA B,8/10/2024 14:08,3,15,710,345631,NSEI,56.901333,-134.671167,56.8855,-134.668833,641.9088,,,,,,,,,,Retained,,372
2024,611,1,710,37833,ILONA B,8/10/2024 14:08,3,15,710,345631,NSEI,56.901333,-134.671167,56.8855,-134.668833,641.9088,,,,,,,,,,Retained,,373
2024,611,1,710,37833,ILONA B,8/10/2024 14:08,3,15,710,345631,NSEI,56.901333,-134.671167,56.8855,-134.668833,641.9088,,,,,,,,,,Retained,,374
2024,611,1,710,37833,ILONA B,8/10/2024 14:08,3,15,710,345631,NSEI,56.901333,-134.671167,56.8855,-134.668833,641.9088,,,,,,,,,,Retained,,375
2024,611,1,710,37833,ILONA B,8/10/2024 14:08,3,15,710,345631,NSEI,56.901333,-134.671167,56.8855,-134.668833,641.9088,,,,,,,,,,Retained,,376
2024,611,1,710,37833,ILONA B,8/10/2024 14:08,3,15,710,345631,NSEI,56.901333,-134.671167,56.8855,-134.668833,641.9088,,,,,,,,,,Retained,,377
2024,611,1,710,37833,ILONA B,8/10/2024 14:08,3,15,710,345631,NSEI,56.901333,-134.671167,56.8855,-134.668833,641.9088,,,,,,,,,,Retained,,378
2024,611,1,710,37833,ILONA B,8/10/2024 14:08,3,15,710,345631,NSEI,56.901333,-134.671167,56.8855,-134.668833,641.9088,,,,,,,,,,Retained,,379
2024,611,1,710,37833,ILONA B,8/10/2024 14:08,3,15,710,345631,NSEI,56.901333,-134.671167,56.8855,-134.668833,641.9088,,,,,,,,,,Retained,,380
2024,611,1,710,37833,ILONA B,8/10/2024 14:08,3,15,710,345631,NSEI,56.901333,-134.671167,56.8855,-134.668833,641.9088,,,,,,,,,,Retained,,381
2024,611,1,710,37833,ILONA B,8/10/2024 14:08,3,15,710,345631,NSEI,56.901333,-134.671167,56.8855,-134.668833,641.9088,,,,,,,,,,Retained,,382
2024,611,1,710,37833,ILONA B,8/10/2024 14:08,3,15,710,345631,NSEI,56.901333,-134.671167,56.8855,-134.668833,641.9088,,,,,,,,,,Retained,,383
2024,611,1,710,37833,ILONA B,8/10/2024 14:08,3,15,710,345631,NSEI,56.901333,-134.671167,56.8855,-134.668833,641.9088,,,,,,,,,,Retained,,384
2024,611,1,710,37833,ILONA B,8/10/2024 14:08,3,15,710,345631,NSEI,56.901333,-134.671167,56.8855,-134.668833,641.9088,,,,,,,,,,Retained,,385
2024,611,1,710,37833,ILONA B,8/10/2024 14:08,3,15,710,345631,NSEI,56.901333,-134.671167,56.8855,-134.668833,641.9088,,,,,,,,,,Retained,,386
2024,611,1,710,37833,ILONA B,8/10/2024 14:08,3,15,710,345631,NSEI,56.901333,-134.671167,56.8855,-134.668833,641.9088,,,,,,,,,,Retained,,387
2024,611,1,710,37833,ILONA B,8/10/2024 14:08,3,15,710,345631,NSEI,56.901333,-134.671167,56.8855,-134.668833,641.9088,,,,,,,,,,Retained,,388
2024,611,1,710,37833,ILONA B,8/10/2024 14:08,3,15,710,345631,NSEI,56.901333,-134.671167,56.8855,-134.668833,641.9088,,,,,,,,,,Retained,,389
2024,611,1,710,37833,ILONA B,8/10/2024 14:08,3,15,710,345631,NSEI,56.901333,-134.671167,56.8855,-134.668833,641.9088,,,,,,,,,,Retained,,390
2024,611,1,710,37833,ILONA B,8/10/2024 14:08,3,15,710,345631,NSEI,56.901333,-134.671167,56.8855,-134.668833,641.9088,,,,,,,,,,Retained,,391
2024,611,1,710,37833,ILONA B,8/10/2024 14:08,3,15,710,345631,NSEI,56.901333,-134.671167,56.8855,-134.668833,641.9088,,,,,,,,,,Retained,,392
2024,611,1,710,37833,ILONA B,8/10/2024 14:08,3,15,710,345631,NSEI,56.901333,-134.671167,56.8855,-134.668833,641.9088,,,,,,,,,,Retained,,393
2024,611,1,710,37833,ILONA B,8/10/2024 14:08,3,15,710,345631,NSEI,56.901333,-134.671167,56.8855,-134.668833,641.9088,,,,,,,,,,Retained,,394
2024,611,1,710,37833,ILONA B,8/10/2024 14:08,3,15,710,345631,NSEI,56.901333,-134.671167,56.8855,-134.668833,641.9088,,,,,,,,,,Retained,,395
2024,611,1,710,37833,ILONA B,8/10/2024 14:08,3,15,710,345631,NSEI,56.901333,-134.671167,56.8855,-134.668833,641.9088,,,,,,,,,,Retained,,396
2024,611,1,710,37833,ILONA B,8/10/2024 14:08,3,15,710,345631,NSEI,56.901333,-134.671167,56.8855,-134.668833,641.9088,,,,,,,,,,Retained,,397
2024,611,1,710,37833,ILONA B,8/10/2024 14:08,3,15,710,345631,NSEI,56.901333,-134.671167,56.8855,-134.668833,641.9088,,,,,,,,,,Retained,,398
2024,611,1,710,37833,ILONA B,8/10/2024 14:08,3,15,710,345631,NSEI,56.901333,-134.671167,56.8855,-134.668833,641.9088,,,,,,,,,,Retained,,399
2024,611,1,710,37833,ILONA B,8/10/2024 14:08,3,15,710,345631,NSEI,56.901333,-134.671167,56.8855,-134.668833,641.9088,,,,,,,,,,Retained,,400
2024,611,1,710,37833,ILONA B,8/10/2024 14:08,3,15,710,345631,NSEI,56.901333,-134.671167,56.8855,-134.668833,641.9088,,,,,,,,,,Retained,,401
2024,611,1,710,37833,ILONA B,8/10/2024 14:08,3,15,710,345631,NSEI,56.901333,-134.671167,56.8855,-134.668833,641.9088,,,,,,,,,,Retained,,402
2024,611,1,710,37833,ILONA B,8/10/2024 14:08,3,15,710,345631,NSEI,56.901333,-134.671167,56.8855,-134.668833,641.9088,,,,,,,,,,Retained,,403
2024,611,1,710,37833,ILONA B,8/10/2024 14:08,3,15,710,345631,NSEI,56.901333,-134.671167,56.8855,-134.668833,641.9088,,,,,,,,,,Retained,,404
2024,611,1,710,37833,ILONA B,8/10/2024 14:08,3,15,710,345631,NSEI,56.901333,-134.671167,56.8855,-134.668833,641.9088,,,,,,,,,,Retained,,405
2024,611,1,710,37833,ILONA B,8/10/2024 14:08,3,15,710,345631,NSEI,56.901333,-134.671167,56.8855,-134.668833,641.9088,,,,,,,,,,Retained,,406
2024,611,1,710,37833,ILONA B,8/10/2024 14:08,3,15,710,345631,NSEI,56.901333,-134.671167,56.8855,-134.668833,641.9088,,,,,,,,,,Retained,,407
2024,611,1,710,37833,ILONA B,8/10/2024 14:08,3,15,710,345631,NSEI,56.901333,-134.671167,56.8855,-134.668833,641.9088,,,,,,,,,,Retained,,408
2024,611,1,710,37833,ILONA B,8/10/2024 14:08,3,15,710,345631,NSEI,56.901333,-134.671167,56.8855,-134.668833,641.9088,,,,,,,,,,Retained,,409
2024,611,1,710,37833,ILONA B,8/10/2024 14:08,3,15,710,345631,NSEI,56.901333,-134.671167,56.8855,-134.668833,641.9088,,,,,,,,,,Retained,,410
2024,611,1,710,37833,ILONA B,8/10/2024 14:08,3,15,710,345631,NSEI,56.901333,-134.671167,56.8855,-134.668833,641.9088,,,,,,,,,,Retained,,411
2024,611,1,710,37833,ILONA B,8/10/2024 14:08,3,15,710,345631,NSEI,56.901333,-134.671167,56.8855,-134.668833,641.9088,,,,,,,,,,Retained,,412
2024,611,1,710,37833,ILONA B,8/10/2024 14:08,3,15,710,345631,NSEI,56.901333,-134.671167,56.8855,-134.668833,641.9088,,,,,,,,,,Retained,,413
2024,611,1,710,37833,ILONA B,8/10/2024 14:08,3,15,710,345631,NSEI,56.901333,-134.671167,56.8855,-134.668833,641.9088,,,,,,,,,,Retained,,414
2024,611,1,710,37833,ILONA B,8/10/2024 14:08,3,15,710,345631,NSEI,56.901333,-134.671167,56.8855,-134.668833,641.9088,,,,,,,,,,Retained,,415
2024,611,1,710,37833,ILONA B,8/10/2024 14:08,3,15,710,345631,NSEI,56.901333,-134.671167,56.8855,-134.668833,641.9088,,,,,,,,,,Retained,,416
2024,611,1,710,37833,ILONA B,8/10/2024 14:08,3,15,710,345631,NSEI,56.901333,-134.671167,56.8855,-134.668833,641.9088,,,,,,,,,,Retained,,417
2024,611,1,710,37833,ILONA B,8/10/2024 14:08,3,15,710,345631,NSEI,56.901333,-134.671167,56.8855,-134.668833,641.9088,,,,,,,,,,Retained,,418
2024,611,1,710,37833,ILONA B,8/10/2024 14:08,3,15,710,345631,NSEI,56.901333,-134.671167,56.8855,-134.668833,641.9088,,,,,,,,,,Retained,,419
2024,611,1,710,37833,ILONA B,8/10/2024 14:08,3,15,710,345631,NSEI,56.901333,-134.671167,56.8855,-134.668833,641.9088,,,,,,,,,,Retained,,420
2024,611,1,710,37833,ILONA B,8/10/2024 14:08,3,15,710,345631,NSEI,56.901333,-134.671167,56.8855,-134.668833,641.9088,,,,,,,,,,Retained,,421
2024,611,1,710,37833,ILONA B,8/10/2024 14:08,3,15,710,345631,NSEI,56.901333,-134.671167,56.8855,-134.668833,641.9088,,,,,,,,,,Retained,,422
2024,611,1,710,37833,ILONA B,8/10/2024 14:08,3,15,710,345631,NSEI,56.901333,-134.671167,56.8855,-134.668833,641.9088,,,,,,,,,,Retained,,423
2024,611,1,710,37833,ILONA B,8/10/2024 14:08,3,15,710,345631,NSEI,56.901333,-134.671167,56.8855,-134.668833,641.9088,,,,,,,,,,Retained,,424
2024,611,1,710,37833,ILONA B,8/10/2024 14:08,3,15,710,345631,NSEI,56.901333,-134.671167,56.8855,-134.668833,641.9088,,,,,,,,,,Retained,,425
2024,611,1,710,37833,ILONA B,8/10/2024 14:08,3,15,710,345631,NSEI,56.901333,-134.671167,56.8855,-134.668833,641.9088,,,,,,,,,,Retained,,426
2024,611,1,710,37833,ILONA B,8/10/2024 14:08,3,15,710,345631,NSEI,56.901333,-134.671167,56.8855,-134.668833,641.9088,,,,,,,,,,Retained,,427
2024,611,1,710,37833,ILONA B,8/10/2024 14:08,3,15,710,345631,NSEI,56.901333,-134.671167,56.8855,-134.668833,641.9088,,,,,,,,,,Retained,,428
2024,611,1,710,37833,ILONA B,8/10/2024 14:08,3,15,710,345631,NSEI,56.901333,-134.671167,56.8855,-134.668833,641.9088,,,,,,,,,,Retained,,429
2024,611,1,710,37833,ILONA B,8/10/2024 14:08,3,15,710,345631,NSEI,56.901333,-134.671167,56.8855,-134.668833,641.9088,,,,,,,,,,Retained,,430
2024,611,1,710,37833,ILONA B,8/10/2024 14:08,3,15,710,345631,NSEI,56.901333,-134.671167,56.8855,-134.668833,641.9088,,,,,,,,,,Retained,,431
2024,611,1,710,37833,ILONA B,8/10/2024 14:08,3,15,710,345631,NSEI,56.901333,-134.671167,56.8855,-134.668833,641.9088,,,,,,,,,,Retained,,432
2024,611,1,710,37833,ILONA B,8/10/2024 14:08,3,15,710,345631,NSEI,56.901333,-134.671167,56.8855,-134.668833,641.9088,,,,,,,,,,Retained,,433
2024,611,1,710,37833,ILONA B,8/10/2024 14:08,3,15,710,345631,NSEI,56.901333,-134.671167,56.8855,-134.668833,641.9088,,,,,,,,,,Retained,,434
2024,611,1,710,37833,ILONA B,8/10/2024 14:08,3,15,710,345631,NSEI,56.901333,-134.671167,56.8855,-134.668833,641.9088,,,,,,,,,,Retained,,435
2024,611,1,710,37833,ILONA B,8/10/2024 14:08,3,15,710,345631,NSEI,56.901333,-134.671167,56.8855,-134.668833,641.9088,,,,,,,,,,Retained,,436
2024,611,1,710,37833,ILONA B,8/10/2024 14:08,3,15,710,345631,NSEI,56.901333,-134.671167,56.8855,-134.668833,641.9088,,,,,,,,,,Retained,,437
2024,611,1,710,37833,ILONA B,8/10/2024 14:08,3,15,710,345631,NSEI,56.901333,-134.671167,56.8855,-134.668833,641.9088,,,,,,,,,,Retained,,438
2024,611,1,710,37833,ILONA B,8/10/2024 14:08,3,15,710,345631,NSEI,56.901333,-134.671167,56.8855,-134.668833,641.9088,,,,,,,,,,Retained,,439
2024,611,1,710,37833,ILONA B,8/10/2024 14:08,3,15,710,345631,NSEI,56.901333,-134.671167,56.8855,-134.668833,641.9088,,,,,,,,,,Retained,,440
2024,611,1,710,37833,ILONA B,8/10/2024 14:08,3,15,710,345631,NSEI,56.901333,-134.671167,56.8855,-134.668833,641.9088,,,,,,,,,,Retained,,441
2024,611,1,710,37833,ILONA B,8/10/2024 14:08,3,15,710,345631,NSEI,56.901333,-134.671167,56.8855,-134.668833,641.9088,,,,,,,,,,Retained,,442
2024,611,1,710,37833,ILONA B,8/10/2024 14:08,3,15,710,345631,NSEI,56.901333,-134.671167,56.8855,-134.668833,641.9088,,,,,,,,,,Retained,,443
2024,611,1,710,37833,ILONA B,8/10/2024 14:08,3,15,710,345631,NSEI,56.901333,-134.671167,56.8855,-134.668833,641.9088,,,,,,,,,,Retained,,444
2024,611,1,710,37833,ILONA B,8/10/2024 14:08,3,15,710,345631,NSEI,56.901333,-134.671167,56.8855,-134.668833,641.9088,,,,,,,,,,Retained,,445
2024,611,1,710,37833,ILONA B,8/10/2024 14:08,3,15,710,345631,NSEI,56.901333,-134.671167,56.8855,-134.668833,641.9088,,,,,,,,,,Retained,,446
2024,611,1,710,37833,ILONA B,8/10/2024 14:08,3,15,710,345631,NSEI,56.901333,-134.671167,56.8855,-134.668833,641.9088,,,,,,,,,,Retained,,447
2024,611,1,710,37833,ILONA B,8/10/2024 14:08,3,15,710,345631,NSEI,56.901333,-134.671167,56.8855,-134.668833,641.9088,,,,,,,,,,Retained,,448
2024,611,1,710,37833,ILONA B,8/10/2024 14:08,3,15,710,345631,NSEI,56.901333,-134.671167,56.8855,-134.668833,641.9088,,,,,,,,,,Retained,,449
2024,611,1,710,37833,ILONA B,8/10/2024 14:08,3,15,710,345631,NSEI,56.901333,-134.671167,56.8855,-134.668833,641.9088,,,,,,,,,,Retained,,450
2024,611,1,710,37833,ILONA B,8/10/2024 14:08,3,15,710,345631,NSEI,56.901333,-134.671167,56.8855,-134.668833,641.9088,,,,,,,,,,Retained,,451
2024,611,1,710,37833,ILONA B,8/10/2024 14:08,3,15,710,345631,NSEI,56.901333,-134.671167,56.8855,-134.668833,641.9088,,,,,,,,,,Retained,,452
2024,611,1,710,37833,ILONA B,8/10/2024 14:08,3,15,710,345631,NSEI,56.901333,-134.671167,56.8855,-134.668833,641.9088,,,,,,,,,,Retained,,453
2024,611,1,710,37833,ILONA B,8/10/2024 14:08,3,15,710,345631,NSEI,56.901333,-134.671167,56.8855,-134.668833,641.9088,,,,,,,,,,Retained,,454
2024,611,1,710,37833,ILONA B,8/10/2024 14:08,3,15,710,345631,NSEI,56.901333,-134.671167,56.8855,-134.668833,641.9088,,,,,,,,,,Retained,,455
2024,611,1,710,37833,ILONA B,8/10/2024 14:08,3,15,710,345631,NSEI,56.901333,-134.671167,56.8855,-134.668833,641.9088,,,,,,,,,,Retained,,456
2024,611,1,710,37833,ILONA B,8/10/2024 14:08,3,15,710,345631,NSEI,56.901333,-134.671167,56.8855,-134.668833,641.9088,,,,,,,,,,Retained,,457
2024,611,1,710,37833,ILONA B,8/10/2024 14:08,3,15,710,345631,NSEI,56.901333,-134.671167,56.8855,-134.668833,641.9088,,,,,,,,,,Retained,,458
2024,611,1,710,37833,ILONA B,8/10/2024 14:08,3,15,710,345631,NSEI,56.901333,-134.671167,56.8855,-134.668833,641.9088,,,,,,,,,,Retained,,459
2024,611,1,710,37833,ILONA B,8/10/2024 14:08,3,15,710,345631,NSEI,56.901333,-134.671167,56.8855,-134.668833,641.9088,,,,,,,,,,Retained,,460
2024,611,1,710,37833,ILONA B,8/10/2024 14:08,3,15,710,345631,NSEI,56.901333,-134.671167,56.8855,-134.668833,641.9088,,,,,,,,,,Retained,,461
2024,611,1,710,37833,ILONA B,8/10/2024 14:08,3,15,710,345631,NSEI,56.901333,-134.671167,56.8855,-134.668833,641.9088,,,,,,,,,,Retained,,462
2024,611,1,710,37833,ILONA B,8/10/2024 14:08,3,15,710,345631,NSEI,56.901333,-134.671167,56.8855,-134.668833,641.9088,,,,,,,,,,Retained,,463
2024,611,1,710,37833,ILONA B,8/10/2024 14:08,3,15,710,345631,NSEI,56.901333,-134.671167,56.8855,-134.668833,641.9088,,,,,,,,,,Retained,,464
2024,611,1,710,37833,ILONA B,8/10/2024 14:08,3,15,710,345631,NSEI,56.901333,-134.671167,56.8855,-134.668833,641.9088,,,,,,,,,,Retained,,465
2024,611,1,710,37833,ILONA B,8/10/2024 14:08,3,15,710,345631,NSEI,56.901333,-134.671167,56.8855,-134.668833,641.9088,,,,,,,,,,Retained,,466
2024,611,1,710,37833,ILONA B,8/10/2024 14:08,3,15,710,345631,NSEI,56.901333,-134.671167,56.8855,-134.668833,641.9088,,,,,,,,,,Retained,,467
2024,611,1,710,37833,ILONA B,8/10/2024 14:08,3,15,710,345631,NSEI,56.901333,-134.671167,56.8855,-134.668833,641.9088,,,,,,,,,,Retained,,468
2024,611,1,710,37833,ILONA B,8/10/2024 14:08,3,15,710,345631,NSEI,56.901333,-134.671167,56.8855,-134.668833,641.9088,,,,,,,,,,Retained,,469
2024,611,1,710,37833,ILONA B,8/10/2024 14:08,3,15,710,345631,NSEI,56.901333,-134.671167,56.8855,-134.668833,641.9088,,,,,,,,,,Retained,,470
2024,611,1,710,37833,ILONA B,8/10/2024 14:08,3,15,710,345631,NSEI,56.901333,-134.671167,56.8855,-134.668833,641.9088,,,,,,,,,,Retained,,471
2024,611,1,710,37833,ILONA B,8/10/2024 14:08,3,15,710,345631,NSEI,56.901333,-134.671167,56.8855,-134.668833,641.9088,,,,,,,,,,Retained,,472
2024,611,1,710,37833,ILONA B,8/10/2024 14:08,3,15,710,345631,NSEI,56.901333,-134.671167,56.8855,-134.668833,641.9088,,,,,,,,,,Retained,,473
2024,611,1,710,37833,ILONA B,8/10/2024 14:08,3,15,710,345631,NSEI,56.901333,-134.671167,56.8855,-134.668833,641.9088,,,,,,,,,,Retained,,474
2024,611,1,710,37833,ILONA B,8/10/2024 14:08,3,15,710,345631,NSEI,56.901333,-134.671167,56.8855,-134.668833,641.9088,,,,,,,,,,Retained,,475
2024,611,1,710,37833,ILONA B,8/10/2024 14:08,3,15,710,345631,NSEI,56.901333,-134.671167,56.8855,-134.668833,641.9088,,,,,,,,,,Retained,,476
2024,611,1,710,37833,ILONA B,8/10/2024 14:08,3,15,710,345631,NSEI,56.901333,-134.671167,56.8855,-134.668833,641.9088,,,,,,,,,,Retained,,477
2024,611,1,710,37833,ILONA B,8/10/2024 14:08,3,15,710,345631,NSEI,56.901333,-134.671167,56.8855,-134.668833,641.9088,,,,,,,,,,Retained,,478
2024,611,1,710,37833,ILONA B,8/10/2024 14:08,3,15,710,345631,NSEI,56.901333,-134.671167,56.8855,-134.668833,641.9088,,,,,,,,,,Retained,,479
2024,611,1,710,37833,ILONA B,8/10/2024 14:08,3,15,710,345631,NSEI,56.901333,-134.671167,56.8855,-134.668833,641.9088,,,,,,,,,,Retained,,480
2024,611,1,710,37833,ILONA B,8/10/2024 14:08,3,15,710,345631,NSEI,56.901333,-134.671167,56.8855,-134.668833,641.9088,,,,,,,,,,Retained,,481
2024,611,1,710,37833,ILONA B,8/10/2024 14:08,3,15,710,345631,NSEI,56.901333,-134.671167,56.8855,-134.668833,641.9088,,,,,,,,,,Retained,,482
2024,611,1,710,37833,ILONA B,8/10/2024 14:08,3,15,710,345631,NSEI,56.901333,-134.671167,56.8855,-134.668833,641.9088,,,,,,,,,,Retained,,483
2024,611,1,710,37833,ILONA B,8/10/2024 14:08,3,15,710,345631,NSEI,56.901333,-134.671167,56.8855,-134.668833,641.9088,,,,,,,,,,Retained,,484
2024,611,1,710,37833,ILONA B,8/10/2024 14:08,3,15,710,345631,NSEI,56.901333,-134.671167,56.8855,-134.668833,641.9088,,,,,,,,,,Retained,,485
2024,611,1,710,37833,ILONA B,8/10/2024 14:08,3,15,710,345631,NSEI,56.901333,-134.671167,56.8855,-134.668833,641.9088,,,,,,,,,,Retained,,486
2024,611,1,710,37833,ILONA B,8/10/2024 14:08,3,15,710,345631,NSEI,56.901333,-134.671167,56.8855,-134.668833,641.9088,,,,,,,,,,Retained,,487
2024,611,1,710,37833,ILONA B,8/10/2024 14:08,3,15,710,345631,NSEI,56.901333,-134.671167,56.8855,-134.668833,641.9088,,,,,,,,,,Retained,,488
2024,611,1,710,37833,ILONA B,8/10/2024 14:08,3,15,710,345631,NSEI,56.901333,-134.671167,56.8855,-134.668833,641.9088,,,,,,,,,,Retained,,489
2024,611,1,710,37833,ILONA B,8/10/2024 14:08,3,15,710,345631,NSEI,56.901333,-134.671167,56.8855,-134.668833,641.9088,,,,,,,,,,Retained,,490
2024,611,1,710,37833,ILONA B,8/10/2024 14:08,3,15,710,345631,NSEI,56.901333,-134.671167,56.8855,-134.668833,641.9088,,,,,,,,,,Retained,,491
2024,611,1,710,37833,ILONA B,8/10/2024 14:08,3,15,710,345631,NSEI,56.901333,-134.671167,56.8855,-134.668833,641.9088,,,,,,,,,,Retained,,492
2024,611,1,710,37833,ILONA B,8/10/2024 14:08,3,15,710,345631,NSEI,56.901333,-134.671167,56.8855,-134.668833,641.9088,,,,,,,,,,Retained,,493
2024,611,1,710,37833,ILONA B,8/10/2024 14:08,3,15,710,345631,NSEI,56.901333,-134.671167,56.8855,-134.668833,641.9088,,,,,,,,,,Retained,,494
2024,611,1,710,37833,ILONA B,8/10/2024 14:08,3,15,710,345631,NSEI,56.901333,-134.671167,56.8855,-134.668833,641.9088,,,,,,,,,,Retained,,495
2024,611,1,710,37833,ILONA B,8/10/2024 14:08,3,15,710,345631,NSEI,56.901333,-134.671167,56.8855,-134.668833,641.9088,,,,,,,,,,Retained,,496
2024,611,1,710,37833,ILONA B,8/10/2024 14:08,3,15,710,345631,NSEI,56.901333,-134.671167,56.8855,-134.668833,641.9088,,,,,,,,,,Retained,,497
2024,611,1,710,37833,ILONA B,8/10/2024 14:08,3,15,710,345631,NSEI,56.901333,-134.671167,56.8855,-134.668833,641.9088,,,,,,,,,,Retained,,498
2024,611,1,710,37833,ILONA B,8/10/2024 14:08,3,15,710,345631,NSEI,56.901333,-134.671167,56.8855,-134.668833,641.9088,,,,,,,,,,Retained,,499
2024,611,1,710,37833,ILONA B,8/10/2024 14:08,3,15,710,345631,NSEI,56.901333,-134.671167,56.8855,-134.668833,641.9088,,,,,,,,,,Retained,,500
2024,611,1,710,37833,ILONA B,8/10/2024 14:08,3,15,710,345631,NSEI,56.901333,-134.671167,56.8855,-134.668833,641.9088,,,,,,,,,,Retained,,501
2024,611,1,710,37833,ILONA B,8/10/2024 14:08,3,15,710,345631,NSEI,56.901333,-134.671167,56.8855,-134.668833,641.9088,,,,,,,,,,Retained,,502
2024,611,1,710,37833,ILONA B,8/10/2024 14:08,3,15,710,345631,NSEI,56.901333,-134.671167,56.8855,-134.668833,641.9088,,,,,,,,,,Retained,,503
2024,611,1,710,37833,ILONA B,8/10/2024 14:08,3,15,710,345631,NSEI,56.901333,-134.671167,56.8855,-134.668833,641.9088,,,,,,,,,,Retained,,504
2024,611,1,710,37833,ILONA B,8/10/2024 14:08,3,15,710,345631,NSEI,56.901333,-134.671167,56.8855,-134.668833,641.9088,,,,,,,,,,Retained,,505
2024,611,1,710,37833,ILONA B,8/10/2024 14:08,3,15,710,345631,NSEI,56.901333,-134.671167,56.8855,-134.668833,641.9088,,,,,,,,,,Retained,,506
2024,611,1,710,37833,ILONA B,8/10/2024 14:08,3,15,710,345631,NSEI,56.901333,-134.671167,56.8855,-134.668833,641.9088,,,,,,,,,,Retained,,507
2024,611,1,710,37833,ILONA B,8/10/2024 14:08,3,15,710,345631,NSEI,56.901333,-134.671167,56.8855,-134.668833,641.9088,,,,,,,,,,Retained,,508
2024,611,1,710,37833,ILONA B,8/10/2024 14:08,3,15,710,345631,NSEI,56.901333,-134.671167,56.8855,-134.668833,641.9088,,,,,,,,,,Retained,,509
2024,611,1,710,37833,ILONA B,8/10/2024 14:08,3,15,710,345631,NSEI,56.901333,-134.671167,56.8855,-134.668833,641.9088,,,,,,,,,,Retained,,510
2024,611,1,710,37833,ILONA B,8/10/2024 14:08,3,15,710,345631,NSEI,56.901333,-134.671167,56.8855,-134.668833,641.9088,,,,,,,,,,Retained,,511
2024,611,1,710,37833,ILONA B,8/10/2024 14:08,3,15,710,345631,NSEI,56.901333,-134.671167,56.8855,-134.668833,641.9088,,,,,,,,,,Retained,,512
2024,611,1,710,37833,ILONA B,8/10/2024 14:08,3,15,710,345631,NSEI,56.901333,-134.671167,56.8855,-134.668833,641.9088,,,,,,,,,,Retained,,513
2024,611,1,710,37833,ILONA B,8/10/2024 14:08,3,15,710,345631,NSEI,56.901333,-134.671167,56.8855,-134.668833,641.9088,,,,,,,,,,Retained,,514
2024,611,1,710,37833,ILONA B,8/10/2024 14:08,3,15,710,345631,NSEI,56.901333,-134.671167,56.8855,-134.668833,641.9088,,,,,,,,,,Retained,,515
2024,611,1,710,37833,ILONA B,8/10/2024 14:08,3,15,710,345631,NSEI,56.901333,-134.671167,56.8855,-134.668833,641.9088,,,,,,,,,,Retained,,516
2024,611,1,710,37833,ILONA B,8/10/2024 14:08,3,15,710,345631,NSEI,56.901333,-134.671167,56.8855,-134.668833,641.9088,,,,,,,,,,Retained,,517
2024,611,1,710,37833,ILONA B,8/10/2024 14:08,3,15,710,345631,NSEI,56.901333,-134.671167,56.8855,-134.668833,641.9088,,,,,,,,,,Retained,,518
2024,611,1,710,37833,ILONA B,8/10/2024 14:08,3,15,710,345631,NSEI,56.901333,-134.671167,56.8855,-134.668833,641.9088,,,,,,,,,,Retained,,519
2024,611,1,710,37833,ILONA B,8/10/2024 14:08,3,15,710,345631,NSEI,56.901333,-134.671167,56.8855,-134.668833,641.9088,,,,,,,,,,Retained,,520
2024,611,1,710,37833,ILONA B,8/10/2024 14:08,3,15,710,345631,NSEI,56.901333,-134.671167,56.8855,-134.668833,641.9088,,,,,,,,,,Retained,,521
2024,611,1,710,37833,ILONA B,8/10/2024 14:08,3,15,710,345631,NSEI,56.901333,-134.671167,56.8855,-134.668833,641.9088,,,,,,,,,,Retained,,522
2024,611,1,710,37833,ILONA B,8/10/2024 14:08,3,15,710,345631,NSEI,56.901333,-134.671167,56.8855,-134.668833,641.9088,,,,,,,,,,Retained,,523
2024,611,1,710,37833,ILONA B,8/10/2024 14:08,3,15,710,345631,NSEI,56.901333,-134.671167,56.8855,-134.668833,641.9088,,,,,,,,,,Retained,,524
2024,611,1,710,37833,ILONA B,8/10/2024 14:08,3,15,710,345631,NSEI,56.901333,-134.671167,56.8855,-134.668833,641.9088,,,,,,,,,,Retained,,525
2024,611,1,710,37833,ILONA B,8/10/2024 14:08,3,15,710,345631,NSEI,56.901333,-134.671167,56.8855,-134.668833,641.9088,,,,,,,,,,Retained,,526
2024,611,1,710,37833,ILONA B,8/10/2024 14:08,3,15,710,345631,NSEI,56.901333,-134.671167,56.8855,-134.668833,641.9088,,,,,,,,,,Retained,,527
2024,611,1,710,37833,ILONA B,8/10/2024 14:08,3,15,710,345631,NSEI,56.901333,-134.671167,56.8855,-134.668833,641.9088,,,,,,,,,,Retained,,528
2024,611,1,710,37833,ILONA B,8/10/2024 14:08,3,15,710,345631,NSEI,56.901333,-134.671167,56.8855,-134.668833,641.9088,,,,,,,,,,Retained,,529
2024,611,1,710,37833,ILONA B,8/10/2024 14:08,3,15,710,345631,NSEI,56.901333,-134.671167,56.8855,-134.668833,641.9088,,,,,,,,,,Retained,,530
2024,611,1,710,37833,ILONA B,8/10/2024 14:08,3,15,710,345631,NSEI,56.901333,-134.671167,56.8855,-134.668833,641.9088,,,,,,,,,,Retained,,531
2024,611,1,710,37833,ILONA B,8/10/2024 14:08,3,15,710,345631,NSEI,56.901333,-134.671167,56.8855,-134.668833,641.9088,,,,,,,,,,Retained,,532
2024,611,1,710,37833,ILONA B,8/10/2024 14:08,3,15,710,345631,NSEI,56.901333,-134.671167,56.8855,-134.668833,641.9088,,,,,,,,,,Retained,,533
2024,611,1,710,37833,ILONA B,8/10/2024 14:08,3,15,710,345631,NSEI,56.901333,-134.671167,56.8855,-134.668833,641.9088,,,,,,,,,,Retained,,534
2024,611,1,710,37833,ILONA B,8/10/2024 14:08,3,15,710,345631,NSEI,56.901333,-134.671167,56.8855,-134.668833,641.9088,,,,,,,,,,Retained,,535
2024,611,1,710,37833,ILONA B,8/10/2024 14:08,3,15,710,345631,NSEI,56.901333,-134.671167,56.8855,-134.668833,641.9088,,,,,,,,,,Retained,,536
2024,611,1,710,37833,ILONA B,8/10/2024 14:08,3,15,710,345631,NSEI,56.901333,-134.671167,56.8855,-134.668833,641.9088,,,,,,,,,,Retained,,537
2024,611,1,710,37833,ILONA B,8/10/2024 14:08,3,15,710,345631,NSEI,56.901333,-134.671167,56.8855,-134.668833,641.9088,,,,,,,,,,Retained,,538
2024,611,1,710,37833,ILONA B,8/10/2024 14:08,3,15,710,345631,NSEI,56.901333,-134.671167,56.8855,-134.668833,641.9088,,,,,,,,,,Retained,,539
2024,611,1,710,37833,ILONA B,8/10/2024 14:08,3,15,710,345631,NSEI,56.901333,-134.671167,56.8855,-134.668833,641.9088,,,,,,,,,,Retained,,540
2024,611,1,710,37833,ILONA B,8/10/2024 14:08,3,15,710,345631,NSEI,56.901333,-134.671167,56.8855,-134.668833,641.9088,,,,,,,,,,Retained,,541
2024,611,1,710,37833,ILONA B,8/10/2024 14:08,3,15,710,345631,NSEI,56.901333,-134.671167,56.8855,-134.668833,641.9088,,,,,,,,,,Retained,,542
2024,611,1,710,37833,ILONA B,8/10/2024 14:08,3,15,710,345631,NSEI,56.901333,-134.671167,56.8855,-134.668833,641.9088,,,,,,,,,,Retained,,543
2024,611,1,710,37833,ILONA B,8/10/2024 14:08,3,15,710,345631,NSEI,56.901333,-134.671167,56.8855,-134.668833,641.9088,,,,,,,,,,Retained,,544
2024,611,1,710,37833,ILONA B,8/10/2024 14:08,3,15,710,345631,NSEI,56.901333,-134.671167,56.8855,-134.668833,641.9088,,,,,,,,,,Retained,,545
2024,611,1,710,37833,ILONA B,8/10/2024 14:08,3,15,710,345631,NSEI,56.901333,-134.671167,56.8855,-134.668833,641.9088,,,,,,,,,,Retained,,546
2024,611,1,710,37833,ILONA B,8/10/2024 14:08,3,15,710,345631,NSEI,56.901333,-134.671167,56.8855,-134.668833,641.9088,,,,,,,,,,Retained,,547
2024,611,1,710,37833,ILONA B,8/10/2024 14:08,3,15,710,345631,NSEI,56.901333,-134.671167,56.8855,-134.668833,641.9088,,,,,,,,,,Retained,,548
2024,611,1,710,37833,ILONA B,8/10/2024 14:08,3,15,710,345631,NSEI,56.901333,-134.671167,56.8855,-134.668833,641.9088,,,,,,,,,,Retained,,549
2024,611,1,710,37833,ILONA B,8/10/2024 14:08,3,15,710,345631,NSEI,56.901333,-134.671167,56.8855,-134.668833,641.9088,,,,,,,,,,Retained,,550
2024,611,1,710,37833,ILONA B,8/10/2024 14:08,3,15,710,345631,NSEI,56.901333,-134.671167,56.8855,-134.668833,641.9088,,,,,,,,,,Retained,,551
2024,611,1,710,37833,ILONA B,8/10/2024 14:08,3,15,710,345631,NSEI,56.901333,-134.671167,56.8855,-134.668833,641.9088,,,,,,,,,,Retained,,552
2024,611,1,710,37833,ILONA B,8/10/2024 14:08,3,15,710,345631,NSEI,56.901333,-134.671167,56.8855,-134.668833,641.9088,,,,,,,,,,Retained,,553
2024,611,1,710,37833,ILONA B,8/10/2024 14:08,3,15,710,345631,NSEI,56.901333,-134.671167,56.8855,-134.668833,641.9088,,,,,,,,,,Retained,,554
2024,611,1,710,37833,ILONA B,8/10/2024 14:08,3,15,710,345631,NSEI,56.901333,-134.671167,56.8855,-134.668833,641.9088,,,,,,,,,,Retained,,555
2024,611,1,710,37833,ILONA B,8/10/2024 14:08,3,15,710,345631,NSEI,56.901333,-134.671167,56.8855,-134.668833,641.9088,,,,,,,,,,Retained,,556
2024,611,1,710,37833,ILONA B,8/10/2024 14:08,3,15,710,345631,NSEI,56.901333,-134.671167,56.8855,-134.668833,641.9088,,,,,,,,,,Retained,,557
2024,611,1,710,37833,ILONA B,8/10/2024 14:08,3,15,710,345631,NSEI,56.901333,-134.671167,56.8855,-134.668833,641.9088,,,,,,,,,,Retained,,558
2024,611,1,710,37833,ILONA B,8/10/2024 14:08,3,15,710,345631,NSEI,56.901333,-134.671167,56.8855,-134.668833,641.9088,,,,,,,,,,Retained,,559
2024,611,1,710,37833,ILONA B,8/10/2024 14:08,3,15,710,345631,NSEI,56.901333,-134.671167,56.8855,-134.668833,641.9088,,,,,,,,,,Retained,,560
2024,611,1,710,37833,ILONA B,8/10/2024 14:08,3,15,710,345631,NSEI,56.901333,-134.671167,56.8855,-134.668833,641.9088,,,,,,,,,,Retained,,561
2024,611,1,710,37833,ILONA B,8/10/2024 14:08,3,15,710,345631,NSEI,56.901333,-134.671167,56.8855,-134.668833,641.9088,,,,,,,,,,Retained,,562
2024,611,1,710,37833,ILONA B,8/10/2024 14:08,3,15,710,345631,NSEI,56.901333,-134.671167,56.8855,-134.668833,641.9088,,,,,,,,,,Retained,,563
2024,611,1,710,37833,ILONA B,8/10/2024 14:08,3,15,710,345631,NSEI,56.901333,-134.671167,56.8855,-134.668833,641.9088,,,,,,,,,,Retained,,564
2024,611,1,710,37833,ILONA B,8/10/2024 14:08,3,15,710,345631,NSEI,56.901333,-134.671167,56.8855,-134.668833,641.9088,,,,,,,,,,Retained,,565
2024,611,1,710,37833,ILONA B,8/10/2024 14:08,3,15,710,345631,NSEI,56.901333,-134.671167,56.8855,-134.668833,641.9088,,,,,,,,,,Retained,,566
2024,611,1,710,37833,ILONA B,8/10/2024 14:08,3,15,710,345631,NSEI,56.901333,-134.671167,56.8855,-134.668833,641.9088,,,,,,,,,,Retained,,567
2024,611,1,710,37833,ILONA B,8/10/2024 14:08,3,15,710,345631,NSEI,56.901333,-134.671167,56.8855,-134.668833,641.9088,,,,,,,,,,Retained,,568
2024,611,1,710,37833,ILONA B,8/10/2024 14:08,3,15,710,345631,NSEI,56.901333,-134.671167,56.8855,-134.668833,641.9088,,,,,,,,,,Retained,,569
2024,611,1,710,37833,ILONA B,8/10/2024 14:08,3,15,710,345631,NSEI,56.901333,-134.671167,56.8855,-134.668833,641.9088,,,,,,,,,,Retained,,570
2024,611,1,710,37833,ILONA B,8/10/2024 14:08,3,15,710,345631,NSEI,56.901333,-134.671167,56.8855,-134.668833,641.9088,,,,,,,,,,Retained,,571
2024,611,1,710,37833,ILONA B,8/10/2024 14:08,3,15,710,345631,NSEI,56.901333,-134.671167,56.8855,-134.668833,641.9088,,,,,,,,,,Retained,,572
2024,611,1,710,37833,ILONA B,8/10/2024 14:08,3,15,710,345631,NSEI,56.901333,-134.671167,56.8855,-134.668833,641.9088,,,,,,,,,,Retained,,573
2024,611,1,710,37833,ILONA B,8/10/2024 14:08,3,15,710,345631,NSEI,56.901333,-134.671167,56.8855,-134.668833,641.9088,,,,,,,,,,Retained,,574
2024,611,1,710,37833,ILONA B,8/10/2024 14:08,3,15,710,345631,NSEI,56.901333,-134.671167,56.8855,-134.668833,641.9088,,,,,,,,,,Retained,,575
2024,611,1,710,37833,ILONA B,8/10/2024 14:08,3,15,710,345631,NSEI,56.901333,-134.671167,56.8855,-134.668833,641.9088,,,,,,,,,,Retained,,576
2024,611,1,710,37833,ILONA B,8/10/2024 14:08,3,15,710,345631,NSEI,56.901333,-134.671167,56.8855,-134.668833,641.9088,,,,,,,,,,Retained,,577
2024,611,1,710,37833,ILONA B,8/10/2024 14:08,3,15,710,345631,NSEI,56.901333,-134.671167,56.8855,-134.668833,641.9088,,,,,,,,,,Retained,,578
2024,611,1,710,37833,ILONA B,8/10/2024 14:08,3,15,710,345631,NSEI,56.901333,-134.671167,56.8855,-134.668833,641.9088,,,,,,,,,,Retained,,579
2024,611,1,710,37833,ILONA B,8/10/2024 14:08,3,15,710,345631,NSEI,56.901333,-134.671167,56.8855,-134.668833,641.9088,,,,,,,,,,Retained,,580
2024,611,1,710,37833,ILONA B,8/10/2024 14:08,3,15,710,345631,NSEI,56.901333,-134.671167,56.8855,-134.668833,641.9088,,,,,,,,,,Retained,,581
2024,611,1,710,37833,ILONA B,8/10/2024 14:08,3,15,710,345631,NSEI,56.901333,-134.671167,56.8855,-134.668833,641.9088,,,,,,,,,,Retained,,582
2024,611,1,710,37833,ILONA B,8/10/2024 14:08,3,15,710,345631,NSEI,56.901333,-134.671167,56.8855,-134.668833,641.9088,,,,,,,,,,Retained,,583
2024,611,1,710,37833,ILONA B,8/10/2024 14:08,3,15,710,345631,NSEI,56.901333,-134.671167,56.8855,-134.668833,641.9088,,,,,,,,,,Retained,,584
2024,611,1,710,37833,ILONA B,8/10/2024 14:08,3,15,710,345631,NSEI,56.901333,-134.671167,56.8855,-134.668833,641.9088,,,,,,,,,,Retained,,585
2024,611,1,710,37833,ILONA B,8/10/2024 14:08,3,15,710,345631,NSEI,56.901333,-134.671167,56.8855,-134.668833,641.9088,,,,,,,,,,Retained,,586
2024,611,1,710,37833,ILONA B,8/10/2024 14:08,3,15,710,345631,NSEI,56.901333,-134.671167,56.8855,-134.668833,641.9088,,,,,,,,,,Retained,,587
2024,611,1,710,37833,ILONA B,8/10/2024 14:08,3,15,710,345631,NSEI,56.901333,-134.671167,56.8855,-134.668833,641.9088,,,,,,,,,,Retained,,588
2024,611,1,710,37833,ILONA B,8/10/2024 14:08,3,15,710,345631,NSEI,56.901333,-134.671167,56.8855,-134.668833,641.9088,,,,,,,,,,Retained,,589
2024,611,1,710,37833,ILONA B,8/10/2024 14:08,3,15,710,345631,NSEI,56.901333,-134.671167,56.8855,-134.668833,641.9088,,,,,,,,,,Retained,,590
2024,611,1,710,37833,ILONA B,8/10/2024 14:08,3,15,710,345631,NSEI,56.901333,-134.671167,56.8855,-134.668833,641.9088,,,,,,,,,,Retained,,591
2024,611,1,710,37833,ILONA B,8/10/2024 14:08,3,15,710,345631,NSEI,56.901333,-134.671167,56.8855,-134.668833,641.9088,,,,,,,,,,Retained,,592
2024,611,1,710,37833,ILONA B,8/10/2024 14:08,3,15,710,345631,NSEI,56.901333,-134.671167,56.8855,-134.668833,641.9088,,,,,,,,,,Retained,,593
2024,611,1,710,37833,ILONA B,8/10/2024 14:08,3,15,710,345631,NSEI,56.901333,-134.671167,56.8855,-134.668833,641.9088,,,,,,,,,,Retained,,594
2024,611,1,710,37833,ILONA B,8/10/2024 14:08,3,15,710,345631,NSEI,56.901333,-134.671167,56.8855,-134.668833,641.9088,,,,,,,,,,Retained,,595
2024,611,1,710,37833,ILONA B,8/10/2024 14:08,3,15,710,345631,NSEI,56.901333,-134.671167,56.8855,-134.668833,641.9088,,,,,,,,,,Retained,,596
2024,611,1,710,37833,ILONA B,8/10/2024 14:08,3,15,710,345631,NSEI,56.901333,-134.671167,56.8855,-134.668833,641.9088,,,,,,,,,,Retained,,597
2024,611,1,710,37833,ILONA B,8/10/2024 14:08,3,15,710,345631,NSEI,56.901333,-134.671167,56.8855,-134.668833,641.9088,,,,,,,,,,Retained,,598
2024,611,1,710,37833,ILONA B,8/10/2024 14:08,3,15,710,345631,NSEI,56.901333,-134.671167,56.8855,-134.668833,641.9088,,,,,,,,,,Retained,,599
2024,611,1,710,37833,ILONA B,8/10/2024 14:08,3,15,710,345631,NSEI,56.901333,-134.671167,56.8855,-134.668833,641.9088,,,,,,,,,,Retained,,600
2024,611,1,710,37833,ILONA B,8/10/2024 14:08,3,15,710,345631,NSEI,56.901333,-134.671167,56.8855,-134.668833,641.9088,,,,,,,,,,Retained,,601
2024,611,1,710,37833,ILONA B,8/10/2024 14:08,3,15,710,345631,NSEI,56.901333,-134.671167,56.8855,-134.668833,641.9088,,,,,,,,,,Retained,,602
2024,611,1,710,37833,ILONA B,8/10/2024 14:08,3,15,710,345631,NSEI,56.901333,-134.671167,56.8855,-134.668833,641.9088,,,,,,,,,,Retained,,603
2024,611,1,710,37833,ILONA B,8/10/2024 14:08,3,15,710,345631,NSEI,56.901333,-134.671167,56.8855,-134.668833,641.9088,,,,,,,,,,Retained,,604
2024,611,1,710,37833,ILONA B,8/10/2024 14:08,3,15,710,345631,NSEI,56.901333,-134.671167,56.8855,-134.668833,641.9088,,,,,,,,,,Retained,,605
2024,611,1,710,37833,ILONA B,8/10/2024 14:08,3,15,710,345631,NSEI,56.901333,-134.671167,56.8855,-134.668833,641.9088,,,,,,,,,,Retained,,606
2024,611,1,710,37833,ILONA B,8/10/2024 14:08,3,15,710,345631,NSEI,56.901333,-134.671167,56.8855,-134.668833,641.9088,,,,,,,,,,Retained,,607
2024,611,1,710,37833,ILONA B,8/10/2024 14:08,3,15,710,345631,NSEI,56.901333,-134.671167,56.8855,-134.668833,641.9088,,,,,,,,,,Retained,,608
2024,611,1,710,37833,ILONA B,8/10/2024 14:08,3,15,710,345631,NSEI,56.901333,-134.671167,56.8855,-134.668833,641.9088,,,,,,,,,,Retained,,609
2024,611,1,710,37833,ILONA B,8/10/2024 14:08,3,15,710,345631,NSEI,56.901333,-134.671167,56.8855,-134.668833,641.9088,,,,,,,,,,Retained,,610
2024,611,1,710,37833,ILONA B,8/10/2024 14:08,3,15,710,345631,NSEI,56.901333,-134.671167,56.8855,-134.668833,641.9088,,,,,,,,,,Retained,,611
2024,611,1,710,37833,ILONA B,8/10/2024 14:08,3,15,710,345631,NSEI,56.901333,-134.671167,56.8855,-134.668833,641.9088,,,,,,,,,,Retained,,612
2024,611,1,710,37833,ILONA B,8/10/2024 14:08,3,15,710,345631,NSEI,56.901333,-134.671167,56.8855,-134.668833,641.9088,,,,,,,,,,Retained,,613
2024,611,1,710,37833,ILONA B,8/10/2024 14:08,3,15,710,345631,NSEI,56.901333,-134.671167,56.8855,-134.668833,641.9088,,,,,,,,,,Retained,,614
2024,611,1,710,37833,ILONA B,8/10/2024 14:08,3,15,710,345631,NSEI,56.901333,-134.671167,56.8855,-134.668833,641.9088,,,,,,,,,,Retained,,615
2024,611,1,710,37833,ILONA B,8/10/2024 14:08,3,15,710,345631,NSEI,56.901333,-134.671167,56.8855,-134.668833,641.9088,,,,,,,,,,Retained,,616
2024,611,1,710,37833,ILONA B,8/10/2024 14:08,3,15,710,345631,NSEI,56.901333,-134.671167,56.8855,-134.668833,641.9088,,,,,,,,,,Retained,,617
2024,611,1,710,37833,ILONA B,8/10/2024 14:08,3,15,710,345631,NSEI,56.901333,-134.671167,56.8855,-134.668833,641.9088,,,,,,,,,,Retained,,618
2024,611,1,710,37833,ILONA B,8/10/2024 14:08,3,15,710,345631,NSEI,56.901333,-134.671167,56.8855,-134.668833,641.9088,,,,,,,,,,Retained,,619
2024,611,1,710,37833,ILONA B,8/10/2024 14:08,3,15,710,345631,NSEI,56.901333,-134.671167,56.8855,-134.668833,641.9088,,,,,,,,,,Retained,,620
2024,611,1,710,37833,ILONA B,8/10/2024 14:08,3,15,710,345631,NSEI,56.901333,-134.671167,56.8855,-134.668833,641.9088,,,,,,,,,,Retained,,621
2024,611,1,710,37833,ILONA B,8/10/2024 14:08,3,15,710,345631,NSEI,56.901333,-134.671167,56.8855,-134.668833,641.9088,,,,,,,,,,Retained,,622
2024,611,1,710,37833,ILONA B,8/10/2024 14:08,3,15,710,345631,NSEI,56.901333,-134.671167,56.8855,-134.668833,641.9088,,,,,,,,,,Retained,,623
2024,611,1,710,37833,ILONA B,8/10/2024 14:08,3,15,710,345631,NSEI,56.901333,-134.671167,56.8855,-134.668833,641.9088,,,,,,,,,,Retained,,624
2024,611,1,710,37833,ILONA B,8/10/2024 14:08,3,15,710,345631,NSEI,56.901333,-134.671167,56.8855,-134.668833,641.9088,,,,,,,,,,Retained,,625
2024,611,1,710,37833,ILONA B,8/10/2024 14:08,3,15,710,345631,NSEI,56.901333,-134.671167,56.8855,-134.668833,641.9088,,,,,,,,,,Retained,,626
2024,611,1,710,37833,ILONA B,8/10/2024 14:08,3,15,710,345631,NSEI,56.901333,-134.671167,56.8855,-134.668833,641.9088,,,,,,,,,,Retained,,627
2024,611,1,710,37833,ILONA B,8/10/2024 14:08,3,15,710,345631,NSEI,56.901333,-134.671167,56.8855,-134.668833,641.9088,,,,,,,,,,Retained,,628
2024,611,1,710,37833,ILONA B,8/10/2024 14:08,3,15,710,345631,NSEI,56.901333,-134.671167,56.8855,-134.668833,641.9088,,,,,,,,,,Retained,,629
2024,611,1,710,37833,ILONA B,8/10/2024 14:08,3,15,710,345631,NSEI,56.901333,-134.671167,56.8855,-134.668833,641.9088,,,,,,,,,,Retained,,630
2024,611,1,710,37833,ILONA B,8/10/2024 14:08,3,15,710,345631,NSEI,56.901333,-134.671167,56.8855,-134.668833,641.9088,,,,,,,,,,Retained,,631
2024,611,1,710,37833,ILONA B,8/10/2024 14:08,3,15,710,345631,NSEI,56.901333,-134.671167,56.8855,-134.668833,641.9088,,,,,,,,,,Retained,,632
2024,611,1,710,37833,ILONA B,8/10/2024 14:08,3,15,710,345631,NSEI,56.901333,-134.671167,56.8855,-134.668833,641.9088,,,,,,,,,,Retained,,633
2024,611,1,710,37833,ILONA B,8/10/2024 14:08,3,15,710,345631,NSEI,56.901333,-134.671167,56.8855,-134.668833,641.9088,,,,,,,,,,Retained,,634
2024,611,1,710,37833,ILONA B,8/10/2024 14:08,3,15,710,345631,NSEI,56.901333,-134.671167,56.8855,-134.668833,641.9088,,,,,,,,,,Retained,,635
2024,611,1,710,37833,ILONA B,8/10/2024 14:08,3,15,710,345631,NSEI,56.901333,-134.671167,56.8855,-134.668833,641.9088,,,,,,,,,,Retained,,636
2024,611,1,710,37833,ILONA B,8/10/2024 14:08,3,15,710,345631,NSEI,56.901333,-134.671167,56.8855,-134.668833,641.9088,,,,,,,,,,Retained,,637
2024,611,1,710,37833,ILONA B,8/10/2024 14:08,3,15,710,345631,NSEI,56.901333,-134.671167,56.8855,-134.668833,641.9088,,,,,,,,,,Retained,,638
2024,611,1,710,37833,ILONA B,8/10/2024 14:08,3,15,710,345631,NSEI,56.901333,-134.671167,56.8855,-134.668833,641.9088,,,,,,,,,,Retained,,639
2024,611,1,710,37833,ILONA B,8/10/2024 14:08,3,15,710,345631,NSEI,56.901333,-134.671167,56.8855,-134.668833,641.9088,,,,,,,,,,Retained,,640
2024,611,1,710,37833,ILONA B,8/10/2024 14:08,3,15,710,345631,NSEI,56.901333,-134.671167,56.8855,-134.668833,641.9088,,,,,,,,,,Retained,,641
2024,611,1,710,37833,ILONA B,8/10/2024 14:08,3,15,710,345631,NSEI,56.901333,-134.671167,56.8855,-134.668833,641.9088,,,,,,,,,,Retained,,642
2024,611,1,710,37833,ILONA B,8/10/2024 14:08,3,15,710,345631,NSEI,56.901333,-134.671167,56.8855,-134.668833,641.9088,,,,,,,,,,Retained,,643
2024,611,1,710,37833,ILONA B,8/10/2024 14:08,3,15,710,345631,NSEI,56.901333,-134.671167,56.8855,-134.668833,641.9088,,,,,,,,,,Retained,,644
2024,611,1,710,37833,ILONA B,8/10/2024 14:08,3,15,710,345631,NSEI,56.901333,-134.671167,56.8855,-134.668833,641.9088,,,,,,,,,,Retained,,645
2024,611,1,710,37833,ILONA B,8/10/2024 14:08,3,15,710,345631,NSEI,56.901333,-134.671167,56.8855,-134.668833,641.9088,,,,,,,,,,Retained,,646
2024,611,1,710,37833,ILONA B,8/10/2024 14:08,3,15,710,345631,NSEI,56.901333,-134.671167,56.8855,-134.668833,641.9088,,,,,,,,,,Retained,,647
2024,611,1,710,37833,ILONA B,8/10/2024 14:08,3,15,710,345631,NSEI,56.901333,-134.671167,56.8855,-134.668833,641.9088,,,,,,,,,,Retained,,648
2024,611,1,710,37833,ILONA B,8/10/2024 14:08,3,15,710,345631,NSEI,56.901333,-134.671167,56.8855,-134.668833,641.9088,,,,,,,,,,Retained,,649
2024,611,1,710,37833,ILONA B,8/10/2024 14:08,3,15,710,345631,NSEI,56.901333,-134.671167,56.8855,-134.668833,641.9088,,,,,,,,,,Retained,,650
2024,611,1,710,37833,ILONA B,8/10/2024 14:08,3,15,710,345631,NSEI,56.901333,-134.671167,56.8855,-134.668833,641.9088,,,,,,,,,,Retained,,651
2024,611,1,710,37833,ILONA B,8/10/2024 14:08,3,15,710,345631,NSEI,56.901333,-134.671167,56.8855,-134.668833,641.9088,,,,,,,,,,Retained,,652
2024,611,1,710,37833,ILONA B,8/10/2024 14:08,3,15,710,345631,NSEI,56.901333,-134.671167,56.8855,-134.668833,641.9088,,,,,,,,,,Retained,,653
2024,611,1,710,37833,ILONA B,8/10/2024 14:08,3,15,710,345631,NSEI,56.901333,-134.671167,56.8855,-134.668833,641.9088,,,,,,,,,,Retained,,654
2024,611,1,710,37833,ILONA B,8/10/2024 14:08,3,15,710,345631,NSEI,56.901333,-134.671167,56.8855,-134.668833,641.9088,,,,,,,,,,Retained,,655
2024,611,1,710,37833,ILONA B,8/10/2024 14:08,3,15,710,345631,NSEI,56.901333,-134.671167,56.8855,-134.668833,641.9088,,,,,,,,,,Retained,,656
2024,611,1,710,37833,ILONA B,8/10/2024 14:08,3,15,710,345631,NSEI,56.901333,-134.671167,56.8855,-134.668833,641.9088,,,,,,,,,,Retained,,657
2024,611,1,710,37833,ILONA B,8/10/2024 14:08,3,15,710,345631,NSEI,56.901333,-134.671167,56.8855,-134.668833,641.9088,,,,,,,,,,Retained,,658
2024,611,1,710,37833,ILONA B,8/10/2024 14:08,3,15,710,345631,NSEI,56.901333,-134.671167,56.8855,-134.668833,641.9088,,,,,,,,,,Retained,,659
2024,611,1,710,37833,ILONA B,8/10/2024 14:08,3,15,710,345631,NSEI,56.901333,-134.671167,56.8855,-134.668833,641.9088,,,,,,,,,,Retained,,660
2024,611,1,710,37833,ILONA B,8/10/2024 14:08,3,15,710,345631,NSEI,56.901333,-134.671167,56.8855,-134.668833,641.9088,,,,,,,,,,Retained,,661
2024,611,1,710,37833,ILONA B,8/10/2024 14:08,3,15,710,345631,NSEI,56.901333,-134.671167,56.8855,-134.668833,641.9088,,,,,,,,,,Retained,,662
2024,611,1,710,37833,ILONA B,8/10/2024 14:08,3,15,710,345631,NSEI,56.901333,-134.671167,56.8855,-134.668833,641.9088,,,,,,,,,,Retained,,663
2024,611,1,710,37833,ILONA B,8/10/2024 14:08,3,15,710,345631,NSEI,56.901333,-134.671167,56.8855,-134.668833,641.9088,,,,,,,,,,Retained,,664
2024,611,1,710,37833,ILONA B,8/10/2024 14:08,3,15,710,345631,NSEI,56.901333,-134.671167,56.8855,-134.668833,641.9088,,,,,,,,,,Retained,,665
2024,611,1,710,37833,ILONA B,8/10/2024 14:08,3,15,710,345631,NSEI,56.901333,-134.671167,56.8855,-134.668833,641.9088,,,,,,,,,,Retained,,666
2024,611,1,710,37833,ILONA B,8/10/2024 14:08,3,15,710,345631,NSEI,56.901333,-134.671167,56.8855,-134.668833,641.9088,,,,,,,,,,Retained,,667
2024,611,1,710,37833,ILONA B,8/10/2024 14:08,3,15,710,345631,NSEI,56.901333,-134.671167,56.8855,-134.668833,641.9088,,,,,,,,,,Retained,,668
2024,611,1,710,37833,ILONA B,8/10/2024 14:08,3,15,710,345631,NSEI,56.901333,-134.671167,56.8855,-134.668833,641.9088,,,,,,,,,,Retained,,669
2024,611,1,710,37833,ILONA B,8/10/2024 14:08,3,15,710,345631,NSEI,56.901333,-134.671167,56.8855,-134.668833,641.9088,,,,,,,,,,Retained,,670
2024,611,1,710,37833,ILONA B,8/10/2024 14:08,3,15,710,345631,NSEI,56.901333,-134.671167,56.8855,-134.668833,641.9088,,,,,,,,,,Retained,,671
2024,611,1,710,37833,ILONA B,8/10/2024 14:08,3,15,710,345631,NSEI,56.901333,-134.671167,56.8855,-134.668833,641.9088,,,,,,,,,,Retained,,672
2024,611,1,710,37833,ILONA B,8/10/2024 14:08,3,15,710,345631,NSEI,56.901333,-134.671167,56.8855,-134.668833,641.9088,,,,,,,,,,Retained,,673
2024,611,1,710,37833,ILONA B,8/10/2024 14:08,3,15,710,345631,NSEI,56.901333,-134.671167,56.8855,-134.668833,641.9088,,,,,,,,,,Retained,,674
2024,611,1,710,37833,ILONA B,8/10/2024 14:08,3,15,710,345631,NSEI,56.901333,-134.671167,56.8855,-134.668833,641.9088,,,,,,,,,,Retained,,675
2024,611,1,710,37833,ILONA B,8/10/2024 14:08,3,15,710,345631,NSEI,56.901333,-134.671167,56.8855,-134.668833,641.9088,,,,,,,,,,Retained,,676
2024,611,1,710,37833,ILONA B,8/10/2024 14:08,3,15,710,345631,NSEI,56.901333,-134.671167,56.8855,-134.668833,641.9088,,,,,,,,,,Retained,,677
2024,611,1,710,37833,ILONA B,8/10/2024 14:08,3,15,710,345631,NSEI,56.901333,-134.671167,56.8855,-134.668833,641.9088,,,,,,,,,,Retained,,678
2024,611,1,710,37833,ILONA B,8/10/2024 14:08,3,15,710,345631,NSEI,56.901333,-134.671167,56.8855,-134.668833,641.9088,,,,,,,,,,Retained,,679
2024,611,1,710,37833,ILONA B,8/10/2024 14:08,3,15,710,345631,NSEI,56.901333,-134.671167,56.8855,-134.668833,641.9088,,,,,,,,,,Retained,,680
2024,611,1,710,37833,ILONA B,8/10/2024 14:08,3,15,710,345631,NSEI,56.901333,-134.671167,56.8855,-134.668833,641.9088,,,,,,,,,,Retained,,681
2024,611,1,710,37833,ILONA B,8/10/2024 14:08,3,15,710,345631,NSEI,56.901333,-134.671167,56.8855,-134.668833,641.9088,,,,,,,,,,Retained,,682
2024,611,1,710,37833,ILONA B,8/10/2024 14:08,3,15,710,345631,NSEI,56.901333,-134.671167,56.8855,-134.668833,641.9088,,,,,,,,,,Retained,,683
2024,611,1,710,37833,ILONA B,8/10/2024 14:08,3,15,710,345631,NSEI,56.901333,-134.671167,56.8855,-134.668833,641.9088,,,,,,,,,,Retained,,684
2024,611,1,710,37833,ILONA B,8/10/2024 14:08,3,15,710,345631,NSEI,56.901333,-134.671167,56.8855,-134.668833,641.9088,,,,,,,,,,Retained,,685
2024,611,1,710,37833,ILONA B,8/10/2024 14:08,3,15,710,345631,NSEI,56.901333,-134.671167,56.8855,-134.668833,641.9088,,,,,,,,,,Retained,,686
2024,611,1,710,37833,ILONA B,8/10/2024 14:08,3,15,710,345631,NSEI,56.901333,-134.671167,56.8855,-134.668833,641.9088,,,,,,,,,,Retained,,687
2024,611,1,710,37833,ILONA B,8/10/2024 14:08,3,15,710,345631,NSEI,56.901333,-134.671167,56.8855,-134.668833,641.9088,,,,,,,,,,Retained,,688
2024,611,1,710,37833,ILONA B,8/10/2024 14:08,3,15,710,345631,NSEI,56.901333,-134.671167,56.8855,-134.668833,641.9088,,,,,,,,,,Retained,,689
2024,611,1,710,37833,ILONA B,8/10/2024 14:08,3,15,710,345631,NSEI,56.901333,-134.671167,56.8855,-134.668833,641.9088,,,,,,,,,,Retained,,690
2024,611,1,710,37833,ILONA B,8/10/2024 14:08,3,15,710,345631,NSEI,56.901333,-134.671167,56.8855,-134.668833,641.9088,,,,,,,,,,Retained,,691
2024,611,1,710,37833,ILONA B,8/10/2024 14:08,3,15,710,345631,NSEI,56.901333,-134.671167,56.8855,-134.668833,641.9088,,,,,,,,,,Retained,,692
2024,611,1,710,37833,ILONA B,8/10/2024 14:08,3,15,710,345631,NSEI,56.901333,-134.671167,56.8855,-134.668833,641.9088,,,,,,,,,,Retained,,693
2024,611,1,710,37833,ILONA B,8/10/2024 14:08,3,15,710,345631,NSEI,56.901333,-134.671167,56.8855,-134.668833,641.9088,,,,,,,,,,Retained,,694
2024,611,1,710,37833,ILONA B,8/10/2024 14:08,3,15,710,345631,NSEI,56.901333,-134.671167,56.8855,-134.668833,641.9088,,,,,,,,,,Retained,,695
2024,611,1,710,37833,ILONA B,8/10/2024 14:08,3,15,710,345631,NSEI,56.901333,-134.671167,56.8855,-134.668833,641.9088,,,,,,,,,,Retained,,696
2024,611,1,710,37833,ILONA B,8/10/2024 14:08,3,15,710,345631,NSEI,56.901333,-134.671167,56.8855,-134.668833,641.9088,,,,,,,,,,Retained,,697
2024,611,1,710,37833,ILONA B,8/10/2024 14:08,3,15,710,345631,NSEI,56.901333,-134.671167,56.8855,-134.668833,641.9088,,,,,,,,,,Retained,,698
2024,611,1,710,37833,ILONA B,8/10/2024 14:08,3,15,710,345631,NSEI,56.901333,-134.671167,56.8855,-134.668833,641.9088,,,,,,,,,,Retained,,699
2024,611,1,710,37833,ILONA B,8/10/2024 14:08,3,15,710,345631,NSEI,56.901333,-134.671167,56.8855,-134.668833,641.9088,,,,,,,,,,Retained,,700
2024,611,1,710,37833,ILONA B,8/10/2024 14:08,3,15,710,345631,NSEI,56.901333,-134.671167,56.8855,-134.668833,641.9088,,,,,,,,,,Retained,,701
2024,611,1,710,37833,ILONA B,8/10/2024 14:08,3,15,710,345631,NSEI,56.901333,-134.671167,56.8855,-134.668833,641.9088,,,,,,,,,,Retained,,702
2024,611,1,710,37833,ILONA B,8/10/2024 14:08,3,15,710,345631,NSEI,56.901333,-134.671167,56.8855,-134.668833,641.9088,,,,,,,,,,Retained,,703
2024,611,1,710,37833,ILONA B,8/10/2024 14:08,3,15,710,345631,NSEI,56.901333,-134.671167,56.8855,-134.668833,641.9088,,,,,,,,,,Retained,,704
2024,611,1,710,37833,ILONA B,8/10/2024 14:08,3,15,710,345631,NSEI,56.901333,-134.671167,56.8855,-134.668833,641.9088,,,,,,,,,,Retained,,705
2024,611,1,710,37833,ILONA B,8/10/2024 14:08,3,15,710,345631,NSEI,56.901333,-134.671167,56.8855,-134.668833,641.9088,,,,,,,,,,Retained,,706
2024,611,1,710,37833,ILONA B,8/10/2024 14:08,3,15,710,345631,NSEI,56.901333,-134.671167,56.8855,-134.668833,641.9088,,,,,,,,,,Retained,,707
2024,611,1,710,37833,ILONA B,8/10/2024 14:08,3,15,710,345631,NSEI,56.901333,-134.671167,56.8855,-134.668833,641.9088,,,,,,,,,,Retained,,708
2024,611,1,710,37833,ILONA B,8/10/2024 14:08,3,15,710,345631,NSEI,56.901333,-134.671167,56.8855,-134.668833,641.9088,,,,,,,,,,Retained,,709
2024,611,1,710,37833,ILONA B,8/10/2024 14:08,3,15,710,345631,NSEI,56.901333,-134.671167,56.8855,-134.668833,641.9088,,,,,,,,,,Retained,,710
2024,611,1,710,37833,ILONA B,8/10/2024 14:08,3,15,710,345631,NSEI,56.901333,-134.671167,56.8855,-134.668833,641.9088,,,,,,,,,,Retained,,711
2024,611,1,710,37833,ILONA B,8/10/2024 14:08,3,15,710,345631,NSEI,56.901333,-134.671167,56.8855,-134.668833,641.9088,,,,,,,,,,Retained,,712
2024,611,1,710,37833,ILONA B,8/10/2024 14:08,3,15,710,345631,NSEI,56.901333,-134.671167,56.8855,-134.668833,641.9088,,,,,,,,,,Retained,,713
2024,611,1,710,37833,ILONA B,8/10/2024 14:08,3,15,710,345631,NSEI,56.901333,-134.671167,56.8855,-134.668833,641.9088,,,,,,,,,,Retained,,714
2024,611,1,710,37833,ILONA B,8/10/2024 14:08,3,15,710,345631,NSEI,56.901333,-134.671167,56.8855,-134.668833,641.9088,,,,,,,,,,Retained,,715
2024,611,1,710,37833,ILONA B,8/10/2024 14:08,3,15,710,345631,NSEI,56.901333,-134.671167,56.8855,-134.668833,641.9088,,,,,,,,,,Retained,,716
2024,611,1,710,37833,ILONA B,8/10/2024 14:08,3,15,710,345631,NSEI,56.901333,-134.671167,56.8855,-134.668833,641.9088,,,,,,,,,,Retained,,717
2024,611,1,710,37833,ILONA B,8/10/2024 14:08,3,15,710,345631,NSEI,56.901333,-134.671167,56.8855,-134.668833,641.9088,,,,,,,,,,Retained,,718
2024,611,1,710,37833,ILONA B,8/10/2024 14:08,3,15,710,345631,NSEI,56.901333,-134.671167,56.8855,-134.668833,641.9088,,,,,,,,,,Retained,,719
2024,611,1,710,37833,ILONA B,8/10/2024 14:08,3,15,710,345631,NSEI,56.901333,-134.671167,56.8855,-134.668833,641.9088,,,,,,,,,,Retained,,720
2024,611,1,710,37833,ILONA B,8/10/2024 14:08,3,15,710,345631,NSEI,56.901333,-134.671167,56.8855,-134.668833,641.9088,,,,,,,,,,Retained,,721
2024,611,1,710,37833,ILONA B,8/10/2024 14:08,3,15,710,345631,NSEI,56.901333,-134.671167,56.8855,-134.668833,641.9088,,,,,,,,,,Retained,,722
2024,611,1,710,37833,ILONA B,8/10/2024 14:08,3,15,710,345631,NSEI,56.901333,-134.671167,56.8855,-134.668833,641.9088,,,,,,,,,,Retained,,723
2024,611,1,710,37833,ILONA B,8/10/2024 14:08,3,15,710,345631,NSEI,56.901333,-134.671167,56.8855,-134.668833,641.9088,,,,,,,,,,Retained,,724
2024,611,1,710,37833,ILONA B,8/10/2024 14:08,3,15,710,345631,NSEI,56.901333,-134.671167,56.8855,-134.668833,641.9088,,,,,,,,,,Retained,,725
2024,611,1,710,37833,ILONA B,8/10/2024 14:08,3,15,710,345631,NSEI,56.901333,-134.671167,56.8855,-134.668833,641.9088,,,,,,,,,,Retained,,726
2024,611,1,710,37833,ILONA B,8/10/2024 14:08,3,15,710,345631,NSEI,56.901333,-134.671167,56.8855,-134.668833,641.9088,,,,,,,,,,Retained,,727
2024,611,1,710,37833,ILONA B,8/10/2024 14:08,3,15,710,345631,NSEI,56.901333,-134.671167,56.8855,-134.668833,641.9088,,,,,,,,,,Retained,,728
2024,611,1,710,37833,ILONA B,8/10/2024 14:08,3,15,710,345631,NSEI,56.901333,-134.671167,56.8855,-134.668833,641.9088,,,,,,,,,,Retained,,729
2024,611,1,710,37833,ILONA B,8/10/2024 14:08,3,15,710,345631,NSEI,56.901333,-134.671167,56.8855,-134.668833,641.9088,,,,,,,,,,Retained,,730
2024,611,1,710,37833,ILONA B,8/10/2024 14:08,3,15,710,345631,NSEI,56.901333,-134.671167,56.8855,-134.668833,641.9088,,,,,,,,,,Retained,,731
2024,611,1,710,37833,ILONA B,8/10/2024 14:08,3,15,710,345631,NSEI,56.901333,-134.671167,56.8855,-134.668833,641.9088,,,,,,,,,,Retained,,732
2024,611,1,710,37833,ILONA B,8/10/2024 14:08,3,15,710,345631,NSEI,56.901333,-134.671167,56.8855,-134.668833,641.9088,,,,,,,,,,Retained,,733
2024,611,1,710,37833,ILONA B,8/10/2024 14:08,3,15,710,345631,NSEI,56.901333,-134.671167,56.8855,-134.668833,641.9088,,,,,,,,,,Retained,,734
2024,611,1,710,37833,ILONA B,8/10/2024 14:08,3,15,710,345631,NSEI,56.901333,-134.671167,56.8855,-134.668833,641.9088,,,,,,,,,,Retained,,735
2024,611,1,710,37833,ILONA B,8/10/2024 14:08,3,15,710,345631,NSEI,56.901333,-134.671167,56.8855,-134.668833,641.9088,,,,,,,,,,Retained,,736
2024,611,1,710,37833,ILONA B,8/10/2024 17:44,4,16,710,345631,NSEI,56.9065,-134.614833,56.8905,-134.614667,652.8816,48,,,,,,,,,Retained,,108
2024,611,1,710,37833,ILONA B,8/10/2024 17:44,4,16,710,345631,NSEI,56.9065,-134.614833,56.8905,-134.614667,652.8816,49,,,,,,,,,Retained,,29
2024,611,1,710,37833,ILONA B,8/10/2024 17:44,4,16,710,345631,NSEI,56.9065,-134.614833,56.8905,-134.614667,652.8816,49,,,,,,,,,Retained,,48
2024,611,1,710,37833,ILONA B,8/10/2024 17:44,4,16,710,345631,NSEI,56.9065,-134.614833,56.8905,-134.614667,652.8816,50,,,,,,,,,Retained,,99
2024,611,1,710,37833,ILONA B,8/10/2024 17:44,4,16,710,345631,NSEI,56.9065,-134.614833,56.8905,-134.614667,652.8816,51,,,,,,,,,Retained,,52
2024,611,1,710,37833,ILONA B,8/10/2024 17:44,4,16,710,345631,NSEI,56.9065,-134.614833,56.8905,-134.614667,652.8816,52,,,,,,,,,Retained,,83
2024,611,1,710,37833,ILONA B,8/10/2024 17:44,4,16,710,345631,NSEI,56.9065,-134.614833,56.8905,-134.614667,652.8816,53,,,,,,,,,Retained,,8
2024,611,1,710,37833,ILONA B,8/10/2024 17:44,4,16,710,345631,NSEI,56.9065,-134.614833,56.8905,-134.614667,652.8816,53,,,,,,,,,Retained,,37
2024,611,1,710,37833,ILONA B,8/10/2024 17:44,4,16,710,345631,NSEI,56.9065,-134.614833,56.8905,-134.614667,652.8816,53,,,,,,,,,Retained,,85
2024,611,1,710,37833,ILONA B,8/10/2024 17:44,4,16,710,345631,NSEI,56.9065,-134.614833,56.8905,-134.614667,652.8816,53,,,,,,,,,Retained,,97
2024,611,1,710,37833,ILONA B,8/10/2024 17:44,4,16,710,345631,NSEI,56.9065,-134.614833,56.8905,-134.614667,652.8816,53,,,,,,,,,Retained,,107
2024,611,1,710,37833,ILONA B,8/10/2024 17:44,4,16,710,345631,NSEI,56.9065,-134.614833,56.8905,-134.614667,652.8816,53,,,,,,,,,Retained,,113
2024,611,1,710,37833,ILONA B,8/10/2024 17:44,4,16,710,345631,NSEI,56.9065,-134.614833,56.8905,-134.614667,652.8816,53,,,,,,,,,Retained,,127
2024,611,1,710,37833,ILONA B,8/10/2024 17:44,4,16,710,345631,NSEI,56.9065,-134.614833,56.8905,-134.614667,652.8816,53,,,,,,,,,Retained,,129
2024,611,1,710,37833,ILONA B,8/10/2024 17:44,4,16,710,345631,NSEI,56.9065,-134.614833,56.8905,-134.614667,652.8816,54,1.7,6,,3,2,1,,,Retained,,41
2024,611,1,710,37833,ILONA B,8/10/2024 17:44,4,16,710,345631,NSEI,56.9065,-134.614833,56.8905,-134.614667,652.8816,54,,,,,,,,,Retained,,32
2024,611,1,710,37833,ILONA B,8/10/2024 17:44,4,16,710,345631,NSEI,56.9065,-134.614833,56.8905,-134.614667,652.8816,54,,,,,,,,,Retained,,33
2024,611,1,710,37833,ILONA B,8/10/2024 17:44,4,16,710,345631,NSEI,56.9065,-134.614833,56.8905,-134.614667,652.8816,54,,,,,,,,,Retained,,45
2024,611,1,710,37833,ILONA B,8/10/2024 17:44,4,16,710,345631,NSEI,56.9065,-134.614833,56.8905,-134.614667,652.8816,54,,,,,,,,,Retained,,65
2024,611,1,710,37833,ILONA B,8/10/2024 17:44,4,16,710,345631,NSEI,56.9065,-134.614833,56.8905,-134.614667,652.8816,54,,,,,,,,,Retained,,69
2024,611,1,710,37833,ILONA B,8/10/2024 17:44,4,16,710,345631,NSEI,56.9065,-134.614833,56.8905,-134.614667,652.8816,54,,,,,,,,,Retained,,80
2024,611,1,710,37833,ILONA B,8/10/2024 17:44,4,16,710,345631,NSEI,56.9065,-134.614833,56.8905,-134.614667,652.8816,54,,,,,,,,,Retained,,84
2024,611,1,710,37833,ILONA B,8/10/2024 17:44,4,16,710,345631,NSEI,56.9065,-134.614833,56.8905,-134.614667,652.8816,54,,,,,,,,,Retained,,142
2024,611,1,710,37833,ILONA B,8/10/2024 17:44,4,16,710,345631,NSEI,56.9065,-134.614833,56.8905,-134.614667,652.8816,55,1.5,4,,2,2,1,,,Retained,,126
2024,611,1,710,37833,ILONA B,8/10/2024 17:44,4,16,710,345631,NSEI,56.9065,-134.614833,56.8905,-134.614667,652.8816,55,1.9,6,,3,2,1,,,Retained,,66
2024,611,1,710,37833,ILONA B,8/10/2024 17:44,4,16,710,345631,NSEI,56.9065,-134.614833,56.8905,-134.614667,652.8816,55,,,,,,,,,Retained,,3
2024,611,1,710,37833,ILONA B,8/10/2024 17:44,4,16,710,345631,NSEI,56.9065,-134.614833,56.8905,-134.614667,652.8816,55,,,,,,,,,Retained,,5
2024,611,1,710,37833,ILONA B,8/10/2024 17:44,4,16,710,345631,NSEI,56.9065,-134.614833,56.8905,-134.614667,652.8816,55,,,,,,,,,Retained,,10
2024,611,1,710,37833,ILONA B,8/10/2024 17:44,4,16,710,345631,NSEI,56.9065,-134.614833,56.8905,-134.614667,652.8816,55,,,,,,,,,Retained,,28
2024,611,1,710,37833,ILONA B,8/10/2024 17:44,4,16,710,345631,NSEI,56.9065,-134.614833,56.8905,-134.614667,652.8816,55,,,,,,,,,Retained,,44
2024,611,1,710,37833,ILONA B,8/10/2024 17:44,4,16,710,345631,NSEI,56.9065,-134.614833,56.8905,-134.614667,652.8816,55,,,,,,,,,Retained,,54
2024,611,1,710,37833,ILONA B,8/10/2024 17:44,4,16,710,345631,NSEI,56.9065,-134.614833,56.8905,-134.614667,652.8816,56,1.9,6,,2,1,1,,,Retained,,1
2024,611,1,710,37833,ILONA B,8/10/2024 17:44,4,16,710,345631,NSEI,56.9065,-134.614833,56.8905,-134.614667,652.8816,56,,,,,,,,,Retained,,4
2024,611,1,710,37833,ILONA B,8/10/2024 17:44,4,16,710,345631,NSEI,56.9065,-134.614833,56.8905,-134.614667,652.8816,56,,,,,,,,,Retained,,20
2024,611,1,710,37833,ILONA B,8/10/2024 17:44,4,16,710,345631,NSEI,56.9065,-134.614833,56.8905,-134.614667,652.8816,56,,,,,,,,,Retained,,23
2024,611,1,710,37833,ILONA B,8/10/2024 17:44,4,16,710,345631,NSEI,56.9065,-134.614833,56.8905,-134.614667,652.8816,56,,,,,,,,,Retained,,50
2024,611,1,710,37833,ILONA B,8/10/2024 17:44,4,16,710,345631,NSEI,56.9065,-134.614833,56.8905,-134.614667,652.8816,56,,,,,,,,,Retained,,57
2024,611,1,710,37833,ILONA B,8/10/2024 17:44,4,16,710,345631,NSEI,56.9065,-134.614833,56.8905,-134.614667,652.8816,56,,,,,,,,,Retained,,64
2024,611,1,710,37833,ILONA B,8/10/2024 17:44,4,16,710,345631,NSEI,56.9065,-134.614833,56.8905,-134.614667,652.8816,56,,,,,,,,,Retained,,68
2024,611,1,710,37833,ILONA B,8/10/2024 17:44,4,16,710,345631,NSEI,56.9065,-134.614833,56.8905,-134.614667,652.8816,56,,,,,,,,,Retained,,105
2024,611,1,710,37833,ILONA B,8/10/2024 17:44,4,16,710,345631,NSEI,56.9065,-134.614833,56.8905,-134.614667,652.8816,56,,,,,,,,,Retained,,114
2024,611,1,710,37833,ILONA B,8/10/2024 17:44,4,16,710,345631,NSEI,56.9065,-134.614833,56.8905,-134.614667,652.8816,56,,,,,,,,,Retained,,138
2024,611,1,710,37833,ILONA B,8/10/2024 17:44,4,16,710,345631,NSEI,56.9065,-134.614833,56.8905,-134.614667,652.8816,56,,,,,,,,,Retained,,139
2024,611,1,710,37833,ILONA B,8/10/2024 17:44,4,16,710,345631,NSEI,56.9065,-134.614833,56.8905,-134.614667,652.8816,56,,,,,,,,,Retained,,144
2024,611,1,710,37833,ILONA B,8/10/2024 17:44,4,16,710,345631,NSEI,56.9065,-134.614833,56.8905,-134.614667,652.8816,57,1.9,8,,3,2,7,,,Retained,,101
2024,611,1,710,37833,ILONA B,8/10/2024 17:44,4,16,710,345631,NSEI,56.9065,-134.614833,56.8905,-134.614667,652.8816,57,2,9,,2,1,7,,,Retained,,141
2024,611,1,710,37833,ILONA B,8/10/2024 17:44,4,16,710,345631,NSEI,56.9065,-134.614833,56.8905,-134.614667,652.8816,57,,,,,,,,,Retained,,17
2024,611,1,710,37833,ILONA B,8/10/2024 17:44,4,16,710,345631,NSEI,56.9065,-134.614833,56.8905,-134.614667,652.8816,57,,,,,,,,,Retained,,18
2024,611,1,710,37833,ILONA B,8/10/2024 17:44,4,16,710,345631,NSEI,56.9065,-134.614833,56.8905,-134.614667,652.8816,57,,,,,,,,,Retained,,22
2024,611,1,710,37833,ILONA B,8/10/2024 17:44,4,16,710,345631,NSEI,56.9065,-134.614833,56.8905,-134.614667,652.8816,57,,,,,,,,,Retained,,27
2024,611,1,710,37833,ILONA B,8/10/2024 17:44,4,16,710,345631,NSEI,56.9065,-134.614833,56.8905,-134.614667,652.8816,57,,,,,,,,,Retained,,74
2024,611,1,710,37833,ILONA B,8/10/2024 17:44,4,16,710,345631,NSEI,56.9065,-134.614833,56.8905,-134.614667,652.8816,57,,,,,,,,,Retained,,78
2024,611,1,710,37833,ILONA B,8/10/2024 17:44,4,16,710,345631,NSEI,56.9065,-134.614833,56.8905,-134.614667,652.8816,57,,,,,,,,,Retained,,110
2024,611,1,710,37833,ILONA B,8/10/2024 17:44,4,16,710,345631,NSEI,56.9065,-134.614833,56.8905,-134.614667,652.8816,57,,,,,,,,,Retained,,115
2024,611,1,710,37833,ILONA B,8/10/2024 17:44,4,16,710,345631,NSEI,56.9065,-134.614833,56.8905,-134.614667,652.8816,57,,,,,,,,,Retained,,128
2024,611,1,710,37833,ILONA B,8/10/2024 17:44,4,16,710,345631,NSEI,56.9065,-134.614833,56.8905,-134.614667,652.8816,57,,,,,,,,,Retained,,134
2024,611,1,710,37833,ILONA B,8/10/2024 17:44,4,16,710,345631,NSEI,56.9065,-134.614833,56.8905,-134.614667,652.8816,57,,,,,,,,,Retained,,137
2024,611,1,710,37833,ILONA B,8/10/2024 17:44,4,16,710,345631,NSEI,56.9065,-134.614833,56.8905,-134.614667,652.8816,58,1.9,6,,2,1,7,,,Retained,,116
2024,611,1,710,37833,ILONA B,8/10/2024 17:44,4,16,710,345631,NSEI,56.9065,-134.614833,56.8905,-134.614667,652.8816,58,2.1,5,,3,2,1,,,Retained,,106
2024,611,1,710,37833,ILONA B,8/10/2024 17:44,4,16,710,345631,NSEI,56.9065,-134.614833,56.8905,-134.614667,652.8816,58,,,,,,,,,Retained,,2
2024,611,1,710,37833,ILONA B,8/10/2024 17:44,4,16,710,345631,NSEI,56.9065,-134.614833,56.8905,-134.614667,652.8816,58,,,,,,,,,Retained,,13
2024,611,1,710,37833,ILONA B,8/10/2024 17:44,4,16,710,345631,NSEI,56.9065,-134.614833,56.8905,-134.614667,652.8816,58,,,,,,,,,Retained,,25
2024,611,1,710,37833,ILONA B,8/10/2024 17:44,4,16,710,345631,NSEI,56.9065,-134.614833,56.8905,-134.614667,652.8816,58,,,,,,,,,Retained,,42
2024,611,1,710,37833,ILONA B,8/10/2024 17:44,4,16,710,345631,NSEI,56.9065,-134.614833,56.8905,-134.614667,652.8816,58,,,,,,,,,Retained,,59
2024,611,1,710,37833,ILONA B,8/10/2024 17:44,4,16,710,345631,NSEI,56.9065,-134.614833,56.8905,-134.614667,652.8816,58,,,,,,,,,Retained,,87
2024,611,1,710,37833,ILONA B,8/10/2024 17:44,4,16,710,345631,NSEI,56.9065,-134.614833,56.8905,-134.614667,652.8816,58,,,,,,,,,Retained,,88
2024,611,1,710,37833,ILONA B,8/10/2024 17:44,4,16,710,345631,NSEI,56.9065,-134.614833,56.8905,-134.614667,652.8816,58,,,,,,,,,Retained,,94
2024,611,1,710,37833,ILONA B,8/10/2024 17:44,4,16,710,345631,NSEI,56.9065,-134.614833,56.8905,-134.614667,652.8816,58,,,,,,,,,Retained,,100
2024,611,1,710,37833,ILONA B,8/10/2024 17:44,4,16,710,345631,NSEI,56.9065,-134.614833,56.8905,-134.614667,652.8816,58,,,,,,,,,Retained,,150
2024,611,1,710,37833,ILONA B,8/10/2024 17:44,4,16,710,345631,NSEI,56.9065,-134.614833,56.8905,-134.614667,652.8816,59,1.9,6,,3,1,1,,,Retained,,6
2024,611,1,710,37833,ILONA B,8/10/2024 17:44,4,16,710,345631,NSEI,56.9065,-134.614833,56.8905,-134.614667,652.8816,59,2.2,5,,3,2,1,,,Retained,,81
2024,611,1,710,37833,ILONA B,8/10/2024 17:44,4,16,710,345631,NSEI,56.9065,-134.614833,56.8905,-134.614667,652.8816,59,2.2,6,,3,1,7,,,Retained,,26
2024,611,1,710,37833,ILONA B,8/10/2024 17:44,4,16,710,345631,NSEI,56.9065,-134.614833,56.8905,-134.614667,652.8816,59,,,,,,,,,Retained,,12
2024,611,1,710,37833,ILONA B,8/10/2024 17:44,4,16,710,345631,NSEI,56.9065,-134.614833,56.8905,-134.614667,652.8816,59,,,,,,,,,Retained,,49
2024,611,1,710,37833,ILONA B,8/10/2024 17:44,4,16,710,345631,NSEI,56.9065,-134.614833,56.8905,-134.614667,652.8816,59,,,,,,,,,Retained,,92
2024,611,1,710,37833,ILONA B,8/10/2024 17:44,4,16,710,345631,NSEI,56.9065,-134.614833,56.8905,-134.614667,652.8816,59,,,,,,,,,Retained,,98
2024,611,1,710,37833,ILONA B,8/10/2024 17:44,4,16,710,345631,NSEI,56.9065,-134.614833,56.8905,-134.614667,652.8816,59,,,,,,,,,Retained,,102
2024,611,1,710,37833,ILONA B,8/10/2024 17:44,4,16,710,345631,NSEI,56.9065,-134.614833,56.8905,-134.614667,652.8816,59,,,,,,,,,Retained,,112
2024,611,1,710,37833,ILONA B,8/10/2024 17:44,4,16,710,345631,NSEI,56.9065,-134.614833,56.8905,-134.614667,652.8816,59,,,,,,,,,Retained,,117
2024,611,1,710,37833,ILONA B,8/10/2024 17:44,4,16,710,345631,NSEI,56.9065,-134.614833,56.8905,-134.614667,652.8816,59,,,,,,,,,Retained,,120
2024,611,1,710,37833,ILONA B,8/10/2024 17:44,4,16,710,345631,NSEI,56.9065,-134.614833,56.8905,-134.614667,652.8816,59,,,,,,,,,Retained,,140
2024,611,1,710,37833,ILONA B,8/10/2024 17:44,4,16,710,345631,NSEI,56.9065,-134.614833,56.8905,-134.614667,652.8816,59,,,,,,,,,Retained,,148
2024,611,1,710,37833,ILONA B,8/10/2024 17:44,4,16,710,345631,NSEI,56.9065,-134.614833,56.8905,-134.614667,652.8816,60,2.2,8,,2,1,7,,,Retained,,36
2024,611,1,710,37833,ILONA B,8/10/2024 17:44,4,16,710,345631,NSEI,56.9065,-134.614833,56.8905,-134.614667,652.8816,60,2.5,7,,2,2,1,,,Retained,,56
2024,611,1,710,37833,ILONA B,8/10/2024 17:44,4,16,710,345631,NSEI,56.9065,-134.614833,56.8905,-134.614667,652.8816,60,,,,,,,,,Retained,,7
2024,611,1,710,37833,ILONA B,8/10/2024 17:44,4,16,710,345631,NSEI,56.9065,-134.614833,56.8905,-134.614667,652.8816,60,,,,,,,,,Retained,,24
2024,611,1,710,37833,ILONA B,8/10/2024 17:44,4,16,710,345631,NSEI,56.9065,-134.614833,56.8905,-134.614667,652.8816,60,,,,,,,,,Retained,,60
2024,611,1,710,37833,ILONA B,8/10/2024 17:44,4,16,710,345631,NSEI,56.9065,-134.614833,56.8905,-134.614667,652.8816,60,,,,,,,,,Retained,,89
2024,611,1,710,37833,ILONA B,8/10/2024 17:44,4,16,710,345631,NSEI,56.9065,-134.614833,56.8905,-134.614667,652.8816,60,,,,,,,,,Retained,,133
2024,611,1,710,37833,ILONA B,8/10/2024 17:44,4,16,710,345631,NSEI,56.9065,-134.614833,56.8905,-134.614667,652.8816,60,,,,,,,,,Retained,,147
2024,611,1,710,37833,ILONA B,8/10/2024 17:44,4,16,710,345631,NSEI,56.9065,-134.614833,56.8905,-134.614667,652.8816,61,2.3,5,,3,2,1,,,Retained,,146
2024,611,1,710,37833,ILONA B,8/10/2024 17:44,4,16,710,345631,NSEI,56.9065,-134.614833,56.8905,-134.614667,652.8816,61,2.5,7,,2,2,7,,,Retained,,71
2024,611,1,710,37833,ILONA B,8/10/2024 17:44,4,16,710,345631,NSEI,56.9065,-134.614833,56.8905,-134.614667,652.8816,61,,,,,,,,,Retained,,34
2024,611,1,710,37833,ILONA B,8/10/2024 17:44,4,16,710,345631,NSEI,56.9065,-134.614833,56.8905,-134.614667,652.8816,61,,,,,,,,,Retained,,40
2024,611,1,710,37833,ILONA B,8/10/2024 17:44,4,16,710,345631,NSEI,56.9065,-134.614833,56.8905,-134.614667,652.8816,61,,,,,,,,,Retained,,62
2024,611,1,710,37833,ILONA B,8/10/2024 17:44,4,16,710,345631,NSEI,56.9065,-134.614833,56.8905,-134.614667,652.8816,61,,,,,,,,,Retained,,70
2024,611,1,710,37833,ILONA B,8/10/2024 17:44,4,16,710,345631,NSEI,56.9065,-134.614833,56.8905,-134.614667,652.8816,61,,,,,,,,,Retained,,73
2024,611,1,710,37833,ILONA B,8/10/2024 17:44,4,16,710,345631,NSEI,56.9065,-134.614833,56.8905,-134.614667,652.8816,61,,,,,,,,,Retained,,75
2024,611,1,710,37833,ILONA B,8/10/2024 17:44,4,16,710,345631,NSEI,56.9065,-134.614833,56.8905,-134.614667,652.8816,61,,,,,,,,,Retained,,130
2024,611,1,710,37833,ILONA B,8/10/2024 17:44,4,16,710,345631,NSEI,56.9065,-134.614833,56.8905,-134.614667,652.8816,62,,,,,,,,,Retained,,15
2024,611,1,710,37833,ILONA B,8/10/2024 17:44,4,16,710,345631,NSEI,56.9065,-134.614833,56.8905,-134.614667,652.8816,62,,,,,,,,,Retained,,53
2024,611,1,710,37833,ILONA B,8/10/2024 17:44,4,16,710,345631,NSEI,56.9065,-134.614833,56.8905,-134.614667,652.8816,62,,,,,,,,,Retained,,55
2024,611,1,710,37833,ILONA B,8/10/2024 17:44,4,16,710,345631,NSEI,56.9065,-134.614833,56.8905,-134.614667,652.8816,62,,,,,,,,,Retained,,63
2024,611,1,710,37833,ILONA B,8/10/2024 17:44,4,16,710,345631,NSEI,56.9065,-134.614833,56.8905,-134.614667,652.8816,62,,,,,,,,,Retained,,95
2024,611,1,710,37833,ILONA B,8/10/2024 17:44,4,16,710,345631,NSEI,56.9065,-134.614833,56.8905,-134.614667,652.8816,62,,,,,,,,,Retained,,103
2024,611,1,710,37833,ILONA B,8/10/2024 17:44,4,16,710,345631,NSEI,56.9065,-134.614833,56.8905,-134.614667,652.8816,62,,,,,,,,,Retained,,122
2024,611,1,710,37833,ILONA B,8/10/2024 17:44,4,16,710,345631,NSEI,56.9065,-134.614833,56.8905,-134.614667,652.8816,62,,,,,,,,,Retained,,125
2024,611,1,710,37833,ILONA B,8/10/2024 17:44,4,16,710,345631,NSEI,56.9065,-134.614833,56.8905,-134.614667,652.8816,63,2.5,10,,3,1,7,,,Retained,,76
2024,611,1,710,37833,ILONA B,8/10/2024 17:44,4,16,710,345631,NSEI,56.9065,-134.614833,56.8905,-134.614667,652.8816,63,2.5,11,,3,2,7,,,Retained,,46
2024,611,1,710,37833,ILONA B,8/10/2024 17:44,4,16,710,345631,NSEI,56.9065,-134.614833,56.8905,-134.614667,652.8816,63,2.6,7,,2,2,1,,,Retained,,16
2024,611,1,710,37833,ILONA B,8/10/2024 17:44,4,16,710,345631,NSEI,56.9065,-134.614833,56.8905,-134.614667,652.8816,63,2.6,11,,2,1,7,,,Retained,,96
2024,611,1,710,37833,ILONA B,8/10/2024 17:44,4,16,710,345631,NSEI,56.9065,-134.614833,56.8905,-134.614667,652.8816,63,2.7,8,,2,2,7,,,Retained,,86
2024,611,1,710,37833,ILONA B,8/10/2024 17:44,4,16,710,345631,NSEI,56.9065,-134.614833,56.8905,-134.614667,652.8816,63,,,,,,,,,Retained,,19
2024,611,1,710,37833,ILONA B,8/10/2024 17:44,4,16,710,345631,NSEI,56.9065,-134.614833,56.8905,-134.614667,652.8816,63,,,,,,,,,Retained,,30
2024,611,1,710,37833,ILONA B,8/10/2024 17:44,4,16,710,345631,NSEI,56.9065,-134.614833,56.8905,-134.614667,652.8816,63,,,,,,,,,Retained,,38
2024,611,1,710,37833,ILONA B,8/10/2024 17:44,4,16,710,345631,NSEI,56.9065,-134.614833,56.8905,-134.614667,652.8816,63,,,,,,,,,Retained,,82
2024,611,1,710,37833,ILONA B,8/10/2024 17:44,4,16,710,345631,NSEI,56.9065,-134.614833,56.8905,-134.614667,652.8816,63,,,,,,,,,Retained,,93
2024,611,1,710,37833,ILONA B,8/10/2024 17:44,4,16,710,345631,NSEI,56.9065,-134.614833,56.8905,-134.614667,652.8816,63,,,,,,,,,Retained,,119
2024,611,1,710,37833,ILONA B,8/10/2024 17:44,4,16,710,345631,NSEI,56.9065,-134.614833,56.8905,-134.614667,652.8816,63,,,,,,,,,Retained,,124
2024,611,1,710,37833,ILONA B,8/10/2024 17:44,4,16,710,345631,NSEI,56.9065,-134.614833,56.8905,-134.614667,652.8816,63,,,,,,,,,Retained,,149
2024,611,1,710,37833,ILONA B,8/10/2024 17:44,4,16,710,345631,NSEI,56.9065,-134.614833,56.8905,-134.614667,652.8816,64,2.6,12,,2,2,7,,,Retained,,121
2024,611,1,710,37833,ILONA B,8/10/2024 17:44,4,16,710,345631,NSEI,56.9065,-134.614833,56.8905,-134.614667,652.8816,64,2.8,6,,2,2,7,,,Retained,,21
2024,611,1,710,37833,ILONA B,8/10/2024 17:44,4,16,710,345631,NSEI,56.9065,-134.614833,56.8905,-134.614667,652.8816,64,3,9,,2,2,7,,,Retained,,111
2024,611,1,710,37833,ILONA B,8/10/2024 17:44,4,16,710,345631,NSEI,56.9065,-134.614833,56.8905,-134.614667,652.8816,64,,,,,,,,,Retained,,9
2024,611,1,710,37833,ILONA B,8/10/2024 17:44,4,16,710,345631,NSEI,56.9065,-134.614833,56.8905,-134.614667,652.8816,64,,,,,,,,,Retained,,67
2024,611,1,710,37833,ILONA B,8/10/2024 17:44,4,16,710,345631,NSEI,56.9065,-134.614833,56.8905,-134.614667,652.8816,64,,,,,,,,,Retained,,77
2024,611,1,710,37833,ILONA B,8/10/2024 17:44,4,16,710,345631,NSEI,56.9065,-134.614833,56.8905,-134.614667,652.8816,65,2.8,9,,2,2,7,,,Retained,,51
2024,611,1,710,37833,ILONA B,8/10/2024 17:44,4,16,710,345631,NSEI,56.9065,-134.614833,56.8905,-134.614667,652.8816,65,2.9,10,,2,2,7,,,Retained,,131
2024,611,1,710,37833,ILONA B,8/10/2024 17:44,4,16,710,345631,NSEI,56.9065,-134.614833,56.8905,-134.614667,652.8816,65,,,,,,,,,Retained,,39
2024,611,1,710,37833,ILONA B,8/10/2024 17:44,4,16,710,345631,NSEI,56.9065,-134.614833,56.8905,-134.614667,652.8816,65,,,,,,,,,Retained,,58
2024,611,1,710,37833,ILONA B,8/10/2024 17:44,4,16,710,345631,NSEI,56.9065,-134.614833,56.8905,-134.614667,652.8816,65,,,,,,,,,Retained,,90
2024,611,1,710,37833,ILONA B,8/10/2024 17:44,4,16,710,345631,NSEI,56.9065,-134.614833,56.8905,-134.614667,652.8816,65,,,,,,,,,Retained,,104
2024,611,1,710,37833,ILONA B,8/10/2024 17:44,4,16,710,345631,NSEI,56.9065,-134.614833,56.8905,-134.614667,652.8816,65,,,,,,,,,Retained,,118
2024,611,1,710,37833,ILONA B,8/10/2024 17:44,4,16,710,345631,NSEI,56.9065,-134.614833,56.8905,-134.614667,652.8816,66,3.1,12,,2,2,7,,,Retained,,136
2024,611,1,710,37833,ILONA B,8/10/2024 17:44,4,16,710,345631,NSEI,56.9065,-134.614833,56.8905,-134.614667,652.8816,66,3.3,5,,2,2,7,,,Retained,,31
2024,611,1,710,37833,ILONA B,8/10/2024 17:44,4,16,710,345631,NSEI,56.9065,-134.614833,56.8905,-134.614667,652.8816,66,,,,,,,,,Retained,,123
2024,611,1,710,37833,ILONA B,8/10/2024 17:44,4,16,710,345631,NSEI,56.9065,-134.614833,56.8905,-134.614667,652.8816,66,,,,,,,,,Retained,,135
2024,611,1,710,37833,ILONA B,8/10/2024 17:44,4,16,710,345631,NSEI,56.9065,-134.614833,56.8905,-134.614667,652.8816,67,3.3,11,,3,2,7,,,Retained,,91
2024,611,1,710,37833,ILONA B,8/10/2024 17:44,4,16,710,345631,NSEI,56.9065,-134.614833,56.8905,-134.614667,652.8816,67,,,,,,,,,Retained,,109
2024,611,1,710,37833,ILONA B,8/10/2024 17:44,4,16,710,345631,NSEI,56.9065,-134.614833,56.8905,-134.614667,652.8816,67,,,,,,,,,Retained,,143
2024,611,1,710,37833,ILONA B,8/10/2024 17:44,4,16,710,345631,NSEI,56.9065,-134.614833,56.8905,-134.614667,652.8816,68,3.1,16,,3,1,7,,,Retained,,11
2024,611,1,710,37833,ILONA B,8/10/2024 17:44,4,16,710,345631,NSEI,56.9065,-134.614833,56.8905,-134.614667,652.8816,68,,,,,,,,,Retained,,14
2024,611,1,710,37833,ILONA B,8/10/2024 17:44,4,16,710,345631,NSEI,56.9065,-134.614833,56.8905,-134.614667,652.8816,68,,,,,,,,,Retained,,132
2024,611,1,710,37833,ILONA B,8/10/2024 17:44,4,16,710,345631,NSEI,56.9065,-134.614833,56.8905,-134.614667,652.8816,70,,,,,,,,,Retained,,72
2024,611,1,710,37833,ILONA B,8/10/2024 17:44,4,16,710,345631,NSEI,56.9065,-134.614833,56.8905,-134.614667,652.8816,71,,,,,,,,,Retained,,35
2024,611,1,710,37833,ILONA B,8/10/2024 17:44,4,16,710,345631,NSEI,56.9065,-134.614833,56.8905,-134.614667,652.8816,71,,,,,,,,,Retained,,43
2024,611,1,710,37833,ILONA B,8/10/2024 17:44,4,16,710,345631,NSEI,56.9065,-134.614833,56.8905,-134.614667,652.8816,71,,,,,,,,,Retained,,145
2024,611,1,710,37833,ILONA B,8/10/2024 17:44,4,16,710,345631,NSEI,56.9065,-134.614833,56.8905,-134.614667,652.8816,74,,,,,,,,,Retained,,47
2024,611,1,710,37833,ILONA B,8/10/2024 17:44,4,16,710,345631,NSEI,56.9065,-134.614833,56.8905,-134.614667,652.8816,77,4.6,10,,2,2,7,,,Retained,,61
2024,611,1,710,37833,ILONA B,8/10/2024 17:44,4,16,710,345631,NSEI,56.9065,-134.614833,56.8905,-134.614667,652.8816,79,,,,,,,,,Retained,,79
2024,611,1,710,37833,ILONA B,8/10/2024 17:44,4,16,710,345631,NSEI,56.9065,-134.614833,56.8905,-134.614667,652.8816,,,,,,,,,,"Discarded, too small",,460
2024,611,1,710,37833,ILONA B,8/10/2024 17:44,4,16,710,345631,NSEI,56.9065,-134.614833,56.8905,-134.614667,652.8816,,,,,,,,,,"Discarded, too small",,714
2024,611,1,710,37833,ILONA B,8/10/2024 17:44,4,16,710,345631,NSEI,56.9065,-134.614833,56.8905,-134.614667,652.8816,,,,,,,,,,"Discarded, too small",,740
2024,611,1,710,37833,ILONA B,8/10/2024 17:44,4,16,710,345631,NSEI,56.9065,-134.614833,56.8905,-134.614667,652.8816,,,,,,,,,,"Discarded, too small",,765
2024,611,1,710,37833,ILONA B,8/10/2024 17:44,4,16,710,345631,NSEI,56.9065,-134.614833,56.8905,-134.614667,652.8816,,,,,,,,,,Retained,,151
2024,611,1,710,37833,ILONA B,8/10/2024 17:44,4,16,710,345631,NSEI,56.9065,-134.614833,56.8905,-134.614667,652.8816,,,,,,,,,,Retained,,152
2024,611,1,710,37833,ILONA B,8/10/2024 17:44,4,16,710,345631,NSEI,56.9065,-134.614833,56.8905,-134.614667,652.8816,,,,,,,,,,Retained,,153
2024,611,1,710,37833,ILONA B,8/10/2024 17:44,4,16,710,345631,NSEI,56.9065,-134.614833,56.8905,-134.614667,652.8816,,,,,,,,,,Retained,,154
2024,611,1,710,37833,ILONA B,8/10/2024 17:44,4,16,710,345631,NSEI,56.9065,-134.614833,56.8905,-134.614667,652.8816,,,,,,,,,,Retained,,155
2024,611,1,710,37833,ILONA B,8/10/2024 17:44,4,16,710,345631,NSEI,56.9065,-134.614833,56.8905,-134.614667,652.8816,,,,,,,,,,Retained,,156
2024,611,1,710,37833,ILONA B,8/10/2024 17:44,4,16,710,345631,NSEI,56.9065,-134.614833,56.8905,-134.614667,652.8816,,,,,,,,,,Retained,,157
2024,611,1,710,37833,ILONA B,8/10/2024 17:44,4,16,710,345631,NSEI,56.9065,-134.614833,56.8905,-134.614667,652.8816,,,,,,,,,,Retained,,158
2024,611,1,710,37833,ILONA B,8/10/2024 17:44,4,16,710,345631,NSEI,56.9065,-134.614833,56.8905,-134.614667,652.8816,,,,,,,,,,Retained,,159
2024,611,1,710,37833,ILONA B,8/10/2024 17:44,4,16,710,345631,NSEI,56.9065,-134.614833,56.8905,-134.614667,652.8816,,,,,,,,,,Retained,,160
2024,611,1,710,37833,ILONA B,8/10/2024 17:44,4,16,710,345631,NSEI,56.9065,-134.614833,56.8905,-134.614667,652.8816,,,,,,,,,,Retained,,161
2024,611,1,710,37833,ILONA B,8/10/2024 17:44,4,16,710,345631,NSEI,56.9065,-134.614833,56.8905,-134.614667,652.8816,,,,,,,,,,Retained,,162
2024,611,1,710,37833,ILONA B,8/10/2024 17:44,4,16,710,345631,NSEI,56.9065,-134.614833,56.8905,-134.614667,652.8816,,,,,,,,,,Retained,,163
2024,611,1,710,37833,ILONA B,8/10/2024 17:44,4,16,710,345631,NSEI,56.9065,-134.614833,56.8905,-134.614667,652.8816,,,,,,,,,,Retained,,164
2024,611,1,710,37833,ILONA B,8/10/2024 17:44,4,16,710,345631,NSEI,56.9065,-134.614833,56.8905,-134.614667,652.8816,,,,,,,,,,Retained,,165
2024,611,1,710,37833,ILONA B,8/10/2024 17:44,4,16,710,345631,NSEI,56.9065,-134.614833,56.8905,-134.614667,652.8816,,,,,,,,,,Retained,,166
2024,611,1,710,37833,ILONA B,8/10/2024 17:44,4,16,710,345631,NSEI,56.9065,-134.614833,56.8905,-134.614667,652.8816,,,,,,,,,,Retained,,167
2024,611,1,710,37833,ILONA B,8/10/2024 17:44,4,16,710,345631,NSEI,56.9065,-134.614833,56.8905,-134.614667,652.8816,,,,,,,,,,Retained,,168
2024,611,1,710,37833,ILONA B,8/10/2024 17:44,4,16,710,345631,NSEI,56.9065,-134.614833,56.8905,-134.614667,652.8816,,,,,,,,,,Retained,,169
2024,611,1,710,37833,ILONA B,8/10/2024 17:44,4,16,710,345631,NSEI,56.9065,-134.614833,56.8905,-134.614667,652.8816,,,,,,,,,,Retained,,170
2024,611,1,710,37833,ILONA B,8/10/2024 17:44,4,16,710,345631,NSEI,56.9065,-134.614833,56.8905,-134.614667,652.8816,,,,,,,,,,Retained,,171
2024,611,1,710,37833,ILONA B,8/10/2024 17:44,4,16,710,345631,NSEI,56.9065,-134.614833,56.8905,-134.614667,652.8816,,,,,,,,,,Retained,,172
2024,611,1,710,37833,ILONA B,8/10/2024 17:44,4,16,710,345631,NSEI,56.9065,-134.614833,56.8905,-134.614667,652.8816,,,,,,,,,,Retained,,173
2024,611,1,710,37833,ILONA B,8/10/2024 17:44,4,16,710,345631,NSEI,56.9065,-134.614833,56.8905,-134.614667,652.8816,,,,,,,,,,Retained,,174
2024,611,1,710,37833,ILONA B,8/10/2024 17:44,4,16,710,345631,NSEI,56.9065,-134.614833,56.8905,-134.614667,652.8816,,,,,,,,,,Retained,,175
2024,611,1,710,37833,ILONA B,8/10/2024 17:44,4,16,710,345631,NSEI,56.9065,-134.614833,56.8905,-134.614667,652.8816,,,,,,,,,,Retained,,176
2024,611,1,710,37833,ILONA B,8/10/2024 17:44,4,16,710,345631,NSEI,56.9065,-134.614833,56.8905,-134.614667,652.8816,,,,,,,,,,Retained,,177
2024,611,1,710,37833,ILONA B,8/10/2024 17:44,4,16,710,345631,NSEI,56.9065,-134.614833,56.8905,-134.614667,652.8816,,,,,,,,,,Retained,,178
2024,611,1,710,37833,ILONA B,8/10/2024 17:44,4,16,710,345631,NSEI,56.9065,-134.614833,56.8905,-134.614667,652.8816,,,,,,,,,,Retained,,179
2024,611,1,710,37833,ILONA B,8/10/2024 17:44,4,16,710,345631,NSEI,56.9065,-134.614833,56.8905,-134.614667,652.8816,,,,,,,,,,Retained,,180
2024,611,1,710,37833,ILONA B,8/10/2024 17:44,4,16,710,345631,NSEI,56.9065,-134.614833,56.8905,-134.614667,652.8816,,,,,,,,,,Retained,,181
2024,611,1,710,37833,ILONA B,8/10/2024 17:44,4,16,710,345631,NSEI,56.9065,-134.614833,56.8905,-134.614667,652.8816,,,,,,,,,,Retained,,182
2024,611,1,710,37833,ILONA B,8/10/2024 17:44,4,16,710,345631,NSEI,56.9065,-134.614833,56.8905,-134.614667,652.8816,,,,,,,,,,Retained,,183
2024,611,1,710,37833,ILONA B,8/10/2024 17:44,4,16,710,345631,NSEI,56.9065,-134.614833,56.8905,-134.614667,652.8816,,,,,,,,,,Retained,,184
2024,611,1,710,37833,ILONA B,8/10/2024 17:44,4,16,710,345631,NSEI,56.9065,-134.614833,56.8905,-134.614667,652.8816,,,,,,,,,,Retained,,185
2024,611,1,710,37833,ILONA B,8/10/2024 17:44,4,16,710,345631,NSEI,56.9065,-134.614833,56.8905,-134.614667,652.8816,,,,,,,,,,Retained,,186
2024,611,1,710,37833,ILONA B,8/10/2024 17:44,4,16,710,345631,NSEI,56.9065,-134.614833,56.8905,-134.614667,652.8816,,,,,,,,,,Retained,,187
2024,611,1,710,37833,ILONA B,8/10/2024 17:44,4,16,710,345631,NSEI,56.9065,-134.614833,56.8905,-134.614667,652.8816,,,,,,,,,,Retained,,188
2024,611,1,710,37833,ILONA B,8/10/2024 17:44,4,16,710,345631,NSEI,56.9065,-134.614833,56.8905,-134.614667,652.8816,,,,,,,,,,Retained,,189
2024,611,1,710,37833,ILONA B,8/10/2024 17:44,4,16,710,345631,NSEI,56.9065,-134.614833,56.8905,-134.614667,652.8816,,,,,,,,,,Retained,,190
2024,611,1,710,37833,ILONA B,8/10/2024 17:44,4,16,710,345631,NSEI,56.9065,-134.614833,56.8905,-134.614667,652.8816,,,,,,,,,,Retained,,191
2024,611,1,710,37833,ILONA B,8/10/2024 17:44,4,16,710,345631,NSEI,56.9065,-134.614833,56.8905,-134.614667,652.8816,,,,,,,,,,Retained,,192
2024,611,1,710,37833,ILONA B,8/10/2024 17:44,4,16,710,345631,NSEI,56.9065,-134.614833,56.8905,-134.614667,652.8816,,,,,,,,,,Retained,,193
2024,611,1,710,37833,ILONA B,8/10/2024 17:44,4,16,710,345631,NSEI,56.9065,-134.614833,56.8905,-134.614667,652.8816,,,,,,,,,,Retained,,194
2024,611,1,710,37833,ILONA B,8/10/2024 17:44,4,16,710,345631,NSEI,56.9065,-134.614833,56.8905,-134.614667,652.8816,,,,,,,,,,Retained,,195
2024,611,1,710,37833,ILONA B,8/10/2024 17:44,4,16,710,345631,NSEI,56.9065,-134.614833,56.8905,-134.614667,652.8816,,,,,,,,,,Retained,,196
2024,611,1,710,37833,ILONA B,8/10/2024 17:44,4,16,710,345631,NSEI,56.9065,-134.614833,56.8905,-134.614667,652.8816,,,,,,,,,,Retained,,197
2024,611,1,710,37833,ILONA B,8/10/2024 17:44,4,16,710,345631,NSEI,56.9065,-134.614833,56.8905,-134.614667,652.8816,,,,,,,,,,Retained,,198
2024,611,1,710,37833,ILONA B,8/10/2024 17:44,4,16,710,345631,NSEI,56.9065,-134.614833,56.8905,-134.614667,652.8816,,,,,,,,,,Retained,,199
2024,611,1,710,37833,ILONA B,8/10/2024 17:44,4,16,710,345631,NSEI,56.9065,-134.614833,56.8905,-134.614667,652.8816,,,,,,,,,,Retained,,200
2024,611,1,710,37833,ILONA B,8/10/2024 17:44,4,16,710,345631,NSEI,56.9065,-134.614833,56.8905,-134.614667,652.8816,,,,,,,,,,Retained,,201
2024,611,1,710,37833,ILONA B,8/10/2024 17:44,4,16,710,345631,NSEI,56.9065,-134.614833,56.8905,-134.614667,652.8816,,,,,,,,,,Retained,,202
2024,611,1,710,37833,ILONA B,8/10/2024 17:44,4,16,710,345631,NSEI,56.9065,-134.614833,56.8905,-134.614667,652.8816,,,,,,,,,,Retained,,203
2024,611,1,710,37833,ILONA B,8/10/2024 17:44,4,16,710,345631,NSEI,56.9065,-134.614833,56.8905,-134.614667,652.8816,,,,,,,,,,Retained,,204
2024,611,1,710,37833,ILONA B,8/10/2024 17:44,4,16,710,345631,NSEI,56.9065,-134.614833,56.8905,-134.614667,652.8816,,,,,,,,,,Retained,,205
2024,611,1,710,37833,ILONA B,8/10/2024 17:44,4,16,710,345631,NSEI,56.9065,-134.614833,56.8905,-134.614667,652.8816,,,,,,,,,,Retained,,206
2024,611,1,710,37833,ILONA B,8/10/2024 17:44,4,16,710,345631,NSEI,56.9065,-134.614833,56.8905,-134.614667,652.8816,,,,,,,,,,Retained,,207
2024,611,1,710,37833,ILONA B,8/10/2024 17:44,4,16,710,345631,NSEI,56.9065,-134.614833,56.8905,-134.614667,652.8816,,,,,,,,,,Retained,,208
2024,611,1,710,37833,ILONA B,8/10/2024 17:44,4,16,710,345631,NSEI,56.9065,-134.614833,56.8905,-134.614667,652.8816,,,,,,,,,,Retained,,209
2024,611,1,710,37833,ILONA B,8/10/2024 17:44,4,16,710,345631,NSEI,56.9065,-134.614833,56.8905,-134.614667,652.8816,,,,,,,,,,Retained,,210
2024,611,1,710,37833,ILONA B,8/10/2024 17:44,4,16,710,345631,NSEI,56.9065,-134.614833,56.8905,-134.614667,652.8816,,,,,,,,,,Retained,,211
2024,611,1,710,37833,ILONA B,8/10/2024 17:44,4,16,710,345631,NSEI,56.9065,-134.614833,56.8905,-134.614667,652.8816,,,,,,,,,,Retained,,212
2024,611,1,710,37833,ILONA B,8/10/2024 17:44,4,16,710,345631,NSEI,56.9065,-134.614833,56.8905,-134.614667,652.8816,,,,,,,,,,Retained,,213
2024,611,1,710,37833,ILONA B,8/10/2024 17:44,4,16,710,345631,NSEI,56.9065,-134.614833,56.8905,-134.614667,652.8816,,,,,,,,,,Retained,,214
2024,611,1,710,37833,ILONA B,8/10/2024 17:44,4,16,710,345631,NSEI,56.9065,-134.614833,56.8905,-134.614667,652.8816,,,,,,,,,,Retained,,215
2024,611,1,710,37833,ILONA B,8/10/2024 17:44,4,16,710,345631,NSEI,56.9065,-134.614833,56.8905,-134.614667,652.8816,,,,,,,,,,Retained,,216
2024,611,1,710,37833,ILONA B,8/10/2024 17:44,4,16,710,345631,NSEI,56.9065,-134.614833,56.8905,-134.614667,652.8816,,,,,,,,,,Retained,,217
2024,611,1,710,37833,ILONA B,8/10/2024 17:44,4,16,710,345631,NSEI,56.9065,-134.614833,56.8905,-134.614667,652.8816,,,,,,,,,,Retained,,218
2024,611,1,710,37833,ILONA B,8/10/2024 17:44,4,16,710,345631,NSEI,56.9065,-134.614833,56.8905,-134.614667,652.8816,,,,,,,,,,Retained,,219
2024,611,1,710,37833,ILONA B,8/10/2024 17:44,4,16,710,345631,NSEI,56.9065,-134.614833,56.8905,-134.614667,652.8816,,,,,,,,,,Retained,,220
2024,611,1,710,37833,ILONA B,8/10/2024 17:44,4,16,710,345631,NSEI,56.9065,-134.614833,56.8905,-134.614667,652.8816,,,,,,,,,,Retained,,221
2024,611,1,710,37833,ILONA B,8/10/2024 17:44,4,16,710,345631,NSEI,56.9065,-134.614833,56.8905,-134.614667,652.8816,,,,,,,,,,Retained,,222
2024,611,1,710,37833,ILONA B,8/10/2024 17:44,4,16,710,345631,NSEI,56.9065,-134.614833,56.8905,-134.614667,652.8816,,,,,,,,,,Retained,,223
2024,611,1,710,37833,ILONA B,8/10/2024 17:44,4,16,710,345631,NSEI,56.9065,-134.614833,56.8905,-134.614667,652.8816,,,,,,,,,,Retained,,224
2024,611,1,710,37833,ILONA B,8/10/2024 17:44,4,16,710,345631,NSEI,56.9065,-134.614833,56.8905,-134.614667,652.8816,,,,,,,,,,Retained,,225
2024,611,1,710,37833,ILONA B,8/10/2024 17:44,4,16,710,345631,NSEI,56.9065,-134.614833,56.8905,-134.614667,652.8816,,,,,,,,,,Retained,,226
2024,611,1,710,37833,ILONA B,8/10/2024 17:44,4,16,710,345631,NSEI,56.9065,-134.614833,56.8905,-134.614667,652.8816,,,,,,,,,,Retained,,227
2024,611,1,710,37833,ILONA B,8/10/2024 17:44,4,16,710,345631,NSEI,56.9065,-134.614833,56.8905,-134.614667,652.8816,,,,,,,,,,Retained,,228
2024,611,1,710,37833,ILONA B,8/10/2024 17:44,4,16,710,345631,NSEI,56.9065,-134.614833,56.8905,-134.614667,652.8816,,,,,,,,,,Retained,,229
2024,611,1,710,37833,ILONA B,8/10/2024 17:44,4,16,710,345631,NSEI,56.9065,-134.614833,56.8905,-134.614667,652.8816,,,,,,,,,,Retained,,230
2024,611,1,710,37833,ILONA B,8/10/2024 17:44,4,16,710,345631,NSEI,56.9065,-134.614833,56.8905,-134.614667,652.8816,,,,,,,,,,Retained,,231
2024,611,1,710,37833,ILONA B,8/10/2024 17:44,4,16,710,345631,NSEI,56.9065,-134.614833,56.8905,-134.614667,652.8816,,,,,,,,,,Retained,,232
2024,611,1,710,37833,ILONA B,8/10/2024 17:44,4,16,710,345631,NSEI,56.9065,-134.614833,56.8905,-134.614667,652.8816,,,,,,,,,,Retained,,233
2024,611,1,710,37833,ILONA B,8/10/2024 17:44,4,16,710,345631,NSEI,56.9065,-134.614833,56.8905,-134.614667,652.8816,,,,,,,,,,Retained,,234
2024,611,1,710,37833,ILONA B,8/10/2024 17:44,4,16,710,345631,NSEI,56.9065,-134.614833,56.8905,-134.614667,652.8816,,,,,,,,,,Retained,,235
2024,611,1,710,37833,ILONA B,8/10/2024 17:44,4,16,710,345631,NSEI,56.9065,-134.614833,56.8905,-134.614667,652.8816,,,,,,,,,,Retained,,236
2024,611,1,710,37833,ILONA B,8/10/2024 17:44,4,16,710,345631,NSEI,56.9065,-134.614833,56.8905,-134.614667,652.8816,,,,,,,,,,Retained,,237
2024,611,1,710,37833,ILONA B,8/10/2024 17:44,4,16,710,345631,NSEI,56.9065,-134.614833,56.8905,-134.614667,652.8816,,,,,,,,,,Retained,,238
2024,611,1,710,37833,ILONA B,8/10/2024 17:44,4,16,710,345631,NSEI,56.9065,-134.614833,56.8905,-134.614667,652.8816,,,,,,,,,,Retained,,239
2024,611,1,710,37833,ILONA B,8/10/2024 17:44,4,16,710,345631,NSEI,56.9065,-134.614833,56.8905,-134.614667,652.8816,,,,,,,,,,Retained,,240
2024,611,1,710,37833,ILONA B,8/10/2024 17:44,4,16,710,345631,NSEI,56.9065,-134.614833,56.8905,-134.614667,652.8816,,,,,,,,,,Retained,,241
2024,611,1,710,37833,ILONA B,8/10/2024 17:44,4,16,710,345631,NSEI,56.9065,-134.614833,56.8905,-134.614667,652.8816,,,,,,,,,,Retained,,242
2024,611,1,710,37833,ILONA B,8/10/2024 17:44,4,16,710,345631,NSEI,56.9065,-134.614833,56.8905,-134.614667,652.8816,,,,,,,,,,Retained,,243
2024,611,1,710,37833,ILONA B,8/10/2024 17:44,4,16,710,345631,NSEI,56.9065,-134.614833,56.8905,-134.614667,652.8816,,,,,,,,,,Retained,,244
2024,611,1,710,37833,ILONA B,8/10/2024 17:44,4,16,710,345631,NSEI,56.9065,-134.614833,56.8905,-134.614667,652.8816,,,,,,,,,,Retained,,245
2024,611,1,710,37833,ILONA B,8/10/2024 17:44,4,16,710,345631,NSEI,56.9065,-134.614833,56.8905,-134.614667,652.8816,,,,,,,,,,Retained,,246
2024,611,1,710,37833,ILONA B,8/10/2024 17:44,4,16,710,345631,NSEI,56.9065,-134.614833,56.8905,-134.614667,652.8816,,,,,,,,,,Retained,,247
2024,611,1,710,37833,ILONA B,8/10/2024 17:44,4,16,710,345631,NSEI,56.9065,-134.614833,56.8905,-134.614667,652.8816,,,,,,,,,,Retained,,248
2024,611,1,710,37833,ILONA B,8/10/2024 17:44,4,16,710,345631,NSEI,56.9065,-134.614833,56.8905,-134.614667,652.8816,,,,,,,,,,Retained,,249
2024,611,1,710,37833,ILONA B,8/10/2024 17:44,4,16,710,345631,NSEI,56.9065,-134.614833,56.8905,-134.614667,652.8816,,,,,,,,,,Retained,,250
2024,611,1,710,37833,ILONA B,8/10/2024 17:44,4,16,710,345631,NSEI,56.9065,-134.614833,56.8905,-134.614667,652.8816,,,,,,,,,,Retained,,251
2024,611,1,710,37833,ILONA B,8/10/2024 17:44,4,16,710,345631,NSEI,56.9065,-134.614833,56.8905,-134.614667,652.8816,,,,,,,,,,Retained,,252
2024,611,1,710,37833,ILONA B,8/10/2024 17:44,4,16,710,345631,NSEI,56.9065,-134.614833,56.8905,-134.614667,652.8816,,,,,,,,,,Retained,,253
2024,611,1,710,37833,ILONA B,8/10/2024 17:44,4,16,710,345631,NSEI,56.9065,-134.614833,56.8905,-134.614667,652.8816,,,,,,,,,,Retained,,254
2024,611,1,710,37833,ILONA B,8/10/2024 17:44,4,16,710,345631,NSEI,56.9065,-134.614833,56.8905,-134.614667,652.8816,,,,,,,,,,Retained,,255
2024,611,1,710,37833,ILONA B,8/10/2024 17:44,4,16,710,345631,NSEI,56.9065,-134.614833,56.8905,-134.614667,652.8816,,,,,,,,,,Retained,,256
2024,611,1,710,37833,ILONA B,8/10/2024 17:44,4,16,710,345631,NSEI,56.9065,-134.614833,56.8905,-134.614667,652.8816,,,,,,,,,,Retained,,257
2024,611,1,710,37833,ILONA B,8/10/2024 17:44,4,16,710,345631,NSEI,56.9065,-134.614833,56.8905,-134.614667,652.8816,,,,,,,,,,Retained,,258
2024,611,1,710,37833,ILONA B,8/10/2024 17:44,4,16,710,345631,NSEI,56.9065,-134.614833,56.8905,-134.614667,652.8816,,,,,,,,,,Retained,,259
2024,611,1,710,37833,ILONA B,8/10/2024 17:44,4,16,710,345631,NSEI,56.9065,-134.614833,56.8905,-134.614667,652.8816,,,,,,,,,,Retained,,260
2024,611,1,710,37833,ILONA B,8/10/2024 17:44,4,16,710,345631,NSEI,56.9065,-134.614833,56.8905,-134.614667,652.8816,,,,,,,,,,Retained,,261
2024,611,1,710,37833,ILONA B,8/10/2024 17:44,4,16,710,345631,NSEI,56.9065,-134.614833,56.8905,-134.614667,652.8816,,,,,,,,,,Retained,,262
2024,611,1,710,37833,ILONA B,8/10/2024 17:44,4,16,710,345631,NSEI,56.9065,-134.614833,56.8905,-134.614667,652.8816,,,,,,,,,,Retained,,263
2024,611,1,710,37833,ILONA B,8/10/2024 17:44,4,16,710,345631,NSEI,56.9065,-134.614833,56.8905,-134.614667,652.8816,,,,,,,,,,Retained,,264
2024,611,1,710,37833,ILONA B,8/10/2024 17:44,4,16,710,345631,NSEI,56.9065,-134.614833,56.8905,-134.614667,652.8816,,,,,,,,,,Retained,,265
2024,611,1,710,37833,ILONA B,8/10/2024 17:44,4,16,710,345631,NSEI,56.9065,-134.614833,56.8905,-134.614667,652.8816,,,,,,,,,,Retained,,266
2024,611,1,710,37833,ILONA B,8/10/2024 17:44,4,16,710,345631,NSEI,56.9065,-134.614833,56.8905,-134.614667,652.8816,,,,,,,,,,Retained,,267
2024,611,1,710,37833,ILONA B,8/10/2024 17:44,4,16,710,345631,NSEI,56.9065,-134.614833,56.8905,-134.614667,652.8816,,,,,,,,,,Retained,,268
2024,611,1,710,37833,ILONA B,8/10/2024 17:44,4,16,710,345631,NSEI,56.9065,-134.614833,56.8905,-134.614667,652.8816,,,,,,,,,,Retained,,269
2024,611,1,710,37833,ILONA B,8/10/2024 17:44,4,16,710,345631,NSEI,56.9065,-134.614833,56.8905,-134.614667,652.8816,,,,,,,,,,Retained,,270
2024,611,1,710,37833,ILONA B,8/10/2024 17:44,4,16,710,345631,NSEI,56.9065,-134.614833,56.8905,-134.614667,652.8816,,,,,,,,,,Retained,,271
2024,611,1,710,37833,ILONA B,8/10/2024 17:44,4,16,710,345631,NSEI,56.9065,-134.614833,56.8905,-134.614667,652.8816,,,,,,,,,,Retained,,272
2024,611,1,710,37833,ILONA B,8/10/2024 17:44,4,16,710,345631,NSEI,56.9065,-134.614833,56.8905,-134.614667,652.8816,,,,,,,,,,Retained,,273
2024,611,1,710,37833,ILONA B,8/10/2024 17:44,4,16,710,345631,NSEI,56.9065,-134.614833,56.8905,-134.614667,652.8816,,,,,,,,,,Retained,,274
2024,611,1,710,37833,ILONA B,8/10/2024 17:44,4,16,710,345631,NSEI,56.9065,-134.614833,56.8905,-134.614667,652.8816,,,,,,,,,,Retained,,275
2024,611,1,710,37833,ILONA B,8/10/2024 17:44,4,16,710,345631,NSEI,56.9065,-134.614833,56.8905,-134.614667,652.8816,,,,,,,,,,Retained,,276
2024,611,1,710,37833,ILONA B,8/10/2024 17:44,4,16,710,345631,NSEI,56.9065,-134.614833,56.8905,-134.614667,652.8816,,,,,,,,,,Retained,,277
2024,611,1,710,37833,ILONA B,8/10/2024 17:44,4,16,710,345631,NSEI,56.9065,-134.614833,56.8905,-134.614667,652.8816,,,,,,,,,,Retained,,278
2024,611,1,710,37833,ILONA B,8/10/2024 17:44,4,16,710,345631,NSEI,56.9065,-134.614833,56.8905,-134.614667,652.8816,,,,,,,,,,Retained,,279
2024,611,1,710,37833,ILONA B,8/10/2024 17:44,4,16,710,345631,NSEI,56.9065,-134.614833,56.8905,-134.614667,652.8816,,,,,,,,,,Retained,,280
2024,611,1,710,37833,ILONA B,8/10/2024 17:44,4,16,710,345631,NSEI,56.9065,-134.614833,56.8905,-134.614667,652.8816,,,,,,,,,,Retained,,281
2024,611,1,710,37833,ILONA B,8/10/2024 17:44,4,16,710,345631,NSEI,56.9065,-134.614833,56.8905,-134.614667,652.8816,,,,,,,,,,Retained,,282
2024,611,1,710,37833,ILONA B,8/10/2024 17:44,4,16,710,345631,NSEI,56.9065,-134.614833,56.8905,-134.614667,652.8816,,,,,,,,,,Retained,,283
2024,611,1,710,37833,ILONA B,8/10/2024 17:44,4,16,710,345631,NSEI,56.9065,-134.614833,56.8905,-134.614667,652.8816,,,,,,,,,,Retained,,284
2024,611,1,710,37833,ILONA B,8/10/2024 17:44,4,16,710,345631,NSEI,56.9065,-134.614833,56.8905,-134.614667,652.8816,,,,,,,,,,Retained,,285
2024,611,1,710,37833,ILONA B,8/10/2024 17:44,4,16,710,345631,NSEI,56.9065,-134.614833,56.8905,-134.614667,652.8816,,,,,,,,,,Retained,,286
2024,611,1,710,37833,ILONA B,8/10/2024 17:44,4,16,710,345631,NSEI,56.9065,-134.614833,56.8905,-134.614667,652.8816,,,,,,,,,,Retained,,287
2024,611,1,710,37833,ILONA B,8/10/2024 17:44,4,16,710,345631,NSEI,56.9065,-134.614833,56.8905,-134.614667,652.8816,,,,,,,,,,Retained,,288
2024,611,1,710,37833,ILONA B,8/10/2024 17:44,4,16,710,345631,NSEI,56.9065,-134.614833,56.8905,-134.614667,652.8816,,,,,,,,,,Retained,,289
2024,611,1,710,37833,ILONA B,8/10/2024 17:44,4,16,710,345631,NSEI,56.9065,-134.614833,56.8905,-134.614667,652.8816,,,,,,,,,,Retained,,290
2024,611,1,710,37833,ILONA B,8/10/2024 17:44,4,16,710,345631,NSEI,56.9065,-134.614833,56.8905,-134.614667,652.8816,,,,,,,,,,Retained,,291
2024,611,1,710,37833,ILONA B,8/10/2024 17:44,4,16,710,345631,NSEI,56.9065,-134.614833,56.8905,-134.614667,652.8816,,,,,,,,,,Retained,,292
2024,611,1,710,37833,ILONA B,8/10/2024 17:44,4,16,710,345631,NSEI,56.9065,-134.614833,56.8905,-134.614667,652.8816,,,,,,,,,,Retained,,293
2024,611,1,710,37833,ILONA B,8/10/2024 17:44,4,16,710,345631,NSEI,56.9065,-134.614833,56.8905,-134.614667,652.8816,,,,,,,,,,Retained,,294
2024,611,1,710,37833,ILONA B,8/10/2024 17:44,4,16,710,345631,NSEI,56.9065,-134.614833,56.8905,-134.614667,652.8816,,,,,,,,,,Retained,,295
2024,611,1,710,37833,ILONA B,8/10/2024 17:44,4,16,710,345631,NSEI,56.9065,-134.614833,56.8905,-134.614667,652.8816,,,,,,,,,,Retained,,296
2024,611,1,710,37833,ILONA B,8/10/2024 17:44,4,16,710,345631,NSEI,56.9065,-134.614833,56.8905,-134.614667,652.8816,,,,,,,,,,Retained,,297
2024,611,1,710,37833,ILONA B,8/10/2024 17:44,4,16,710,345631,NSEI,56.9065,-134.614833,56.8905,-134.614667,652.8816,,,,,,,,,,Retained,,298
2024,611,1,710,37833,ILONA B,8/10/2024 17:44,4,16,710,345631,NSEI,56.9065,-134.614833,56.8905,-134.614667,652.8816,,,,,,,,,,Retained,,299
2024,611,1,710,37833,ILONA B,8/10/2024 17:44,4,16,710,345631,NSEI,56.9065,-134.614833,56.8905,-134.614667,652.8816,,,,,,,,,,Retained,,300
2024,611,1,710,37833,ILONA B,8/10/2024 17:44,4,16,710,345631,NSEI,56.9065,-134.614833,56.8905,-134.614667,652.8816,,,,,,,,,,Retained,,301
2024,611,1,710,37833,ILONA B,8/10/2024 17:44,4,16,710,345631,NSEI,56.9065,-134.614833,56.8905,-134.614667,652.8816,,,,,,,,,,Retained,,302
2024,611,1,710,37833,ILONA B,8/10/2024 17:44,4,16,710,345631,NSEI,56.9065,-134.614833,56.8905,-134.614667,652.8816,,,,,,,,,,Retained,,303
2024,611,1,710,37833,ILONA B,8/10/2024 17:44,4,16,710,345631,NSEI,56.9065,-134.614833,56.8905,-134.614667,652.8816,,,,,,,,,,Retained,,304
2024,611,1,710,37833,ILONA B,8/10/2024 17:44,4,16,710,345631,NSEI,56.9065,-134.614833,56.8905,-134.614667,652.8816,,,,,,,,,,Retained,,305
2024,611,1,710,37833,ILONA B,8/10/2024 17:44,4,16,710,345631,NSEI,56.9065,-134.614833,56.8905,-134.614667,652.8816,,,,,,,,,,Retained,,306
2024,611,1,710,37833,ILONA B,8/10/2024 17:44,4,16,710,345631,NSEI,56.9065,-134.614833,56.8905,-134.614667,652.8816,,,,,,,,,,Retained,,307
2024,611,1,710,37833,ILONA B,8/10/2024 17:44,4,16,710,345631,NSEI,56.9065,-134.614833,56.8905,-134.614667,652.8816,,,,,,,,,,Retained,,308
2024,611,1,710,37833,ILONA B,8/10/2024 17:44,4,16,710,345631,NSEI,56.9065,-134.614833,56.8905,-134.614667,652.8816,,,,,,,,,,Retained,,309
2024,611,1,710,37833,ILONA B,8/10/2024 17:44,4,16,710,345631,NSEI,56.9065,-134.614833,56.8905,-134.614667,652.8816,,,,,,,,,,Retained,,310
2024,611,1,710,37833,ILONA B,8/10/2024 17:44,4,16,710,345631,NSEI,56.9065,-134.614833,56.8905,-134.614667,652.8816,,,,,,,,,,Retained,,311
2024,611,1,710,37833,ILONA B,8/10/2024 17:44,4,16,710,345631,NSEI,56.9065,-134.614833,56.8905,-134.614667,652.8816,,,,,,,,,,Retained,,312
2024,611,1,710,37833,ILONA B,8/10/2024 17:44,4,16,710,345631,NSEI,56.9065,-134.614833,56.8905,-134.614667,652.8816,,,,,,,,,,Retained,,313
2024,611,1,710,37833,ILONA B,8/10/2024 17:44,4,16,710,345631,NSEI,56.9065,-134.614833,56.8905,-134.614667,652.8816,,,,,,,,,,Retained,,314
2024,611,1,710,37833,ILONA B,8/10/2024 17:44,4,16,710,345631,NSEI,56.9065,-134.614833,56.8905,-134.614667,652.8816,,,,,,,,,,Retained,,315
2024,611,1,710,37833,ILONA B,8/10/2024 17:44,4,16,710,345631,NSEI,56.9065,-134.614833,56.8905,-134.614667,652.8816,,,,,,,,,,Retained,,316
2024,611,1,710,37833,ILONA B,8/10/2024 17:44,4,16,710,345631,NSEI,56.9065,-134.614833,56.8905,-134.614667,652.8816,,,,,,,,,,Retained,,317
2024,611,1,710,37833,ILONA B,8/10/2024 17:44,4,16,710,345631,NSEI,56.9065,-134.614833,56.8905,-134.614667,652.8816,,,,,,,,,,Retained,,318
2024,611,1,710,37833,ILONA B,8/10/2024 17:44,4,16,710,345631,NSEI,56.9065,-134.614833,56.8905,-134.614667,652.8816,,,,,,,,,,Retained,,319
2024,611,1,710,37833,ILONA B,8/10/2024 17:44,4,16,710,345631,NSEI,56.9065,-134.614833,56.8905,-134.614667,652.8816,,,,,,,,,,Retained,,320
2024,611,1,710,37833,ILONA B,8/10/2024 17:44,4,16,710,345631,NSEI,56.9065,-134.614833,56.8905,-134.614667,652.8816,,,,,,,,,,Retained,,321
2024,611,1,710,37833,ILONA B,8/10/2024 17:44,4,16,710,345631,NSEI,56.9065,-134.614833,56.8905,-134.614667,652.8816,,,,,,,,,,Retained,,322
2024,611,1,710,37833,ILONA B,8/10/2024 17:44,4,16,710,345631,NSEI,56.9065,-134.614833,56.8905,-134.614667,652.8816,,,,,,,,,,Retained,,323
2024,611,1,710,37833,ILONA B,8/10/2024 17:44,4,16,710,345631,NSEI,56.9065,-134.614833,56.8905,-134.614667,652.8816,,,,,,,,,,Retained,,324
2024,611,1,710,37833,ILONA B,8/10/2024 17:44,4,16,710,345631,NSEI,56.9065,-134.614833,56.8905,-134.614667,652.8816,,,,,,,,,,Retained,,325
2024,611,1,710,37833,ILONA B,8/10/2024 17:44,4,16,710,345631,NSEI,56.9065,-134.614833,56.8905,-134.614667,652.8816,,,,,,,,,,Retained,,326
2024,611,1,710,37833,ILONA B,8/10/2024 17:44,4,16,710,345631,NSEI,56.9065,-134.614833,56.8905,-134.614667,652.8816,,,,,,,,,,Retained,,327
2024,611,1,710,37833,ILONA B,8/10/2024 17:44,4,16,710,345631,NSEI,56.9065,-134.614833,56.8905,-134.614667,652.8816,,,,,,,,,,Retained,,328
2024,611,1,710,37833,ILONA B,8/10/2024 17:44,4,16,710,345631,NSEI,56.9065,-134.614833,56.8905,-134.614667,652.8816,,,,,,,,,,Retained,,329
2024,611,1,710,37833,ILONA B,8/10/2024 17:44,4,16,710,345631,NSEI,56.9065,-134.614833,56.8905,-134.614667,652.8816,,,,,,,,,,Retained,,330
2024,611,1,710,37833,ILONA B,8/10/2024 17:44,4,16,710,345631,NSEI,56.9065,-134.614833,56.8905,-134.614667,652.8816,,,,,,,,,,Retained,,331
2024,611,1,710,37833,ILONA B,8/10/2024 17:44,4,16,710,345631,NSEI,56.9065,-134.614833,56.8905,-134.614667,652.8816,,,,,,,,,,Retained,,332
2024,611,1,710,37833,ILONA B,8/10/2024 17:44,4,16,710,345631,NSEI,56.9065,-134.614833,56.8905,-134.614667,652.8816,,,,,,,,,,Retained,,333
2024,611,1,710,37833,ILONA B,8/10/2024 17:44,4,16,710,345631,NSEI,56.9065,-134.614833,56.8905,-134.614667,652.8816,,,,,,,,,,Retained,,334
2024,611,1,710,37833,ILONA B,8/10/2024 17:44,4,16,710,345631,NSEI,56.9065,-134.614833,56.8905,-134.614667,652.8816,,,,,,,,,,Retained,,335
2024,611,1,710,37833,ILONA B,8/10/2024 17:44,4,16,710,345631,NSEI,56.9065,-134.614833,56.8905,-134.614667,652.8816,,,,,,,,,,Retained,,336
2024,611,1,710,37833,ILONA B,8/10/2024 17:44,4,16,710,345631,NSEI,56.9065,-134.614833,56.8905,-134.614667,652.8816,,,,,,,,,,Retained,,337
2024,611,1,710,37833,ILONA B,8/10/2024 17:44,4,16,710,345631,NSEI,56.9065,-134.614833,56.8905,-134.614667,652.8816,,,,,,,,,,Retained,,338
2024,611,1,710,37833,ILONA B,8/10/2024 17:44,4,16,710,345631,NSEI,56.9065,-134.614833,56.8905,-134.614667,652.8816,,,,,,,,,,Retained,,339
2024,611,1,710,37833,ILONA B,8/10/2024 17:44,4,16,710,345631,NSEI,56.9065,-134.614833,56.8905,-134.614667,652.8816,,,,,,,,,,Retained,,340
2024,611,1,710,37833,ILONA B,8/10/2024 17:44,4,16,710,345631,NSEI,56.9065,-134.614833,56.8905,-134.614667,652.8816,,,,,,,,,,Retained,,341
2024,611,1,710,37833,ILONA B,8/10/2024 17:44,4,16,710,345631,NSEI,56.9065,-134.614833,56.8905,-134.614667,652.8816,,,,,,,,,,Retained,,342
2024,611,1,710,37833,ILONA B,8/10/2024 17:44,4,16,710,345631,NSEI,56.9065,-134.614833,56.8905,-134.614667,652.8816,,,,,,,,,,Retained,,343
2024,611,1,710,37833,ILONA B,8/10/2024 17:44,4,16,710,345631,NSEI,56.9065,-134.614833,56.8905,-134.614667,652.8816,,,,,,,,,,Retained,,344
2024,611,1,710,37833,ILONA B,8/10/2024 17:44,4,16,710,345631,NSEI,56.9065,-134.614833,56.8905,-134.614667,652.8816,,,,,,,,,,Retained,,345
2024,611,1,710,37833,ILONA B,8/10/2024 17:44,4,16,710,345631,NSEI,56.9065,-134.614833,56.8905,-134.614667,652.8816,,,,,,,,,,Retained,,346
2024,611,1,710,37833,ILONA B,8/10/2024 17:44,4,16,710,345631,NSEI,56.9065,-134.614833,56.8905,-134.614667,652.8816,,,,,,,,,,Retained,,347
2024,611,1,710,37833,ILONA B,8/10/2024 17:44,4,16,710,345631,NSEI,56.9065,-134.614833,56.8905,-134.614667,652.8816,,,,,,,,,,Retained,,348
2024,611,1,710,37833,ILONA B,8/10/2024 17:44,4,16,710,345631,NSEI,56.9065,-134.614833,56.8905,-134.614667,652.8816,,,,,,,,,,Retained,,349
2024,611,1,710,37833,ILONA B,8/10/2024 17:44,4,16,710,345631,NSEI,56.9065,-134.614833,56.8905,-134.614667,652.8816,,,,,,,,,,Retained,,350
2024,611,1,710,37833,ILONA B,8/10/2024 17:44,4,16,710,345631,NSEI,56.9065,-134.614833,56.8905,-134.614667,652.8816,,,,,,,,,,Retained,,351
2024,611,1,710,37833,ILONA B,8/10/2024 17:44,4,16,710,345631,NSEI,56.9065,-134.614833,56.8905,-134.614667,652.8816,,,,,,,,,,Retained,,352
2024,611,1,710,37833,ILONA B,8/10/2024 17:44,4,16,710,345631,NSEI,56.9065,-134.614833,56.8905,-134.614667,652.8816,,,,,,,,,,Retained,,353
2024,611,1,710,37833,ILONA B,8/10/2024 17:44,4,16,710,345631,NSEI,56.9065,-134.614833,56.8905,-134.614667,652.8816,,,,,,,,,,Retained,,354
2024,611,1,710,37833,ILONA B,8/10/2024 17:44,4,16,710,345631,NSEI,56.9065,-134.614833,56.8905,-134.614667,652.8816,,,,,,,,,,Retained,,355
2024,611,1,710,37833,ILONA B,8/10/2024 17:44,4,16,710,345631,NSEI,56.9065,-134.614833,56.8905,-134.614667,652.8816,,,,,,,,,,Retained,,356
2024,611,1,710,37833,ILONA B,8/10/2024 17:44,4,16,710,345631,NSEI,56.9065,-134.614833,56.8905,-134.614667,652.8816,,,,,,,,,,Retained,,357
2024,611,1,710,37833,ILONA B,8/10/2024 17:44,4,16,710,345631,NSEI,56.9065,-134.614833,56.8905,-134.614667,652.8816,,,,,,,,,,Retained,,358
2024,611,1,710,37833,ILONA B,8/10/2024 17:44,4,16,710,345631,NSEI,56.9065,-134.614833,56.8905,-134.614667,652.8816,,,,,,,,,,Retained,,359
2024,611,1,710,37833,ILONA B,8/10/2024 17:44,4,16,710,345631,NSEI,56.9065,-134.614833,56.8905,-134.614667,652.8816,,,,,,,,,,Retained,,360
2024,611,1,710,37833,ILONA B,8/10/2024 17:44,4,16,710,345631,NSEI,56.9065,-134.614833,56.8905,-134.614667,652.8816,,,,,,,,,,Retained,,361
2024,611,1,710,37833,ILONA B,8/10/2024 17:44,4,16,710,345631,NSEI,56.9065,-134.614833,56.8905,-134.614667,652.8816,,,,,,,,,,Retained,,362
2024,611,1,710,37833,ILONA B,8/10/2024 17:44,4,16,710,345631,NSEI,56.9065,-134.614833,56.8905,-134.614667,652.8816,,,,,,,,,,Retained,,363
2024,611,1,710,37833,ILONA B,8/10/2024 17:44,4,16,710,345631,NSEI,56.9065,-134.614833,56.8905,-134.614667,652.8816,,,,,,,,,,Retained,,364
2024,611,1,710,37833,ILONA B,8/10/2024 17:44,4,16,710,345631,NSEI,56.9065,-134.614833,56.8905,-134.614667,652.8816,,,,,,,,,,Retained,,365
2024,611,1,710,37833,ILONA B,8/10/2024 17:44,4,16,710,345631,NSEI,56.9065,-134.614833,56.8905,-134.614667,652.8816,,,,,,,,,,Retained,,366
2024,611,1,710,37833,ILONA B,8/10/2024 17:44,4,16,710,345631,NSEI,56.9065,-134.614833,56.8905,-134.614667,652.8816,,,,,,,,,,Retained,,367
2024,611,1,710,37833,ILONA B,8/10/2024 17:44,4,16,710,345631,NSEI,56.9065,-134.614833,56.8905,-134.614667,652.8816,,,,,,,,,,Retained,,368
2024,611,1,710,37833,ILONA B,8/10/2024 17:44,4,16,710,345631,NSEI,56.9065,-134.614833,56.8905,-134.614667,652.8816,,,,,,,,,,Retained,,369
2024,611,1,710,37833,ILONA B,8/10/2024 17:44,4,16,710,345631,NSEI,56.9065,-134.614833,56.8905,-134.614667,652.8816,,,,,,,,,,Retained,,370
2024,611,1,710,37833,ILONA B,8/10/2024 17:44,4,16,710,345631,NSEI,56.9065,-134.614833,56.8905,-134.614667,652.8816,,,,,,,,,,Retained,,371
2024,611,1,710,37833,ILONA B,8/10/2024 17:44,4,16,710,345631,NSEI,56.9065,-134.614833,56.8905,-134.614667,652.8816,,,,,,,,,,Retained,,372
2024,611,1,710,37833,ILONA B,8/10/2024 17:44,4,16,710,345631,NSEI,56.9065,-134.614833,56.8905,-134.614667,652.8816,,,,,,,,,,Retained,,373
2024,611,1,710,37833,ILONA B,8/10/2024 17:44,4,16,710,345631,NSEI,56.9065,-134.614833,56.8905,-134.614667,652.8816,,,,,,,,,,Retained,,374
2024,611,1,710,37833,ILONA B,8/10/2024 17:44,4,16,710,345631,NSEI,56.9065,-134.614833,56.8905,-134.614667,652.8816,,,,,,,,,,Retained,,375
2024,611,1,710,37833,ILONA B,8/10/2024 17:44,4,16,710,345631,NSEI,56.9065,-134.614833,56.8905,-134.614667,652.8816,,,,,,,,,,Retained,,376
2024,611,1,710,37833,ILONA B,8/10/2024 17:44,4,16,710,345631,NSEI,56.9065,-134.614833,56.8905,-134.614667,652.8816,,,,,,,,,,Retained,,377
2024,611,1,710,37833,ILONA B,8/10/2024 17:44,4,16,710,345631,NSEI,56.9065,-134.614833,56.8905,-134.614667,652.8816,,,,,,,,,,Retained,,378
2024,611,1,710,37833,ILONA B,8/10/2024 17:44,4,16,710,345631,NSEI,56.9065,-134.614833,56.8905,-134.614667,652.8816,,,,,,,,,,Retained,,379
2024,611,1,710,37833,ILONA B,8/10/2024 17:44,4,16,710,345631,NSEI,56.9065,-134.614833,56.8905,-134.614667,652.8816,,,,,,,,,,Retained,,380
2024,611,1,710,37833,ILONA B,8/10/2024 17:44,4,16,710,345631,NSEI,56.9065,-134.614833,56.8905,-134.614667,652.8816,,,,,,,,,,Retained,,381
2024,611,1,710,37833,ILONA B,8/10/2024 17:44,4,16,710,345631,NSEI,56.9065,-134.614833,56.8905,-134.614667,652.8816,,,,,,,,,,Retained,,382
2024,611,1,710,37833,ILONA B,8/10/2024 17:44,4,16,710,345631,NSEI,56.9065,-134.614833,56.8905,-134.614667,652.8816,,,,,,,,,,Retained,,383
2024,611,1,710,37833,ILONA B,8/10/2024 17:44,4,16,710,345631,NSEI,56.9065,-134.614833,56.8905,-134.614667,652.8816,,,,,,,,,,Retained,,384
2024,611,1,710,37833,ILONA B,8/10/2024 17:44,4,16,710,345631,NSEI,56.9065,-134.614833,56.8905,-134.614667,652.8816,,,,,,,,,,Retained,,385
2024,611,1,710,37833,ILONA B,8/10/2024 17:44,4,16,710,345631,NSEI,56.9065,-134.614833,56.8905,-134.614667,652.8816,,,,,,,,,,Retained,,386
2024,611,1,710,37833,ILONA B,8/10/2024 17:44,4,16,710,345631,NSEI,56.9065,-134.614833,56.8905,-134.614667,652.8816,,,,,,,,,,Retained,,387
2024,611,1,710,37833,ILONA B,8/10/2024 17:44,4,16,710,345631,NSEI,56.9065,-134.614833,56.8905,-134.614667,652.8816,,,,,,,,,,Retained,,388
2024,611,1,710,37833,ILONA B,8/10/2024 17:44,4,16,710,345631,NSEI,56.9065,-134.614833,56.8905,-134.614667,652.8816,,,,,,,,,,Retained,,389
2024,611,1,710,37833,ILONA B,8/10/2024 17:44,4,16,710,345631,NSEI,56.9065,-134.614833,56.8905,-134.614667,652.8816,,,,,,,,,,Retained,,390
2024,611,1,710,37833,ILONA B,8/10/2024 17:44,4,16,710,345631,NSEI,56.9065,-134.614833,56.8905,-134.614667,652.8816,,,,,,,,,,Retained,,391
2024,611,1,710,37833,ILONA B,8/10/2024 17:44,4,16,710,345631,NSEI,56.9065,-134.614833,56.8905,-134.614667,652.8816,,,,,,,,,,Retained,,392
2024,611,1,710,37833,ILONA B,8/10/2024 17:44,4,16,710,345631,NSEI,56.9065,-134.614833,56.8905,-134.614667,652.8816,,,,,,,,,,Retained,,393
2024,611,1,710,37833,ILONA B,8/10/2024 17:44,4,16,710,345631,NSEI,56.9065,-134.614833,56.8905,-134.614667,652.8816,,,,,,,,,,Retained,,394
2024,611,1,710,37833,ILONA B,8/10/2024 17:44,4,16,710,345631,NSEI,56.9065,-134.614833,56.8905,-134.614667,652.8816,,,,,,,,,,Retained,,395
2024,611,1,710,37833,ILONA B,8/10/2024 17:44,4,16,710,345631,NSEI,56.9065,-134.614833,56.8905,-134.614667,652.8816,,,,,,,,,,Retained,,396
2024,611,1,710,37833,ILONA B,8/10/2024 17:44,4,16,710,345631,NSEI,56.9065,-134.614833,56.8905,-134.614667,652.8816,,,,,,,,,,Retained,,397
2024,611,1,710,37833,ILONA B,8/10/2024 17:44,4,16,710,345631,NSEI,56.9065,-134.614833,56.8905,-134.614667,652.8816,,,,,,,,,,Retained,,398
2024,611,1,710,37833,ILONA B,8/10/2024 17:44,4,16,710,345631,NSEI,56.9065,-134.614833,56.8905,-134.614667,652.8816,,,,,,,,,,Retained,,399
2024,611,1,710,37833,ILONA B,8/10/2024 17:44,4,16,710,345631,NSEI,56.9065,-134.614833,56.8905,-134.614667,652.8816,,,,,,,,,,Retained,,400
2024,611,1,710,37833,ILONA B,8/10/2024 17:44,4,16,710,345631,NSEI,56.9065,-134.614833,56.8905,-134.614667,652.8816,,,,,,,,,,Retained,,401
2024,611,1,710,37833,ILONA B,8/10/2024 17:44,4,16,710,345631,NSEI,56.9065,-134.614833,56.8905,-134.614667,652.8816,,,,,,,,,,Retained,,402
2024,611,1,710,37833,ILONA B,8/10/2024 17:44,4,16,710,345631,NSEI,56.9065,-134.614833,56.8905,-134.614667,652.8816,,,,,,,,,,Retained,,403
2024,611,1,710,37833,ILONA B,8/10/2024 17:44,4,16,710,345631,NSEI,56.9065,-134.614833,56.8905,-134.614667,652.8816,,,,,,,,,,Retained,,404
2024,611,1,710,37833,ILONA B,8/10/2024 17:44,4,16,710,345631,NSEI,56.9065,-134.614833,56.8905,-134.614667,652.8816,,,,,,,,,,Retained,,405
2024,611,1,710,37833,ILONA B,8/10/2024 17:44,4,16,710,345631,NSEI,56.9065,-134.614833,56.8905,-134.614667,652.8816,,,,,,,,,,Retained,,406
2024,611,1,710,37833,ILONA B,8/10/2024 17:44,4,16,710,345631,NSEI,56.9065,-134.614833,56.8905,-134.614667,652.8816,,,,,,,,,,Retained,,407
2024,611,1,710,37833,ILONA B,8/10/2024 17:44,4,16,710,345631,NSEI,56.9065,-134.614833,56.8905,-134.614667,652.8816,,,,,,,,,,Retained,,408
2024,611,1,710,37833,ILONA B,8/10/2024 17:44,4,16,710,345631,NSEI,56.9065,-134.614833,56.8905,-134.614667,652.8816,,,,,,,,,,Retained,,409
2024,611,1,710,37833,ILONA B,8/10/2024 17:44,4,16,710,345631,NSEI,56.9065,-134.614833,56.8905,-134.614667,652.8816,,,,,,,,,,Retained,,410
2024,611,1,710,37833,ILONA B,8/10/2024 17:44,4,16,710,345631,NSEI,56.9065,-134.614833,56.8905,-134.614667,652.8816,,,,,,,,,,Retained,,411
2024,611,1,710,37833,ILONA B,8/10/2024 17:44,4,16,710,345631,NSEI,56.9065,-134.614833,56.8905,-134.614667,652.8816,,,,,,,,,,Retained,,412
2024,611,1,710,37833,ILONA B,8/10/2024 17:44,4,16,710,345631,NSEI,56.9065,-134.614833,56.8905,-134.614667,652.8816,,,,,,,,,,Retained,,413
2024,611,1,710,37833,ILONA B,8/10/2024 17:44,4,16,710,345631,NSEI,56.9065,-134.614833,56.8905,-134.614667,652.8816,,,,,,,,,,Retained,,414
2024,611,1,710,37833,ILONA B,8/10/2024 17:44,4,16,710,345631,NSEI,56.9065,-134.614833,56.8905,-134.614667,652.8816,,,,,,,,,,Retained,,415
2024,611,1,710,37833,ILONA B,8/10/2024 17:44,4,16,710,345631,NSEI,56.9065,-134.614833,56.8905,-134.614667,652.8816,,,,,,,,,,Retained,,416
2024,611,1,710,37833,ILONA B,8/10/2024 17:44,4,16,710,345631,NSEI,56.9065,-134.614833,56.8905,-134.614667,652.8816,,,,,,,,,,Retained,,417
2024,611,1,710,37833,ILONA B,8/10/2024 17:44,4,16,710,345631,NSEI,56.9065,-134.614833,56.8905,-134.614667,652.8816,,,,,,,,,,Retained,,418
2024,611,1,710,37833,ILONA B,8/10/2024 17:44,4,16,710,345631,NSEI,56.9065,-134.614833,56.8905,-134.614667,652.8816,,,,,,,,,,Retained,,419
2024,611,1,710,37833,ILONA B,8/10/2024 17:44,4,16,710,345631,NSEI,56.9065,-134.614833,56.8905,-134.614667,652.8816,,,,,,,,,,Retained,,420
2024,611,1,710,37833,ILONA B,8/10/2024 17:44,4,16,710,345631,NSEI,56.9065,-134.614833,56.8905,-134.614667,652.8816,,,,,,,,,,Retained,,421
2024,611,1,710,37833,ILONA B,8/10/2024 17:44,4,16,710,345631,NSEI,56.9065,-134.614833,56.8905,-134.614667,652.8816,,,,,,,,,,Retained,,422
2024,611,1,710,37833,ILONA B,8/10/2024 17:44,4,16,710,345631,NSEI,56.9065,-134.614833,56.8905,-134.614667,652.8816,,,,,,,,,,Retained,,423
2024,611,1,710,37833,ILONA B,8/10/2024 17:44,4,16,710,345631,NSEI,56.9065,-134.614833,56.8905,-134.614667,652.8816,,,,,,,,,,Retained,,424
2024,611,1,710,37833,ILONA B,8/10/2024 17:44,4,16,710,345631,NSEI,56.9065,-134.614833,56.8905,-134.614667,652.8816,,,,,,,,,,Retained,,425
2024,611,1,710,37833,ILONA B,8/10/2024 17:44,4,16,710,345631,NSEI,56.9065,-134.614833,56.8905,-134.614667,652.8816,,,,,,,,,,Retained,,426
2024,611,1,710,37833,ILONA B,8/10/2024 17:44,4,16,710,345631,NSEI,56.9065,-134.614833,56.8905,-134.614667,652.8816,,,,,,,,,,Retained,,427
2024,611,1,710,37833,ILONA B,8/10/2024 17:44,4,16,710,345631,NSEI,56.9065,-134.614833,56.8905,-134.614667,652.8816,,,,,,,,,,Retained,,428
2024,611,1,710,37833,ILONA B,8/10/2024 17:44,4,16,710,345631,NSEI,56.9065,-134.614833,56.8905,-134.614667,652.8816,,,,,,,,,,Retained,,429
2024,611,1,710,37833,ILONA B,8/10/2024 17:44,4,16,710,345631,NSEI,56.9065,-134.614833,56.8905,-134.614667,652.8816,,,,,,,,,,Retained,,430
2024,611,1,710,37833,ILONA B,8/10/2024 17:44,4,16,710,345631,NSEI,56.9065,-134.614833,56.8905,-134.614667,652.8816,,,,,,,,,,Retained,,431
2024,611,1,710,37833,ILONA B,8/10/2024 17:44,4,16,710,345631,NSEI,56.9065,-134.614833,56.8905,-134.614667,652.8816,,,,,,,,,,Retained,,432
2024,611,1,710,37833,ILONA B,8/10/2024 17:44,4,16,710,345631,NSEI,56.9065,-134.614833,56.8905,-134.614667,652.8816,,,,,,,,,,Retained,,433
2024,611,1,710,37833,ILONA B,8/10/2024 17:44,4,16,710,345631,NSEI,56.9065,-134.614833,56.8905,-134.614667,652.8816,,,,,,,,,,Retained,,434
2024,611,1,710,37833,ILONA B,8/10/2024 17:44,4,16,710,345631,NSEI,56.9065,-134.614833,56.8905,-134.614667,652.8816,,,,,,,,,,Retained,,435
2024,611,1,710,37833,ILONA B,8/10/2024 17:44,4,16,710,345631,NSEI,56.9065,-134.614833,56.8905,-134.614667,652.8816,,,,,,,,,,Retained,,436
2024,611,1,710,37833,ILONA B,8/10/2024 17:44,4,16,710,345631,NSEI,56.9065,-134.614833,56.8905,-134.614667,652.8816,,,,,,,,,,Retained,,437
2024,611,1,710,37833,ILONA B,8/10/2024 17:44,4,16,710,345631,NSEI,56.9065,-134.614833,56.8905,-134.614667,652.8816,,,,,,,,,,Retained,,438
2024,611,1,710,37833,ILONA B,8/10/2024 17:44,4,16,710,345631,NSEI,56.9065,-134.614833,56.8905,-134.614667,652.8816,,,,,,,,,,Retained,,439
2024,611,1,710,37833,ILONA B,8/10/2024 17:44,4,16,710,345631,NSEI,56.9065,-134.614833,56.8905,-134.614667,652.8816,,,,,,,,,,Retained,,440
2024,611,1,710,37833,ILONA B,8/10/2024 17:44,4,16,710,345631,NSEI,56.9065,-134.614833,56.8905,-134.614667,652.8816,,,,,,,,,,Retained,,442
2024,611,1,710,37833,ILONA B,8/10/2024 17:44,4,16,710,345631,NSEI,56.9065,-134.614833,56.8905,-134.614667,652.8816,,,,,,,,,,Retained,,443
2024,611,1,710,37833,ILONA B,8/10/2024 17:44,4,16,710,345631,NSEI,56.9065,-134.614833,56.8905,-134.614667,652.8816,,,,,,,,,,Retained,,444
2024,611,1,710,37833,ILONA B,8/10/2024 17:44,4,16,710,345631,NSEI,56.9065,-134.614833,56.8905,-134.614667,652.8816,,,,,,,,,,Retained,,445
2024,611,1,710,37833,ILONA B,8/10/2024 17:44,4,16,710,345631,NSEI,56.9065,-134.614833,56.8905,-134.614667,652.8816,,,,,,,,,,Retained,,446
2024,611,1,710,37833,ILONA B,8/10/2024 17:44,4,16,710,345631,NSEI,56.9065,-134.614833,56.8905,-134.614667,652.8816,,,,,,,,,,Retained,,447
2024,611,1,710,37833,ILONA B,8/10/2024 17:44,4,16,710,345631,NSEI,56.9065,-134.614833,56.8905,-134.614667,652.8816,,,,,,,,,,Retained,,448
2024,611,1,710,37833,ILONA B,8/10/2024 17:44,4,16,710,345631,NSEI,56.9065,-134.614833,56.8905,-134.614667,652.8816,,,,,,,,,,Retained,,449
2024,611,1,710,37833,ILONA B,8/10/2024 17:44,4,16,710,345631,NSEI,56.9065,-134.614833,56.8905,-134.614667,652.8816,,,,,,,,,,Retained,,450
2024,611,1,710,37833,ILONA B,8/10/2024 17:44,4,16,710,345631,NSEI,56.9065,-134.614833,56.8905,-134.614667,652.8816,,,,,,,,,,Retained,,451
2024,611,1,710,37833,ILONA B,8/10/2024 17:44,4,16,710,345631,NSEI,56.9065,-134.614833,56.8905,-134.614667,652.8816,,,,,,,,,,Retained,,452
2024,611,1,710,37833,ILONA B,8/10/2024 17:44,4,16,710,345631,NSEI,56.9065,-134.614833,56.8905,-134.614667,652.8816,,,,,,,,,,Retained,,453
2024,611,1,710,37833,ILONA B,8/10/2024 17:44,4,16,710,345631,NSEI,56.9065,-134.614833,56.8905,-134.614667,652.8816,,,,,,,,,,Retained,,454
2024,611,1,710,37833,ILONA B,8/10/2024 17:44,4,16,710,345631,NSEI,56.9065,-134.614833,56.8905,-134.614667,652.8816,,,,,,,,,,Retained,,455
2024,611,1,710,37833,ILONA B,8/10/2024 17:44,4,16,710,345631,NSEI,56.9065,-134.614833,56.8905,-134.614667,652.8816,,,,,,,,,,Retained,,456
2024,611,1,710,37833,ILONA B,8/10/2024 17:44,4,16,710,345631,NSEI,56.9065,-134.614833,56.8905,-134.614667,652.8816,,,,,,,,,,Retained,,457
2024,611,1,710,37833,ILONA B,8/10/2024 17:44,4,16,710,345631,NSEI,56.9065,-134.614833,56.8905,-134.614667,652.8816,,,,,,,,,,Retained,,458
2024,611,1,710,37833,ILONA B,8/10/2024 17:44,4,16,710,345631,NSEI,56.9065,-134.614833,56.8905,-134.614667,652.8816,,,,,,,,,,Retained,,459
2024,611,1,710,37833,ILONA B,8/10/2024 17:44,4,16,710,345631,NSEI,56.9065,-134.614833,56.8905,-134.614667,652.8816,,,,,,,,,,Retained,,461
2024,611,1,710,37833,ILONA B,8/10/2024 17:44,4,16,710,345631,NSEI,56.9065,-134.614833,56.8905,-134.614667,652.8816,,,,,,,,,,Retained,,462
2024,611,1,710,37833,ILONA B,8/10/2024 17:44,4,16,710,345631,NSEI,56.9065,-134.614833,56.8905,-134.614667,652.8816,,,,,,,,,,Retained,,463
2024,611,1,710,37833,ILONA B,8/10/2024 17:44,4,16,710,345631,NSEI,56.9065,-134.614833,56.8905,-134.614667,652.8816,,,,,,,,,,Retained,,464
2024,611,1,710,37833,ILONA B,8/10/2024 17:44,4,16,710,345631,NSEI,56.9065,-134.614833,56.8905,-134.614667,652.8816,,,,,,,,,,Retained,,465
2024,611,1,710,37833,ILONA B,8/10/2024 17:44,4,16,710,345631,NSEI,56.9065,-134.614833,56.8905,-134.614667,652.8816,,,,,,,,,,Retained,,466
2024,611,1,710,37833,ILONA B,8/10/2024 17:44,4,16,710,345631,NSEI,56.9065,-134.614833,56.8905,-134.614667,652.8816,,,,,,,,,,Retained,,467
2024,611,1,710,37833,ILONA B,8/10/2024 17:44,4,16,710,345631,NSEI,56.9065,-134.614833,56.8905,-134.614667,652.8816,,,,,,,,,,Retained,,468
2024,611,1,710,37833,ILONA B,8/10/2024 17:44,4,16,710,345631,NSEI,56.9065,-134.614833,56.8905,-134.614667,652.8816,,,,,,,,,,Retained,,469
2024,611,1,710,37833,ILONA B,8/10/2024 17:44,4,16,710,345631,NSEI,56.9065,-134.614833,56.8905,-134.614667,652.8816,,,,,,,,,,Retained,,470
2024,611,1,710,37833,ILONA B,8/10/2024 17:44,4,16,710,345631,NSEI,56.9065,-134.614833,56.8905,-134.614667,652.8816,,,,,,,,,,Retained,,471
2024,611,1,710,37833,ILONA B,8/10/2024 17:44,4,16,710,345631,NSEI,56.9065,-134.614833,56.8905,-134.614667,652.8816,,,,,,,,,,Retained,,472
2024,611,1,710,37833,ILONA B,8/10/2024 17:44,4,16,710,345631,NSEI,56.9065,-134.614833,56.8905,-134.614667,652.8816,,,,,,,,,,Retained,,473
2024,611,1,710,37833,ILONA B,8/10/2024 17:44,4,16,710,345631,NSEI,56.9065,-134.614833,56.8905,-134.614667,652.8816,,,,,,,,,,Retained,,474
2024,611,1,710,37833,ILONA B,8/10/2024 17:44,4,16,710,345631,NSEI,56.9065,-134.614833,56.8905,-134.614667,652.8816,,,,,,,,,,Retained,,475
2024,611,1,710,37833,ILONA B,8/10/2024 17:44,4,16,710,345631,NSEI,56.9065,-134.614833,56.8905,-134.614667,652.8816,,,,,,,,,,Retained,,476
2024,611,1,710,37833,ILONA B,8/10/2024 17:44,4,16,710,345631,NSEI,56.9065,-134.614833,56.8905,-134.614667,652.8816,,,,,,,,,,Retained,,477
2024,611,1,710,37833,ILONA B,8/10/2024 17:44,4,16,710,345631,NSEI,56.9065,-134.614833,56.8905,-134.614667,652.8816,,,,,,,,,,Retained,,478
2024,611,1,710,37833,ILONA B,8/10/2024 17:44,4,16,710,345631,NSEI,56.9065,-134.614833,56.8905,-134.614667,652.8816,,,,,,,,,,Retained,,479
2024,611,1,710,37833,ILONA B,8/10/2024 17:44,4,16,710,345631,NSEI,56.9065,-134.614833,56.8905,-134.614667,652.8816,,,,,,,,,,Retained,,480
2024,611,1,710,37833,ILONA B,8/10/2024 17:44,4,16,710,345631,NSEI,56.9065,-134.614833,56.8905,-134.614667,652.8816,,,,,,,,,,Retained,,481
2024,611,1,710,37833,ILONA B,8/10/2024 17:44,4,16,710,345631,NSEI,56.9065,-134.614833,56.8905,-134.614667,652.8816,,,,,,,,,,Retained,,482
2024,611,1,710,37833,ILONA B,8/10/2024 17:44,4,16,710,345631,NSEI,56.9065,-134.614833,56.8905,-134.614667,652.8816,,,,,,,,,,Retained,,483
2024,611,1,710,37833,ILONA B,8/10/2024 17:44,4,16,710,345631,NSEI,56.9065,-134.614833,56.8905,-134.614667,652.8816,,,,,,,,,,Retained,,484
2024,611,1,710,37833,ILONA B,8/10/2024 17:44,4,16,710,345631,NSEI,56.9065,-134.614833,56.8905,-134.614667,652.8816,,,,,,,,,,Retained,,485
2024,611,1,710,37833,ILONA B,8/10/2024 17:44,4,16,710,345631,NSEI,56.9065,-134.614833,56.8905,-134.614667,652.8816,,,,,,,,,,Retained,,486
2024,611,1,710,37833,ILONA B,8/10/2024 17:44,4,16,710,345631,NSEI,56.9065,-134.614833,56.8905,-134.614667,652.8816,,,,,,,,,,Retained,,487
2024,611,1,710,37833,ILONA B,8/10/2024 17:44,4,16,710,345631,NSEI,56.9065,-134.614833,56.8905,-134.614667,652.8816,,,,,,,,,,Retained,,488
2024,611,1,710,37833,ILONA B,8/10/2024 17:44,4,16,710,345631,NSEI,56.9065,-134.614833,56.8905,-134.614667,652.8816,,,,,,,,,,Retained,,489
2024,611,1,710,37833,ILONA B,8/10/2024 17:44,4,16,710,345631,NSEI,56.9065,-134.614833,56.8905,-134.614667,652.8816,,,,,,,,,,Retained,,490
2024,611,1,710,37833,ILONA B,8/10/2024 17:44,4,16,710,345631,NSEI,56.9065,-134.614833,56.8905,-134.614667,652.8816,,,,,,,,,,Retained,,491
2024,611,1,710,37833,ILONA B,8/10/2024 17:44,4,16,710,345631,NSEI,56.9065,-134.614833,56.8905,-134.614667,652.8816,,,,,,,,,,Retained,,492
2024,611,1,710,37833,ILONA B,8/10/2024 17:44,4,16,710,345631,NSEI,56.9065,-134.614833,56.8905,-134.614667,652.8816,,,,,,,,,,Retained,,493
2024,611,1,710,37833,ILONA B,8/10/2024 17:44,4,16,710,345631,NSEI,56.9065,-134.614833,56.8905,-134.614667,652.8816,,,,,,,,,,Retained,,494
2024,611,1,710,37833,ILONA B,8/10/2024 17:44,4,16,710,345631,NSEI,56.9065,-134.614833,56.8905,-134.614667,652.8816,,,,,,,,,,Retained,,495
2024,611,1,710,37833,ILONA B,8/10/2024 17:44,4,16,710,345631,NSEI,56.9065,-134.614833,56.8905,-134.614667,652.8816,,,,,,,,,,Retained,,496
2024,611,1,710,37833,ILONA B,8/10/2024 17:44,4,16,710,345631,NSEI,56.9065,-134.614833,56.8905,-134.614667,652.8816,,,,,,,,,,Retained,,497
2024,611,1,710,37833,ILONA B,8/10/2024 17:44,4,16,710,345631,NSEI,56.9065,-134.614833,56.8905,-134.614667,652.8816,,,,,,,,,,Retained,,498
2024,611,1,710,37833,ILONA B,8/10/2024 17:44,4,16,710,345631,NSEI,56.9065,-134.614833,56.8905,-134.614667,652.8816,,,,,,,,,,Retained,,499
2024,611,1,710,37833,ILONA B,8/10/2024 17:44,4,16,710,345631,NSEI,56.9065,-134.614833,56.8905,-134.614667,652.8816,,,,,,,,,,Retained,,500
2024,611,1,710,37833,ILONA B,8/10/2024 17:44,4,16,710,345631,NSEI,56.9065,-134.614833,56.8905,-134.614667,652.8816,,,,,,,,,,Retained,,501
2024,611,1,710,37833,ILONA B,8/10/2024 17:44,4,16,710,345631,NSEI,56.9065,-134.614833,56.8905,-134.614667,652.8816,,,,,,,,,,Retained,,502
2024,611,1,710,37833,ILONA B,8/10/2024 17:44,4,16,710,345631,NSEI,56.9065,-134.614833,56.8905,-134.614667,652.8816,,,,,,,,,,Retained,,503
2024,611,1,710,37833,ILONA B,8/10/2024 17:44,4,16,710,345631,NSEI,56.9065,-134.614833,56.8905,-134.614667,652.8816,,,,,,,,,,Retained,,504
2024,611,1,710,37833,ILONA B,8/10/2024 17:44,4,16,710,345631,NSEI,56.9065,-134.614833,56.8905,-134.614667,652.8816,,,,,,,,,,Retained,,505
2024,611,1,710,37833,ILONA B,8/10/2024 17:44,4,16,710,345631,NSEI,56.9065,-134.614833,56.8905,-134.614667,652.8816,,,,,,,,,,Retained,,506
2024,611,1,710,37833,ILONA B,8/10/2024 17:44,4,16,710,345631,NSEI,56.9065,-134.614833,56.8905,-134.614667,652.8816,,,,,,,,,,Retained,,507
2024,611,1,710,37833,ILONA B,8/10/2024 17:44,4,16,710,345631,NSEI,56.9065,-134.614833,56.8905,-134.614667,652.8816,,,,,,,,,,Retained,,508
2024,611,1,710,37833,ILONA B,8/10/2024 17:44,4,16,710,345631,NSEI,56.9065,-134.614833,56.8905,-134.614667,652.8816,,,,,,,,,,Retained,,509
2024,611,1,710,37833,ILONA B,8/10/2024 17:44,4,16,710,345631,NSEI,56.9065,-134.614833,56.8905,-134.614667,652.8816,,,,,,,,,,Retained,,510
2024,611,1,710,37833,ILONA B,8/10/2024 17:44,4,16,710,345631,NSEI,56.9065,-134.614833,56.8905,-134.614667,652.8816,,,,,,,,,,Retained,,511
2024,611,1,710,37833,ILONA B,8/10/2024 17:44,4,16,710,345631,NSEI,56.9065,-134.614833,56.8905,-134.614667,652.8816,,,,,,,,,,Retained,,512
2024,611,1,710,37833,ILONA B,8/10/2024 17:44,4,16,710,345631,NSEI,56.9065,-134.614833,56.8905,-134.614667,652.8816,,,,,,,,,,Retained,,513
2024,611,1,710,37833,ILONA B,8/10/2024 17:44,4,16,710,345631,NSEI,56.9065,-134.614833,56.8905,-134.614667,652.8816,,,,,,,,,,Retained,,514
2024,611,1,710,37833,ILONA B,8/10/2024 17:44,4,16,710,345631,NSEI,56.9065,-134.614833,56.8905,-134.614667,652.8816,,,,,,,,,,Retained,,515
2024,611,1,710,37833,ILONA B,8/10/2024 17:44,4,16,710,345631,NSEI,56.9065,-134.614833,56.8905,-134.614667,652.8816,,,,,,,,,,Retained,,516
2024,611,1,710,37833,ILONA B,8/10/2024 17:44,4,16,710,345631,NSEI,56.9065,-134.614833,56.8905,-134.614667,652.8816,,,,,,,,,,Retained,,517
2024,611,1,710,37833,ILONA B,8/10/2024 17:44,4,16,710,345631,NSEI,56.9065,-134.614833,56.8905,-134.614667,652.8816,,,,,,,,,,Retained,,518
2024,611,1,710,37833,ILONA B,8/10/2024 17:44,4,16,710,345631,NSEI,56.9065,-134.614833,56.8905,-134.614667,652.8816,,,,,,,,,,Retained,,519
2024,611,1,710,37833,ILONA B,8/10/2024 17:44,4,16,710,345631,NSEI,56.9065,-134.614833,56.8905,-134.614667,652.8816,,,,,,,,,,Retained,,520
2024,611,1,710,37833,ILONA B,8/10/2024 17:44,4,16,710,345631,NSEI,56.9065,-134.614833,56.8905,-134.614667,652.8816,,,,,,,,,,Retained,,521
2024,611,1,710,37833,ILONA B,8/10/2024 17:44,4,16,710,345631,NSEI,56.9065,-134.614833,56.8905,-134.614667,652.8816,,,,,,,,,,Retained,,522
2024,611,1,710,37833,ILONA B,8/10/2024 17:44,4,16,710,345631,NSEI,56.9065,-134.614833,56.8905,-134.614667,652.8816,,,,,,,,,,Retained,,523
2024,611,1,710,37833,ILONA B,8/10/2024 17:44,4,16,710,345631,NSEI,56.9065,-134.614833,56.8905,-134.614667,652.8816,,,,,,,,,,Retained,,524
2024,611,1,710,37833,ILONA B,8/10/2024 17:44,4,16,710,345631,NSEI,56.9065,-134.614833,56.8905,-134.614667,652.8816,,,,,,,,,,Retained,,525
2024,611,1,710,37833,ILONA B,8/10/2024 17:44,4,16,710,345631,NSEI,56.9065,-134.614833,56.8905,-134.614667,652.8816,,,,,,,,,,Retained,,526
2024,611,1,710,37833,ILONA B,8/10/2024 17:44,4,16,710,345631,NSEI,56.9065,-134.614833,56.8905,-134.614667,652.8816,,,,,,,,,,Retained,,527
2024,611,1,710,37833,ILONA B,8/10/2024 17:44,4,16,710,345631,NSEI,56.9065,-134.614833,56.8905,-134.614667,652.8816,,,,,,,,,,Retained,,528
2024,611,1,710,37833,ILONA B,8/10/2024 17:44,4,16,710,345631,NSEI,56.9065,-134.614833,56.8905,-134.614667,652.8816,,,,,,,,,,Retained,,529
2024,611,1,710,37833,ILONA B,8/10/2024 17:44,4,16,710,345631,NSEI,56.9065,-134.614833,56.8905,-134.614667,652.8816,,,,,,,,,,Retained,,530
2024,611,1,710,37833,ILONA B,8/10/2024 17:44,4,16,710,345631,NSEI,56.9065,-134.614833,56.8905,-134.614667,652.8816,,,,,,,,,,Retained,,531
2024,611,1,710,37833,ILONA B,8/10/2024 17:44,4,16,710,345631,NSEI,56.9065,-134.614833,56.8905,-134.614667,652.8816,,,,,,,,,,Retained,,532
2024,611,1,710,37833,ILONA B,8/10/2024 17:44,4,16,710,345631,NSEI,56.9065,-134.614833,56.8905,-134.614667,652.8816,,,,,,,,,,Retained,,533
2024,611,1,710,37833,ILONA B,8/10/2024 17:44,4,16,710,345631,NSEI,56.9065,-134.614833,56.8905,-134.614667,652.8816,,,,,,,,,,Retained,,534
2024,611,1,710,37833,ILONA B,8/10/2024 17:44,4,16,710,345631,NSEI,56.9065,-134.614833,56.8905,-134.614667,652.8816,,,,,,,,,,Retained,,535
2024,611,1,710,37833,ILONA B,8/10/2024 17:44,4,16,710,345631,NSEI,56.9065,-134.614833,56.8905,-134.614667,652.8816,,,,,,,,,,Retained,,536
2024,611,1,710,37833,ILONA B,8/10/2024 17:44,4,16,710,345631,NSEI,56.9065,-134.614833,56.8905,-134.614667,652.8816,,,,,,,,,,Retained,,537
2024,611,1,710,37833,ILONA B,8/10/2024 17:44,4,16,710,345631,NSEI,56.9065,-134.614833,56.8905,-134.614667,652.8816,,,,,,,,,,Retained,,538
2024,611,1,710,37833,ILONA B,8/10/2024 17:44,4,16,710,345631,NSEI,56.9065,-134.614833,56.8905,-134.614667,652.8816,,,,,,,,,,Retained,,539
2024,611,1,710,37833,ILONA B,8/10/2024 17:44,4,16,710,345631,NSEI,56.9065,-134.614833,56.8905,-134.614667,652.8816,,,,,,,,,,Retained,,540
2024,611,1,710,37833,ILONA B,8/10/2024 17:44,4,16,710,345631,NSEI,56.9065,-134.614833,56.8905,-134.614667,652.8816,,,,,,,,,,Retained,,541
2024,611,1,710,37833,ILONA B,8/10/2024 17:44,4,16,710,345631,NSEI,56.9065,-134.614833,56.8905,-134.614667,652.8816,,,,,,,,,,Retained,,542
2024,611,1,710,37833,ILONA B,8/10/2024 17:44,4,16,710,345631,NSEI,56.9065,-134.614833,56.8905,-134.614667,652.8816,,,,,,,,,,Retained,,543
2024,611,1,710,37833,ILONA B,8/10/2024 17:44,4,16,710,345631,NSEI,56.9065,-134.614833,56.8905,-134.614667,652.8816,,,,,,,,,,Retained,,544
2024,611,1,710,37833,ILONA B,8/10/2024 17:44,4,16,710,345631,NSEI,56.9065,-134.614833,56.8905,-134.614667,652.8816,,,,,,,,,,Retained,,545
2024,611,1,710,37833,ILONA B,8/10/2024 17:44,4,16,710,345631,NSEI,56.9065,-134.614833,56.8905,-134.614667,652.8816,,,,,,,,,,Retained,,546
2024,611,1,710,37833,ILONA B,8/10/2024 17:44,4,16,710,345631,NSEI,56.9065,-134.614833,56.8905,-134.614667,652.8816,,,,,,,,,,Retained,,547
2024,611,1,710,37833,ILONA B,8/10/2024 17:44,4,16,710,345631,NSEI,56.9065,-134.614833,56.8905,-134.614667,652.8816,,,,,,,,,,Retained,,548
2024,611,1,710,37833,ILONA B,8/10/2024 17:44,4,16,710,345631,NSEI,56.9065,-134.614833,56.8905,-134.614667,652.8816,,,,,,,,,,Retained,,549
2024,611,1,710,37833,ILONA B,8/10/2024 17:44,4,16,710,345631,NSEI,56.9065,-134.614833,56.8905,-134.614667,652.8816,,,,,,,,,,Retained,,550
2024,611,1,710,37833,ILONA B,8/10/2024 17:44,4,16,710,345631,NSEI,56.9065,-134.614833,56.8905,-134.614667,652.8816,,,,,,,,,,Retained,,551
2024,611,1,710,37833,ILONA B,8/10/2024 17:44,4,16,710,345631,NSEI,56.9065,-134.614833,56.8905,-134.614667,652.8816,,,,,,,,,,Retained,,552
2024,611,1,710,37833,ILONA B,8/10/2024 17:44,4,16,710,345631,NSEI,56.9065,-134.614833,56.8905,-134.614667,652.8816,,,,,,,,,,Retained,,553
2024,611,1,710,37833,ILONA B,8/10/2024 17:44,4,16,710,345631,NSEI,56.9065,-134.614833,56.8905,-134.614667,652.8816,,,,,,,,,,Retained,,554
2024,611,1,710,37833,ILONA B,8/10/2024 17:44,4,16,710,345631,NSEI,56.9065,-134.614833,56.8905,-134.614667,652.8816,,,,,,,,,,Retained,,555
2024,611,1,710,37833,ILONA B,8/10/2024 17:44,4,16,710,345631,NSEI,56.9065,-134.614833,56.8905,-134.614667,652.8816,,,,,,,,,,Retained,,556
2024,611,1,710,37833,ILONA B,8/10/2024 17:44,4,16,710,345631,NSEI,56.9065,-134.614833,56.8905,-134.614667,652.8816,,,,,,,,,,Retained,,557
2024,611,1,710,37833,ILONA B,8/10/2024 17:44,4,16,710,345631,NSEI,56.9065,-134.614833,56.8905,-134.614667,652.8816,,,,,,,,,,Retained,,558
2024,611,1,710,37833,ILONA B,8/10/2024 17:44,4,16,710,345631,NSEI,56.9065,-134.614833,56.8905,-134.614667,652.8816,,,,,,,,,,Retained,,559
2024,611,1,710,37833,ILONA B,8/10/2024 17:44,4,16,710,345631,NSEI,56.9065,-134.614833,56.8905,-134.614667,652.8816,,,,,,,,,,Retained,,560
2024,611,1,710,37833,ILONA B,8/10/2024 17:44,4,16,710,345631,NSEI,56.9065,-134.614833,56.8905,-134.614667,652.8816,,,,,,,,,,Retained,,561
2024,611,1,710,37833,ILONA B,8/10/2024 17:44,4,16,710,345631,NSEI,56.9065,-134.614833,56.8905,-134.614667,652.8816,,,,,,,,,,Retained,,562
2024,611,1,710,37833,ILONA B,8/10/2024 17:44,4,16,710,345631,NSEI,56.9065,-134.614833,56.8905,-134.614667,652.8816,,,,,,,,,,Retained,,563
2024,611,1,710,37833,ILONA B,8/10/2024 17:44,4,16,710,345631,NSEI,56.9065,-134.614833,56.8905,-134.614667,652.8816,,,,,,,,,,Retained,,564
2024,611,1,710,37833,ILONA B,8/10/2024 17:44,4,16,710,345631,NSEI,56.9065,-134.614833,56.8905,-134.614667,652.8816,,,,,,,,,,Retained,,565
2024,611,1,710,37833,ILONA B,8/10/2024 17:44,4,16,710,345631,NSEI,56.9065,-134.614833,56.8905,-134.614667,652.8816,,,,,,,,,,Retained,,566
2024,611,1,710,37833,ILONA B,8/10/2024 17:44,4,16,710,345631,NSEI,56.9065,-134.614833,56.8905,-134.614667,652.8816,,,,,,,,,,Retained,,567
2024,611,1,710,37833,ILONA B,8/10/2024 17:44,4,16,710,345631,NSEI,56.9065,-134.614833,56.8905,-134.614667,652.8816,,,,,,,,,,Retained,,568
2024,611,1,710,37833,ILONA B,8/10/2024 17:44,4,16,710,345631,NSEI,56.9065,-134.614833,56.8905,-134.614667,652.8816,,,,,,,,,,Retained,,569
2024,611,1,710,37833,ILONA B,8/10/2024 17:44,4,16,710,345631,NSEI,56.9065,-134.614833,56.8905,-134.614667,652.8816,,,,,,,,,,Retained,,570
2024,611,1,710,37833,ILONA B,8/10/2024 17:44,4,16,710,345631,NSEI,56.9065,-134.614833,56.8905,-134.614667,652.8816,,,,,,,,,,Retained,,571
2024,611,1,710,37833,ILONA B,8/10/2024 17:44,4,16,710,345631,NSEI,56.9065,-134.614833,56.8905,-134.614667,652.8816,,,,,,,,,,Retained,,572
2024,611,1,710,37833,ILONA B,8/10/2024 17:44,4,16,710,345631,NSEI,56.9065,-134.614833,56.8905,-134.614667,652.8816,,,,,,,,,,Retained,,573
2024,611,1,710,37833,ILONA B,8/10/2024 17:44,4,16,710,345631,NSEI,56.9065,-134.614833,56.8905,-134.614667,652.8816,,,,,,,,,,Retained,,574
2024,611,1,710,37833,ILONA B,8/10/2024 17:44,4,16,710,345631,NSEI,56.9065,-134.614833,56.8905,-134.614667,652.8816,,,,,,,,,,Retained,,575
2024,611,1,710,37833,ILONA B,8/10/2024 17:44,4,16,710,345631,NSEI,56.9065,-134.614833,56.8905,-134.614667,652.8816,,,,,,,,,,Retained,,576
2024,611,1,710,37833,ILONA B,8/10/2024 17:44,4,16,710,345631,NSEI,56.9065,-134.614833,56.8905,-134.614667,652.8816,,,,,,,,,,Retained,,577
2024,611,1,710,37833,ILONA B,8/10/2024 17:44,4,16,710,345631,NSEI,56.9065,-134.614833,56.8905,-134.614667,652.8816,,,,,,,,,,Retained,,578
2024,611,1,710,37833,ILONA B,8/10/2024 17:44,4,16,710,345631,NSEI,56.9065,-134.614833,56.8905,-134.614667,652.8816,,,,,,,,,,Retained,,579
2024,611,1,710,37833,ILONA B,8/10/2024 17:44,4,16,710,345631,NSEI,56.9065,-134.614833,56.8905,-134.614667,652.8816,,,,,,,,,,Retained,,580
2024,611,1,710,37833,ILONA B,8/10/2024 17:44,4,16,710,345631,NSEI,56.9065,-134.614833,56.8905,-134.614667,652.8816,,,,,,,,,,Retained,,581
2024,611,1,710,37833,ILONA B,8/10/2024 17:44,4,16,710,345631,NSEI,56.9065,-134.614833,56.8905,-134.614667,652.8816,,,,,,,,,,Retained,,582
2024,611,1,710,37833,ILONA B,8/10/2024 17:44,4,16,710,345631,NSEI,56.9065,-134.614833,56.8905,-134.614667,652.8816,,,,,,,,,,Retained,,583
2024,611,1,710,37833,ILONA B,8/10/2024 17:44,4,16,710,345631,NSEI,56.9065,-134.614833,56.8905,-134.614667,652.8816,,,,,,,,,,Retained,,584
2024,611,1,710,37833,ILONA B,8/10/2024 17:44,4,16,710,345631,NSEI,56.9065,-134.614833,56.8905,-134.614667,652.8816,,,,,,,,,,Retained,,585
2024,611,1,710,37833,ILONA B,8/10/2024 17:44,4,16,710,345631,NSEI,56.9065,-134.614833,56.8905,-134.614667,652.8816,,,,,,,,,,Retained,,586
2024,611,1,710,37833,ILONA B,8/10/2024 17:44,4,16,710,345631,NSEI,56.9065,-134.614833,56.8905,-134.614667,652.8816,,,,,,,,,,Retained,,587
2024,611,1,710,37833,ILONA B,8/10/2024 17:44,4,16,710,345631,NSEI,56.9065,-134.614833,56.8905,-134.614667,652.8816,,,,,,,,,,Retained,,588
2024,611,1,710,37833,ILONA B,8/10/2024 17:44,4,16,710,345631,NSEI,56.9065,-134.614833,56.8905,-134.614667,652.8816,,,,,,,,,,Retained,,589
2024,611,1,710,37833,ILONA B,8/10/2024 17:44,4,16,710,345631,NSEI,56.9065,-134.614833,56.8905,-134.614667,652.8816,,,,,,,,,,Retained,,590
2024,611,1,710,37833,ILONA B,8/10/2024 17:44,4,16,710,345631,NSEI,56.9065,-134.614833,56.8905,-134.614667,652.8816,,,,,,,,,,Retained,,591
2024,611,1,710,37833,ILONA B,8/10/2024 17:44,4,16,710,345631,NSEI,56.9065,-134.614833,56.8905,-134.614667,652.8816,,,,,,,,,,Retained,,592
2024,611,1,710,37833,ILONA B,8/10/2024 17:44,4,16,710,345631,NSEI,56.9065,-134.614833,56.8905,-134.614667,652.8816,,,,,,,,,,Retained,,593
2024,611,1,710,37833,ILONA B,8/10/2024 17:44,4,16,710,345631,NSEI,56.9065,-134.614833,56.8905,-134.614667,652.8816,,,,,,,,,,Retained,,594
2024,611,1,710,37833,ILONA B,8/10/2024 17:44,4,16,710,345631,NSEI,56.9065,-134.614833,56.8905,-134.614667,652.8816,,,,,,,,,,Retained,,595
2024,611,1,710,37833,ILONA B,8/10/2024 17:44,4,16,710,345631,NSEI,56.9065,-134.614833,56.8905,-134.614667,652.8816,,,,,,,,,,Retained,,596
2024,611,1,710,37833,ILONA B,8/10/2024 17:44,4,16,710,345631,NSEI,56.9065,-134.614833,56.8905,-134.614667,652.8816,,,,,,,,,,Retained,,597
2024,611,1,710,37833,ILONA B,8/10/2024 17:44,4,16,710,345631,NSEI,56.9065,-134.614833,56.8905,-134.614667,652.8816,,,,,,,,,,Retained,,598
2024,611,1,710,37833,ILONA B,8/10/2024 17:44,4,16,710,345631,NSEI,56.9065,-134.614833,56.8905,-134.614667,652.8816,,,,,,,,,,Retained,,599
2024,611,1,710,37833,ILONA B,8/10/2024 17:44,4,16,710,345631,NSEI,56.9065,-134.614833,56.8905,-134.614667,652.8816,,,,,,,,,,Retained,,600
2024,611,1,710,37833,ILONA B,8/10/2024 17:44,4,16,710,345631,NSEI,56.9065,-134.614833,56.8905,-134.614667,652.8816,,,,,,,,,,Retained,,601
2024,611,1,710,37833,ILONA B,8/10/2024 17:44,4,16,710,345631,NSEI,56.9065,-134.614833,56.8905,-134.614667,652.8816,,,,,,,,,,Retained,,602
2024,611,1,710,37833,ILONA B,8/10/2024 17:44,4,16,710,345631,NSEI,56.9065,-134.614833,56.8905,-134.614667,652.8816,,,,,,,,,,Retained,,603
2024,611,1,710,37833,ILONA B,8/10/2024 17:44,4,16,710,345631,NSEI,56.9065,-134.614833,56.8905,-134.614667,652.8816,,,,,,,,,,Retained,,604
2024,611,1,710,37833,ILONA B,8/10/2024 17:44,4,16,710,345631,NSEI,56.9065,-134.614833,56.8905,-134.614667,652.8816,,,,,,,,,,Retained,,605
2024,611,1,710,37833,ILONA B,8/10/2024 17:44,4,16,710,345631,NSEI,56.9065,-134.614833,56.8905,-134.614667,652.8816,,,,,,,,,,Retained,,606
2024,611,1,710,37833,ILONA B,8/10/2024 17:44,4,16,710,345631,NSEI,56.9065,-134.614833,56.8905,-134.614667,652.8816,,,,,,,,,,Retained,,607
2024,611,1,710,37833,ILONA B,8/10/2024 17:44,4,16,710,345631,NSEI,56.9065,-134.614833,56.8905,-134.614667,652.8816,,,,,,,,,,Retained,,608
2024,611,1,710,37833,ILONA B,8/10/2024 17:44,4,16,710,345631,NSEI,56.9065,-134.614833,56.8905,-134.614667,652.8816,,,,,,,,,,Retained,,609
2024,611,1,710,37833,ILONA B,8/10/2024 17:44,4,16,710,345631,NSEI,56.9065,-134.614833,56.8905,-134.614667,652.8816,,,,,,,,,,Retained,,610
2024,611,1,710,37833,ILONA B,8/10/2024 17:44,4,16,710,345631,NSEI,56.9065,-134.614833,56.8905,-134.614667,652.8816,,,,,,,,,,Retained,,611
2024,611,1,710,37833,ILONA B,8/10/2024 17:44,4,16,710,345631,NSEI,56.9065,-134.614833,56.8905,-134.614667,652.8816,,,,,,,,,,Retained,,612
2024,611,1,710,37833,ILONA B,8/10/2024 17:44,4,16,710,345631,NSEI,56.9065,-134.614833,56.8905,-134.614667,652.8816,,,,,,,,,,Retained,,613
2024,611,1,710,37833,ILONA B,8/10/2024 17:44,4,16,710,345631,NSEI,56.9065,-134.614833,56.8905,-134.614667,652.8816,,,,,,,,,,Retained,,614
2024,611,1,710,37833,ILONA B,8/10/2024 17:44,4,16,710,345631,NSEI,56.9065,-134.614833,56.8905,-134.614667,652.8816,,,,,,,,,,Retained,,615
2024,611,1,710,37833,ILONA B,8/10/2024 17:44,4,16,710,345631,NSEI,56.9065,-134.614833,56.8905,-134.614667,652.8816,,,,,,,,,,Retained,,616
2024,611,1,710,37833,ILONA B,8/10/2024 17:44,4,16,710,345631,NSEI,56.9065,-134.614833,56.8905,-134.614667,652.8816,,,,,,,,,,Retained,,617
2024,611,1,710,37833,ILONA B,8/10/2024 17:44,4,16,710,345631,NSEI,56.9065,-134.614833,56.8905,-134.614667,652.8816,,,,,,,,,,Retained,,618
2024,611,1,710,37833,ILONA B,8/10/2024 17:44,4,16,710,345631,NSEI,56.9065,-134.614833,56.8905,-134.614667,652.8816,,,,,,,,,,Retained,,619
2024,611,1,710,37833,ILONA B,8/10/2024 17:44,4,16,710,345631,NSEI,56.9065,-134.614833,56.8905,-134.614667,652.8816,,,,,,,,,,Retained,,620
2024,611,1,710,37833,ILONA B,8/10/2024 17:44,4,16,710,345631,NSEI,56.9065,-134.614833,56.8905,-134.614667,652.8816,,,,,,,,,,Retained,,621
2024,611,1,710,37833,ILONA B,8/10/2024 17:44,4,16,710,345631,NSEI,56.9065,-134.614833,56.8905,-134.614667,652.8816,,,,,,,,,,Retained,,622
2024,611,1,710,37833,ILONA B,8/10/2024 17:44,4,16,710,345631,NSEI,56.9065,-134.614833,56.8905,-134.614667,652.8816,,,,,,,,,,Retained,,623
2024,611,1,710,37833,ILONA B,8/10/2024 17:44,4,16,710,345631,NSEI,56.9065,-134.614833,56.8905,-134.614667,652.8816,,,,,,,,,,Retained,,624
2024,611,1,710,37833,ILONA B,8/10/2024 17:44,4,16,710,345631,NSEI,56.9065,-134.614833,56.8905,-134.614667,652.8816,,,,,,,,,,Retained,,625
2024,611,1,710,37833,ILONA B,8/10/2024 17:44,4,16,710,345631,NSEI,56.9065,-134.614833,56.8905,-134.614667,652.8816,,,,,,,,,,Retained,,626
2024,611,1,710,37833,ILONA B,8/10/2024 17:44,4,16,710,345631,NSEI,56.9065,-134.614833,56.8905,-134.614667,652.8816,,,,,,,,,,Retained,,627
2024,611,1,710,37833,ILONA B,8/10/2024 17:44,4,16,710,345631,NSEI,56.9065,-134.614833,56.8905,-134.614667,652.8816,,,,,,,,,,Retained,,628
2024,611,1,710,37833,ILONA B,8/10/2024 17:44,4,16,710,345631,NSEI,56.9065,-134.614833,56.8905,-134.614667,652.8816,,,,,,,,,,Retained,,629
2024,611,1,710,37833,ILONA B,8/10/2024 17:44,4,16,710,345631,NSEI,56.9065,-134.614833,56.8905,-134.614667,652.8816,,,,,,,,,,Retained,,630
2024,611,1,710,37833,ILONA B,8/10/2024 17:44,4,16,710,345631,NSEI,56.9065,-134.614833,56.8905,-134.614667,652.8816,,,,,,,,,,Retained,,631
2024,611,1,710,37833,ILONA B,8/10/2024 17:44,4,16,710,345631,NSEI,56.9065,-134.614833,56.8905,-134.614667,652.8816,,,,,,,,,,Retained,,632
2024,611,1,710,37833,ILONA B,8/10/2024 17:44,4,16,710,345631,NSEI,56.9065,-134.614833,56.8905,-134.614667,652.8816,,,,,,,,,,Retained,,633
2024,611,1,710,37833,ILONA B,8/10/2024 17:44,4,16,710,345631,NSEI,56.9065,-134.614833,56.8905,-134.614667,652.8816,,,,,,,,,,Retained,,634
2024,611,1,710,37833,ILONA B,8/10/2024 17:44,4,16,710,345631,NSEI,56.9065,-134.614833,56.8905,-134.614667,652.8816,,,,,,,,,,Retained,,635
2024,611,1,710,37833,ILONA B,8/10/2024 17:44,4,16,710,345631,NSEI,56.9065,-134.614833,56.8905,-134.614667,652.8816,,,,,,,,,,Retained,,636
2024,611,1,710,37833,ILONA B,8/10/2024 17:44,4,16,710,345631,NSEI,56.9065,-134.614833,56.8905,-134.614667,652.8816,,,,,,,,,,Retained,,637
2024,611,1,710,37833,ILONA B,8/10/2024 17:44,4,16,710,345631,NSEI,56.9065,-134.614833,56.8905,-134.614667,652.8816,,,,,,,,,,Retained,,638
2024,611,1,710,37833,ILONA B,8/10/2024 17:44,4,16,710,345631,NSEI,56.9065,-134.614833,56.8905,-134.614667,652.8816,,,,,,,,,,Retained,,639
2024,611,1,710,37833,ILONA B,8/10/2024 17:44,4,16,710,345631,NSEI,56.9065,-134.614833,56.8905,-134.614667,652.8816,,,,,,,,,,Retained,,640
2024,611,1,710,37833,ILONA B,8/10/2024 17:44,4,16,710,345631,NSEI,56.9065,-134.614833,56.8905,-134.614667,652.8816,,,,,,,,,,Retained,,641
2024,611,1,710,37833,ILONA B,8/10/2024 17:44,4,16,710,345631,NSEI,56.9065,-134.614833,56.8905,-134.614667,652.8816,,,,,,,,,,Retained,,642
2024,611,1,710,37833,ILONA B,8/10/2024 17:44,4,16,710,345631,NSEI,56.9065,-134.614833,56.8905,-134.614667,652.8816,,,,,,,,,,Retained,,643
2024,611,1,710,37833,ILONA B,8/10/2024 17:44,4,16,710,345631,NSEI,56.9065,-134.614833,56.8905,-134.614667,652.8816,,,,,,,,,,Retained,,644
2024,611,1,710,37833,ILONA B,8/10/2024 17:44,4,16,710,345631,NSEI,56.9065,-134.614833,56.8905,-134.614667,652.8816,,,,,,,,,,Retained,,645
2024,611,1,710,37833,ILONA B,8/10/2024 17:44,4,16,710,345631,NSEI,56.9065,-134.614833,56.8905,-134.614667,652.8816,,,,,,,,,,Retained,,646
2024,611,1,710,37833,ILONA B,8/10/2024 17:44,4,16,710,345631,NSEI,56.9065,-134.614833,56.8905,-134.614667,652.8816,,,,,,,,,,Retained,,647
2024,611,1,710,37833,ILONA B,8/10/2024 17:44,4,16,710,345631,NSEI,56.9065,-134.614833,56.8905,-134.614667,652.8816,,,,,,,,,,Retained,,648
2024,611,1,710,37833,ILONA B,8/10/2024 17:44,4,16,710,345631,NSEI,56.9065,-134.614833,56.8905,-134.614667,652.8816,,,,,,,,,,Retained,,649
2024,611,1,710,37833,ILONA B,8/10/2024 17:44,4,16,710,345631,NSEI,56.9065,-134.614833,56.8905,-134.614667,652.8816,,,,,,,,,,Retained,,650
2024,611,1,710,37833,ILONA B,8/10/2024 17:44,4,16,710,345631,NSEI,56.9065,-134.614833,56.8905,-134.614667,652.8816,,,,,,,,,,Retained,,651
2024,611,1,710,37833,ILONA B,8/10/2024 17:44,4,16,710,345631,NSEI,56.9065,-134.614833,56.8905,-134.614667,652.8816,,,,,,,,,,Retained,,652
2024,611,1,710,37833,ILONA B,8/10/2024 17:44,4,16,710,345631,NSEI,56.9065,-134.614833,56.8905,-134.614667,652.8816,,,,,,,,,,Retained,,653
2024,611,1,710,37833,ILONA B,8/10/2024 17:44,4,16,710,345631,NSEI,56.9065,-134.614833,56.8905,-134.614667,652.8816,,,,,,,,,,Retained,,654
2024,611,1,710,37833,ILONA B,8/10/2024 17:44,4,16,710,345631,NSEI,56.9065,-134.614833,56.8905,-134.614667,652.8816,,,,,,,,,,Retained,,655
2024,611,1,710,37833,ILONA B,8/10/2024 17:44,4,16,710,345631,NSEI,56.9065,-134.614833,56.8905,-134.614667,652.8816,,,,,,,,,,Retained,,656
2024,611,1,710,37833,ILONA B,8/10/2024 17:44,4,16,710,345631,NSEI,56.9065,-134.614833,56.8905,-134.614667,652.8816,,,,,,,,,,Retained,,657
2024,611,1,710,37833,ILONA B,8/10/2024 17:44,4,16,710,345631,NSEI,56.9065,-134.614833,56.8905,-134.614667,652.8816,,,,,,,,,,Retained,,658
2024,611,1,710,37833,ILONA B,8/10/2024 17:44,4,16,710,345631,NSEI,56.9065,-134.614833,56.8905,-134.614667,652.8816,,,,,,,,,,Retained,,659
2024,611,1,710,37833,ILONA B,8/10/2024 17:44,4,16,710,345631,NSEI,56.9065,-134.614833,56.8905,-134.614667,652.8816,,,,,,,,,,Retained,,660
2024,611,1,710,37833,ILONA B,8/10/2024 17:44,4,16,710,345631,NSEI,56.9065,-134.614833,56.8905,-134.614667,652.8816,,,,,,,,,,Retained,,661
2024,611,1,710,37833,ILONA B,8/10/2024 17:44,4,16,710,345631,NSEI,56.9065,-134.614833,56.8905,-134.614667,652.8816,,,,,,,,,,Retained,,662
2024,611,1,710,37833,ILONA B,8/10/2024 17:44,4,16,710,345631,NSEI,56.9065,-134.614833,56.8905,-134.614667,652.8816,,,,,,,,,,Retained,,663
2024,611,1,710,37833,ILONA B,8/10/2024 17:44,4,16,710,345631,NSEI,56.9065,-134.614833,56.8905,-134.614667,652.8816,,,,,,,,,,Retained,,664
2024,611,1,710,37833,ILONA B,8/10/2024 17:44,4,16,710,345631,NSEI,56.9065,-134.614833,56.8905,-134.614667,652.8816,,,,,,,,,,Retained,,665
2024,611,1,710,37833,ILONA B,8/10/2024 17:44,4,16,710,345631,NSEI,56.9065,-134.614833,56.8905,-134.614667,652.8816,,,,,,,,,,Retained,,666
2024,611,1,710,37833,ILONA B,8/10/2024 17:44,4,16,710,345631,NSEI,56.9065,-134.614833,56.8905,-134.614667,652.8816,,,,,,,,,,Retained,,667
2024,611,1,710,37833,ILONA B,8/10/2024 17:44,4,16,710,345631,NSEI,56.9065,-134.614833,56.8905,-134.614667,652.8816,,,,,,,,,,Retained,,668
2024,611,1,710,37833,ILONA B,8/10/2024 17:44,4,16,710,345631,NSEI,56.9065,-134.614833,56.8905,-134.614667,652.8816,,,,,,,,,,Retained,,669
2024,611,1,710,37833,ILONA B,8/10/2024 17:44,4,16,710,345631,NSEI,56.9065,-134.614833,56.8905,-134.614667,652.8816,,,,,,,,,,Retained,,670
2024,611,1,710,37833,ILONA B,8/10/2024 17:44,4,16,710,345631,NSEI,56.9065,-134.614833,56.8905,-134.614667,652.8816,,,,,,,,,,Retained,,671
2024,611,1,710,37833,ILONA B,8/10/2024 17:44,4,16,710,345631,NSEI,56.9065,-134.614833,56.8905,-134.614667,652.8816,,,,,,,,,,Retained,,672
2024,611,1,710,37833,ILONA B,8/10/2024 17:44,4,16,710,345631,NSEI,56.9065,-134.614833,56.8905,-134.614667,652.8816,,,,,,,,,,Retained,,673
2024,611,1,710,37833,ILONA B,8/10/2024 17:44,4,16,710,345631,NSEI,56.9065,-134.614833,56.8905,-134.614667,652.8816,,,,,,,,,,Retained,,674
2024,611,1,710,37833,ILONA B,8/10/2024 17:44,4,16,710,345631,NSEI,56.9065,-134.614833,56.8905,-134.614667,652.8816,,,,,,,,,,Retained,,675
2024,611,1,710,37833,ILONA B,8/10/2024 17:44,4,16,710,345631,NSEI,56.9065,-134.614833,56.8905,-134.614667,652.8816,,,,,,,,,,Retained,,676
2024,611,1,710,37833,ILONA B,8/10/2024 17:44,4,16,710,345631,NSEI,56.9065,-134.614833,56.8905,-134.614667,652.8816,,,,,,,,,,Retained,,677
2024,611,1,710,37833,ILONA B,8/10/2024 17:44,4,16,710,345631,NSEI,56.9065,-134.614833,56.8905,-134.614667,652.8816,,,,,,,,,,Retained,,678
2024,611,1,710,37833,ILONA B,8/10/2024 17:44,4,16,710,345631,NSEI,56.9065,-134.614833,56.8905,-134.614667,652.8816,,,,,,,,,,Retained,,679
2024,611,1,710,37833,ILONA B,8/10/2024 17:44,4,16,710,345631,NSEI,56.9065,-134.614833,56.8905,-134.614667,652.8816,,,,,,,,,,Retained,,680
2024,611,1,710,37833,ILONA B,8/10/2024 17:44,4,16,710,345631,NSEI,56.9065,-134.614833,56.8905,-134.614667,652.8816,,,,,,,,,,Retained,,681
2024,611,1,710,37833,ILONA B,8/10/2024 17:44,4,16,710,345631,NSEI,56.9065,-134.614833,56.8905,-134.614667,652.8816,,,,,,,,,,Retained,,682
2024,611,1,710,37833,ILONA B,8/10/2024 17:44,4,16,710,345631,NSEI,56.9065,-134.614833,56.8905,-134.614667,652.8816,,,,,,,,,,Retained,,683
2024,611,1,710,37833,ILONA B,8/10/2024 17:44,4,16,710,345631,NSEI,56.9065,-134.614833,56.8905,-134.614667,652.8816,,,,,,,,,,Retained,,684
2024,611,1,710,37833,ILONA B,8/10/2024 17:44,4,16,710,345631,NSEI,56.9065,-134.614833,56.8905,-134.614667,652.8816,,,,,,,,,,Retained,,685
2024,611,1,710,37833,ILONA B,8/10/2024 17:44,4,16,710,345631,NSEI,56.9065,-134.614833,56.8905,-134.614667,652.8816,,,,,,,,,,Retained,,686
2024,611,1,710,37833,ILONA B,8/10/2024 17:44,4,16,710,345631,NSEI,56.9065,-134.614833,56.8905,-134.614667,652.8816,,,,,,,,,,Retained,,687
2024,611,1,710,37833,ILONA B,8/10/2024 17:44,4,16,710,345631,NSEI,56.9065,-134.614833,56.8905,-134.614667,652.8816,,,,,,,,,,Retained,,688
2024,611,1,710,37833,ILONA B,8/10/2024 17:44,4,16,710,345631,NSEI,56.9065,-134.614833,56.8905,-134.614667,652.8816,,,,,,,,,,Retained,,689
2024,611,1,710,37833,ILONA B,8/10/2024 17:44,4,16,710,345631,NSEI,56.9065,-134.614833,56.8905,-134.614667,652.8816,,,,,,,,,,Retained,,690
2024,611,1,710,37833,ILONA B,8/10/2024 17:44,4,16,710,345631,NSEI,56.9065,-134.614833,56.8905,-134.614667,652.8816,,,,,,,,,,Retained,,691
2024,611,1,710,37833,ILONA B,8/10/2024 17:44,4,16,710,345631,NSEI,56.9065,-134.614833,56.8905,-134.614667,652.8816,,,,,,,,,,Retained,,692
2024,611,1,710,37833,ILONA B,8/10/2024 17:44,4,16,710,345631,NSEI,56.9065,-134.614833,56.8905,-134.614667,652.8816,,,,,,,,,,Retained,,693
2024,611,1,710,37833,ILONA B,8/10/2024 17:44,4,16,710,345631,NSEI,56.9065,-134.614833,56.8905,-134.614667,652.8816,,,,,,,,,,Retained,,694
2024,611,1,710,37833,ILONA B,8/10/2024 17:44,4,16,710,345631,NSEI,56.9065,-134.614833,56.8905,-134.614667,652.8816,,,,,,,,,,Retained,,695
2024,611,1,710,37833,ILONA B,8/10/2024 17:44,4,16,710,345631,NSEI,56.9065,-134.614833,56.8905,-134.614667,652.8816,,,,,,,,,,Retained,,696
2024,611,1,710,37833,ILONA B,8/10/2024 17:44,4,16,710,345631,NSEI,56.9065,-134.614833,56.8905,-134.614667,652.8816,,,,,,,,,,Retained,,697
2024,611,1,710,37833,ILONA B,8/10/2024 17:44,4,16,710,345631,NSEI,56.9065,-134.614833,56.8905,-134.614667,652.8816,,,,,,,,,,Retained,,698
2024,611,1,710,37833,ILONA B,8/10/2024 17:44,4,16,710,345631,NSEI,56.9065,-134.614833,56.8905,-134.614667,652.8816,,,,,,,,,,Retained,,699
2024,611,1,710,37833,ILONA B,8/10/2024 17:44,4,16,710,345631,NSEI,56.9065,-134.614833,56.8905,-134.614667,652.8816,,,,,,,,,,Retained,,700
2024,611,1,710,37833,ILONA B,8/10/2024 17:44,4,16,710,345631,NSEI,56.9065,-134.614833,56.8905,-134.614667,652.8816,,,,,,,,,,Retained,,701
2024,611,1,710,37833,ILONA B,8/10/2024 17:44,4,16,710,345631,NSEI,56.9065,-134.614833,56.8905,-134.614667,652.8816,,,,,,,,,,Retained,,702
2024,611,1,710,37833,ILONA B,8/10/2024 17:44,4,16,710,345631,NSEI,56.9065,-134.614833,56.8905,-134.614667,652.8816,,,,,,,,,,Retained,,703
2024,611,1,710,37833,ILONA B,8/10/2024 17:44,4,16,710,345631,NSEI,56.9065,-134.614833,56.8905,-134.614667,652.8816,,,,,,,,,,Retained,,704
2024,611,1,710,37833,ILONA B,8/10/2024 17:44,4,16,710,345631,NSEI,56.9065,-134.614833,56.8905,-134.614667,652.8816,,,,,,,,,,Retained,,705
2024,611,1,710,37833,ILONA B,8/10/2024 17:44,4,16,710,345631,NSEI,56.9065,-134.614833,56.8905,-134.614667,652.8816,,,,,,,,,,Retained,,706
2024,611,1,710,37833,ILONA B,8/10/2024 17:44,4,16,710,345631,NSEI,56.9065,-134.614833,56.8905,-134.614667,652.8816,,,,,,,,,,Retained,,707
2024,611,1,710,37833,ILONA B,8/10/2024 17:44,4,16,710,345631,NSEI,56.9065,-134.614833,56.8905,-134.614667,652.8816,,,,,,,,,,Retained,,708
2024,611,1,710,37833,ILONA B,8/10/2024 17:44,4,16,710,345631,NSEI,56.9065,-134.614833,56.8905,-134.614667,652.8816,,,,,,,,,,Retained,,709
2024,611,1,710,37833,ILONA B,8/10/2024 17:44,4,16,710,345631,NSEI,56.9065,-134.614833,56.8905,-134.614667,652.8816,,,,,,,,,,Retained,,710
2024,611,1,710,37833,ILONA B,8/10/2024 17:44,4,16,710,345631,NSEI,56.9065,-134.614833,56.8905,-134.614667,652.8816,,,,,,,,,,Retained,,711
2024,611,1,710,37833,ILONA B,8/10/2024 17:44,4,16,710,345631,NSEI,56.9065,-134.614833,56.8905,-134.614667,652.8816,,,,,,,,,,Retained,,712
2024,611,1,710,37833,ILONA B,8/10/2024 17:44,4,16,710,345631,NSEI,56.9065,-134.614833,56.8905,-134.614667,652.8816,,,,,,,,,,Retained,,713
2024,611,1,710,37833,ILONA B,8/10/2024 17:44,4,16,710,345631,NSEI,56.9065,-134.614833,56.8905,-134.614667,652.8816,,,,,,,,,,Retained,,715
2024,611,1,710,37833,ILONA B,8/10/2024 17:44,4,16,710,345631,NSEI,56.9065,-134.614833,56.8905,-134.614667,652.8816,,,,,,,,,,Retained,,716
2024,611,1,710,37833,ILONA B,8/10/2024 17:44,4,16,710,345631,NSEI,56.9065,-134.614833,56.8905,-134.614667,652.8816,,,,,,,,,,Retained,,717
2024,611,1,710,37833,ILONA B,8/10/2024 17:44,4,16,710,345631,NSEI,56.9065,-134.614833,56.8905,-134.614667,652.8816,,,,,,,,,,Retained,,718
2024,611,1,710,37833,ILONA B,8/10/2024 17:44,4,16,710,345631,NSEI,56.9065,-134.614833,56.8905,-134.614667,652.8816,,,,,,,,,,Retained,,719
2024,611,1,710,37833,ILONA B,8/10/2024 17:44,4,16,710,345631,NSEI,56.9065,-134.614833,56.8905,-134.614667,652.8816,,,,,,,,,,Retained,,720
2024,611,1,710,37833,ILONA B,8/10/2024 17:44,4,16,710,345631,NSEI,56.9065,-134.614833,56.8905,-134.614667,652.8816,,,,,,,,,,Retained,,721
2024,611,1,710,37833,ILONA B,8/10/2024 17:44,4,16,710,345631,NSEI,56.9065,-134.614833,56.8905,-134.614667,652.8816,,,,,,,,,,Retained,,722
2024,611,1,710,37833,ILONA B,8/10/2024 17:44,4,16,710,345631,NSEI,56.9065,-134.614833,56.8905,-134.614667,652.8816,,,,,,,,,,Retained,,723
2024,611,1,710,37833,ILONA B,8/10/2024 17:44,4,16,710,345631,NSEI,56.9065,-134.614833,56.8905,-134.614667,652.8816,,,,,,,,,,Retained,,724
2024,611,1,710,37833,ILONA B,8/10/2024 17:44,4,16,710,345631,NSEI,56.9065,-134.614833,56.8905,-134.614667,652.8816,,,,,,,,,,Retained,,725
2024,611,1,710,37833,ILONA B,8/10/2024 17:44,4,16,710,345631,NSEI,56.9065,-134.614833,56.8905,-134.614667,652.8816,,,,,,,,,,Retained,,726
2024,611,1,710,37833,ILONA B,8/10/2024 17:44,4,16,710,345631,NSEI,56.9065,-134.614833,56.8905,-134.614667,652.8816,,,,,,,,,,Retained,,727
2024,611,1,710,37833,ILONA B,8/10/2024 17:44,4,16,710,345631,NSEI,56.9065,-134.614833,56.8905,-134.614667,652.8816,,,,,,,,,,Retained,,728
2024,611,1,710,37833,ILONA B,8/10/2024 17:44,4,16,710,345631,NSEI,56.9065,-134.614833,56.8905,-134.614667,652.8816,,,,,,,,,,Retained,,729
2024,611,1,710,37833,ILONA B,8/10/2024 17:44,4,16,710,345631,NSEI,56.9065,-134.614833,56.8905,-134.614667,652.8816,,,,,,,,,,Retained,,730
2024,611,1,710,37833,ILONA B,8/10/2024 17:44,4,16,710,345631,NSEI,56.9065,-134.614833,56.8905,-134.614667,652.8816,,,,,,,,,,Retained,,731
2024,611,1,710,37833,ILONA B,8/10/2024 17:44,4,16,710,345631,NSEI,56.9065,-134.614833,56.8905,-134.614667,652.8816,,,,,,,,,,Retained,,732
2024,611,1,710,37833,ILONA B,8/10/2024 17:44,4,16,710,345631,NSEI,56.9065,-134.614833,56.8905,-134.614667,652.8816,,,,,,,,,,Retained,,733
2024,611,1,710,37833,ILONA B,8/10/2024 17:44,4,16,710,345631,NSEI,56.9065,-134.614833,56.8905,-134.614667,652.8816,,,,,,,,,,Retained,,734
2024,611,1,710,37833,ILONA B,8/10/2024 17:44,4,16,710,345631,NSEI,56.9065,-134.614833,56.8905,-134.614667,652.8816,,,,,,,,,,Retained,,735
2024,611,1,710,37833,ILONA B,8/10/2024 17:44,4,16,710,345631,NSEI,56.9065,-134.614833,56.8905,-134.614667,652.8816,,,,,,,,,,Retained,,736
2024,611,1,710,37833,ILONA B,8/10/2024 17:44,4,16,710,345631,NSEI,56.9065,-134.614833,56.8905,-134.614667,652.8816,,,,,,,,,,Retained,,737
2024,611,1,710,37833,ILONA B,8/10/2024 17:44,4,16,710,345631,NSEI,56.9065,-134.614833,56.8905,-134.614667,652.8816,,,,,,,,,,Retained,,738
2024,611,1,710,37833,ILONA B,8/10/2024 17:44,4,16,710,345631,NSEI,56.9065,-134.614833,56.8905,-134.614667,652.8816,,,,,,,,,,Retained,,739
2024,611,1,710,37833,ILONA B,8/10/2024 17:44,4,16,710,345631,NSEI,56.9065,-134.614833,56.8905,-134.614667,652.8816,,,,,,,,,,Retained,,741
2024,611,1,710,37833,ILONA B,8/10/2024 17:44,4,16,710,345631,NSEI,56.9065,-134.614833,56.8905,-134.614667,652.8816,,,,,,,,,,Retained,,742
2024,611,1,710,37833,ILONA B,8/10/2024 17:44,4,16,710,345631,NSEI,56.9065,-134.614833,56.8905,-134.614667,652.8816,,,,,,,,,,Retained,,743
2024,611,1,710,37833,ILONA B,8/10/2024 17:44,4,16,710,345631,NSEI,56.9065,-134.614833,56.8905,-134.614667,652.8816,,,,,,,,,,Retained,,744
2024,611,1,710,37833,ILONA B,8/10/2024 17:44,4,16,710,345631,NSEI,56.9065,-134.614833,56.8905,-134.614667,652.8816,,,,,,,,,,Retained,,745
2024,611,1,710,37833,ILONA B,8/10/2024 17:44,4,16,710,345631,NSEI,56.9065,-134.614833,56.8905,-134.614667,652.8816,,,,,,,,,,Retained,,746
2024,611,1,710,37833,ILONA B,8/10/2024 17:44,4,16,710,345631,NSEI,56.9065,-134.614833,56.8905,-134.614667,652.8816,,,,,,,,,,Retained,,747
2024,611,1,710,37833,ILONA B,8/10/2024 17:44,4,16,710,345631,NSEI,56.9065,-134.614833,56.8905,-134.614667,652.8816,,,,,,,,,,Retained,,748
2024,611,1,710,37833,ILONA B,8/10/2024 17:44,4,16,710,345631,NSEI,56.9065,-134.614833,56.8905,-134.614667,652.8816,,,,,,,,,,Retained,,749
2024,611,1,710,37833,ILONA B,8/10/2024 17:44,4,16,710,345631,NSEI,56.9065,-134.614833,56.8905,-134.614667,652.8816,,,,,,,,,,Retained,,750
2024,611,1,710,37833,ILONA B,8/10/2024 17:44,4,16,710,345631,NSEI,56.9065,-134.614833,56.8905,-134.614667,652.8816,,,,,,,,,,Retained,,751
2024,611,1,710,37833,ILONA B,8/10/2024 17:44,4,16,710,345631,NSEI,56.9065,-134.614833,56.8905,-134.614667,652.8816,,,,,,,,,,Retained,,752
2024,611,1,710,37833,ILONA B,8/10/2024 17:44,4,16,710,345631,NSEI,56.9065,-134.614833,56.8905,-134.614667,652.8816,,,,,,,,,,Retained,,753
2024,611,1,710,37833,ILONA B,8/10/2024 17:44,4,16,710,345631,NSEI,56.9065,-134.614833,56.8905,-134.614667,652.8816,,,,,,,,,,Retained,,754
2024,611,1,710,37833,ILONA B,8/10/2024 17:44,4,16,710,345631,NSEI,56.9065,-134.614833,56.8905,-134.614667,652.8816,,,,,,,,,,Retained,,755
2024,611,1,710,37833,ILONA B,8/10/2024 17:44,4,16,710,345631,NSEI,56.9065,-134.614833,56.8905,-134.614667,652.8816,,,,,,,,,,Retained,,756
2024,611,1,710,37833,ILONA B,8/10/2024 17:44,4,16,710,345631,NSEI,56.9065,-134.614833,56.8905,-134.614667,652.8816,,,,,,,,,,Retained,,757
2024,611,1,710,37833,ILONA B,8/10/2024 17:44,4,16,710,345631,NSEI,56.9065,-134.614833,56.8905,-134.614667,652.8816,,,,,,,,,,Retained,,758
2024,611,1,710,37833,ILONA B,8/10/2024 17:44,4,16,710,345631,NSEI,56.9065,-134.614833,56.8905,-134.614667,652.8816,,,,,,,,,,Retained,,759
2024,611,1,710,37833,ILONA B,8/10/2024 17:44,4,16,710,345631,NSEI,56.9065,-134.614833,56.8905,-134.614667,652.8816,,,,,,,,,,Retained,,760
2024,611,1,710,37833,ILONA B,8/10/2024 17:44,4,16,710,345631,NSEI,56.9065,-134.614833,56.8905,-134.614667,652.8816,,,,,,,,,,Retained,,761
2024,611,1,710,37833,ILONA B,8/10/2024 17:44,4,16,710,345631,NSEI,56.9065,-134.614833,56.8905,-134.614667,652.8816,,,,,,,,,,Retained,,762
2024,611,1,710,37833,ILONA B,8/10/2024 17:44,4,16,710,345631,NSEI,56.9065,-134.614833,56.8905,-134.614667,652.8816,,,,,,,,,,Retained,,763
2024,611,1,710,37833,ILONA B,8/10/2024 17:44,4,16,710,345631,NSEI,56.9065,-134.614833,56.8905,-134.614667,652.8816,,,,,,,,,,Retained,,764
2024,611,1,710,37833,ILONA B,8/10/2024 17:44,4,16,710,345631,NSEI,56.9065,-134.614833,56.8905,-134.614667,652.8816,,,,,,,,,,Retained,,766
2024,611,1,710,37833,ILONA B,8/10/2024 17:44,4,16,710,345631,NSEI,56.9065,-134.614833,56.8905,-134.614667,652.8816,,,,,,,,,,Retained,,767
2024,611,1,710,37833,ILONA B,8/10/2024 17:44,4,16,710,345631,NSEI,56.9065,-134.614833,56.8905,-134.614667,652.8816,,,,,,,,,,Retained,,768
2024,611,1,710,37833,ILONA B,8/10/2024 17:44,4,16,710,345631,NSEI,56.9065,-134.614833,56.8905,-134.614667,652.8816,,,,,,,,,,Retained,,769
2024,611,1,710,37833,ILONA B,8/10/2024 17:44,4,16,710,345631,NSEI,56.9065,-134.614833,56.8905,-134.614667,652.8816,,,,,,,,,,Retained,,770
2024,611,1,710,37833,ILONA B,8/10/2024 17:44,4,16,710,345631,NSEI,56.9065,-134.614833,56.8905,-134.614667,652.8816,,,,,,,,,,Retained,,771
2024,611,1,710,37833,ILONA B,8/10/2024 17:44,4,16,710,345631,NSEI,56.9065,-134.614833,56.8905,-134.614667,652.8816,,,,,,,,,,Retained,,772
2024,611,1,710,37833,ILONA B,8/10/2024 17:44,4,16,710,345631,NSEI,56.9065,-134.614833,56.8905,-134.614667,652.8816,,,,,,,,,,Retained,,773
2024,611,1,710,37833,ILONA B,8/10/2024 17:44,4,16,710,345631,NSEI,56.9065,-134.614833,56.8905,-134.614667,652.8816,,,,,,,,,,Retained,,774
2024,611,1,710,37833,ILONA B,8/10/2024 17:44,4,16,710,345631,NSEI,56.9065,-134.614833,56.8905,-134.614667,652.8816,,,,,,,,,,Retained,,775
2024,611,1,710,37833,ILONA B,8/10/2024 17:44,4,16,710,345631,NSEI,56.9065,-134.614833,56.8905,-134.614667,652.8816,,,,,,,,,,Retained,,776
2024,611,1,710,37833,ILONA B,8/10/2024 17:44,4,16,710,345631,NSEI,56.9065,-134.614833,56.8905,-134.614667,652.8816,,,,,,,,,,Retained,,777
2024,611,1,710,37833,ILONA B,8/10/2024 17:44,4,16,710,345631,NSEI,56.9065,-134.614833,56.8905,-134.614667,652.8816,,,,,,,,,,Retained,,778
2024,611,1,710,37833,ILONA B,8/10/2024 17:44,4,16,710,345631,NSEI,56.9065,-134.614833,56.8905,-134.614667,652.8816,,,,,,,,,,Retained,,779
2024,611,1,710,37833,ILONA B,8/10/2024 17:44,4,16,710,345631,NSEI,56.9065,-134.614833,56.8905,-134.614667,652.8816,,,,,,,,,,Retained,,780
2024,611,1,710,37833,ILONA B,8/10/2024 17:44,4,16,710,345631,NSEI,56.9065,-134.614833,56.8905,-134.614667,652.8816,,,,,,,,,,Retained,,781
2024,611,1,710,37833,ILONA B,8/10/2024 17:44,4,16,710,345631,NSEI,56.9065,-134.614833,56.8905,-134.614667,652.8816,,,,,,,,,,Retained,,782
2024,611,1,710,37833,ILONA B,8/10/2024 17:44,4,16,710,345631,NSEI,56.9065,-134.614833,56.8905,-134.614667,652.8816,,,,,,,,,,Retained,,783
2024,611,1,710,37833,ILONA B,8/10/2024 17:44,4,16,710,345631,NSEI,56.9065,-134.614833,56.8905,-134.614667,652.8816,,,,,,,,,,Retained,,784
2024,611,1,710,37833,ILONA B,8/10/2024 17:44,4,16,710,345631,NSEI,56.9065,-134.614833,56.8905,-134.614667,652.8816,,,,,,,,,,Retained,,785
2024,611,1,710,37833,ILONA B,8/10/2024 17:44,4,16,710,345631,NSEI,56.9065,-134.614833,56.8905,-134.614667,652.8816,,,,,,,,,,Retained,,786
2024,611,1,710,37833,ILONA B,8/10/2024 17:44,4,16,710,345631,NSEI,56.9065,-134.614833,56.8905,-134.614667,652.8816,,,,,,,,,,Retained,,787
2024,611,1,710,37833,ILONA B,8/10/2024 17:44,4,16,710,345631,NSEI,56.9065,-134.614833,56.8905,-134.614667,652.8816,,,,,,,,,,Retained,,788
2024,611,1,710,37833,ILONA B,8/10/2024 17:44,4,16,710,345631,NSEI,56.9065,-134.614833,56.8905,-134.614667,652.8816,,,,,,,,,,Retained,,789
2024,611,1,710,37833,ILONA B,8/10/2024 17:44,4,16,710,345631,NSEI,56.9065,-134.614833,56.8905,-134.614667,652.8816,,,,,,,,,,Retained,,790
2024,611,1,710,37833,ILONA B,8/10/2024 17:44,4,16,710,345631,NSEI,56.9065,-134.614833,56.8905,-134.614667,652.8816,,,,,,,,,,Retained,,791
2024,611,1,710,37833,ILONA B,8/10/2024 17:44,4,16,710,345631,NSEI,56.9065,-134.614833,56.8905,-134.614667,652.8816,,,,,,,,,,Retained,,792
2024,611,1,710,37833,ILONA B,8/10/2024 17:44,4,16,710,345631,NSEI,56.9065,-134.614833,56.8905,-134.614667,652.8816,,,,,,,,,,Retained,,793
2024,611,1,710,37833,ILONA B,8/10/2024 17:44,4,16,710,345631,NSEI,56.9065,-134.614833,56.8905,-134.614667,652.8816,,,,,,,,,,Retained,,794
2024,611,1,710,37833,ILONA B,8/10/2024 17:44,4,16,710,345631,NSEI,56.9065,-134.614833,56.8905,-134.614667,652.8816,,,,,,,,,,Retained,,795
2024,611,1,710,37833,ILONA B,8/10/2024 17:44,4,16,710,345631,NSEI,56.9065,-134.614833,56.8905,-134.614667,652.8816,,,,,,,,,,Retained,,796
2024,611,1,710,37833,ILONA B,8/10/2024 17:44,4,16,710,345631,NSEI,56.9065,-134.614833,56.8905,-134.614667,652.8816,,,,,,,,,,Retained,,797
2024,611,1,710,37833,ILONA B,8/10/2024 17:44,4,16,710,345631,NSEI,56.9065,-134.614833,56.8905,-134.614667,652.8816,,,,,,,,,,Retained,,798
2024,611,1,710,37833,ILONA B,8/10/2024 17:44,4,16,710,345631,NSEI,56.9065,-134.614833,56.8905,-134.614667,652.8816,,,,,,,,,,Retained,,799
2024,611,1,710,37833,ILONA B,8/10/2024 17:44,4,16,710,345631,NSEI,56.9065,-134.614833,56.8905,-134.614667,652.8816,,,,,,,,,,Retained,,800
2024,611,1,710,37833,ILONA B,8/10/2024 17:44,4,16,710,345631,NSEI,56.9065,-134.614833,56.8905,-134.614667,652.8816,,,,,,,,,,Retained,,801
2024,611,1,710,37833,ILONA B,8/10/2024 17:44,4,16,710,345631,NSEI,56.9065,-134.614833,56.8905,-134.614667,652.8816,,,,,,,,,,Retained,,802
2024,611,1,710,37833,ILONA B,8/10/2024 17:44,4,16,710,345631,NSEI,56.9065,-134.614833,56.8905,-134.614667,652.8816,,,,,,,,,,Retained,,803
2024,611,1,710,37833,ILONA B,8/10/2024 17:44,4,16,710,345631,NSEI,56.9065,-134.614833,56.8905,-134.614667,652.8816,,,,,,,,,,Retained,,804
2024,611,1,710,37833,ILONA B,8/10/2024 17:44,4,16,710,345631,NSEI,56.9065,-134.614833,56.8905,-134.614667,652.8816,,,,,,,,,,Retained,,805
2024,611,1,710,37833,ILONA B,8/10/2024 17:44,4,16,710,345631,NSEI,56.9065,-134.614833,56.8905,-134.614667,652.8816,,,,,,,,,,Retained,,806
2024,611,1,710,37833,ILONA B,8/10/2024 17:44,4,16,710,345631,NSEI,56.9065,-134.614833,56.8905,-134.614667,652.8816,,,,,,,,,,Retained,,807
2024,611,1,710,37833,ILONA B,8/10/2024 17:44,4,16,710,345631,NSEI,56.9065,-134.614833,56.8905,-134.614667,652.8816,,,,,,,,,,Retained,,808
2024,611,1,710,37833,ILONA B,8/10/2024 17:44,4,16,710,345631,NSEI,56.9065,-134.614833,56.8905,-134.614667,652.8816,,,,,,,,,,Retained,,809
2024,611,1,710,37833,ILONA B,8/10/2024 17:44,4,16,710,345631,NSEI,56.9065,-134.614833,56.8905,-134.614667,652.8816,,,,,,,,,,Retained,,810
2024,611,1,710,37833,ILONA B,8/10/2024 17:44,4,16,710,345631,NSEI,56.9065,-134.614833,56.8905,-134.614667,652.8816,,,,,,,,,,Retained,,811
2024,611,1,710,37833,ILONA B,8/10/2024 17:44,4,16,710,345631,NSEI,56.9065,-134.614833,56.8905,-134.614667,652.8816,,,,,,,,,,Retained,,812
2024,611,1,710,37833,ILONA B,8/10/2024 17:44,4,16,710,345631,NSEI,56.9065,-134.614833,56.8905,-134.614667,652.8816,,,,,,,,,,Retained,,813
2024,611,1,710,37833,ILONA B,8/10/2024 17:44,4,16,710,345631,NSEI,56.9065,-134.614833,56.8905,-134.614667,652.8816,,,,,,,,,,Retained,,814
2024,611,1,710,37833,ILONA B,8/10/2024 17:44,4,16,710,345631,NSEI,56.9065,-134.614833,56.8905,-134.614667,652.8816,,,,,,,,,,Retained,,815
2024,611,1,710,37833,ILONA B,8/10/2024 17:44,4,16,710,345631,NSEI,56.9065,-134.614833,56.8905,-134.614667,652.8816,,,,,,,,,,Retained,,816
2024,611,1,710,37833,ILONA B,8/10/2024 17:44,4,16,710,345631,NSEI,56.9065,-134.614833,56.8905,-134.614667,652.8816,,,,,,,,,,Retained,,817
2024,611,1,710,37833,ILONA B,8/10/2024 17:44,4,16,710,345631,NSEI,56.9065,-134.614833,56.8905,-134.614667,652.8816,,,,,,,,,,Retained,,818
2024,611,1,710,37833,ILONA B,8/10/2024 17:44,4,16,710,345631,NSEI,56.9065,-134.614833,56.8905,-134.614667,652.8816,,,,,,,,,,Retained,,819
2024,611,1,710,37833,ILONA B,8/10/2024 17:44,4,16,710,345631,NSEI,56.9065,-134.614833,56.8905,-134.614667,652.8816,,,,,,,,,,Retained,,820
2024,611,1,710,37833,ILONA B,8/10/2024 17:44,4,16,710,345631,NSEI,56.9065,-134.614833,56.8905,-134.614667,652.8816,,,,,,,,,,Retained,,821
2024,611,1,710,37833,ILONA B,8/10/2024 17:44,4,16,710,345631,NSEI,56.9065,-134.614833,56.8905,-134.614667,652.8816,,,,,,,,,,Retained,,822
2024,611,1,710,37833,ILONA B,8/10/2024 17:44,4,16,710,345631,NSEI,56.9065,-134.614833,56.8905,-134.614667,652.8816,,,,,,,,,,Retained,,823
2024,611,1,710,37833,ILONA B,8/10/2024 17:44,4,16,710,345631,NSEI,56.9065,-134.614833,56.8905,-134.614667,652.8816,,,,,,,,,,Retained,,824
2024,611,1,710,37833,ILONA B,8/10/2024 17:44,4,16,710,345631,NSEI,56.9065,-134.614833,56.8905,-134.614667,652.8816,,,,,,,,,,Retained,,825
2024,611,1,710,37833,ILONA B,8/10/2024 17:44,4,16,710,345631,NSEI,56.9065,-134.614833,56.8905,-134.614667,652.8816,,,,,,,,,,Retained,,826
2024,611,1,710,37833,ILONA B,8/10/2024 17:44,4,16,710,345631,NSEI,56.9065,-134.614833,56.8905,-134.614667,652.8816,,,,,,,,,,Retained,,827
2024,611,1,710,37833,ILONA B,8/10/2024 17:44,4,16,710,345631,NSEI,56.9065,-134.614833,56.8905,-134.614667,652.8816,,,,,,,,,,Retained,,828
2024,611,1,710,37833,ILONA B,8/10/2024 17:44,4,16,710,345631,NSEI,56.9065,-134.614833,56.8905,-134.614667,652.8816,,,,,,,,,,Retained,,829
2024,611,1,710,37833,ILONA B,8/10/2024 17:44,4,16,710,345631,NSEI,56.9065,-134.614833,56.8905,-134.614667,652.8816,,,,,,,,,,Retained,,830
2024,611,1,710,37833,ILONA B,8/10/2024 17:44,4,16,710,345631,NSEI,56.9065,-134.614833,56.8905,-134.614667,652.8816,,,,,,,,,,Retained,,831
2024,611,1,710,37833,ILONA B,8/10/2024 17:44,4,16,710,345631,NSEI,56.9065,-134.614833,56.8905,-134.614667,652.8816,,,,,,,,,,Retained,,832
2024,611,1,710,37833,ILONA B,8/10/2024 17:44,4,16,710,345631,NSEI,56.9065,-134.614833,56.8905,-134.614667,652.8816,,,,,,,,,,Retained,,833
2024,611,1,710,37833,ILONA B,8/10/2024 17:44,4,16,710,345631,NSEI,56.9065,-134.614833,56.8905,-134.614667,652.8816,,,,,,,,,,Retained,,834
2024,611,1,710,37833,ILONA B,8/10/2024 17:44,4,16,710,345631,NSEI,56.9065,-134.614833,56.8905,-134.614667,652.8816,,,,,,,,,,Retained,,835
2024,611,1,710,37833,ILONA B,8/10/2024 17:44,4,16,710,345631,NSEI,56.9065,-134.614833,56.8905,-134.614667,652.8816,,,,,,,,,,Retained,,836
2024,611,1,710,37833,ILONA B,8/10/2024 17:44,4,16,710,345631,NSEI,56.9065,-134.614833,56.8905,-134.614667,652.8816,,,,,,,,,,Retained,,837
2024,611,1,710,37833,ILONA B,8/10/2024 17:44,4,16,710,345631,NSEI,56.9065,-134.614833,56.8905,-134.614667,652.8816,,,,,,,,,,Retained,,838
2024,611,1,710,37833,ILONA B,8/10/2024 17:44,4,16,710,345631,NSEI,56.9065,-134.614833,56.8905,-134.614667,652.8816,,,,,,,,,,Retained,,839
2024,611,1,710,37833,ILONA B,8/10/2024 17:44,4,16,710,345631,NSEI,56.9065,-134.614833,56.8905,-134.614667,652.8816,,,,,,,,,,Retained,,840
2024,611,1,710,37833,ILONA B,8/10/2024 17:44,4,16,710,345631,NSEI,56.9065,-134.614833,56.8905,-134.614667,652.8816,,,,,,,,,,Retained,,841
2024,611,1,710,37833,ILONA B,8/10/2024 17:44,4,16,710,345631,NSEI,56.9065,-134.614833,56.8905,-134.614667,652.8816,,,,,,,,,,Retained,,842
2024,611,1,710,37833,ILONA B,8/10/2024 17:44,4,16,710,345631,NSEI,56.9065,-134.614833,56.8905,-134.614667,652.8816,,,,,,,,,,Retained,,843
2024,611,1,710,37833,ILONA B,8/10/2024 17:44,4,16,710,345631,NSEI,56.9065,-134.614833,56.8905,-134.614667,652.8816,,,,,,,,,,Retained,,844
2024,611,1,710,37833,ILONA B,8/10/2024 17:44,4,16,710,345631,NSEI,56.9065,-134.614833,56.8905,-134.614667,652.8816,,,,,,,,,,Retained,,845
2024,611,1,710,37833,ILONA B,8/10/2024 17:44,4,16,710,345631,NSEI,56.9065,-134.614833,56.8905,-134.614667,652.8816,,,,,,,,,,Retained,,846
2024,611,1,710,37833,ILONA B,8/10/2024 17:44,4,16,710,345631,NSEI,56.9065,-134.614833,56.8905,-134.614667,652.8816,,,,,,,,,,Retained,,847
2024,611,1,710,37833,ILONA B,8/10/2024 17:44,4,16,710,345631,NSEI,56.9065,-134.614833,56.8905,-134.614667,652.8816,,,,,,,,,,Retained,,848
2024,611,1,710,37833,ILONA B,8/10/2024 17:44,4,16,710,345631,NSEI,56.9065,-134.614833,56.8905,-134.614667,652.8816,,,,,,,,,,Retained,,849
2024,611,1,710,37833,ILONA B,8/10/2024 17:44,4,16,710,345631,NSEI,56.9065,-134.614833,56.8905,-134.614667,652.8816,,,,,,,,,,Retained,,850
2024,611,1,710,37833,ILONA B,8/10/2024 17:44,4,16,710,345631,NSEI,56.9065,-134.614833,56.8905,-134.614667,652.8816,,,,,,,,,,Retained,,851
2024,611,1,710,37833,ILONA B,8/10/2024 17:44,4,16,710,345631,NSEI,56.9065,-134.614833,56.8905,-134.614667,652.8816,,,,,,,,,,Retained,,852
2024,611,1,710,37833,ILONA B,8/10/2024 17:44,4,16,710,345631,NSEI,56.9065,-134.614833,56.8905,-134.614667,652.8816,,,,,,,,,,Retained,,853
2024,611,1,710,37833,ILONA B,8/10/2024 17:44,4,16,710,345631,NSEI,56.9065,-134.614833,56.8905,-134.614667,652.8816,,,,,,,,,,Retained,,854
2024,611,1,710,37833,ILONA B,8/10/2024 17:44,4,16,710,345631,NSEI,56.9065,-134.614833,56.8905,-134.614667,652.8816,,,,,,,,,,Retained,,855
2024,611,1,710,37833,ILONA B,8/10/2024 17:44,4,16,710,345631,NSEI,56.9065,-134.614833,56.8905,-134.614667,652.8816,,,,,,,,,,Retained,,856
2024,611,1,710,37833,ILONA B,8/10/2024 17:44,4,16,710,345631,NSEI,56.9065,-134.614833,56.8905,-134.614667,652.8816,,,,,,,,,,Retained,,857
2024,611,1,710,37833,ILONA B,8/10/2024 17:44,4,16,710,345631,NSEI,56.9065,-134.614833,56.8905,-134.614667,652.8816,,,,,,,,,,Retained,,858
2024,611,1,710,37833,ILONA B,8/10/2024 17:44,4,16,710,345631,NSEI,56.9065,-134.614833,56.8905,-134.614667,652.8816,,,,,,,,,,Retained,,859
2024,611,1,710,37833,ILONA B,8/10/2024 17:44,4,16,710,345631,NSEI,56.9065,-134.614833,56.8905,-134.614667,652.8816,,,,,,,,,,Retained,,860
2024,611,1,710,37833,ILONA B,8/10/2024 17:44,4,16,710,345631,NSEI,56.9065,-134.614833,56.8905,-134.614667,652.8816,,,,,,,,,,Retained,,861
2024,611,1,710,37833,ILONA B,8/10/2024 17:44,4,16,710,345631,NSEI,56.9065,-134.614833,56.8905,-134.614667,652.8816,,,,,,,,,,Retained,,862
2024,611,1,710,37833,ILONA B,8/10/2024 17:44,4,16,710,345631,NSEI,56.9065,-134.614833,56.8905,-134.614667,652.8816,,,,,,,,,,Retained,,863
2024,611,1,710,37833,ILONA B,8/10/2024 17:44,4,16,710,345631,NSEI,56.9065,-134.614833,56.8905,-134.614667,652.8816,,,,,,,,,,Retained,,864
2024,611,1,710,37833,ILONA B,8/10/2024 17:44,4,16,710,345631,NSEI,56.9065,-134.614833,56.8905,-134.614667,652.8816,,,,,,,,,,Retained,,865
2024,611,1,710,37833,ILONA B,8/10/2024 17:44,4,16,710,345631,NSEI,56.9065,-134.614833,56.8905,-134.614667,652.8816,,,,,,,,,,Retained,,866
2024,611,1,710,37833,ILONA B,8/10/2024 17:44,4,16,710,345631,NSEI,56.9065,-134.614833,56.8905,-134.614667,652.8816,,,,,,,,,,Retained,,867
2024,611,1,710,37833,ILONA B,8/10/2024 17:44,4,16,710,345631,NSEI,56.9065,-134.614833,56.8905,-134.614667,652.8816,,,,,,,,,,Retained,,868
2024,611,1,710,37833,ILONA B,8/10/2024 17:44,4,16,710,345631,NSEI,56.9065,-134.614833,56.8905,-134.614667,652.8816,,,,,,,,,,Retained,,869
2024,611,1,710,37833,ILONA B,8/10/2024 17:44,4,16,710,345631,NSEI,56.9065,-134.614833,56.8905,-134.614667,652.8816,,,,,,,,,,Retained,,870
2024,611,1,710,37833,ILONA B,8/10/2024 17:44,4,16,710,345631,NSEI,56.9065,-134.614833,56.8905,-134.614667,652.8816,,,,,,,,,,Retained,,871
2024,611,1,710,37833,ILONA B,8/10/2024 17:44,4,16,710,345631,NSEI,56.9065,-134.614833,56.8905,-134.614667,652.8816,,,,,,,,,,Retained,,872
2024,611,1,710,37833,ILONA B,8/10/2024 17:44,4,16,710,345631,NSEI,56.9065,-134.614833,56.8905,-134.614667,652.8816,,,,,,,,,,Retained,,873
2024,611,1,710,37833,ILONA B,8/10/2024 17:44,4,16,710,345631,NSEI,56.9065,-134.614833,56.8905,-134.614667,652.8816,,,,,,,,,,Retained,,874
2024,611,1,710,37833,ILONA B,8/10/2024 17:44,4,16,710,345631,NSEI,56.9065,-134.614833,56.8905,-134.614667,652.8816,,,,,,,,,,Retained,,875
2024,611,1,710,37833,ILONA B,8/10/2024 17:44,4,16,710,345631,NSEI,56.9065,-134.614833,56.8905,-134.614667,652.8816,,,,,,,,,,Retained,,876
2024,611,1,710,37833,ILONA B,8/10/2024 17:44,4,16,710,345631,NSEI,56.9065,-134.614833,56.8905,-134.614667,652.8816,,,,,,,,,,Retained,,877
2024,611,1,710,37833,ILONA B,8/10/2024 17:44,4,16,710,345631,NSEI,56.9065,-134.614833,56.8905,-134.614667,652.8816,,,,,,,,,,Retained,,878
2024,611,1,710,37833,ILONA B,8/10/2024 17:44,4,16,710,345631,NSEI,56.9065,-134.614833,56.8905,-134.614667,652.8816,,,,,,,,,,Retained,,879
2024,611,1,710,37833,ILONA B,8/10/2024 17:44,4,16,710,345631,NSEI,56.9065,-134.614833,56.8905,-134.614667,652.8816,,,,,,,,,,Retained,,880
2024,611,1,710,37833,ILONA B,8/10/2024 17:44,4,16,710,345631,NSEI,56.9065,-134.614833,56.8905,-134.614667,652.8816,,,,,,,,,,Retained,,881
2024,611,1,710,37833,ILONA B,8/10/2024 17:44,4,16,710,345631,NSEI,56.9065,-134.614833,56.8905,-134.614667,652.8816,,,,,,,,,,Retained,,882
2024,611,1,710,37833,ILONA B,8/10/2024 17:44,4,16,710,345631,NSEI,56.9065,-134.614833,56.8905,-134.614667,652.8816,,,,,,,,,,Retained,,883
2024,611,1,710,37833,ILONA B,8/10/2024 17:44,4,16,710,345631,NSEI,56.9065,-134.614833,56.8905,-134.614667,652.8816,,,,,,,,,,Retained,,884
2024,611,1,710,37833,ILONA B,8/10/2024 17:44,4,16,710,345631,NSEI,56.9065,-134.614833,56.8905,-134.614667,652.8816,,,,,,,,,,Retained,,885
2024,611,1,710,37833,ILONA B,8/10/2024 17:44,4,16,710,345631,NSEI,56.9065,-134.614833,56.8905,-134.614667,652.8816,,,,,,,,,,Retained,,886
2024,611,1,710,37833,ILONA B,8/10/2024 17:44,4,16,710,345631,NSEI,56.9065,-134.614833,56.8905,-134.614667,652.8816,,,,,,,,,,Retained,,887
2024,611,1,710,37833,ILONA B,8/10/2024 17:44,4,16,710,345631,NSEI,56.9065,-134.614833,56.8905,-134.614667,652.8816,,,,,,,,,,Retained,,888
2024,611,1,710,37833,ILONA B,8/10/2024 17:44,4,16,710,345631,NSEI,56.9065,-134.614833,56.8905,-134.614667,652.8816,,,,,,,,,,Retained,,889
2024,611,1,710,37833,ILONA B,8/10/2024 17:44,4,16,710,345631,NSEI,56.9065,-134.614833,56.8905,-134.614667,652.8816,,,,,,,,,,Retained,,890
2024,611,1,710,37833,ILONA B,8/10/2024 17:44,4,16,710,345631,NSEI,56.9065,-134.614833,56.8905,-134.614667,652.8816,,,,,,,,,,Retained,,891
2024,611,1,710,37833,ILONA B,8/10/2024 17:44,4,16,710,345631,NSEI,56.9065,-134.614833,56.8905,-134.614667,652.8816,,,,,,,,,,Retained,,892
2024,611,1,710,37833,ILONA B,8/11/2024 15:24,5,19,710,345701,NSEI,57.081667,-134.7185,57.065833,-134.718,632.7648,44,,,,,,,,,Retained,,73
2024,611,1,710,37833,ILONA B,8/11/2024 15:24,5,19,710,345701,NSEI,57.081667,-134.7185,57.065833,-134.718,632.7648,46,,,,,,,,,Retained,,104
2024,611,1,710,37833,ILONA B,8/11/2024 15:24,5,19,710,345701,NSEI,57.081667,-134.7185,57.065833,-134.718,632.7648,46,,,,,,,,,Retained,,123
2024,611,1,710,37833,ILONA B,8/11/2024 15:24,5,19,710,345701,NSEI,57.081667,-134.7185,57.065833,-134.718,632.7648,48,,,,,,,,,Retained,,25
2024,611,1,710,37833,ILONA B,8/11/2024 15:24,5,19,710,345701,NSEI,57.081667,-134.7185,57.065833,-134.718,632.7648,49,,,,,,,,,Retained,,8
2024,611,1,710,37833,ILONA B,8/11/2024 15:24,5,19,710,345701,NSEI,57.081667,-134.7185,57.065833,-134.718,632.7648,50,,,,,,,,,Retained,,67
2024,611,1,710,37833,ILONA B,8/11/2024 15:24,5,19,710,345701,NSEI,57.081667,-134.7185,57.065833,-134.718,632.7648,50,,,,,,,,,Retained,,74
2024,611,1,710,37833,ILONA B,8/11/2024 15:24,5,19,710,345701,NSEI,57.081667,-134.7185,57.065833,-134.718,632.7648,50,,,,,,,,,Retained,,100
2024,611,1,710,37833,ILONA B,8/11/2024 15:24,5,19,710,345701,NSEI,57.081667,-134.7185,57.065833,-134.718,632.7648,51,,,,,,,,,Retained,,94
2024,611,1,710,37833,ILONA B,8/11/2024 15:24,5,19,710,345701,NSEI,57.081667,-134.7185,57.065833,-134.718,632.7648,52,1.4,3,,2,2,1,,,Retained,,11
2024,611,1,710,37833,ILONA B,8/11/2024 15:24,5,19,710,345701,NSEI,57.081667,-134.7185,57.065833,-134.718,632.7648,52,1.6,6,,3,2,1,,,Retained,,36
2024,611,1,710,37833,ILONA B,8/11/2024 15:24,5,19,710,345701,NSEI,57.081667,-134.7185,57.065833,-134.718,632.7648,52,,,,,,,,,Retained,,28
2024,611,1,710,37833,ILONA B,8/11/2024 15:24,5,19,710,345701,NSEI,57.081667,-134.7185,57.065833,-134.718,632.7648,52,,,,,,,,,Retained,,37
2024,611,1,710,37833,ILONA B,8/11/2024 15:24,5,19,710,345701,NSEI,57.081667,-134.7185,57.065833,-134.718,632.7648,52,,,,,,,,,Retained,,62
2024,611,1,710,37833,ILONA B,8/11/2024 15:24,5,19,710,345701,NSEI,57.081667,-134.7185,57.065833,-134.718,632.7648,53,,,,,,,,,Retained,,13
2024,611,1,710,37833,ILONA B,8/11/2024 15:24,5,19,710,345701,NSEI,57.081667,-134.7185,57.065833,-134.718,632.7648,53,,,,,,,,,Retained,,29
2024,611,1,710,37833,ILONA B,8/11/2024 15:24,5,19,710,345701,NSEI,57.081667,-134.7185,57.065833,-134.718,632.7648,53,,,,,,,,,Retained,,52
2024,611,1,710,37833,ILONA B,8/11/2024 15:24,5,19,710,345701,NSEI,57.081667,-134.7185,57.065833,-134.718,632.7648,53,,,,,,,,,Retained,,88
2024,611,1,710,37833,ILONA B,8/11/2024 15:24,5,19,710,345701,NSEI,57.081667,-134.7185,57.065833,-134.718,632.7648,53,,,,,,,,,Retained,,98
2024,611,1,710,37833,ILONA B,8/11/2024 15:24,5,19,710,345701,NSEI,57.081667,-134.7185,57.065833,-134.718,632.7648,53,,,,,,,,,Retained,,114
2024,611,1,710,37833,ILONA B,8/11/2024 15:24,5,19,710,345701,NSEI,57.081667,-134.7185,57.065833,-134.718,632.7648,53,,,,,,,,,Retained,,115
2024,611,1,710,37833,ILONA B,8/11/2024 15:24,5,19,710,345701,NSEI,57.081667,-134.7185,57.065833,-134.718,632.7648,53,,,,,,,,,Retained,,119
2024,611,1,710,37833,ILONA B,8/11/2024 15:24,5,19,710,345701,NSEI,57.081667,-134.7185,57.065833,-134.718,632.7648,54,1.5,4,,3,2,1,,,Retained,,21
2024,611,1,710,37833,ILONA B,8/11/2024 15:24,5,19,710,345701,NSEI,57.081667,-134.7185,57.065833,-134.718,632.7648,54,1.7,5,,3,2,1,,,Retained,,46
2024,611,1,710,37833,ILONA B,8/11/2024 15:24,5,19,710,345701,NSEI,57.081667,-134.7185,57.065833,-134.718,632.7648,54,,,,,,,,,Retained,,70
2024,611,1,710,37833,ILONA B,8/11/2024 15:24,5,19,710,345701,NSEI,57.081667,-134.7185,57.065833,-134.718,632.7648,54,,,,,,,,,Retained,,90
2024,611,1,710,37833,ILONA B,8/11/2024 15:24,5,19,710,345701,NSEI,57.081667,-134.7185,57.065833,-134.718,632.7648,55,1.7,5,,3,1,7,,,Retained,,61
2024,611,1,710,37833,ILONA B,8/11/2024 15:24,5,19,710,345701,NSEI,57.081667,-134.7185,57.065833,-134.718,632.7648,55,,,,,,,,,Retained,,4
2024,611,1,710,37833,ILONA B,8/11/2024 15:24,5,19,710,345701,NSEI,57.081667,-134.7185,57.065833,-134.718,632.7648,55,,,,,,,,,Retained,,7
2024,611,1,710,37833,ILONA B,8/11/2024 15:24,5,19,710,345701,NSEI,57.081667,-134.7185,57.065833,-134.718,632.7648,55,,,,,,,,,Retained,,12
2024,611,1,710,37833,ILONA B,8/11/2024 15:24,5,19,710,345701,NSEI,57.081667,-134.7185,57.065833,-134.718,632.7648,55,,,,,,,,,Retained,,43
2024,611,1,710,37833,ILONA B,8/11/2024 15:24,5,19,710,345701,NSEI,57.081667,-134.7185,57.065833,-134.718,632.7648,55,,,,,,,,,Retained,,49
2024,611,1,710,37833,ILONA B,8/11/2024 15:24,5,19,710,345701,NSEI,57.081667,-134.7185,57.065833,-134.718,632.7648,55,,,,,,,,,Retained,,110
2024,611,1,710,37833,ILONA B,8/11/2024 15:24,5,19,710,345701,NSEI,57.081667,-134.7185,57.065833,-134.718,632.7648,55,,,,,,,,,Retained,,122
2024,611,1,710,37833,ILONA B,8/11/2024 15:24,5,19,710,345701,NSEI,57.081667,-134.7185,57.065833,-134.718,632.7648,56,1.7,7,,2,2,1,,,Retained,,96
2024,611,1,710,37833,ILONA B,8/11/2024 15:24,5,19,710,345701,NSEI,57.081667,-134.7185,57.065833,-134.718,632.7648,56,1.7,8,,2,2,1,,,Retained,,116
2024,611,1,710,37833,ILONA B,8/11/2024 15:24,5,19,710,345701,NSEI,57.081667,-134.7185,57.065833,-134.718,632.7648,56,2,8,,2,1,7,,,Retained,,81
2024,611,1,710,37833,ILONA B,8/11/2024 15:24,5,19,710,345701,NSEI,57.081667,-134.7185,57.065833,-134.718,632.7648,56,,,,,,,,,Retained,,3
2024,611,1,710,37833,ILONA B,8/11/2024 15:24,5,19,710,345701,NSEI,57.081667,-134.7185,57.065833,-134.718,632.7648,56,,,,,,,,,Retained,,5
2024,611,1,710,37833,ILONA B,8/11/2024 15:24,5,19,710,345701,NSEI,57.081667,-134.7185,57.065833,-134.718,632.7648,56,,,,,,,,,Retained,,14
2024,611,1,710,37833,ILONA B,8/11/2024 15:24,5,19,710,345701,NSEI,57.081667,-134.7185,57.065833,-134.718,632.7648,56,,,,,,,,,Retained,,19
2024,611,1,710,37833,ILONA B,8/11/2024 15:24,5,19,710,345701,NSEI,57.081667,-134.7185,57.065833,-134.718,632.7648,56,,,,,,,,,Retained,,54
2024,611,1,710,37833,ILONA B,8/11/2024 15:24,5,19,710,345701,NSEI,57.081667,-134.7185,57.065833,-134.718,632.7648,56,,,,,,,,,Retained,,75
2024,611,1,710,37833,ILONA B,8/11/2024 15:24,5,19,710,345701,NSEI,57.081667,-134.7185,57.065833,-134.718,632.7648,56,,,,,,,,,Retained,,89
2024,611,1,710,37833,ILONA B,8/11/2024 15:24,5,19,710,345701,NSEI,57.081667,-134.7185,57.065833,-134.718,632.7648,56,,,,,,,,,Retained,,99
2024,611,1,710,37833,ILONA B,8/11/2024 15:24,5,19,710,345701,NSEI,57.081667,-134.7185,57.065833,-134.718,632.7648,56,,,,,,,,,Retained,,103
2024,611,1,710,37833,ILONA B,8/11/2024 15:24,5,19,710,345701,NSEI,57.081667,-134.7185,57.065833,-134.718,632.7648,56,,,,,,,,,Retained,,109
2024,611,1,710,37833,ILONA B,8/11/2024 15:24,5,19,710,345701,NSEI,57.081667,-134.7185,57.065833,-134.718,632.7648,56,,,,,,,,,Retained,,113
2024,611,1,710,37833,ILONA B,8/11/2024 15:24,5,19,710,345701,NSEI,57.081667,-134.7185,57.065833,-134.718,632.7648,57,1.9,6,,1,2,1,,,Retained,,126
2024,611,1,710,37833,ILONA B,8/11/2024 15:24,5,19,710,345701,NSEI,57.081667,-134.7185,57.065833,-134.718,632.7648,57,2.1,8,,3,1,1,,,Retained,,101
2024,611,1,710,37833,ILONA B,8/11/2024 15:24,5,19,710,345701,NSEI,57.081667,-134.7185,57.065833,-134.718,632.7648,57,,,,,,,,,Retained,,9
2024,611,1,710,37833,ILONA B,8/11/2024 15:24,5,19,710,345701,NSEI,57.081667,-134.7185,57.065833,-134.718,632.7648,57,,,,,,,,,Retained,,18
2024,611,1,710,37833,ILONA B,8/11/2024 15:24,5,19,710,345701,NSEI,57.081667,-134.7185,57.065833,-134.718,632.7648,57,,,,,,,,,Retained,,48
2024,611,1,710,37833,ILONA B,8/11/2024 15:24,5,19,710,345701,NSEI,57.081667,-134.7185,57.065833,-134.718,632.7648,57,,,,,,,,,Retained,,57
2024,611,1,710,37833,ILONA B,8/11/2024 15:24,5,19,710,345701,NSEI,57.081667,-134.7185,57.065833,-134.718,632.7648,57,,,,,,,,,Retained,,58
2024,611,1,710,37833,ILONA B,8/11/2024 15:24,5,19,710,345701,NSEI,57.081667,-134.7185,57.065833,-134.718,632.7648,57,,,,,,,,,Retained,,68
2024,611,1,710,37833,ILONA B,8/11/2024 15:24,5,19,710,345701,NSEI,57.081667,-134.7185,57.065833,-134.718,632.7648,57,,,,,,,,,Retained,,78
2024,611,1,710,37833,ILONA B,8/11/2024 15:24,5,19,710,345701,NSEI,57.081667,-134.7185,57.065833,-134.718,632.7648,57,,,,,,,,,Retained,,79
2024,611,1,710,37833,ILONA B,8/11/2024 15:24,5,19,710,345701,NSEI,57.081667,-134.7185,57.065833,-134.718,632.7648,57,,,,,,,,,Retained,,80
2024,611,1,710,37833,ILONA B,8/11/2024 15:24,5,19,710,345701,NSEI,57.081667,-134.7185,57.065833,-134.718,632.7648,57,,,,,,,,,Retained,,120
2024,611,1,710,37833,ILONA B,8/11/2024 15:24,5,19,710,345701,NSEI,57.081667,-134.7185,57.065833,-134.718,632.7648,57,,,,,,,,,Retained,,124
2024,611,1,710,37833,ILONA B,8/11/2024 15:24,5,19,710,345701,NSEI,57.081667,-134.7185,57.065833,-134.718,632.7648,58,2.1,7,,3,2,1,,,Retained,,26
2024,611,1,710,37833,ILONA B,8/11/2024 15:24,5,19,710,345701,NSEI,57.081667,-134.7185,57.065833,-134.718,632.7648,58,,,,,,,,,Retained,,23
2024,611,1,710,37833,ILONA B,8/11/2024 15:24,5,19,710,345701,NSEI,57.081667,-134.7185,57.065833,-134.718,632.7648,58,,,,,,,,,Retained,,38
2024,611,1,710,37833,ILONA B,8/11/2024 15:24,5,19,710,345701,NSEI,57.081667,-134.7185,57.065833,-134.718,632.7648,58,,,,,,,,,Retained,,44
2024,611,1,710,37833,ILONA B,8/11/2024 15:24,5,19,710,345701,NSEI,57.081667,-134.7185,57.065833,-134.718,632.7648,58,,,,,,,,,Retained,,55
2024,611,1,710,37833,ILONA B,8/11/2024 15:24,5,19,710,345701,NSEI,57.081667,-134.7185,57.065833,-134.718,632.7648,58,,,,,,,,,Retained,,65
2024,611,1,710,37833,ILONA B,8/11/2024 15:24,5,19,710,345701,NSEI,57.081667,-134.7185,57.065833,-134.718,632.7648,58,,,,,,,,,Retained,,69
2024,611,1,710,37833,ILONA B,8/11/2024 15:24,5,19,710,345701,NSEI,57.081667,-134.7185,57.065833,-134.718,632.7648,58,,,,,,,,,Retained,,118
2024,611,1,710,37833,ILONA B,8/11/2024 15:24,5,19,710,345701,NSEI,57.081667,-134.7185,57.065833,-134.718,632.7648,59,2.1,9,,2,2,7,,,Retained,,51
2024,611,1,710,37833,ILONA B,8/11/2024 15:24,5,19,710,345701,NSEI,57.081667,-134.7185,57.065833,-134.718,632.7648,59,2.1,10,,2,1,7,,,Retained,,56
2024,611,1,710,37833,ILONA B,8/11/2024 15:24,5,19,710,345701,NSEI,57.081667,-134.7185,57.065833,-134.718,632.7648,59,2.2,8,,2,2,7,,,Retained,,76
2024,611,1,710,37833,ILONA B,8/11/2024 15:24,5,19,710,345701,NSEI,57.081667,-134.7185,57.065833,-134.718,632.7648,59,2.2,10,,2,2,7,,,Retained,,71
2024,611,1,710,37833,ILONA B,8/11/2024 15:24,5,19,710,345701,NSEI,57.081667,-134.7185,57.065833,-134.718,632.7648,59,2.2,11,,4,2,7,,,Retained,,16
2024,611,1,710,37833,ILONA B,8/11/2024 15:24,5,19,710,345701,NSEI,57.081667,-134.7185,57.065833,-134.718,632.7648,59,,,,,,,,,Retained,,27
2024,611,1,710,37833,ILONA B,8/11/2024 15:24,5,19,710,345701,NSEI,57.081667,-134.7185,57.065833,-134.718,632.7648,59,,,,,,,,,Retained,,30
2024,611,1,710,37833,ILONA B,8/11/2024 15:24,5,19,710,345701,NSEI,57.081667,-134.7185,57.065833,-134.718,632.7648,59,,,,,,,,,Retained,,40
2024,611,1,710,37833,ILONA B,8/11/2024 15:24,5,19,710,345701,NSEI,57.081667,-134.7185,57.065833,-134.718,632.7648,59,,,,,,,,,Retained,,112
2024,611,1,710,37833,ILONA B,8/11/2024 15:24,5,19,710,345701,NSEI,57.081667,-134.7185,57.065833,-134.718,632.7648,60,2.3,9,,3,1,7,,,Retained,,31
2024,611,1,710,37833,ILONA B,8/11/2024 15:24,5,19,710,345701,NSEI,57.081667,-134.7185,57.065833,-134.718,632.7648,60,2.5,10,,3,1,7,,,Retained,,86
2024,611,1,710,37833,ILONA B,8/11/2024 15:24,5,19,710,345701,NSEI,57.081667,-134.7185,57.065833,-134.718,632.7648,60,,,,,,,,,Retained,,10
2024,611,1,710,37833,ILONA B,8/11/2024 15:24,5,19,710,345701,NSEI,57.081667,-134.7185,57.065833,-134.718,632.7648,60,,,,,,,,,Retained,,24
2024,611,1,710,37833,ILONA B,8/11/2024 15:24,5,19,710,345701,NSEI,57.081667,-134.7185,57.065833,-134.718,632.7648,60,,,,,,,,,Retained,,34
2024,611,1,710,37833,ILONA B,8/11/2024 15:24,5,19,710,345701,NSEI,57.081667,-134.7185,57.065833,-134.718,632.7648,60,,,,,,,,,Retained,,39
2024,611,1,710,37833,ILONA B,8/11/2024 15:24,5,19,710,345701,NSEI,57.081667,-134.7185,57.065833,-134.718,632.7648,60,,,,,,,,,Retained,,53
2024,611,1,710,37833,ILONA B,8/11/2024 15:24,5,19,710,345701,NSEI,57.081667,-134.7185,57.065833,-134.718,632.7648,60,,,,,,,,,Retained,,83
2024,611,1,710,37833,ILONA B,8/11/2024 15:24,5,19,710,345701,NSEI,57.081667,-134.7185,57.065833,-134.718,632.7648,61,2.6,8,,2,2,7,,,Retained,,6
2024,611,1,710,37833,ILONA B,8/11/2024 15:24,5,19,710,345701,NSEI,57.081667,-134.7185,57.065833,-134.718,632.7648,61,,,,,,,,,Retained,,35
2024,611,1,710,37833,ILONA B,8/11/2024 15:24,5,19,710,345701,NSEI,57.081667,-134.7185,57.065833,-134.718,632.7648,61,,,,,,,,,Retained,,60
2024,611,1,710,37833,ILONA B,8/11/2024 15:24,5,19,710,345701,NSEI,57.081667,-134.7185,57.065833,-134.718,632.7648,61,,,,,,,,,Retained,,87
2024,611,1,710,37833,ILONA B,8/11/2024 15:24,5,19,710,345701,NSEI,57.081667,-134.7185,57.065833,-134.718,632.7648,61,,,,,,,,,Retained,,92
2024,611,1,710,37833,ILONA B,8/11/2024 15:24,5,19,710,345701,NSEI,57.081667,-134.7185,57.065833,-134.718,632.7648,62,2.5,7,,2,2,7,,,Retained,,121
2024,611,1,710,37833,ILONA B,8/11/2024 15:24,5,19,710,345701,NSEI,57.081667,-134.7185,57.065833,-134.718,632.7648,62,2.6,8,,2,2,7,,,Retained,,91
2024,611,1,710,37833,ILONA B,8/11/2024 15:24,5,19,710,345701,NSEI,57.081667,-134.7185,57.065833,-134.718,632.7648,62,,,,,,,,,Retained,,20
2024,611,1,710,37833,ILONA B,8/11/2024 15:24,5,19,710,345701,NSEI,57.081667,-134.7185,57.065833,-134.718,632.7648,62,,,,,,,,,Retained,,97
2024,611,1,710,37833,ILONA B,8/11/2024 15:24,5,19,710,345701,NSEI,57.081667,-134.7185,57.065833,-134.718,632.7648,62,,,,,,,,,Retained,,105
2024,611,1,710,37833,ILONA B,8/11/2024 15:24,5,19,710,345701,NSEI,57.081667,-134.7185,57.065833,-134.718,632.7648,62,,,,,,,,,Retained,,117
2024,611,1,710,37833,ILONA B,8/11/2024 15:24,5,19,710,345701,NSEI,57.081667,-134.7185,57.065833,-134.718,632.7648,62,,,,,,,,,Retained,,130
2024,611,1,710,37833,ILONA B,8/11/2024 15:24,5,19,710,345701,NSEI,57.081667,-134.7185,57.065833,-134.718,632.7648,63,2.6,9,,2,2,7,,,Retained,,111
2024,611,1,710,37833,ILONA B,8/11/2024 15:24,5,19,710,345701,NSEI,57.081667,-134.7185,57.065833,-134.718,632.7648,63,2.7,10,,2,2,7,,,Retained,,106
2024,611,1,710,37833,ILONA B,8/11/2024 15:24,5,19,710,345701,NSEI,57.081667,-134.7185,57.065833,-134.718,632.7648,63,,,,,,,,,Retained,,22
2024,611,1,710,37833,ILONA B,8/11/2024 15:24,5,19,710,345701,NSEI,57.081667,-134.7185,57.065833,-134.718,632.7648,63,,,,,,,,,Retained,,59
2024,611,1,710,37833,ILONA B,8/11/2024 15:24,5,19,710,345701,NSEI,57.081667,-134.7185,57.065833,-134.718,632.7648,63,,,,,,,,,Retained,,64
2024,611,1,710,37833,ILONA B,8/11/2024 15:24,5,19,710,345701,NSEI,57.081667,-134.7185,57.065833,-134.718,632.7648,63,,,,,,,,,Retained,,82
2024,611,1,710,37833,ILONA B,8/11/2024 15:24,5,19,710,345701,NSEI,57.081667,-134.7185,57.065833,-134.718,632.7648,63,,,,,,,,,Retained,,102
2024,611,1,710,37833,ILONA B,8/11/2024 15:24,5,19,710,345701,NSEI,57.081667,-134.7185,57.065833,-134.718,632.7648,63,,,,,,,,,Retained,,107
2024,611,1,710,37833,ILONA B,8/11/2024 15:24,5,19,710,345701,NSEI,57.081667,-134.7185,57.065833,-134.718,632.7648,63,,,,,,,,,Retained,,125
2024,611,1,710,37833,ILONA B,8/11/2024 15:24,5,19,710,345701,NSEI,57.081667,-134.7185,57.065833,-134.718,632.7648,64,,,,,,,,,Retained,,15
2024,611,1,710,37833,ILONA B,8/11/2024 15:24,5,19,710,345701,NSEI,57.081667,-134.7185,57.065833,-134.718,632.7648,64,,,,,,,,,Retained,,42
2024,611,1,710,37833,ILONA B,8/11/2024 15:24,5,19,710,345701,NSEI,57.081667,-134.7185,57.065833,-134.718,632.7648,64,,,,,,,,,Retained,,127
2024,611,1,710,37833,ILONA B,8/11/2024 15:24,5,19,710,345701,NSEI,57.081667,-134.7185,57.065833,-134.718,632.7648,64,,,,,,,,,Retained,,128
2024,611,1,710,37833,ILONA B,8/11/2024 15:24,5,19,710,345701,NSEI,57.081667,-134.7185,57.065833,-134.718,632.7648,65,2.7,9,,2,2,7,,,Retained,,66
2024,611,1,710,37833,ILONA B,8/11/2024 15:24,5,19,710,345701,NSEI,57.081667,-134.7185,57.065833,-134.718,632.7648,65,3,5,,2,2,7,,,Retained,,41
2024,611,1,710,37833,ILONA B,8/11/2024 15:24,5,19,710,345701,NSEI,57.081667,-134.7185,57.065833,-134.718,632.7648,65,,,,,,,,,Retained,,33
2024,611,1,710,37833,ILONA B,8/11/2024 15:24,5,19,710,345701,NSEI,57.081667,-134.7185,57.065833,-134.718,632.7648,65,,,,,,,,,Retained,,63
2024,611,1,710,37833,ILONA B,8/11/2024 15:24,5,19,710,345701,NSEI,57.081667,-134.7185,57.065833,-134.718,632.7648,65,,,,,,,,,Retained,,77
2024,611,1,710,37833,ILONA B,8/11/2024 15:24,5,19,710,345701,NSEI,57.081667,-134.7185,57.065833,-134.718,632.7648,66,,,,,,,,,Retained,,50
2024,611,1,710,37833,ILONA B,8/11/2024 15:24,5,19,710,345701,NSEI,57.081667,-134.7185,57.065833,-134.718,632.7648,66,,,,,,,,,Retained,,129
2024,611,1,710,37833,ILONA B,8/11/2024 15:24,5,19,710,345701,NSEI,57.081667,-134.7185,57.065833,-134.718,632.7648,67,,,,,,,,,Retained,,2
2024,611,1,710,37833,ILONA B,8/11/2024 15:24,5,19,710,345701,NSEI,57.081667,-134.7185,57.065833,-134.718,632.7648,67,,,,,,,,,Retained,,47
2024,611,1,710,37833,ILONA B,8/11/2024 15:24,5,19,710,345701,NSEI,57.081667,-134.7185,57.065833,-134.718,632.7648,67,,,,,,,,,Retained,,93
2024,611,1,710,37833,ILONA B,8/11/2024 15:24,5,19,710,345701,NSEI,57.081667,-134.7185,57.065833,-134.718,632.7648,68,3.1,9,,3,2,7,,,Retained,,1
2024,611,1,710,37833,ILONA B,8/11/2024 15:24,5,19,710,345701,NSEI,57.081667,-134.7185,57.065833,-134.718,632.7648,68,,,,,,,,,Retained,,32
2024,611,1,710,37833,ILONA B,8/11/2024 15:24,5,19,710,345701,NSEI,57.081667,-134.7185,57.065833,-134.718,632.7648,68,,,,,,,,,Retained,,72
2024,611,1,710,37833,ILONA B,8/11/2024 15:24,5,19,710,345701,NSEI,57.081667,-134.7185,57.065833,-134.718,632.7648,68,,,,,,,,,Retained,,84
2024,611,1,710,37833,ILONA B,8/11/2024 15:24,5,19,710,345701,NSEI,57.081667,-134.7185,57.065833,-134.718,632.7648,68,,,,,,,,,Retained,,95
2024,611,1,710,37833,ILONA B,8/11/2024 15:24,5,19,710,345701,NSEI,57.081667,-134.7185,57.065833,-134.718,632.7648,68,,,,,,,,,Retained,,108
2024,611,1,710,37833,ILONA B,8/11/2024 15:24,5,19,710,345701,NSEI,57.081667,-134.7185,57.065833,-134.718,632.7648,70,,,,,,,,,Retained,,17
2024,611,1,710,37833,ILONA B,8/11/2024 15:24,5,19,710,345701,NSEI,57.081667,-134.7185,57.065833,-134.718,632.7648,72,,,,,,,,,Retained,,45
2024,611,1,710,37833,ILONA B,8/11/2024 15:24,5,19,710,345701,NSEI,57.081667,-134.7185,57.065833,-134.718,632.7648,73,,,,,,,,,Retained,,85
2024,611,1,710,37833,ILONA B,8/11/2024 15:24,5,19,710,345701,NSEI,57.081667,-134.7185,57.065833,-134.718,632.7648,,,,,,,,,,"Discarded, too small",,317
2024,611,1,710,37833,ILONA B,8/11/2024 15:24,5,19,710,345701,NSEI,57.081667,-134.7185,57.065833,-134.718,632.7648,,,,,,,,,,"Discarded, too small",,392
2024,611,1,710,37833,ILONA B,8/11/2024 15:24,5,19,710,345701,NSEI,57.081667,-134.7185,57.065833,-134.718,632.7648,,,,,,,,,,"Discarded, too small",,428
2024,611,1,710,37833,ILONA B,8/11/2024 15:24,5,19,710,345701,NSEI,57.081667,-134.7185,57.065833,-134.718,632.7648,,,,,,,,,,"Discarded, too small",,429
2024,611,1,710,37833,ILONA B,8/11/2024 15:24,5,19,710,345701,NSEI,57.081667,-134.7185,57.065833,-134.718,632.7648,,,,,,,,,,"Discarded, too small",,496
2024,611,1,710,37833,ILONA B,8/11/2024 15:24,5,19,710,345701,NSEI,57.081667,-134.7185,57.065833,-134.718,632.7648,,,,,,,,,,"Discarded, too small",,605
2024,611,1,710,37833,ILONA B,8/11/2024 15:24,5,19,710,345701,NSEI,57.081667,-134.7185,57.065833,-134.718,632.7648,,,,,,,,,,"Discarded, too small",,620
2024,611,1,710,37833,ILONA B,8/11/2024 15:24,5,19,710,345701,NSEI,57.081667,-134.7185,57.065833,-134.718,632.7648,,,,,,,,,,"Discarded, too small",,638
2024,611,1,710,37833,ILONA B,8/11/2024 15:24,5,19,710,345701,NSEI,57.081667,-134.7185,57.065833,-134.718,632.7648,,,,,,,,,,Retained,,131
2024,611,1,710,37833,ILONA B,8/11/2024 15:24,5,19,710,345701,NSEI,57.081667,-134.7185,57.065833,-134.718,632.7648,,,,,,,,,,Retained,,132
2024,611,1,710,37833,ILONA B,8/11/2024 15:24,5,19,710,345701,NSEI,57.081667,-134.7185,57.065833,-134.718,632.7648,,,,,,,,,,Retained,,133
2024,611,1,710,37833,ILONA B,8/11/2024 15:24,5,19,710,345701,NSEI,57.081667,-134.7185,57.065833,-134.718,632.7648,,,,,,,,,,Retained,,134
2024,611,1,710,37833,ILONA B,8/11/2024 15:24,5,19,710,345701,NSEI,57.081667,-134.7185,57.065833,-134.718,632.7648,,,,,,,,,,Retained,,135
2024,611,1,710,37833,ILONA B,8/11/2024 15:24,5,19,710,345701,NSEI,57.081667,-134.7185,57.065833,-134.718,632.7648,,,,,,,,,,Retained,,136
2024,611,1,710,37833,ILONA B,8/11/2024 15:24,5,19,710,345701,NSEI,57.081667,-134.7185,57.065833,-134.718,632.7648,,,,,,,,,,Retained,,137
2024,611,1,710,37833,ILONA B,8/11/2024 15:24,5,19,710,345701,NSEI,57.081667,-134.7185,57.065833,-134.718,632.7648,,,,,,,,,,Retained,,138
2024,611,1,710,37833,ILONA B,8/11/2024 15:24,5,19,710,345701,NSEI,57.081667,-134.7185,57.065833,-134.718,632.7648,,,,,,,,,,Retained,,139
2024,611,1,710,37833,ILONA B,8/11/2024 15:24,5,19,710,345701,NSEI,57.081667,-134.7185,57.065833,-134.718,632.7648,,,,,,,,,,Retained,,140
2024,611,1,710,37833,ILONA B,8/11/2024 15:24,5,19,710,345701,NSEI,57.081667,-134.7185,57.065833,-134.718,632.7648,,,,,,,,,,Retained,,141
2024,611,1,710,37833,ILONA B,8/11/2024 15:24,5,19,710,345701,NSEI,57.081667,-134.7185,57.065833,-134.718,632.7648,,,,,,,,,,Retained,,142
2024,611,1,710,37833,ILONA B,8/11/2024 15:24,5,19,710,345701,NSEI,57.081667,-134.7185,57.065833,-134.718,632.7648,,,,,,,,,,Retained,,143
2024,611,1,710,37833,ILONA B,8/11/2024 15:24,5,19,710,345701,NSEI,57.081667,-134.7185,57.065833,-134.718,632.7648,,,,,,,,,,Retained,,144
2024,611,1,710,37833,ILONA B,8/11/2024 15:24,5,19,710,345701,NSEI,57.081667,-134.7185,57.065833,-134.718,632.7648,,,,,,,,,,Retained,,145
2024,611,1,710,37833,ILONA B,8/11/2024 15:24,5,19,710,345701,NSEI,57.081667,-134.7185,57.065833,-134.718,632.7648,,,,,,,,,,Retained,,146
2024,611,1,710,37833,ILONA B,8/11/2024 15:24,5,19,710,345701,NSEI,57.081667,-134.7185,57.065833,-134.718,632.7648,,,,,,,,,,Retained,,147
2024,611,1,710,37833,ILONA B,8/11/2024 15:24,5,19,710,345701,NSEI,57.081667,-134.7185,57.065833,-134.718,632.7648,,,,,,,,,,Retained,,148
2024,611,1,710,37833,ILONA B,8/11/2024 15:24,5,19,710,345701,NSEI,57.081667,-134.7185,57.065833,-134.718,632.7648,,,,,,,,,,Retained,,149
2024,611,1,710,37833,ILONA B,8/11/2024 15:24,5,19,710,345701,NSEI,57.081667,-134.7185,57.065833,-134.718,632.7648,,,,,,,,,,Retained,,150
2024,611,1,710,37833,ILONA B,8/11/2024 15:24,5,19,710,345701,NSEI,57.081667,-134.7185,57.065833,-134.718,632.7648,,,,,,,,,,Retained,,151
2024,611,1,710,37833,ILONA B,8/11/2024 15:24,5,19,710,345701,NSEI,57.081667,-134.7185,57.065833,-134.718,632.7648,,,,,,,,,,Retained,,152
2024,611,1,710,37833,ILONA B,8/11/2024 15:24,5,19,710,345701,NSEI,57.081667,-134.7185,57.065833,-134.718,632.7648,,,,,,,,,,Retained,,153
2024,611,1,710,37833,ILONA B,8/11/2024 15:24,5,19,710,345701,NSEI,57.081667,-134.7185,57.065833,-134.718,632.7648,,,,,,,,,,Retained,,154
2024,611,1,710,37833,ILONA B,8/11/2024 15:24,5,19,710,345701,NSEI,57.081667,-134.7185,57.065833,-134.718,632.7648,,,,,,,,,,Retained,,155
2024,611,1,710,37833,ILONA B,8/11/2024 15:24,5,19,710,345701,NSEI,57.081667,-134.7185,57.065833,-134.718,632.7648,,,,,,,,,,Retained,,156
2024,611,1,710,37833,ILONA B,8/11/2024 15:24,5,19,710,345701,NSEI,57.081667,-134.7185,57.065833,-134.718,632.7648,,,,,,,,,,Retained,,157
2024,611,1,710,37833,ILONA B,8/11/2024 15:24,5,19,710,345701,NSEI,57.081667,-134.7185,57.065833,-134.718,632.7648,,,,,,,,,,Retained,,158
2024,611,1,710,37833,ILONA B,8/11/2024 15:24,5,19,710,345701,NSEI,57.081667,-134.7185,57.065833,-134.718,632.7648,,,,,,,,,,Retained,,159
2024,611,1,710,37833,ILONA B,8/11/2024 15:24,5,19,710,345701,NSEI,57.081667,-134.7185,57.065833,-134.718,632.7648,,,,,,,,,,Retained,,160
2024,611,1,710,37833,ILONA B,8/11/2024 15:24,5,19,710,345701,NSEI,57.081667,-134.7185,57.065833,-134.718,632.7648,,,,,,,,,,Retained,,161
2024,611,1,710,37833,ILONA B,8/11/2024 15:24,5,19,710,345701,NSEI,57.081667,-134.7185,57.065833,-134.718,632.7648,,,,,,,,,,Retained,,162
2024,611,1,710,37833,ILONA B,8/11/2024 15:24,5,19,710,345701,NSEI,57.081667,-134.7185,57.065833,-134.718,632.7648,,,,,,,,,,Retained,,163
2024,611,1,710,37833,ILONA B,8/11/2024 15:24,5,19,710,345701,NSEI,57.081667,-134.7185,57.065833,-134.718,632.7648,,,,,,,,,,Retained,,164
2024,611,1,710,37833,ILONA B,8/11/2024 15:24,5,19,710,345701,NSEI,57.081667,-134.7185,57.065833,-134.718,632.7648,,,,,,,,,,Retained,,165
2024,611,1,710,37833,ILONA B,8/11/2024 15:24,5,19,710,345701,NSEI,57.081667,-134.7185,57.065833,-134.718,632.7648,,,,,,,,,,Retained,,166
2024,611,1,710,37833,ILONA B,8/11/2024 15:24,5,19,710,345701,NSEI,57.081667,-134.7185,57.065833,-134.718,632.7648,,,,,,,,,,Retained,,167
2024,611,1,710,37833,ILONA B,8/11/2024 15:24,5,19,710,345701,NSEI,57.081667,-134.7185,57.065833,-134.718,632.7648,,,,,,,,,,Retained,,168
2024,611,1,710,37833,ILONA B,8/11/2024 15:24,5,19,710,345701,NSEI,57.081667,-134.7185,57.065833,-134.718,632.7648,,,,,,,,,,Retained,,169
2024,611,1,710,37833,ILONA B,8/11/2024 15:24,5,19,710,345701,NSEI,57.081667,-134.7185,57.065833,-134.718,632.7648,,,,,,,,,,Retained,,170
2024,611,1,710,37833,ILONA B,8/11/2024 15:24,5,19,710,345701,NSEI,57.081667,-134.7185,57.065833,-134.718,632.7648,,,,,,,,,,Retained,,171
2024,611,1,710,37833,ILONA B,8/11/2024 15:24,5,19,710,345701,NSEI,57.081667,-134.7185,57.065833,-134.718,632.7648,,,,,,,,,,Retained,,172
2024,611,1,710,37833,ILONA B,8/11/2024 15:24,5,19,710,345701,NSEI,57.081667,-134.7185,57.065833,-134.718,632.7648,,,,,,,,,,Retained,,173
2024,611,1,710,37833,ILONA B,8/11/2024 15:24,5,19,710,345701,NSEI,57.081667,-134.7185,57.065833,-134.718,632.7648,,,,,,,,,,Retained,,174
2024,611,1,710,37833,ILONA B,8/11/2024 15:24,5,19,710,345701,NSEI,57.081667,-134.7185,57.065833,-134.718,632.7648,,,,,,,,,,Retained,,175
2024,611,1,710,37833,ILONA B,8/11/2024 15:24,5,19,710,345701,NSEI,57.081667,-134.7185,57.065833,-134.718,632.7648,,,,,,,,,,Retained,,176
2024,611,1,710,37833,ILONA B,8/11/2024 15:24,5,19,710,345701,NSEI,57.081667,-134.7185,57.065833,-134.718,632.7648,,,,,,,,,,Retained,,177
2024,611,1,710,37833,ILONA B,8/11/2024 15:24,5,19,710,345701,NSEI,57.081667,-134.7185,57.065833,-134.718,632.7648,,,,,,,,,,Retained,,178
2024,611,1,710,37833,ILONA B,8/11/2024 15:24,5,19,710,345701,NSEI,57.081667,-134.7185,57.065833,-134.718,632.7648,,,,,,,,,,Retained,,179
2024,611,1,710,37833,ILONA B,8/11/2024 15:24,5,19,710,345701,NSEI,57.081667,-134.7185,57.065833,-134.718,632.7648,,,,,,,,,,Retained,,180
2024,611,1,710,37833,ILONA B,8/11/2024 15:24,5,19,710,345701,NSEI,57.081667,-134.7185,57.065833,-134.718,632.7648,,,,,,,,,,Retained,,181
2024,611,1,710,37833,ILONA B,8/11/2024 15:24,5,19,710,345701,NSEI,57.081667,-134.7185,57.065833,-134.718,632.7648,,,,,,,,,,Retained,,182
2024,611,1,710,37833,ILONA B,8/11/2024 15:24,5,19,710,345701,NSEI,57.081667,-134.7185,57.065833,-134.718,632.7648,,,,,,,,,,Retained,,183
2024,611,1,710,37833,ILONA B,8/11/2024 15:24,5,19,710,345701,NSEI,57.081667,-134.7185,57.065833,-134.718,632.7648,,,,,,,,,,Retained,,184
2024,611,1,710,37833,ILONA B,8/11/2024 15:24,5,19,710,345701,NSEI,57.081667,-134.7185,57.065833,-134.718,632.7648,,,,,,,,,,Retained,,185
2024,611,1,710,37833,ILONA B,8/11/2024 15:24,5,19,710,345701,NSEI,57.081667,-134.7185,57.065833,-134.718,632.7648,,,,,,,,,,Retained,,186
2024,611,1,710,37833,ILONA B,8/11/2024 15:24,5,19,710,345701,NSEI,57.081667,-134.7185,57.065833,-134.718,632.7648,,,,,,,,,,Retained,,187
2024,611,1,710,37833,ILONA B,8/11/2024 15:24,5,19,710,345701,NSEI,57.081667,-134.7185,57.065833,-134.718,632.7648,,,,,,,,,,Retained,,188
2024,611,1,710,37833,ILONA B,8/11/2024 15:24,5,19,710,345701,NSEI,57.081667,-134.7185,57.065833,-134.718,632.7648,,,,,,,,,,Retained,,189
2024,611,1,710,37833,ILONA B,8/11/2024 15:24,5,19,710,345701,NSEI,57.081667,-134.7185,57.065833,-134.718,632.7648,,,,,,,,,,Retained,,190
2024,611,1,710,37833,ILONA B,8/11/2024 15:24,5,19,710,345701,NSEI,57.081667,-134.7185,57.065833,-134.718,632.7648,,,,,,,,,,Retained,,191
2024,611,1,710,37833,ILONA B,8/11/2024 15:24,5,19,710,345701,NSEI,57.081667,-134.7185,57.065833,-134.718,632.7648,,,,,,,,,,Retained,,192
2024,611,1,710,37833,ILONA B,8/11/2024 15:24,5,19,710,345701,NSEI,57.081667,-134.7185,57.065833,-134.718,632.7648,,,,,,,,,,Retained,,193
2024,611,1,710,37833,ILONA B,8/11/2024 15:24,5,19,710,345701,NSEI,57.081667,-134.7185,57.065833,-134.718,632.7648,,,,,,,,,,Retained,,194
2024,611,1,710,37833,ILONA B,8/11/2024 15:24,5,19,710,345701,NSEI,57.081667,-134.7185,57.065833,-134.718,632.7648,,,,,,,,,,Retained,,195
2024,611,1,710,37833,ILONA B,8/11/2024 15:24,5,19,710,345701,NSEI,57.081667,-134.7185,57.065833,-134.718,632.7648,,,,,,,,,,Retained,,196
2024,611,1,710,37833,ILONA B,8/11/2024 15:24,5,19,710,345701,NSEI,57.081667,-134.7185,57.065833,-134.718,632.7648,,,,,,,,,,Retained,,197
2024,611,1,710,37833,ILONA B,8/11/2024 15:24,5,19,710,345701,NSEI,57.081667,-134.7185,57.065833,-134.718,632.7648,,,,,,,,,,Retained,,198
2024,611,1,710,37833,ILONA B,8/11/2024 15:24,5,19,710,345701,NSEI,57.081667,-134.7185,57.065833,-134.718,632.7648,,,,,,,,,,Retained,,199
2024,611,1,710,37833,ILONA B,8/11/2024 15:24,5,19,710,345701,NSEI,57.081667,-134.7185,57.065833,-134.718,632.7648,,,,,,,,,,Retained,,200
2024,611,1,710,37833,ILONA B,8/11/2024 15:24,5,19,710,345701,NSEI,57.081667,-134.7185,57.065833,-134.718,632.7648,,,,,,,,,,Retained,,201
2024,611,1,710,37833,ILONA B,8/11/2024 15:24,5,19,710,345701,NSEI,57.081667,-134.7185,57.065833,-134.718,632.7648,,,,,,,,,,Retained,,202
2024,611,1,710,37833,ILONA B,8/11/2024 15:24,5,19,710,345701,NSEI,57.081667,-134.7185,57.065833,-134.718,632.7648,,,,,,,,,,Retained,,203
2024,611,1,710,37833,ILONA B,8/11/2024 15:24,5,19,710,345701,NSEI,57.081667,-134.7185,57.065833,-134.718,632.7648,,,,,,,,,,Retained,,204
2024,611,1,710,37833,ILONA B,8/11/2024 15:24,5,19,710,345701,NSEI,57.081667,-134.7185,57.065833,-134.718,632.7648,,,,,,,,,,Retained,,205
2024,611,1,710,37833,ILONA B,8/11/2024 15:24,5,19,710,345701,NSEI,57.081667,-134.7185,57.065833,-134.718,632.7648,,,,,,,,,,Retained,,206
2024,611,1,710,37833,ILONA B,8/11/2024 15:24,5,19,710,345701,NSEI,57.081667,-134.7185,57.065833,-134.718,632.7648,,,,,,,,,,Retained,,207
2024,611,1,710,37833,ILONA B,8/11/2024 15:24,5,19,710,345701,NSEI,57.081667,-134.7185,57.065833,-134.718,632.7648,,,,,,,,,,Retained,,208
2024,611,1,710,37833,ILONA B,8/11/2024 15:24,5,19,710,345701,NSEI,57.081667,-134.7185,57.065833,-134.718,632.7648,,,,,,,,,,Retained,,209
2024,611,1,710,37833,ILONA B,8/11/2024 15:24,5,19,710,345701,NSEI,57.081667,-134.7185,57.065833,-134.718,632.7648,,,,,,,,,,Retained,,210
2024,611,1,710,37833,ILONA B,8/11/2024 15:24,5,19,710,345701,NSEI,57.081667,-134.7185,57.065833,-134.718,632.7648,,,,,,,,,,Retained,,211
2024,611,1,710,37833,ILONA B,8/11/2024 15:24,5,19,710,345701,NSEI,57.081667,-134.7185,57.065833,-134.718,632.7648,,,,,,,,,,Retained,,212
2024,611,1,710,37833,ILONA B,8/11/2024 15:24,5,19,710,345701,NSEI,57.081667,-134.7185,57.065833,-134.718,632.7648,,,,,,,,,,Retained,,213
2024,611,1,710,37833,ILONA B,8/11/2024 15:24,5,19,710,345701,NSEI,57.081667,-134.7185,57.065833,-134.718,632.7648,,,,,,,,,,Retained,,214
2024,611,1,710,37833,ILONA B,8/11/2024 15:24,5,19,710,345701,NSEI,57.081667,-134.7185,57.065833,-134.718,632.7648,,,,,,,,,,Retained,,215
2024,611,1,710,37833,ILONA B,8/11/2024 15:24,5,19,710,345701,NSEI,57.081667,-134.7185,57.065833,-134.718,632.7648,,,,,,,,,,Retained,,216
2024,611,1,710,37833,ILONA B,8/11/2024 15:24,5,19,710,345701,NSEI,57.081667,-134.7185,57.065833,-134.718,632.7648,,,,,,,,,,Retained,,217
2024,611,1,710,37833,ILONA B,8/11/2024 15:24,5,19,710,345701,NSEI,57.081667,-134.7185,57.065833,-134.718,632.7648,,,,,,,,,,Retained,,218
2024,611,1,710,37833,ILONA B,8/11/2024 15:24,5,19,710,345701,NSEI,57.081667,-134.7185,57.065833,-134.718,632.7648,,,,,,,,,,Retained,,219
2024,611,1,710,37833,ILONA B,8/11/2024 15:24,5,19,710,345701,NSEI,57.081667,-134.7185,57.065833,-134.718,632.7648,,,,,,,,,,Retained,,220
2024,611,1,710,37833,ILONA B,8/11/2024 15:24,5,19,710,345701,NSEI,57.081667,-134.7185,57.065833,-134.718,632.7648,,,,,,,,,,Retained,,221
2024,611,1,710,37833,ILONA B,8/11/2024 15:24,5,19,710,345701,NSEI,57.081667,-134.7185,57.065833,-134.718,632.7648,,,,,,,,,,Retained,,222
2024,611,1,710,37833,ILONA B,8/11/2024 15:24,5,19,710,345701,NSEI,57.081667,-134.7185,57.065833,-134.718,632.7648,,,,,,,,,,Retained,,223
2024,611,1,710,37833,ILONA B,8/11/2024 15:24,5,19,710,345701,NSEI,57.081667,-134.7185,57.065833,-134.718,632.7648,,,,,,,,,,Retained,,224
2024,611,1,710,37833,ILONA B,8/11/2024 15:24,5,19,710,345701,NSEI,57.081667,-134.7185,57.065833,-134.718,632.7648,,,,,,,,,,Retained,,225
2024,611,1,710,37833,ILONA B,8/11/2024 15:24,5,19,710,345701,NSEI,57.081667,-134.7185,57.065833,-134.718,632.7648,,,,,,,,,,Retained,,226
2024,611,1,710,37833,ILONA B,8/11/2024 15:24,5,19,710,345701,NSEI,57.081667,-134.7185,57.065833,-134.718,632.7648,,,,,,,,,,Retained,,227
2024,611,1,710,37833,ILONA B,8/11/2024 15:24,5,19,710,345701,NSEI,57.081667,-134.7185,57.065833,-134.718,632.7648,,,,,,,,,,Retained,,228
2024,611,1,710,37833,ILONA B,8/11/2024 15:24,5,19,710,345701,NSEI,57.081667,-134.7185,57.065833,-134.718,632.7648,,,,,,,,,,Retained,,229
2024,611,1,710,37833,ILONA B,8/11/2024 15:24,5,19,710,345701,NSEI,57.081667,-134.7185,57.065833,-134.718,632.7648,,,,,,,,,,Retained,,230
2024,611,1,710,37833,ILONA B,8/11/2024 15:24,5,19,710,345701,NSEI,57.081667,-134.7185,57.065833,-134.718,632.7648,,,,,,,,,,Retained,,231
2024,611,1,710,37833,ILONA B,8/11/2024 15:24,5,19,710,345701,NSEI,57.081667,-134.7185,57.065833,-134.718,632.7648,,,,,,,,,,Retained,,232
2024,611,1,710,37833,ILONA B,8/11/2024 15:24,5,19,710,345701,NSEI,57.081667,-134.7185,57.065833,-134.718,632.7648,,,,,,,,,,Retained,,233
2024,611,1,710,37833,ILONA B,8/11/2024 15:24,5,19,710,345701,NSEI,57.081667,-134.7185,57.065833,-134.718,632.7648,,,,,,,,,,Retained,,234
2024,611,1,710,37833,ILONA B,8/11/2024 15:24,5,19,710,345701,NSEI,57.081667,-134.7185,57.065833,-134.718,632.7648,,,,,,,,,,Retained,,235
2024,611,1,710,37833,ILONA B,8/11/2024 15:24,5,19,710,345701,NSEI,57.081667,-134.7185,57.065833,-134.718,632.7648,,,,,,,,,,Retained,,236
2024,611,1,710,37833,ILONA B,8/11/2024 15:24,5,19,710,345701,NSEI,57.081667,-134.7185,57.065833,-134.718,632.7648,,,,,,,,,,Retained,,237
2024,611,1,710,37833,ILONA B,8/11/2024 15:24,5,19,710,345701,NSEI,57.081667,-134.7185,57.065833,-134.718,632.7648,,,,,,,,,,Retained,,238
2024,611,1,710,37833,ILONA B,8/11/2024 15:24,5,19,710,345701,NSEI,57.081667,-134.7185,57.065833,-134.718,632.7648,,,,,,,,,,Retained,,239
2024,611,1,710,37833,ILONA B,8/11/2024 15:24,5,19,710,345701,NSEI,57.081667,-134.7185,57.065833,-134.718,632.7648,,,,,,,,,,Retained,,240
2024,611,1,710,37833,ILONA B,8/11/2024 15:24,5,19,710,345701,NSEI,57.081667,-134.7185,57.065833,-134.718,632.7648,,,,,,,,,,Retained,,241
2024,611,1,710,37833,ILONA B,8/11/2024 15:24,5,19,710,345701,NSEI,57.081667,-134.7185,57.065833,-134.718,632.7648,,,,,,,,,,Retained,,242
2024,611,1,710,37833,ILONA B,8/11/2024 15:24,5,19,710,345701,NSEI,57.081667,-134.7185,57.065833,-134.718,632.7648,,,,,,,,,,Retained,,243
2024,611,1,710,37833,ILONA B,8/11/2024 15:24,5,19,710,345701,NSEI,57.081667,-134.7185,57.065833,-134.718,632.7648,,,,,,,,,,Retained,,244
2024,611,1,710,37833,ILONA B,8/11/2024 15:24,5,19,710,345701,NSEI,57.081667,-134.7185,57.065833,-134.718,632.7648,,,,,,,,,,Retained,,245
2024,611,1,710,37833,ILONA B,8/11/2024 15:24,5,19,710,345701,NSEI,57.081667,-134.7185,57.065833,-134.718,632.7648,,,,,,,,,,Retained,,246
2024,611,1,710,37833,ILONA B,8/11/2024 15:24,5,19,710,345701,NSEI,57.081667,-134.7185,57.065833,-134.718,632.7648,,,,,,,,,,Retained,,247
2024,611,1,710,37833,ILONA B,8/11/2024 15:24,5,19,710,345701,NSEI,57.081667,-134.7185,57.065833,-134.718,632.7648,,,,,,,,,,Retained,,248
2024,611,1,710,37833,ILONA B,8/11/2024 15:24,5,19,710,345701,NSEI,57.081667,-134.7185,57.065833,-134.718,632.7648,,,,,,,,,,Retained,,249
2024,611,1,710,37833,ILONA B,8/11/2024 15:24,5,19,710,345701,NSEI,57.081667,-134.7185,57.065833,-134.718,632.7648,,,,,,,,,,Retained,,250
2024,611,1,710,37833,ILONA B,8/11/2024 15:24,5,19,710,345701,NSEI,57.081667,-134.7185,57.065833,-134.718,632.7648,,,,,,,,,,Retained,,251
2024,611,1,710,37833,ILONA B,8/11/2024 15:24,5,19,710,345701,NSEI,57.081667,-134.7185,57.065833,-134.718,632.7648,,,,,,,,,,Retained,,252
2024,611,1,710,37833,ILONA B,8/11/2024 15:24,5,19,710,345701,NSEI,57.081667,-134.7185,57.065833,-134.718,632.7648,,,,,,,,,,Retained,,253
2024,611,1,710,37833,ILONA B,8/11/2024 15:24,5,19,710,345701,NSEI,57.081667,-134.7185,57.065833,-134.718,632.7648,,,,,,,,,,Retained,,254
2024,611,1,710,37833,ILONA B,8/11/2024 15:24,5,19,710,345701,NSEI,57.081667,-134.7185,57.065833,-134.718,632.7648,,,,,,,,,,Retained,,255
2024,611,1,710,37833,ILONA B,8/11/2024 15:24,5,19,710,345701,NSEI,57.081667,-134.7185,57.065833,-134.718,632.7648,,,,,,,,,,Retained,,256
2024,611,1,710,37833,ILONA B,8/11/2024 15:24,5,19,710,345701,NSEI,57.081667,-134.7185,57.065833,-134.718,632.7648,,,,,,,,,,Retained,,257
2024,611,1,710,37833,ILONA B,8/11/2024 15:24,5,19,710,345701,NSEI,57.081667,-134.7185,57.065833,-134.718,632.7648,,,,,,,,,,Retained,,258
2024,611,1,710,37833,ILONA B,8/11/2024 15:24,5,19,710,345701,NSEI,57.081667,-134.7185,57.065833,-134.718,632.7648,,,,,,,,,,Retained,,259
2024,611,1,710,37833,ILONA B,8/11/2024 15:24,5,19,710,345701,NSEI,57.081667,-134.7185,57.065833,-134.718,632.7648,,,,,,,,,,Retained,,260
2024,611,1,710,37833,ILONA B,8/11/2024 15:24,5,19,710,345701,NSEI,57.081667,-134.7185,57.065833,-134.718,632.7648,,,,,,,,,,Retained,,261
2024,611,1,710,37833,ILONA B,8/11/2024 15:24,5,19,710,345701,NSEI,57.081667,-134.7185,57.065833,-134.718,632.7648,,,,,,,,,,Retained,,262
2024,611,1,710,37833,ILONA B,8/11/2024 15:24,5,19,710,345701,NSEI,57.081667,-134.7185,57.065833,-134.718,632.7648,,,,,,,,,,Retained,,263
2024,611,1,710,37833,ILONA B,8/11/2024 15:24,5,19,710,345701,NSEI,57.081667,-134.7185,57.065833,-134.718,632.7648,,,,,,,,,,Retained,,264
2024,611,1,710,37833,ILONA B,8/11/2024 15:24,5,19,710,345701,NSEI,57.081667,-134.7185,57.065833,-134.718,632.7648,,,,,,,,,,Retained,,265
2024,611,1,710,37833,ILONA B,8/11/2024 15:24,5,19,710,345701,NSEI,57.081667,-134.7185,57.065833,-134.718,632.7648,,,,,,,,,,Retained,,266
2024,611,1,710,37833,ILONA B,8/11/2024 15:24,5,19,710,345701,NSEI,57.081667,-134.7185,57.065833,-134.718,632.7648,,,,,,,,,,Retained,,267
2024,611,1,710,37833,ILONA B,8/11/2024 15:24,5,19,710,345701,NSEI,57.081667,-134.7185,57.065833,-134.718,632.7648,,,,,,,,,,Retained,,268
2024,611,1,710,37833,ILONA B,8/11/2024 15:24,5,19,710,345701,NSEI,57.081667,-134.7185,57.065833,-134.718,632.7648,,,,,,,,,,Retained,,269
2024,611,1,710,37833,ILONA B,8/11/2024 15:24,5,19,710,345701,NSEI,57.081667,-134.7185,57.065833,-134.718,632.7648,,,,,,,,,,Retained,,270
2024,611,1,710,37833,ILONA B,8/11/2024 15:24,5,19,710,345701,NSEI,57.081667,-134.7185,57.065833,-134.718,632.7648,,,,,,,,,,Retained,,271
2024,611,1,710,37833,ILONA B,8/11/2024 15:24,5,19,710,345701,NSEI,57.081667,-134.7185,57.065833,-134.718,632.7648,,,,,,,,,,Retained,,272
2024,611,1,710,37833,ILONA B,8/11/2024 15:24,5,19,710,345701,NSEI,57.081667,-134.7185,57.065833,-134.718,632.7648,,,,,,,,,,Retained,,273
2024,611,1,710,37833,ILONA B,8/11/2024 15:24,5,19,710,345701,NSEI,57.081667,-134.7185,57.065833,-134.718,632.7648,,,,,,,,,,Retained,,274
2024,611,1,710,37833,ILONA B,8/11/2024 15:24,5,19,710,345701,NSEI,57.081667,-134.7185,57.065833,-134.718,632.7648,,,,,,,,,,Retained,,275
2024,611,1,710,37833,ILONA B,8/11/2024 15:24,5,19,710,345701,NSEI,57.081667,-134.7185,57.065833,-134.718,632.7648,,,,,,,,,,Retained,,276
2024,611,1,710,37833,ILONA B,8/11/2024 15:24,5,19,710,345701,NSEI,57.081667,-134.7185,57.065833,-134.718,632.7648,,,,,,,,,,Retained,,277
2024,611,1,710,37833,ILONA B,8/11/2024 15:24,5,19,710,345701,NSEI,57.081667,-134.7185,57.065833,-134.718,632.7648,,,,,,,,,,Retained,,278
2024,611,1,710,37833,ILONA B,8/11/2024 15:24,5,19,710,345701,NSEI,57.081667,-134.7185,57.065833,-134.718,632.7648,,,,,,,,,,Retained,,279
2024,611,1,710,37833,ILONA B,8/11/2024 15:24,5,19,710,345701,NSEI,57.081667,-134.7185,57.065833,-134.718,632.7648,,,,,,,,,,Retained,,280
2024,611,1,710,37833,ILONA B,8/11/2024 15:24,5,19,710,345701,NSEI,57.081667,-134.7185,57.065833,-134.718,632.7648,,,,,,,,,,Retained,,281
2024,611,1,710,37833,ILONA B,8/11/2024 15:24,5,19,710,345701,NSEI,57.081667,-134.7185,57.065833,-134.718,632.7648,,,,,,,,,,Retained,,282
2024,611,1,710,37833,ILONA B,8/11/2024 15:24,5,19,710,345701,NSEI,57.081667,-134.7185,57.065833,-134.718,632.7648,,,,,,,,,,Retained,,283
2024,611,1,710,37833,ILONA B,8/11/2024 15:24,5,19,710,345701,NSEI,57.081667,-134.7185,57.065833,-134.718,632.7648,,,,,,,,,,Retained,,284
2024,611,1,710,37833,ILONA B,8/11/2024 15:24,5,19,710,345701,NSEI,57.081667,-134.7185,57.065833,-134.718,632.7648,,,,,,,,,,Retained,,285
2024,611,1,710,37833,ILONA B,8/11/2024 15:24,5,19,710,345701,NSEI,57.081667,-134.7185,57.065833,-134.718,632.7648,,,,,,,,,,Retained,,286
2024,611,1,710,37833,ILONA B,8/11/2024 15:24,5,19,710,345701,NSEI,57.081667,-134.7185,57.065833,-134.718,632.7648,,,,,,,,,,Retained,,287
2024,611,1,710,37833,ILONA B,8/11/2024 15:24,5,19,710,345701,NSEI,57.081667,-134.7185,57.065833,-134.718,632.7648,,,,,,,,,,Retained,,288
2024,611,1,710,37833,ILONA B,8/11/2024 15:24,5,19,710,345701,NSEI,57.081667,-134.7185,57.065833,-134.718,632.7648,,,,,,,,,,Retained,,289
2024,611,1,710,37833,ILONA B,8/11/2024 15:24,5,19,710,345701,NSEI,57.081667,-134.7185,57.065833,-134.718,632.7648,,,,,,,,,,Retained,,290
2024,611,1,710,37833,ILONA B,8/11/2024 15:24,5,19,710,345701,NSEI,57.081667,-134.7185,57.065833,-134.718,632.7648,,,,,,,,,,Retained,,291
2024,611,1,710,37833,ILONA B,8/11/2024 15:24,5,19,710,345701,NSEI,57.081667,-134.7185,57.065833,-134.718,632.7648,,,,,,,,,,Retained,,292
2024,611,1,710,37833,ILONA B,8/11/2024 15:24,5,19,710,345701,NSEI,57.081667,-134.7185,57.065833,-134.718,632.7648,,,,,,,,,,Retained,,293
2024,611,1,710,37833,ILONA B,8/11/2024 15:24,5,19,710,345701,NSEI,57.081667,-134.7185,57.065833,-134.718,632.7648,,,,,,,,,,Retained,,294
2024,611,1,710,37833,ILONA B,8/11/2024 15:24,5,19,710,345701,NSEI,57.081667,-134.7185,57.065833,-134.718,632.7648,,,,,,,,,,Retained,,295
2024,611,1,710,37833,ILONA B,8/11/2024 15:24,5,19,710,345701,NSEI,57.081667,-134.7185,57.065833,-134.718,632.7648,,,,,,,,,,Retained,,296
2024,611,1,710,37833,ILONA B,8/11/2024 15:24,5,19,710,345701,NSEI,57.081667,-134.7185,57.065833,-134.718,632.7648,,,,,,,,,,Retained,,297
2024,611,1,710,37833,ILONA B,8/11/2024 15:24,5,19,710,345701,NSEI,57.081667,-134.7185,57.065833,-134.718,632.7648,,,,,,,,,,Retained,,298
2024,611,1,710,37833,ILONA B,8/11/2024 15:24,5,19,710,345701,NSEI,57.081667,-134.7185,57.065833,-134.718,632.7648,,,,,,,,,,Retained,,299
2024,611,1,710,37833,ILONA B,8/11/2024 15:24,5,19,710,345701,NSEI,57.081667,-134.7185,57.065833,-134.718,632.7648,,,,,,,,,,Retained,,300
2024,611,1,710,37833,ILONA B,8/11/2024 15:24,5,19,710,345701,NSEI,57.081667,-134.7185,57.065833,-134.718,632.7648,,,,,,,,,,Retained,,301
2024,611,1,710,37833,ILONA B,8/11/2024 15:24,5,19,710,345701,NSEI,57.081667,-134.7185,57.065833,-134.718,632.7648,,,,,,,,,,Retained,,302
2024,611,1,710,37833,ILONA B,8/11/2024 15:24,5,19,710,345701,NSEI,57.081667,-134.7185,57.065833,-134.718,632.7648,,,,,,,,,,Retained,,303
2024,611,1,710,37833,ILONA B,8/11/2024 15:24,5,19,710,345701,NSEI,57.081667,-134.7185,57.065833,-134.718,632.7648,,,,,,,,,,Retained,,304
2024,611,1,710,37833,ILONA B,8/11/2024 15:24,5,19,710,345701,NSEI,57.081667,-134.7185,57.065833,-134.718,632.7648,,,,,,,,,,Retained,,305
2024,611,1,710,37833,ILONA B,8/11/2024 15:24,5,19,710,345701,NSEI,57.081667,-134.7185,57.065833,-134.718,632.7648,,,,,,,,,,Retained,,306
2024,611,1,710,37833,ILONA B,8/11/2024 15:24,5,19,710,345701,NSEI,57.081667,-134.7185,57.065833,-134.718,632.7648,,,,,,,,,,Retained,,307
2024,611,1,710,37833,ILONA B,8/11/2024 15:24,5,19,710,345701,NSEI,57.081667,-134.7185,57.065833,-134.718,632.7648,,,,,,,,,,Retained,,308
2024,611,1,710,37833,ILONA B,8/11/2024 15:24,5,19,710,345701,NSEI,57.081667,-134.7185,57.065833,-134.718,632.7648,,,,,,,,,,Retained,,309
2024,611,1,710,37833,ILONA B,8/11/2024 15:24,5,19,710,345701,NSEI,57.081667,-134.7185,57.065833,-134.718,632.7648,,,,,,,,,,Retained,,310
2024,611,1,710,37833,ILONA B,8/11/2024 15:24,5,19,710,345701,NSEI,57.081667,-134.7185,57.065833,-134.718,632.7648,,,,,,,,,,Retained,,311
2024,611,1,710,37833,ILONA B,8/11/2024 15:24,5,19,710,345701,NSEI,57.081667,-134.7185,57.065833,-134.718,632.7648,,,,,,,,,,Retained,,312
2024,611,1,710,37833,ILONA B,8/11/2024 15:24,5,19,710,345701,NSEI,57.081667,-134.7185,57.065833,-134.718,632.7648,,,,,,,,,,Retained,,313
2024,611,1,710,37833,ILONA B,8/11/2024 15:24,5,19,710,345701,NSEI,57.081667,-134.7185,57.065833,-134.718,632.7648,,,,,,,,,,Retained,,314
2024,611,1,710,37833,ILONA B,8/11/2024 15:24,5,19,710,345701,NSEI,57.081667,-134.7185,57.065833,-134.718,632.7648,,,,,,,,,,Retained,,315
2024,611,1,710,37833,ILONA B,8/11/2024 15:24,5,19,710,345701,NSEI,57.081667,-134.7185,57.065833,-134.718,632.7648,,,,,,,,,,Retained,,316
2024,611,1,710,37833,ILONA B,8/11/2024 15:24,5,19,710,345701,NSEI,57.081667,-134.7185,57.065833,-134.718,632.7648,,,,,,,,,,Retained,,318
2024,611,1,710,37833,ILONA B,8/11/2024 15:24,5,19,710,345701,NSEI,57.081667,-134.7185,57.065833,-134.718,632.7648,,,,,,,,,,Retained,,319
2024,611,1,710,37833,ILONA B,8/11/2024 15:24,5,19,710,345701,NSEI,57.081667,-134.7185,57.065833,-134.718,632.7648,,,,,,,,,,Retained,,320
2024,611,1,710,37833,ILONA B,8/11/2024 15:24,5,19,710,345701,NSEI,57.081667,-134.7185,57.065833,-134.718,632.7648,,,,,,,,,,Retained,,321
2024,611,1,710,37833,ILONA B,8/11/2024 15:24,5,19,710,345701,NSEI,57.081667,-134.7185,57.065833,-134.718,632.7648,,,,,,,,,,Retained,,322
2024,611,1,710,37833,ILONA B,8/11/2024 15:24,5,19,710,345701,NSEI,57.081667,-134.7185,57.065833,-134.718,632.7648,,,,,,,,,,Retained,,323
2024,611,1,710,37833,ILONA B,8/11/2024 15:24,5,19,710,345701,NSEI,57.081667,-134.7185,57.065833,-134.718,632.7648,,,,,,,,,,Retained,,324
2024,611,1,710,37833,ILONA B,8/11/2024 15:24,5,19,710,345701,NSEI,57.081667,-134.7185,57.065833,-134.718,632.7648,,,,,,,,,,Retained,,325
2024,611,1,710,37833,ILONA B,8/11/2024 15:24,5,19,710,345701,NSEI,57.081667,-134.7185,57.065833,-134.718,632.7648,,,,,,,,,,Retained,,326
2024,611,1,710,37833,ILONA B,8/11/2024 15:24,5,19,710,345701,NSEI,57.081667,-134.7185,57.065833,-134.718,632.7648,,,,,,,,,,Retained,,327
2024,611,1,710,37833,ILONA B,8/11/2024 15:24,5,19,710,345701,NSEI,57.081667,-134.7185,57.065833,-134.718,632.7648,,,,,,,,,,Retained,,328
2024,611,1,710,37833,ILONA B,8/11/2024 15:24,5,19,710,345701,NSEI,57.081667,-134.7185,57.065833,-134.718,632.7648,,,,,,,,,,Retained,,329
2024,611,1,710,37833,ILONA B,8/11/2024 15:24,5,19,710,345701,NSEI,57.081667,-134.7185,57.065833,-134.718,632.7648,,,,,,,,,,Retained,,330
2024,611,1,710,37833,ILONA B,8/11/2024 15:24,5,19,710,345701,NSEI,57.081667,-134.7185,57.065833,-134.718,632.7648,,,,,,,,,,Retained,,331
2024,611,1,710,37833,ILONA B,8/11/2024 15:24,5,19,710,345701,NSEI,57.081667,-134.7185,57.065833,-134.718,632.7648,,,,,,,,,,Retained,,332
2024,611,1,710,37833,ILONA B,8/11/2024 15:24,5,19,710,345701,NSEI,57.081667,-134.7185,57.065833,-134.718,632.7648,,,,,,,,,,Retained,,333
2024,611,1,710,37833,ILONA B,8/11/2024 15:24,5,19,710,345701,NSEI,57.081667,-134.7185,57.065833,-134.718,632.7648,,,,,,,,,,Retained,,334
2024,611,1,710,37833,ILONA B,8/11/2024 15:24,5,19,710,345701,NSEI,57.081667,-134.7185,57.065833,-134.718,632.7648,,,,,,,,,,Retained,,335
2024,611,1,710,37833,ILONA B,8/11/2024 15:24,5,19,710,345701,NSEI,57.081667,-134.7185,57.065833,-134.718,632.7648,,,,,,,,,,Retained,,336
2024,611,1,710,37833,ILONA B,8/11/2024 15:24,5,19,710,345701,NSEI,57.081667,-134.7185,57.065833,-134.718,632.7648,,,,,,,,,,Retained,,337
2024,611,1,710,37833,ILONA B,8/11/2024 15:24,5,19,710,345701,NSEI,57.081667,-134.7185,57.065833,-134.718,632.7648,,,,,,,,,,Retained,,338
2024,611,1,710,37833,ILONA B,8/11/2024 15:24,5,19,710,345701,NSEI,57.081667,-134.7185,57.065833,-134.718,632.7648,,,,,,,,,,Retained,,339
2024,611,1,710,37833,ILONA B,8/11/2024 15:24,5,19,710,345701,NSEI,57.081667,-134.7185,57.065833,-134.718,632.7648,,,,,,,,,,Retained,,340
2024,611,1,710,37833,ILONA B,8/11/2024 15:24,5,19,710,345701,NSEI,57.081667,-134.7185,57.065833,-134.718,632.7648,,,,,,,,,,Retained,,341
2024,611,1,710,37833,ILONA B,8/11/2024 15:24,5,19,710,345701,NSEI,57.081667,-134.7185,57.065833,-134.718,632.7648,,,,,,,,,,Retained,,342
2024,611,1,710,37833,ILONA B,8/11/2024 15:24,5,19,710,345701,NSEI,57.081667,-134.7185,57.065833,-134.718,632.7648,,,,,,,,,,Retained,,343
2024,611,1,710,37833,ILONA B,8/11/2024 15:24,5,19,710,345701,NSEI,57.081667,-134.7185,57.065833,-134.718,632.7648,,,,,,,,,,Retained,,344
2024,611,1,710,37833,ILONA B,8/11/2024 15:24,5,19,710,345701,NSEI,57.081667,-134.7185,57.065833,-134.718,632.7648,,,,,,,,,,Retained,,345
2024,611,1,710,37833,ILONA B,8/11/2024 15:24,5,19,710,345701,NSEI,57.081667,-134.7185,57.065833,-134.718,632.7648,,,,,,,,,,Retained,,346
2024,611,1,710,37833,ILONA B,8/11/2024 15:24,5,19,710,345701,NSEI,57.081667,-134.7185,57.065833,-134.718,632.7648,,,,,,,,,,Retained,,347
2024,611,1,710,37833,ILONA B,8/11/2024 15:24,5,19,710,345701,NSEI,57.081667,-134.7185,57.065833,-134.718,632.7648,,,,,,,,,,Retained,,348
2024,611,1,710,37833,ILONA B,8/11/2024 15:24,5,19,710,345701,NSEI,57.081667,-134.7185,57.065833,-134.718,632.7648,,,,,,,,,,Retained,,349
2024,611,1,710,37833,ILONA B,8/11/2024 15:24,5,19,710,345701,NSEI,57.081667,-134.7185,57.065833,-134.718,632.7648,,,,,,,,,,Retained,,350
2024,611,1,710,37833,ILONA B,8/11/2024 15:24,5,19,710,345701,NSEI,57.081667,-134.7185,57.065833,-134.718,632.7648,,,,,,,,,,Retained,,351
2024,611,1,710,37833,ILONA B,8/11/2024 15:24,5,19,710,345701,NSEI,57.081667,-134.7185,57.065833,-134.718,632.7648,,,,,,,,,,Retained,,352
2024,611,1,710,37833,ILONA B,8/11/2024 15:24,5,19,710,345701,NSEI,57.081667,-134.7185,57.065833,-134.718,632.7648,,,,,,,,,,Retained,,353
2024,611,1,710,37833,ILONA B,8/11/2024 15:24,5,19,710,345701,NSEI,57.081667,-134.7185,57.065833,-134.718,632.7648,,,,,,,,,,Retained,,354
2024,611,1,710,37833,ILONA B,8/11/2024 15:24,5,19,710,345701,NSEI,57.081667,-134.7185,57.065833,-134.718,632.7648,,,,,,,,,,Retained,,355
2024,611,1,710,37833,ILONA B,8/11/2024 15:24,5,19,710,345701,NSEI,57.081667,-134.7185,57.065833,-134.718,632.7648,,,,,,,,,,Retained,,356
2024,611,1,710,37833,ILONA B,8/11/2024 15:24,5,19,710,345701,NSEI,57.081667,-134.7185,57.065833,-134.718,632.7648,,,,,,,,,,Retained,,357
2024,611,1,710,37833,ILONA B,8/11/2024 15:24,5,19,710,345701,NSEI,57.081667,-134.7185,57.065833,-134.718,632.7648,,,,,,,,,,Retained,,358
2024,611,1,710,37833,ILONA B,8/11/2024 15:24,5,19,710,345701,NSEI,57.081667,-134.7185,57.065833,-134.718,632.7648,,,,,,,,,,Retained,,359
2024,611,1,710,37833,ILONA B,8/11/2024 15:24,5,19,710,345701,NSEI,57.081667,-134.7185,57.065833,-134.718,632.7648,,,,,,,,,,Retained,,360
2024,611,1,710,37833,ILONA B,8/11/2024 15:24,5,19,710,345701,NSEI,57.081667,-134.7185,57.065833,-134.718,632.7648,,,,,,,,,,Retained,,361
2024,611,1,710,37833,ILONA B,8/11/2024 15:24,5,19,710,345701,NSEI,57.081667,-134.7185,57.065833,-134.718,632.7648,,,,,,,,,,Retained,,362
2024,611,1,710,37833,ILONA B,8/11/2024 15:24,5,19,710,345701,NSEI,57.081667,-134.7185,57.065833,-134.718,632.7648,,,,,,,,,,Retained,,363
2024,611,1,710,37833,ILONA B,8/11/2024 15:24,5,19,710,345701,NSEI,57.081667,-134.7185,57.065833,-134.718,632.7648,,,,,,,,,,Retained,,364
2024,611,1,710,37833,ILONA B,8/11/2024 15:24,5,19,710,345701,NSEI,57.081667,-134.7185,57.065833,-134.718,632.7648,,,,,,,,,,Retained,,365
2024,611,1,710,37833,ILONA B,8/11/2024 15:24,5,19,710,345701,NSEI,57.081667,-134.7185,57.065833,-134.718,632.7648,,,,,,,,,,Retained,,366
2024,611,1,710,37833,ILONA B,8/11/2024 15:24,5,19,710,345701,NSEI,57.081667,-134.7185,57.065833,-134.718,632.7648,,,,,,,,,,Retained,,367
2024,611,1,710,37833,ILONA B,8/11/2024 15:24,5,19,710,345701,NSEI,57.081667,-134.7185,57.065833,-134.718,632.7648,,,,,,,,,,Retained,,368
2024,611,1,710,37833,ILONA B,8/11/2024 15:24,5,19,710,345701,NSEI,57.081667,-134.7185,57.065833,-134.718,632.7648,,,,,,,,,,Retained,,369
2024,611,1,710,37833,ILONA B,8/11/2024 15:24,5,19,710,345701,NSEI,57.081667,-134.7185,57.065833,-134.718,632.7648,,,,,,,,,,Retained,,370
2024,611,1,710,37833,ILONA B,8/11/2024 15:24,5,19,710,345701,NSEI,57.081667,-134.7185,57.065833,-134.718,632.7648,,,,,,,,,,Retained,,371
2024,611,1,710,37833,ILONA B,8/11/2024 15:24,5,19,710,345701,NSEI,57.081667,-134.7185,57.065833,-134.718,632.7648,,,,,,,,,,Retained,,372
2024,611,1,710,37833,ILONA B,8/11/2024 15:24,5,19,710,345701,NSEI,57.081667,-134.7185,57.065833,-134.718,632.7648,,,,,,,,,,Retained,,373
2024,611,1,710,37833,ILONA B,8/11/2024 15:24,5,19,710,345701,NSEI,57.081667,-134.7185,57.065833,-134.718,632.7648,,,,,,,,,,Retained,,374
2024,611,1,710,37833,ILONA B,8/11/2024 15:24,5,19,710,345701,NSEI,57.081667,-134.7185,57.065833,-134.718,632.7648,,,,,,,,,,Retained,,375
2024,611,1,710,37833,ILONA B,8/11/2024 15:24,5,19,710,345701,NSEI,57.081667,-134.7185,57.065833,-134.718,632.7648,,,,,,,,,,Retained,,376
2024,611,1,710,37833,ILONA B,8/11/2024 15:24,5,19,710,345701,NSEI,57.081667,-134.7185,57.065833,-134.718,632.7648,,,,,,,,,,Retained,,377
2024,611,1,710,37833,ILONA B,8/11/2024 15:24,5,19,710,345701,NSEI,57.081667,-134.7185,57.065833,-134.718,632.7648,,,,,,,,,,Retained,,378
2024,611,1,710,37833,ILONA B,8/11/2024 15:24,5,19,710,345701,NSEI,57.081667,-134.7185,57.065833,-134.718,632.7648,,,,,,,,,,Retained,,379
2024,611,1,710,37833,ILONA B,8/11/2024 15:24,5,19,710,345701,NSEI,57.081667,-134.7185,57.065833,-134.718,632.7648,,,,,,,,,,Retained,,380
2024,611,1,710,37833,ILONA B,8/11/2024 15:24,5,19,710,345701,NSEI,57.081667,-134.7185,57.065833,-134.718,632.7648,,,,,,,,,,Retained,,381
2024,611,1,710,37833,ILONA B,8/11/2024 15:24,5,19,710,345701,NSEI,57.081667,-134.7185,57.065833,-134.718,632.7648,,,,,,,,,,Retained,,382
2024,611,1,710,37833,ILONA B,8/11/2024 15:24,5,19,710,345701,NSEI,57.081667,-134.7185,57.065833,-134.718,632.7648,,,,,,,,,,Retained,,383
2024,611,1,710,37833,ILONA B,8/11/2024 15:24,5,19,710,345701,NSEI,57.081667,-134.7185,57.065833,-134.718,632.7648,,,,,,,,,,Retained,,384
2024,611,1,710,37833,ILONA B,8/11/2024 15:24,5,19,710,345701,NSEI,57.081667,-134.7185,57.065833,-134.718,632.7648,,,,,,,,,,Retained,,385
2024,611,1,710,37833,ILONA B,8/11/2024 15:24,5,19,710,345701,NSEI,57.081667,-134.7185,57.065833,-134.718,632.7648,,,,,,,,,,Retained,,386
2024,611,1,710,37833,ILONA B,8/11/2024 15:24,5,19,710,345701,NSEI,57.081667,-134.7185,57.065833,-134.718,632.7648,,,,,,,,,,Retained,,387
2024,611,1,710,37833,ILONA B,8/11/2024 15:24,5,19,710,345701,NSEI,57.081667,-134.7185,57.065833,-134.718,632.7648,,,,,,,,,,Retained,,388
2024,611,1,710,37833,ILONA B,8/11/2024 15:24,5,19,710,345701,NSEI,57.081667,-134.7185,57.065833,-134.718,632.7648,,,,,,,,,,Retained,,389
2024,611,1,710,37833,ILONA B,8/11/2024 15:24,5,19,710,345701,NSEI,57.081667,-134.7185,57.065833,-134.718,632.7648,,,,,,,,,,Retained,,390
2024,611,1,710,37833,ILONA B,8/11/2024 15:24,5,19,710,345701,NSEI,57.081667,-134.7185,57.065833,-134.718,632.7648,,,,,,,,,,Retained,,391
2024,611,1,710,37833,ILONA B,8/11/2024 15:24,5,19,710,345701,NSEI,57.081667,-134.7185,57.065833,-134.718,632.7648,,,,,,,,,,Retained,,393
2024,611,1,710,37833,ILONA B,8/11/2024 15:24,5,19,710,345701,NSEI,57.081667,-134.7185,57.065833,-134.718,632.7648,,,,,,,,,,Retained,,394
2024,611,1,710,37833,ILONA B,8/11/2024 15:24,5,19,710,345701,NSEI,57.081667,-134.7185,57.065833,-134.718,632.7648,,,,,,,,,,Retained,,395
2024,611,1,710,37833,ILONA B,8/11/2024 15:24,5,19,710,345701,NSEI,57.081667,-134.7185,57.065833,-134.718,632.7648,,,,,,,,,,Retained,,396
2024,611,1,710,37833,ILONA B,8/11/2024 15:24,5,19,710,345701,NSEI,57.081667,-134.7185,57.065833,-134.718,632.7648,,,,,,,,,,Retained,,397
2024,611,1,710,37833,ILONA B,8/11/2024 15:24,5,19,710,345701,NSEI,57.081667,-134.7185,57.065833,-134.718,632.7648,,,,,,,,,,Retained,,398
2024,611,1,710,37833,ILONA B,8/11/2024 15:24,5,19,710,345701,NSEI,57.081667,-134.7185,57.065833,-134.718,632.7648,,,,,,,,,,Retained,,399
2024,611,1,710,37833,ILONA B,8/11/2024 15:24,5,19,710,345701,NSEI,57.081667,-134.7185,57.065833,-134.718,632.7648,,,,,,,,,,Retained,,400
2024,611,1,710,37833,ILONA B,8/11/2024 15:24,5,19,710,345701,NSEI,57.081667,-134.7185,57.065833,-134.718,632.7648,,,,,,,,,,Retained,,401
2024,611,1,710,37833,ILONA B,8/11/2024 15:24,5,19,710,345701,NSEI,57.081667,-134.7185,57.065833,-134.718,632.7648,,,,,,,,,,Retained,,402
2024,611,1,710,37833,ILONA B,8/11/2024 15:24,5,19,710,345701,NSEI,57.081667,-134.7185,57.065833,-134.718,632.7648,,,,,,,,,,Retained,,403
2024,611,1,710,37833,ILONA B,8/11/2024 15:24,5,19,710,345701,NSEI,57.081667,-134.7185,57.065833,-134.718,632.7648,,,,,,,,,,Retained,,404
2024,611,1,710,37833,ILONA B,8/11/2024 15:24,5,19,710,345701,NSEI,57.081667,-134.7185,57.065833,-134.718,632.7648,,,,,,,,,,Retained,,405
2024,611,1,710,37833,ILONA B,8/11/2024 15:24,5,19,710,345701,NSEI,57.081667,-134.7185,57.065833,-134.718,632.7648,,,,,,,,,,Retained,,406
2024,611,1,710,37833,ILONA B,8/11/2024 15:24,5,19,710,345701,NSEI,57.081667,-134.7185,57.065833,-134.718,632.7648,,,,,,,,,,Retained,,407
2024,611,1,710,37833,ILONA B,8/11/2024 15:24,5,19,710,345701,NSEI,57.081667,-134.7185,57.065833,-134.718,632.7648,,,,,,,,,,Retained,,408
2024,611,1,710,37833,ILONA B,8/11/2024 15:24,5,19,710,345701,NSEI,57.081667,-134.7185,57.065833,-134.718,632.7648,,,,,,,,,,Retained,,409
2024,611,1,710,37833,ILONA B,8/11/2024 15:24,5,19,710,345701,NSEI,57.081667,-134.7185,57.065833,-134.718,632.7648,,,,,,,,,,Retained,,410
2024,611,1,710,37833,ILONA B,8/11/2024 15:24,5,19,710,345701,NSEI,57.081667,-134.7185,57.065833,-134.718,632.7648,,,,,,,,,,Retained,,411
2024,611,1,710,37833,ILONA B,8/11/2024 15:24,5,19,710,345701,NSEI,57.081667,-134.7185,57.065833,-134.718,632.7648,,,,,,,,,,Retained,,412
2024,611,1,710,37833,ILONA B,8/11/2024 15:24,5,19,710,345701,NSEI,57.081667,-134.7185,57.065833,-134.718,632.7648,,,,,,,,,,Retained,,413
2024,611,1,710,37833,ILONA B,8/11/2024 15:24,5,19,710,345701,NSEI,57.081667,-134.7185,57.065833,-134.718,632.7648,,,,,,,,,,Retained,,414
2024,611,1,710,37833,ILONA B,8/11/2024 15:24,5,19,710,345701,NSEI,57.081667,-134.7185,57.065833,-134.718,632.7648,,,,,,,,,,Retained,,415
2024,611,1,710,37833,ILONA B,8/11/2024 15:24,5,19,710,345701,NSEI,57.081667,-134.7185,57.065833,-134.718,632.7648,,,,,,,,,,Retained,,416
2024,611,1,710,37833,ILONA B,8/11/2024 15:24,5,19,710,345701,NSEI,57.081667,-134.7185,57.065833,-134.718,632.7648,,,,,,,,,,Retained,,417
2024,611,1,710,37833,ILONA B,8/11/2024 15:24,5,19,710,345701,NSEI,57.081667,-134.7185,57.065833,-134.718,632.7648,,,,,,,,,,Retained,,418
2024,611,1,710,37833,ILONA B,8/11/2024 15:24,5,19,710,345701,NSEI,57.081667,-134.7185,57.065833,-134.718,632.7648,,,,,,,,,,Retained,,419
2024,611,1,710,37833,ILONA B,8/11/2024 15:24,5,19,710,345701,NSEI,57.081667,-134.7185,57.065833,-134.718,632.7648,,,,,,,,,,Retained,,420
2024,611,1,710,37833,ILONA B,8/11/2024 15:24,5,19,710,345701,NSEI,57.081667,-134.7185,57.065833,-134.718,632.7648,,,,,,,,,,Retained,,421
2024,611,1,710,37833,ILONA B,8/11/2024 15:24,5,19,710,345701,NSEI,57.081667,-134.7185,57.065833,-134.718,632.7648,,,,,,,,,,Retained,,422
2024,611,1,710,37833,ILONA B,8/11/2024 15:24,5,19,710,345701,NSEI,57.081667,-134.7185,57.065833,-134.718,632.7648,,,,,,,,,,Retained,,423
2024,611,1,710,37833,ILONA B,8/11/2024 15:24,5,19,710,345701,NSEI,57.081667,-134.7185,57.065833,-134.718,632.7648,,,,,,,,,,Retained,,424
2024,611,1,710,37833,ILONA B,8/11/2024 15:24,5,19,710,345701,NSEI,57.081667,-134.7185,57.065833,-134.718,632.7648,,,,,,,,,,Retained,,425
2024,611,1,710,37833,ILONA B,8/11/2024 15:24,5,19,710,345701,NSEI,57.081667,-134.7185,57.065833,-134.718,632.7648,,,,,,,,,,Retained,,426
2024,611,1,710,37833,ILONA B,8/11/2024 15:24,5,19,710,345701,NSEI,57.081667,-134.7185,57.065833,-134.718,632.7648,,,,,,,,,,Retained,,427
2024,611,1,710,37833,ILONA B,8/11/2024 15:24,5,19,710,345701,NSEI,57.081667,-134.7185,57.065833,-134.718,632.7648,,,,,,,,,,Retained,,430
2024,611,1,710,37833,ILONA B,8/11/2024 15:24,5,19,710,345701,NSEI,57.081667,-134.7185,57.065833,-134.718,632.7648,,,,,,,,,,Retained,,431
2024,611,1,710,37833,ILONA B,8/11/2024 15:24,5,19,710,345701,NSEI,57.081667,-134.7185,57.065833,-134.718,632.7648,,,,,,,,,,Retained,,432
2024,611,1,710,37833,ILONA B,8/11/2024 15:24,5,19,710,345701,NSEI,57.081667,-134.7185,57.065833,-134.718,632.7648,,,,,,,,,,Retained,,433
2024,611,1,710,37833,ILONA B,8/11/2024 15:24,5,19,710,345701,NSEI,57.081667,-134.7185,57.065833,-134.718,632.7648,,,,,,,,,,Retained,,434
2024,611,1,710,37833,ILONA B,8/11/2024 15:24,5,19,710,345701,NSEI,57.081667,-134.7185,57.065833,-134.718,632.7648,,,,,,,,,,Retained,,435
2024,611,1,710,37833,ILONA B,8/11/2024 15:24,5,19,710,345701,NSEI,57.081667,-134.7185,57.065833,-134.718,632.7648,,,,,,,,,,Retained,,436
2024,611,1,710,37833,ILONA B,8/11/2024 15:24,5,19,710,345701,NSEI,57.081667,-134.7185,57.065833,-134.718,632.7648,,,,,,,,,,Retained,,437
2024,611,1,710,37833,ILONA B,8/11/2024 15:24,5,19,710,345701,NSEI,57.081667,-134.7185,57.065833,-134.718,632.7648,,,,,,,,,,Retained,,438
2024,611,1,710,37833,ILONA B,8/11/2024 15:24,5,19,710,345701,NSEI,57.081667,-134.7185,57.065833,-134.718,632.7648,,,,,,,,,,Retained,,439
2024,611,1,710,37833,ILONA B,8/11/2024 15:24,5,19,710,345701,NSEI,57.081667,-134.7185,57.065833,-134.718,632.7648,,,,,,,,,,Retained,,440
2024,611,1,710,37833,ILONA B,8/11/2024 15:24,5,19,710,345701,NSEI,57.081667,-134.7185,57.065833,-134.718,632.7648,,,,,,,,,,Retained,,441
2024,611,1,710,37833,ILONA B,8/11/2024 15:24,5,19,710,345701,NSEI,57.081667,-134.7185,57.065833,-134.718,632.7648,,,,,,,,,,Retained,,442
2024,611,1,710,37833,ILONA B,8/11/2024 15:24,5,19,710,345701,NSEI,57.081667,-134.7185,57.065833,-134.718,632.7648,,,,,,,,,,Retained,,443
2024,611,1,710,37833,ILONA B,8/11/2024 15:24,5,19,710,345701,NSEI,57.081667,-134.7185,57.065833,-134.718,632.7648,,,,,,,,,,Retained,,444
2024,611,1,710,37833,ILONA B,8/11/2024 15:24,5,19,710,345701,NSEI,57.081667,-134.7185,57.065833,-134.718,632.7648,,,,,,,,,,Retained,,445
2024,611,1,710,37833,ILONA B,8/11/2024 15:24,5,19,710,345701,NSEI,57.081667,-134.7185,57.065833,-134.718,632.7648,,,,,,,,,,Retained,,446
2024,611,1,710,37833,ILONA B,8/11/2024 15:24,5,19,710,345701,NSEI,57.081667,-134.7185,57.065833,-134.718,632.7648,,,,,,,,,,Retained,,447
2024,611,1,710,37833,ILONA B,8/11/2024 15:24,5,19,710,345701,NSEI,57.081667,-134.7185,57.065833,-134.718,632.7648,,,,,,,,,,Retained,,448
2024,611,1,710,37833,ILONA B,8/11/2024 15:24,5,19,710,345701,NSEI,57.081667,-134.7185,57.065833,-134.718,632.7648,,,,,,,,,,Retained,,449
2024,611,1,710,37833,ILONA B,8/11/2024 15:24,5,19,710,345701,NSEI,57.081667,-134.7185,57.065833,-134.718,632.7648,,,,,,,,,,Retained,,450
2024,611,1,710,37833,ILONA B,8/11/2024 15:24,5,19,710,345701,NSEI,57.081667,-134.7185,57.065833,-134.718,632.7648,,,,,,,,,,Retained,,451
2024,611,1,710,37833,ILONA B,8/11/2024 15:24,5,19,710,345701,NSEI,57.081667,-134.7185,57.065833,-134.718,632.7648,,,,,,,,,,Retained,,452
2024,611,1,710,37833,ILONA B,8/11/2024 15:24,5,19,710,345701,NSEI,57.081667,-134.7185,57.065833,-134.718,632.7648,,,,,,,,,,Retained,,453
2024,611,1,710,37833,ILONA B,8/11/2024 15:24,5,19,710,345701,NSEI,57.081667,-134.7185,57.065833,-134.718,632.7648,,,,,,,,,,Retained,,454
2024,611,1,710,37833,ILONA B,8/11/2024 15:24,5,19,710,345701,NSEI,57.081667,-134.7185,57.065833,-134.718,632.7648,,,,,,,,,,Retained,,455
2024,611,1,710,37833,ILONA B,8/11/2024 15:24,5,19,710,345701,NSEI,57.081667,-134.7185,57.065833,-134.718,632.7648,,,,,,,,,,Retained,,456
2024,611,1,710,37833,ILONA B,8/11/2024 15:24,5,19,710,345701,NSEI,57.081667,-134.7185,57.065833,-134.718,632.7648,,,,,,,,,,Retained,,457
2024,611,1,710,37833,ILONA B,8/11/2024 15:24,5,19,710,345701,NSEI,57.081667,-134.7185,57.065833,-134.718,632.7648,,,,,,,,,,Retained,,458
2024,611,1,710,37833,ILONA B,8/11/2024 15:24,5,19,710,345701,NSEI,57.081667,-134.7185,57.065833,-134.718,632.7648,,,,,,,,,,Retained,,459
2024,611,1,710,37833,ILONA B,8/11/2024 15:24,5,19,710,345701,NSEI,57.081667,-134.7185,57.065833,-134.718,632.7648,,,,,,,,,,Retained,,460
2024,611,1,710,37833,ILONA B,8/11/2024 15:24,5,19,710,345701,NSEI,57.081667,-134.7185,57.065833,-134.718,632.7648,,,,,,,,,,Retained,,461
2024,611,1,710,37833,ILONA B,8/11/2024 15:24,5,19,710,345701,NSEI,57.081667,-134.7185,57.065833,-134.718,632.7648,,,,,,,,,,Retained,,462
2024,611,1,710,37833,ILONA B,8/11/2024 15:24,5,19,710,345701,NSEI,57.081667,-134.7185,57.065833,-134.718,632.7648,,,,,,,,,,Retained,,463
2024,611,1,710,37833,ILONA B,8/11/2024 15:24,5,19,710,345701,NSEI,57.081667,-134.7185,57.065833,-134.718,632.7648,,,,,,,,,,Retained,,464
2024,611,1,710,37833,ILONA B,8/11/2024 15:24,5,19,710,345701,NSEI,57.081667,-134.7185,57.065833,-134.718,632.7648,,,,,,,,,,Retained,,465
2024,611,1,710,37833,ILONA B,8/11/2024 15:24,5,19,710,345701,NSEI,57.081667,-134.7185,57.065833,-134.718,632.7648,,,,,,,,,,Retained,,466
2024,611,1,710,37833,ILONA B,8/11/2024 15:24,5,19,710,345701,NSEI,57.081667,-134.7185,57.065833,-134.718,632.7648,,,,,,,,,,Retained,,467
2024,611,1,710,37833,ILONA B,8/11/2024 15:24,5,19,710,345701,NSEI,57.081667,-134.7185,57.065833,-134.718,632.7648,,,,,,,,,,Retained,,468
2024,611,1,710,37833,ILONA B,8/11/2024 15:24,5,19,710,345701,NSEI,57.081667,-134.7185,57.065833,-134.718,632.7648,,,,,,,,,,Retained,,469
2024,611,1,710,37833,ILONA B,8/11/2024 15:24,5,19,710,345701,NSEI,57.081667,-134.7185,57.065833,-134.718,632.7648,,,,,,,,,,Retained,,470
2024,611,1,710,37833,ILONA B,8/11/2024 15:24,5,19,710,345701,NSEI,57.081667,-134.7185,57.065833,-134.718,632.7648,,,,,,,,,,Retained,,471
2024,611,1,710,37833,ILONA B,8/11/2024 15:24,5,19,710,345701,NSEI,57.081667,-134.7185,57.065833,-134.718,632.7648,,,,,,,,,,Retained,,472
2024,611,1,710,37833,ILONA B,8/11/2024 15:24,5,19,710,345701,NSEI,57.081667,-134.7185,57.065833,-134.718,632.7648,,,,,,,,,,Retained,,473
2024,611,1,710,37833,ILONA B,8/11/2024 15:24,5,19,710,345701,NSEI,57.081667,-134.7185,57.065833,-134.718,632.7648,,,,,,,,,,Retained,,474
2024,611,1,710,37833,ILONA B,8/11/2024 15:24,5,19,710,345701,NSEI,57.081667,-134.7185,57.065833,-134.718,632.7648,,,,,,,,,,Retained,,475
2024,611,1,710,37833,ILONA B,8/11/2024 15:24,5,19,710,345701,NSEI,57.081667,-134.7185,57.065833,-134.718,632.7648,,,,,,,,,,Retained,,476
2024,611,1,710,37833,ILONA B,8/11/2024 15:24,5,19,710,345701,NSEI,57.081667,-134.7185,57.065833,-134.718,632.7648,,,,,,,,,,Retained,,477
2024,611,1,710,37833,ILONA B,8/11/2024 15:24,5,19,710,345701,NSEI,57.081667,-134.7185,57.065833,-134.718,632.7648,,,,,,,,,,Retained,,478
2024,611,1,710,37833,ILONA B,8/11/2024 15:24,5,19,710,345701,NSEI,57.081667,-134.7185,57.065833,-134.718,632.7648,,,,,,,,,,Retained,,479
2024,611,1,710,37833,ILONA B,8/11/2024 15:24,5,19,710,345701,NSEI,57.081667,-134.7185,57.065833,-134.718,632.7648,,,,,,,,,,Retained,,480
2024,611,1,710,37833,ILONA B,8/11/2024 15:24,5,19,710,345701,NSEI,57.081667,-134.7185,57.065833,-134.718,632.7648,,,,,,,,,,Retained,,481
2024,611,1,710,37833,ILONA B,8/11/2024 15:24,5,19,710,345701,NSEI,57.081667,-134.7185,57.065833,-134.718,632.7648,,,,,,,,,,Retained,,482
2024,611,1,710,37833,ILONA B,8/11/2024 15:24,5,19,710,345701,NSEI,57.081667,-134.7185,57.065833,-134.718,632.7648,,,,,,,,,,Retained,,483
2024,611,1,710,37833,ILONA B,8/11/2024 15:24,5,19,710,345701,NSEI,57.081667,-134.7185,57.065833,-134.718,632.7648,,,,,,,,,,Retained,,484
2024,611,1,710,37833,ILONA B,8/11/2024 15:24,5,19,710,345701,NSEI,57.081667,-134.7185,57.065833,-134.718,632.7648,,,,,,,,,,Retained,,485
2024,611,1,710,37833,ILONA B,8/11/2024 15:24,5,19,710,345701,NSEI,57.081667,-134.7185,57.065833,-134.718,632.7648,,,,,,,,,,Retained,,486
2024,611,1,710,37833,ILONA B,8/11/2024 15:24,5,19,710,345701,NSEI,57.081667,-134.7185,57.065833,-134.718,632.7648,,,,,,,,,,Retained,,487
2024,611,1,710,37833,ILONA B,8/11/2024 15:24,5,19,710,345701,NSEI,57.081667,-134.7185,57.065833,-134.718,632.7648,,,,,,,,,,Retained,,488
2024,611,1,710,37833,ILONA B,8/11/2024 15:24,5,19,710,345701,NSEI,57.081667,-134.7185,57.065833,-134.718,632.7648,,,,,,,,,,Retained,,489
2024,611,1,710,37833,ILONA B,8/11/2024 15:24,5,19,710,345701,NSEI,57.081667,-134.7185,57.065833,-134.718,632.7648,,,,,,,,,,Retained,,490
2024,611,1,710,37833,ILONA B,8/11/2024 15:24,5,19,710,345701,NSEI,57.081667,-134.7185,57.065833,-134.718,632.7648,,,,,,,,,,Retained,,491
2024,611,1,710,37833,ILONA B,8/11/2024 15:24,5,19,710,345701,NSEI,57.081667,-134.7185,57.065833,-134.718,632.7648,,,,,,,,,,Retained,,492
2024,611,1,710,37833,ILONA B,8/11/2024 15:24,5,19,710,345701,NSEI,57.081667,-134.7185,57.065833,-134.718,632.7648,,,,,,,,,,Retained,,493
2024,611,1,710,37833,ILONA B,8/11/2024 15:24,5,19,710,345701,NSEI,57.081667,-134.7185,57.065833,-134.718,632.7648,,,,,,,,,,Retained,,494
2024,611,1,710,37833,ILONA B,8/11/2024 15:24,5,19,710,345701,NSEI,57.081667,-134.7185,57.065833,-134.718,632.7648,,,,,,,,,,Retained,,495
2024,611,1,710,37833,ILONA B,8/11/2024 15:24,5,19,710,345701,NSEI,57.081667,-134.7185,57.065833,-134.718,632.7648,,,,,,,,,,Retained,,497
2024,611,1,710,37833,ILONA B,8/11/2024 15:24,5,19,710,345701,NSEI,57.081667,-134.7185,57.065833,-134.718,632.7648,,,,,,,,,,Retained,,498
2024,611,1,710,37833,ILONA B,8/11/2024 15:24,5,19,710,345701,NSEI,57.081667,-134.7185,57.065833,-134.718,632.7648,,,,,,,,,,Retained,,499
2024,611,1,710,37833,ILONA B,8/11/2024 15:24,5,19,710,345701,NSEI,57.081667,-134.7185,57.065833,-134.718,632.7648,,,,,,,,,,Retained,,500
2024,611,1,710,37833,ILONA B,8/11/2024 15:24,5,19,710,345701,NSEI,57.081667,-134.7185,57.065833,-134.718,632.7648,,,,,,,,,,Retained,,501
2024,611,1,710,37833,ILONA B,8/11/2024 15:24,5,19,710,345701,NSEI,57.081667,-134.7185,57.065833,-134.718,632.7648,,,,,,,,,,Retained,,502
2024,611,1,710,37833,ILONA B,8/11/2024 15:24,5,19,710,345701,NSEI,57.081667,-134.7185,57.065833,-134.718,632.7648,,,,,,,,,,Retained,,503
2024,611,1,710,37833,ILONA B,8/11/2024 15:24,5,19,710,345701,NSEI,57.081667,-134.7185,57.065833,-134.718,632.7648,,,,,,,,,,Retained,,504
2024,611,1,710,37833,ILONA B,8/11/2024 15:24,5,19,710,345701,NSEI,57.081667,-134.7185,57.065833,-134.718,632.7648,,,,,,,,,,Retained,,505
2024,611,1,710,37833,ILONA B,8/11/2024 15:24,5,19,710,345701,NSEI,57.081667,-134.7185,57.065833,-134.718,632.7648,,,,,,,,,,Retained,,506
2024,611,1,710,37833,ILONA B,8/11/2024 15:24,5,19,710,345701,NSEI,57.081667,-134.7185,57.065833,-134.718,632.7648,,,,,,,,,,Retained,,507
2024,611,1,710,37833,ILONA B,8/11/2024 15:24,5,19,710,345701,NSEI,57.081667,-134.7185,57.065833,-134.718,632.7648,,,,,,,,,,Retained,,508
2024,611,1,710,37833,ILONA B,8/11/2024 15:24,5,19,710,345701,NSEI,57.081667,-134.7185,57.065833,-134.718,632.7648,,,,,,,,,,Retained,,509
2024,611,1,710,37833,ILONA B,8/11/2024 15:24,5,19,710,345701,NSEI,57.081667,-134.7185,57.065833,-134.718,632.7648,,,,,,,,,,Retained,,510
2024,611,1,710,37833,ILONA B,8/11/2024 15:24,5,19,710,345701,NSEI,57.081667,-134.7185,57.065833,-134.718,632.7648,,,,,,,,,,Retained,,511
2024,611,1,710,37833,ILONA B,8/11/2024 15:24,5,19,710,345701,NSEI,57.081667,-134.7185,57.065833,-134.718,632.7648,,,,,,,,,,Retained,,512
2024,611,1,710,37833,ILONA B,8/11/2024 15:24,5,19,710,345701,NSEI,57.081667,-134.7185,57.065833,-134.718,632.7648,,,,,,,,,,Retained,,513
2024,611,1,710,37833,ILONA B,8/11/2024 15:24,5,19,710,345701,NSEI,57.081667,-134.7185,57.065833,-134.718,632.7648,,,,,,,,,,Retained,,514
2024,611,1,710,37833,ILONA B,8/11/2024 15:24,5,19,710,345701,NSEI,57.081667,-134.7185,57.065833,-134.718,632.7648,,,,,,,,,,Retained,,515
2024,611,1,710,37833,ILONA B,8/11/2024 15:24,5,19,710,345701,NSEI,57.081667,-134.7185,57.065833,-134.718,632.7648,,,,,,,,,,Retained,,516
2024,611,1,710,37833,ILONA B,8/11/2024 15:24,5,19,710,345701,NSEI,57.081667,-134.7185,57.065833,-134.718,632.7648,,,,,,,,,,Retained,,517
2024,611,1,710,37833,ILONA B,8/11/2024 15:24,5,19,710,345701,NSEI,57.081667,-134.7185,57.065833,-134.718,632.7648,,,,,,,,,,Retained,,518
2024,611,1,710,37833,ILONA B,8/11/2024 15:24,5,19,710,345701,NSEI,57.081667,-134.7185,57.065833,-134.718,632.7648,,,,,,,,,,Retained,,519
2024,611,1,710,37833,ILONA B,8/11/2024 15:24,5,19,710,345701,NSEI,57.081667,-134.7185,57.065833,-134.718,632.7648,,,,,,,,,,Retained,,520
2024,611,1,710,37833,ILONA B,8/11/2024 15:24,5,19,710,345701,NSEI,57.081667,-134.7185,57.065833,-134.718,632.7648,,,,,,,,,,Retained,,521
2024,611,1,710,37833,ILONA B,8/11/2024 15:24,5,19,710,345701,NSEI,57.081667,-134.7185,57.065833,-134.718,632.7648,,,,,,,,,,Retained,,522
2024,611,1,710,37833,ILONA B,8/11/2024 15:24,5,19,710,345701,NSEI,57.081667,-134.7185,57.065833,-134.718,632.7648,,,,,,,,,,Retained,,523
2024,611,1,710,37833,ILONA B,8/11/2024 15:24,5,19,710,345701,NSEI,57.081667,-134.7185,57.065833,-134.718,632.7648,,,,,,,,,,Retained,,524
2024,611,1,710,37833,ILONA B,8/11/2024 15:24,5,19,710,345701,NSEI,57.081667,-134.7185,57.065833,-134.718,632.7648,,,,,,,,,,Retained,,525
2024,611,1,710,37833,ILONA B,8/11/2024 15:24,5,19,710,345701,NSEI,57.081667,-134.7185,57.065833,-134.718,632.7648,,,,,,,,,,Retained,,526
2024,611,1,710,37833,ILONA B,8/11/2024 15:24,5,19,710,345701,NSEI,57.081667,-134.7185,57.065833,-134.718,632.7648,,,,,,,,,,Retained,,527
2024,611,1,710,37833,ILONA B,8/11/2024 15:24,5,19,710,345701,NSEI,57.081667,-134.7185,57.065833,-134.718,632.7648,,,,,,,,,,Retained,,528
2024,611,1,710,37833,ILONA B,8/11/2024 15:24,5,19,710,345701,NSEI,57.081667,-134.7185,57.065833,-134.718,632.7648,,,,,,,,,,Retained,,529
2024,611,1,710,37833,ILONA B,8/11/2024 15:24,5,19,710,345701,NSEI,57.081667,-134.7185,57.065833,-134.718,632.7648,,,,,,,,,,Retained,,530
2024,611,1,710,37833,ILONA B,8/11/2024 15:24,5,19,710,345701,NSEI,57.081667,-134.7185,57.065833,-134.718,632.7648,,,,,,,,,,Retained,,531
2024,611,1,710,37833,ILONA B,8/11/2024 15:24,5,19,710,345701,NSEI,57.081667,-134.7185,57.065833,-134.718,632.7648,,,,,,,,,,Retained,,532
2024,611,1,710,37833,ILONA B,8/11/2024 15:24,5,19,710,345701,NSEI,57.081667,-134.7185,57.065833,-134.718,632.7648,,,,,,,,,,Retained,,533
2024,611,1,710,37833,ILONA B,8/11/2024 15:24,5,19,710,345701,NSEI,57.081667,-134.7185,57.065833,-134.718,632.7648,,,,,,,,,,Retained,,534
2024,611,1,710,37833,ILONA B,8/11/2024 15:24,5,19,710,345701,NSEI,57.081667,-134.7185,57.065833,-134.718,632.7648,,,,,,,,,,Retained,,535
2024,611,1,710,37833,ILONA B,8/11/2024 15:24,5,19,710,345701,NSEI,57.081667,-134.7185,57.065833,-134.718,632.7648,,,,,,,,,,Retained,,536
2024,611,1,710,37833,ILONA B,8/11/2024 15:24,5,19,710,345701,NSEI,57.081667,-134.7185,57.065833,-134.718,632.7648,,,,,,,,,,Retained,,537
2024,611,1,710,37833,ILONA B,8/11/2024 15:24,5,19,710,345701,NSEI,57.081667,-134.7185,57.065833,-134.718,632.7648,,,,,,,,,,Retained,,538
2024,611,1,710,37833,ILONA B,8/11/2024 15:24,5,19,710,345701,NSEI,57.081667,-134.7185,57.065833,-134.718,632.7648,,,,,,,,,,Retained,,539
2024,611,1,710,37833,ILONA B,8/11/2024 15:24,5,19,710,345701,NSEI,57.081667,-134.7185,57.065833,-134.718,632.7648,,,,,,,,,,Retained,,540
2024,611,1,710,37833,ILONA B,8/11/2024 15:24,5,19,710,345701,NSEI,57.081667,-134.7185,57.065833,-134.718,632.7648,,,,,,,,,,Retained,,541
2024,611,1,710,37833,ILONA B,8/11/2024 15:24,5,19,710,345701,NSEI,57.081667,-134.7185,57.065833,-134.718,632.7648,,,,,,,,,,Retained,,542
2024,611,1,710,37833,ILONA B,8/11/2024 15:24,5,19,710,345701,NSEI,57.081667,-134.7185,57.065833,-134.718,632.7648,,,,,,,,,,Retained,,543
2024,611,1,710,37833,ILONA B,8/11/2024 15:24,5,19,710,345701,NSEI,57.081667,-134.7185,57.065833,-134.718,632.7648,,,,,,,,,,Retained,,544
2024,611,1,710,37833,ILONA B,8/11/2024 15:24,5,19,710,345701,NSEI,57.081667,-134.7185,57.065833,-134.718,632.7648,,,,,,,,,,Retained,,545
2024,611,1,710,37833,ILONA B,8/11/2024 15:24,5,19,710,345701,NSEI,57.081667,-134.7185,57.065833,-134.718,632.7648,,,,,,,,,,Retained,,546
2024,611,1,710,37833,ILONA B,8/11/2024 15:24,5,19,710,345701,NSEI,57.081667,-134.7185,57.065833,-134.718,632.7648,,,,,,,,,,Retained,,547
2024,611,1,710,37833,ILONA B,8/11/2024 15:24,5,19,710,345701,NSEI,57.081667,-134.7185,57.065833,-134.718,632.7648,,,,,,,,,,Retained,,548
2024,611,1,710,37833,ILONA B,8/11/2024 15:24,5,19,710,345701,NSEI,57.081667,-134.7185,57.065833,-134.718,632.7648,,,,,,,,,,Retained,,549
2024,611,1,710,37833,ILONA B,8/11/2024 15:24,5,19,710,345701,NSEI,57.081667,-134.7185,57.065833,-134.718,632.7648,,,,,,,,,,Retained,,550
2024,611,1,710,37833,ILONA B,8/11/2024 15:24,5,19,710,345701,NSEI,57.081667,-134.7185,57.065833,-134.718,632.7648,,,,,,,,,,Retained,,551
2024,611,1,710,37833,ILONA B,8/11/2024 15:24,5,19,710,345701,NSEI,57.081667,-134.7185,57.065833,-134.718,632.7648,,,,,,,,,,Retained,,552
2024,611,1,710,37833,ILONA B,8/11/2024 15:24,5,19,710,345701,NSEI,57.081667,-134.7185,57.065833,-134.718,632.7648,,,,,,,,,,Retained,,553
2024,611,1,710,37833,ILONA B,8/11/2024 15:24,5,19,710,345701,NSEI,57.081667,-134.7185,57.065833,-134.718,632.7648,,,,,,,,,,Retained,,554
2024,611,1,710,37833,ILONA B,8/11/2024 15:24,5,19,710,345701,NSEI,57.081667,-134.7185,57.065833,-134.718,632.7648,,,,,,,,,,Retained,,555
2024,611,1,710,37833,ILONA B,8/11/2024 15:24,5,19,710,345701,NSEI,57.081667,-134.7185,57.065833,-134.718,632.7648,,,,,,,,,,Retained,,556
2024,611,1,710,37833,ILONA B,8/11/2024 15:24,5,19,710,345701,NSEI,57.081667,-134.7185,57.065833,-134.718,632.7648,,,,,,,,,,Retained,,557
2024,611,1,710,37833,ILONA B,8/11/2024 15:24,5,19,710,345701,NSEI,57.081667,-134.7185,57.065833,-134.718,632.7648,,,,,,,,,,Retained,,558
2024,611,1,710,37833,ILONA B,8/11/2024 15:24,5,19,710,345701,NSEI,57.081667,-134.7185,57.065833,-134.718,632.7648,,,,,,,,,,Retained,,559
2024,611,1,710,37833,ILONA B,8/11/2024 15:24,5,19,710,345701,NSEI,57.081667,-134.7185,57.065833,-134.718,632.7648,,,,,,,,,,Retained,,560
2024,611,1,710,37833,ILONA B,8/11/2024 15:24,5,19,710,345701,NSEI,57.081667,-134.7185,57.065833,-134.718,632.7648,,,,,,,,,,Retained,,561
2024,611,1,710,37833,ILONA B,8/11/2024 15:24,5,19,710,345701,NSEI,57.081667,-134.7185,57.065833,-134.718,632.7648,,,,,,,,,,Retained,,562
2024,611,1,710,37833,ILONA B,8/11/2024 15:24,5,19,710,345701,NSEI,57.081667,-134.7185,57.065833,-134.718,632.7648,,,,,,,,,,Retained,,563
2024,611,1,710,37833,ILONA B,8/11/2024 15:24,5,19,710,345701,NSEI,57.081667,-134.7185,57.065833,-134.718,632.7648,,,,,,,,,,Retained,,564
2024,611,1,710,37833,ILONA B,8/11/2024 15:24,5,19,710,345701,NSEI,57.081667,-134.7185,57.065833,-134.718,632.7648,,,,,,,,,,Retained,,565
2024,611,1,710,37833,ILONA B,8/11/2024 15:24,5,19,710,345701,NSEI,57.081667,-134.7185,57.065833,-134.718,632.7648,,,,,,,,,,Retained,,566
2024,611,1,710,37833,ILONA B,8/11/2024 15:24,5,19,710,345701,NSEI,57.081667,-134.7185,57.065833,-134.718,632.7648,,,,,,,,,,Retained,,567
2024,611,1,710,37833,ILONA B,8/11/2024 15:24,5,19,710,345701,NSEI,57.081667,-134.7185,57.065833,-134.718,632.7648,,,,,,,,,,Retained,,568
2024,611,1,710,37833,ILONA B,8/11/2024 15:24,5,19,710,345701,NSEI,57.081667,-134.7185,57.065833,-134.718,632.7648,,,,,,,,,,Retained,,569
2024,611,1,710,37833,ILONA B,8/11/2024 15:24,5,19,710,345701,NSEI,57.081667,-134.7185,57.065833,-134.718,632.7648,,,,,,,,,,Retained,,570
2024,611,1,710,37833,ILONA B,8/11/2024 15:24,5,19,710,345701,NSEI,57.081667,-134.7185,57.065833,-134.718,632.7648,,,,,,,,,,Retained,,571
2024,611,1,710,37833,ILONA B,8/11/2024 15:24,5,19,710,345701,NSEI,57.081667,-134.7185,57.065833,-134.718,632.7648,,,,,,,,,,Retained,,572
2024,611,1,710,37833,ILONA B,8/11/2024 15:24,5,19,710,345701,NSEI,57.081667,-134.7185,57.065833,-134.718,632.7648,,,,,,,,,,Retained,,573
2024,611,1,710,37833,ILONA B,8/11/2024 15:24,5,19,710,345701,NSEI,57.081667,-134.7185,57.065833,-134.718,632.7648,,,,,,,,,,Retained,,574
2024,611,1,710,37833,ILONA B,8/11/2024 15:24,5,19,710,345701,NSEI,57.081667,-134.7185,57.065833,-134.718,632.7648,,,,,,,,,,Retained,,575
2024,611,1,710,37833,ILONA B,8/11/2024 15:24,5,19,710,345701,NSEI,57.081667,-134.7185,57.065833,-134.718,632.7648,,,,,,,,,,Retained,,576
2024,611,1,710,37833,ILONA B,8/11/2024 15:24,5,19,710,345701,NSEI,57.081667,-134.7185,57.065833,-134.718,632.7648,,,,,,,,,,Retained,,577
2024,611,1,710,37833,ILONA B,8/11/2024 15:24,5,19,710,345701,NSEI,57.081667,-134.7185,57.065833,-134.718,632.7648,,,,,,,,,,Retained,,578
2024,611,1,710,37833,ILONA B,8/11/2024 15:24,5,19,710,345701,NSEI,57.081667,-134.7185,57.065833,-134.718,632.7648,,,,,,,,,,Retained,,579
2024,611,1,710,37833,ILONA B,8/11/2024 15:24,5,19,710,345701,NSEI,57.081667,-134.7185,57.065833,-134.718,632.7648,,,,,,,,,,Retained,,580
2024,611,1,710,37833,ILONA B,8/11/2024 15:24,5,19,710,345701,NSEI,57.081667,-134.7185,57.065833,-134.718,632.7648,,,,,,,,,,Retained,,581
2024,611,1,710,37833,ILONA B,8/11/2024 15:24,5,19,710,345701,NSEI,57.081667,-134.7185,57.065833,-134.718,632.7648,,,,,,,,,,Retained,,582
2024,611,1,710,37833,ILONA B,8/11/2024 15:24,5,19,710,345701,NSEI,57.081667,-134.7185,57.065833,-134.718,632.7648,,,,,,,,,,Retained,,583
2024,611,1,710,37833,ILONA B,8/11/2024 15:24,5,19,710,345701,NSEI,57.081667,-134.7185,57.065833,-134.718,632.7648,,,,,,,,,,Retained,,584
2024,611,1,710,37833,ILONA B,8/11/2024 15:24,5,19,710,345701,NSEI,57.081667,-134.7185,57.065833,-134.718,632.7648,,,,,,,,,,Retained,,585
2024,611,1,710,37833,ILONA B,8/11/2024 15:24,5,19,710,345701,NSEI,57.081667,-134.7185,57.065833,-134.718,632.7648,,,,,,,,,,Retained,,586
2024,611,1,710,37833,ILONA B,8/11/2024 15:24,5,19,710,345701,NSEI,57.081667,-134.7185,57.065833,-134.718,632.7648,,,,,,,,,,Retained,,587
2024,611,1,710,37833,ILONA B,8/11/2024 15:24,5,19,710,345701,NSEI,57.081667,-134.7185,57.065833,-134.718,632.7648,,,,,,,,,,Retained,,588
2024,611,1,710,37833,ILONA B,8/11/2024 15:24,5,19,710,345701,NSEI,57.081667,-134.7185,57.065833,-134.718,632.7648,,,,,,,,,,Retained,,589
2024,611,1,710,37833,ILONA B,8/11/2024 15:24,5,19,710,345701,NSEI,57.081667,-134.7185,57.065833,-134.718,632.7648,,,,,,,,,,Retained,,590
2024,611,1,710,37833,ILONA B,8/11/2024 15:24,5,19,710,345701,NSEI,57.081667,-134.7185,57.065833,-134.718,632.7648,,,,,,,,,,Retained,,591
2024,611,1,710,37833,ILONA B,8/11/2024 15:24,5,19,710,345701,NSEI,57.081667,-134.7185,57.065833,-134.718,632.7648,,,,,,,,,,Retained,,592
2024,611,1,710,37833,ILONA B,8/11/2024 15:24,5,19,710,345701,NSEI,57.081667,-134.7185,57.065833,-134.718,632.7648,,,,,,,,,,Retained,,593
2024,611,1,710,37833,ILONA B,8/11/2024 15:24,5,19,710,345701,NSEI,57.081667,-134.7185,57.065833,-134.718,632.7648,,,,,,,,,,Retained,,594
2024,611,1,710,37833,ILONA B,8/11/2024 15:24,5,19,710,345701,NSEI,57.081667,-134.7185,57.065833,-134.718,632.7648,,,,,,,,,,Retained,,595
2024,611,1,710,37833,ILONA B,8/11/2024 15:24,5,19,710,345701,NSEI,57.081667,-134.7185,57.065833,-134.718,632.7648,,,,,,,,,,Retained,,596
2024,611,1,710,37833,ILONA B,8/11/2024 15:24,5,19,710,345701,NSEI,57.081667,-134.7185,57.065833,-134.718,632.7648,,,,,,,,,,Retained,,597
2024,611,1,710,37833,ILONA B,8/11/2024 15:24,5,19,710,345701,NSEI,57.081667,-134.7185,57.065833,-134.718,632.7648,,,,,,,,,,Retained,,598
2024,611,1,710,37833,ILONA B,8/11/2024 15:24,5,19,710,345701,NSEI,57.081667,-134.7185,57.065833,-134.718,632.7648,,,,,,,,,,Retained,,599
2024,611,1,710,37833,ILONA B,8/11/2024 15:24,5,19,710,345701,NSEI,57.081667,-134.7185,57.065833,-134.718,632.7648,,,,,,,,,,Retained,,600
2024,611,1,710,37833,ILONA B,8/11/2024 15:24,5,19,710,345701,NSEI,57.081667,-134.7185,57.065833,-134.718,632.7648,,,,,,,,,,Retained,,601
2024,611,1,710,37833,ILONA B,8/11/2024 15:24,5,19,710,345701,NSEI,57.081667,-134.7185,57.065833,-134.718,632.7648,,,,,,,,,,Retained,,602
2024,611,1,710,37833,ILONA B,8/11/2024 15:24,5,19,710,345701,NSEI,57.081667,-134.7185,57.065833,-134.718,632.7648,,,,,,,,,,Retained,,603
2024,611,1,710,37833,ILONA B,8/11/2024 15:24,5,19,710,345701,NSEI,57.081667,-134.7185,57.065833,-134.718,632.7648,,,,,,,,,,Retained,,604
2024,611,1,710,37833,ILONA B,8/11/2024 15:24,5,19,710,345701,NSEI,57.081667,-134.7185,57.065833,-134.718,632.7648,,,,,,,,,,Retained,,606
2024,611,1,710,37833,ILONA B,8/11/2024 15:24,5,19,710,345701,NSEI,57.081667,-134.7185,57.065833,-134.718,632.7648,,,,,,,,,,Retained,,607
2024,611,1,710,37833,ILONA B,8/11/2024 15:24,5,19,710,345701,NSEI,57.081667,-134.7185,57.065833,-134.718,632.7648,,,,,,,,,,Retained,,608
2024,611,1,710,37833,ILONA B,8/11/2024 15:24,5,19,710,345701,NSEI,57.081667,-134.7185,57.065833,-134.718,632.7648,,,,,,,,,,Retained,,609
2024,611,1,710,37833,ILONA B,8/11/2024 15:24,5,19,710,345701,NSEI,57.081667,-134.7185,57.065833,-134.718,632.7648,,,,,,,,,,Retained,,610
2024,611,1,710,37833,ILONA B,8/11/2024 15:24,5,19,710,345701,NSEI,57.081667,-134.7185,57.065833,-134.718,632.7648,,,,,,,,,,Retained,,611
2024,611,1,710,37833,ILONA B,8/11/2024 15:24,5,19,710,345701,NSEI,57.081667,-134.7185,57.065833,-134.718,632.7648,,,,,,,,,,Retained,,612
2024,611,1,710,37833,ILONA B,8/11/2024 15:24,5,19,710,345701,NSEI,57.081667,-134.7185,57.065833,-134.718,632.7648,,,,,,,,,,Retained,,613
2024,611,1,710,37833,ILONA B,8/11/2024 15:24,5,19,710,345701,NSEI,57.081667,-134.7185,57.065833,-134.718,632.7648,,,,,,,,,,Retained,,614
2024,611,1,710,37833,ILONA B,8/11/2024 15:24,5,19,710,345701,NSEI,57.081667,-134.7185,57.065833,-134.718,632.7648,,,,,,,,,,Retained,,615
2024,611,1,710,37833,ILONA B,8/11/2024 15:24,5,19,710,345701,NSEI,57.081667,-134.7185,57.065833,-134.718,632.7648,,,,,,,,,,Retained,,616
2024,611,1,710,37833,ILONA B,8/11/2024 15:24,5,19,710,345701,NSEI,57.081667,-134.7185,57.065833,-134.718,632.7648,,,,,,,,,,Retained,,617
2024,611,1,710,37833,ILONA B,8/11/2024 15:24,5,19,710,345701,NSEI,57.081667,-134.7185,57.065833,-134.718,632.7648,,,,,,,,,,Retained,,618
2024,611,1,710,37833,ILONA B,8/11/2024 15:24,5,19,710,345701,NSEI,57.081667,-134.7185,57.065833,-134.718,632.7648,,,,,,,,,,Retained,,619
2024,611,1,710,37833,ILONA B,8/11/2024 15:24,5,19,710,345701,NSEI,57.081667,-134.7185,57.065833,-134.718,632.7648,,,,,,,,,,Retained,,621
2024,611,1,710,37833,ILONA B,8/11/2024 15:24,5,19,710,345701,NSEI,57.081667,-134.7185,57.065833,-134.718,632.7648,,,,,,,,,,Retained,,622
2024,611,1,710,37833,ILONA B,8/11/2024 15:24,5,19,710,345701,NSEI,57.081667,-134.7185,57.065833,-134.718,632.7648,,,,,,,,,,Retained,,623
2024,611,1,710,37833,ILONA B,8/11/2024 15:24,5,19,710,345701,NSEI,57.081667,-134.7185,57.065833,-134.718,632.7648,,,,,,,,,,Retained,,624
2024,611,1,710,37833,ILONA B,8/11/2024 15:24,5,19,710,345701,NSEI,57.081667,-134.7185,57.065833,-134.718,632.7648,,,,,,,,,,Retained,,625
2024,611,1,710,37833,ILONA B,8/11/2024 15:24,5,19,710,345701,NSEI,57.081667,-134.7185,57.065833,-134.718,632.7648,,,,,,,,,,Retained,,626
2024,611,1,710,37833,ILONA B,8/11/2024 15:24,5,19,710,345701,NSEI,57.081667,-134.7185,57.065833,-134.718,632.7648,,,,,,,,,,Retained,,627
2024,611,1,710,37833,ILONA B,8/11/2024 15:24,5,19,710,345701,NSEI,57.081667,-134.7185,57.065833,-134.718,632.7648,,,,,,,,,,Retained,,628
2024,611,1,710,37833,ILONA B,8/11/2024 15:24,5,19,710,345701,NSEI,57.081667,-134.7185,57.065833,-134.718,632.7648,,,,,,,,,,Retained,,629
2024,611,1,710,37833,ILONA B,8/11/2024 15:24,5,19,710,345701,NSEI,57.081667,-134.7185,57.065833,-134.718,632.7648,,,,,,,,,,Retained,,630
2024,611,1,710,37833,ILONA B,8/11/2024 15:24,5,19,710,345701,NSEI,57.081667,-134.7185,57.065833,-134.718,632.7648,,,,,,,,,,Retained,,631
2024,611,1,710,37833,ILONA B,8/11/2024 15:24,5,19,710,345701,NSEI,57.081667,-134.7185,57.065833,-134.718,632.7648,,,,,,,,,,Retained,,632
2024,611,1,710,37833,ILONA B,8/11/2024 15:24,5,19,710,345701,NSEI,57.081667,-134.7185,57.065833,-134.718,632.7648,,,,,,,,,,Retained,,633
2024,611,1,710,37833,ILONA B,8/11/2024 15:24,5,19,710,345701,NSEI,57.081667,-134.7185,57.065833,-134.718,632.7648,,,,,,,,,,Retained,,634
2024,611,1,710,37833,ILONA B,8/11/2024 15:24,5,19,710,345701,NSEI,57.081667,-134.7185,57.065833,-134.718,632.7648,,,,,,,,,,Retained,,635
2024,611,1,710,37833,ILONA B,8/11/2024 15:24,5,19,710,345701,NSEI,57.081667,-134.7185,57.065833,-134.718,632.7648,,,,,,,,,,Retained,,636
2024,611,1,710,37833,ILONA B,8/11/2024 15:24,5,19,710,345701,NSEI,57.081667,-134.7185,57.065833,-134.718,632.7648,,,,,,,,,,Retained,,637
2024,611,1,710,37833,ILONA B,8/11/2024 17:58,6,21,710,345701,NSEI,57.1315,-134.723667,57.113167,-134.723833,636.4224,47,,,,,,,,,Retained,,114
2024,611,1,710,37833,ILONA B,8/11/2024 17:58,6,21,710,345701,NSEI,57.1315,-134.723667,57.113167,-134.723833,636.4224,48,,,,,,,,,Retained,,19
2024,611,1,710,37833,ILONA B,8/11/2024 17:58,6,21,710,345701,NSEI,57.1315,-134.723667,57.113167,-134.723833,636.4224,48,,,,,,,,,Retained,,62
2024,611,1,710,37833,ILONA B,8/11/2024 17:58,6,21,710,345701,NSEI,57.1315,-134.723667,57.113167,-134.723833,636.4224,49,,,,,,,,,Retained,,32
2024,611,1,710,37833,ILONA B,8/11/2024 17:58,6,21,710,345701,NSEI,57.1315,-134.723667,57.113167,-134.723833,636.4224,49,,,,,,,,,Retained,,63
2024,611,1,710,37833,ILONA B,8/11/2024 17:58,6,21,710,345701,NSEI,57.1315,-134.723667,57.113167,-134.723833,636.4224,50,1.1,5,,2,1,1,,,Retained,,90
2024,611,1,710,37833,ILONA B,8/11/2024 17:58,6,21,710,345701,NSEI,57.1315,-134.723667,57.113167,-134.723833,636.4224,50,1.3,7,,2,1,1,,,Retained,,135
2024,611,1,710,37833,ILONA B,8/11/2024 17:58,6,21,710,345701,NSEI,57.1315,-134.723667,57.113167,-134.723833,636.4224,50,,,,,,,,,Retained,,14
2024,611,1,710,37833,ILONA B,8/11/2024 17:58,6,21,710,345701,NSEI,57.1315,-134.723667,57.113167,-134.723833,636.4224,50,,,,,,,,,Retained,,101
2024,611,1,710,37833,ILONA B,8/11/2024 17:58,6,21,710,345701,NSEI,57.1315,-134.723667,57.113167,-134.723833,636.4224,51,,,,,,,,,Retained,,64
2024,611,1,710,37833,ILONA B,8/11/2024 17:58,6,21,710,345701,NSEI,57.1315,-134.723667,57.113167,-134.723833,636.4224,51,,,,,,,,,Retained,,72
2024,611,1,710,37833,ILONA B,8/11/2024 17:58,6,21,710,345701,NSEI,57.1315,-134.723667,57.113167,-134.723833,636.4224,51,,,,,,,,,Retained,,91
2024,611,1,710,37833,ILONA B,8/11/2024 17:58,6,21,710,345701,NSEI,57.1315,-134.723667,57.113167,-134.723833,636.4224,51,,,,,,,,,Retained,,96
2024,611,1,710,37833,ILONA B,8/11/2024 17:58,6,21,710,345701,NSEI,57.1315,-134.723667,57.113167,-134.723833,636.4224,52,,,,,,,,,Retained,,20
2024,611,1,710,37833,ILONA B,8/11/2024 17:58,6,21,710,345701,NSEI,57.1315,-134.723667,57.113167,-134.723833,636.4224,52,,,,,,,,,Retained,,74
2024,611,1,710,37833,ILONA B,8/11/2024 17:58,6,21,710,345701,NSEI,57.1315,-134.723667,57.113167,-134.723833,636.4224,52,,,,,,,,,Retained,,93
2024,611,1,710,37833,ILONA B,8/11/2024 17:58,6,21,710,345701,NSEI,57.1315,-134.723667,57.113167,-134.723833,636.4224,53,1.4,8,,2,2,1,,,Retained,,70
2024,611,1,710,37833,ILONA B,8/11/2024 17:58,6,21,710,345701,NSEI,57.1315,-134.723667,57.113167,-134.723833,636.4224,53,1.6,10,,3,2,1,,,Retained,,31
2024,611,1,710,37833,ILONA B,8/11/2024 17:58,6,21,710,345701,NSEI,57.1315,-134.723667,57.113167,-134.723833,636.4224,53,,,,,,,,,Retained,,10
2024,611,1,710,37833,ILONA B,8/11/2024 17:58,6,21,710,345701,NSEI,57.1315,-134.723667,57.113167,-134.723833,636.4224,53,,,,,,,,,Retained,,33
2024,611,1,710,37833,ILONA B,8/11/2024 17:58,6,21,710,345701,NSEI,57.1315,-134.723667,57.113167,-134.723833,636.4224,53,,,,,,,,,Retained,,40
2024,611,1,710,37833,ILONA B,8/11/2024 17:58,6,21,710,345701,NSEI,57.1315,-134.723667,57.113167,-134.723833,636.4224,53,,,,,,,,,Retained,,44
2024,611,1,710,37833,ILONA B,8/11/2024 17:58,6,21,710,345701,NSEI,57.1315,-134.723667,57.113167,-134.723833,636.4224,53,,,,,,,,,Retained,,51
2024,611,1,710,37833,ILONA B,8/11/2024 17:58,6,21,710,345701,NSEI,57.1315,-134.723667,57.113167,-134.723833,636.4224,53,,,,,,,,,Retained,,112
2024,611,1,710,37833,ILONA B,8/11/2024 17:58,6,21,710,345701,NSEI,57.1315,-134.723667,57.113167,-134.723833,636.4224,53,,,,,,,,,Retained,,113
2024,611,1,710,37833,ILONA B,8/11/2024 17:58,6,21,710,345701,NSEI,57.1315,-134.723667,57.113167,-134.723833,636.4224,54,1.6,5,,3,1,1,,,Retained,,16
2024,611,1,710,37833,ILONA B,8/11/2024 17:58,6,21,710,345701,NSEI,57.1315,-134.723667,57.113167,-134.723833,636.4224,54,1.6,5,,4,2,1,,,Retained,,145
2024,611,1,710,37833,ILONA B,8/11/2024 17:58,6,21,710,345701,NSEI,57.1315,-134.723667,57.113167,-134.723833,636.4224,54,,,,,,,,,Retained,,13
2024,611,1,710,37833,ILONA B,8/11/2024 17:58,6,21,710,345701,NSEI,57.1315,-134.723667,57.113167,-134.723833,636.4224,54,,,,,,,,,Retained,,17
2024,611,1,710,37833,ILONA B,8/11/2024 17:58,6,21,710,345701,NSEI,57.1315,-134.723667,57.113167,-134.723833,636.4224,54,,,,,,,,,Retained,,73
2024,611,1,710,37833,ILONA B,8/11/2024 17:58,6,21,710,345701,NSEI,57.1315,-134.723667,57.113167,-134.723833,636.4224,54,,,,,,,,,Retained,,79
2024,611,1,710,37833,ILONA B,8/11/2024 17:58,6,21,710,345701,NSEI,57.1315,-134.723667,57.113167,-134.723833,636.4224,54,,,,,,,,,Retained,,92
2024,611,1,710,37833,ILONA B,8/11/2024 17:58,6,21,710,345701,NSEI,57.1315,-134.723667,57.113167,-134.723833,636.4224,54,,,,,,,,,Retained,,129
2024,611,1,710,37833,ILONA B,8/11/2024 17:58,6,21,710,345701,NSEI,57.1315,-134.723667,57.113167,-134.723833,636.4224,54,,,,,,,,,Retained,,139
2024,611,1,710,37833,ILONA B,8/11/2024 17:58,6,21,710,345701,NSEI,57.1315,-134.723667,57.113167,-134.723833,636.4224,55,1.6,8,,3,2,1,,,Retained,,36
2024,611,1,710,37833,ILONA B,8/11/2024 17:58,6,21,710,345701,NSEI,57.1315,-134.723667,57.113167,-134.723833,636.4224,55,,,,,,,,,Retained,,39
2024,611,1,710,37833,ILONA B,8/11/2024 17:58,6,21,710,345701,NSEI,57.1315,-134.723667,57.113167,-134.723833,636.4224,55,,,,,,,,,Retained,,49
2024,611,1,710,37833,ILONA B,8/11/2024 17:58,6,21,710,345701,NSEI,57.1315,-134.723667,57.113167,-134.723833,636.4224,55,,,,,,,,,Retained,,69
2024,611,1,710,37833,ILONA B,8/11/2024 17:58,6,21,710,345701,NSEI,57.1315,-134.723667,57.113167,-134.723833,636.4224,55,,,,,,,,,Retained,,71
2024,611,1,710,37833,ILONA B,8/11/2024 17:58,6,21,710,345701,NSEI,57.1315,-134.723667,57.113167,-134.723833,636.4224,55,,,,,,,,,Retained,,83
2024,611,1,710,37833,ILONA B,8/11/2024 17:58,6,21,710,345701,NSEI,57.1315,-134.723667,57.113167,-134.723833,636.4224,55,,,,,,,,,Retained,,87
2024,611,1,710,37833,ILONA B,8/11/2024 17:58,6,21,710,345701,NSEI,57.1315,-134.723667,57.113167,-134.723833,636.4224,55,,,,,,,,,Retained,,107
2024,611,1,710,37833,ILONA B,8/11/2024 17:58,6,21,710,345701,NSEI,57.1315,-134.723667,57.113167,-134.723833,636.4224,56,1.7,7,,2,1,1,,,Retained,,105
2024,611,1,710,37833,ILONA B,8/11/2024 17:58,6,21,710,345701,NSEI,57.1315,-134.723667,57.113167,-134.723833,636.4224,56,,,,,,,,,Retained,,2
2024,611,1,710,37833,ILONA B,8/11/2024 17:58,6,21,710,345701,NSEI,57.1315,-134.723667,57.113167,-134.723833,636.4224,56,,,,,,,,,Retained,,43
2024,611,1,710,37833,ILONA B,8/11/2024 17:58,6,21,710,345701,NSEI,57.1315,-134.723667,57.113167,-134.723833,636.4224,56,,,,,,,,,Retained,,48
2024,611,1,710,37833,ILONA B,8/11/2024 17:58,6,21,710,345701,NSEI,57.1315,-134.723667,57.113167,-134.723833,636.4224,56,,,,,,,,,Retained,,52
2024,611,1,710,37833,ILONA B,8/11/2024 17:58,6,21,710,345701,NSEI,57.1315,-134.723667,57.113167,-134.723833,636.4224,56,,,,,,,,,Retained,,57
2024,611,1,710,37833,ILONA B,8/11/2024 17:58,6,21,710,345701,NSEI,57.1315,-134.723667,57.113167,-134.723833,636.4224,56,,,,,,,,,Retained,,66
2024,611,1,710,37833,ILONA B,8/11/2024 17:58,6,21,710,345701,NSEI,57.1315,-134.723667,57.113167,-134.723833,636.4224,56,,,,,,,,,Retained,,82
2024,611,1,710,37833,ILONA B,8/11/2024 17:58,6,21,710,345701,NSEI,57.1315,-134.723667,57.113167,-134.723833,636.4224,56,,,,,,,,,Retained,,94
2024,611,1,710,37833,ILONA B,8/11/2024 17:58,6,21,710,345701,NSEI,57.1315,-134.723667,57.113167,-134.723833,636.4224,56,,,,,,,,,Retained,,98
2024,611,1,710,37833,ILONA B,8/11/2024 17:58,6,21,710,345701,NSEI,57.1315,-134.723667,57.113167,-134.723833,636.4224,56,,,,,,,,,Retained,,116
2024,611,1,710,37833,ILONA B,8/11/2024 17:58,6,21,710,345701,NSEI,57.1315,-134.723667,57.113167,-134.723833,636.4224,56,,,,,,,,,Retained,,117
2024,611,1,710,37833,ILONA B,8/11/2024 17:58,6,21,710,345701,NSEI,57.1315,-134.723667,57.113167,-134.723833,636.4224,56,,,,,,,,,Retained,,133
2024,611,1,710,37833,ILONA B,8/11/2024 17:58,6,21,710,345701,NSEI,57.1315,-134.723667,57.113167,-134.723833,636.4224,57,1.7,6,,3,1,7,,,Retained,,110
2024,611,1,710,37833,ILONA B,8/11/2024 17:58,6,21,710,345701,NSEI,57.1315,-134.723667,57.113167,-134.723833,636.4224,57,1.8,6,,4,1,1,,,Retained,,100
2024,611,1,710,37833,ILONA B,8/11/2024 17:58,6,21,710,345701,NSEI,57.1315,-134.723667,57.113167,-134.723833,636.4224,57,2.1,5,,2,1,7,,,Retained,,1
2024,611,1,710,37833,ILONA B,8/11/2024 17:58,6,21,710,345701,NSEI,57.1315,-134.723667,57.113167,-134.723833,636.4224,57,2.1,7,,2,2,1,,,Retained,,80
2024,611,1,710,37833,ILONA B,8/11/2024 17:58,6,21,710,345701,NSEI,57.1315,-134.723667,57.113167,-134.723833,636.4224,57,2.1,11,,2,1,7,,,Retained,,60
2024,611,1,710,37833,ILONA B,8/11/2024 17:58,6,21,710,345701,NSEI,57.1315,-134.723667,57.113167,-134.723833,636.4224,57,,,,,,,,,Retained,,30
2024,611,1,710,37833,ILONA B,8/11/2024 17:58,6,21,710,345701,NSEI,57.1315,-134.723667,57.113167,-134.723833,636.4224,57,,,,,,,,,Retained,,35
2024,611,1,710,37833,ILONA B,8/11/2024 17:58,6,21,710,345701,NSEI,57.1315,-134.723667,57.113167,-134.723833,636.4224,57,,,,,,,,,Retained,,88
2024,611,1,710,37833,ILONA B,8/11/2024 17:58,6,21,710,345701,NSEI,57.1315,-134.723667,57.113167,-134.723833,636.4224,57,,,,,,,,,Retained,,99
2024,611,1,710,37833,ILONA B,8/11/2024 17:58,6,21,710,345701,NSEI,57.1315,-134.723667,57.113167,-134.723833,636.4224,57,,,,,,,,,Retained,,128
2024,611,1,710,37833,ILONA B,8/11/2024 17:58,6,21,710,345701,NSEI,57.1315,-134.723667,57.113167,-134.723833,636.4224,58,2.1,8,,2,2,1,,,Retained,,41
2024,611,1,710,37833,ILONA B,8/11/2024 17:58,6,21,710,345701,NSEI,57.1315,-134.723667,57.113167,-134.723833,636.4224,58,,,,,,,,,Retained,,7
2024,611,1,710,37833,ILONA B,8/11/2024 17:58,6,21,710,345701,NSEI,57.1315,-134.723667,57.113167,-134.723833,636.4224,58,,,,,,,,,Retained,,46
2024,611,1,710,37833,ILONA B,8/11/2024 17:58,6,21,710,345701,NSEI,57.1315,-134.723667,57.113167,-134.723833,636.4224,58,,,,,,,,,Retained,,53
2024,611,1,710,37833,ILONA B,8/11/2024 17:58,6,21,710,345701,NSEI,57.1315,-134.723667,57.113167,-134.723833,636.4224,58,,,,,,,,,Retained,,61
2024,611,1,710,37833,ILONA B,8/11/2024 17:58,6,21,710,345701,NSEI,57.1315,-134.723667,57.113167,-134.723833,636.4224,58,,,,,,,,,Retained,,103
2024,611,1,710,37833,ILONA B,8/11/2024 17:58,6,21,710,345701,NSEI,57.1315,-134.723667,57.113167,-134.723833,636.4224,58,,,,,,,,,Retained,,104
2024,611,1,710,37833,ILONA B,8/11/2024 17:58,6,21,710,345701,NSEI,57.1315,-134.723667,57.113167,-134.723833,636.4224,58,,,,,,,,,Retained,,118
2024,611,1,710,37833,ILONA B,8/11/2024 17:58,6,21,710,345701,NSEI,57.1315,-134.723667,57.113167,-134.723833,636.4224,58,,,,,,,,,Retained,,121
2024,611,1,710,37833,ILONA B,8/11/2024 17:58,6,21,710,345701,NSEI,57.1315,-134.723667,57.113167,-134.723833,636.4224,58,,,,,,,,,Retained,,122
2024,611,1,710,37833,ILONA B,8/11/2024 17:58,6,21,710,345701,NSEI,57.1315,-134.723667,57.113167,-134.723833,636.4224,58,,,,,,,,,Retained,,136
2024,611,1,710,37833,ILONA B,8/11/2024 17:58,6,21,710,345701,NSEI,57.1315,-134.723667,57.113167,-134.723833,636.4224,58,,,,,,,,,Retained,,148
2024,611,1,710,37833,ILONA B,8/11/2024 17:58,6,21,710,345701,NSEI,57.1315,-134.723667,57.113167,-134.723833,636.4224,59,2,6,,3,1,7,,,Retained,,125
2024,611,1,710,37833,ILONA B,8/11/2024 17:58,6,21,710,345701,NSEI,57.1315,-134.723667,57.113167,-134.723833,636.4224,59,2,8,,2,2,1,,,Retained,,50
2024,611,1,710,37833,ILONA B,8/11/2024 17:58,6,21,710,345701,NSEI,57.1315,-134.723667,57.113167,-134.723833,636.4224,59,2.1,12,,2,1,1,,,Retained,,21
2024,611,1,710,37833,ILONA B,8/11/2024 17:58,6,21,710,345701,NSEI,57.1315,-134.723667,57.113167,-134.723833,636.4224,59,2.2,11,,2,1,7,,,Retained,,95
2024,611,1,710,37833,ILONA B,8/11/2024 17:58,6,21,710,345701,NSEI,57.1315,-134.723667,57.113167,-134.723833,636.4224,59,,,,,,,,,Retained,,5
2024,611,1,710,37833,ILONA B,8/11/2024 17:58,6,21,710,345701,NSEI,57.1315,-134.723667,57.113167,-134.723833,636.4224,59,,,,,,,,,Retained,,9
2024,611,1,710,37833,ILONA B,8/11/2024 17:58,6,21,710,345701,NSEI,57.1315,-134.723667,57.113167,-134.723833,636.4224,59,,,,,,,,,Retained,,12
2024,611,1,710,37833,ILONA B,8/11/2024 17:58,6,21,710,345701,NSEI,57.1315,-134.723667,57.113167,-134.723833,636.4224,59,,,,,,,,,Retained,,15
2024,611,1,710,37833,ILONA B,8/11/2024 17:58,6,21,710,345701,NSEI,57.1315,-134.723667,57.113167,-134.723833,636.4224,59,,,,,,,,,Retained,,24
2024,611,1,710,37833,ILONA B,8/11/2024 17:58,6,21,710,345701,NSEI,57.1315,-134.723667,57.113167,-134.723833,636.4224,59,,,,,,,,,Retained,,28
2024,611,1,710,37833,ILONA B,8/11/2024 17:58,6,21,710,345701,NSEI,57.1315,-134.723667,57.113167,-134.723833,636.4224,59,,,,,,,,,Retained,,34
2024,611,1,710,37833,ILONA B,8/11/2024 17:58,6,21,710,345701,NSEI,57.1315,-134.723667,57.113167,-134.723833,636.4224,59,,,,,,,,,Retained,,68
2024,611,1,710,37833,ILONA B,8/11/2024 17:58,6,21,710,345701,NSEI,57.1315,-134.723667,57.113167,-134.723833,636.4224,59,,,,,,,,,Retained,,81
2024,611,1,710,37833,ILONA B,8/11/2024 17:58,6,21,710,345701,NSEI,57.1315,-134.723667,57.113167,-134.723833,636.4224,59,,,,,,,,,Retained,,84
2024,611,1,710,37833,ILONA B,8/11/2024 17:58,6,21,710,345701,NSEI,57.1315,-134.723667,57.113167,-134.723833,636.4224,59,,,,,,,,,Retained,,124
2024,611,1,710,37833,ILONA B,8/11/2024 17:58,6,21,710,345701,NSEI,57.1315,-134.723667,57.113167,-134.723833,636.4224,59,,,,,,,,,Retained,,137
2024,611,1,710,37833,ILONA B,8/11/2024 17:58,6,21,710,345701,NSEI,57.1315,-134.723667,57.113167,-134.723833,636.4224,60,2.3,9,,2,1,7,,,Retained,,85
2024,611,1,710,37833,ILONA B,8/11/2024 17:58,6,21,710,345701,NSEI,57.1315,-134.723667,57.113167,-134.723833,636.4224,60,2.4,9,,4,2,7,,,Retained,,11
2024,611,1,710,37833,ILONA B,8/11/2024 17:58,6,21,710,345701,NSEI,57.1315,-134.723667,57.113167,-134.723833,636.4224,60,,,,,,,,,Retained,,8
2024,611,1,710,37833,ILONA B,8/11/2024 17:58,6,21,710,345701,NSEI,57.1315,-134.723667,57.113167,-134.723833,636.4224,60,,,,,,,,,Retained,,18
2024,611,1,710,37833,ILONA B,8/11/2024 17:58,6,21,710,345701,NSEI,57.1315,-134.723667,57.113167,-134.723833,636.4224,60,,,,,,,,,Retained,,47
2024,611,1,710,37833,ILONA B,8/11/2024 17:58,6,21,710,345701,NSEI,57.1315,-134.723667,57.113167,-134.723833,636.4224,60,,,,,,,,,Retained,,54
2024,611,1,710,37833,ILONA B,8/11/2024 17:58,6,21,710,345701,NSEI,57.1315,-134.723667,57.113167,-134.723833,636.4224,60,,,,,,,,,Retained,,86
2024,611,1,710,37833,ILONA B,8/11/2024 17:58,6,21,710,345701,NSEI,57.1315,-134.723667,57.113167,-134.723833,636.4224,60,,,,,,,,,Retained,,141
2024,611,1,710,37833,ILONA B,8/11/2024 17:58,6,21,710,345701,NSEI,57.1315,-134.723667,57.113167,-134.723833,636.4224,60,,,,,,,,,Retained,,142
2024,611,1,710,37833,ILONA B,8/11/2024 17:58,6,21,710,345701,NSEI,57.1315,-134.723667,57.113167,-134.723833,636.4224,60,,,,,,,,,Retained,,149
2024,611,1,710,37833,ILONA B,8/11/2024 17:58,6,21,710,345701,NSEI,57.1315,-134.723667,57.113167,-134.723833,636.4224,61,2.5,8,,3,2,7,,,Retained,,55
2024,611,1,710,37833,ILONA B,8/11/2024 17:58,6,21,710,345701,NSEI,57.1315,-134.723667,57.113167,-134.723833,636.4224,61,2.5,11,,2,1,7,,,Retained,,130
2024,611,1,710,37833,ILONA B,8/11/2024 17:58,6,21,710,345701,NSEI,57.1315,-134.723667,57.113167,-134.723833,636.4224,61,,,,,,,,,Retained,,4
2024,611,1,710,37833,ILONA B,8/11/2024 17:58,6,21,710,345701,NSEI,57.1315,-134.723667,57.113167,-134.723833,636.4224,61,,,,,,,,,Retained,,27
2024,611,1,710,37833,ILONA B,8/11/2024 17:58,6,21,710,345701,NSEI,57.1315,-134.723667,57.113167,-134.723833,636.4224,61,,,,,,,,,Retained,,56
2024,611,1,710,37833,ILONA B,8/11/2024 17:58,6,21,710,345701,NSEI,57.1315,-134.723667,57.113167,-134.723833,636.4224,61,,,,,,,,,Retained,,59
2024,611,1,710,37833,ILONA B,8/11/2024 17:58,6,21,710,345701,NSEI,57.1315,-134.723667,57.113167,-134.723833,636.4224,61,,,,,,,,,Retained,,77
2024,611,1,710,37833,ILONA B,8/11/2024 17:58,6,21,710,345701,NSEI,57.1315,-134.723667,57.113167,-134.723833,636.4224,61,,,,,,,,,Retained,,126
2024,611,1,710,37833,ILONA B,8/11/2024 17:58,6,21,710,345701,NSEI,57.1315,-134.723667,57.113167,-134.723833,636.4224,61,,,,,,,,,Retained,,144
2024,611,1,710,37833,ILONA B,8/11/2024 17:58,6,21,710,345701,NSEI,57.1315,-134.723667,57.113167,-134.723833,636.4224,61,,,,,,,,,Retained,,146
2024,611,1,710,37833,ILONA B,8/11/2024 17:58,6,21,710,345701,NSEI,57.1315,-134.723667,57.113167,-134.723833,636.4224,62,2.4,9,,3,2,7,,,Retained,,75
2024,611,1,710,37833,ILONA B,8/11/2024 17:58,6,21,710,345701,NSEI,57.1315,-134.723667,57.113167,-134.723833,636.4224,62,2.7,13,,2,2,7,,,Retained,,120
2024,611,1,710,37833,ILONA B,8/11/2024 17:58,6,21,710,345701,NSEI,57.1315,-134.723667,57.113167,-134.723833,636.4224,62,,,,,,,,,Retained,,25
2024,611,1,710,37833,ILONA B,8/11/2024 17:58,6,21,710,345701,NSEI,57.1315,-134.723667,57.113167,-134.723833,636.4224,62,,,,,,,,,Retained,,76
2024,611,1,710,37833,ILONA B,8/11/2024 17:58,6,21,710,345701,NSEI,57.1315,-134.723667,57.113167,-134.723833,636.4224,62,,,,,,,,,Retained,,108
2024,611,1,710,37833,ILONA B,8/11/2024 17:58,6,21,710,345701,NSEI,57.1315,-134.723667,57.113167,-134.723833,636.4224,62,,,,,,,,,Retained,,119
2024,611,1,710,37833,ILONA B,8/11/2024 17:58,6,21,710,345701,NSEI,57.1315,-134.723667,57.113167,-134.723833,636.4224,62,,,,,,,,,Retained,,132
2024,611,1,710,37833,ILONA B,8/11/2024 17:58,6,21,710,345701,NSEI,57.1315,-134.723667,57.113167,-134.723833,636.4224,63,2.6,8,,2,2,7,,,Retained,,140
2024,611,1,710,37833,ILONA B,8/11/2024 17:58,6,21,710,345701,NSEI,57.1315,-134.723667,57.113167,-134.723833,636.4224,63,,,,,,,,,Retained,,58
2024,611,1,710,37833,ILONA B,8/11/2024 17:58,6,21,710,345701,NSEI,57.1315,-134.723667,57.113167,-134.723833,636.4224,63,,,,,,,,,Retained,,106
2024,611,1,710,37833,ILONA B,8/11/2024 17:58,6,21,710,345701,NSEI,57.1315,-134.723667,57.113167,-134.723833,636.4224,63,,,,,,,,,Retained,,134
2024,611,1,710,37833,ILONA B,8/11/2024 17:58,6,21,710,345701,NSEI,57.1315,-134.723667,57.113167,-134.723833,636.4224,64,2.7,8,,2,2,7,,,Retained,,65
2024,611,1,710,37833,ILONA B,8/11/2024 17:58,6,21,710,345701,NSEI,57.1315,-134.723667,57.113167,-134.723833,636.4224,64,2.7,9,,3,2,7,,,Retained,,6
2024,611,1,710,37833,ILONA B,8/11/2024 17:58,6,21,710,345701,NSEI,57.1315,-134.723667,57.113167,-134.723833,636.4224,64,2.9,8,,2,2,7,,,Retained,,45
2024,611,1,710,37833,ILONA B,8/11/2024 17:58,6,21,710,345701,NSEI,57.1315,-134.723667,57.113167,-134.723833,636.4224,64,,,,,,,,,Retained,,22
2024,611,1,710,37833,ILONA B,8/11/2024 17:58,6,21,710,345701,NSEI,57.1315,-134.723667,57.113167,-134.723833,636.4224,64,,,,,,,,,Retained,,23
2024,611,1,710,37833,ILONA B,8/11/2024 17:58,6,21,710,345701,NSEI,57.1315,-134.723667,57.113167,-134.723833,636.4224,64,,,,,,,,,Retained,,29
2024,611,1,710,37833,ILONA B,8/11/2024 17:58,6,21,710,345701,NSEI,57.1315,-134.723667,57.113167,-134.723833,636.4224,64,,,,,,,,,Retained,,37
2024,611,1,710,37833,ILONA B,8/11/2024 17:58,6,21,710,345701,NSEI,57.1315,-134.723667,57.113167,-134.723833,636.4224,64,,,,,,,,,Retained,,42
2024,611,1,710,37833,ILONA B,8/11/2024 17:58,6,21,710,345701,NSEI,57.1315,-134.723667,57.113167,-134.723833,636.4224,64,,,,,,,,,Retained,,111
2024,611,1,710,37833,ILONA B,8/11/2024 17:58,6,21,710,345701,NSEI,57.1315,-134.723667,57.113167,-134.723833,636.4224,64,,,,,,,,,Retained,,138
2024,611,1,710,37833,ILONA B,8/11/2024 17:58,6,21,710,345701,NSEI,57.1315,-134.723667,57.113167,-134.723833,636.4224,64,,,,,,,,,Retained,,143
2024,611,1,710,37833,ILONA B,8/11/2024 17:58,6,21,710,345701,NSEI,57.1315,-134.723667,57.113167,-134.723833,636.4224,64,,,,,,,,,Retained,,147
2024,611,1,710,37833,ILONA B,8/11/2024 17:58,6,21,710,345701,NSEI,57.1315,-134.723667,57.113167,-134.723833,636.4224,65,3.4,9,,3,1,7,,,Retained,,26
2024,611,1,710,37833,ILONA B,8/11/2024 17:58,6,21,710,345701,NSEI,57.1315,-134.723667,57.113167,-134.723833,636.4224,65,,,,,,,,,Retained,,3
2024,611,1,710,37833,ILONA B,8/11/2024 17:58,6,21,710,345701,NSEI,57.1315,-134.723667,57.113167,-134.723833,636.4224,65,,,,,,,,,Retained,,38
2024,611,1,710,37833,ILONA B,8/11/2024 17:58,6,21,710,345701,NSEI,57.1315,-134.723667,57.113167,-134.723833,636.4224,65,,,,,,,,,Retained,,89
2024,611,1,710,37833,ILONA B,8/11/2024 17:58,6,21,710,345701,NSEI,57.1315,-134.723667,57.113167,-134.723833,636.4224,66,,,,,,,,,Retained,,67
2024,611,1,710,37833,ILONA B,8/11/2024 17:58,6,21,710,345701,NSEI,57.1315,-134.723667,57.113167,-134.723833,636.4224,66,,,,,,,,,Retained,,109
2024,611,1,710,37833,ILONA B,8/11/2024 17:58,6,21,710,345701,NSEI,57.1315,-134.723667,57.113167,-134.723833,636.4224,66,,,,,,,,,Retained,,131
2024,611,1,710,37833,ILONA B,8/11/2024 17:58,6,21,710,345701,NSEI,57.1315,-134.723667,57.113167,-134.723833,636.4224,67,,,,,,,,,Retained,,102
2024,611,1,710,37833,ILONA B,8/11/2024 17:58,6,21,710,345701,NSEI,57.1315,-134.723667,57.113167,-134.723833,636.4224,67,,,,,,,,,Retained,,123
2024,611,1,710,37833,ILONA B,8/11/2024 17:58,6,21,710,345701,NSEI,57.1315,-134.723667,57.113167,-134.723833,636.4224,67,,,,,,,,,Retained,,127
2024,611,1,710,37833,ILONA B,8/11/2024 17:58,6,21,710,345701,NSEI,57.1315,-134.723667,57.113167,-134.723833,636.4224,68,,,,,,,,,Retained,,78
2024,611,1,710,37833,ILONA B,8/11/2024 17:58,6,21,710,345701,NSEI,57.1315,-134.723667,57.113167,-134.723833,636.4224,68,,,,,,,,,Retained,,97
2024,611,1,710,37833,ILONA B,8/11/2024 17:58,6,21,710,345701,NSEI,57.1315,-134.723667,57.113167,-134.723833,636.4224,73,3.6,11,,2,2,7,,,Retained,,115
2024,611,1,710,37833,ILONA B,8/11/2024 17:58,6,21,710,345701,NSEI,57.1315,-134.723667,57.113167,-134.723833,636.4224,,,,,,,,,,"Discarded, too small",,162
2024,611,1,710,37833,ILONA B,8/11/2024 17:58,6,21,710,345701,NSEI,57.1315,-134.723667,57.113167,-134.723833,636.4224,,,,,,,,,,"Discarded, too small",,167
2024,611,1,710,37833,ILONA B,8/11/2024 17:58,6,21,710,345701,NSEI,57.1315,-134.723667,57.113167,-134.723833,636.4224,,,,,,,,,,"Discarded, too small",,218
2024,611,1,710,37833,ILONA B,8/11/2024 17:58,6,21,710,345701,NSEI,57.1315,-134.723667,57.113167,-134.723833,636.4224,,,,,,,,,,"Discarded, too small",,297
2024,611,1,710,37833,ILONA B,8/11/2024 17:58,6,21,710,345701,NSEI,57.1315,-134.723667,57.113167,-134.723833,636.4224,,,,,,,,,,"Discarded, too small",,398
2024,611,1,710,37833,ILONA B,8/11/2024 17:58,6,21,710,345701,NSEI,57.1315,-134.723667,57.113167,-134.723833,636.4224,,,,,,,,,,Retained,,150
2024,611,1,710,37833,ILONA B,8/11/2024 17:58,6,21,710,345701,NSEI,57.1315,-134.723667,57.113167,-134.723833,636.4224,,,,,,,,,,Retained,,151
2024,611,1,710,37833,ILONA B,8/11/2024 17:58,6,21,710,345701,NSEI,57.1315,-134.723667,57.113167,-134.723833,636.4224,,,,,,,,,,Retained,,152
2024,611,1,710,37833,ILONA B,8/11/2024 17:58,6,21,710,345701,NSEI,57.1315,-134.723667,57.113167,-134.723833,636.4224,,,,,,,,,,Retained,,153
2024,611,1,710,37833,ILONA B,8/11/2024 17:58,6,21,710,345701,NSEI,57.1315,-134.723667,57.113167,-134.723833,636.4224,,,,,,,,,,Retained,,154
2024,611,1,710,37833,ILONA B,8/11/2024 17:58,6,21,710,345701,NSEI,57.1315,-134.723667,57.113167,-134.723833,636.4224,,,,,,,,,,Retained,,155
2024,611,1,710,37833,ILONA B,8/11/2024 17:58,6,21,710,345701,NSEI,57.1315,-134.723667,57.113167,-134.723833,636.4224,,,,,,,,,,Retained,,156
2024,611,1,710,37833,ILONA B,8/11/2024 17:58,6,21,710,345701,NSEI,57.1315,-134.723667,57.113167,-134.723833,636.4224,,,,,,,,,,Retained,,157
2024,611,1,710,37833,ILONA B,8/11/2024 17:58,6,21,710,345701,NSEI,57.1315,-134.723667,57.113167,-134.723833,636.4224,,,,,,,,,,Retained,,158
2024,611,1,710,37833,ILONA B,8/11/2024 17:58,6,21,710,345701,NSEI,57.1315,-134.723667,57.113167,-134.723833,636.4224,,,,,,,,,,Retained,,159
2024,611,1,710,37833,ILONA B,8/11/2024 17:58,6,21,710,345701,NSEI,57.1315,-134.723667,57.113167,-134.723833,636.4224,,,,,,,,,,Retained,,160
2024,611,1,710,37833,ILONA B,8/11/2024 17:58,6,21,710,345701,NSEI,57.1315,-134.723667,57.113167,-134.723833,636.4224,,,,,,,,,,Retained,,161
2024,611,1,710,37833,ILONA B,8/11/2024 17:58,6,21,710,345701,NSEI,57.1315,-134.723667,57.113167,-134.723833,636.4224,,,,,,,,,,Retained,,163
2024,611,1,710,37833,ILONA B,8/11/2024 17:58,6,21,710,345701,NSEI,57.1315,-134.723667,57.113167,-134.723833,636.4224,,,,,,,,,,Retained,,164
2024,611,1,710,37833,ILONA B,8/11/2024 17:58,6,21,710,345701,NSEI,57.1315,-134.723667,57.113167,-134.723833,636.4224,,,,,,,,,,Retained,,165
2024,611,1,710,37833,ILONA B,8/11/2024 17:58,6,21,710,345701,NSEI,57.1315,-134.723667,57.113167,-134.723833,636.4224,,,,,,,,,,Retained,,166
2024,611,1,710,37833,ILONA B,8/11/2024 17:58,6,21,710,345701,NSEI,57.1315,-134.723667,57.113167,-134.723833,636.4224,,,,,,,,,,Retained,,168
2024,611,1,710,37833,ILONA B,8/11/2024 17:58,6,21,710,345701,NSEI,57.1315,-134.723667,57.113167,-134.723833,636.4224,,,,,,,,,,Retained,,169
2024,611,1,710,37833,ILONA B,8/11/2024 17:58,6,21,710,345701,NSEI,57.1315,-134.723667,57.113167,-134.723833,636.4224,,,,,,,,,,Retained,,170
2024,611,1,710,37833,ILONA B,8/11/2024 17:58,6,21,710,345701,NSEI,57.1315,-134.723667,57.113167,-134.723833,636.4224,,,,,,,,,,Retained,,171
2024,611,1,710,37833,ILONA B,8/11/2024 17:58,6,21,710,345701,NSEI,57.1315,-134.723667,57.113167,-134.723833,636.4224,,,,,,,,,,Retained,,172
2024,611,1,710,37833,ILONA B,8/11/2024 17:58,6,21,710,345701,NSEI,57.1315,-134.723667,57.113167,-134.723833,636.4224,,,,,,,,,,Retained,,173
2024,611,1,710,37833,ILONA B,8/11/2024 17:58,6,21,710,345701,NSEI,57.1315,-134.723667,57.113167,-134.723833,636.4224,,,,,,,,,,Retained,,174
2024,611,1,710,37833,ILONA B,8/11/2024 17:58,6,21,710,345701,NSEI,57.1315,-134.723667,57.113167,-134.723833,636.4224,,,,,,,,,,Retained,,175
2024,611,1,710,37833,ILONA B,8/11/2024 17:58,6,21,710,345701,NSEI,57.1315,-134.723667,57.113167,-134.723833,636.4224,,,,,,,,,,Retained,,176
2024,611,1,710,37833,ILONA B,8/11/2024 17:58,6,21,710,345701,NSEI,57.1315,-134.723667,57.113167,-134.723833,636.4224,,,,,,,,,,Retained,,177
2024,611,1,710,37833,ILONA B,8/11/2024 17:58,6,21,710,345701,NSEI,57.1315,-134.723667,57.113167,-134.723833,636.4224,,,,,,,,,,Retained,,178
2024,611,1,710,37833,ILONA B,8/11/2024 17:58,6,21,710,345701,NSEI,57.1315,-134.723667,57.113167,-134.723833,636.4224,,,,,,,,,,Retained,,179
2024,611,1,710,37833,ILONA B,8/11/2024 17:58,6,21,710,345701,NSEI,57.1315,-134.723667,57.113167,-134.723833,636.4224,,,,,,,,,,Retained,,180
2024,611,1,710,37833,ILONA B,8/11/2024 17:58,6,21,710,345701,NSEI,57.1315,-134.723667,57.113167,-134.723833,636.4224,,,,,,,,,,Retained,,181
2024,611,1,710,37833,ILONA B,8/11/2024 17:58,6,21,710,345701,NSEI,57.1315,-134.723667,57.113167,-134.723833,636.4224,,,,,,,,,,Retained,,182
2024,611,1,710,37833,ILONA B,8/11/2024 17:58,6,21,710,345701,NSEI,57.1315,-134.723667,57.113167,-134.723833,636.4224,,,,,,,,,,Retained,,183
2024,611,1,710,37833,ILONA B,8/11/2024 17:58,6,21,710,345701,NSEI,57.1315,-134.723667,57.113167,-134.723833,636.4224,,,,,,,,,,Retained,,184
2024,611,1,710,37833,ILONA B,8/11/2024 17:58,6,21,710,345701,NSEI,57.1315,-134.723667,57.113167,-134.723833,636.4224,,,,,,,,,,Retained,,185
2024,611,1,710,37833,ILONA B,8/11/2024 17:58,6,21,710,345701,NSEI,57.1315,-134.723667,57.113167,-134.723833,636.4224,,,,,,,,,,Retained,,186
2024,611,1,710,37833,ILONA B,8/11/2024 17:58,6,21,710,345701,NSEI,57.1315,-134.723667,57.113167,-134.723833,636.4224,,,,,,,,,,Retained,,187
2024,611,1,710,37833,ILONA B,8/11/2024 17:58,6,21,710,345701,NSEI,57.1315,-134.723667,57.113167,-134.723833,636.4224,,,,,,,,,,Retained,,188
2024,611,1,710,37833,ILONA B,8/11/2024 17:58,6,21,710,345701,NSEI,57.1315,-134.723667,57.113167,-134.723833,636.4224,,,,,,,,,,Retained,,189
2024,611,1,710,37833,ILONA B,8/11/2024 17:58,6,21,710,345701,NSEI,57.1315,-134.723667,57.113167,-134.723833,636.4224,,,,,,,,,,Retained,,190
2024,611,1,710,37833,ILONA B,8/11/2024 17:58,6,21,710,345701,NSEI,57.1315,-134.723667,57.113167,-134.723833,636.4224,,,,,,,,,,Retained,,191
2024,611,1,710,37833,ILONA B,8/11/2024 17:58,6,21,710,345701,NSEI,57.1315,-134.723667,57.113167,-134.723833,636.4224,,,,,,,,,,Retained,,192
2024,611,1,710,37833,ILONA B,8/11/2024 17:58,6,21,710,345701,NSEI,57.1315,-134.723667,57.113167,-134.723833,636.4224,,,,,,,,,,Retained,,193
2024,611,1,710,37833,ILONA B,8/11/2024 17:58,6,21,710,345701,NSEI,57.1315,-134.723667,57.113167,-134.723833,636.4224,,,,,,,,,,Retained,,194
2024,611,1,710,37833,ILONA B,8/11/2024 17:58,6,21,710,345701,NSEI,57.1315,-134.723667,57.113167,-134.723833,636.4224,,,,,,,,,,Retained,,195
2024,611,1,710,37833,ILONA B,8/11/2024 17:58,6,21,710,345701,NSEI,57.1315,-134.723667,57.113167,-134.723833,636.4224,,,,,,,,,,Retained,,196
2024,611,1,710,37833,ILONA B,8/11/2024 17:58,6,21,710,345701,NSEI,57.1315,-134.723667,57.113167,-134.723833,636.4224,,,,,,,,,,Retained,,197
2024,611,1,710,37833,ILONA B,8/11/2024 17:58,6,21,710,345701,NSEI,57.1315,-134.723667,57.113167,-134.723833,636.4224,,,,,,,,,,Retained,,198
2024,611,1,710,37833,ILONA B,8/11/2024 17:58,6,21,710,345701,NSEI,57.1315,-134.723667,57.113167,-134.723833,636.4224,,,,,,,,,,Retained,,199
2024,611,1,710,37833,ILONA B,8/11/2024 17:58,6,21,710,345701,NSEI,57.1315,-134.723667,57.113167,-134.723833,636.4224,,,,,,,,,,Retained,,200
2024,611,1,710,37833,ILONA B,8/11/2024 17:58,6,21,710,345701,NSEI,57.1315,-134.723667,57.113167,-134.723833,636.4224,,,,,,,,,,Retained,,201
2024,611,1,710,37833,ILONA B,8/11/2024 17:58,6,21,710,345701,NSEI,57.1315,-134.723667,57.113167,-134.723833,636.4224,,,,,,,,,,Retained,,202
2024,611,1,710,37833,ILONA B,8/11/2024 17:58,6,21,710,345701,NSEI,57.1315,-134.723667,57.113167,-134.723833,636.4224,,,,,,,,,,Retained,,203
2024,611,1,710,37833,ILONA B,8/11/2024 17:58,6,21,710,345701,NSEI,57.1315,-134.723667,57.113167,-134.723833,636.4224,,,,,,,,,,Retained,,204
2024,611,1,710,37833,ILONA B,8/11/2024 17:58,6,21,710,345701,NSEI,57.1315,-134.723667,57.113167,-134.723833,636.4224,,,,,,,,,,Retained,,205
2024,611,1,710,37833,ILONA B,8/11/2024 17:58,6,21,710,345701,NSEI,57.1315,-134.723667,57.113167,-134.723833,636.4224,,,,,,,,,,Retained,,206
2024,611,1,710,37833,ILONA B,8/11/2024 17:58,6,21,710,345701,NSEI,57.1315,-134.723667,57.113167,-134.723833,636.4224,,,,,,,,,,Retained,,207
2024,611,1,710,37833,ILONA B,8/11/2024 17:58,6,21,710,345701,NSEI,57.1315,-134.723667,57.113167,-134.723833,636.4224,,,,,,,,,,Retained,,208
2024,611,1,710,37833,ILONA B,8/11/2024 17:58,6,21,710,345701,NSEI,57.1315,-134.723667,57.113167,-134.723833,636.4224,,,,,,,,,,Retained,,209
2024,611,1,710,37833,ILONA B,8/11/2024 17:58,6,21,710,345701,NSEI,57.1315,-134.723667,57.113167,-134.723833,636.4224,,,,,,,,,,Retained,,210
2024,611,1,710,37833,ILONA B,8/11/2024 17:58,6,21,710,345701,NSEI,57.1315,-134.723667,57.113167,-134.723833,636.4224,,,,,,,,,,Retained,,211
2024,611,1,710,37833,ILONA B,8/11/2024 17:58,6,21,710,345701,NSEI,57.1315,-134.723667,57.113167,-134.723833,636.4224,,,,,,,,,,Retained,,212
2024,611,1,710,37833,ILONA B,8/11/2024 17:58,6,21,710,345701,NSEI,57.1315,-134.723667,57.113167,-134.723833,636.4224,,,,,,,,,,Retained,,213
2024,611,1,710,37833,ILONA B,8/11/2024 17:58,6,21,710,345701,NSEI,57.1315,-134.723667,57.113167,-134.723833,636.4224,,,,,,,,,,Retained,,214
2024,611,1,710,37833,ILONA B,8/11/2024 17:58,6,21,710,345701,NSEI,57.1315,-134.723667,57.113167,-134.723833,636.4224,,,,,,,,,,Retained,,215
2024,611,1,710,37833,ILONA B,8/11/2024 17:58,6,21,710,345701,NSEI,57.1315,-134.723667,57.113167,-134.723833,636.4224,,,,,,,,,,Retained,,216
2024,611,1,710,37833,ILONA B,8/11/2024 17:58,6,21,710,345701,NSEI,57.1315,-134.723667,57.113167,-134.723833,636.4224,,,,,,,,,,Retained,,217
2024,611,1,710,37833,ILONA B,8/11/2024 17:58,6,21,710,345701,NSEI,57.1315,-134.723667,57.113167,-134.723833,636.4224,,,,,,,,,,Retained,,219
2024,611,1,710,37833,ILONA B,8/11/2024 17:58,6,21,710,345701,NSEI,57.1315,-134.723667,57.113167,-134.723833,636.4224,,,,,,,,,,Retained,,220
2024,611,1,710,37833,ILONA B,8/11/2024 17:58,6,21,710,345701,NSEI,57.1315,-134.723667,57.113167,-134.723833,636.4224,,,,,,,,,,Retained,,221
2024,611,1,710,37833,ILONA B,8/11/2024 17:58,6,21,710,345701,NSEI,57.1315,-134.723667,57.113167,-134.723833,636.4224,,,,,,,,,,Retained,,222
2024,611,1,710,37833,ILONA B,8/11/2024 17:58,6,21,710,345701,NSEI,57.1315,-134.723667,57.113167,-134.723833,636.4224,,,,,,,,,,Retained,,223
2024,611,1,710,37833,ILONA B,8/11/2024 17:58,6,21,710,345701,NSEI,57.1315,-134.723667,57.113167,-134.723833,636.4224,,,,,,,,,,Retained,,224
2024,611,1,710,37833,ILONA B,8/11/2024 17:58,6,21,710,345701,NSEI,57.1315,-134.723667,57.113167,-134.723833,636.4224,,,,,,,,,,Retained,,225
2024,611,1,710,37833,ILONA B,8/11/2024 17:58,6,21,710,345701,NSEI,57.1315,-134.723667,57.113167,-134.723833,636.4224,,,,,,,,,,Retained,,226
2024,611,1,710,37833,ILONA B,8/11/2024 17:58,6,21,710,345701,NSEI,57.1315,-134.723667,57.113167,-134.723833,636.4224,,,,,,,,,,Retained,,227
2024,611,1,710,37833,ILONA B,8/11/2024 17:58,6,21,710,345701,NSEI,57.1315,-134.723667,57.113167,-134.723833,636.4224,,,,,,,,,,Retained,,228
2024,611,1,710,37833,ILONA B,8/11/2024 17:58,6,21,710,345701,NSEI,57.1315,-134.723667,57.113167,-134.723833,636.4224,,,,,,,,,,Retained,,229
2024,611,1,710,37833,ILONA B,8/11/2024 17:58,6,21,710,345701,NSEI,57.1315,-134.723667,57.113167,-134.723833,636.4224,,,,,,,,,,Retained,,230
2024,611,1,710,37833,ILONA B,8/11/2024 17:58,6,21,710,345701,NSEI,57.1315,-134.723667,57.113167,-134.723833,636.4224,,,,,,,,,,Retained,,231
2024,611,1,710,37833,ILONA B,8/11/2024 17:58,6,21,710,345701,NSEI,57.1315,-134.723667,57.113167,-134.723833,636.4224,,,,,,,,,,Retained,,232
2024,611,1,710,37833,ILONA B,8/11/2024 17:58,6,21,710,345701,NSEI,57.1315,-134.723667,57.113167,-134.723833,636.4224,,,,,,,,,,Retained,,233
2024,611,1,710,37833,ILONA B,8/11/2024 17:58,6,21,710,345701,NSEI,57.1315,-134.723667,57.113167,-134.723833,636.4224,,,,,,,,,,Retained,,234
2024,611,1,710,37833,ILONA B,8/11/2024 17:58,6,21,710,345701,NSEI,57.1315,-134.723667,57.113167,-134.723833,636.4224,,,,,,,,,,Retained,,235
2024,611,1,710,37833,ILONA B,8/11/2024 17:58,6,21,710,345701,NSEI,57.1315,-134.723667,57.113167,-134.723833,636.4224,,,,,,,,,,Retained,,236
2024,611,1,710,37833,ILONA B,8/11/2024 17:58,6,21,710,345701,NSEI,57.1315,-134.723667,57.113167,-134.723833,636.4224,,,,,,,,,,Retained,,237
2024,611,1,710,37833,ILONA B,8/11/2024 17:58,6,21,710,345701,NSEI,57.1315,-134.723667,57.113167,-134.723833,636.4224,,,,,,,,,,Retained,,238
2024,611,1,710,37833,ILONA B,8/11/2024 17:58,6,21,710,345701,NSEI,57.1315,-134.723667,57.113167,-134.723833,636.4224,,,,,,,,,,Retained,,239
2024,611,1,710,37833,ILONA B,8/11/2024 17:58,6,21,710,345701,NSEI,57.1315,-134.723667,57.113167,-134.723833,636.4224,,,,,,,,,,Retained,,240
2024,611,1,710,37833,ILONA B,8/11/2024 17:58,6,21,710,345701,NSEI,57.1315,-134.723667,57.113167,-134.723833,636.4224,,,,,,,,,,Retained,,241
2024,611,1,710,37833,ILONA B,8/11/2024 17:58,6,21,710,345701,NSEI,57.1315,-134.723667,57.113167,-134.723833,636.4224,,,,,,,,,,Retained,,242
2024,611,1,710,37833,ILONA B,8/11/2024 17:58,6,21,710,345701,NSEI,57.1315,-134.723667,57.113167,-134.723833,636.4224,,,,,,,,,,Retained,,243
2024,611,1,710,37833,ILONA B,8/11/2024 17:58,6,21,710,345701,NSEI,57.1315,-134.723667,57.113167,-134.723833,636.4224,,,,,,,,,,Retained,,244
2024,611,1,710,37833,ILONA B,8/11/2024 17:58,6,21,710,345701,NSEI,57.1315,-134.723667,57.113167,-134.723833,636.4224,,,,,,,,,,Retained,,245
2024,611,1,710,37833,ILONA B,8/11/2024 17:58,6,21,710,345701,NSEI,57.1315,-134.723667,57.113167,-134.723833,636.4224,,,,,,,,,,Retained,,246
2024,611,1,710,37833,ILONA B,8/11/2024 17:58,6,21,710,345701,NSEI,57.1315,-134.723667,57.113167,-134.723833,636.4224,,,,,,,,,,Retained,,247
2024,611,1,710,37833,ILONA B,8/11/2024 17:58,6,21,710,345701,NSEI,57.1315,-134.723667,57.113167,-134.723833,636.4224,,,,,,,,,,Retained,,248
2024,611,1,710,37833,ILONA B,8/11/2024 17:58,6,21,710,345701,NSEI,57.1315,-134.723667,57.113167,-134.723833,636.4224,,,,,,,,,,Retained,,249
2024,611,1,710,37833,ILONA B,8/11/2024 17:58,6,21,710,345701,NSEI,57.1315,-134.723667,57.113167,-134.723833,636.4224,,,,,,,,,,Retained,,250
2024,611,1,710,37833,ILONA B,8/11/2024 17:58,6,21,710,345701,NSEI,57.1315,-134.723667,57.113167,-134.723833,636.4224,,,,,,,,,,Retained,,251
2024,611,1,710,37833,ILONA B,8/11/2024 17:58,6,21,710,345701,NSEI,57.1315,-134.723667,57.113167,-134.723833,636.4224,,,,,,,,,,Retained,,252
2024,611,1,710,37833,ILONA B,8/11/2024 17:58,6,21,710,345701,NSEI,57.1315,-134.723667,57.113167,-134.723833,636.4224,,,,,,,,,,Retained,,253
2024,611,1,710,37833,ILONA B,8/11/2024 17:58,6,21,710,345701,NSEI,57.1315,-134.723667,57.113167,-134.723833,636.4224,,,,,,,,,,Retained,,254
2024,611,1,710,37833,ILONA B,8/11/2024 17:58,6,21,710,345701,NSEI,57.1315,-134.723667,57.113167,-134.723833,636.4224,,,,,,,,,,Retained,,255
2024,611,1,710,37833,ILONA B,8/11/2024 17:58,6,21,710,345701,NSEI,57.1315,-134.723667,57.113167,-134.723833,636.4224,,,,,,,,,,Retained,,256
2024,611,1,710,37833,ILONA B,8/11/2024 17:58,6,21,710,345701,NSEI,57.1315,-134.723667,57.113167,-134.723833,636.4224,,,,,,,,,,Retained,,257
2024,611,1,710,37833,ILONA B,8/11/2024 17:58,6,21,710,345701,NSEI,57.1315,-134.723667,57.113167,-134.723833,636.4224,,,,,,,,,,Retained,,258
2024,611,1,710,37833,ILONA B,8/11/2024 17:58,6,21,710,345701,NSEI,57.1315,-134.723667,57.113167,-134.723833,636.4224,,,,,,,,,,Retained,,259
2024,611,1,710,37833,ILONA B,8/11/2024 17:58,6,21,710,345701,NSEI,57.1315,-134.723667,57.113167,-134.723833,636.4224,,,,,,,,,,Retained,,260
2024,611,1,710,37833,ILONA B,8/11/2024 17:58,6,21,710,345701,NSEI,57.1315,-134.723667,57.113167,-134.723833,636.4224,,,,,,,,,,Retained,,261
2024,611,1,710,37833,ILONA B,8/11/2024 17:58,6,21,710,345701,NSEI,57.1315,-134.723667,57.113167,-134.723833,636.4224,,,,,,,,,,Retained,,263
2024,611,1,710,37833,ILONA B,8/11/2024 17:58,6,21,710,345701,NSEI,57.1315,-134.723667,57.113167,-134.723833,636.4224,,,,,,,,,,Retained,,264
2024,611,1,710,37833,ILONA B,8/11/2024 17:58,6,21,710,345701,NSEI,57.1315,-134.723667,57.113167,-134.723833,636.4224,,,,,,,,,,Retained,,265
2024,611,1,710,37833,ILONA B,8/11/2024 17:58,6,21,710,345701,NSEI,57.1315,-134.723667,57.113167,-134.723833,636.4224,,,,,,,,,,Retained,,266
2024,611,1,710,37833,ILONA B,8/11/2024 17:58,6,21,710,345701,NSEI,57.1315,-134.723667,57.113167,-134.723833,636.4224,,,,,,,,,,Retained,,267
2024,611,1,710,37833,ILONA B,8/11/2024 17:58,6,21,710,345701,NSEI,57.1315,-134.723667,57.113167,-134.723833,636.4224,,,,,,,,,,Retained,,268
2024,611,1,710,37833,ILONA B,8/11/2024 17:58,6,21,710,345701,NSEI,57.1315,-134.723667,57.113167,-134.723833,636.4224,,,,,,,,,,Retained,,269
2024,611,1,710,37833,ILONA B,8/11/2024 17:58,6,21,710,345701,NSEI,57.1315,-134.723667,57.113167,-134.723833,636.4224,,,,,,,,,,Retained,,270
2024,611,1,710,37833,ILONA B,8/11/2024 17:58,6,21,710,345701,NSEI,57.1315,-134.723667,57.113167,-134.723833,636.4224,,,,,,,,,,Retained,,271
2024,611,1,710,37833,ILONA B,8/11/2024 17:58,6,21,710,345701,NSEI,57.1315,-134.723667,57.113167,-134.723833,636.4224,,,,,,,,,,Retained,,272
2024,611,1,710,37833,ILONA B,8/11/2024 17:58,6,21,710,345701,NSEI,57.1315,-134.723667,57.113167,-134.723833,636.4224,,,,,,,,,,Retained,,273
2024,611,1,710,37833,ILONA B,8/11/2024 17:58,6,21,710,345701,NSEI,57.1315,-134.723667,57.113167,-134.723833,636.4224,,,,,,,,,,Retained,,274
2024,611,1,710,37833,ILONA B,8/11/2024 17:58,6,21,710,345701,NSEI,57.1315,-134.723667,57.113167,-134.723833,636.4224,,,,,,,,,,Retained,,275
2024,611,1,710,37833,ILONA B,8/11/2024 17:58,6,21,710,345701,NSEI,57.1315,-134.723667,57.113167,-134.723833,636.4224,,,,,,,,,,Retained,,276
2024,611,1,710,37833,ILONA B,8/11/2024 17:58,6,21,710,345701,NSEI,57.1315,-134.723667,57.113167,-134.723833,636.4224,,,,,,,,,,Retained,,277
2024,611,1,710,37833,ILONA B,8/11/2024 17:58,6,21,710,345701,NSEI,57.1315,-134.723667,57.113167,-134.723833,636.4224,,,,,,,,,,Retained,,278
2024,611,1,710,37833,ILONA B,8/11/2024 17:58,6,21,710,345701,NSEI,57.1315,-134.723667,57.113167,-134.723833,636.4224,,,,,,,,,,Retained,,279
2024,611,1,710,37833,ILONA B,8/11/2024 17:58,6,21,710,345701,NSEI,57.1315,-134.723667,57.113167,-134.723833,636.4224,,,,,,,,,,Retained,,280
2024,611,1,710,37833,ILONA B,8/11/2024 17:58,6,21,710,345701,NSEI,57.1315,-134.723667,57.113167,-134.723833,636.4224,,,,,,,,,,Retained,,281
2024,611,1,710,37833,ILONA B,8/11/2024 17:58,6,21,710,345701,NSEI,57.1315,-134.723667,57.113167,-134.723833,636.4224,,,,,,,,,,Retained,,282
2024,611,1,710,37833,ILONA B,8/11/2024 17:58,6,21,710,345701,NSEI,57.1315,-134.723667,57.113167,-134.723833,636.4224,,,,,,,,,,Retained,,283
2024,611,1,710,37833,ILONA B,8/11/2024 17:58,6,21,710,345701,NSEI,57.1315,-134.723667,57.113167,-134.723833,636.4224,,,,,,,,,,Retained,,284
2024,611,1,710,37833,ILONA B,8/11/2024 17:58,6,21,710,345701,NSEI,57.1315,-134.723667,57.113167,-134.723833,636.4224,,,,,,,,,,Retained,,285
2024,611,1,710,37833,ILONA B,8/11/2024 17:58,6,21,710,345701,NSEI,57.1315,-134.723667,57.113167,-134.723833,636.4224,,,,,,,,,,Retained,,286
2024,611,1,710,37833,ILONA B,8/11/2024 17:58,6,21,710,345701,NSEI,57.1315,-134.723667,57.113167,-134.723833,636.4224,,,,,,,,,,Retained,,287
2024,611,1,710,37833,ILONA B,8/11/2024 17:58,6,21,710,345701,NSEI,57.1315,-134.723667,57.113167,-134.723833,636.4224,,,,,,,,,,Retained,,288
2024,611,1,710,37833,ILONA B,8/11/2024 17:58,6,21,710,345701,NSEI,57.1315,-134.723667,57.113167,-134.723833,636.4224,,,,,,,,,,Retained,,289
2024,611,1,710,37833,ILONA B,8/11/2024 17:58,6,21,710,345701,NSEI,57.1315,-134.723667,57.113167,-134.723833,636.4224,,,,,,,,,,Retained,,290
2024,611,1,710,37833,ILONA B,8/11/2024 17:58,6,21,710,345701,NSEI,57.1315,-134.723667,57.113167,-134.723833,636.4224,,,,,,,,,,Retained,,291
2024,611,1,710,37833,ILONA B,8/11/2024 17:58,6,21,710,345701,NSEI,57.1315,-134.723667,57.113167,-134.723833,636.4224,,,,,,,,,,Retained,,292
2024,611,1,710,37833,ILONA B,8/11/2024 17:58,6,21,710,345701,NSEI,57.1315,-134.723667,57.113167,-134.723833,636.4224,,,,,,,,,,Retained,,293
2024,611,1,710,37833,ILONA B,8/11/2024 17:58,6,21,710,345701,NSEI,57.1315,-134.723667,57.113167,-134.723833,636.4224,,,,,,,,,,Retained,,294
2024,611,1,710,37833,ILONA B,8/11/2024 17:58,6,21,710,345701,NSEI,57.1315,-134.723667,57.113167,-134.723833,636.4224,,,,,,,,,,Retained,,295
2024,611,1,710,37833,ILONA B,8/11/2024 17:58,6,21,710,345701,NSEI,57.1315,-134.723667,57.113167,-134.723833,636.4224,,,,,,,,,,Retained,,296
2024,611,1,710,37833,ILONA B,8/11/2024 17:58,6,21,710,345701,NSEI,57.1315,-134.723667,57.113167,-134.723833,636.4224,,,,,,,,,,Retained,,298
2024,611,1,710,37833,ILONA B,8/11/2024 17:58,6,21,710,345701,NSEI,57.1315,-134.723667,57.113167,-134.723833,636.4224,,,,,,,,,,Retained,,299
2024,611,1,710,37833,ILONA B,8/11/2024 17:58,6,21,710,345701,NSEI,57.1315,-134.723667,57.113167,-134.723833,636.4224,,,,,,,,,,Retained,,300
2024,611,1,710,37833,ILONA B,8/11/2024 17:58,6,21,710,345701,NSEI,57.1315,-134.723667,57.113167,-134.723833,636.4224,,,,,,,,,,Retained,,301
2024,611,1,710,37833,ILONA B,8/11/2024 17:58,6,21,710,345701,NSEI,57.1315,-134.723667,57.113167,-134.723833,636.4224,,,,,,,,,,Retained,,302
2024,611,1,710,37833,ILONA B,8/11/2024 17:58,6,21,710,345701,NSEI,57.1315,-134.723667,57.113167,-134.723833,636.4224,,,,,,,,,,Retained,,303
2024,611,1,710,37833,ILONA B,8/11/2024 17:58,6,21,710,345701,NSEI,57.1315,-134.723667,57.113167,-134.723833,636.4224,,,,,,,,,,Retained,,304
2024,611,1,710,37833,ILONA B,8/11/2024 17:58,6,21,710,345701,NSEI,57.1315,-134.723667,57.113167,-134.723833,636.4224,,,,,,,,,,Retained,,305
2024,611,1,710,37833,ILONA B,8/11/2024 17:58,6,21,710,345701,NSEI,57.1315,-134.723667,57.113167,-134.723833,636.4224,,,,,,,,,,Retained,,306
2024,611,1,710,37833,ILONA B,8/11/2024 17:58,6,21,710,345701,NSEI,57.1315,-134.723667,57.113167,-134.723833,636.4224,,,,,,,,,,Retained,,307
2024,611,1,710,37833,ILONA B,8/11/2024 17:58,6,21,710,345701,NSEI,57.1315,-134.723667,57.113167,-134.723833,636.4224,,,,,,,,,,Retained,,308
2024,611,1,710,37833,ILONA B,8/11/2024 17:58,6,21,710,345701,NSEI,57.1315,-134.723667,57.113167,-134.723833,636.4224,,,,,,,,,,Retained,,309
2024,611,1,710,37833,ILONA B,8/11/2024 17:58,6,21,710,345701,NSEI,57.1315,-134.723667,57.113167,-134.723833,636.4224,,,,,,,,,,Retained,,310
2024,611,1,710,37833,ILONA B,8/11/2024 17:58,6,21,710,345701,NSEI,57.1315,-134.723667,57.113167,-134.723833,636.4224,,,,,,,,,,Retained,,311
2024,611,1,710,37833,ILONA B,8/11/2024 17:58,6,21,710,345701,NSEI,57.1315,-134.723667,57.113167,-134.723833,636.4224,,,,,,,,,,Retained,,312
2024,611,1,710,37833,ILONA B,8/11/2024 17:58,6,21,710,345701,NSEI,57.1315,-134.723667,57.113167,-134.723833,636.4224,,,,,,,,,,Retained,,313
2024,611,1,710,37833,ILONA B,8/11/2024 17:58,6,21,710,345701,NSEI,57.1315,-134.723667,57.113167,-134.723833,636.4224,,,,,,,,,,Retained,,314
2024,611,1,710,37833,ILONA B,8/11/2024 17:58,6,21,710,345701,NSEI,57.1315,-134.723667,57.113167,-134.723833,636.4224,,,,,,,,,,Retained,,315
2024,611,1,710,37833,ILONA B,8/11/2024 17:58,6,21,710,345701,NSEI,57.1315,-134.723667,57.113167,-134.723833,636.4224,,,,,,,,,,Retained,,316
2024,611,1,710,37833,ILONA B,8/11/2024 17:58,6,21,710,345701,NSEI,57.1315,-134.723667,57.113167,-134.723833,636.4224,,,,,,,,,,Retained,,317
2024,611,1,710,37833,ILONA B,8/11/2024 17:58,6,21,710,345701,NSEI,57.1315,-134.723667,57.113167,-134.723833,636.4224,,,,,,,,,,Retained,,318
2024,611,1,710,37833,ILONA B,8/11/2024 17:58,6,21,710,345701,NSEI,57.1315,-134.723667,57.113167,-134.723833,636.4224,,,,,,,,,,Retained,,319
2024,611,1,710,37833,ILONA B,8/11/2024 17:58,6,21,710,345701,NSEI,57.1315,-134.723667,57.113167,-134.723833,636.4224,,,,,,,,,,Retained,,320
2024,611,1,710,37833,ILONA B,8/11/2024 17:58,6,21,710,345701,NSEI,57.1315,-134.723667,57.113167,-134.723833,636.4224,,,,,,,,,,Retained,,321
2024,611,1,710,37833,ILONA B,8/11/2024 17:58,6,21,710,345701,NSEI,57.1315,-134.723667,57.113167,-134.723833,636.4224,,,,,,,,,,Retained,,322
2024,611,1,710,37833,ILONA B,8/11/2024 17:58,6,21,710,345701,NSEI,57.1315,-134.723667,57.113167,-134.723833,636.4224,,,,,,,,,,Retained,,323
2024,611,1,710,37833,ILONA B,8/11/2024 17:58,6,21,710,345701,NSEI,57.1315,-134.723667,57.113167,-134.723833,636.4224,,,,,,,,,,Retained,,324
2024,611,1,710,37833,ILONA B,8/11/2024 17:58,6,21,710,345701,NSEI,57.1315,-134.723667,57.113167,-134.723833,636.4224,,,,,,,,,,Retained,,325
2024,611,1,710,37833,ILONA B,8/11/2024 17:58,6,21,710,345701,NSEI,57.1315,-134.723667,57.113167,-134.723833,636.4224,,,,,,,,,,Retained,,326
2024,611,1,710,37833,ILONA B,8/11/2024 17:58,6,21,710,345701,NSEI,57.1315,-134.723667,57.113167,-134.723833,636.4224,,,,,,,,,,Retained,,327
2024,611,1,710,37833,ILONA B,8/11/2024 17:58,6,21,710,345701,NSEI,57.1315,-134.723667,57.113167,-134.723833,636.4224,,,,,,,,,,Retained,,328
2024,611,1,710,37833,ILONA B,8/11/2024 17:58,6,21,710,345701,NSEI,57.1315,-134.723667,57.113167,-134.723833,636.4224,,,,,,,,,,Retained,,329
2024,611,1,710,37833,ILONA B,8/11/2024 17:58,6,21,710,345701,NSEI,57.1315,-134.723667,57.113167,-134.723833,636.4224,,,,,,,,,,Retained,,330
2024,611,1,710,37833,ILONA B,8/11/2024 17:58,6,21,710,345701,NSEI,57.1315,-134.723667,57.113167,-134.723833,636.4224,,,,,,,,,,Retained,,331
2024,611,1,710,37833,ILONA B,8/11/2024 17:58,6,21,710,345701,NSEI,57.1315,-134.723667,57.113167,-134.723833,636.4224,,,,,,,,,,Retained,,332
2024,611,1,710,37833,ILONA B,8/11/2024 17:58,6,21,710,345701,NSEI,57.1315,-134.723667,57.113167,-134.723833,636.4224,,,,,,,,,,Retained,,333
2024,611,1,710,37833,ILONA B,8/11/2024 17:58,6,21,710,345701,NSEI,57.1315,-134.723667,57.113167,-134.723833,636.4224,,,,,,,,,,Retained,,334
2024,611,1,710,37833,ILONA B,8/11/2024 17:58,6,21,710,345701,NSEI,57.1315,-134.723667,57.113167,-134.723833,636.4224,,,,,,,,,,Retained,,335
2024,611,1,710,37833,ILONA B,8/11/2024 17:58,6,21,710,345701,NSEI,57.1315,-134.723667,57.113167,-134.723833,636.4224,,,,,,,,,,Retained,,336
2024,611,1,710,37833,ILONA B,8/11/2024 17:58,6,21,710,345701,NSEI,57.1315,-134.723667,57.113167,-134.723833,636.4224,,,,,,,,,,Retained,,337
2024,611,1,710,37833,ILONA B,8/11/2024 17:58,6,21,710,345701,NSEI,57.1315,-134.723667,57.113167,-134.723833,636.4224,,,,,,,,,,Retained,,338
2024,611,1,710,37833,ILONA B,8/11/2024 17:58,6,21,710,345701,NSEI,57.1315,-134.723667,57.113167,-134.723833,636.4224,,,,,,,,,,Retained,,339
2024,611,1,710,37833,ILONA B,8/11/2024 17:58,6,21,710,345701,NSEI,57.1315,-134.723667,57.113167,-134.723833,636.4224,,,,,,,,,,Retained,,340
2024,611,1,710,37833,ILONA B,8/11/2024 17:58,6,21,710,345701,NSEI,57.1315,-134.723667,57.113167,-134.723833,636.4224,,,,,,,,,,Retained,,341
2024,611,1,710,37833,ILONA B,8/11/2024 17:58,6,21,710,345701,NSEI,57.1315,-134.723667,57.113167,-134.723833,636.4224,,,,,,,,,,Retained,,342
2024,611,1,710,37833,ILONA B,8/11/2024 17:58,6,21,710,345701,NSEI,57.1315,-134.723667,57.113167,-134.723833,636.4224,,,,,,,,,,Retained,,343
2024,611,1,710,37833,ILONA B,8/11/2024 17:58,6,21,710,345701,NSEI,57.1315,-134.723667,57.113167,-134.723833,636.4224,,,,,,,,,,Retained,,344
2024,611,1,710,37833,ILONA B,8/11/2024 17:58,6,21,710,345701,NSEI,57.1315,-134.723667,57.113167,-134.723833,636.4224,,,,,,,,,,Retained,,345
2024,611,1,710,37833,ILONA B,8/11/2024 17:58,6,21,710,345701,NSEI,57.1315,-134.723667,57.113167,-134.723833,636.4224,,,,,,,,,,Retained,,346
2024,611,1,710,37833,ILONA B,8/11/2024 17:58,6,21,710,345701,NSEI,57.1315,-134.723667,57.113167,-134.723833,636.4224,,,,,,,,,,Retained,,347
2024,611,1,710,37833,ILONA B,8/11/2024 17:58,6,21,710,345701,NSEI,57.1315,-134.723667,57.113167,-134.723833,636.4224,,,,,,,,,,Retained,,348
2024,611,1,710,37833,ILONA B,8/11/2024 17:58,6,21,710,345701,NSEI,57.1315,-134.723667,57.113167,-134.723833,636.4224,,,,,,,,,,Retained,,349
2024,611,1,710,37833,ILONA B,8/11/2024 17:58,6,21,710,345701,NSEI,57.1315,-134.723667,57.113167,-134.723833,636.4224,,,,,,,,,,Retained,,350
2024,611,1,710,37833,ILONA B,8/11/2024 17:58,6,21,710,345701,NSEI,57.1315,-134.723667,57.113167,-134.723833,636.4224,,,,,,,,,,Retained,,351
2024,611,1,710,37833,ILONA B,8/11/2024 17:58,6,21,710,345701,NSEI,57.1315,-134.723667,57.113167,-134.723833,636.4224,,,,,,,,,,Retained,,352
2024,611,1,710,37833,ILONA B,8/11/2024 17:58,6,21,710,345701,NSEI,57.1315,-134.723667,57.113167,-134.723833,636.4224,,,,,,,,,,Retained,,353
2024,611,1,710,37833,ILONA B,8/11/2024 17:58,6,21,710,345701,NSEI,57.1315,-134.723667,57.113167,-134.723833,636.4224,,,,,,,,,,Retained,,354
2024,611,1,710,37833,ILONA B,8/11/2024 17:58,6,21,710,345701,NSEI,57.1315,-134.723667,57.113167,-134.723833,636.4224,,,,,,,,,,Retained,,355
2024,611,1,710,37833,ILONA B,8/11/2024 17:58,6,21,710,345701,NSEI,57.1315,-134.723667,57.113167,-134.723833,636.4224,,,,,,,,,,Retained,,356
2024,611,1,710,37833,ILONA B,8/11/2024 17:58,6,21,710,345701,NSEI,57.1315,-134.723667,57.113167,-134.723833,636.4224,,,,,,,,,,Retained,,357
2024,611,1,710,37833,ILONA B,8/11/2024 17:58,6,21,710,345701,NSEI,57.1315,-134.723667,57.113167,-134.723833,636.4224,,,,,,,,,,Retained,,358
2024,611,1,710,37833,ILONA B,8/11/2024 17:58,6,21,710,345701,NSEI,57.1315,-134.723667,57.113167,-134.723833,636.4224,,,,,,,,,,Retained,,359
2024,611,1,710,37833,ILONA B,8/11/2024 17:58,6,21,710,345701,NSEI,57.1315,-134.723667,57.113167,-134.723833,636.4224,,,,,,,,,,Retained,,360
2024,611,1,710,37833,ILONA B,8/11/2024 17:58,6,21,710,345701,NSEI,57.1315,-134.723667,57.113167,-134.723833,636.4224,,,,,,,,,,Retained,,361
2024,611,1,710,37833,ILONA B,8/11/2024 17:58,6,21,710,345701,NSEI,57.1315,-134.723667,57.113167,-134.723833,636.4224,,,,,,,,,,Retained,,362
2024,611,1,710,37833,ILONA B,8/11/2024 17:58,6,21,710,345701,NSEI,57.1315,-134.723667,57.113167,-134.723833,636.4224,,,,,,,,,,Retained,,363
2024,611,1,710,37833,ILONA B,8/11/2024 17:58,6,21,710,345701,NSEI,57.1315,-134.723667,57.113167,-134.723833,636.4224,,,,,,,,,,Retained,,364
2024,611,1,710,37833,ILONA B,8/11/2024 17:58,6,21,710,345701,NSEI,57.1315,-134.723667,57.113167,-134.723833,636.4224,,,,,,,,,,Retained,,365
2024,611,1,710,37833,ILONA B,8/11/2024 17:58,6,21,710,345701,NSEI,57.1315,-134.723667,57.113167,-134.723833,636.4224,,,,,,,,,,Retained,,366
2024,611,1,710,37833,ILONA B,8/11/2024 17:58,6,21,710,345701,NSEI,57.1315,-134.723667,57.113167,-134.723833,636.4224,,,,,,,,,,Retained,,367
2024,611,1,710,37833,ILONA B,8/11/2024 17:58,6,21,710,345701,NSEI,57.1315,-134.723667,57.113167,-134.723833,636.4224,,,,,,,,,,Retained,,368
2024,611,1,710,37833,ILONA B,8/11/2024 17:58,6,21,710,345701,NSEI,57.1315,-134.723667,57.113167,-134.723833,636.4224,,,,,,,,,,Retained,,369
2024,611,1,710,37833,ILONA B,8/11/2024 17:58,6,21,710,345701,NSEI,57.1315,-134.723667,57.113167,-134.723833,636.4224,,,,,,,,,,Retained,,370
2024,611,1,710,37833,ILONA B,8/11/2024 17:58,6,21,710,345701,NSEI,57.1315,-134.723667,57.113167,-134.723833,636.4224,,,,,,,,,,Retained,,371
2024,611,1,710,37833,ILONA B,8/11/2024 17:58,6,21,710,345701,NSEI,57.1315,-134.723667,57.113167,-134.723833,636.4224,,,,,,,,,,Retained,,372
2024,611,1,710,37833,ILONA B,8/11/2024 17:58,6,21,710,345701,NSEI,57.1315,-134.723667,57.113167,-134.723833,636.4224,,,,,,,,,,Retained,,373
2024,611,1,710,37833,ILONA B,8/11/2024 17:58,6,21,710,345701,NSEI,57.1315,-134.723667,57.113167,-134.723833,636.4224,,,,,,,,,,Retained,,374
2024,611,1,710,37833,ILONA B,8/11/2024 17:58,6,21,710,345701,NSEI,57.1315,-134.723667,57.113167,-134.723833,636.4224,,,,,,,,,,Retained,,375
2024,611,1,710,37833,ILONA B,8/11/2024 17:58,6,21,710,345701,NSEI,57.1315,-134.723667,57.113167,-134.723833,636.4224,,,,,,,,,,Retained,,376
2024,611,1,710,37833,ILONA B,8/11/2024 17:58,6,21,710,345701,NSEI,57.1315,-134.723667,57.113167,-134.723833,636.4224,,,,,,,,,,Retained,,377
2024,611,1,710,37833,ILONA B,8/11/2024 17:58,6,21,710,345701,NSEI,57.1315,-134.723667,57.113167,-134.723833,636.4224,,,,,,,,,,Retained,,378
2024,611,1,710,37833,ILONA B,8/11/2024 17:58,6,21,710,345701,NSEI,57.1315,-134.723667,57.113167,-134.723833,636.4224,,,,,,,,,,Retained,,379
2024,611,1,710,37833,ILONA B,8/11/2024 17:58,6,21,710,345701,NSEI,57.1315,-134.723667,57.113167,-134.723833,636.4224,,,,,,,,,,Retained,,380
2024,611,1,710,37833,ILONA B,8/11/2024 17:58,6,21,710,345701,NSEI,57.1315,-134.723667,57.113167,-134.723833,636.4224,,,,,,,,,,Retained,,381
2024,611,1,710,37833,ILONA B,8/11/2024 17:58,6,21,710,345701,NSEI,57.1315,-134.723667,57.113167,-134.723833,636.4224,,,,,,,,,,Retained,,382
2024,611,1,710,37833,ILONA B,8/11/2024 17:58,6,21,710,345701,NSEI,57.1315,-134.723667,57.113167,-134.723833,636.4224,,,,,,,,,,Retained,,383
2024,611,1,710,37833,ILONA B,8/11/2024 17:58,6,21,710,345701,NSEI,57.1315,-134.723667,57.113167,-134.723833,636.4224,,,,,,,,,,Retained,,384
2024,611,1,710,37833,ILONA B,8/11/2024 17:58,6,21,710,345701,NSEI,57.1315,-134.723667,57.113167,-134.723833,636.4224,,,,,,,,,,Retained,,385
2024,611,1,710,37833,ILONA B,8/11/2024 17:58,6,21,710,345701,NSEI,57.1315,-134.723667,57.113167,-134.723833,636.4224,,,,,,,,,,Retained,,386
2024,611,1,710,37833,ILONA B,8/11/2024 17:58,6,21,710,345701,NSEI,57.1315,-134.723667,57.113167,-134.723833,636.4224,,,,,,,,,,Retained,,387
2024,611,1,710,37833,ILONA B,8/11/2024 17:58,6,21,710,345701,NSEI,57.1315,-134.723667,57.113167,-134.723833,636.4224,,,,,,,,,,Retained,,388
2024,611,1,710,37833,ILONA B,8/11/2024 17:58,6,21,710,345701,NSEI,57.1315,-134.723667,57.113167,-134.723833,636.4224,,,,,,,,,,Retained,,389
2024,611,1,710,37833,ILONA B,8/11/2024 17:58,6,21,710,345701,NSEI,57.1315,-134.723667,57.113167,-134.723833,636.4224,,,,,,,,,,Retained,,390
2024,611,1,710,37833,ILONA B,8/11/2024 17:58,6,21,710,345701,NSEI,57.1315,-134.723667,57.113167,-134.723833,636.4224,,,,,,,,,,Retained,,391
2024,611,1,710,37833,ILONA B,8/11/2024 17:58,6,21,710,345701,NSEI,57.1315,-134.723667,57.113167,-134.723833,636.4224,,,,,,,,,,Retained,,392
2024,611,1,710,37833,ILONA B,8/11/2024 17:58,6,21,710,345701,NSEI,57.1315,-134.723667,57.113167,-134.723833,636.4224,,,,,,,,,,Retained,,393
2024,611,1,710,37833,ILONA B,8/11/2024 17:58,6,21,710,345701,NSEI,57.1315,-134.723667,57.113167,-134.723833,636.4224,,,,,,,,,,Retained,,394
2024,611,1,710,37833,ILONA B,8/11/2024 17:58,6,21,710,345701,NSEI,57.1315,-134.723667,57.113167,-134.723833,636.4224,,,,,,,,,,Retained,,395
2024,611,1,710,37833,ILONA B,8/11/2024 17:58,6,21,710,345701,NSEI,57.1315,-134.723667,57.113167,-134.723833,636.4224,,,,,,,,,,Retained,,396
2024,611,1,710,37833,ILONA B,8/11/2024 17:58,6,21,710,345701,NSEI,57.1315,-134.723667,57.113167,-134.723833,636.4224,,,,,,,,,,Retained,,397
2024,611,1,710,37833,ILONA B,8/11/2024 17:58,6,21,710,345701,NSEI,57.1315,-134.723667,57.113167,-134.723833,636.4224,,,,,,,,,,Retained,,399
2024,611,1,710,37833,ILONA B,8/11/2024 17:58,6,21,710,345701,NSEI,57.1315,-134.723667,57.113167,-134.723833,636.4224,,,,,,,,,,Retained,,400
2024,611,1,710,37833,ILONA B,8/11/2024 17:58,6,21,710,345701,NSEI,57.1315,-134.723667,57.113167,-134.723833,636.4224,,,,,,,,,,Retained,,401
2024,611,1,710,37833,ILONA B,8/11/2024 17:58,6,21,710,345701,NSEI,57.1315,-134.723667,57.113167,-134.723833,636.4224,,,,,,,,,,Retained,,402
2024,611,1,710,37833,ILONA B,8/11/2024 17:58,6,21,710,345701,NSEI,57.1315,-134.723667,57.113167,-134.723833,636.4224,,,,,,,,,,Retained,,403
2024,611,1,710,37833,ILONA B,8/11/2024 17:58,6,21,710,345701,NSEI,57.1315,-134.723667,57.113167,-134.723833,636.4224,,,,,,,,,,Retained,,404
2024,611,1,710,37833,ILONA B,8/11/2024 17:58,6,21,710,345701,NSEI,57.1315,-134.723667,57.113167,-134.723833,636.4224,,,,,,,,,,Retained,,405
2024,611,1,710,37833,ILONA B,8/11/2024 17:58,6,21,710,345701,NSEI,57.1315,-134.723667,57.113167,-134.723833,636.4224,,,,,,,,,,Retained,,406
2024,611,1,710,37833,ILONA B,8/11/2024 17:58,6,21,710,345701,NSEI,57.1315,-134.723667,57.113167,-134.723833,636.4224,,,,,,,,,,Retained,,407
2024,611,1,710,37833,ILONA B,8/11/2024 17:58,6,21,710,345701,NSEI,57.1315,-134.723667,57.113167,-134.723833,636.4224,,,,,,,,,,Retained,,408
2024,611,1,710,37833,ILONA B,8/11/2024 17:58,6,21,710,345701,NSEI,57.1315,-134.723667,57.113167,-134.723833,636.4224,,,,,,,,,,Retained,,409
2024,611,1,710,37833,ILONA B,8/11/2024 17:58,6,21,710,345701,NSEI,57.1315,-134.723667,57.113167,-134.723833,636.4224,,,,,,,,,,Retained,,410
2024,611,1,710,37833,ILONA B,8/11/2024 17:58,6,21,710,345701,NSEI,57.1315,-134.723667,57.113167,-134.723833,636.4224,,,,,,,,,,Retained,,411
2024,611,1,710,37833,ILONA B,8/11/2024 17:58,6,21,710,345701,NSEI,57.1315,-134.723667,57.113167,-134.723833,636.4224,,,,,,,,,,Retained,,412
2024,611,1,710,37833,ILONA B,8/11/2024 17:58,6,21,710,345701,NSEI,57.1315,-134.723667,57.113167,-134.723833,636.4224,,,,,,,,,,Retained,,413
2024,611,1,710,37833,ILONA B,8/11/2024 17:58,6,21,710,345701,NSEI,57.1315,-134.723667,57.113167,-134.723833,636.4224,,,,,,,,,,Retained,,414
2024,611,1,710,37833,ILONA B,8/11/2024 17:58,6,21,710,345701,NSEI,57.1315,-134.723667,57.113167,-134.723833,636.4224,,,,,,,,,,Retained,,415
2024,611,1,710,37833,ILONA B,8/11/2024 17:58,6,21,710,345701,NSEI,57.1315,-134.723667,57.113167,-134.723833,636.4224,,,,,,,,,,Retained,,416
2024,611,1,710,37833,ILONA B,8/11/2024 17:58,6,21,710,345701,NSEI,57.1315,-134.723667,57.113167,-134.723833,636.4224,,,,,,,,,,Retained,,417
2024,611,1,710,37833,ILONA B,8/11/2024 17:58,6,21,710,345701,NSEI,57.1315,-134.723667,57.113167,-134.723833,636.4224,,,,,,,,,,Retained,,418
2024,611,1,710,37833,ILONA B,8/11/2024 17:58,6,21,710,345701,NSEI,57.1315,-134.723667,57.113167,-134.723833,636.4224,,,,,,,,,,Retained,,419
2024,611,1,710,37833,ILONA B,8/11/2024 17:58,6,21,710,345701,NSEI,57.1315,-134.723667,57.113167,-134.723833,636.4224,,,,,,,,,,Retained,,420
2024,611,1,710,37833,ILONA B,8/11/2024 17:58,6,21,710,345701,NSEI,57.1315,-134.723667,57.113167,-134.723833,636.4224,,,,,,,,,,Retained,,421
2024,611,1,710,37833,ILONA B,8/11/2024 17:58,6,21,710,345701,NSEI,57.1315,-134.723667,57.113167,-134.723833,636.4224,,,,,,,,,,Retained,,422
2024,611,1,710,37833,ILONA B,8/11/2024 17:58,6,21,710,345701,NSEI,57.1315,-134.723667,57.113167,-134.723833,636.4224,,,,,,,,,,Retained,,423
2024,611,1,710,37833,ILONA B,8/11/2024 17:58,6,21,710,345701,NSEI,57.1315,-134.723667,57.113167,-134.723833,636.4224,,,,,,,,,,Retained,,424
2024,611,1,710,37833,ILONA B,8/11/2024 17:58,6,21,710,345701,NSEI,57.1315,-134.723667,57.113167,-134.723833,636.4224,,,,,,,,,,Retained,,425
2024,611,1,710,37833,ILONA B,8/11/2024 17:58,6,21,710,345701,NSEI,57.1315,-134.723667,57.113167,-134.723833,636.4224,,,,,,,,,,Retained,,426
2024,611,1,710,37833,ILONA B,8/11/2024 17:58,6,21,710,345701,NSEI,57.1315,-134.723667,57.113167,-134.723833,636.4224,,,,,,,,,,Retained,,427
2024,611,1,710,37833,ILONA B,8/11/2024 17:58,6,21,710,345701,NSEI,57.1315,-134.723667,57.113167,-134.723833,636.4224,,,,,,,,,,Retained,,428
2024,611,1,710,37833,ILONA B,8/11/2024 17:58,6,21,710,345701,NSEI,57.1315,-134.723667,57.113167,-134.723833,636.4224,,,,,,,,,,Retained,,429
2024,611,1,710,37833,ILONA B,8/11/2024 17:58,6,21,710,345701,NSEI,57.1315,-134.723667,57.113167,-134.723833,636.4224,,,,,,,,,,Retained,,430
2024,611,1,710,37833,ILONA B,8/11/2024 17:58,6,21,710,345701,NSEI,57.1315,-134.723667,57.113167,-134.723833,636.4224,,,,,,,,,,Retained,,431
2024,611,1,710,37833,ILONA B,8/11/2024 17:58,6,21,710,345701,NSEI,57.1315,-134.723667,57.113167,-134.723833,636.4224,,,,,,,,,,Retained,,432
2024,611,1,710,37833,ILONA B,8/11/2024 17:58,6,21,710,345701,NSEI,57.1315,-134.723667,57.113167,-134.723833,636.4224,,,,,,,,,,Retained,,433
2024,611,1,710,37833,ILONA B,8/11/2024 17:58,6,21,710,345701,NSEI,57.1315,-134.723667,57.113167,-134.723833,636.4224,,,,,,,,,,Retained,,434
2024,611,1,710,37833,ILONA B,8/11/2024 17:58,6,21,710,345701,NSEI,57.1315,-134.723667,57.113167,-134.723833,636.4224,,,,,,,,,,Retained,,435
2024,611,1,710,37833,ILONA B,8/11/2024 17:58,6,21,710,345701,NSEI,57.1315,-134.723667,57.113167,-134.723833,636.4224,,,,,,,,,,Retained,,436
2024,611,1,710,37833,ILONA B,8/11/2024 17:58,6,21,710,345701,NSEI,57.1315,-134.723667,57.113167,-134.723833,636.4224,,,,,,,,,,Retained,,437
2024,611,1,710,37833,ILONA B,8/11/2024 17:58,6,21,710,345701,NSEI,57.1315,-134.723667,57.113167,-134.723833,636.4224,,,,,,,,,,Retained,,438
2024,611,1,710,37833,ILONA B,8/11/2024 17:58,6,21,710,345701,NSEI,57.1315,-134.723667,57.113167,-134.723833,636.4224,,,,,,,,,,Retained,,439
2024,611,1,710,37833,ILONA B,8/11/2024 17:58,6,21,710,345701,NSEI,57.1315,-134.723667,57.113167,-134.723833,636.4224,,,,,,,,,,Retained,,440
2024,611,1,710,37833,ILONA B,8/11/2024 17:58,6,21,710,345701,NSEI,57.1315,-134.723667,57.113167,-134.723833,636.4224,,,,,,,,,,Retained,,441
2024,611,1,710,37833,ILONA B,8/11/2024 17:58,6,21,710,345701,NSEI,57.1315,-134.723667,57.113167,-134.723833,636.4224,,,,,,,,,,Retained,,442
2024,611,1,710,37833,ILONA B,8/11/2024 17:58,6,21,710,345701,NSEI,57.1315,-134.723667,57.113167,-134.723833,636.4224,,,,,,,,,,Retained,,443
2024,611,1,710,37833,ILONA B,8/11/2024 17:58,6,21,710,345701,NSEI,57.1315,-134.723667,57.113167,-134.723833,636.4224,,,,,,,,,,Retained,,444
2024,611,1,710,37833,ILONA B,8/11/2024 17:58,6,21,710,345701,NSEI,57.1315,-134.723667,57.113167,-134.723833,636.4224,,,,,,,,,,Retained,,445
2024,611,1,710,37833,ILONA B,8/11/2024 17:58,6,21,710,345701,NSEI,57.1315,-134.723667,57.113167,-134.723833,636.4224,,,,,,,,,,Retained,,446
2024,611,1,710,37833,ILONA B,8/11/2024 17:58,6,21,710,345701,NSEI,57.1315,-134.723667,57.113167,-134.723833,636.4224,,,,,,,,,,Retained,,447
2024,611,1,710,37833,ILONA B,8/11/2024 17:58,6,21,710,345701,NSEI,57.1315,-134.723667,57.113167,-134.723833,636.4224,,,,,,,,,,Retained,,448
2024,611,1,710,37833,ILONA B,8/11/2024 17:58,6,21,710,345701,NSEI,57.1315,-134.723667,57.113167,-134.723833,636.4224,,,,,,,,,,Retained,,449
2024,611,1,710,37833,ILONA B,8/11/2024 17:58,6,21,710,345701,NSEI,57.1315,-134.723667,57.113167,-134.723833,636.4224,,,,,,,,,,Retained,,450
2024,611,1,710,37833,ILONA B,8/11/2024 17:58,6,21,710,345701,NSEI,57.1315,-134.723667,57.113167,-134.723833,636.4224,,,,,,,,,,Retained,,451
2024,611,1,710,37833,ILONA B,8/11/2024 17:58,6,21,710,345701,NSEI,57.1315,-134.723667,57.113167,-134.723833,636.4224,,,,,,,,,,Retained,,452
2024,611,1,710,37833,ILONA B,8/11/2024 17:58,6,21,710,345701,NSEI,57.1315,-134.723667,57.113167,-134.723833,636.4224,,,,,,,,,,Retained,,453
2024,611,1,710,37833,ILONA B,8/11/2024 17:58,6,21,710,345701,NSEI,57.1315,-134.723667,57.113167,-134.723833,636.4224,,,,,,,,,,Retained,,454
2024,611,1,710,37833,ILONA B,8/11/2024 17:58,6,21,710,345701,NSEI,57.1315,-134.723667,57.113167,-134.723833,636.4224,,,,,,,,,,Retained,,455
2024,611,1,710,37833,ILONA B,8/11/2024 17:58,6,21,710,345701,NSEI,57.1315,-134.723667,57.113167,-134.723833,636.4224,,,,,,,,,,Retained,,456
2024,611,1,710,37833,ILONA B,8/11/2024 17:58,6,21,710,345701,NSEI,57.1315,-134.723667,57.113167,-134.723833,636.4224,,,,,,,,,,Retained,,457
2024,611,1,710,37833,ILONA B,8/11/2024 17:58,6,21,710,345701,NSEI,57.1315,-134.723667,57.113167,-134.723833,636.4224,,,,,,,,,,Retained,,458
2024,611,1,710,37833,ILONA B,8/11/2024 17:58,6,21,710,345701,NSEI,57.1315,-134.723667,57.113167,-134.723833,636.4224,,,,,,,,,,Retained,,459
2024,611,1,710,37833,ILONA B,8/11/2024 17:58,6,21,710,345701,NSEI,57.1315,-134.723667,57.113167,-134.723833,636.4224,,,,,,,,,,Retained,,460
2024,611,1,710,37833,ILONA B,8/11/2024 17:58,6,21,710,345701,NSEI,57.1315,-134.723667,57.113167,-134.723833,636.4224,,,,,,,,,,Retained,,461
2024,611,1,710,37833,ILONA B,8/11/2024 17:58,6,21,710,345701,NSEI,57.1315,-134.723667,57.113167,-134.723833,636.4224,,,,,,,,,,Retained,,462
2024,611,1,710,37833,ILONA B,8/11/2024 17:58,6,21,710,345701,NSEI,57.1315,-134.723667,57.113167,-134.723833,636.4224,,,,,,,,,,Retained,,463
2024,611,1,710,37833,ILONA B,8/11/2024 17:58,6,21,710,345701,NSEI,57.1315,-134.723667,57.113167,-134.723833,636.4224,,,,,,,,,,Retained,,464
2024,611,1,710,37833,ILONA B,8/11/2024 17:58,6,21,710,345701,NSEI,57.1315,-134.723667,57.113167,-134.723833,636.4224,,,,,,,,,,Retained,,465
2024,611,1,710,37833,ILONA B,8/11/2024 17:58,6,21,710,345701,NSEI,57.1315,-134.723667,57.113167,-134.723833,636.4224,,,,,,,,,,Retained,,466
2024,611,1,710,37833,ILONA B,8/11/2024 17:58,6,21,710,345701,NSEI,57.1315,-134.723667,57.113167,-134.723833,636.4224,,,,,,,,,,Retained,,467
2024,611,1,710,37833,ILONA B,8/11/2024 17:58,6,21,710,345701,NSEI,57.1315,-134.723667,57.113167,-134.723833,636.4224,,,,,,,,,,Retained,,468
2024,611,1,710,37833,ILONA B,8/11/2024 17:58,6,21,710,345701,NSEI,57.1315,-134.723667,57.113167,-134.723833,636.4224,,,,,,,,,,Retained,,469
2024,611,1,710,37833,ILONA B,8/11/2024 17:58,6,21,710,345701,NSEI,57.1315,-134.723667,57.113167,-134.723833,636.4224,,,,,,,,,,Retained,,470
2024,611,1,710,37833,ILONA B,8/11/2024 17:58,6,21,710,345701,NSEI,57.1315,-134.723667,57.113167,-134.723833,636.4224,,,,,,,,,,Retained,,471
2024,611,1,710,37833,ILONA B,8/11/2024 17:58,6,21,710,345701,NSEI,57.1315,-134.723667,57.113167,-134.723833,636.4224,,,,,,,,,,Retained,,472
2024,611,1,710,37833,ILONA B,8/11/2024 17:58,6,21,710,345701,NSEI,57.1315,-134.723667,57.113167,-134.723833,636.4224,,,,,,,,,,Retained,,473
2024,611,1,710,37833,ILONA B,8/11/2024 17:58,6,21,710,345701,NSEI,57.1315,-134.723667,57.113167,-134.723833,636.4224,,,,,,,,,,Retained,,474
2024,611,1,710,37833,ILONA B,8/11/2024 17:58,6,21,710,345701,NSEI,57.1315,-134.723667,57.113167,-134.723833,636.4224,,,,,,,,,,Retained,,475
2024,611,1,710,37833,ILONA B,8/11/2024 17:58,6,21,710,345701,NSEI,57.1315,-134.723667,57.113167,-134.723833,636.4224,,,,,,,,,,Retained,,476
2024,611,1,710,37833,ILONA B,8/11/2024 17:58,6,21,710,345701,NSEI,57.1315,-134.723667,57.113167,-134.723833,636.4224,,,,,,,,,,Retained,,477
2024,611,1,710,37833,ILONA B,8/11/2024 17:58,6,21,710,345701,NSEI,57.1315,-134.723667,57.113167,-134.723833,636.4224,,,,,,,,,,Retained,,478
2024,611,1,710,37833,ILONA B,8/11/2024 17:58,6,21,710,345701,NSEI,57.1315,-134.723667,57.113167,-134.723833,636.4224,,,,,,,,,,Retained,,479
2024,611,1,710,37833,ILONA B,8/11/2024 17:58,6,21,710,345701,NSEI,57.1315,-134.723667,57.113167,-134.723833,636.4224,,,,,,,,,,Retained,,480
2024,611,1,710,37833,ILONA B,8/11/2024 17:58,6,21,710,345701,NSEI,57.1315,-134.723667,57.113167,-134.723833,636.4224,,,,,,,,,,Retained,,481
2024,611,1,710,37833,ILONA B,8/11/2024 17:58,6,21,710,345701,NSEI,57.1315,-134.723667,57.113167,-134.723833,636.4224,,,,,,,,,,Retained,,482
2024,611,1,710,37833,ILONA B,8/11/2024 17:58,6,21,710,345701,NSEI,57.1315,-134.723667,57.113167,-134.723833,636.4224,,,,,,,,,,Retained,,483
2024,611,1,710,37833,ILONA B,8/11/2024 17:58,6,21,710,345701,NSEI,57.1315,-134.723667,57.113167,-134.723833,636.4224,,,,,,,,,,Retained,,484
2024,611,1,710,37833,ILONA B,8/11/2024 17:58,6,21,710,345701,NSEI,57.1315,-134.723667,57.113167,-134.723833,636.4224,,,,,,,,,,Retained,,485
2024,611,1,710,37833,ILONA B,8/11/2024 17:58,6,21,710,345701,NSEI,57.1315,-134.723667,57.113167,-134.723833,636.4224,,,,,,,,,,Retained,,486
2024,611,1,710,37833,ILONA B,8/11/2024 17:58,6,21,710,345701,NSEI,57.1315,-134.723667,57.113167,-134.723833,636.4224,,,,,,,,,,Retained,,487
2024,611,1,710,37833,ILONA B,8/11/2024 17:58,6,21,710,345701,NSEI,57.1315,-134.723667,57.113167,-134.723833,636.4224,,,,,,,,,,Retained,,488
2024,611,1,710,37833,ILONA B,8/11/2024 17:58,6,21,710,345701,NSEI,57.1315,-134.723667,57.113167,-134.723833,636.4224,,,,,,,,,,Retained,,489
2024,611,1,710,37833,ILONA B,8/11/2024 17:58,6,21,710,345701,NSEI,57.1315,-134.723667,57.113167,-134.723833,636.4224,,,,,,,,,,Retained,,490
2024,611,1,710,37833,ILONA B,8/11/2024 17:58,6,21,710,345701,NSEI,57.1315,-134.723667,57.113167,-134.723833,636.4224,,,,,,,,,,Retained,,491
2024,611,1,710,37833,ILONA B,8/11/2024 17:58,6,21,710,345701,NSEI,57.1315,-134.723667,57.113167,-134.723833,636.4224,,,,,,,,,,Retained,,492
2024,611,1,710,37833,ILONA B,8/11/2024 17:58,6,21,710,345701,NSEI,57.1315,-134.723667,57.113167,-134.723833,636.4224,,,,,,,,,,Retained,,493
2024,611,1,710,37833,ILONA B,8/11/2024 17:58,6,21,710,345701,NSEI,57.1315,-134.723667,57.113167,-134.723833,636.4224,,,,,,,,,,Retained,,494
2024,611,1,710,37833,ILONA B,8/11/2024 17:58,6,21,710,345701,NSEI,57.1315,-134.723667,57.113167,-134.723833,636.4224,,,,,,,,,,Retained,,495
2024,611,1,710,37833,ILONA B,8/11/2024 17:58,6,21,710,345701,NSEI,57.1315,-134.723667,57.113167,-134.723833,636.4224,,,,,,,,,,Retained,,496
2024,611,1,710,37833,ILONA B,8/11/2024 17:58,6,21,710,345701,NSEI,57.1315,-134.723667,57.113167,-134.723833,636.4224,,,,,,,,,,Retained,,497
2024,611,1,710,37833,ILONA B,8/11/2024 17:58,6,21,710,345701,NSEI,57.1315,-134.723667,57.113167,-134.723833,636.4224,,,,,,,,,,Retained,,498
2024,611,1,710,37833,ILONA B,8/11/2024 17:58,6,21,710,345701,NSEI,57.1315,-134.723667,57.113167,-134.723833,636.4224,,,,,,,,,,Retained,,499
2024,611,1,710,37833,ILONA B,8/11/2024 17:58,6,21,710,345701,NSEI,57.1315,-134.723667,57.113167,-134.723833,636.4224,,,,,,,,,,Retained,,500
2024,611,1,710,37833,ILONA B,8/11/2024 17:58,6,21,710,345701,NSEI,57.1315,-134.723667,57.113167,-134.723833,636.4224,,,,,,,,,,Retained,,501
2024,611,1,710,37833,ILONA B,8/11/2024 17:58,6,21,710,345701,NSEI,57.1315,-134.723667,57.113167,-134.723833,636.4224,,,,,,,,,,Retained,,502
2024,611,1,710,37833,ILONA B,8/11/2024 17:58,6,21,710,345701,NSEI,57.1315,-134.723667,57.113167,-134.723833,636.4224,,,,,,,,,,Retained,,503
2024,611,1,710,37833,ILONA B,8/11/2024 17:58,6,21,710,345701,NSEI,57.1315,-134.723667,57.113167,-134.723833,636.4224,,,,,,,,,,Retained,,504
2024,611,1,710,37833,ILONA B,8/11/2024 17:58,6,21,710,345701,NSEI,57.1315,-134.723667,57.113167,-134.723833,636.4224,,,,,,,,,,Retained,,505
2024,611,1,710,37833,ILONA B,8/11/2024 17:58,6,21,710,345701,NSEI,57.1315,-134.723667,57.113167,-134.723833,636.4224,,,,,,,,,,Retained,,506
2024,611,1,710,37833,ILONA B,8/11/2024 17:58,6,21,710,345701,NSEI,57.1315,-134.723667,57.113167,-134.723833,636.4224,,,,,,,,,,Retained,,507
2024,611,1,710,37833,ILONA B,8/11/2024 17:58,6,21,710,345701,NSEI,57.1315,-134.723667,57.113167,-134.723833,636.4224,,,,,,,,,,Retained,,508
2024,611,1,710,37833,ILONA B,8/11/2024 17:58,6,21,710,345701,NSEI,57.1315,-134.723667,57.113167,-134.723833,636.4224,,,,,,,,,,Retained,,509
2024,611,1,710,37833,ILONA B,8/11/2024 17:58,6,21,710,345701,NSEI,57.1315,-134.723667,57.113167,-134.723833,636.4224,,,,,,,,,,Retained,,510
2024,611,1,710,37833,ILONA B,8/11/2024 17:58,6,21,710,345701,NSEI,57.1315,-134.723667,57.113167,-134.723833,636.4224,,,,,,,,,,Retained,,511
2024,611,1,710,37833,ILONA B,8/11/2024 17:58,6,21,710,345701,NSEI,57.1315,-134.723667,57.113167,-134.723833,636.4224,,,,,,,,,,Retained,,512
2024,611,1,710,37833,ILONA B,8/11/2024 17:58,6,21,710,345701,NSEI,57.1315,-134.723667,57.113167,-134.723833,636.4224,,,,,,,,,,Retained,,513
2024,611,1,710,37833,ILONA B,8/11/2024 17:58,6,21,710,345701,NSEI,57.1315,-134.723667,57.113167,-134.723833,636.4224,,,,,,,,,,Retained,,514
2024,611,1,710,37833,ILONA B,8/11/2024 17:58,6,21,710,345701,NSEI,57.1315,-134.723667,57.113167,-134.723833,636.4224,,,,,,,,,,Retained,,515
2024,611,1,710,37833,ILONA B,8/11/2024 17:58,6,21,710,345701,NSEI,57.1315,-134.723667,57.113167,-134.723833,636.4224,,,,,,,,,,Retained,,516
2024,611,1,710,37833,ILONA B,8/11/2024 17:58,6,21,710,345701,NSEI,57.1315,-134.723667,57.113167,-134.723833,636.4224,,,,,,,,,,Retained,,517
2024,611,1,710,37833,ILONA B,8/11/2024 17:58,6,21,710,345701,NSEI,57.1315,-134.723667,57.113167,-134.723833,636.4224,,,,,,,,,,Retained,,518
2024,611,1,710,37833,ILONA B,8/11/2024 17:58,6,21,710,345701,NSEI,57.1315,-134.723667,57.113167,-134.723833,636.4224,,,,,,,,,,Retained,,519
2024,611,1,710,37833,ILONA B,8/12/2024 13:07,7,22,710,345701,NSEI,57.1765,-134.766833,57.195167,-134.779,594.36,46,,,,,,,,,Retained,,22
2024,611,1,710,37833,ILONA B,8/12/2024 13:07,7,22,710,345701,NSEI,57.1765,-134.766833,57.195167,-134.779,594.36,48,,,,,,,,,Retained,,53
2024,611,1,710,37833,ILONA B,8/12/2024 13:07,7,22,710,345701,NSEI,57.1765,-134.766833,57.195167,-134.779,594.36,48,,,,,,,,,Retained,,68
2024,611,1,710,37833,ILONA B,8/12/2024 13:07,7,22,710,345701,NSEI,57.1765,-134.766833,57.195167,-134.779,594.36,49,,,,,,,,,Retained,,29
2024,611,1,710,37833,ILONA B,8/12/2024 13:07,7,22,710,345701,NSEI,57.1765,-134.766833,57.195167,-134.779,594.36,49,,,,,,,,,Retained,,79
2024,611,1,710,37833,ILONA B,8/12/2024 13:07,7,22,710,345701,NSEI,57.1765,-134.766833,57.195167,-134.779,594.36,49,,,,,,,,,Retained,,110
2024,611,1,710,37833,ILONA B,8/12/2024 13:07,7,22,710,345701,NSEI,57.1765,-134.766833,57.195167,-134.779,594.36,50,,,,,,,,,Retained,,23
2024,611,1,710,37833,ILONA B,8/12/2024 13:07,7,22,710,345701,NSEI,57.1765,-134.766833,57.195167,-134.779,594.36,51,,,,,,,,,Retained,,58
2024,611,1,710,37833,ILONA B,8/12/2024 13:07,7,22,710,345701,NSEI,57.1765,-134.766833,57.195167,-134.779,594.36,52,1.5,8,,2,1,1,,,Retained,,136
2024,611,1,710,37833,ILONA B,8/12/2024 13:07,7,22,710,345701,NSEI,57.1765,-134.766833,57.195167,-134.779,594.36,52,,,,,,,,,Retained,,13
2024,611,1,710,37833,ILONA B,8/12/2024 13:07,7,22,710,345701,NSEI,57.1765,-134.766833,57.195167,-134.779,594.36,52,,,,,,,,,Retained,,15
2024,611,1,710,37833,ILONA B,8/12/2024 13:07,7,22,710,345701,NSEI,57.1765,-134.766833,57.195167,-134.779,594.36,52,,,,,,,,,Retained,,52
2024,611,1,710,37833,ILONA B,8/12/2024 13:07,7,22,710,345701,NSEI,57.1765,-134.766833,57.195167,-134.779,594.36,52,,,,,,,,,Retained,,59
2024,611,1,710,37833,ILONA B,8/12/2024 13:07,7,22,710,345701,NSEI,57.1765,-134.766833,57.195167,-134.779,594.36,52,,,,,,,,,Retained,,108
2024,611,1,710,37833,ILONA B,8/12/2024 13:07,7,22,710,345701,NSEI,57.1765,-134.766833,57.195167,-134.779,594.36,52,,,,,,,,,Retained,,113
2024,611,1,710,37833,ILONA B,8/12/2024 13:07,7,22,710,345701,NSEI,57.1765,-134.766833,57.195167,-134.779,594.36,52,,,,,,,,,Retained,,129
2024,611,1,710,37833,ILONA B,8/12/2024 13:07,7,22,710,345701,NSEI,57.1765,-134.766833,57.195167,-134.779,594.36,53,1.5,8,,3,2,1,,,Retained,,46
2024,611,1,710,37833,ILONA B,8/12/2024 13:07,7,22,710,345701,NSEI,57.1765,-134.766833,57.195167,-134.779,594.36,53,,,,,,,,,Retained,,18
2024,611,1,710,37833,ILONA B,8/12/2024 13:07,7,22,710,345701,NSEI,57.1765,-134.766833,57.195167,-134.779,594.36,53,,,,,,,,,Retained,,27
2024,611,1,710,37833,ILONA B,8/12/2024 13:07,7,22,710,345701,NSEI,57.1765,-134.766833,57.195167,-134.779,594.36,53,,,,,,,,,Retained,,103
2024,611,1,710,37833,ILONA B,8/12/2024 13:07,7,22,710,345701,NSEI,57.1765,-134.766833,57.195167,-134.779,594.36,53,,,,,,,,,Retained,,120
2024,611,1,710,37833,ILONA B,8/12/2024 13:07,7,22,710,345701,NSEI,57.1765,-134.766833,57.195167,-134.779,594.36,53,,,,,,,,,Retained,,142
2024,611,1,710,37833,ILONA B,8/12/2024 13:07,7,22,710,345701,NSEI,57.1765,-134.766833,57.195167,-134.779,594.36,54,1.6,6,,2,1,1,,,Retained,,71
2024,611,1,710,37833,ILONA B,8/12/2024 13:07,7,22,710,345701,NSEI,57.1765,-134.766833,57.195167,-134.779,594.36,54,1.6,6,,2,2,1,,,Retained,,111
2024,611,1,710,37833,ILONA B,8/12/2024 13:07,7,22,710,345701,NSEI,57.1765,-134.766833,57.195167,-134.779,594.36,54,1.7,6,,2,2,1,,,Retained,,16
2024,611,1,710,37833,ILONA B,8/12/2024 13:07,7,22,710,345701,NSEI,57.1765,-134.766833,57.195167,-134.779,594.36,54,,,,,,,,,Retained,,28
2024,611,1,710,37833,ILONA B,8/12/2024 13:07,7,22,710,345701,NSEI,57.1765,-134.766833,57.195167,-134.779,594.36,54,,,,,,,,,Retained,,37
2024,611,1,710,37833,ILONA B,8/12/2024 13:07,7,22,710,345701,NSEI,57.1765,-134.766833,57.195167,-134.779,594.36,54,,,,,,,,,Retained,,38
2024,611,1,710,37833,ILONA B,8/12/2024 13:07,7,22,710,345701,NSEI,57.1765,-134.766833,57.195167,-134.779,594.36,54,,,,,,,,,Retained,,85
2024,611,1,710,37833,ILONA B,8/12/2024 13:07,7,22,710,345701,NSEI,57.1765,-134.766833,57.195167,-134.779,594.36,54,,,,,,,,,Retained,,89
2024,611,1,710,37833,ILONA B,8/12/2024 13:07,7,22,710,345701,NSEI,57.1765,-134.766833,57.195167,-134.779,594.36,54,,,,,,,,,Retained,,98
2024,611,1,710,37833,ILONA B,8/12/2024 13:07,7,22,710,345701,NSEI,57.1765,-134.766833,57.195167,-134.779,594.36,54,,,,,,,,,Retained,,140
2024,611,1,710,37833,ILONA B,8/12/2024 13:07,7,22,710,345701,NSEI,57.1765,-134.766833,57.195167,-134.779,594.36,55,1.8,5,,2,1,1,,,Retained,,26
2024,611,1,710,37833,ILONA B,8/12/2024 13:07,7,22,710,345701,NSEI,57.1765,-134.766833,57.195167,-134.779,594.36,55,,,,,,,,,Retained,,2
2024,611,1,710,37833,ILONA B,8/12/2024 13:07,7,22,710,345701,NSEI,57.1765,-134.766833,57.195167,-134.779,594.36,55,,,,,,,,,Retained,,12
2024,611,1,710,37833,ILONA B,8/12/2024 13:07,7,22,710,345701,NSEI,57.1765,-134.766833,57.195167,-134.779,594.36,55,,,,,,,,,Retained,,40
2024,611,1,710,37833,ILONA B,8/12/2024 13:07,7,22,710,345701,NSEI,57.1765,-134.766833,57.195167,-134.779,594.36,55,,,,,,,,,Retained,,44
2024,611,1,710,37833,ILONA B,8/12/2024 13:07,7,22,710,345701,NSEI,57.1765,-134.766833,57.195167,-134.779,594.36,55,,,,,,,,,Retained,,49
2024,611,1,710,37833,ILONA B,8/12/2024 13:07,7,22,710,345701,NSEI,57.1765,-134.766833,57.195167,-134.779,594.36,55,,,,,,,,,Retained,,64
2024,611,1,710,37833,ILONA B,8/12/2024 13:07,7,22,710,345701,NSEI,57.1765,-134.766833,57.195167,-134.779,594.36,55,,,,,,,,,Retained,,67
2024,611,1,710,37833,ILONA B,8/12/2024 13:07,7,22,710,345701,NSEI,57.1765,-134.766833,57.195167,-134.779,594.36,55,,,,,,,,,Retained,,74
2024,611,1,710,37833,ILONA B,8/12/2024 13:07,7,22,710,345701,NSEI,57.1765,-134.766833,57.195167,-134.779,594.36,55,,,,,,,,,Retained,,94
2024,611,1,710,37833,ILONA B,8/12/2024 13:07,7,22,710,345701,NSEI,57.1765,-134.766833,57.195167,-134.779,594.36,55,,,,,,,,,Retained,,134
2024,611,1,710,37833,ILONA B,8/12/2024 13:07,7,22,710,345701,NSEI,57.1765,-134.766833,57.195167,-134.779,594.36,55,,,,,,,,,Retained,,138
2024,611,1,710,37833,ILONA B,8/12/2024 13:07,7,22,710,345701,NSEI,57.1765,-134.766833,57.195167,-134.779,594.36,56,1.8,6,,2,1,7,,,Retained,,126
2024,611,1,710,37833,ILONA B,8/12/2024 13:07,7,22,710,345701,NSEI,57.1765,-134.766833,57.195167,-134.779,594.36,56,1.8,7,,2,2,7,,,Retained,,116
2024,611,1,710,37833,ILONA B,8/12/2024 13:07,7,22,710,345701,NSEI,57.1765,-134.766833,57.195167,-134.779,594.36,56,1.8,8,,2,1,7,,,Retained,,121
2024,611,1,710,37833,ILONA B,8/12/2024 13:07,7,22,710,345701,NSEI,57.1765,-134.766833,57.195167,-134.779,594.36,56,2.1,7,,2,1,7,,,Retained,,106
2024,611,1,710,37833,ILONA B,8/12/2024 13:07,7,22,710,345701,NSEI,57.1765,-134.766833,57.195167,-134.779,594.36,56,,,,,,,,,Retained,,3
2024,611,1,710,37833,ILONA B,8/12/2024 13:07,7,22,710,345701,NSEI,57.1765,-134.766833,57.195167,-134.779,594.36,56,,,,,,,,,Retained,,4
2024,611,1,710,37833,ILONA B,8/12/2024 13:07,7,22,710,345701,NSEI,57.1765,-134.766833,57.195167,-134.779,594.36,56,,,,,,,,,Retained,,9
2024,611,1,710,37833,ILONA B,8/12/2024 13:07,7,22,710,345701,NSEI,57.1765,-134.766833,57.195167,-134.779,594.36,56,,,,,,,,,Retained,,17
2024,611,1,710,37833,ILONA B,8/12/2024 13:07,7,22,710,345701,NSEI,57.1765,-134.766833,57.195167,-134.779,594.36,56,,,,,,,,,Retained,,25
2024,611,1,710,37833,ILONA B,8/12/2024 13:07,7,22,710,345701,NSEI,57.1765,-134.766833,57.195167,-134.779,594.36,56,,,,,,,,,Retained,,33
2024,611,1,710,37833,ILONA B,8/12/2024 13:07,7,22,710,345701,NSEI,57.1765,-134.766833,57.195167,-134.779,594.36,56,,,,,,,,,Retained,,60
2024,611,1,710,37833,ILONA B,8/12/2024 13:07,7,22,710,345701,NSEI,57.1765,-134.766833,57.195167,-134.779,594.36,56,,,,,,,,,Retained,,77
2024,611,1,710,37833,ILONA B,8/12/2024 13:07,7,22,710,345701,NSEI,57.1765,-134.766833,57.195167,-134.779,594.36,56,,,,,,,,,Retained,,84
2024,611,1,710,37833,ILONA B,8/12/2024 13:07,7,22,710,345701,NSEI,57.1765,-134.766833,57.195167,-134.779,594.36,56,,,,,,,,,Retained,,102
2024,611,1,710,37833,ILONA B,8/12/2024 13:07,7,22,710,345701,NSEI,57.1765,-134.766833,57.195167,-134.779,594.36,56,,,,,,,,,Retained,,114
2024,611,1,710,37833,ILONA B,8/12/2024 13:07,7,22,710,345701,NSEI,57.1765,-134.766833,57.195167,-134.779,594.36,56,,,,,,,,,Retained,,135
2024,611,1,710,37833,ILONA B,8/12/2024 13:07,7,22,710,345701,NSEI,57.1765,-134.766833,57.195167,-134.779,594.36,56,,,,,,,,,Retained,,143
2024,611,1,710,37833,ILONA B,8/12/2024 13:07,7,22,710,345701,NSEI,57.1765,-134.766833,57.195167,-134.779,594.36,57,1.8,6,,2,2,1,,,Retained,,21
2024,611,1,710,37833,ILONA B,8/12/2024 13:07,7,22,710,345701,NSEI,57.1765,-134.766833,57.195167,-134.779,594.36,57,1.9,5,,2,1,1,,,Retained,,6
2024,611,1,710,37833,ILONA B,8/12/2024 13:07,7,22,710,345701,NSEI,57.1765,-134.766833,57.195167,-134.779,594.36,57,2,9,,2,1,7,,,Retained,,91
2024,611,1,710,37833,ILONA B,8/12/2024 13:07,7,22,710,345701,NSEI,57.1765,-134.766833,57.195167,-134.779,594.36,57,2.2,9,,2,1,7,,,Retained,,96
2024,611,1,710,37833,ILONA B,8/12/2024 13:07,7,22,710,345701,NSEI,57.1765,-134.766833,57.195167,-134.779,594.36,57,,,,,,,,,Retained,,19
2024,611,1,710,37833,ILONA B,8/12/2024 13:07,7,22,710,345701,NSEI,57.1765,-134.766833,57.195167,-134.779,594.36,57,,,,,,,,,Retained,,24
2024,611,1,710,37833,ILONA B,8/12/2024 13:07,7,22,710,345701,NSEI,57.1765,-134.766833,57.195167,-134.779,594.36,57,,,,,,,,,Retained,,43
2024,611,1,710,37833,ILONA B,8/12/2024 13:07,7,22,710,345701,NSEI,57.1765,-134.766833,57.195167,-134.779,594.36,57,,,,,,,,,Retained,,54
2024,611,1,710,37833,ILONA B,8/12/2024 13:07,7,22,710,345701,NSEI,57.1765,-134.766833,57.195167,-134.779,594.36,57,,,,,,,,,Retained,,87
2024,611,1,710,37833,ILONA B,8/12/2024 13:07,7,22,710,345701,NSEI,57.1765,-134.766833,57.195167,-134.779,594.36,57,,,,,,,,,Retained,,88
2024,611,1,710,37833,ILONA B,8/12/2024 13:07,7,22,710,345701,NSEI,57.1765,-134.766833,57.195167,-134.779,594.36,57,,,,,,,,,Retained,,93
2024,611,1,710,37833,ILONA B,8/12/2024 13:07,7,22,710,345701,NSEI,57.1765,-134.766833,57.195167,-134.779,594.36,57,,,,,,,,,Retained,,118
2024,611,1,710,37833,ILONA B,8/12/2024 13:07,7,22,710,345701,NSEI,57.1765,-134.766833,57.195167,-134.779,594.36,57,,,,,,,,,Retained,,119
2024,611,1,710,37833,ILONA B,8/12/2024 13:07,7,22,710,345701,NSEI,57.1765,-134.766833,57.195167,-134.779,594.36,57,,,,,,,,,Retained,,122
2024,611,1,710,37833,ILONA B,8/12/2024 13:07,7,22,710,345701,NSEI,57.1765,-134.766833,57.195167,-134.779,594.36,57,,,,,,,,,Retained,,123
2024,611,1,710,37833,ILONA B,8/12/2024 13:07,7,22,710,345701,NSEI,57.1765,-134.766833,57.195167,-134.779,594.36,57,,,,,,,,,Retained,,124
2024,611,1,710,37833,ILONA B,8/12/2024 13:07,7,22,710,345701,NSEI,57.1765,-134.766833,57.195167,-134.779,594.36,57,,,,,,,,,Retained,,127
2024,611,1,710,37833,ILONA B,8/12/2024 13:07,7,22,710,345701,NSEI,57.1765,-134.766833,57.195167,-134.779,594.36,57,,,,,,,,,Retained,,132
2024,611,1,710,37833,ILONA B,8/12/2024 13:07,7,22,710,345701,NSEI,57.1765,-134.766833,57.195167,-134.779,594.36,57,,,,,,,,,Retained,,137
2024,611,1,710,37833,ILONA B,8/12/2024 13:07,7,22,710,345701,NSEI,57.1765,-134.766833,57.195167,-134.779,594.36,57,,,,,,,,,Retained,,139
2024,611,1,710,37833,ILONA B,8/12/2024 13:07,7,22,710,345701,NSEI,57.1765,-134.766833,57.195167,-134.779,594.36,58,2,5,,2,1,7,,,Retained,,36
2024,611,1,710,37833,ILONA B,8/12/2024 13:07,7,22,710,345701,NSEI,57.1765,-134.766833,57.195167,-134.779,594.36,58,2.2,6,,2,1,7,,,Retained,,1
2024,611,1,710,37833,ILONA B,8/12/2024 13:07,7,22,710,345701,NSEI,57.1765,-134.766833,57.195167,-134.779,594.36,58,,,,,,,,,Retained,,10
2024,611,1,710,37833,ILONA B,8/12/2024 13:07,7,22,710,345701,NSEI,57.1765,-134.766833,57.195167,-134.779,594.36,58,,,,,,,,,Retained,,14
2024,611,1,710,37833,ILONA B,8/12/2024 13:07,7,22,710,345701,NSEI,57.1765,-134.766833,57.195167,-134.779,594.36,58,,,,,,,,,Retained,,20
2024,611,1,710,37833,ILONA B,8/12/2024 13:07,7,22,710,345701,NSEI,57.1765,-134.766833,57.195167,-134.779,594.36,58,,,,,,,,,Retained,,50
2024,611,1,710,37833,ILONA B,8/12/2024 13:07,7,22,710,345701,NSEI,57.1765,-134.766833,57.195167,-134.779,594.36,58,,,,,,,,,Retained,,63
2024,611,1,710,37833,ILONA B,8/12/2024 13:07,7,22,710,345701,NSEI,57.1765,-134.766833,57.195167,-134.779,594.36,58,,,,,,,,,Retained,,78
2024,611,1,710,37833,ILONA B,8/12/2024 13:07,7,22,710,345701,NSEI,57.1765,-134.766833,57.195167,-134.779,594.36,58,,,,,,,,,Retained,,95
2024,611,1,710,37833,ILONA B,8/12/2024 13:07,7,22,710,345701,NSEI,57.1765,-134.766833,57.195167,-134.779,594.36,58,,,,,,,,,Retained,,117
2024,611,1,710,37833,ILONA B,8/12/2024 13:07,7,22,710,345701,NSEI,57.1765,-134.766833,57.195167,-134.779,594.36,59,1.9,6,,3,2,1,,,Retained,,86
2024,611,1,710,37833,ILONA B,8/12/2024 13:07,7,22,710,345701,NSEI,57.1765,-134.766833,57.195167,-134.779,594.36,59,,,,,,,,,Retained,,42
2024,611,1,710,37833,ILONA B,8/12/2024 13:07,7,22,710,345701,NSEI,57.1765,-134.766833,57.195167,-134.779,594.36,59,,,,,,,,,Retained,,90
2024,611,1,710,37833,ILONA B,8/12/2024 13:07,7,22,710,345701,NSEI,57.1765,-134.766833,57.195167,-134.779,594.36,59,,,,,,,,,Retained,,99
2024,611,1,710,37833,ILONA B,8/12/2024 13:07,7,22,710,345701,NSEI,57.1765,-134.766833,57.195167,-134.779,594.36,59,,,,,,,,,Retained,,104
2024,611,1,710,37833,ILONA B,8/12/2024 13:07,7,22,710,345701,NSEI,57.1765,-134.766833,57.195167,-134.779,594.36,59,,,,,,,,,Retained,,107
2024,611,1,710,37833,ILONA B,8/12/2024 13:07,7,22,710,345701,NSEI,57.1765,-134.766833,57.195167,-134.779,594.36,59,,,,,,,,,Retained,,130
2024,611,1,710,37833,ILONA B,8/12/2024 13:07,7,22,710,345701,NSEI,57.1765,-134.766833,57.195167,-134.779,594.36,60,2.2,10,,2,2,7,,,Retained,,131
2024,611,1,710,37833,ILONA B,8/12/2024 13:07,7,22,710,345701,NSEI,57.1765,-134.766833,57.195167,-134.779,594.36,60,2.3,5,,3,1,7,,,Retained,,51
2024,611,1,710,37833,ILONA B,8/12/2024 13:07,7,22,710,345701,NSEI,57.1765,-134.766833,57.195167,-134.779,594.36,60,2.3,10,,2,1,7,,,Retained,,76
2024,611,1,710,37833,ILONA B,8/12/2024 13:07,7,22,710,345701,NSEI,57.1765,-134.766833,57.195167,-134.779,594.36,60,,,,,,,,,Retained,,8
2024,611,1,710,37833,ILONA B,8/12/2024 13:07,7,22,710,345701,NSEI,57.1765,-134.766833,57.195167,-134.779,594.36,60,,,,,,,,,Retained,,73
2024,611,1,710,37833,ILONA B,8/12/2024 13:07,7,22,710,345701,NSEI,57.1765,-134.766833,57.195167,-134.779,594.36,60,,,,,,,,,Retained,,83
2024,611,1,710,37833,ILONA B,8/12/2024 13:07,7,22,710,345701,NSEI,57.1765,-134.766833,57.195167,-134.779,594.36,61,2.4,5,,2,1,7,,,Retained,,11
2024,611,1,710,37833,ILONA B,8/12/2024 13:07,7,22,710,345701,NSEI,57.1765,-134.766833,57.195167,-134.779,594.36,61,2.4,6,,2,2,7,,,Retained,,31
2024,611,1,710,37833,ILONA B,8/12/2024 13:07,7,22,710,345701,NSEI,57.1765,-134.766833,57.195167,-134.779,594.36,61,,,,,,,,,Retained,,32
2024,611,1,710,37833,ILONA B,8/12/2024 13:07,7,22,710,345701,NSEI,57.1765,-134.766833,57.195167,-134.779,594.36,61,,,,,,,,,Retained,,57
2024,611,1,710,37833,ILONA B,8/12/2024 13:07,7,22,710,345701,NSEI,57.1765,-134.766833,57.195167,-134.779,594.36,61,,,,,,,,,Retained,,72
2024,611,1,710,37833,ILONA B,8/12/2024 13:07,7,22,710,345701,NSEI,57.1765,-134.766833,57.195167,-134.779,594.36,61,,,,,,,,,Retained,,82
2024,611,1,710,37833,ILONA B,8/12/2024 13:07,7,22,710,345701,NSEI,57.1765,-134.766833,57.195167,-134.779,594.36,62,2.3,8,,2,1,7,,,Retained,,101
2024,611,1,710,37833,ILONA B,8/12/2024 13:07,7,22,710,345701,NSEI,57.1765,-134.766833,57.195167,-134.779,594.36,62,2.7,7,,2,2,7,,,Retained,,56
2024,611,1,710,37833,ILONA B,8/12/2024 13:07,7,22,710,345701,NSEI,57.1765,-134.766833,57.195167,-134.779,594.36,62,,,,,,,,,Retained,,30
2024,611,1,710,37833,ILONA B,8/12/2024 13:07,7,22,710,345701,NSEI,57.1765,-134.766833,57.195167,-134.779,594.36,62,,,,,,,,,Retained,,34
2024,611,1,710,37833,ILONA B,8/12/2024 13:07,7,22,710,345701,NSEI,57.1765,-134.766833,57.195167,-134.779,594.36,62,,,,,,,,,Retained,,47
2024,611,1,710,37833,ILONA B,8/12/2024 13:07,7,22,710,345701,NSEI,57.1765,-134.766833,57.195167,-134.779,594.36,62,,,,,,,,,Retained,,69
2024,611,1,710,37833,ILONA B,8/12/2024 13:07,7,22,710,345701,NSEI,57.1765,-134.766833,57.195167,-134.779,594.36,62,,,,,,,,,Retained,,75
2024,611,1,710,37833,ILONA B,8/12/2024 13:07,7,22,710,345701,NSEI,57.1765,-134.766833,57.195167,-134.779,594.36,62,,,,,,,,,Retained,,80
2024,611,1,710,37833,ILONA B,8/12/2024 13:07,7,22,710,345701,NSEI,57.1765,-134.766833,57.195167,-134.779,594.36,62,,,,,,,,,Retained,,97
2024,611,1,710,37833,ILONA B,8/12/2024 13:07,7,22,710,345701,NSEI,57.1765,-134.766833,57.195167,-134.779,594.36,63,2.6,7,,2,2,7,,,Retained,,66
2024,611,1,710,37833,ILONA B,8/12/2024 13:07,7,22,710,345701,NSEI,57.1765,-134.766833,57.195167,-134.779,594.36,63,,,,,,,,,Retained,,39
2024,611,1,710,37833,ILONA B,8/12/2024 13:07,7,22,710,345701,NSEI,57.1765,-134.766833,57.195167,-134.779,594.36,64,2.7,7,,2,2,7,,,Retained,,81
2024,611,1,710,37833,ILONA B,8/12/2024 13:07,7,22,710,345701,NSEI,57.1765,-134.766833,57.195167,-134.779,594.36,64,,,,,,,,,Retained,,5
2024,611,1,710,37833,ILONA B,8/12/2024 13:07,7,22,710,345701,NSEI,57.1765,-134.766833,57.195167,-134.779,594.36,64,,,,,,,,,Retained,,35
2024,611,1,710,37833,ILONA B,8/12/2024 13:07,7,22,710,345701,NSEI,57.1765,-134.766833,57.195167,-134.779,594.36,64,,,,,,,,,Retained,,45
2024,611,1,710,37833,ILONA B,8/12/2024 13:07,7,22,710,345701,NSEI,57.1765,-134.766833,57.195167,-134.779,594.36,64,,,,,,,,,Retained,,55
2024,611,1,710,37833,ILONA B,8/12/2024 13:07,7,22,710,345701,NSEI,57.1765,-134.766833,57.195167,-134.779,594.36,64,,,,,,,,,Retained,,115
2024,611,1,710,37833,ILONA B,8/12/2024 13:07,7,22,710,345701,NSEI,57.1765,-134.766833,57.195167,-134.779,594.36,64,,,,,,,,,Retained,,128
2024,611,1,710,37833,ILONA B,8/12/2024 13:07,7,22,710,345701,NSEI,57.1765,-134.766833,57.195167,-134.779,594.36,64,,,,,,,,,Retained,,144
2024,611,1,710,37833,ILONA B,8/12/2024 13:07,7,22,710,345701,NSEI,57.1765,-134.766833,57.195167,-134.779,594.36,65,2.7,6,,2,2,1,,,Retained,,141
2024,611,1,710,37833,ILONA B,8/12/2024 13:07,7,22,710,345701,NSEI,57.1765,-134.766833,57.195167,-134.779,594.36,65,,,,,,,,,Retained,,105
2024,611,1,710,37833,ILONA B,8/12/2024 13:07,7,22,710,345701,NSEI,57.1765,-134.766833,57.195167,-134.779,594.36,65,,,,,,,,,Retained,,133
2024,611,1,710,37833,ILONA B,8/12/2024 13:07,7,22,710,345701,NSEI,57.1765,-134.766833,57.195167,-134.779,594.36,65,,,,,,,,,Retained,,145
2024,611,1,710,37833,ILONA B,8/12/2024 13:07,7,22,710,345701,NSEI,57.1765,-134.766833,57.195167,-134.779,594.36,67,3.3,6,,2,2,7,,,Retained,,41
2024,611,1,710,37833,ILONA B,8/12/2024 13:07,7,22,710,345701,NSEI,57.1765,-134.766833,57.195167,-134.779,594.36,67,,,,,,,,,Retained,,109
2024,611,1,710,37833,ILONA B,8/12/2024 13:07,7,22,710,345701,NSEI,57.1765,-134.766833,57.195167,-134.779,594.36,67,,,,,,,,,Retained,,112
2024,611,1,710,37833,ILONA B,8/12/2024 13:07,7,22,710,345701,NSEI,57.1765,-134.766833,57.195167,-134.779,594.36,68,,,,,,,,,Retained,,70
2024,611,1,710,37833,ILONA B,8/12/2024 13:07,7,22,710,345701,NSEI,57.1765,-134.766833,57.195167,-134.779,594.36,68,,,,,,,,,Retained,,92
2024,611,1,710,37833,ILONA B,8/12/2024 13:07,7,22,710,345701,NSEI,57.1765,-134.766833,57.195167,-134.779,594.36,69,3.6,8,,3,2,9,,,Retained,,61
2024,611,1,710,37833,ILONA B,8/12/2024 13:07,7,22,710,345701,NSEI,57.1765,-134.766833,57.195167,-134.779,594.36,69,,,,,,,,,Retained,,7
2024,611,1,710,37833,ILONA B,8/12/2024 13:07,7,22,710,345701,NSEI,57.1765,-134.766833,57.195167,-134.779,594.36,69,,,,,,,,,Retained,,62
2024,611,1,710,37833,ILONA B,8/12/2024 13:07,7,22,710,345701,NSEI,57.1765,-134.766833,57.195167,-134.779,594.36,70,,,,,,,,,Retained,,65
2024,611,1,710,37833,ILONA B,8/12/2024 13:07,7,22,710,345701,NSEI,57.1765,-134.766833,57.195167,-134.779,594.36,72,,,,,,,,,Retained,,125
2024,611,1,710,37833,ILONA B,8/12/2024 13:07,7,22,710,345701,NSEI,57.1765,-134.766833,57.195167,-134.779,594.36,73,,,,,,,,,Retained,,48
2024,611,1,710,37833,ILONA B,8/12/2024 13:07,7,22,710,345701,NSEI,57.1765,-134.766833,57.195167,-134.779,594.36,76,,,,,,,,,Retained,,100
2024,611,1,710,37833,ILONA B,8/12/2024 13:07,7,22,710,345701,NSEI,57.1765,-134.766833,57.195167,-134.779,594.36,,,,,,,,,,"Discarded, too small",,172
2024,611,1,710,37833,ILONA B,8/12/2024 13:07,7,22,710,345701,NSEI,57.1765,-134.766833,57.195167,-134.779,594.36,,,,,,,,,,"Discarded, too small",,173
2024,611,1,710,37833,ILONA B,8/12/2024 13:07,7,22,710,345701,NSEI,57.1765,-134.766833,57.195167,-134.779,594.36,,,,,,,,,,"Discarded, too small",,404
2024,611,1,710,37833,ILONA B,8/12/2024 13:07,7,22,710,345701,NSEI,57.1765,-134.766833,57.195167,-134.779,594.36,,,,,,,,,,"Discarded, too small",,461
2024,611,1,710,37833,ILONA B,8/12/2024 13:07,7,22,710,345701,NSEI,57.1765,-134.766833,57.195167,-134.779,594.36,,,,,,,,,,"Discarded, too small",,462
2024,611,1,710,37833,ILONA B,8/12/2024 13:07,7,22,710,345701,NSEI,57.1765,-134.766833,57.195167,-134.779,594.36,,,,,,,,,,"Discarded, too small",,556
2024,611,1,710,37833,ILONA B,8/12/2024 13:07,7,22,710,345701,NSEI,57.1765,-134.766833,57.195167,-134.779,594.36,,,,,,,,,,"Discarded, too small",,557
2024,611,1,710,37833,ILONA B,8/12/2024 13:07,7,22,710,345701,NSEI,57.1765,-134.766833,57.195167,-134.779,594.36,,,,,,,,,,"Discarded, too small",,580
2024,611,1,710,37833,ILONA B,8/12/2024 13:07,7,22,710,345701,NSEI,57.1765,-134.766833,57.195167,-134.779,594.36,,,,,,,,,,"Discarded, too small",,581
2024,611,1,710,37833,ILONA B,8/12/2024 13:07,7,22,710,345701,NSEI,57.1765,-134.766833,57.195167,-134.779,594.36,,,,,,,,,,"Discarded, too small",,637
2024,611,1,710,37833,ILONA B,8/12/2024 13:07,7,22,710,345701,NSEI,57.1765,-134.766833,57.195167,-134.779,594.36,,,,,,,,,,"Discarded, too small",,638
2024,611,1,710,37833,ILONA B,8/12/2024 13:07,7,22,710,345701,NSEI,57.1765,-134.766833,57.195167,-134.779,594.36,,,,,,,,,,Retained,,146
2024,611,1,710,37833,ILONA B,8/12/2024 13:07,7,22,710,345701,NSEI,57.1765,-134.766833,57.195167,-134.779,594.36,,,,,,,,,,Retained,,147
2024,611,1,710,37833,ILONA B,8/12/2024 13:07,7,22,710,345701,NSEI,57.1765,-134.766833,57.195167,-134.779,594.36,,,,,,,,,,Retained,,148
2024,611,1,710,37833,ILONA B,8/12/2024 13:07,7,22,710,345701,NSEI,57.1765,-134.766833,57.195167,-134.779,594.36,,,,,,,,,,Retained,,149
2024,611,1,710,37833,ILONA B,8/12/2024 13:07,7,22,710,345701,NSEI,57.1765,-134.766833,57.195167,-134.779,594.36,,,,,,,,,,Retained,,150
2024,611,1,710,37833,ILONA B,8/12/2024 13:07,7,22,710,345701,NSEI,57.1765,-134.766833,57.195167,-134.779,594.36,,,,,,,,,,Retained,,151
2024,611,1,710,37833,ILONA B,8/12/2024 13:07,7,22,710,345701,NSEI,57.1765,-134.766833,57.195167,-134.779,594.36,,,,,,,,,,Retained,,152
2024,611,1,710,37833,ILONA B,8/12/2024 13:07,7,22,710,345701,NSEI,57.1765,-134.766833,57.195167,-134.779,594.36,,,,,,,,,,Retained,,153
2024,611,1,710,37833,ILONA B,8/12/2024 13:07,7,22,710,345701,NSEI,57.1765,-134.766833,57.195167,-134.779,594.36,,,,,,,,,,Retained,,154
2024,611,1,710,37833,ILONA B,8/12/2024 13:07,7,22,710,345701,NSEI,57.1765,-134.766833,57.195167,-134.779,594.36,,,,,,,,,,Retained,,155
2024,611,1,710,37833,ILONA B,8/12/2024 13:07,7,22,710,345701,NSEI,57.1765,-134.766833,57.195167,-134.779,594.36,,,,,,,,,,Retained,,156
2024,611,1,710,37833,ILONA B,8/12/2024 13:07,7,22,710,345701,NSEI,57.1765,-134.766833,57.195167,-134.779,594.36,,,,,,,,,,Retained,,157
2024,611,1,710,37833,ILONA B,8/12/2024 13:07,7,22,710,345701,NSEI,57.1765,-134.766833,57.195167,-134.779,594.36,,,,,,,,,,Retained,,158
2024,611,1,710,37833,ILONA B,8/12/2024 13:07,7,22,710,345701,NSEI,57.1765,-134.766833,57.195167,-134.779,594.36,,,,,,,,,,Retained,,159
2024,611,1,710,37833,ILONA B,8/12/2024 13:07,7,22,710,345701,NSEI,57.1765,-134.766833,57.195167,-134.779,594.36,,,,,,,,,,Retained,,160
2024,611,1,710,37833,ILONA B,8/12/2024 13:07,7,22,710,345701,NSEI,57.1765,-134.766833,57.195167,-134.779,594.36,,,,,,,,,,Retained,,161
2024,611,1,710,37833,ILONA B,8/12/2024 13:07,7,22,710,345701,NSEI,57.1765,-134.766833,57.195167,-134.779,594.36,,,,,,,,,,Retained,,162
2024,611,1,710,37833,ILONA B,8/12/2024 13:07,7,22,710,345701,NSEI,57.1765,-134.766833,57.195167,-134.779,594.36,,,,,,,,,,Retained,,163
2024,611,1,710,37833,ILONA B,8/12/2024 13:07,7,22,710,345701,NSEI,57.1765,-134.766833,57.195167,-134.779,594.36,,,,,,,,,,Retained,,164
2024,611,1,710,37833,ILONA B,8/12/2024 13:07,7,22,710,345701,NSEI,57.1765,-134.766833,57.195167,-134.779,594.36,,,,,,,,,,Retained,,165
2024,611,1,710,37833,ILONA B,8/12/2024 13:07,7,22,710,345701,NSEI,57.1765,-134.766833,57.195167,-134.779,594.36,,,,,,,,,,Retained,,166
2024,611,1,710,37833,ILONA B,8/12/2024 13:07,7,22,710,345701,NSEI,57.1765,-134.766833,57.195167,-134.779,594.36,,,,,,,,,,Retained,,167
2024,611,1,710,37833,ILONA B,8/12/2024 13:07,7,22,710,345701,NSEI,57.1765,-134.766833,57.195167,-134.779,594.36,,,,,,,,,,Retained,,168
2024,611,1,710,37833,ILONA B,8/12/2024 13:07,7,22,710,345701,NSEI,57.1765,-134.766833,57.195167,-134.779,594.36,,,,,,,,,,Retained,,169
2024,611,1,710,37833,ILONA B,8/12/2024 13:07,7,22,710,345701,NSEI,57.1765,-134.766833,57.195167,-134.779,594.36,,,,,,,,,,Retained,,170
2024,611,1,710,37833,ILONA B,8/12/2024 13:07,7,22,710,345701,NSEI,57.1765,-134.766833,57.195167,-134.779,594.36,,,,,,,,,,Retained,,171
2024,611,1,710,37833,ILONA B,8/12/2024 13:07,7,22,710,345701,NSEI,57.1765,-134.766833,57.195167,-134.779,594.36,,,,,,,,,,Retained,,174
2024,611,1,710,37833,ILONA B,8/12/2024 13:07,7,22,710,345701,NSEI,57.1765,-134.766833,57.195167,-134.779,594.36,,,,,,,,,,Retained,,175
2024,611,1,710,37833,ILONA B,8/12/2024 13:07,7,22,710,345701,NSEI,57.1765,-134.766833,57.195167,-134.779,594.36,,,,,,,,,,Retained,,176
2024,611,1,710,37833,ILONA B,8/12/2024 13:07,7,22,710,345701,NSEI,57.1765,-134.766833,57.195167,-134.779,594.36,,,,,,,,,,Retained,,177
2024,611,1,710,37833,ILONA B,8/12/2024 13:07,7,22,710,345701,NSEI,57.1765,-134.766833,57.195167,-134.779,594.36,,,,,,,,,,Retained,,178
2024,611,1,710,37833,ILONA B,8/12/2024 13:07,7,22,710,345701,NSEI,57.1765,-134.766833,57.195167,-134.779,594.36,,,,,,,,,,Retained,,179
2024,611,1,710,37833,ILONA B,8/12/2024 13:07,7,22,710,345701,NSEI,57.1765,-134.766833,57.195167,-134.779,594.36,,,,,,,,,,Retained,,180
2024,611,1,710,37833,ILONA B,8/12/2024 13:07,7,22,710,345701,NSEI,57.1765,-134.766833,57.195167,-134.779,594.36,,,,,,,,,,Retained,,181
2024,611,1,710,37833,ILONA B,8/12/2024 13:07,7,22,710,345701,NSEI,57.1765,-134.766833,57.195167,-134.779,594.36,,,,,,,,,,Retained,,182
2024,611,1,710,37833,ILONA B,8/12/2024 13:07,7,22,710,345701,NSEI,57.1765,-134.766833,57.195167,-134.779,594.36,,,,,,,,,,Retained,,183
2024,611,1,710,37833,ILONA B,8/12/2024 13:07,7,22,710,345701,NSEI,57.1765,-134.766833,57.195167,-134.779,594.36,,,,,,,,,,Retained,,184
2024,611,1,710,37833,ILONA B,8/12/2024 13:07,7,22,710,345701,NSEI,57.1765,-134.766833,57.195167,-134.779,594.36,,,,,,,,,,Retained,,185
2024,611,1,710,37833,ILONA B,8/12/2024 13:07,7,22,710,345701,NSEI,57.1765,-134.766833,57.195167,-134.779,594.36,,,,,,,,,,Retained,,186
2024,611,1,710,37833,ILONA B,8/12/2024 13:07,7,22,710,345701,NSEI,57.1765,-134.766833,57.195167,-134.779,594.36,,,,,,,,,,Retained,,187
2024,611,1,710,37833,ILONA B,8/12/2024 13:07,7,22,710,345701,NSEI,57.1765,-134.766833,57.195167,-134.779,594.36,,,,,,,,,,Retained,,188
2024,611,1,710,37833,ILONA B,8/12/2024 13:07,7,22,710,345701,NSEI,57.1765,-134.766833,57.195167,-134.779,594.36,,,,,,,,,,Retained,,189
2024,611,1,710,37833,ILONA B,8/12/2024 13:07,7,22,710,345701,NSEI,57.1765,-134.766833,57.195167,-134.779,594.36,,,,,,,,,,Retained,,190
2024,611,1,710,37833,ILONA B,8/12/2024 13:07,7,22,710,345701,NSEI,57.1765,-134.766833,57.195167,-134.779,594.36,,,,,,,,,,Retained,,191
2024,611,1,710,37833,ILONA B,8/12/2024 13:07,7,22,710,345701,NSEI,57.1765,-134.766833,57.195167,-134.779,594.36,,,,,,,,,,Retained,,192
2024,611,1,710,37833,ILONA B,8/12/2024 13:07,7,22,710,345701,NSEI,57.1765,-134.766833,57.195167,-134.779,594.36,,,,,,,,,,Retained,,193
2024,611,1,710,37833,ILONA B,8/12/2024 13:07,7,22,710,345701,NSEI,57.1765,-134.766833,57.195167,-134.779,594.36,,,,,,,,,,Retained,,194
2024,611,1,710,37833,ILONA B,8/12/2024 13:07,7,22,710,345701,NSEI,57.1765,-134.766833,57.195167,-134.779,594.36,,,,,,,,,,Retained,,195
2024,611,1,710,37833,ILONA B,8/12/2024 13:07,7,22,710,345701,NSEI,57.1765,-134.766833,57.195167,-134.779,594.36,,,,,,,,,,Retained,,196
2024,611,1,710,37833,ILONA B,8/12/2024 13:07,7,22,710,345701,NSEI,57.1765,-134.766833,57.195167,-134.779,594.36,,,,,,,,,,Retained,,197
2024,611,1,710,37833,ILONA B,8/12/2024 13:07,7,22,710,345701,NSEI,57.1765,-134.766833,57.195167,-134.779,594.36,,,,,,,,,,Retained,,198
2024,611,1,710,37833,ILONA B,8/12/2024 13:07,7,22,710,345701,NSEI,57.1765,-134.766833,57.195167,-134.779,594.36,,,,,,,,,,Retained,,199
2024,611,1,710,37833,ILONA B,8/12/2024 13:07,7,22,710,345701,NSEI,57.1765,-134.766833,57.195167,-134.779,594.36,,,,,,,,,,Retained,,200
2024,611,1,710,37833,ILONA B,8/12/2024 13:07,7,22,710,345701,NSEI,57.1765,-134.766833,57.195167,-134.779,594.36,,,,,,,,,,Retained,,201
2024,611,1,710,37833,ILONA B,8/12/2024 13:07,7,22,710,345701,NSEI,57.1765,-134.766833,57.195167,-134.779,594.36,,,,,,,,,,Retained,,202
2024,611,1,710,37833,ILONA B,8/12/2024 13:07,7,22,710,345701,NSEI,57.1765,-134.766833,57.195167,-134.779,594.36,,,,,,,,,,Retained,,203
2024,611,1,710,37833,ILONA B,8/12/2024 13:07,7,22,710,345701,NSEI,57.1765,-134.766833,57.195167,-134.779,594.36,,,,,,,,,,Retained,,204
2024,611,1,710,37833,ILONA B,8/12/2024 13:07,7,22,710,345701,NSEI,57.1765,-134.766833,57.195167,-134.779,594.36,,,,,,,,,,Retained,,205
2024,611,1,710,37833,ILONA B,8/12/2024 13:07,7,22,710,345701,NSEI,57.1765,-134.766833,57.195167,-134.779,594.36,,,,,,,,,,Retained,,206
2024,611,1,710,37833,ILONA B,8/12/2024 13:07,7,22,710,345701,NSEI,57.1765,-134.766833,57.195167,-134.779,594.36,,,,,,,,,,Retained,,207
2024,611,1,710,37833,ILONA B,8/12/2024 13:07,7,22,710,345701,NSEI,57.1765,-134.766833,57.195167,-134.779,594.36,,,,,,,,,,Retained,,208
2024,611,1,710,37833,ILONA B,8/12/2024 13:07,7,22,710,345701,NSEI,57.1765,-134.766833,57.195167,-134.779,594.36,,,,,,,,,,Retained,,209
2024,611,1,710,37833,ILONA B,8/12/2024 13:07,7,22,710,345701,NSEI,57.1765,-134.766833,57.195167,-134.779,594.36,,,,,,,,,,Retained,,210
2024,611,1,710,37833,ILONA B,8/12/2024 13:07,7,22,710,345701,NSEI,57.1765,-134.766833,57.195167,-134.779,594.36,,,,,,,,,,Retained,,211
2024,611,1,710,37833,ILONA B,8/12/2024 13:07,7,22,710,345701,NSEI,57.1765,-134.766833,57.195167,-134.779,594.36,,,,,,,,,,Retained,,212
2024,611,1,710,37833,ILONA B,8/12/2024 13:07,7,22,710,345701,NSEI,57.1765,-134.766833,57.195167,-134.779,594.36,,,,,,,,,,Retained,,213
2024,611,1,710,37833,ILONA B,8/12/2024 13:07,7,22,710,345701,NSEI,57.1765,-134.766833,57.195167,-134.779,594.36,,,,,,,,,,Retained,,214
2024,611,1,710,37833,ILONA B,8/12/2024 13:07,7,22,710,345701,NSEI,57.1765,-134.766833,57.195167,-134.779,594.36,,,,,,,,,,Retained,,215
2024,611,1,710,37833,ILONA B,8/12/2024 13:07,7,22,710,345701,NSEI,57.1765,-134.766833,57.195167,-134.779,594.36,,,,,,,,,,Retained,,216
2024,611,1,710,37833,ILONA B,8/12/2024 13:07,7,22,710,345701,NSEI,57.1765,-134.766833,57.195167,-134.779,594.36,,,,,,,,,,Retained,,217
2024,611,1,710,37833,ILONA B,8/12/2024 13:07,7,22,710,345701,NSEI,57.1765,-134.766833,57.195167,-134.779,594.36,,,,,,,,,,Retained,,218
2024,611,1,710,37833,ILONA B,8/12/2024 13:07,7,22,710,345701,NSEI,57.1765,-134.766833,57.195167,-134.779,594.36,,,,,,,,,,Retained,,219
2024,611,1,710,37833,ILONA B,8/12/2024 13:07,7,22,710,345701,NSEI,57.1765,-134.766833,57.195167,-134.779,594.36,,,,,,,,,,Retained,,220
2024,611,1,710,37833,ILONA B,8/12/2024 13:07,7,22,710,345701,NSEI,57.1765,-134.766833,57.195167,-134.779,594.36,,,,,,,,,,Retained,,221
2024,611,1,710,37833,ILONA B,8/12/2024 13:07,7,22,710,345701,NSEI,57.1765,-134.766833,57.195167,-134.779,594.36,,,,,,,,,,Retained,,222
2024,611,1,710,37833,ILONA B,8/12/2024 13:07,7,22,710,345701,NSEI,57.1765,-134.766833,57.195167,-134.779,594.36,,,,,,,,,,Retained,,223
2024,611,1,710,37833,ILONA B,8/12/2024 13:07,7,22,710,345701,NSEI,57.1765,-134.766833,57.195167,-134.779,594.36,,,,,,,,,,Retained,,224
2024,611,1,710,37833,ILONA B,8/12/2024 13:07,7,22,710,345701,NSEI,57.1765,-134.766833,57.195167,-134.779,594.36,,,,,,,,,,Retained,,225
2024,611,1,710,37833,ILONA B,8/12/2024 13:07,7,22,710,345701,NSEI,57.1765,-134.766833,57.195167,-134.779,594.36,,,,,,,,,,Retained,,226
2024,611,1,710,37833,ILONA B,8/12/2024 13:07,7,22,710,345701,NSEI,57.1765,-134.766833,57.195167,-134.779,594.36,,,,,,,,,,Retained,,227
2024,611,1,710,37833,ILONA B,8/12/2024 13:07,7,22,710,345701,NSEI,57.1765,-134.766833,57.195167,-134.779,594.36,,,,,,,,,,Retained,,228
2024,611,1,710,37833,ILONA B,8/12/2024 13:07,7,22,710,345701,NSEI,57.1765,-134.766833,57.195167,-134.779,594.36,,,,,,,,,,Retained,,229
2024,611,1,710,37833,ILONA B,8/12/2024 13:07,7,22,710,345701,NSEI,57.1765,-134.766833,57.195167,-134.779,594.36,,,,,,,,,,Retained,,230
2024,611,1,710,37833,ILONA B,8/12/2024 13:07,7,22,710,345701,NSEI,57.1765,-134.766833,57.195167,-134.779,594.36,,,,,,,,,,Retained,,231
2024,611,1,710,37833,ILONA B,8/12/2024 13:07,7,22,710,345701,NSEI,57.1765,-134.766833,57.195167,-134.779,594.36,,,,,,,,,,Retained,,232
2024,611,1,710,37833,ILONA B,8/12/2024 13:07,7,22,710,345701,NSEI,57.1765,-134.766833,57.195167,-134.779,594.36,,,,,,,,,,Retained,,233
2024,611,1,710,37833,ILONA B,8/12/2024 13:07,7,22,710,345701,NSEI,57.1765,-134.766833,57.195167,-134.779,594.36,,,,,,,,,,Retained,,234
2024,611,1,710,37833,ILONA B,8/12/2024 13:07,7,22,710,345701,NSEI,57.1765,-134.766833,57.195167,-134.779,594.36,,,,,,,,,,Retained,,235
2024,611,1,710,37833,ILONA B,8/12/2024 13:07,7,22,710,345701,NSEI,57.1765,-134.766833,57.195167,-134.779,594.36,,,,,,,,,,Retained,,236
2024,611,1,710,37833,ILONA B,8/12/2024 13:07,7,22,710,345701,NSEI,57.1765,-134.766833,57.195167,-134.779,594.36,,,,,,,,,,Retained,,237
2024,611,1,710,37833,ILONA B,8/12/2024 13:07,7,22,710,345701,NSEI,57.1765,-134.766833,57.195167,-134.779,594.36,,,,,,,,,,Retained,,238
2024,611,1,710,37833,ILONA B,8/12/2024 13:07,7,22,710,345701,NSEI,57.1765,-134.766833,57.195167,-134.779,594.36,,,,,,,,,,Retained,,239
2024,611,1,710,37833,ILONA B,8/12/2024 13:07,7,22,710,345701,NSEI,57.1765,-134.766833,57.195167,-134.779,594.36,,,,,,,,,,Retained,,240
2024,611,1,710,37833,ILONA B,8/12/2024 13:07,7,22,710,345701,NSEI,57.1765,-134.766833,57.195167,-134.779,594.36,,,,,,,,,,Retained,,241
2024,611,1,710,37833,ILONA B,8/12/2024 13:07,7,22,710,345701,NSEI,57.1765,-134.766833,57.195167,-134.779,594.36,,,,,,,,,,Retained,,242
2024,611,1,710,37833,ILONA B,8/12/2024 13:07,7,22,710,345701,NSEI,57.1765,-134.766833,57.195167,-134.779,594.36,,,,,,,,,,Retained,,243
2024,611,1,710,37833,ILONA B,8/12/2024 13:07,7,22,710,345701,NSEI,57.1765,-134.766833,57.195167,-134.779,594.36,,,,,,,,,,Retained,,244
2024,611,1,710,37833,ILONA B,8/12/2024 13:07,7,22,710,345701,NSEI,57.1765,-134.766833,57.195167,-134.779,594.36,,,,,,,,,,Retained,,245
2024,611,1,710,37833,ILONA B,8/12/2024 13:07,7,22,710,345701,NSEI,57.1765,-134.766833,57.195167,-134.779,594.36,,,,,,,,,,Retained,,246
2024,611,1,710,37833,ILONA B,8/12/2024 13:07,7,22,710,345701,NSEI,57.1765,-134.766833,57.195167,-134.779,594.36,,,,,,,,,,Retained,,247
2024,611,1,710,37833,ILONA B,8/12/2024 13:07,7,22,710,345701,NSEI,57.1765,-134.766833,57.195167,-134.779,594.36,,,,,,,,,,Retained,,248
2024,611,1,710,37833,ILONA B,8/12/2024 13:07,7,22,710,345701,NSEI,57.1765,-134.766833,57.195167,-134.779,594.36,,,,,,,,,,Retained,,249
2024,611,1,710,37833,ILONA B,8/12/2024 13:07,7,22,710,345701,NSEI,57.1765,-134.766833,57.195167,-134.779,594.36,,,,,,,,,,Retained,,250
2024,611,1,710,37833,ILONA B,8/12/2024 13:07,7,22,710,345701,NSEI,57.1765,-134.766833,57.195167,-134.779,594.36,,,,,,,,,,Retained,,251
2024,611,1,710,37833,ILONA B,8/12/2024 13:07,7,22,710,345701,NSEI,57.1765,-134.766833,57.195167,-134.779,594.36,,,,,,,,,,Retained,,252
2024,611,1,710,37833,ILONA B,8/12/2024 13:07,7,22,710,345701,NSEI,57.1765,-134.766833,57.195167,-134.779,594.36,,,,,,,,,,Retained,,253
2024,611,1,710,37833,ILONA B,8/12/2024 13:07,7,22,710,345701,NSEI,57.1765,-134.766833,57.195167,-134.779,594.36,,,,,,,,,,Retained,,254
2024,611,1,710,37833,ILONA B,8/12/2024 13:07,7,22,710,345701,NSEI,57.1765,-134.766833,57.195167,-134.779,594.36,,,,,,,,,,Retained,,255
2024,611,1,710,37833,ILONA B,8/12/2024 13:07,7,22,710,345701,NSEI,57.1765,-134.766833,57.195167,-134.779,594.36,,,,,,,,,,Retained,,256
2024,611,1,710,37833,ILONA B,8/12/2024 13:07,7,22,710,345701,NSEI,57.1765,-134.766833,57.195167,-134.779,594.36,,,,,,,,,,Retained,,257
2024,611,1,710,37833,ILONA B,8/12/2024 13:07,7,22,710,345701,NSEI,57.1765,-134.766833,57.195167,-134.779,594.36,,,,,,,,,,Retained,,258
2024,611,1,710,37833,ILONA B,8/12/2024 13:07,7,22,710,345701,NSEI,57.1765,-134.766833,57.195167,-134.779,594.36,,,,,,,,,,Retained,,259
2024,611,1,710,37833,ILONA B,8/12/2024 13:07,7,22,710,345701,NSEI,57.1765,-134.766833,57.195167,-134.779,594.36,,,,,,,,,,Retained,,260
2024,611,1,710,37833,ILONA B,8/12/2024 13:07,7,22,710,345701,NSEI,57.1765,-134.766833,57.195167,-134.779,594.36,,,,,,,,,,Retained,,261
2024,611,1,710,37833,ILONA B,8/12/2024 13:07,7,22,710,345701,NSEI,57.1765,-134.766833,57.195167,-134.779,594.36,,,,,,,,,,Retained,,262
2024,611,1,710,37833,ILONA B,8/12/2024 13:07,7,22,710,345701,NSEI,57.1765,-134.766833,57.195167,-134.779,594.36,,,,,,,,,,Retained,,263
2024,611,1,710,37833,ILONA B,8/12/2024 13:07,7,22,710,345701,NSEI,57.1765,-134.766833,57.195167,-134.779,594.36,,,,,,,,,,Retained,,264
2024,611,1,710,37833,ILONA B,8/12/2024 13:07,7,22,710,345701,NSEI,57.1765,-134.766833,57.195167,-134.779,594.36,,,,,,,,,,Retained,,265
2024,611,1,710,37833,ILONA B,8/12/2024 13:07,7,22,710,345701,NSEI,57.1765,-134.766833,57.195167,-134.779,594.36,,,,,,,,,,Retained,,266
2024,611,1,710,37833,ILONA B,8/12/2024 13:07,7,22,710,345701,NSEI,57.1765,-134.766833,57.195167,-134.779,594.36,,,,,,,,,,Retained,,267
2024,611,1,710,37833,ILONA B,8/12/2024 13:07,7,22,710,345701,NSEI,57.1765,-134.766833,57.195167,-134.779,594.36,,,,,,,,,,Retained,,268
2024,611,1,710,37833,ILONA B,8/12/2024 13:07,7,22,710,345701,NSEI,57.1765,-134.766833,57.195167,-134.779,594.36,,,,,,,,,,Retained,,269
2024,611,1,710,37833,ILONA B,8/12/2024 13:07,7,22,710,345701,NSEI,57.1765,-134.766833,57.195167,-134.779,594.36,,,,,,,,,,Retained,,270
2024,611,1,710,37833,ILONA B,8/12/2024 13:07,7,22,710,345701,NSEI,57.1765,-134.766833,57.195167,-134.779,594.36,,,,,,,,,,Retained,,271
2024,611,1,710,37833,ILONA B,8/12/2024 13:07,7,22,710,345701,NSEI,57.1765,-134.766833,57.195167,-134.779,594.36,,,,,,,,,,Retained,,272
2024,611,1,710,37833,ILONA B,8/12/2024 13:07,7,22,710,345701,NSEI,57.1765,-134.766833,57.195167,-134.779,594.36,,,,,,,,,,Retained,,273
2024,611,1,710,37833,ILONA B,8/12/2024 13:07,7,22,710,345701,NSEI,57.1765,-134.766833,57.195167,-134.779,594.36,,,,,,,,,,Retained,,274
2024,611,1,710,37833,ILONA B,8/12/2024 13:07,7,22,710,345701,NSEI,57.1765,-134.766833,57.195167,-134.779,594.36,,,,,,,,,,Retained,,275
2024,611,1,710,37833,ILONA B,8/12/2024 13:07,7,22,710,345701,NSEI,57.1765,-134.766833,57.195167,-134.779,594.36,,,,,,,,,,Retained,,276
2024,611,1,710,37833,ILONA B,8/12/2024 13:07,7,22,710,345701,NSEI,57.1765,-134.766833,57.195167,-134.779,594.36,,,,,,,,,,Retained,,277
2024,611,1,710,37833,ILONA B,8/12/2024 13:07,7,22,710,345701,NSEI,57.1765,-134.766833,57.195167,-134.779,594.36,,,,,,,,,,Retained,,278
2024,611,1,710,37833,ILONA B,8/12/2024 13:07,7,22,710,345701,NSEI,57.1765,-134.766833,57.195167,-134.779,594.36,,,,,,,,,,Retained,,279
2024,611,1,710,37833,ILONA B,8/12/2024 13:07,7,22,710,345701,NSEI,57.1765,-134.766833,57.195167,-134.779,594.36,,,,,,,,,,Retained,,280
2024,611,1,710,37833,ILONA B,8/12/2024 13:07,7,22,710,345701,NSEI,57.1765,-134.766833,57.195167,-134.779,594.36,,,,,,,,,,Retained,,281
2024,611,1,710,37833,ILONA B,8/12/2024 13:07,7,22,710,345701,NSEI,57.1765,-134.766833,57.195167,-134.779,594.36,,,,,,,,,,Retained,,282
2024,611,1,710,37833,ILONA B,8/12/2024 13:07,7,22,710,345701,NSEI,57.1765,-134.766833,57.195167,-134.779,594.36,,,,,,,,,,Retained,,283
2024,611,1,710,37833,ILONA B,8/12/2024 13:07,7,22,710,345701,NSEI,57.1765,-134.766833,57.195167,-134.779,594.36,,,,,,,,,,Retained,,284
2024,611,1,710,37833,ILONA B,8/12/2024 13:07,7,22,710,345701,NSEI,57.1765,-134.766833,57.195167,-134.779,594.36,,,,,,,,,,Retained,,285
2024,611,1,710,37833,ILONA B,8/12/2024 13:07,7,22,710,345701,NSEI,57.1765,-134.766833,57.195167,-134.779,594.36,,,,,,,,,,Retained,,286
2024,611,1,710,37833,ILONA B,8/12/2024 13:07,7,22,710,345701,NSEI,57.1765,-134.766833,57.195167,-134.779,594.36,,,,,,,,,,Retained,,287
2024,611,1,710,37833,ILONA B,8/12/2024 13:07,7,22,710,345701,NSEI,57.1765,-134.766833,57.195167,-134.779,594.36,,,,,,,,,,Retained,,288
2024,611,1,710,37833,ILONA B,8/12/2024 13:07,7,22,710,345701,NSEI,57.1765,-134.766833,57.195167,-134.779,594.36,,,,,,,,,,Retained,,289
2024,611,1,710,37833,ILONA B,8/12/2024 13:07,7,22,710,345701,NSEI,57.1765,-134.766833,57.195167,-134.779,594.36,,,,,,,,,,Retained,,290
2024,611,1,710,37833,ILONA B,8/12/2024 13:07,7,22,710,345701,NSEI,57.1765,-134.766833,57.195167,-134.779,594.36,,,,,,,,,,Retained,,291
2024,611,1,710,37833,ILONA B,8/12/2024 13:07,7,22,710,345701,NSEI,57.1765,-134.766833,57.195167,-134.779,594.36,,,,,,,,,,Retained,,292
2024,611,1,710,37833,ILONA B,8/12/2024 13:07,7,22,710,345701,NSEI,57.1765,-134.766833,57.195167,-134.779,594.36,,,,,,,,,,Retained,,293
2024,611,1,710,37833,ILONA B,8/12/2024 13:07,7,22,710,345701,NSEI,57.1765,-134.766833,57.195167,-134.779,594.36,,,,,,,,,,Retained,,294
2024,611,1,710,37833,ILONA B,8/12/2024 13:07,7,22,710,345701,NSEI,57.1765,-134.766833,57.195167,-134.779,594.36,,,,,,,,,,Retained,,295
2024,611,1,710,37833,ILONA B,8/12/2024 13:07,7,22,710,345701,NSEI,57.1765,-134.766833,57.195167,-134.779,594.36,,,,,,,,,,Retained,,296
2024,611,1,710,37833,ILONA B,8/12/2024 13:07,7,22,710,345701,NSEI,57.1765,-134.766833,57.195167,-134.779,594.36,,,,,,,,,,Retained,,297
2024,611,1,710,37833,ILONA B,8/12/2024 13:07,7,22,710,345701,NSEI,57.1765,-134.766833,57.195167,-134.779,594.36,,,,,,,,,,Retained,,298
2024,611,1,710,37833,ILONA B,8/12/2024 13:07,7,22,710,345701,NSEI,57.1765,-134.766833,57.195167,-134.779,594.36,,,,,,,,,,Retained,,299
2024,611,1,710,37833,ILONA B,8/12/2024 13:07,7,22,710,345701,NSEI,57.1765,-134.766833,57.195167,-134.779,594.36,,,,,,,,,,Retained,,300
2024,611,1,710,37833,ILONA B,8/12/2024 13:07,7,22,710,345701,NSEI,57.1765,-134.766833,57.195167,-134.779,594.36,,,,,,,,,,Retained,,301
2024,611,1,710,37833,ILONA B,8/12/2024 13:07,7,22,710,345701,NSEI,57.1765,-134.766833,57.195167,-134.779,594.36,,,,,,,,,,Retained,,302
2024,611,1,710,37833,ILONA B,8/12/2024 13:07,7,22,710,345701,NSEI,57.1765,-134.766833,57.195167,-134.779,594.36,,,,,,,,,,Retained,,303
2024,611,1,710,37833,ILONA B,8/12/2024 13:07,7,22,710,345701,NSEI,57.1765,-134.766833,57.195167,-134.779,594.36,,,,,,,,,,Retained,,304
2024,611,1,710,37833,ILONA B,8/12/2024 13:07,7,22,710,345701,NSEI,57.1765,-134.766833,57.195167,-134.779,594.36,,,,,,,,,,Retained,,305
2024,611,1,710,37833,ILONA B,8/12/2024 13:07,7,22,710,345701,NSEI,57.1765,-134.766833,57.195167,-134.779,594.36,,,,,,,,,,Retained,,306
2024,611,1,710,37833,ILONA B,8/12/2024 13:07,7,22,710,345701,NSEI,57.1765,-134.766833,57.195167,-134.779,594.36,,,,,,,,,,Retained,,307
2024,611,1,710,37833,ILONA B,8/12/2024 13:07,7,22,710,345701,NSEI,57.1765,-134.766833,57.195167,-134.779,594.36,,,,,,,,,,Retained,,308
2024,611,1,710,37833,ILONA B,8/12/2024 13:07,7,22,710,345701,NSEI,57.1765,-134.766833,57.195167,-134.779,594.36,,,,,,,,,,Retained,,309
2024,611,1,710,37833,ILONA B,8/12/2024 13:07,7,22,710,345701,NSEI,57.1765,-134.766833,57.195167,-134.779,594.36,,,,,,,,,,Retained,,310
2024,611,1,710,37833,ILONA B,8/12/2024 13:07,7,22,710,345701,NSEI,57.1765,-134.766833,57.195167,-134.779,594.36,,,,,,,,,,Retained,,311
2024,611,1,710,37833,ILONA B,8/12/2024 13:07,7,22,710,345701,NSEI,57.1765,-134.766833,57.195167,-134.779,594.36,,,,,,,,,,Retained,,312
2024,611,1,710,37833,ILONA B,8/12/2024 13:07,7,22,710,345701,NSEI,57.1765,-134.766833,57.195167,-134.779,594.36,,,,,,,,,,Retained,,313
2024,611,1,710,37833,ILONA B,8/12/2024 13:07,7,22,710,345701,NSEI,57.1765,-134.766833,57.195167,-134.779,594.36,,,,,,,,,,Retained,,314
2024,611,1,710,37833,ILONA B,8/12/2024 13:07,7,22,710,345701,NSEI,57.1765,-134.766833,57.195167,-134.779,594.36,,,,,,,,,,Retained,,315
2024,611,1,710,37833,ILONA B,8/12/2024 13:07,7,22,710,345701,NSEI,57.1765,-134.766833,57.195167,-134.779,594.36,,,,,,,,,,Retained,,316
2024,611,1,710,37833,ILONA B,8/12/2024 13:07,7,22,710,345701,NSEI,57.1765,-134.766833,57.195167,-134.779,594.36,,,,,,,,,,Retained,,317
2024,611,1,710,37833,ILONA B,8/12/2024 13:07,7,22,710,345701,NSEI,57.1765,-134.766833,57.195167,-134.779,594.36,,,,,,,,,,Retained,,318
2024,611,1,710,37833,ILONA B,8/12/2024 13:07,7,22,710,345701,NSEI,57.1765,-134.766833,57.195167,-134.779,594.36,,,,,,,,,,Retained,,319
2024,611,1,710,37833,ILONA B,8/12/2024 13:07,7,22,710,345701,NSEI,57.1765,-134.766833,57.195167,-134.779,594.36,,,,,,,,,,Retained,,320
2024,611,1,710,37833,ILONA B,8/12/2024 13:07,7,22,710,345701,NSEI,57.1765,-134.766833,57.195167,-134.779,594.36,,,,,,,,,,Retained,,321
2024,611,1,710,37833,ILONA B,8/12/2024 13:07,7,22,710,345701,NSEI,57.1765,-134.766833,57.195167,-134.779,594.36,,,,,,,,,,Retained,,322
2024,611,1,710,37833,ILONA B,8/12/2024 13:07,7,22,710,345701,NSEI,57.1765,-134.766833,57.195167,-134.779,594.36,,,,,,,,,,Retained,,323
2024,611,1,710,37833,ILONA B,8/12/2024 13:07,7,22,710,345701,NSEI,57.1765,-134.766833,57.195167,-134.779,594.36,,,,,,,,,,Retained,,324
2024,611,1,710,37833,ILONA B,8/12/2024 13:07,7,22,710,345701,NSEI,57.1765,-134.766833,57.195167,-134.779,594.36,,,,,,,,,,Retained,,325
2024,611,1,710,37833,ILONA B,8/12/2024 13:07,7,22,710,345701,NSEI,57.1765,-134.766833,57.195167,-134.779,594.36,,,,,,,,,,Retained,,326
2024,611,1,710,37833,ILONA B,8/12/2024 13:07,7,22,710,345701,NSEI,57.1765,-134.766833,57.195167,-134.779,594.36,,,,,,,,,,Retained,,327
2024,611,1,710,37833,ILONA B,8/12/2024 13:07,7,22,710,345701,NSEI,57.1765,-134.766833,57.195167,-134.779,594.36,,,,,,,,,,Retained,,328
2024,611,1,710,37833,ILONA B,8/12/2024 13:07,7,22,710,345701,NSEI,57.1765,-134.766833,57.195167,-134.779,594.36,,,,,,,,,,Retained,,329
2024,611,1,710,37833,ILONA B,8/12/2024 13:07,7,22,710,345701,NSEI,57.1765,-134.766833,57.195167,-134.779,594.36,,,,,,,,,,Retained,,330
2024,611,1,710,37833,ILONA B,8/12/2024 13:07,7,22,710,345701,NSEI,57.1765,-134.766833,57.195167,-134.779,594.36,,,,,,,,,,Retained,,331
2024,611,1,710,37833,ILONA B,8/12/2024 13:07,7,22,710,345701,NSEI,57.1765,-134.766833,57.195167,-134.779,594.36,,,,,,,,,,Retained,,332
2024,611,1,710,37833,ILONA B,8/12/2024 13:07,7,22,710,345701,NSEI,57.1765,-134.766833,57.195167,-134.779,594.36,,,,,,,,,,Retained,,333
2024,611,1,710,37833,ILONA B,8/12/2024 13:07,7,22,710,345701,NSEI,57.1765,-134.766833,57.195167,-134.779,594.36,,,,,,,,,,Retained,,334
2024,611,1,710,37833,ILONA B,8/12/2024 13:07,7,22,710,345701,NSEI,57.1765,-134.766833,57.195167,-134.779,594.36,,,,,,,,,,Retained,,335
2024,611,1,710,37833,ILONA B,8/12/2024 13:07,7,22,710,345701,NSEI,57.1765,-134.766833,57.195167,-134.779,594.36,,,,,,,,,,Retained,,336
2024,611,1,710,37833,ILONA B,8/12/2024 13:07,7,22,710,345701,NSEI,57.1765,-134.766833,57.195167,-134.779,594.36,,,,,,,,,,Retained,,337
2024,611,1,710,37833,ILONA B,8/12/2024 13:07,7,22,710,345701,NSEI,57.1765,-134.766833,57.195167,-134.779,594.36,,,,,,,,,,Retained,,338
2024,611,1,710,37833,ILONA B,8/12/2024 13:07,7,22,710,345701,NSEI,57.1765,-134.766833,57.195167,-134.779,594.36,,,,,,,,,,Retained,,339
2024,611,1,710,37833,ILONA B,8/12/2024 13:07,7,22,710,345701,NSEI,57.1765,-134.766833,57.195167,-134.779,594.36,,,,,,,,,,Retained,,340
2024,611,1,710,37833,ILONA B,8/12/2024 13:07,7,22,710,345701,NSEI,57.1765,-134.766833,57.195167,-134.779,594.36,,,,,,,,,,Retained,,341
2024,611,1,710,37833,ILONA B,8/12/2024 13:07,7,22,710,345701,NSEI,57.1765,-134.766833,57.195167,-134.779,594.36,,,,,,,,,,Retained,,342
2024,611,1,710,37833,ILONA B,8/12/2024 13:07,7,22,710,345701,NSEI,57.1765,-134.766833,57.195167,-134.779,594.36,,,,,,,,,,Retained,,343
2024,611,1,710,37833,ILONA B,8/12/2024 13:07,7,22,710,345701,NSEI,57.1765,-134.766833,57.195167,-134.779,594.36,,,,,,,,,,Retained,,344
2024,611,1,710,37833,ILONA B,8/12/2024 13:07,7,22,710,345701,NSEI,57.1765,-134.766833,57.195167,-134.779,594.36,,,,,,,,,,Retained,,345
2024,611,1,710,37833,ILONA B,8/12/2024 13:07,7,22,710,345701,NSEI,57.1765,-134.766833,57.195167,-134.779,594.36,,,,,,,,,,Retained,,346
2024,611,1,710,37833,ILONA B,8/12/2024 13:07,7,22,710,345701,NSEI,57.1765,-134.766833,57.195167,-134.779,594.36,,,,,,,,,,Retained,,347
2024,611,1,710,37833,ILONA B,8/12/2024 13:07,7,22,710,345701,NSEI,57.1765,-134.766833,57.195167,-134.779,594.36,,,,,,,,,,Retained,,348
2024,611,1,710,37833,ILONA B,8/12/2024 13:07,7,22,710,345701,NSEI,57.1765,-134.766833,57.195167,-134.779,594.36,,,,,,,,,,Retained,,349
2024,611,1,710,37833,ILONA B,8/12/2024 13:07,7,22,710,345701,NSEI,57.1765,-134.766833,57.195167,-134.779,594.36,,,,,,,,,,Retained,,350
2024,611,1,710,37833,ILONA B,8/12/2024 13:07,7,22,710,345701,NSEI,57.1765,-134.766833,57.195167,-134.779,594.36,,,,,,,,,,Retained,,351
2024,611,1,710,37833,ILONA B,8/12/2024 13:07,7,22,710,345701,NSEI,57.1765,-134.766833,57.195167,-134.779,594.36,,,,,,,,,,Retained,,352
2024,611,1,710,37833,ILONA B,8/12/2024 13:07,7,22,710,345701,NSEI,57.1765,-134.766833,57.195167,-134.779,594.36,,,,,,,,,,Retained,,353
2024,611,1,710,37833,ILONA B,8/12/2024 13:07,7,22,710,345701,NSEI,57.1765,-134.766833,57.195167,-134.779,594.36,,,,,,,,,,Retained,,354
2024,611,1,710,37833,ILONA B,8/12/2024 13:07,7,22,710,345701,NSEI,57.1765,-134.766833,57.195167,-134.779,594.36,,,,,,,,,,Retained,,355
2024,611,1,710,37833,ILONA B,8/12/2024 13:07,7,22,710,345701,NSEI,57.1765,-134.766833,57.195167,-134.779,594.36,,,,,,,,,,Retained,,356
2024,611,1,710,37833,ILONA B,8/12/2024 13:07,7,22,710,345701,NSEI,57.1765,-134.766833,57.195167,-134.779,594.36,,,,,,,,,,Retained,,357
2024,611,1,710,37833,ILONA B,8/12/2024 13:07,7,22,710,345701,NSEI,57.1765,-134.766833,57.195167,-134.779,594.36,,,,,,,,,,Retained,,358
2024,611,1,710,37833,ILONA B,8/12/2024 13:07,7,22,710,345701,NSEI,57.1765,-134.766833,57.195167,-134.779,594.36,,,,,,,,,,Retained,,359
2024,611,1,710,37833,ILONA B,8/12/2024 13:07,7,22,710,345701,NSEI,57.1765,-134.766833,57.195167,-134.779,594.36,,,,,,,,,,Retained,,360
2024,611,1,710,37833,ILONA B,8/12/2024 13:07,7,22,710,345701,NSEI,57.1765,-134.766833,57.195167,-134.779,594.36,,,,,,,,,,Retained,,361
2024,611,1,710,37833,ILONA B,8/12/2024 13:07,7,22,710,345701,NSEI,57.1765,-134.766833,57.195167,-134.779,594.36,,,,,,,,,,Retained,,362
2024,611,1,710,37833,ILONA B,8/12/2024 13:07,7,22,710,345701,NSEI,57.1765,-134.766833,57.195167,-134.779,594.36,,,,,,,,,,Retained,,363
2024,611,1,710,37833,ILONA B,8/12/2024 13:07,7,22,710,345701,NSEI,57.1765,-134.766833,57.195167,-134.779,594.36,,,,,,,,,,Retained,,364
2024,611,1,710,37833,ILONA B,8/12/2024 13:07,7,22,710,345701,NSEI,57.1765,-134.766833,57.195167,-134.779,594.36,,,,,,,,,,Retained,,365
2024,611,1,710,37833,ILONA B,8/12/2024 13:07,7,22,710,345701,NSEI,57.1765,-134.766833,57.195167,-134.779,594.36,,,,,,,,,,Retained,,366
2024,611,1,710,37833,ILONA B,8/12/2024 13:07,7,22,710,345701,NSEI,57.1765,-134.766833,57.195167,-134.779,594.36,,,,,,,,,,Retained,,367
2024,611,1,710,37833,ILONA B,8/12/2024 13:07,7,22,710,345701,NSEI,57.1765,-134.766833,57.195167,-134.779,594.36,,,,,,,,,,Retained,,368
2024,611,1,710,37833,ILONA B,8/12/2024 13:07,7,22,710,345701,NSEI,57.1765,-134.766833,57.195167,-134.779,594.36,,,,,,,,,,Retained,,369
2024,611,1,710,37833,ILONA B,8/12/2024 13:07,7,22,710,345701,NSEI,57.1765,-134.766833,57.195167,-134.779,594.36,,,,,,,,,,Retained,,370
2024,611,1,710,37833,ILONA B,8/12/2024 13:07,7,22,710,345701,NSEI,57.1765,-134.766833,57.195167,-134.779,594.36,,,,,,,,,,Retained,,371
2024,611,1,710,37833,ILONA B,8/12/2024 13:07,7,22,710,345701,NSEI,57.1765,-134.766833,57.195167,-134.779,594.36,,,,,,,,,,Retained,,372
2024,611,1,710,37833,ILONA B,8/12/2024 13:07,7,22,710,345701,NSEI,57.1765,-134.766833,57.195167,-134.779,594.36,,,,,,,,,,Retained,,373
2024,611,1,710,37833,ILONA B,8/12/2024 13:07,7,22,710,345701,NSEI,57.1765,-134.766833,57.195167,-134.779,594.36,,,,,,,,,,Retained,,374
2024,611,1,710,37833,ILONA B,8/12/2024 13:07,7,22,710,345701,NSEI,57.1765,-134.766833,57.195167,-134.779,594.36,,,,,,,,,,Retained,,375
2024,611,1,710,37833,ILONA B,8/12/2024 13:07,7,22,710,345701,NSEI,57.1765,-134.766833,57.195167,-134.779,594.36,,,,,,,,,,Retained,,376
2024,611,1,710,37833,ILONA B,8/12/2024 13:07,7,22,710,345701,NSEI,57.1765,-134.766833,57.195167,-134.779,594.36,,,,,,,,,,Retained,,377
2024,611,1,710,37833,ILONA B,8/12/2024 13:07,7,22,710,345701,NSEI,57.1765,-134.766833,57.195167,-134.779,594.36,,,,,,,,,,Retained,,378
2024,611,1,710,37833,ILONA B,8/12/2024 13:07,7,22,710,345701,NSEI,57.1765,-134.766833,57.195167,-134.779,594.36,,,,,,,,,,Retained,,379
2024,611,1,710,37833,ILONA B,8/12/2024 13:07,7,22,710,345701,NSEI,57.1765,-134.766833,57.195167,-134.779,594.36,,,,,,,,,,Retained,,380
2024,611,1,710,37833,ILONA B,8/12/2024 13:07,7,22,710,345701,NSEI,57.1765,-134.766833,57.195167,-134.779,594.36,,,,,,,,,,Retained,,381
2024,611,1,710,37833,ILONA B,8/12/2024 13:07,7,22,710,345701,NSEI,57.1765,-134.766833,57.195167,-134.779,594.36,,,,,,,,,,Retained,,382
2024,611,1,710,37833,ILONA B,8/12/2024 13:07,7,22,710,345701,NSEI,57.1765,-134.766833,57.195167,-134.779,594.36,,,,,,,,,,Retained,,383
2024,611,1,710,37833,ILONA B,8/12/2024 13:07,7,22,710,345701,NSEI,57.1765,-134.766833,57.195167,-134.779,594.36,,,,,,,,,,Retained,,384
2024,611,1,710,37833,ILONA B,8/12/2024 13:07,7,22,710,345701,NSEI,57.1765,-134.766833,57.195167,-134.779,594.36,,,,,,,,,,Retained,,385
2024,611,1,710,37833,ILONA B,8/12/2024 13:07,7,22,710,345701,NSEI,57.1765,-134.766833,57.195167,-134.779,594.36,,,,,,,,,,Retained,,386
2024,611,1,710,37833,ILONA B,8/12/2024 13:07,7,22,710,345701,NSEI,57.1765,-134.766833,57.195167,-134.779,594.36,,,,,,,,,,Retained,,387
2024,611,1,710,37833,ILONA B,8/12/2024 13:07,7,22,710,345701,NSEI,57.1765,-134.766833,57.195167,-134.779,594.36,,,,,,,,,,Retained,,388
2024,611,1,710,37833,ILONA B,8/12/2024 13:07,7,22,710,345701,NSEI,57.1765,-134.766833,57.195167,-134.779,594.36,,,,,,,,,,Retained,,389
2024,611,1,710,37833,ILONA B,8/12/2024 13:07,7,22,710,345701,NSEI,57.1765,-134.766833,57.195167,-134.779,594.36,,,,,,,,,,Retained,,390
2024,611,1,710,37833,ILONA B,8/12/2024 13:07,7,22,710,345701,NSEI,57.1765,-134.766833,57.195167,-134.779,594.36,,,,,,,,,,Retained,,391
2024,611,1,710,37833,ILONA B,8/12/2024 13:07,7,22,710,345701,NSEI,57.1765,-134.766833,57.195167,-134.779,594.36,,,,,,,,,,Retained,,392
2024,611,1,710,37833,ILONA B,8/12/2024 13:07,7,22,710,345701,NSEI,57.1765,-134.766833,57.195167,-134.779,594.36,,,,,,,,,,Retained,,393
2024,611,1,710,37833,ILONA B,8/12/2024 13:07,7,22,710,345701,NSEI,57.1765,-134.766833,57.195167,-134.779,594.36,,,,,,,,,,Retained,,394
2024,611,1,710,37833,ILONA B,8/12/2024 13:07,7,22,710,345701,NSEI,57.1765,-134.766833,57.195167,-134.779,594.36,,,,,,,,,,Retained,,395
2024,611,1,710,37833,ILONA B,8/12/2024 13:07,7,22,710,345701,NSEI,57.1765,-134.766833,57.195167,-134.779,594.36,,,,,,,,,,Retained,,396
2024,611,1,710,37833,ILONA B,8/12/2024 13:07,7,22,710,345701,NSEI,57.1765,-134.766833,57.195167,-134.779,594.36,,,,,,,,,,Retained,,397
2024,611,1,710,37833,ILONA B,8/12/2024 13:07,7,22,710,345701,NSEI,57.1765,-134.766833,57.195167,-134.779,594.36,,,,,,,,,,Retained,,398
2024,611,1,710,37833,ILONA B,8/12/2024 13:07,7,22,710,345701,NSEI,57.1765,-134.766833,57.195167,-134.779,594.36,,,,,,,,,,Retained,,399
2024,611,1,710,37833,ILONA B,8/12/2024 13:07,7,22,710,345701,NSEI,57.1765,-134.766833,57.195167,-134.779,594.36,,,,,,,,,,Retained,,400
2024,611,1,710,37833,ILONA B,8/12/2024 13:07,7,22,710,345701,NSEI,57.1765,-134.766833,57.195167,-134.779,594.36,,,,,,,,,,Retained,,401
2024,611,1,710,37833,ILONA B,8/12/2024 13:07,7,22,710,345701,NSEI,57.1765,-134.766833,57.195167,-134.779,594.36,,,,,,,,,,Retained,,402
2024,611,1,710,37833,ILONA B,8/12/2024 13:07,7,22,710,345701,NSEI,57.1765,-134.766833,57.195167,-134.779,594.36,,,,,,,,,,Retained,,403
2024,611,1,710,37833,ILONA B,8/12/2024 13:07,7,22,710,345701,NSEI,57.1765,-134.766833,57.195167,-134.779,594.36,,,,,,,,,,Retained,,405
2024,611,1,710,37833,ILONA B,8/12/2024 13:07,7,22,710,345701,NSEI,57.1765,-134.766833,57.195167,-134.779,594.36,,,,,,,,,,Retained,,406
2024,611,1,710,37833,ILONA B,8/12/2024 13:07,7,22,710,345701,NSEI,57.1765,-134.766833,57.195167,-134.779,594.36,,,,,,,,,,Retained,,407
2024,611,1,710,37833,ILONA B,8/12/2024 13:07,7,22,710,345701,NSEI,57.1765,-134.766833,57.195167,-134.779,594.36,,,,,,,,,,Retained,,408
2024,611,1,710,37833,ILONA B,8/12/2024 13:07,7,22,710,345701,NSEI,57.1765,-134.766833,57.195167,-134.779,594.36,,,,,,,,,,Retained,,409
2024,611,1,710,37833,ILONA B,8/12/2024 13:07,7,22,710,345701,NSEI,57.1765,-134.766833,57.195167,-134.779,594.36,,,,,,,,,,Retained,,410
2024,611,1,710,37833,ILONA B,8/12/2024 13:07,7,22,710,345701,NSEI,57.1765,-134.766833,57.195167,-134.779,594.36,,,,,,,,,,Retained,,411
2024,611,1,710,37833,ILONA B,8/12/2024 13:07,7,22,710,345701,NSEI,57.1765,-134.766833,57.195167,-134.779,594.36,,,,,,,,,,Retained,,412
2024,611,1,710,37833,ILONA B,8/12/2024 13:07,7,22,710,345701,NSEI,57.1765,-134.766833,57.195167,-134.779,594.36,,,,,,,,,,Retained,,413
2024,611,1,710,37833,ILONA B,8/12/2024 13:07,7,22,710,345701,NSEI,57.1765,-134.766833,57.195167,-134.779,594.36,,,,,,,,,,Retained,,414
2024,611,1,710,37833,ILONA B,8/12/2024 13:07,7,22,710,345701,NSEI,57.1765,-134.766833,57.195167,-134.779,594.36,,,,,,,,,,Retained,,415
2024,611,1,710,37833,ILONA B,8/12/2024 13:07,7,22,710,345701,NSEI,57.1765,-134.766833,57.195167,-134.779,594.36,,,,,,,,,,Retained,,416
2024,611,1,710,37833,ILONA B,8/12/2024 13:07,7,22,710,345701,NSEI,57.1765,-134.766833,57.195167,-134.779,594.36,,,,,,,,,,Retained,,417
2024,611,1,710,37833,ILONA B,8/12/2024 13:07,7,22,710,345701,NSEI,57.1765,-134.766833,57.195167,-134.779,594.36,,,,,,,,,,Retained,,418
2024,611,1,710,37833,ILONA B,8/12/2024 13:07,7,22,710,345701,NSEI,57.1765,-134.766833,57.195167,-134.779,594.36,,,,,,,,,,Retained,,419
2024,611,1,710,37833,ILONA B,8/12/2024 13:07,7,22,710,345701,NSEI,57.1765,-134.766833,57.195167,-134.779,594.36,,,,,,,,,,Retained,,420
2024,611,1,710,37833,ILONA B,8/12/2024 13:07,7,22,710,345701,NSEI,57.1765,-134.766833,57.195167,-134.779,594.36,,,,,,,,,,Retained,,421
2024,611,1,710,37833,ILONA B,8/12/2024 13:07,7,22,710,345701,NSEI,57.1765,-134.766833,57.195167,-134.779,594.36,,,,,,,,,,Retained,,422
2024,611,1,710,37833,ILONA B,8/12/2024 13:07,7,22,710,345701,NSEI,57.1765,-134.766833,57.195167,-134.779,594.36,,,,,,,,,,Retained,,423
2024,611,1,710,37833,ILONA B,8/12/2024 13:07,7,22,710,345701,NSEI,57.1765,-134.766833,57.195167,-134.779,594.36,,,,,,,,,,Retained,,424
2024,611,1,710,37833,ILONA B,8/12/2024 13:07,7,22,710,345701,NSEI,57.1765,-134.766833,57.195167,-134.779,594.36,,,,,,,,,,Retained,,425
2024,611,1,710,37833,ILONA B,8/12/2024 13:07,7,22,710,345701,NSEI,57.1765,-134.766833,57.195167,-134.779,594.36,,,,,,,,,,Retained,,426
2024,611,1,710,37833,ILONA B,8/12/2024 13:07,7,22,710,345701,NSEI,57.1765,-134.766833,57.195167,-134.779,594.36,,,,,,,,,,Retained,,427
2024,611,1,710,37833,ILONA B,8/12/2024 13:07,7,22,710,345701,NSEI,57.1765,-134.766833,57.195167,-134.779,594.36,,,,,,,,,,Retained,,428
2024,611,1,710,37833,ILONA B,8/12/2024 13:07,7,22,710,345701,NSEI,57.1765,-134.766833,57.195167,-134.779,594.36,,,,,,,,,,Retained,,429
2024,611,1,710,37833,ILONA B,8/12/2024 13:07,7,22,710,345701,NSEI,57.1765,-134.766833,57.195167,-134.779,594.36,,,,,,,,,,Retained,,430
2024,611,1,710,37833,ILONA B,8/12/2024 13:07,7,22,710,345701,NSEI,57.1765,-134.766833,57.195167,-134.779,594.36,,,,,,,,,,Retained,,431
2024,611,1,710,37833,ILONA B,8/12/2024 13:07,7,22,710,345701,NSEI,57.1765,-134.766833,57.195167,-134.779,594.36,,,,,,,,,,Retained,,432
2024,611,1,710,37833,ILONA B,8/12/2024 13:07,7,22,710,345701,NSEI,57.1765,-134.766833,57.195167,-134.779,594.36,,,,,,,,,,Retained,,433
2024,611,1,710,37833,ILONA B,8/12/2024 13:07,7,22,710,345701,NSEI,57.1765,-134.766833,57.195167,-134.779,594.36,,,,,,,,,,Retained,,434
2024,611,1,710,37833,ILONA B,8/12/2024 13:07,7,22,710,345701,NSEI,57.1765,-134.766833,57.195167,-134.779,594.36,,,,,,,,,,Retained,,435
2024,611,1,710,37833,ILONA B,8/12/2024 13:07,7,22,710,345701,NSEI,57.1765,-134.766833,57.195167,-134.779,594.36,,,,,,,,,,Retained,,436
2024,611,1,710,37833,ILONA B,8/12/2024 13:07,7,22,710,345701,NSEI,57.1765,-134.766833,57.195167,-134.779,594.36,,,,,,,,,,Retained,,437
2024,611,1,710,37833,ILONA B,8/12/2024 13:07,7,22,710,345701,NSEI,57.1765,-134.766833,57.195167,-134.779,594.36,,,,,,,,,,Retained,,438
2024,611,1,710,37833,ILONA B,8/12/2024 13:07,7,22,710,345701,NSEI,57.1765,-134.766833,57.195167,-134.779,594.36,,,,,,,,,,Retained,,439
2024,611,1,710,37833,ILONA B,8/12/2024 13:07,7,22,710,345701,NSEI,57.1765,-134.766833,57.195167,-134.779,594.36,,,,,,,,,,Retained,,440
2024,611,1,710,37833,ILONA B,8/12/2024 13:07,7,22,710,345701,NSEI,57.1765,-134.766833,57.195167,-134.779,594.36,,,,,,,,,,Retained,,441
2024,611,1,710,37833,ILONA B,8/12/2024 13:07,7,22,710,345701,NSEI,57.1765,-134.766833,57.195167,-134.779,594.36,,,,,,,,,,Retained,,442
2024,611,1,710,37833,ILONA B,8/12/2024 13:07,7,22,710,345701,NSEI,57.1765,-134.766833,57.195167,-134.779,594.36,,,,,,,,,,Retained,,443
2024,611,1,710,37833,ILONA B,8/12/2024 13:07,7,22,710,345701,NSEI,57.1765,-134.766833,57.195167,-134.779,594.36,,,,,,,,,,Retained,,444
2024,611,1,710,37833,ILONA B,8/12/2024 13:07,7,22,710,345701,NSEI,57.1765,-134.766833,57.195167,-134.779,594.36,,,,,,,,,,Retained,,445
2024,611,1,710,37833,ILONA B,8/12/2024 13:07,7,22,710,345701,NSEI,57.1765,-134.766833,57.195167,-134.779,594.36,,,,,,,,,,Retained,,446
2024,611,1,710,37833,ILONA B,8/12/2024 13:07,7,22,710,345701,NSEI,57.1765,-134.766833,57.195167,-134.779,594.36,,,,,,,,,,Retained,,447
2024,611,1,710,37833,ILONA B,8/12/2024 13:07,7,22,710,345701,NSEI,57.1765,-134.766833,57.195167,-134.779,594.36,,,,,,,,,,Retained,,448
2024,611,1,710,37833,ILONA B,8/12/2024 13:07,7,22,710,345701,NSEI,57.1765,-134.766833,57.195167,-134.779,594.36,,,,,,,,,,Retained,,449
2024,611,1,710,37833,ILONA B,8/12/2024 13:07,7,22,710,345701,NSEI,57.1765,-134.766833,57.195167,-134.779,594.36,,,,,,,,,,Retained,,450
2024,611,1,710,37833,ILONA B,8/12/2024 13:07,7,22,710,345701,NSEI,57.1765,-134.766833,57.195167,-134.779,594.36,,,,,,,,,,Retained,,451
2024,611,1,710,37833,ILONA B,8/12/2024 13:07,7,22,710,345701,NSEI,57.1765,-134.766833,57.195167,-134.779,594.36,,,,,,,,,,Retained,,452
2024,611,1,710,37833,ILONA B,8/12/2024 13:07,7,22,710,345701,NSEI,57.1765,-134.766833,57.195167,-134.779,594.36,,,,,,,,,,Retained,,453
2024,611,1,710,37833,ILONA B,8/12/2024 13:07,7,22,710,345701,NSEI,57.1765,-134.766833,57.195167,-134.779,594.36,,,,,,,,,,Retained,,454
2024,611,1,710,37833,ILONA B,8/12/2024 13:07,7,22,710,345701,NSEI,57.1765,-134.766833,57.195167,-134.779,594.36,,,,,,,,,,Retained,,455
2024,611,1,710,37833,ILONA B,8/12/2024 13:07,7,22,710,345701,NSEI,57.1765,-134.766833,57.195167,-134.779,594.36,,,,,,,,,,Retained,,456
2024,611,1,710,37833,ILONA B,8/12/2024 13:07,7,22,710,345701,NSEI,57.1765,-134.766833,57.195167,-134.779,594.36,,,,,,,,,,Retained,,457
2024,611,1,710,37833,ILONA B,8/12/2024 13:07,7,22,710,345701,NSEI,57.1765,-134.766833,57.195167,-134.779,594.36,,,,,,,,,,Retained,,458
2024,611,1,710,37833,ILONA B,8/12/2024 13:07,7,22,710,345701,NSEI,57.1765,-134.766833,57.195167,-134.779,594.36,,,,,,,,,,Retained,,459
2024,611,1,710,37833,ILONA B,8/12/2024 13:07,7,22,710,345701,NSEI,57.1765,-134.766833,57.195167,-134.779,594.36,,,,,,,,,,Retained,,460
2024,611,1,710,37833,ILONA B,8/12/2024 13:07,7,22,710,345701,NSEI,57.1765,-134.766833,57.195167,-134.779,594.36,,,,,,,,,,Retained,,463
2024,611,1,710,37833,ILONA B,8/12/2024 13:07,7,22,710,345701,NSEI,57.1765,-134.766833,57.195167,-134.779,594.36,,,,,,,,,,Retained,,464
2024,611,1,710,37833,ILONA B,8/12/2024 13:07,7,22,710,345701,NSEI,57.1765,-134.766833,57.195167,-134.779,594.36,,,,,,,,,,Retained,,465
2024,611,1,710,37833,ILONA B,8/12/2024 13:07,7,22,710,345701,NSEI,57.1765,-134.766833,57.195167,-134.779,594.36,,,,,,,,,,Retained,,466
2024,611,1,710,37833,ILONA B,8/12/2024 13:07,7,22,710,345701,NSEI,57.1765,-134.766833,57.195167,-134.779,594.36,,,,,,,,,,Retained,,467
2024,611,1,710,37833,ILONA B,8/12/2024 13:07,7,22,710,345701,NSEI,57.1765,-134.766833,57.195167,-134.779,594.36,,,,,,,,,,Retained,,468
2024,611,1,710,37833,ILONA B,8/12/2024 13:07,7,22,710,345701,NSEI,57.1765,-134.766833,57.195167,-134.779,594.36,,,,,,,,,,Retained,,469
2024,611,1,710,37833,ILONA B,8/12/2024 13:07,7,22,710,345701,NSEI,57.1765,-134.766833,57.195167,-134.779,594.36,,,,,,,,,,Retained,,470
2024,611,1,710,37833,ILONA B,8/12/2024 13:07,7,22,710,345701,NSEI,57.1765,-134.766833,57.195167,-134.779,594.36,,,,,,,,,,Retained,,471
2024,611,1,710,37833,ILONA B,8/12/2024 13:07,7,22,710,345701,NSEI,57.1765,-134.766833,57.195167,-134.779,594.36,,,,,,,,,,Retained,,472
2024,611,1,710,37833,ILONA B,8/12/2024 13:07,7,22,710,345701,NSEI,57.1765,-134.766833,57.195167,-134.779,594.36,,,,,,,,,,Retained,,473
2024,611,1,710,37833,ILONA B,8/12/2024 13:07,7,22,710,345701,NSEI,57.1765,-134.766833,57.195167,-134.779,594.36,,,,,,,,,,Retained,,474
2024,611,1,710,37833,ILONA B,8/12/2024 13:07,7,22,710,345701,NSEI,57.1765,-134.766833,57.195167,-134.779,594.36,,,,,,,,,,Retained,,475
2024,611,1,710,37833,ILONA B,8/12/2024 13:07,7,22,710,345701,NSEI,57.1765,-134.766833,57.195167,-134.779,594.36,,,,,,,,,,Retained,,476
2024,611,1,710,37833,ILONA B,8/12/2024 13:07,7,22,710,345701,NSEI,57.1765,-134.766833,57.195167,-134.779,594.36,,,,,,,,,,Retained,,477
2024,611,1,710,37833,ILONA B,8/12/2024 13:07,7,22,710,345701,NSEI,57.1765,-134.766833,57.195167,-134.779,594.36,,,,,,,,,,Retained,,478
2024,611,1,710,37833,ILONA B,8/12/2024 13:07,7,22,710,345701,NSEI,57.1765,-134.766833,57.195167,-134.779,594.36,,,,,,,,,,Retained,,479
2024,611,1,710,37833,ILONA B,8/12/2024 13:07,7,22,710,345701,NSEI,57.1765,-134.766833,57.195167,-134.779,594.36,,,,,,,,,,Retained,,480
2024,611,1,710,37833,ILONA B,8/12/2024 13:07,7,22,710,345701,NSEI,57.1765,-134.766833,57.195167,-134.779,594.36,,,,,,,,,,Retained,,481
2024,611,1,710,37833,ILONA B,8/12/2024 13:07,7,22,710,345701,NSEI,57.1765,-134.766833,57.195167,-134.779,594.36,,,,,,,,,,Retained,,482
2024,611,1,710,37833,ILONA B,8/12/2024 13:07,7,22,710,345701,NSEI,57.1765,-134.766833,57.195167,-134.779,594.36,,,,,,,,,,Retained,,483
2024,611,1,710,37833,ILONA B,8/12/2024 13:07,7,22,710,345701,NSEI,57.1765,-134.766833,57.195167,-134.779,594.36,,,,,,,,,,Retained,,484
2024,611,1,710,37833,ILONA B,8/12/2024 13:07,7,22,710,345701,NSEI,57.1765,-134.766833,57.195167,-134.779,594.36,,,,,,,,,,Retained,,485
2024,611,1,710,37833,ILONA B,8/12/2024 13:07,7,22,710,345701,NSEI,57.1765,-134.766833,57.195167,-134.779,594.36,,,,,,,,,,Retained,,486
2024,611,1,710,37833,ILONA B,8/12/2024 13:07,7,22,710,345701,NSEI,57.1765,-134.766833,57.195167,-134.779,594.36,,,,,,,,,,Retained,,487
2024,611,1,710,37833,ILONA B,8/12/2024 13:07,7,22,710,345701,NSEI,57.1765,-134.766833,57.195167,-134.779,594.36,,,,,,,,,,Retained,,488
2024,611,1,710,37833,ILONA B,8/12/2024 13:07,7,22,710,345701,NSEI,57.1765,-134.766833,57.195167,-134.779,594.36,,,,,,,,,,Retained,,489
2024,611,1,710,37833,ILONA B,8/12/2024 13:07,7,22,710,345701,NSEI,57.1765,-134.766833,57.195167,-134.779,594.36,,,,,,,,,,Retained,,490
2024,611,1,710,37833,ILONA B,8/12/2024 13:07,7,22,710,345701,NSEI,57.1765,-134.766833,57.195167,-134.779,594.36,,,,,,,,,,Retained,,491
2024,611,1,710,37833,ILONA B,8/12/2024 13:07,7,22,710,345701,NSEI,57.1765,-134.766833,57.195167,-134.779,594.36,,,,,,,,,,Retained,,492
2024,611,1,710,37833,ILONA B,8/12/2024 13:07,7,22,710,345701,NSEI,57.1765,-134.766833,57.195167,-134.779,594.36,,,,,,,,,,Retained,,493
2024,611,1,710,37833,ILONA B,8/12/2024 13:07,7,22,710,345701,NSEI,57.1765,-134.766833,57.195167,-134.779,594.36,,,,,,,,,,Retained,,494
2024,611,1,710,37833,ILONA B,8/12/2024 13:07,7,22,710,345701,NSEI,57.1765,-134.766833,57.195167,-134.779,594.36,,,,,,,,,,Retained,,495
2024,611,1,710,37833,ILONA B,8/12/2024 13:07,7,22,710,345701,NSEI,57.1765,-134.766833,57.195167,-134.779,594.36,,,,,,,,,,Retained,,496
2024,611,1,710,37833,ILONA B,8/12/2024 13:07,7,22,710,345701,NSEI,57.1765,-134.766833,57.195167,-134.779,594.36,,,,,,,,,,Retained,,497
2024,611,1,710,37833,ILONA B,8/12/2024 13:07,7,22,710,345701,NSEI,57.1765,-134.766833,57.195167,-134.779,594.36,,,,,,,,,,Retained,,498
2024,611,1,710,37833,ILONA B,8/12/2024 13:07,7,22,710,345701,NSEI,57.1765,-134.766833,57.195167,-134.779,594.36,,,,,,,,,,Retained,,499
2024,611,1,710,37833,ILONA B,8/12/2024 13:07,7,22,710,345701,NSEI,57.1765,-134.766833,57.195167,-134.779,594.36,,,,,,,,,,Retained,,500
2024,611,1,710,37833,ILONA B,8/12/2024 13:07,7,22,710,345701,NSEI,57.1765,-134.766833,57.195167,-134.779,594.36,,,,,,,,,,Retained,,501
2024,611,1,710,37833,ILONA B,8/12/2024 13:07,7,22,710,345701,NSEI,57.1765,-134.766833,57.195167,-134.779,594.36,,,,,,,,,,Retained,,502
2024,611,1,710,37833,ILONA B,8/12/2024 13:07,7,22,710,345701,NSEI,57.1765,-134.766833,57.195167,-134.779,594.36,,,,,,,,,,Retained,,503
2024,611,1,710,37833,ILONA B,8/12/2024 13:07,7,22,710,345701,NSEI,57.1765,-134.766833,57.195167,-134.779,594.36,,,,,,,,,,Retained,,504
2024,611,1,710,37833,ILONA B,8/12/2024 13:07,7,22,710,345701,NSEI,57.1765,-134.766833,57.195167,-134.779,594.36,,,,,,,,,,Retained,,505
2024,611,1,710,37833,ILONA B,8/12/2024 13:07,7,22,710,345701,NSEI,57.1765,-134.766833,57.195167,-134.779,594.36,,,,,,,,,,Retained,,506
2024,611,1,710,37833,ILONA B,8/12/2024 13:07,7,22,710,345701,NSEI,57.1765,-134.766833,57.195167,-134.779,594.36,,,,,,,,,,Retained,,507
2024,611,1,710,37833,ILONA B,8/12/2024 13:07,7,22,710,345701,NSEI,57.1765,-134.766833,57.195167,-134.779,594.36,,,,,,,,,,Retained,,508
2024,611,1,710,37833,ILONA B,8/12/2024 13:07,7,22,710,345701,NSEI,57.1765,-134.766833,57.195167,-134.779,594.36,,,,,,,,,,Retained,,509
2024,611,1,710,37833,ILONA B,8/12/2024 13:07,7,22,710,345701,NSEI,57.1765,-134.766833,57.195167,-134.779,594.36,,,,,,,,,,Retained,,510
2024,611,1,710,37833,ILONA B,8/12/2024 13:07,7,22,710,345701,NSEI,57.1765,-134.766833,57.195167,-134.779,594.36,,,,,,,,,,Retained,,511
2024,611,1,710,37833,ILONA B,8/12/2024 13:07,7,22,710,345701,NSEI,57.1765,-134.766833,57.195167,-134.779,594.36,,,,,,,,,,Retained,,512
2024,611,1,710,37833,ILONA B,8/12/2024 13:07,7,22,710,345701,NSEI,57.1765,-134.766833,57.195167,-134.779,594.36,,,,,,,,,,Retained,,513
2024,611,1,710,37833,ILONA B,8/12/2024 13:07,7,22,710,345701,NSEI,57.1765,-134.766833,57.195167,-134.779,594.36,,,,,,,,,,Retained,,514
2024,611,1,710,37833,ILONA B,8/12/2024 13:07,7,22,710,345701,NSEI,57.1765,-134.766833,57.195167,-134.779,594.36,,,,,,,,,,Retained,,515
2024,611,1,710,37833,ILONA B,8/12/2024 13:07,7,22,710,345701,NSEI,57.1765,-134.766833,57.195167,-134.779,594.36,,,,,,,,,,Retained,,516
2024,611,1,710,37833,ILONA B,8/12/2024 13:07,7,22,710,345701,NSEI,57.1765,-134.766833,57.195167,-134.779,594.36,,,,,,,,,,Retained,,517
2024,611,1,710,37833,ILONA B,8/12/2024 13:07,7,22,710,345701,NSEI,57.1765,-134.766833,57.195167,-134.779,594.36,,,,,,,,,,Retained,,518
2024,611,1,710,37833,ILONA B,8/12/2024 13:07,7,22,710,345701,NSEI,57.1765,-134.766833,57.195167,-134.779,594.36,,,,,,,,,,Retained,,519
2024,611,1,710,37833,ILONA B,8/12/2024 13:07,7,22,710,345701,NSEI,57.1765,-134.766833,57.195167,-134.779,594.36,,,,,,,,,,Retained,,520
2024,611,1,710,37833,ILONA B,8/12/2024 13:07,7,22,710,345701,NSEI,57.1765,-134.766833,57.195167,-134.779,594.36,,,,,,,,,,Retained,,521
2024,611,1,710,37833,ILONA B,8/12/2024 13:07,7,22,710,345701,NSEI,57.1765,-134.766833,57.195167,-134.779,594.36,,,,,,,,,,Retained,,522
2024,611,1,710,37833,ILONA B,8/12/2024 13:07,7,22,710,345701,NSEI,57.1765,-134.766833,57.195167,-134.779,594.36,,,,,,,,,,Retained,,523
2024,611,1,710,37833,ILONA B,8/12/2024 13:07,7,22,710,345701,NSEI,57.1765,-134.766833,57.195167,-134.779,594.36,,,,,,,,,,Retained,,524
2024,611,1,710,37833,ILONA B,8/12/2024 13:07,7,22,710,345701,NSEI,57.1765,-134.766833,57.195167,-134.779,594.36,,,,,,,,,,Retained,,525
2024,611,1,710,37833,ILONA B,8/12/2024 13:07,7,22,710,345701,NSEI,57.1765,-134.766833,57.195167,-134.779,594.36,,,,,,,,,,Retained,,526
2024,611,1,710,37833,ILONA B,8/12/2024 13:07,7,22,710,345701,NSEI,57.1765,-134.766833,57.195167,-134.779,594.36,,,,,,,,,,Retained,,527
2024,611,1,710,37833,ILONA B,8/12/2024 13:07,7,22,710,345701,NSEI,57.1765,-134.766833,57.195167,-134.779,594.36,,,,,,,,,,Retained,,528
2024,611,1,710,37833,ILONA B,8/12/2024 13:07,7,22,710,345701,NSEI,57.1765,-134.766833,57.195167,-134.779,594.36,,,,,,,,,,Retained,,529
2024,611,1,710,37833,ILONA B,8/12/2024 13:07,7,22,710,345701,NSEI,57.1765,-134.766833,57.195167,-134.779,594.36,,,,,,,,,,Retained,,530
2024,611,1,710,37833,ILONA B,8/12/2024 13:07,7,22,710,345701,NSEI,57.1765,-134.766833,57.195167,-134.779,594.36,,,,,,,,,,Retained,,531
2024,611,1,710,37833,ILONA B,8/12/2024 13:07,7,22,710,345701,NSEI,57.1765,-134.766833,57.195167,-134.779,594.36,,,,,,,,,,Retained,,532
2024,611,1,710,37833,ILONA B,8/12/2024 13:07,7,22,710,345701,NSEI,57.1765,-134.766833,57.195167,-134.779,594.36,,,,,,,,,,Retained,,533
2024,611,1,710,37833,ILONA B,8/12/2024 13:07,7,22,710,345701,NSEI,57.1765,-134.766833,57.195167,-134.779,594.36,,,,,,,,,,Retained,,534
2024,611,1,710,37833,ILONA B,8/12/2024 13:07,7,22,710,345701,NSEI,57.1765,-134.766833,57.195167,-134.779,594.36,,,,,,,,,,Retained,,535
2024,611,1,710,37833,ILONA B,8/12/2024 13:07,7,22,710,345701,NSEI,57.1765,-134.766833,57.195167,-134.779,594.36,,,,,,,,,,Retained,,536
2024,611,1,710,37833,ILONA B,8/12/2024 13:07,7,22,710,345701,NSEI,57.1765,-134.766833,57.195167,-134.779,594.36,,,,,,,,,,Retained,,537
2024,611,1,710,37833,ILONA B,8/12/2024 13:07,7,22,710,345701,NSEI,57.1765,-134.766833,57.195167,-134.779,594.36,,,,,,,,,,Retained,,538
2024,611,1,710,37833,ILONA B,8/12/2024 13:07,7,22,710,345701,NSEI,57.1765,-134.766833,57.195167,-134.779,594.36,,,,,,,,,,Retained,,539
2024,611,1,710,37833,ILONA B,8/12/2024 13:07,7,22,710,345701,NSEI,57.1765,-134.766833,57.195167,-134.779,594.36,,,,,,,,,,Retained,,540
2024,611,1,710,37833,ILONA B,8/12/2024 13:07,7,22,710,345701,NSEI,57.1765,-134.766833,57.195167,-134.779,594.36,,,,,,,,,,Retained,,541
2024,611,1,710,37833,ILONA B,8/12/2024 13:07,7,22,710,345701,NSEI,57.1765,-134.766833,57.195167,-134.779,594.36,,,,,,,,,,Retained,,542
2024,611,1,710,37833,ILONA B,8/12/2024 13:07,7,22,710,345701,NSEI,57.1765,-134.766833,57.195167,-134.779,594.36,,,,,,,,,,Retained,,543
2024,611,1,710,37833,ILONA B,8/12/2024 13:07,7,22,710,345701,NSEI,57.1765,-134.766833,57.195167,-134.779,594.36,,,,,,,,,,Retained,,544
2024,611,1,710,37833,ILONA B,8/12/2024 13:07,7,22,710,345701,NSEI,57.1765,-134.766833,57.195167,-134.779,594.36,,,,,,,,,,Retained,,545
2024,611,1,710,37833,ILONA B,8/12/2024 13:07,7,22,710,345701,NSEI,57.1765,-134.766833,57.195167,-134.779,594.36,,,,,,,,,,Retained,,546
2024,611,1,710,37833,ILONA B,8/12/2024 13:07,7,22,710,345701,NSEI,57.1765,-134.766833,57.195167,-134.779,594.36,,,,,,,,,,Retained,,547
2024,611,1,710,37833,ILONA B,8/12/2024 13:07,7,22,710,345701,NSEI,57.1765,-134.766833,57.195167,-134.779,594.36,,,,,,,,,,Retained,,548
2024,611,1,710,37833,ILONA B,8/12/2024 13:07,7,22,710,345701,NSEI,57.1765,-134.766833,57.195167,-134.779,594.36,,,,,,,,,,Retained,,549
2024,611,1,710,37833,ILONA B,8/12/2024 13:07,7,22,710,345701,NSEI,57.1765,-134.766833,57.195167,-134.779,594.36,,,,,,,,,,Retained,,550
2024,611,1,710,37833,ILONA B,8/12/2024 13:07,7,22,710,345701,NSEI,57.1765,-134.766833,57.195167,-134.779,594.36,,,,,,,,,,Retained,,551
2024,611,1,710,37833,ILONA B,8/12/2024 13:07,7,22,710,345701,NSEI,57.1765,-134.766833,57.195167,-134.779,594.36,,,,,,,,,,Retained,,552
2024,611,1,710,37833,ILONA B,8/12/2024 13:07,7,22,710,345701,NSEI,57.1765,-134.766833,57.195167,-134.779,594.36,,,,,,,,,,Retained,,553
2024,611,1,710,37833,ILONA B,8/12/2024 13:07,7,22,710,345701,NSEI,57.1765,-134.766833,57.195167,-134.779,594.36,,,,,,,,,,Retained,,554
2024,611,1,710,37833,ILONA B,8/12/2024 13:07,7,22,710,345701,NSEI,57.1765,-134.766833,57.195167,-134.779,594.36,,,,,,,,,,Retained,,555
2024,611,1,710,37833,ILONA B,8/12/2024 13:07,7,22,710,345701,NSEI,57.1765,-134.766833,57.195167,-134.779,594.36,,,,,,,,,,Retained,,558
2024,611,1,710,37833,ILONA B,8/12/2024 13:07,7,22,710,345701,NSEI,57.1765,-134.766833,57.195167,-134.779,594.36,,,,,,,,,,Retained,,559
2024,611,1,710,37833,ILONA B,8/12/2024 13:07,7,22,710,345701,NSEI,57.1765,-134.766833,57.195167,-134.779,594.36,,,,,,,,,,Retained,,560
2024,611,1,710,37833,ILONA B,8/12/2024 13:07,7,22,710,345701,NSEI,57.1765,-134.766833,57.195167,-134.779,594.36,,,,,,,,,,Retained,,561
2024,611,1,710,37833,ILONA B,8/12/2024 13:07,7,22,710,345701,NSEI,57.1765,-134.766833,57.195167,-134.779,594.36,,,,,,,,,,Retained,,562
2024,611,1,710,37833,ILONA B,8/12/2024 13:07,7,22,710,345701,NSEI,57.1765,-134.766833,57.195167,-134.779,594.36,,,,,,,,,,Retained,,563
2024,611,1,710,37833,ILONA B,8/12/2024 13:07,7,22,710,345701,NSEI,57.1765,-134.766833,57.195167,-134.779,594.36,,,,,,,,,,Retained,,564
2024,611,1,710,37833,ILONA B,8/12/2024 13:07,7,22,710,345701,NSEI,57.1765,-134.766833,57.195167,-134.779,594.36,,,,,,,,,,Retained,,565
2024,611,1,710,37833,ILONA B,8/12/2024 13:07,7,22,710,345701,NSEI,57.1765,-134.766833,57.195167,-134.779,594.36,,,,,,,,,,Retained,,566
2024,611,1,710,37833,ILONA B,8/12/2024 13:07,7,22,710,345701,NSEI,57.1765,-134.766833,57.195167,-134.779,594.36,,,,,,,,,,Retained,,567
2024,611,1,710,37833,ILONA B,8/12/2024 13:07,7,22,710,345701,NSEI,57.1765,-134.766833,57.195167,-134.779,594.36,,,,,,,,,,Retained,,568
2024,611,1,710,37833,ILONA B,8/12/2024 13:07,7,22,710,345701,NSEI,57.1765,-134.766833,57.195167,-134.779,594.36,,,,,,,,,,Retained,,569
2024,611,1,710,37833,ILONA B,8/12/2024 13:07,7,22,710,345701,NSEI,57.1765,-134.766833,57.195167,-134.779,594.36,,,,,,,,,,Retained,,570
2024,611,1,710,37833,ILONA B,8/12/2024 13:07,7,22,710,345701,NSEI,57.1765,-134.766833,57.195167,-134.779,594.36,,,,,,,,,,Retained,,571
2024,611,1,710,37833,ILONA B,8/12/2024 13:07,7,22,710,345701,NSEI,57.1765,-134.766833,57.195167,-134.779,594.36,,,,,,,,,,Retained,,572
2024,611,1,710,37833,ILONA B,8/12/2024 13:07,7,22,710,345701,NSEI,57.1765,-134.766833,57.195167,-134.779,594.36,,,,,,,,,,Retained,,573
2024,611,1,710,37833,ILONA B,8/12/2024 13:07,7,22,710,345701,NSEI,57.1765,-134.766833,57.195167,-134.779,594.36,,,,,,,,,,Retained,,574
2024,611,1,710,37833,ILONA B,8/12/2024 13:07,7,22,710,345701,NSEI,57.1765,-134.766833,57.195167,-134.779,594.36,,,,,,,,,,Retained,,575
2024,611,1,710,37833,ILONA B,8/12/2024 13:07,7,22,710,345701,NSEI,57.1765,-134.766833,57.195167,-134.779,594.36,,,,,,,,,,Retained,,576
2024,611,1,710,37833,ILONA B,8/12/2024 13:07,7,22,710,345701,NSEI,57.1765,-134.766833,57.195167,-134.779,594.36,,,,,,,,,,Retained,,577
2024,611,1,710,37833,ILONA B,8/12/2024 13:07,7,22,710,345701,NSEI,57.1765,-134.766833,57.195167,-134.779,594.36,,,,,,,,,,Retained,,578
2024,611,1,710,37833,ILONA B,8/12/2024 13:07,7,22,710,345701,NSEI,57.1765,-134.766833,57.195167,-134.779,594.36,,,,,,,,,,Retained,,579
2024,611,1,710,37833,ILONA B,8/12/2024 13:07,7,22,710,345701,NSEI,57.1765,-134.766833,57.195167,-134.779,594.36,,,,,,,,,,Retained,,582
2024,611,1,710,37833,ILONA B,8/12/2024 13:07,7,22,710,345701,NSEI,57.1765,-134.766833,57.195167,-134.779,594.36,,,,,,,,,,Retained,,583
2024,611,1,710,37833,ILONA B,8/12/2024 13:07,7,22,710,345701,NSEI,57.1765,-134.766833,57.195167,-134.779,594.36,,,,,,,,,,Retained,,584
2024,611,1,710,37833,ILONA B,8/12/2024 13:07,7,22,710,345701,NSEI,57.1765,-134.766833,57.195167,-134.779,594.36,,,,,,,,,,Retained,,585
2024,611,1,710,37833,ILONA B,8/12/2024 13:07,7,22,710,345701,NSEI,57.1765,-134.766833,57.195167,-134.779,594.36,,,,,,,,,,Retained,,586
2024,611,1,710,37833,ILONA B,8/12/2024 13:07,7,22,710,345701,NSEI,57.1765,-134.766833,57.195167,-134.779,594.36,,,,,,,,,,Retained,,587
2024,611,1,710,37833,ILONA B,8/12/2024 13:07,7,22,710,345701,NSEI,57.1765,-134.766833,57.195167,-134.779,594.36,,,,,,,,,,Retained,,588
2024,611,1,710,37833,ILONA B,8/12/2024 13:07,7,22,710,345701,NSEI,57.1765,-134.766833,57.195167,-134.779,594.36,,,,,,,,,,Retained,,589
2024,611,1,710,37833,ILONA B,8/12/2024 13:07,7,22,710,345701,NSEI,57.1765,-134.766833,57.195167,-134.779,594.36,,,,,,,,,,Retained,,590
2024,611,1,710,37833,ILONA B,8/12/2024 13:07,7,22,710,345701,NSEI,57.1765,-134.766833,57.195167,-134.779,594.36,,,,,,,,,,Retained,,591
2024,611,1,710,37833,ILONA B,8/12/2024 13:07,7,22,710,345701,NSEI,57.1765,-134.766833,57.195167,-134.779,594.36,,,,,,,,,,Retained,,592
2024,611,1,710,37833,ILONA B,8/12/2024 13:07,7,22,710,345701,NSEI,57.1765,-134.766833,57.195167,-134.779,594.36,,,,,,,,,,Retained,,593
2024,611,1,710,37833,ILONA B,8/12/2024 13:07,7,22,710,345701,NSEI,57.1765,-134.766833,57.195167,-134.779,594.36,,,,,,,,,,Retained,,594
2024,611,1,710,37833,ILONA B,8/12/2024 13:07,7,22,710,345701,NSEI,57.1765,-134.766833,57.195167,-134.779,594.36,,,,,,,,,,Retained,,595
2024,611,1,710,37833,ILONA B,8/12/2024 13:07,7,22,710,345701,NSEI,57.1765,-134.766833,57.195167,-134.779,594.36,,,,,,,,,,Retained,,596
2024,611,1,710,37833,ILONA B,8/12/2024 13:07,7,22,710,345701,NSEI,57.1765,-134.766833,57.195167,-134.779,594.36,,,,,,,,,,Retained,,597
2024,611,1,710,37833,ILONA B,8/12/2024 13:07,7,22,710,345701,NSEI,57.1765,-134.766833,57.195167,-134.779,594.36,,,,,,,,,,Retained,,598
2024,611,1,710,37833,ILONA B,8/12/2024 13:07,7,22,710,345701,NSEI,57.1765,-134.766833,57.195167,-134.779,594.36,,,,,,,,,,Retained,,599
2024,611,1,710,37833,ILONA B,8/12/2024 13:07,7,22,710,345701,NSEI,57.1765,-134.766833,57.195167,-134.779,594.36,,,,,,,,,,Retained,,600
2024,611,1,710,37833,ILONA B,8/12/2024 13:07,7,22,710,345701,NSEI,57.1765,-134.766833,57.195167,-134.779,594.36,,,,,,,,,,Retained,,601
2024,611,1,710,37833,ILONA B,8/12/2024 13:07,7,22,710,345701,NSEI,57.1765,-134.766833,57.195167,-134.779,594.36,,,,,,,,,,Retained,,602
2024,611,1,710,37833,ILONA B,8/12/2024 13:07,7,22,710,345701,NSEI,57.1765,-134.766833,57.195167,-134.779,594.36,,,,,,,,,,Retained,,603
2024,611,1,710,37833,ILONA B,8/12/2024 13:07,7,22,710,345701,NSEI,57.1765,-134.766833,57.195167,-134.779,594.36,,,,,,,,,,Retained,,604
2024,611,1,710,37833,ILONA B,8/12/2024 13:07,7,22,710,345701,NSEI,57.1765,-134.766833,57.195167,-134.779,594.36,,,,,,,,,,Retained,,605
2024,611,1,710,37833,ILONA B,8/12/2024 13:07,7,22,710,345701,NSEI,57.1765,-134.766833,57.195167,-134.779,594.36,,,,,,,,,,Retained,,606
2024,611,1,710,37833,ILONA B,8/12/2024 13:07,7,22,710,345701,NSEI,57.1765,-134.766833,57.195167,-134.779,594.36,,,,,,,,,,Retained,,607
2024,611,1,710,37833,ILONA B,8/12/2024 13:07,7,22,710,345701,NSEI,57.1765,-134.766833,57.195167,-134.779,594.36,,,,,,,,,,Retained,,608
2024,611,1,710,37833,ILONA B,8/12/2024 13:07,7,22,710,345701,NSEI,57.1765,-134.766833,57.195167,-134.779,594.36,,,,,,,,,,Retained,,609
2024,611,1,710,37833,ILONA B,8/12/2024 13:07,7,22,710,345701,NSEI,57.1765,-134.766833,57.195167,-134.779,594.36,,,,,,,,,,Retained,,610
2024,611,1,710,37833,ILONA B,8/12/2024 13:07,7,22,710,345701,NSEI,57.1765,-134.766833,57.195167,-134.779,594.36,,,,,,,,,,Retained,,611
2024,611,1,710,37833,ILONA B,8/12/2024 13:07,7,22,710,345701,NSEI,57.1765,-134.766833,57.195167,-134.779,594.36,,,,,,,,,,Retained,,612
2024,611,1,710,37833,ILONA B,8/12/2024 13:07,7,22,710,345701,NSEI,57.1765,-134.766833,57.195167,-134.779,594.36,,,,,,,,,,Retained,,613
2024,611,1,710,37833,ILONA B,8/12/2024 13:07,7,22,710,345701,NSEI,57.1765,-134.766833,57.195167,-134.779,594.36,,,,,,,,,,Retained,,614
2024,611,1,710,37833,ILONA B,8/12/2024 13:07,7,22,710,345701,NSEI,57.1765,-134.766833,57.195167,-134.779,594.36,,,,,,,,,,Retained,,615
2024,611,1,710,37833,ILONA B,8/12/2024 13:07,7,22,710,345701,NSEI,57.1765,-134.766833,57.195167,-134.779,594.36,,,,,,,,,,Retained,,616
2024,611,1,710,37833,ILONA B,8/12/2024 13:07,7,22,710,345701,NSEI,57.1765,-134.766833,57.195167,-134.779,594.36,,,,,,,,,,Retained,,617
2024,611,1,710,37833,ILONA B,8/12/2024 13:07,7,22,710,345701,NSEI,57.1765,-134.766833,57.195167,-134.779,594.36,,,,,,,,,,Retained,,618
2024,611,1,710,37833,ILONA B,8/12/2024 13:07,7,22,710,345701,NSEI,57.1765,-134.766833,57.195167,-134.779,594.36,,,,,,,,,,Retained,,619
2024,611,1,710,37833,ILONA B,8/12/2024 13:07,7,22,710,345701,NSEI,57.1765,-134.766833,57.195167,-134.779,594.36,,,,,,,,,,Retained,,620
2024,611,1,710,37833,ILONA B,8/12/2024 13:07,7,22,710,345701,NSEI,57.1765,-134.766833,57.195167,-134.779,594.36,,,,,,,,,,Retained,,621
2024,611,1,710,37833,ILONA B,8/12/2024 13:07,7,22,710,345701,NSEI,57.1765,-134.766833,57.195167,-134.779,594.36,,,,,,,,,,Retained,,622
2024,611,1,710,37833,ILONA B,8/12/2024 13:07,7,22,710,345701,NSEI,57.1765,-134.766833,57.195167,-134.779,594.36,,,,,,,,,,Retained,,623
2024,611,1,710,37833,ILONA B,8/12/2024 13:07,7,22,710,345701,NSEI,57.1765,-134.766833,57.195167,-134.779,594.36,,,,,,,,,,Retained,,624
2024,611,1,710,37833,ILONA B,8/12/2024 13:07,7,22,710,345701,NSEI,57.1765,-134.766833,57.195167,-134.779,594.36,,,,,,,,,,Retained,,625
2024,611,1,710,37833,ILONA B,8/12/2024 13:07,7,22,710,345701,NSEI,57.1765,-134.766833,57.195167,-134.779,594.36,,,,,,,,,,Retained,,626
2024,611,1,710,37833,ILONA B,8/12/2024 13:07,7,22,710,345701,NSEI,57.1765,-134.766833,57.195167,-134.779,594.36,,,,,,,,,,Retained,,627
2024,611,1,710,37833,ILONA B,8/12/2024 13:07,7,22,710,345701,NSEI,57.1765,-134.766833,57.195167,-134.779,594.36,,,,,,,,,,Retained,,628
2024,611,1,710,37833,ILONA B,8/12/2024 13:07,7,22,710,345701,NSEI,57.1765,-134.766833,57.195167,-134.779,594.36,,,,,,,,,,Retained,,629
2024,611,1,710,37833,ILONA B,8/12/2024 13:07,7,22,710,345701,NSEI,57.1765,-134.766833,57.195167,-134.779,594.36,,,,,,,,,,Retained,,630
2024,611,1,710,37833,ILONA B,8/12/2024 13:07,7,22,710,345701,NSEI,57.1765,-134.766833,57.195167,-134.779,594.36,,,,,,,,,,Retained,,631
2024,611,1,710,37833,ILONA B,8/12/2024 13:07,7,22,710,345701,NSEI,57.1765,-134.766833,57.195167,-134.779,594.36,,,,,,,,,,Retained,,632
2024,611,1,710,37833,ILONA B,8/12/2024 13:07,7,22,710,345701,NSEI,57.1765,-134.766833,57.195167,-134.779,594.36,,,,,,,,,,Retained,,633
2024,611,1,710,37833,ILONA B,8/12/2024 13:07,7,22,710,345701,NSEI,57.1765,-134.766833,57.195167,-134.779,594.36,,,,,,,,,,Retained,,634
2024,611,1,710,37833,ILONA B,8/12/2024 13:07,7,22,710,345701,NSEI,57.1765,-134.766833,57.195167,-134.779,594.36,,,,,,,,,,Retained,,635
2024,611,1,710,37833,ILONA B,8/12/2024 13:07,7,22,710,345701,NSEI,57.1765,-134.766833,57.195167,-134.779,594.36,,,,,,,,,,Retained,,636
2024,611,1,710,37833,ILONA B,8/12/2024 13:07,7,22,710,345701,NSEI,57.1765,-134.766833,57.195167,-134.779,594.36,,,,,,,,,,Retained,,639
2024,611,1,710,37833,ILONA B,8/12/2024 13:07,7,22,710,345701,NSEI,57.1765,-134.766833,57.195167,-134.779,594.36,,,,,,,,,,Retained,,640
2024,611,1,710,37833,ILONA B,8/12/2024 13:07,7,22,710,345701,NSEI,57.1765,-134.766833,57.195167,-134.779,594.36,,,,,,,,,,Retained,,641
2024,611,1,710,37833,ILONA B,8/12/2024 13:07,7,22,710,345701,NSEI,57.1765,-134.766833,57.195167,-134.779,594.36,,,,,,,,,,Retained,,642
2024,611,1,710,37833,ILONA B,8/12/2024 13:07,7,22,710,345701,NSEI,57.1765,-134.766833,57.195167,-134.779,594.36,,,,,,,,,,Retained,,643
2024,611,1,710,37833,ILONA B,8/12/2024 13:07,7,22,710,345701,NSEI,57.1765,-134.766833,57.195167,-134.779,594.36,,,,,,,,,,Retained,,644
2024,611,1,710,37833,ILONA B,8/12/2024 13:07,7,22,710,345701,NSEI,57.1765,-134.766833,57.195167,-134.779,594.36,,,,,,,,,,Retained,,645
2024,611,1,710,37833,ILONA B,8/12/2024 13:07,7,22,710,345701,NSEI,57.1765,-134.766833,57.195167,-134.779,594.36,,,,,,,,,,Retained,,646
2024,611,1,710,37833,ILONA B,8/12/2024 13:07,7,22,710,345701,NSEI,57.1765,-134.766833,57.195167,-134.779,594.36,,,,,,,,,,Retained,,647
2024,611,1,710,37833,ILONA B,8/12/2024 13:07,7,22,710,345701,NSEI,57.1765,-134.766833,57.195167,-134.779,594.36,,,,,,,,,,Retained,,648
2024,611,1,710,37833,ILONA B,8/12/2024 13:07,7,22,710,345701,NSEI,57.1765,-134.766833,57.195167,-134.779,594.36,,,,,,,,,,Retained,,649
2024,611,1,710,37833,ILONA B,8/12/2024 13:07,7,22,710,345701,NSEI,57.1765,-134.766833,57.195167,-134.779,594.36,,,,,,,,,,Retained,,650
2024,611,1,710,37833,ILONA B,8/12/2024 13:07,7,22,710,345701,NSEI,57.1765,-134.766833,57.195167,-134.779,594.36,,,,,,,,,,Retained,,651
2024,611,1,710,37833,ILONA B,8/12/2024 13:07,7,22,710,345701,NSEI,57.1765,-134.766833,57.195167,-134.779,594.36,,,,,,,,,,Retained,,652
2024,611,1,710,37833,ILONA B,8/12/2024 13:07,7,22,710,345701,NSEI,57.1765,-134.766833,57.195167,-134.779,594.36,,,,,,,,,,Retained,,653
2024,611,1,710,37833,ILONA B,8/12/2024 13:07,7,22,710,345701,NSEI,57.1765,-134.766833,57.195167,-134.779,594.36,,,,,,,,,,Retained,,654
2024,611,1,710,37833,ILONA B,8/12/2024 13:07,7,22,710,345701,NSEI,57.1765,-134.766833,57.195167,-134.779,594.36,,,,,,,,,,Retained,,655
2024,611,1,710,37833,ILONA B,8/12/2024 13:07,7,22,710,345701,NSEI,57.1765,-134.766833,57.195167,-134.779,594.36,,,,,,,,,,Retained,,656
2024,611,1,710,37833,ILONA B,8/12/2024 13:07,7,22,710,345701,NSEI,57.1765,-134.766833,57.195167,-134.779,594.36,,,,,,,,,,Retained,,657
2024,611,1,710,37833,ILONA B,8/12/2024 13:07,7,22,710,345701,NSEI,57.1765,-134.766833,57.195167,-134.779,594.36,,,,,,,,,,Retained,,658
2024,611,1,710,37833,ILONA B,8/12/2024 13:07,7,22,710,345701,NSEI,57.1765,-134.766833,57.195167,-134.779,594.36,,,,,,,,,,Retained,,659
2024,611,1,710,37833,ILONA B,8/12/2024 13:07,7,22,710,345701,NSEI,57.1765,-134.766833,57.195167,-134.779,594.36,,,,,,,,,,Retained,,660
2024,611,1,710,37833,ILONA B,8/12/2024 13:07,7,22,710,345701,NSEI,57.1765,-134.766833,57.195167,-134.779,594.36,,,,,,,,,,Retained,,661
2024,611,1,710,37833,ILONA B,8/12/2024 13:07,7,22,710,345701,NSEI,57.1765,-134.766833,57.195167,-134.779,594.36,,,,,,,,,,Retained,,662
2024,611,1,710,37833,ILONA B,8/12/2024 13:07,7,22,710,345701,NSEI,57.1765,-134.766833,57.195167,-134.779,594.36,,,,,,,,,,Retained,,663
2024,611,1,710,37833,ILONA B,8/12/2024 13:07,7,22,710,345701,NSEI,57.1765,-134.766833,57.195167,-134.779,594.36,,,,,,,,,,Retained,,664
2024,611,1,710,37833,ILONA B,8/12/2024 13:07,7,22,710,345701,NSEI,57.1765,-134.766833,57.195167,-134.779,594.36,,,,,,,,,,Retained,,665
2024,611,1,710,37833,ILONA B,8/12/2024 13:07,7,22,710,345701,NSEI,57.1765,-134.766833,57.195167,-134.779,594.36,,,,,,,,,,Retained,,666
2024,611,1,710,37833,ILONA B,8/12/2024 13:07,7,22,710,345701,NSEI,57.1765,-134.766833,57.195167,-134.779,594.36,,,,,,,,,,Retained,,667
2024,611,1,710,37833,ILONA B,8/12/2024 13:07,7,22,710,345701,NSEI,57.1765,-134.766833,57.195167,-134.779,594.36,,,,,,,,,,Retained,,668
2024,611,1,710,37833,ILONA B,8/12/2024 13:07,7,22,710,345701,NSEI,57.1765,-134.766833,57.195167,-134.779,594.36,,,,,,,,,,Retained,,669
2024,611,1,710,37833,ILONA B,8/12/2024 13:07,7,22,710,345701,NSEI,57.1765,-134.766833,57.195167,-134.779,594.36,,,,,,,,,,Retained,,670
2024,611,1,710,37833,ILONA B,8/12/2024 13:07,7,22,710,345701,NSEI,57.1765,-134.766833,57.195167,-134.779,594.36,,,,,,,,,,Retained,,671
2024,611,1,710,37833,ILONA B,8/12/2024 13:07,7,22,710,345701,NSEI,57.1765,-134.766833,57.195167,-134.779,594.36,,,,,,,,,,Retained,,672
2024,611,1,710,37833,ILONA B,8/12/2024 13:07,7,22,710,345701,NSEI,57.1765,-134.766833,57.195167,-134.779,594.36,,,,,,,,,,Retained,,673
2024,611,1,710,37833,ILONA B,8/12/2024 13:07,7,22,710,345701,NSEI,57.1765,-134.766833,57.195167,-134.779,594.36,,,,,,,,,,Retained,,674
2024,611,1,710,37833,ILONA B,8/12/2024 13:07,7,22,710,345701,NSEI,57.1765,-134.766833,57.195167,-134.779,594.36,,,,,,,,,,Retained,,675
2024,611,1,710,37833,ILONA B,8/12/2024 13:07,7,22,710,345701,NSEI,57.1765,-134.766833,57.195167,-134.779,594.36,,,,,,,,,,Retained,,676
2024,611,1,710,37833,ILONA B,8/12/2024 13:07,7,22,710,345701,NSEI,57.1765,-134.766833,57.195167,-134.779,594.36,,,,,,,,,,Retained,,677
2024,611,1,710,37833,ILONA B,8/12/2024 13:07,7,22,710,345701,NSEI,57.1765,-134.766833,57.195167,-134.779,594.36,,,,,,,,,,Retained,,678
2024,611,1,710,37833,ILONA B,8/12/2024 13:07,7,22,710,345701,NSEI,57.1765,-134.766833,57.195167,-134.779,594.36,,,,,,,,,,Retained,,679
2024,611,1,710,37833,ILONA B,8/12/2024 13:07,7,22,710,345701,NSEI,57.1765,-134.766833,57.195167,-134.779,594.36,,,,,,,,,,Retained,,680
2024,611,1,710,37833,ILONA B,8/12/2024 13:07,7,22,710,345701,NSEI,57.1765,-134.766833,57.195167,-134.779,594.36,,,,,,,,,,Retained,,681
2024,611,1,710,37833,ILONA B,8/12/2024 13:07,7,22,710,345701,NSEI,57.1765,-134.766833,57.195167,-134.779,594.36,,,,,,,,,,Retained,,682
2024,611,1,710,37833,ILONA B,8/12/2024 13:07,7,22,710,345701,NSEI,57.1765,-134.766833,57.195167,-134.779,594.36,,,,,,,,,,Retained,,683
2024,611,1,710,37833,ILONA B,8/12/2024 13:07,7,22,710,345701,NSEI,57.1765,-134.766833,57.195167,-134.779,594.36,,,,,,,,,,Retained,,684
2024,611,1,710,37833,ILONA B,8/12/2024 13:07,7,22,710,345701,NSEI,57.1765,-134.766833,57.195167,-134.779,594.36,,,,,,,,,,Retained,,685
2024,611,1,710,37833,ILONA B,8/12/2024 13:07,7,22,710,345701,NSEI,57.1765,-134.766833,57.195167,-134.779,594.36,,,,,,,,,,Retained,,686
2024,611,1,710,37833,ILONA B,8/12/2024 13:07,7,22,710,345701,NSEI,57.1765,-134.766833,57.195167,-134.779,594.36,,,,,,,,,,Retained,,687
2024,611,1,710,37833,ILONA B,8/12/2024 13:07,7,22,710,345701,NSEI,57.1765,-134.766833,57.195167,-134.779,594.36,,,,,,,,,,Retained,,688
2024,611,1,710,37833,ILONA B,8/12/2024 13:07,7,22,710,345701,NSEI,57.1765,-134.766833,57.195167,-134.779,594.36,,,,,,,,,,Retained,,689
2024,611,1,710,37833,ILONA B,8/12/2024 13:07,7,22,710,345701,NSEI,57.1765,-134.766833,57.195167,-134.779,594.36,,,,,,,,,,Retained,,690
2024,611,1,710,37833,ILONA B,8/12/2024 13:07,7,22,710,345701,NSEI,57.1765,-134.766833,57.195167,-134.779,594.36,,,,,,,,,,Retained,,691
2024,611,1,710,37833,ILONA B,8/12/2024 13:07,7,22,710,345701,NSEI,57.1765,-134.766833,57.195167,-134.779,594.36,,,,,,,,,,Retained,,692
2024,611,1,710,37833,ILONA B,8/12/2024 13:07,7,22,710,345701,NSEI,57.1765,-134.766833,57.195167,-134.779,594.36,,,,,,,,,,Retained,,693
2024,611,1,710,37833,ILONA B,8/12/2024 13:07,7,22,710,345701,NSEI,57.1765,-134.766833,57.195167,-134.779,594.36,,,,,,,,,,Retained,,694
2024,611,1,710,37833,ILONA B,8/12/2024 13:07,7,22,710,345701,NSEI,57.1765,-134.766833,57.195167,-134.779,594.36,,,,,,,,,,Retained,,695
2024,611,1,710,37833,ILONA B,8/12/2024 13:07,7,22,710,345701,NSEI,57.1765,-134.766833,57.195167,-134.779,594.36,,,,,,,,,,Retained,,696
2024,611,1,710,37833,ILONA B,8/12/2024 13:07,7,22,710,345701,NSEI,57.1765,-134.766833,57.195167,-134.779,594.36,,,,,,,,,,Retained,,697
2024,611,1,710,37833,ILONA B,8/12/2024 13:07,7,22,710,345701,NSEI,57.1765,-134.766833,57.195167,-134.779,594.36,,,,,,,,,,Retained,,698
2024,611,1,710,37833,ILONA B,8/12/2024 13:07,7,22,710,345701,NSEI,57.1765,-134.766833,57.195167,-134.779,594.36,,,,,,,,,,Retained,,699
2024,611,1,710,37833,ILONA B,8/12/2024 13:07,7,22,710,345701,NSEI,57.1765,-134.766833,57.195167,-134.779,594.36,,,,,,,,,,Retained,,700
2024,611,1,710,37833,ILONA B,8/12/2024 13:07,7,22,710,345701,NSEI,57.1765,-134.766833,57.195167,-134.779,594.36,,,,,,,,,,Retained,,701
2024,611,1,710,37833,ILONA B,8/12/2024 13:07,7,22,710,345701,NSEI,57.1765,-134.766833,57.195167,-134.779,594.36,,,,,,,,,,Retained,,702
2024,611,1,710,37833,ILONA B,8/12/2024 13:07,7,22,710,345701,NSEI,57.1765,-134.766833,57.195167,-134.779,594.36,,,,,,,,,,Retained,,703
2024,611,1,710,37833,ILONA B,8/12/2024 13:07,7,22,710,345701,NSEI,57.1765,-134.766833,57.195167,-134.779,594.36,,,,,,,,,,Retained,,704
2024,611,1,710,37833,ILONA B,8/12/2024 13:07,7,22,710,345701,NSEI,57.1765,-134.766833,57.195167,-134.779,594.36,,,,,,,,,,Retained,,705
2024,611,1,710,37833,ILONA B,8/12/2024 13:07,7,22,710,345701,NSEI,57.1765,-134.766833,57.195167,-134.779,594.36,,,,,,,,,,Retained,,706
2024,611,1,710,37833,ILONA B,8/12/2024 13:07,7,22,710,345701,NSEI,57.1765,-134.766833,57.195167,-134.779,594.36,,,,,,,,,,Retained,,707
2024,611,1,710,37833,ILONA B,8/12/2024 13:07,7,22,710,345701,NSEI,57.1765,-134.766833,57.195167,-134.779,594.36,,,,,,,,,,Retained,,708
2024,611,1,710,37833,ILONA B,8/12/2024 13:07,7,22,710,345701,NSEI,57.1765,-134.766833,57.195167,-134.779,594.36,,,,,,,,,,Retained,,709
2024,611,1,710,37833,ILONA B,8/12/2024 13:07,7,22,710,345701,NSEI,57.1765,-134.766833,57.195167,-134.779,594.36,,,,,,,,,,Retained,,710
2024,611,1,710,37833,ILONA B,8/12/2024 13:07,7,22,710,345701,NSEI,57.1765,-134.766833,57.195167,-134.779,594.36,,,,,,,,,,Retained,,711
2024,611,1,710,37833,ILONA B,8/12/2024 13:07,7,22,710,345701,NSEI,57.1765,-134.766833,57.195167,-134.779,594.36,,,,,,,,,,Retained,,712
2024,611,1,710,37833,ILONA B,8/12/2024 13:07,7,22,710,345701,NSEI,57.1765,-134.766833,57.195167,-134.779,594.36,,,,,,,,,,Retained,,713
2024,611,1,710,37833,ILONA B,8/12/2024 13:07,7,22,710,345701,NSEI,57.1765,-134.766833,57.195167,-134.779,594.36,,,,,,,,,,Retained,,714
2024,611,1,710,37833,ILONA B,8/12/2024 13:07,7,22,710,345701,NSEI,57.1765,-134.766833,57.195167,-134.779,594.36,,,,,,,,,,Retained,,715
2024,611,1,710,37833,ILONA B,8/12/2024 13:07,7,22,710,345701,NSEI,57.1765,-134.766833,57.195167,-134.779,594.36,,,,,,,,,,Retained,,716
2024,611,1,710,37833,ILONA B,8/12/2024 13:07,7,22,710,345701,NSEI,57.1765,-134.766833,57.195167,-134.779,594.36,,,,,,,,,,Retained,,717
2024,611,1,710,37833,ILONA B,8/12/2024 13:07,7,22,710,345701,NSEI,57.1765,-134.766833,57.195167,-134.779,594.36,,,,,,,,,,Retained,,718
2024,611,1,710,37833,ILONA B,8/12/2024 13:07,7,22,710,345701,NSEI,57.1765,-134.766833,57.195167,-134.779,594.36,,,,,,,,,,Retained,,719
2024,611,1,710,37833,ILONA B,8/12/2024 13:07,7,22,710,345701,NSEI,57.1765,-134.766833,57.195167,-134.779,594.36,,,,,,,,,,Retained,,720
2024,611,1,710,37833,ILONA B,8/12/2024 13:07,7,22,710,345701,NSEI,57.1765,-134.766833,57.195167,-134.779,594.36,,,,,,,,,,Retained,,721
2024,611,1,710,37833,ILONA B,8/12/2024 13:07,7,22,710,345701,NSEI,57.1765,-134.766833,57.195167,-134.779,594.36,,,,,,,,,,Retained,,722
2024,611,1,710,37833,ILONA B,8/12/2024 13:07,7,22,710,345701,NSEI,57.1765,-134.766833,57.195167,-134.779,594.36,,,,,,,,,,Retained,,723
2024,611,1,710,37833,ILONA B,8/12/2024 13:07,7,22,710,345701,NSEI,57.1765,-134.766833,57.195167,-134.779,594.36,,,,,,,,,,Retained,,724
2024,611,1,710,37833,ILONA B,8/12/2024 13:07,7,22,710,345701,NSEI,57.1765,-134.766833,57.195167,-134.779,594.36,,,,,,,,,,Retained,,725
2024,611,1,710,37833,ILONA B,8/12/2024 13:07,7,22,710,345701,NSEI,57.1765,-134.766833,57.195167,-134.779,594.36,,,,,,,,,,Retained,,726
2024,611,1,710,37833,ILONA B,8/12/2024 13:07,7,22,710,345701,NSEI,57.1765,-134.766833,57.195167,-134.779,594.36,,,,,,,,,,Retained,,727
2024,611,1,710,37833,ILONA B,8/12/2024 13:07,7,22,710,345701,NSEI,57.1765,-134.766833,57.195167,-134.779,594.36,,,,,,,,,,Retained,,728
2024,611,1,710,37833,ILONA B,8/12/2024 13:07,7,22,710,345701,NSEI,57.1765,-134.766833,57.195167,-134.779,594.36,,,,,,,,,,Retained,,729
2024,611,1,710,37833,ILONA B,8/12/2024 13:07,7,22,710,345701,NSEI,57.1765,-134.766833,57.195167,-134.779,594.36,,,,,,,,,,Retained,,730
2024,611,1,710,37833,ILONA B,8/12/2024 13:07,7,22,710,345701,NSEI,57.1765,-134.766833,57.195167,-134.779,594.36,,,,,,,,,,Retained,,731
2024,611,1,710,37833,ILONA B,8/12/2024 13:07,7,22,710,345701,NSEI,57.1765,-134.766833,57.195167,-134.779,594.36,,,,,,,,,,Retained,,732
2024,611,1,710,37833,ILONA B,8/12/2024 13:07,7,22,710,345701,NSEI,57.1765,-134.766833,57.195167,-134.779,594.36,,,,,,,,,,Retained,,733
2024,611,1,710,37833,ILONA B,8/12/2024 13:07,7,22,710,345701,NSEI,57.1765,-134.766833,57.195167,-134.779,594.36,,,,,,,,,,Retained,,734
2024,611,1,710,37833,ILONA B,8/12/2024 13:07,7,22,710,345701,NSEI,57.1765,-134.766833,57.195167,-134.779,594.36,,,,,,,,,,Retained,,735
2024,611,1,710,37833,ILONA B,8/12/2024 13:07,7,22,710,345701,NSEI,57.1765,-134.766833,57.195167,-134.779,594.36,,,,,,,,,,Retained,,736
2024,611,1,710,37833,ILONA B,8/12/2024 13:07,7,22,710,345701,NSEI,57.1765,-134.766833,57.195167,-134.779,594.36,,,,,,,,,,Retained,,737
2024,611,1,710,37833,ILONA B,8/12/2024 13:07,7,22,710,345701,NSEI,57.1765,-134.766833,57.195167,-134.779,594.36,,,,,,,,,,Retained,,738
2024,611,1,710,37833,ILONA B,8/12/2024 13:07,7,22,710,345701,NSEI,57.1765,-134.766833,57.195167,-134.779,594.36,,,,,,,,,,Retained,,739
2024,611,1,710,37833,ILONA B,8/12/2024 13:07,7,22,710,345701,NSEI,57.1765,-134.766833,57.195167,-134.779,594.36,,,,,,,,,,Retained,,740
2024,611,1,710,37833,ILONA B,8/12/2024 13:07,7,22,710,345701,NSEI,57.1765,-134.766833,57.195167,-134.779,594.36,,,,,,,,,,Retained,,741
2024,611,1,710,37833,ILONA B,8/12/2024 13:07,7,22,710,345701,NSEI,57.1765,-134.766833,57.195167,-134.779,594.36,,,,,,,,,,Retained,,742
2024,611,1,710,37833,ILONA B,8/12/2024 13:07,7,22,710,345701,NSEI,57.1765,-134.766833,57.195167,-134.779,594.36,,,,,,,,,,Retained,,743
2024,611,1,710,37833,ILONA B,8/12/2024 13:07,7,22,710,345701,NSEI,57.1765,-134.766833,57.195167,-134.779,594.36,,,,,,,,,,Retained,,744
2024,611,1,710,37833,ILONA B,8/12/2024 13:07,7,22,710,345701,NSEI,57.1765,-134.766833,57.195167,-134.779,594.36,,,,,,,,,,Retained,,745
2024,611,1,710,37833,ILONA B,8/12/2024 13:07,7,22,710,345701,NSEI,57.1765,-134.766833,57.195167,-134.779,594.36,,,,,,,,,,Retained,,746
2024,611,1,710,37833,ILONA B,8/12/2024 13:07,7,22,710,345701,NSEI,57.1765,-134.766833,57.195167,-134.779,594.36,,,,,,,,,,Retained,,747
2024,611,1,710,37833,ILONA B,8/12/2024 13:07,7,22,710,345701,NSEI,57.1765,-134.766833,57.195167,-134.779,594.36,,,,,,,,,,Retained,,748
2024,611,1,710,37833,ILONA B,8/12/2024 13:07,7,22,710,345701,NSEI,57.1765,-134.766833,57.195167,-134.779,594.36,,,,,,,,,,Retained,,749
2024,611,1,710,37833,ILONA B,8/12/2024 13:07,7,22,710,345701,NSEI,57.1765,-134.766833,57.195167,-134.779,594.36,,,,,,,,,,Retained,,750
2024,611,1,710,37833,ILONA B,8/12/2024 13:07,7,22,710,345701,NSEI,57.1765,-134.766833,57.195167,-134.779,594.36,,,,,,,,,,Retained,,751
2024,611,1,710,37833,ILONA B,8/12/2024 13:07,7,22,710,345701,NSEI,57.1765,-134.766833,57.195167,-134.779,594.36,,,,,,,,,,Retained,,752
2024,611,1,710,37833,ILONA B,8/12/2024 13:07,7,22,710,345701,NSEI,57.1765,-134.766833,57.195167,-134.779,594.36,,,,,,,,,,Retained,,753
2024,611,1,710,37833,ILONA B,8/12/2024 13:07,7,22,710,345701,NSEI,57.1765,-134.766833,57.195167,-134.779,594.36,,,,,,,,,,Retained,,754
2024,611,1,710,37833,ILONA B,8/12/2024 13:07,7,22,710,345701,NSEI,57.1765,-134.766833,57.195167,-134.779,594.36,,,,,,,,,,Retained,,755
2024,611,1,710,37833,ILONA B,8/12/2024 13:07,7,22,710,345701,NSEI,57.1765,-134.766833,57.195167,-134.779,594.36,,,,,,,,,,Retained,,756
2024,611,1,710,37833,ILONA B,8/12/2024 13:07,7,22,710,345701,NSEI,57.1765,-134.766833,57.195167,-134.779,594.36,,,,,,,,,,Retained,,757
2024,611,1,710,37833,ILONA B,8/12/2024 13:07,7,22,710,345701,NSEI,57.1765,-134.766833,57.195167,-134.779,594.36,,,,,,,,,,Retained,,758
2024,611,1,710,37833,ILONA B,8/12/2024 13:07,7,22,710,345701,NSEI,57.1765,-134.766833,57.195167,-134.779,594.36,,,,,,,,,,Retained,,759
2024,611,1,710,37833,ILONA B,8/12/2024 13:07,7,22,710,345701,NSEI,57.1765,-134.766833,57.195167,-134.779,594.36,,,,,,,,,,Retained,,760
2024,611,1,710,37833,ILONA B,8/12/2024 13:07,7,22,710,345701,NSEI,57.1765,-134.766833,57.195167,-134.779,594.36,,,,,,,,,,Retained,,761
2024,611,1,710,37833,ILONA B,8/12/2024 13:07,7,22,710,345701,NSEI,57.1765,-134.766833,57.195167,-134.779,594.36,,,,,,,,,,Retained,,762
2024,611,1,710,37833,ILONA B,8/12/2024 13:07,7,22,710,345701,NSEI,57.1765,-134.766833,57.195167,-134.779,594.36,,,,,,,,,,Retained,,763
2024,611,1,710,37833,ILONA B,8/12/2024 13:07,7,22,710,345701,NSEI,57.1765,-134.766833,57.195167,-134.779,594.36,,,,,,,,,,Retained,,764
2024,611,1,710,37833,ILONA B,8/12/2024 13:07,7,22,710,345701,NSEI,57.1765,-134.766833,57.195167,-134.779,594.36,,,,,,,,,,Retained,,765
2024,611,1,710,37833,ILONA B,8/12/2024 13:07,7,22,710,345701,NSEI,57.1765,-134.766833,57.195167,-134.779,594.36,,,,,,,,,,Retained,,766
2024,611,1,710,37833,ILONA B,8/12/2024 13:07,7,22,710,345701,NSEI,57.1765,-134.766833,57.195167,-134.779,594.36,,,,,,,,,,Retained,,767
2024,611,1,710,37833,ILONA B,8/12/2024 13:07,7,22,710,345701,NSEI,57.1765,-134.766833,57.195167,-134.779,594.36,,,,,,,,,,Retained,,768
2024,611,1,710,37833,ILONA B,8/12/2024 13:07,7,22,710,345701,NSEI,57.1765,-134.766833,57.195167,-134.779,594.36,,,,,,,,,,Retained,,769
2024,611,1,710,37833,ILONA B,8/12/2024 13:07,7,22,710,345701,NSEI,57.1765,-134.766833,57.195167,-134.779,594.36,,,,,,,,,,Retained,,770
2024,611,1,710,37833,ILONA B,8/12/2024 13:07,7,22,710,345701,NSEI,57.1765,-134.766833,57.195167,-134.779,594.36,,,,,,,,,,Retained,,771
2024,611,1,710,37833,ILONA B,8/12/2024 13:07,7,22,710,345701,NSEI,57.1765,-134.766833,57.195167,-134.779,594.36,,,,,,,,,,Retained,,772
2024,611,1,710,37833,ILONA B,8/12/2024 13:07,7,22,710,345701,NSEI,57.1765,-134.766833,57.195167,-134.779,594.36,,,,,,,,,,Retained,,773
2024,611,1,710,37833,ILONA B,8/12/2024 13:07,7,22,710,345701,NSEI,57.1765,-134.766833,57.195167,-134.779,594.36,,,,,,,,,,Retained,,774
2024,611,1,710,37833,ILONA B,8/12/2024 13:07,7,22,710,345701,NSEI,57.1765,-134.766833,57.195167,-134.779,594.36,,,,,,,,,,Retained,,775
2024,611,1,710,37833,ILONA B,8/12/2024 13:07,7,22,710,345701,NSEI,57.1765,-134.766833,57.195167,-134.779,594.36,,,,,,,,,,Retained,,776
2024,611,1,710,37833,ILONA B,8/12/2024 13:07,7,22,710,345701,NSEI,57.1765,-134.766833,57.195167,-134.779,594.36,,,,,,,,,,Retained,,777
2024,611,1,710,37833,ILONA B,8/12/2024 13:07,7,22,710,345701,NSEI,57.1765,-134.766833,57.195167,-134.779,594.36,,,,,,,,,,Retained,,778
2024,611,1,710,37833,ILONA B,8/12/2024 13:07,7,22,710,345701,NSEI,57.1765,-134.766833,57.195167,-134.779,594.36,,,,,,,,,,Retained,,779
2024,611,1,710,37833,ILONA B,8/12/2024 13:07,7,22,710,345701,NSEI,57.1765,-134.766833,57.195167,-134.779,594.36,,,,,,,,,,Retained,,780
2024,611,1,710,37833,ILONA B,8/12/2024 13:07,7,22,710,345701,NSEI,57.1765,-134.766833,57.195167,-134.779,594.36,,,,,,,,,,Retained,,781
2024,611,1,710,37833,ILONA B,8/12/2024 13:07,7,22,710,345701,NSEI,57.1765,-134.766833,57.195167,-134.779,594.36,,,,,,,,,,Retained,,782
2024,611,1,710,37833,ILONA B,8/12/2024 13:07,7,22,710,345701,NSEI,57.1765,-134.766833,57.195167,-134.779,594.36,,,,,,,,,,Retained,,783
2024,611,1,710,37833,ILONA B,8/12/2024 13:07,7,22,710,345701,NSEI,57.1765,-134.766833,57.195167,-134.779,594.36,,,,,,,,,,Retained,,784
2024,611,1,710,37833,ILONA B,8/12/2024 13:07,7,22,710,345701,NSEI,57.1765,-134.766833,57.195167,-134.779,594.36,,,,,,,,,,Retained,,785
2024,611,1,710,37833,ILONA B,8/12/2024 13:07,7,22,710,345701,NSEI,57.1765,-134.766833,57.195167,-134.779,594.36,,,,,,,,,,Retained,,786
2024,611,1,710,37833,ILONA B,8/12/2024 13:07,7,22,710,345701,NSEI,57.1765,-134.766833,57.195167,-134.779,594.36,,,,,,,,,,Retained,,787
2024,611,1,710,37833,ILONA B,8/12/2024 13:07,7,22,710,345701,NSEI,57.1765,-134.766833,57.195167,-134.779,594.36,,,,,,,,,,Retained,,788
2024,611,1,710,37833,ILONA B,8/12/2024 13:07,7,22,710,345701,NSEI,57.1765,-134.766833,57.195167,-134.779,594.36,,,,,,,,,,Retained,,789
2024,611,1,710,37833,ILONA B,8/12/2024 13:07,7,22,710,345701,NSEI,57.1765,-134.766833,57.195167,-134.779,594.36,,,,,,,,,,Retained,,790
2024,611,1,710,37833,ILONA B,8/12/2024 13:07,7,22,710,345701,NSEI,57.1765,-134.766833,57.195167,-134.779,594.36,,,,,,,,,,Retained,,791
2024,611,1,710,37833,ILONA B,8/12/2024 13:07,7,22,710,345701,NSEI,57.1765,-134.766833,57.195167,-134.779,594.36,,,,,,,,,,Retained,,792
2024,611,1,710,37833,ILONA B,8/12/2024 13:07,7,22,710,345701,NSEI,57.1765,-134.766833,57.195167,-134.779,594.36,,,,,,,,,,Retained,,793
2024,611,1,710,37833,ILONA B,8/12/2024 13:07,7,22,710,345701,NSEI,57.1765,-134.766833,57.195167,-134.779,594.36,,,,,,,,,,Retained,,794
2024,611,1,710,37833,ILONA B,8/12/2024 13:07,7,22,710,345701,NSEI,57.1765,-134.766833,57.195167,-134.779,594.36,,,,,,,,,,Retained,,795
2024,611,1,710,37833,ILONA B,8/12/2024 13:07,7,22,710,345701,NSEI,57.1765,-134.766833,57.195167,-134.779,594.36,,,,,,,,,,Retained,,796
2024,611,1,710,37833,ILONA B,8/12/2024 13:07,7,22,710,345701,NSEI,57.1765,-134.766833,57.195167,-134.779,594.36,,,,,,,,,,Retained,,797
2024,611,1,710,37833,ILONA B,8/12/2024 13:07,7,22,710,345701,NSEI,57.1765,-134.766833,57.195167,-134.779,594.36,,,,,,,,,,Retained,,798
2024,611,1,710,37833,ILONA B,8/12/2024 13:07,7,22,710,345701,NSEI,57.1765,-134.766833,57.195167,-134.779,594.36,,,,,,,,,,Retained,,799
2024,611,1,710,37833,ILONA B,8/12/2024 13:07,7,22,710,345701,NSEI,57.1765,-134.766833,57.195167,-134.779,594.36,,,,,,,,,,Retained,,800
2024,611,1,710,37833,ILONA B,8/12/2024 13:07,7,22,710,345701,NSEI,57.1765,-134.766833,57.195167,-134.779,594.36,,,,,,,,,,Retained,,801
2024,611,1,710,37833,ILONA B,8/12/2024 13:07,7,22,710,345701,NSEI,57.1765,-134.766833,57.195167,-134.779,594.36,,,,,,,,,,Retained,,802
2024,611,1,710,37833,ILONA B,8/12/2024 13:07,7,22,710,345701,NSEI,57.1765,-134.766833,57.195167,-134.779,594.36,,,,,,,,,,Retained,,803
2024,611,1,710,37833,ILONA B,8/12/2024 13:07,7,22,710,345701,NSEI,57.1765,-134.766833,57.195167,-134.779,594.36,,,,,,,,,,Retained,,804
2024,611,1,710,37833,ILONA B,8/12/2024 13:07,7,22,710,345701,NSEI,57.1765,-134.766833,57.195167,-134.779,594.36,,,,,,,,,,Retained,,805
2024,611,1,710,37833,ILONA B,8/12/2024 13:07,7,22,710,345701,NSEI,57.1765,-134.766833,57.195167,-134.779,594.36,,,,,,,,,,Retained,,806
2024,611,1,710,37833,ILONA B,8/12/2024 13:07,7,22,710,345701,NSEI,57.1765,-134.766833,57.195167,-134.779,594.36,,,,,,,,,,Retained,,807
2024,611,1,710,37833,ILONA B,8/12/2024 13:07,7,22,710,345701,NSEI,57.1765,-134.766833,57.195167,-134.779,594.36,,,,,,,,,,Retained,,808
2024,611,1,710,37833,ILONA B,8/12/2024 13:07,7,22,710,345701,NSEI,57.1765,-134.766833,57.195167,-134.779,594.36,,,,,,,,,,Retained,,809
2024,611,1,710,37833,ILONA B,8/12/2024 13:07,7,22,710,345701,NSEI,57.1765,-134.766833,57.195167,-134.779,594.36,,,,,,,,,,Retained,,810
2024,611,1,710,37833,ILONA B,8/12/2024 13:07,7,22,710,345701,NSEI,57.1765,-134.766833,57.195167,-134.779,594.36,,,,,,,,,,Retained,,811
2024,611,1,710,37833,ILONA B,8/12/2024 13:07,7,22,710,345701,NSEI,57.1765,-134.766833,57.195167,-134.779,594.36,,,,,,,,,,Retained,,812
2024,611,1,710,37833,ILONA B,8/12/2024 13:07,7,22,710,345701,NSEI,57.1765,-134.766833,57.195167,-134.779,594.36,,,,,,,,,,Retained,,813
2024,611,1,710,37833,ILONA B,8/12/2024 13:07,7,22,710,345701,NSEI,57.1765,-134.766833,57.195167,-134.779,594.36,,,,,,,,,,Retained,,814
2024,611,1,710,37833,ILONA B,8/12/2024 13:07,7,22,710,345701,NSEI,57.1765,-134.766833,57.195167,-134.779,594.36,,,,,,,,,,Retained,,815
2024,611,1,710,37833,ILONA B,8/12/2024 13:07,7,22,710,345701,NSEI,57.1765,-134.766833,57.195167,-134.779,594.36,,,,,,,,,,Retained,,816
2024,611,1,710,37833,ILONA B,8/12/2024 13:07,7,22,710,345701,NSEI,57.1765,-134.766833,57.195167,-134.779,594.36,,,,,,,,,,Retained,,817
2024,611,1,710,37833,ILONA B,8/12/2024 13:07,7,22,710,345701,NSEI,57.1765,-134.766833,57.195167,-134.779,594.36,,,,,,,,,,Retained,,818
2024,611,1,710,37833,ILONA B,8/12/2024 13:07,7,22,710,345701,NSEI,57.1765,-134.766833,57.195167,-134.779,594.36,,,,,,,,,,Retained,,819
2024,611,1,710,37833,ILONA B,8/12/2024 13:07,7,22,710,345701,NSEI,57.1765,-134.766833,57.195167,-134.779,594.36,,,,,,,,,,Retained,,820
2024,611,1,710,37833,ILONA B,8/12/2024 13:07,7,22,710,345701,NSEI,57.1765,-134.766833,57.195167,-134.779,594.36,,,,,,,,,,Retained,,821
2024,611,1,710,37833,ILONA B,8/12/2024 13:07,7,22,710,345701,NSEI,57.1765,-134.766833,57.195167,-134.779,594.36,,,,,,,,,,Retained,,822
2024,611,1,710,37833,ILONA B,8/12/2024 13:07,7,22,710,345701,NSEI,57.1765,-134.766833,57.195167,-134.779,594.36,,,,,,,,,,Retained,,823
2024,611,1,710,37833,ILONA B,8/12/2024 13:07,7,22,710,345701,NSEI,57.1765,-134.766833,57.195167,-134.779,594.36,,,,,,,,,,Retained,,824
2024,611,1,710,37833,ILONA B,8/12/2024 13:07,7,22,710,345701,NSEI,57.1765,-134.766833,57.195167,-134.779,594.36,,,,,,,,,,Retained,,825
2024,611,1,710,37833,ILONA B,8/12/2024 13:07,7,22,710,345701,NSEI,57.1765,-134.766833,57.195167,-134.779,594.36,,,,,,,,,,Retained,,826
2024,611,1,710,37833,ILONA B,8/12/2024 13:07,7,22,710,345701,NSEI,57.1765,-134.766833,57.195167,-134.779,594.36,,,,,,,,,,Retained,,827
2024,611,1,710,37833,ILONA B,8/12/2024 13:07,7,22,710,345701,NSEI,57.1765,-134.766833,57.195167,-134.779,594.36,,,,,,,,,,Retained,,828
2024,611,1,710,37833,ILONA B,8/12/2024 13:07,7,22,710,345701,NSEI,57.1765,-134.766833,57.195167,-134.779,594.36,,,,,,,,,,Retained,,829
2024,611,1,710,37833,ILONA B,8/12/2024 13:07,7,22,710,345701,NSEI,57.1765,-134.766833,57.195167,-134.779,594.36,,,,,,,,,,Retained,,830
2024,611,1,710,37833,ILONA B,8/12/2024 13:07,7,22,710,345701,NSEI,57.1765,-134.766833,57.195167,-134.779,594.36,,,,,,,,,,Retained,,831
2024,611,1,710,37833,ILONA B,8/12/2024 13:07,7,22,710,345701,NSEI,57.1765,-134.766833,57.195167,-134.779,594.36,,,,,,,,,,Retained,,832
2024,611,1,710,37833,ILONA B,8/12/2024 13:07,7,22,710,345701,NSEI,57.1765,-134.766833,57.195167,-134.779,594.36,,,,,,,,,,Retained,,833
2024,611,1,710,37833,ILONA B,8/12/2024 13:07,7,22,710,345701,NSEI,57.1765,-134.766833,57.195167,-134.779,594.36,,,,,,,,,,Retained,,834
2024,611,1,710,37833,ILONA B,8/12/2024 13:07,7,22,710,345701,NSEI,57.1765,-134.766833,57.195167,-134.779,594.36,,,,,,,,,,Retained,,835
2024,611,1,710,37833,ILONA B,8/12/2024 13:07,7,22,710,345701,NSEI,57.1765,-134.766833,57.195167,-134.779,594.36,,,,,,,,,,Retained,,836
2024,611,1,710,37833,ILONA B,8/12/2024 13:07,7,22,710,345701,NSEI,57.1765,-134.766833,57.195167,-134.779,594.36,,,,,,,,,,Retained,,837
2024,611,1,710,37833,ILONA B,8/12/2024 13:07,7,22,710,345701,NSEI,57.1765,-134.766833,57.195167,-134.779,594.36,,,,,,,,,,Retained,,838
2024,611,1,710,37833,ILONA B,8/12/2024 13:07,7,22,710,345701,NSEI,57.1765,-134.766833,57.195167,-134.779,594.36,,,,,,,,,,Retained,,839
2024,611,1,710,37833,ILONA B,8/12/2024 13:07,7,22,710,345701,NSEI,57.1765,-134.766833,57.195167,-134.779,594.36,,,,,,,,,,Retained,,840
2024,611,1,710,37833,ILONA B,8/12/2024 13:07,7,22,710,345701,NSEI,57.1765,-134.766833,57.195167,-134.779,594.36,,,,,,,,,,Retained,,841
2024,611,1,710,37833,ILONA B,8/12/2024 13:07,7,22,710,345701,NSEI,57.1765,-134.766833,57.195167,-134.779,594.36,,,,,,,,,,Retained,,842
2024,611,1,710,37833,ILONA B,8/12/2024 13:07,7,22,710,345701,NSEI,57.1765,-134.766833,57.195167,-134.779,594.36,,,,,,,,,,Retained,,843
2024,611,1,710,37833,ILONA B,8/12/2024 13:07,7,22,710,345701,NSEI,57.1765,-134.766833,57.195167,-134.779,594.36,,,,,,,,,,Retained,,844
2024,611,1,710,37833,ILONA B,8/12/2024 13:07,7,22,710,345701,NSEI,57.1765,-134.766833,57.195167,-134.779,594.36,,,,,,,,,,Retained,,845
2024,611,1,710,37833,ILONA B,8/12/2024 13:07,7,22,710,345701,NSEI,57.1765,-134.766833,57.195167,-134.779,594.36,,,,,,,,,,Retained,,846
2024,611,1,710,37833,ILONA B,8/12/2024 13:07,7,22,710,345701,NSEI,57.1765,-134.766833,57.195167,-134.779,594.36,,,,,,,,,,Retained,,847
2024,611,1,710,37833,ILONA B,8/12/2024 13:07,7,22,710,345701,NSEI,57.1765,-134.766833,57.195167,-134.779,594.36,,,,,,,,,,Retained,,848
2024,611,1,710,37833,ILONA B,8/12/2024 13:07,7,22,710,345701,NSEI,57.1765,-134.766833,57.195167,-134.779,594.36,,,,,,,,,,Retained,,849
2024,611,1,710,37833,ILONA B,8/12/2024 13:07,7,22,710,345701,NSEI,57.1765,-134.766833,57.195167,-134.779,594.36,,,,,,,,,,Retained,,850
2024,611,1,710,37833,ILONA B,8/12/2024 13:07,7,22,710,345701,NSEI,57.1765,-134.766833,57.195167,-134.779,594.36,,,,,,,,,,Retained,,851
2024,611,1,710,37833,ILONA B,8/12/2024 13:07,7,22,710,345701,NSEI,57.1765,-134.766833,57.195167,-134.779,594.36,,,,,,,,,,Retained,,852
2024,611,1,710,37833,ILONA B,8/12/2024 13:07,7,22,710,345701,NSEI,57.1765,-134.766833,57.195167,-134.779,594.36,,,,,,,,,,Retained,,853
2024,611,1,710,37833,ILONA B,8/12/2024 13:07,7,22,710,345701,NSEI,57.1765,-134.766833,57.195167,-134.779,594.36,,,,,,,,,,Retained,,854
2024,611,1,710,37833,ILONA B,8/12/2024 13:07,7,22,710,345701,NSEI,57.1765,-134.766833,57.195167,-134.779,594.36,,,,,,,,,,Retained,,855
2024,611,1,710,37833,ILONA B,8/12/2024 13:07,7,22,710,345701,NSEI,57.1765,-134.766833,57.195167,-134.779,594.36,,,,,,,,,,Retained,,856
2024,611,1,710,37833,ILONA B,8/12/2024 13:07,7,22,710,345701,NSEI,57.1765,-134.766833,57.195167,-134.779,594.36,,,,,,,,,,Retained,,857
2024,611,1,710,37833,ILONA B,8/12/2024 13:07,7,22,710,345701,NSEI,57.1765,-134.766833,57.195167,-134.779,594.36,,,,,,,,,,Retained,,858
2024,611,1,710,37833,ILONA B,8/12/2024 13:07,7,22,710,345701,NSEI,57.1765,-134.766833,57.195167,-134.779,594.36,,,,,,,,,,Retained,,859
2024,611,1,710,37833,ILONA B,8/12/2024 13:07,7,22,710,345701,NSEI,57.1765,-134.766833,57.195167,-134.779,594.36,,,,,,,,,,Retained,,860
2024,611,1,710,37833,ILONA B,8/12/2024 13:07,7,22,710,345701,NSEI,57.1765,-134.766833,57.195167,-134.779,594.36,,,,,,,,,,Retained,,861
2024,611,1,710,37833,ILONA B,8/12/2024 13:07,7,22,710,345701,NSEI,57.1765,-134.766833,57.195167,-134.779,594.36,,,,,,,,,,Retained,,862
2024,611,1,710,37833,ILONA B,8/12/2024 13:07,7,22,710,345701,NSEI,57.1765,-134.766833,57.195167,-134.779,594.36,,,,,,,,,,Retained,,863
2024,611,1,710,37833,ILONA B,8/12/2024 13:07,7,22,710,345701,NSEI,57.1765,-134.766833,57.195167,-134.779,594.36,,,,,,,,,,Retained,,864
2024,611,1,710,37833,ILONA B,8/12/2024 13:07,7,22,710,345701,NSEI,57.1765,-134.766833,57.195167,-134.779,594.36,,,,,,,,,,Retained,,865
2024,611,1,710,37833,ILONA B,8/12/2024 13:07,7,22,710,345701,NSEI,57.1765,-134.766833,57.195167,-134.779,594.36,,,,,,,,,,Retained,,866
2024,611,1,710,37833,ILONA B,8/12/2024 13:07,7,22,710,345701,NSEI,57.1765,-134.766833,57.195167,-134.779,594.36,,,,,,,,,,Retained,,867
2024,611,1,710,37833,ILONA B,8/12/2024 13:07,7,22,710,345701,NSEI,57.1765,-134.766833,57.195167,-134.779,594.36,,,,,,,,,,Retained,,868
2024,611,1,710,37833,ILONA B,8/12/2024 13:07,7,22,710,345701,NSEI,57.1765,-134.766833,57.195167,-134.779,594.36,,,,,,,,,,Retained,,869
2024,611,1,710,37833,ILONA B,8/12/2024 13:07,7,22,710,345701,NSEI,57.1765,-134.766833,57.195167,-134.779,594.36,,,,,,,,,,Retained,,870
2024,611,1,710,37833,ILONA B,8/12/2024 13:07,7,22,710,345701,NSEI,57.1765,-134.766833,57.195167,-134.779,594.36,,,,,,,,,,Retained,,871
2024,611,1,710,37833,ILONA B,8/12/2024 13:07,7,22,710,345701,NSEI,57.1765,-134.766833,57.195167,-134.779,594.36,,,,,,,,,,Retained,,872
2024,611,1,710,37833,ILONA B,8/12/2024 13:07,7,22,710,345701,NSEI,57.1765,-134.766833,57.195167,-134.779,594.36,,,,,,,,,,Retained,,873
2024,611,1,710,37833,ILONA B,8/12/2024 13:07,7,22,710,345701,NSEI,57.1765,-134.766833,57.195167,-134.779,594.36,,,,,,,,,,Retained,,874
2024,611,1,710,37833,ILONA B,8/12/2024 13:07,7,22,710,345701,NSEI,57.1765,-134.766833,57.195167,-134.779,594.36,,,,,,,,,,Retained,,875
2024,611,1,710,37833,ILONA B,8/12/2024 13:07,7,22,710,345701,NSEI,57.1765,-134.766833,57.195167,-134.779,594.36,,,,,,,,,,Retained,,876
2024,611,1,710,37833,ILONA B,8/12/2024 13:07,7,22,710,345701,NSEI,57.1765,-134.766833,57.195167,-134.779,594.36,,,,,,,,,,Retained,,877
2024,611,1,710,37833,ILONA B,8/12/2024 13:07,7,22,710,345701,NSEI,57.1765,-134.766833,57.195167,-134.779,594.36,,,,,,,,,,Retained,,878
2024,611,1,710,37833,ILONA B,8/12/2024 13:07,7,22,710,345701,NSEI,57.1765,-134.766833,57.195167,-134.779,594.36,,,,,,,,,,Retained,,879
2024,611,1,710,37833,ILONA B,8/12/2024 13:07,7,22,710,345701,NSEI,57.1765,-134.766833,57.195167,-134.779,594.36,,,,,,,,,,Retained,,880
2024,611,1,710,37833,ILONA B,8/12/2024 13:07,7,22,710,345701,NSEI,57.1765,-134.766833,57.195167,-134.779,594.36,,,,,,,,,,Retained,,881
2024,611,1,710,37833,ILONA B,8/12/2024 13:07,7,22,710,345701,NSEI,57.1765,-134.766833,57.195167,-134.779,594.36,,,,,,,,,,Retained,,882
2024,611,1,710,37833,ILONA B,8/12/2024 13:07,7,22,710,345701,NSEI,57.1765,-134.766833,57.195167,-134.779,594.36,,,,,,,,,,Retained,,883
2024,611,1,710,37833,ILONA B,8/12/2024 13:07,7,22,710,345701,NSEI,57.1765,-134.766833,57.195167,-134.779,594.36,,,,,,,,,,Retained,,884
2024,611,1,710,37833,ILONA B,8/12/2024 16:34,8,23,710,345701,NSEI,57.166167,-134.690833,57.151667,-134.695333,700.4304,34,,,,,,,,,Retained,,20
2024,611,1,710,37833,ILONA B,8/12/2024 16:34,8,23,710,345701,NSEI,57.166167,-134.690833,57.151667,-134.695333,700.4304,48,,,,,,,,,Retained,,28
2024,611,1,710,37833,ILONA B,8/12/2024 16:34,8,23,710,345701,NSEI,57.166167,-134.690833,57.151667,-134.695333,700.4304,49,,,,,,,,,Retained,,66
2024,611,1,710,37833,ILONA B,8/12/2024 16:34,8,23,710,345701,NSEI,57.166167,-134.690833,57.151667,-134.695333,700.4304,50,1.2,6,,3,1,1,,,Retained,,29
2024,611,1,710,37833,ILONA B,8/12/2024 16:34,8,23,710,345701,NSEI,57.166167,-134.690833,57.151667,-134.695333,700.4304,51,,,,,,,,,Retained,,92
2024,611,1,710,37833,ILONA B,8/12/2024 16:34,8,23,710,345701,NSEI,57.166167,-134.690833,57.151667,-134.695333,700.4304,52,,,,,,,,,Retained,,48
2024,611,1,710,37833,ILONA B,8/12/2024 16:34,8,23,710,345701,NSEI,57.166167,-134.690833,57.151667,-134.695333,700.4304,52,,,,,,,,,Retained,,61
2024,611,1,710,37833,ILONA B,8/12/2024 16:34,8,23,710,345701,NSEI,57.166167,-134.690833,57.151667,-134.695333,700.4304,53,,,,,,,,,Retained,,41
2024,611,1,710,37833,ILONA B,8/12/2024 16:34,8,23,710,345701,NSEI,57.166167,-134.690833,57.151667,-134.695333,700.4304,54,1.7,6,,2,2,1,,,Retained,,62
2024,611,1,710,37833,ILONA B,8/12/2024 16:34,8,23,710,345701,NSEI,57.166167,-134.690833,57.151667,-134.695333,700.4304,54,,,,,,,,,Retained,,34
2024,611,1,710,37833,ILONA B,8/12/2024 16:34,8,23,710,345701,NSEI,57.166167,-134.690833,57.151667,-134.695333,700.4304,54,,,,,,,,,Retained,,63
2024,611,1,710,37833,ILONA B,8/12/2024 16:34,8,23,710,345701,NSEI,57.166167,-134.690833,57.151667,-134.695333,700.4304,54,,,,,,,,,Retained,,65
2024,611,1,710,37833,ILONA B,8/12/2024 16:34,8,23,710,345701,NSEI,57.166167,-134.690833,57.151667,-134.695333,700.4304,54,,,,,,,,,Retained,,95
2024,611,1,710,37833,ILONA B,8/12/2024 16:34,8,23,710,345701,NSEI,57.166167,-134.690833,57.151667,-134.695333,700.4304,54,,,,,,,,,Retained,,106
2024,611,1,710,37833,ILONA B,8/12/2024 16:34,8,23,710,345701,NSEI,57.166167,-134.690833,57.151667,-134.695333,700.4304,54,,,,,,,,,Retained,,116
2024,611,1,710,37833,ILONA B,8/12/2024 16:34,8,23,710,345701,NSEI,57.166167,-134.690833,57.151667,-134.695333,700.4304,55,,,,,,,,,Retained,,23
2024,611,1,710,37833,ILONA B,8/12/2024 16:34,8,23,710,345701,NSEI,57.166167,-134.690833,57.151667,-134.695333,700.4304,55,,,,,,,,,Retained,,91
2024,611,1,710,37833,ILONA B,8/12/2024 16:34,8,23,710,345701,NSEI,57.166167,-134.690833,57.151667,-134.695333,700.4304,55,,,,,,,,,Retained,,105
2024,611,1,710,37833,ILONA B,8/12/2024 16:34,8,23,710,345701,NSEI,57.166167,-134.690833,57.151667,-134.695333,700.4304,56,,,,,,,,,Retained,,10
2024,611,1,710,37833,ILONA B,8/12/2024 16:34,8,23,710,345701,NSEI,57.166167,-134.690833,57.151667,-134.695333,700.4304,56,,,,,,,,,Retained,,22
2024,611,1,710,37833,ILONA B,8/12/2024 16:34,8,23,710,345701,NSEI,57.166167,-134.690833,57.151667,-134.695333,700.4304,56,,,,,,,,,Retained,,93
2024,611,1,710,37833,ILONA B,8/12/2024 16:34,8,23,710,345701,NSEI,57.166167,-134.690833,57.151667,-134.695333,700.4304,56,,,,,,,,,Retained,,98
2024,611,1,710,37833,ILONA B,8/12/2024 16:34,8,23,710,345701,NSEI,57.166167,-134.690833,57.151667,-134.695333,700.4304,57,,,,,,,,,Retained,,13
2024,611,1,710,37833,ILONA B,8/12/2024 16:34,8,23,710,345701,NSEI,57.166167,-134.690833,57.151667,-134.695333,700.4304,57,,,,,,,,,Retained,,49
2024,611,1,710,37833,ILONA B,8/12/2024 16:34,8,23,710,345701,NSEI,57.166167,-134.690833,57.151667,-134.695333,700.4304,57,,,,,,,,,Retained,,101
2024,611,1,710,37833,ILONA B,8/12/2024 16:34,8,23,710,345701,NSEI,57.166167,-134.690833,57.151667,-134.695333,700.4304,57,,,,,,,,,Retained,,107
2024,611,1,710,37833,ILONA B,8/12/2024 16:34,8,23,710,345701,NSEI,57.166167,-134.690833,57.151667,-134.695333,700.4304,58,2.2,9,,2,1,7,,,Retained,,42
2024,611,1,710,37833,ILONA B,8/12/2024 16:34,8,23,710,345701,NSEI,57.166167,-134.690833,57.151667,-134.695333,700.4304,58,,,,,,,,,Retained,,46
2024,611,1,710,37833,ILONA B,8/12/2024 16:34,8,23,710,345701,NSEI,57.166167,-134.690833,57.151667,-134.695333,700.4304,58,,,,,,,,,Retained,,55
2024,611,1,710,37833,ILONA B,8/12/2024 16:34,8,23,710,345701,NSEI,57.166167,-134.690833,57.151667,-134.695333,700.4304,58,,,,,,,,,Retained,,58
2024,611,1,710,37833,ILONA B,8/12/2024 16:34,8,23,710,345701,NSEI,57.166167,-134.690833,57.151667,-134.695333,700.4304,58,,,,,,,,,Retained,,104
2024,611,1,710,37833,ILONA B,8/12/2024 16:34,8,23,710,345701,NSEI,57.166167,-134.690833,57.151667,-134.695333,700.4304,59,2.1,8,,2,2,7,,,Retained,,94
2024,611,1,710,37833,ILONA B,8/12/2024 16:34,8,23,710,345701,NSEI,57.166167,-134.690833,57.151667,-134.695333,700.4304,59,2.2,6,,2,1,7,,,Retained,,6
2024,611,1,710,37833,ILONA B,8/12/2024 16:34,8,23,710,345701,NSEI,57.166167,-134.690833,57.151667,-134.695333,700.4304,59,2.5,8,,2,1,7,,,Retained,,80
2024,611,1,710,37833,ILONA B,8/12/2024 16:34,8,23,710,345701,NSEI,57.166167,-134.690833,57.151667,-134.695333,700.4304,59,,,,,,,,,Retained,,8
2024,611,1,710,37833,ILONA B,8/12/2024 16:34,8,23,710,345701,NSEI,57.166167,-134.690833,57.151667,-134.695333,700.4304,59,,,,,,,,,Retained,,60
2024,611,1,710,37833,ILONA B,8/12/2024 16:34,8,23,710,345701,NSEI,57.166167,-134.690833,57.151667,-134.695333,700.4304,59,,,,,,,,,Retained,,64
2024,611,1,710,37833,ILONA B,8/12/2024 16:34,8,23,710,345701,NSEI,57.166167,-134.690833,57.151667,-134.695333,700.4304,59,,,,,,,,,Retained,,81
2024,611,1,710,37833,ILONA B,8/12/2024 16:34,8,23,710,345701,NSEI,57.166167,-134.690833,57.151667,-134.695333,700.4304,59,,,,,,,,,Retained,,89
2024,611,1,710,37833,ILONA B,8/12/2024 16:34,8,23,710,345701,NSEI,57.166167,-134.690833,57.151667,-134.695333,700.4304,60,2.3,10,,2,1,7,,,Retained,,32
2024,611,1,710,37833,ILONA B,8/12/2024 16:34,8,23,710,345701,NSEI,57.166167,-134.690833,57.151667,-134.695333,700.4304,60,2.5,6,,2,2,7,,,Retained,,77
2024,611,1,710,37833,ILONA B,8/12/2024 16:34,8,23,710,345701,NSEI,57.166167,-134.690833,57.151667,-134.695333,700.4304,60,,,,,,,,,Retained,,15
2024,611,1,710,37833,ILONA B,8/12/2024 16:34,8,23,710,345701,NSEI,57.166167,-134.690833,57.151667,-134.695333,700.4304,60,,,,,,,,,Retained,,36
2024,611,1,710,37833,ILONA B,8/12/2024 16:34,8,23,710,345701,NSEI,57.166167,-134.690833,57.151667,-134.695333,700.4304,60,,,,,,,,,Retained,,40
2024,611,1,710,37833,ILONA B,8/12/2024 16:34,8,23,710,345701,NSEI,57.166167,-134.690833,57.151667,-134.695333,700.4304,60,,,,,,,,,Retained,,44
2024,611,1,710,37833,ILONA B,8/12/2024 16:34,8,23,710,345701,NSEI,57.166167,-134.690833,57.151667,-134.695333,700.4304,60,,,,,,,,,Retained,,87
2024,611,1,710,37833,ILONA B,8/12/2024 16:34,8,23,710,345701,NSEI,57.166167,-134.690833,57.151667,-134.695333,700.4304,60,,,,,,,,,Retained,,96
2024,611,1,710,37833,ILONA B,8/12/2024 16:34,8,23,710,345701,NSEI,57.166167,-134.690833,57.151667,-134.695333,700.4304,60,,,,,,,,,Retained,,97
2024,611,1,710,37833,ILONA B,8/12/2024 16:34,8,23,710,345701,NSEI,57.166167,-134.690833,57.151667,-134.695333,700.4304,60,,,,,,,,,Retained,,100
2024,611,1,710,37833,ILONA B,8/12/2024 16:34,8,23,710,345701,NSEI,57.166167,-134.690833,57.151667,-134.695333,700.4304,61,2.3,8,,2,2,7,,,Retained,,103
2024,611,1,710,37833,ILONA B,8/12/2024 16:34,8,23,710,345701,NSEI,57.166167,-134.690833,57.151667,-134.695333,700.4304,61,2.4,7,,2,1,1,,,Retained,,72
2024,611,1,710,37833,ILONA B,8/12/2024 16:34,8,23,710,345701,NSEI,57.166167,-134.690833,57.151667,-134.695333,700.4304,61,2.4,8,,2,2,1,,,Retained,,1
2024,611,1,710,37833,ILONA B,8/12/2024 16:34,8,23,710,345701,NSEI,57.166167,-134.690833,57.151667,-134.695333,700.4304,61,2.4,13,,2,1,7,,,Retained,,99
2024,611,1,710,37833,ILONA B,8/12/2024 16:34,8,23,710,345701,NSEI,57.166167,-134.690833,57.151667,-134.695333,700.4304,61,,,,,,,,,Retained,,4
2024,611,1,710,37833,ILONA B,8/12/2024 16:34,8,23,710,345701,NSEI,57.166167,-134.690833,57.151667,-134.695333,700.4304,61,,,,,,,,,Retained,,31
2024,611,1,710,37833,ILONA B,8/12/2024 16:34,8,23,710,345701,NSEI,57.166167,-134.690833,57.151667,-134.695333,700.4304,61,,,,,,,,,Retained,,39
2024,611,1,710,37833,ILONA B,8/12/2024 16:34,8,23,710,345701,NSEI,57.166167,-134.690833,57.151667,-134.695333,700.4304,61,,,,,,,,,Retained,,45
2024,611,1,710,37833,ILONA B,8/12/2024 16:34,8,23,710,345701,NSEI,57.166167,-134.690833,57.151667,-134.695333,700.4304,61,,,,,,,,,Retained,,73
2024,611,1,710,37833,ILONA B,8/12/2024 16:34,8,23,710,345701,NSEI,57.166167,-134.690833,57.151667,-134.695333,700.4304,61,,,,,,,,,Retained,,75
2024,611,1,710,37833,ILONA B,8/12/2024 16:34,8,23,710,345701,NSEI,57.166167,-134.690833,57.151667,-134.695333,700.4304,61,,,,,,,,,Retained,,84
2024,611,1,710,37833,ILONA B,8/12/2024 16:34,8,23,710,345701,NSEI,57.166167,-134.690833,57.151667,-134.695333,700.4304,61,,,,,,,,,Retained,,110
2024,611,1,710,37833,ILONA B,8/12/2024 16:34,8,23,710,345701,NSEI,57.166167,-134.690833,57.151667,-134.695333,700.4304,61,,,,,,,,,Retained,,114
2024,611,1,710,37833,ILONA B,8/12/2024 16:34,8,23,710,345701,NSEI,57.166167,-134.690833,57.151667,-134.695333,700.4304,61,,,,,,,,,Retained,,287
2024,611,1,710,37833,ILONA B,8/12/2024 16:34,8,23,710,345701,NSEI,57.166167,-134.690833,57.151667,-134.695333,700.4304,62,,,,,,,,,Retained,,53
2024,611,1,710,37833,ILONA B,8/12/2024 16:34,8,23,710,345701,NSEI,57.166167,-134.690833,57.151667,-134.695333,700.4304,62,,,,,,,,,Retained,,54
2024,611,1,710,37833,ILONA B,8/12/2024 16:34,8,23,710,345701,NSEI,57.166167,-134.690833,57.151667,-134.695333,700.4304,63,2.7,6,,2,2,7,,,Retained,,90
2024,611,1,710,37833,ILONA B,8/12/2024 16:34,8,23,710,345701,NSEI,57.166167,-134.690833,57.151667,-134.695333,700.4304,63,,,,,,,,,Retained,,14
2024,611,1,710,37833,ILONA B,8/12/2024 16:34,8,23,710,345701,NSEI,57.166167,-134.690833,57.151667,-134.695333,700.4304,63,,,,,,,,,Retained,,18
2024,611,1,710,37833,ILONA B,8/12/2024 16:34,8,23,710,345701,NSEI,57.166167,-134.690833,57.151667,-134.695333,700.4304,63,,,,,,,,,Retained,,19
2024,611,1,710,37833,ILONA B,8/12/2024 16:34,8,23,710,345701,NSEI,57.166167,-134.690833,57.151667,-134.695333,700.4304,63,,,,,,,,,Retained,,33
2024,611,1,710,37833,ILONA B,8/12/2024 16:34,8,23,710,345701,NSEI,57.166167,-134.690833,57.151667,-134.695333,700.4304,63,,,,,,,,,Retained,,50
2024,611,1,710,37833,ILONA B,8/12/2024 16:34,8,23,710,345701,NSEI,57.166167,-134.690833,57.151667,-134.695333,700.4304,63,,,,,,,,,Retained,,51
2024,611,1,710,37833,ILONA B,8/12/2024 16:34,8,23,710,345701,NSEI,57.166167,-134.690833,57.151667,-134.695333,700.4304,63,,,,,,,,,Retained,,115
2024,611,1,710,37833,ILONA B,8/12/2024 16:34,8,23,710,345701,NSEI,57.166167,-134.690833,57.151667,-134.695333,700.4304,64,2.4,12,,2,1,7,,,Retained,,113
2024,611,1,710,37833,ILONA B,8/12/2024 16:34,8,23,710,345701,NSEI,57.166167,-134.690833,57.151667,-134.695333,700.4304,64,2.7,12,,2,2,7,,,Retained,,57
2024,611,1,710,37833,ILONA B,8/12/2024 16:34,8,23,710,345701,NSEI,57.166167,-134.690833,57.151667,-134.695333,700.4304,64,,,,,,,,,Retained,,9
2024,611,1,710,37833,ILONA B,8/12/2024 16:34,8,23,710,345701,NSEI,57.166167,-134.690833,57.151667,-134.695333,700.4304,64,,,,,,,,,Retained,,30
2024,611,1,710,37833,ILONA B,8/12/2024 16:34,8,23,710,345701,NSEI,57.166167,-134.690833,57.151667,-134.695333,700.4304,64,,,,,,,,,Retained,,69
2024,611,1,710,37833,ILONA B,8/12/2024 16:34,8,23,710,345701,NSEI,57.166167,-134.690833,57.151667,-134.695333,700.4304,64,,,,,,,,,Retained,,78
2024,611,1,710,37833,ILONA B,8/12/2024 16:34,8,23,710,345701,NSEI,57.166167,-134.690833,57.151667,-134.695333,700.4304,64,,,,,,,,,Retained,,79
2024,611,1,710,37833,ILONA B,8/12/2024 16:34,8,23,710,345701,NSEI,57.166167,-134.690833,57.151667,-134.695333,700.4304,64,,,,,,,,,Retained,,88
2024,611,1,710,37833,ILONA B,8/12/2024 16:34,8,23,710,345701,NSEI,57.166167,-134.690833,57.151667,-134.695333,700.4304,65,2.8,10,,2,2,1,,,Retained,,26
2024,611,1,710,37833,ILONA B,8/12/2024 16:34,8,23,710,345701,NSEI,57.166167,-134.690833,57.151667,-134.695333,700.4304,65,2.9,8,,2,2,7,,,Retained,,52
2024,611,1,710,37833,ILONA B,8/12/2024 16:34,8,23,710,345701,NSEI,57.166167,-134.690833,57.151667,-134.695333,700.4304,65,,,,,,,,,Retained,,12
2024,611,1,710,37833,ILONA B,8/12/2024 16:34,8,23,710,345701,NSEI,57.166167,-134.690833,57.151667,-134.695333,700.4304,65,,,,,,,,,Retained,,43
2024,611,1,710,37833,ILONA B,8/12/2024 16:34,8,23,710,345701,NSEI,57.166167,-134.690833,57.151667,-134.695333,700.4304,65,,,,,,,,,Retained,,70
2024,611,1,710,37833,ILONA B,8/12/2024 16:34,8,23,710,345701,NSEI,57.166167,-134.690833,57.151667,-134.695333,700.4304,65,,,,,,,,,Retained,,83
2024,611,1,710,37833,ILONA B,8/12/2024 16:34,8,23,710,345701,NSEI,57.166167,-134.690833,57.151667,-134.695333,700.4304,65,,,,,,,,,Retained,,112
2024,611,1,710,37833,ILONA B,8/12/2024 16:34,8,23,710,345701,NSEI,57.166167,-134.690833,57.151667,-134.695333,700.4304,65,,,,,,,,,Retained,,117
2024,611,1,710,37833,ILONA B,8/12/2024 16:34,8,23,710,345701,NSEI,57.166167,-134.690833,57.151667,-134.695333,700.4304,66,,,,,,,,,Retained,,3
2024,611,1,710,37833,ILONA B,8/12/2024 16:34,8,23,710,345701,NSEI,57.166167,-134.690833,57.151667,-134.695333,700.4304,66,,,,,,,,,Retained,,56
2024,611,1,710,37833,ILONA B,8/12/2024 16:34,8,23,710,345701,NSEI,57.166167,-134.690833,57.151667,-134.695333,700.4304,66,,,,,,,,,Retained,,74
2024,611,1,710,37833,ILONA B,8/12/2024 16:34,8,23,710,345701,NSEI,57.166167,-134.690833,57.151667,-134.695333,700.4304,67,2.9,8,,3,2,7,,,Retained,,85
2024,611,1,710,37833,ILONA B,8/12/2024 16:34,8,23,710,345701,NSEI,57.166167,-134.690833,57.151667,-134.695333,700.4304,67,3.1,5,,2,2,7,,,Retained,,21
2024,611,1,710,37833,ILONA B,8/12/2024 16:34,8,23,710,345701,NSEI,57.166167,-134.690833,57.151667,-134.695333,700.4304,67,,,,,,,,,Retained,,68
2024,611,1,710,37833,ILONA B,8/12/2024 16:34,8,23,710,345701,NSEI,57.166167,-134.690833,57.151667,-134.695333,700.4304,67,,,,,,,,,Retained,,71
2024,611,1,710,37833,ILONA B,8/12/2024 16:34,8,23,710,345701,NSEI,57.166167,-134.690833,57.151667,-134.695333,700.4304,67,,,,,,,,,Retained,,109
2024,611,1,710,37833,ILONA B,8/12/2024 16:34,8,23,710,345701,NSEI,57.166167,-134.690833,57.151667,-134.695333,700.4304,68,3,8,,2,2,7,,,Retained,,11
2024,611,1,710,37833,ILONA B,8/12/2024 16:34,8,23,710,345701,NSEI,57.166167,-134.690833,57.151667,-134.695333,700.4304,68,3.2,7,,3,2,7,,,Retained,,16
2024,611,1,710,37833,ILONA B,8/12/2024 16:34,8,23,710,345701,NSEI,57.166167,-134.690833,57.151667,-134.695333,700.4304,68,3.4,10,,2,2,7,,,Retained,,37
2024,611,1,710,37833,ILONA B,8/12/2024 16:34,8,23,710,345701,NSEI,57.166167,-134.690833,57.151667,-134.695333,700.4304,68,3.5,7,,3,2,7,,,Retained,,47
2024,611,1,710,37833,ILONA B,8/12/2024 16:34,8,23,710,345701,NSEI,57.166167,-134.690833,57.151667,-134.695333,700.4304,68,,,,,,,,,Retained,,17
2024,611,1,710,37833,ILONA B,8/12/2024 16:34,8,23,710,345701,NSEI,57.166167,-134.690833,57.151667,-134.695333,700.4304,68,,,,,,,,,Retained,,35
2024,611,1,710,37833,ILONA B,8/12/2024 16:34,8,23,710,345701,NSEI,57.166167,-134.690833,57.151667,-134.695333,700.4304,68,,,,,,,,,Retained,,38
2024,611,1,710,37833,ILONA B,8/12/2024 16:34,8,23,710,345701,NSEI,57.166167,-134.690833,57.151667,-134.695333,700.4304,69,3.7,8,,3,2,7,,,Retained,,108
2024,611,1,710,37833,ILONA B,8/12/2024 16:34,8,23,710,345701,NSEI,57.166167,-134.690833,57.151667,-134.695333,700.4304,69,,,,,,,,,Retained,,5
2024,611,1,710,37833,ILONA B,8/12/2024 16:34,8,23,710,345701,NSEI,57.166167,-134.690833,57.151667,-134.695333,700.4304,69,,,,,,,,,Retained,,7
2024,611,1,710,37833,ILONA B,8/12/2024 16:34,8,23,710,345701,NSEI,57.166167,-134.690833,57.151667,-134.695333,700.4304,69,,,,,,,,,Retained,,27
2024,611,1,710,37833,ILONA B,8/12/2024 16:34,8,23,710,345701,NSEI,57.166167,-134.690833,57.151667,-134.695333,700.4304,69,,,,,,,,,Retained,,76
2024,611,1,710,37833,ILONA B,8/12/2024 16:34,8,23,710,345701,NSEI,57.166167,-134.690833,57.151667,-134.695333,700.4304,69,,,,,,,,,Retained,,86
2024,611,1,710,37833,ILONA B,8/12/2024 16:34,8,23,710,345701,NSEI,57.166167,-134.690833,57.151667,-134.695333,700.4304,69,,,,,,,,,Retained,,102
2024,611,1,710,37833,ILONA B,8/12/2024 16:34,8,23,710,345701,NSEI,57.166167,-134.690833,57.151667,-134.695333,700.4304,69,,,,,,,,,Retained,,111
2024,611,1,710,37833,ILONA B,8/12/2024 16:34,8,23,710,345701,NSEI,57.166167,-134.690833,57.151667,-134.695333,700.4304,70,,,,,,,,,Retained,,2
2024,611,1,710,37833,ILONA B,8/12/2024 16:34,8,23,710,345701,NSEI,57.166167,-134.690833,57.151667,-134.695333,700.4304,71,,,,,,,,,Retained,,59
2024,611,1,710,37833,ILONA B,8/12/2024 16:34,8,23,710,345701,NSEI,57.166167,-134.690833,57.151667,-134.695333,700.4304,71,,,,,,,,,Retained,,82
2024,611,1,710,37833,ILONA B,8/12/2024 16:34,8,23,710,345701,NSEI,57.166167,-134.690833,57.151667,-134.695333,700.4304,74,4.1,7,,2,2,7,,,Retained,,67
2024,611,1,710,37833,ILONA B,8/12/2024 16:34,8,23,710,345701,NSEI,57.166167,-134.690833,57.151667,-134.695333,700.4304,77,,,,,,,,,Retained,,25
2024,611,1,710,37833,ILONA B,8/12/2024 16:34,8,23,710,345701,NSEI,57.166167,-134.690833,57.151667,-134.695333,700.4304,85,,,,,,,,,Retained,,24
2024,611,1,710,37833,ILONA B,8/12/2024 16:34,8,23,710,345701,NSEI,57.166167,-134.690833,57.151667,-134.695333,700.4304,,,,,,,,,,Retained,,118
2024,611,1,710,37833,ILONA B,8/12/2024 16:34,8,23,710,345701,NSEI,57.166167,-134.690833,57.151667,-134.695333,700.4304,,,,,,,,,,Retained,,119
2024,611,1,710,37833,ILONA B,8/12/2024 16:34,8,23,710,345701,NSEI,57.166167,-134.690833,57.151667,-134.695333,700.4304,,,,,,,,,,Retained,,120
2024,611,1,710,37833,ILONA B,8/12/2024 16:34,8,23,710,345701,NSEI,57.166167,-134.690833,57.151667,-134.695333,700.4304,,,,,,,,,,Retained,,121
2024,611,1,710,37833,ILONA B,8/12/2024 16:34,8,23,710,345701,NSEI,57.166167,-134.690833,57.151667,-134.695333,700.4304,,,,,,,,,,Retained,,122
2024,611,1,710,37833,ILONA B,8/12/2024 16:34,8,23,710,345701,NSEI,57.166167,-134.690833,57.151667,-134.695333,700.4304,,,,,,,,,,Retained,,123
2024,611,1,710,37833,ILONA B,8/12/2024 16:34,8,23,710,345701,NSEI,57.166167,-134.690833,57.151667,-134.695333,700.4304,,,,,,,,,,Retained,,124
2024,611,1,710,37833,ILONA B,8/12/2024 16:34,8,23,710,345701,NSEI,57.166167,-134.690833,57.151667,-134.695333,700.4304,,,,,,,,,,Retained,,125
2024,611,1,710,37833,ILONA B,8/12/2024 16:34,8,23,710,345701,NSEI,57.166167,-134.690833,57.151667,-134.695333,700.4304,,,,,,,,,,Retained,,126
2024,611,1,710,37833,ILONA B,8/12/2024 16:34,8,23,710,345701,NSEI,57.166167,-134.690833,57.151667,-134.695333,700.4304,,,,,,,,,,Retained,,127
2024,611,1,710,37833,ILONA B,8/12/2024 16:34,8,23,710,345701,NSEI,57.166167,-134.690833,57.151667,-134.695333,700.4304,,,,,,,,,,Retained,,128
2024,611,1,710,37833,ILONA B,8/12/2024 16:34,8,23,710,345701,NSEI,57.166167,-134.690833,57.151667,-134.695333,700.4304,,,,,,,,,,Retained,,129
2024,611,1,710,37833,ILONA B,8/12/2024 16:34,8,23,710,345701,NSEI,57.166167,-134.690833,57.151667,-134.695333,700.4304,,,,,,,,,,Retained,,130
2024,611,1,710,37833,ILONA B,8/12/2024 16:34,8,23,710,345701,NSEI,57.166167,-134.690833,57.151667,-134.695333,700.4304,,,,,,,,,,Retained,,131
2024,611,1,710,37833,ILONA B,8/12/2024 16:34,8,23,710,345701,NSEI,57.166167,-134.690833,57.151667,-134.695333,700.4304,,,,,,,,,,Retained,,132
2024,611,1,710,37833,ILONA B,8/12/2024 16:34,8,23,710,345701,NSEI,57.166167,-134.690833,57.151667,-134.695333,700.4304,,,,,,,,,,Retained,,133
2024,611,1,710,37833,ILONA B,8/12/2024 16:34,8,23,710,345701,NSEI,57.166167,-134.690833,57.151667,-134.695333,700.4304,,,,,,,,,,Retained,,134
2024,611,1,710,37833,ILONA B,8/12/2024 16:34,8,23,710,345701,NSEI,57.166167,-134.690833,57.151667,-134.695333,700.4304,,,,,,,,,,Retained,,135
2024,611,1,710,37833,ILONA B,8/12/2024 16:34,8,23,710,345701,NSEI,57.166167,-134.690833,57.151667,-134.695333,700.4304,,,,,,,,,,Retained,,136
2024,611,1,710,37833,ILONA B,8/12/2024 16:34,8,23,710,345701,NSEI,57.166167,-134.690833,57.151667,-134.695333,700.4304,,,,,,,,,,Retained,,137
2024,611,1,710,37833,ILONA B,8/12/2024 16:34,8,23,710,345701,NSEI,57.166167,-134.690833,57.151667,-134.695333,700.4304,,,,,,,,,,Retained,,138
2024,611,1,710,37833,ILONA B,8/12/2024 16:34,8,23,710,345701,NSEI,57.166167,-134.690833,57.151667,-134.695333,700.4304,,,,,,,,,,Retained,,139
2024,611,1,710,37833,ILONA B,8/12/2024 16:34,8,23,710,345701,NSEI,57.166167,-134.690833,57.151667,-134.695333,700.4304,,,,,,,,,,Retained,,140
2024,611,1,710,37833,ILONA B,8/12/2024 16:34,8,23,710,345701,NSEI,57.166167,-134.690833,57.151667,-134.695333,700.4304,,,,,,,,,,Retained,,141
2024,611,1,710,37833,ILONA B,8/12/2024 16:34,8,23,710,345701,NSEI,57.166167,-134.690833,57.151667,-134.695333,700.4304,,,,,,,,,,Retained,,142
2024,611,1,710,37833,ILONA B,8/12/2024 16:34,8,23,710,345701,NSEI,57.166167,-134.690833,57.151667,-134.695333,700.4304,,,,,,,,,,Retained,,143
2024,611,1,710,37833,ILONA B,8/12/2024 16:34,8,23,710,345701,NSEI,57.166167,-134.690833,57.151667,-134.695333,700.4304,,,,,,,,,,Retained,,144
2024,611,1,710,37833,ILONA B,8/12/2024 16:34,8,23,710,345701,NSEI,57.166167,-134.690833,57.151667,-134.695333,700.4304,,,,,,,,,,Retained,,145
2024,611,1,710,37833,ILONA B,8/12/2024 16:34,8,23,710,345701,NSEI,57.166167,-134.690833,57.151667,-134.695333,700.4304,,,,,,,,,,Retained,,146
2024,611,1,710,37833,ILONA B,8/12/2024 16:34,8,23,710,345701,NSEI,57.166167,-134.690833,57.151667,-134.695333,700.4304,,,,,,,,,,Retained,,147
2024,611,1,710,37833,ILONA B,8/12/2024 16:34,8,23,710,345701,NSEI,57.166167,-134.690833,57.151667,-134.695333,700.4304,,,,,,,,,,Retained,,148
2024,611,1,710,37833,ILONA B,8/12/2024 16:34,8,23,710,345701,NSEI,57.166167,-134.690833,57.151667,-134.695333,700.4304,,,,,,,,,,Retained,,149
2024,611,1,710,37833,ILONA B,8/12/2024 16:34,8,23,710,345701,NSEI,57.166167,-134.690833,57.151667,-134.695333,700.4304,,,,,,,,,,Retained,,150
2024,611,1,710,37833,ILONA B,8/12/2024 16:34,8,23,710,345701,NSEI,57.166167,-134.690833,57.151667,-134.695333,700.4304,,,,,,,,,,Retained,,151
2024,611,1,710,37833,ILONA B,8/12/2024 16:34,8,23,710,345701,NSEI,57.166167,-134.690833,57.151667,-134.695333,700.4304,,,,,,,,,,Retained,,152
2024,611,1,710,37833,ILONA B,8/12/2024 16:34,8,23,710,345701,NSEI,57.166167,-134.690833,57.151667,-134.695333,700.4304,,,,,,,,,,Retained,,153
2024,611,1,710,37833,ILONA B,8/12/2024 16:34,8,23,710,345701,NSEI,57.166167,-134.690833,57.151667,-134.695333,700.4304,,,,,,,,,,Retained,,154
2024,611,1,710,37833,ILONA B,8/12/2024 16:34,8,23,710,345701,NSEI,57.166167,-134.690833,57.151667,-134.695333,700.4304,,,,,,,,,,Retained,,155
2024,611,1,710,37833,ILONA B,8/12/2024 16:34,8,23,710,345701,NSEI,57.166167,-134.690833,57.151667,-134.695333,700.4304,,,,,,,,,,Retained,,156
2024,611,1,710,37833,ILONA B,8/12/2024 16:34,8,23,710,345701,NSEI,57.166167,-134.690833,57.151667,-134.695333,700.4304,,,,,,,,,,Retained,,157
2024,611,1,710,37833,ILONA B,8/12/2024 16:34,8,23,710,345701,NSEI,57.166167,-134.690833,57.151667,-134.695333,700.4304,,,,,,,,,,Retained,,158
2024,611,1,710,37833,ILONA B,8/12/2024 16:34,8,23,710,345701,NSEI,57.166167,-134.690833,57.151667,-134.695333,700.4304,,,,,,,,,,Retained,,159
2024,611,1,710,37833,ILONA B,8/12/2024 16:34,8,23,710,345701,NSEI,57.166167,-134.690833,57.151667,-134.695333,700.4304,,,,,,,,,,Retained,,160
2024,611,1,710,37833,ILONA B,8/12/2024 16:34,8,23,710,345701,NSEI,57.166167,-134.690833,57.151667,-134.695333,700.4304,,,,,,,,,,Retained,,161
2024,611,1,710,37833,ILONA B,8/12/2024 16:34,8,23,710,345701,NSEI,57.166167,-134.690833,57.151667,-134.695333,700.4304,,,,,,,,,,Retained,,162
2024,611,1,710,37833,ILONA B,8/12/2024 16:34,8,23,710,345701,NSEI,57.166167,-134.690833,57.151667,-134.695333,700.4304,,,,,,,,,,Retained,,163
2024,611,1,710,37833,ILONA B,8/12/2024 16:34,8,23,710,345701,NSEI,57.166167,-134.690833,57.151667,-134.695333,700.4304,,,,,,,,,,Retained,,164
2024,611,1,710,37833,ILONA B,8/12/2024 16:34,8,23,710,345701,NSEI,57.166167,-134.690833,57.151667,-134.695333,700.4304,,,,,,,,,,Retained,,165
2024,611,1,710,37833,ILONA B,8/12/2024 16:34,8,23,710,345701,NSEI,57.166167,-134.690833,57.151667,-134.695333,700.4304,,,,,,,,,,Retained,,166
2024,611,1,710,37833,ILONA B,8/12/2024 16:34,8,23,710,345701,NSEI,57.166167,-134.690833,57.151667,-134.695333,700.4304,,,,,,,,,,Retained,,167
2024,611,1,710,37833,ILONA B,8/12/2024 16:34,8,23,710,345701,NSEI,57.166167,-134.690833,57.151667,-134.695333,700.4304,,,,,,,,,,Retained,,168
2024,611,1,710,37833,ILONA B,8/12/2024 16:34,8,23,710,345701,NSEI,57.166167,-134.690833,57.151667,-134.695333,700.4304,,,,,,,,,,Retained,,169
2024,611,1,710,37833,ILONA B,8/12/2024 16:34,8,23,710,345701,NSEI,57.166167,-134.690833,57.151667,-134.695333,700.4304,,,,,,,,,,Retained,,170
2024,611,1,710,37833,ILONA B,8/12/2024 16:34,8,23,710,345701,NSEI,57.166167,-134.690833,57.151667,-134.695333,700.4304,,,,,,,,,,Retained,,171
2024,611,1,710,37833,ILONA B,8/12/2024 16:34,8,23,710,345701,NSEI,57.166167,-134.690833,57.151667,-134.695333,700.4304,,,,,,,,,,Retained,,172
2024,611,1,710,37833,ILONA B,8/12/2024 16:34,8,23,710,345701,NSEI,57.166167,-134.690833,57.151667,-134.695333,700.4304,,,,,,,,,,Retained,,173
2024,611,1,710,37833,ILONA B,8/12/2024 16:34,8,23,710,345701,NSEI,57.166167,-134.690833,57.151667,-134.695333,700.4304,,,,,,,,,,Retained,,174
2024,611,1,710,37833,ILONA B,8/12/2024 16:34,8,23,710,345701,NSEI,57.166167,-134.690833,57.151667,-134.695333,700.4304,,,,,,,,,,Retained,,175
2024,611,1,710,37833,ILONA B,8/12/2024 16:34,8,23,710,345701,NSEI,57.166167,-134.690833,57.151667,-134.695333,700.4304,,,,,,,,,,Retained,,176
2024,611,1,710,37833,ILONA B,8/12/2024 16:34,8,23,710,345701,NSEI,57.166167,-134.690833,57.151667,-134.695333,700.4304,,,,,,,,,,Retained,,177
2024,611,1,710,37833,ILONA B,8/12/2024 16:34,8,23,710,345701,NSEI,57.166167,-134.690833,57.151667,-134.695333,700.4304,,,,,,,,,,Retained,,178
2024,611,1,710,37833,ILONA B,8/12/2024 16:34,8,23,710,345701,NSEI,57.166167,-134.690833,57.151667,-134.695333,700.4304,,,,,,,,,,Retained,,179
2024,611,1,710,37833,ILONA B,8/12/2024 16:34,8,23,710,345701,NSEI,57.166167,-134.690833,57.151667,-134.695333,700.4304,,,,,,,,,,Retained,,180
2024,611,1,710,37833,ILONA B,8/12/2024 16:34,8,23,710,345701,NSEI,57.166167,-134.690833,57.151667,-134.695333,700.4304,,,,,,,,,,Retained,,181
2024,611,1,710,37833,ILONA B,8/12/2024 16:34,8,23,710,345701,NSEI,57.166167,-134.690833,57.151667,-134.695333,700.4304,,,,,,,,,,Retained,,182
2024,611,1,710,37833,ILONA B,8/12/2024 16:34,8,23,710,345701,NSEI,57.166167,-134.690833,57.151667,-134.695333,700.4304,,,,,,,,,,Retained,,183
2024,611,1,710,37833,ILONA B,8/12/2024 16:34,8,23,710,345701,NSEI,57.166167,-134.690833,57.151667,-134.695333,700.4304,,,,,,,,,,Retained,,184
2024,611,1,710,37833,ILONA B,8/12/2024 16:34,8,23,710,345701,NSEI,57.166167,-134.690833,57.151667,-134.695333,700.4304,,,,,,,,,,Retained,,185
2024,611,1,710,37833,ILONA B,8/12/2024 16:34,8,23,710,345701,NSEI,57.166167,-134.690833,57.151667,-134.695333,700.4304,,,,,,,,,,Retained,,186
2024,611,1,710,37833,ILONA B,8/12/2024 16:34,8,23,710,345701,NSEI,57.166167,-134.690833,57.151667,-134.695333,700.4304,,,,,,,,,,Retained,,187
2024,611,1,710,37833,ILONA B,8/12/2024 16:34,8,23,710,345701,NSEI,57.166167,-134.690833,57.151667,-134.695333,700.4304,,,,,,,,,,Retained,,188
2024,611,1,710,37833,ILONA B,8/12/2024 16:34,8,23,710,345701,NSEI,57.166167,-134.690833,57.151667,-134.695333,700.4304,,,,,,,,,,Retained,,189
2024,611,1,710,37833,ILONA B,8/12/2024 16:34,8,23,710,345701,NSEI,57.166167,-134.690833,57.151667,-134.695333,700.4304,,,,,,,,,,Retained,,190
2024,611,1,710,37833,ILONA B,8/12/2024 16:34,8,23,710,345701,NSEI,57.166167,-134.690833,57.151667,-134.695333,700.4304,,,,,,,,,,Retained,,191
2024,611,1,710,37833,ILONA B,8/12/2024 16:34,8,23,710,345701,NSEI,57.166167,-134.690833,57.151667,-134.695333,700.4304,,,,,,,,,,Retained,,192
2024,611,1,710,37833,ILONA B,8/12/2024 16:34,8,23,710,345701,NSEI,57.166167,-134.690833,57.151667,-134.695333,700.4304,,,,,,,,,,Retained,,193
2024,611,1,710,37833,ILONA B,8/12/2024 16:34,8,23,710,345701,NSEI,57.166167,-134.690833,57.151667,-134.695333,700.4304,,,,,,,,,,Retained,,194
2024,611,1,710,37833,ILONA B,8/12/2024 16:34,8,23,710,345701,NSEI,57.166167,-134.690833,57.151667,-134.695333,700.4304,,,,,,,,,,Retained,,195
2024,611,1,710,37833,ILONA B,8/12/2024 16:34,8,23,710,345701,NSEI,57.166167,-134.690833,57.151667,-134.695333,700.4304,,,,,,,,,,Retained,,196
2024,611,1,710,37833,ILONA B,8/12/2024 16:34,8,23,710,345701,NSEI,57.166167,-134.690833,57.151667,-134.695333,700.4304,,,,,,,,,,Retained,,197
2024,611,1,710,37833,ILONA B,8/12/2024 16:34,8,23,710,345701,NSEI,57.166167,-134.690833,57.151667,-134.695333,700.4304,,,,,,,,,,Retained,,198
2024,611,1,710,37833,ILONA B,8/12/2024 16:34,8,23,710,345701,NSEI,57.166167,-134.690833,57.151667,-134.695333,700.4304,,,,,,,,,,Retained,,199
2024,611,1,710,37833,ILONA B,8/12/2024 16:34,8,23,710,345701,NSEI,57.166167,-134.690833,57.151667,-134.695333,700.4304,,,,,,,,,,Retained,,200
2024,611,1,710,37833,ILONA B,8/12/2024 16:34,8,23,710,345701,NSEI,57.166167,-134.690833,57.151667,-134.695333,700.4304,,,,,,,,,,Retained,,201
2024,611,1,710,37833,ILONA B,8/12/2024 16:34,8,23,710,345701,NSEI,57.166167,-134.690833,57.151667,-134.695333,700.4304,,,,,,,,,,Retained,,202
2024,611,1,710,37833,ILONA B,8/12/2024 16:34,8,23,710,345701,NSEI,57.166167,-134.690833,57.151667,-134.695333,700.4304,,,,,,,,,,Retained,,203
2024,611,1,710,37833,ILONA B,8/12/2024 16:34,8,23,710,345701,NSEI,57.166167,-134.690833,57.151667,-134.695333,700.4304,,,,,,,,,,Retained,,204
2024,611,1,710,37833,ILONA B,8/12/2024 16:34,8,23,710,345701,NSEI,57.166167,-134.690833,57.151667,-134.695333,700.4304,,,,,,,,,,Retained,,205
2024,611,1,710,37833,ILONA B,8/12/2024 16:34,8,23,710,345701,NSEI,57.166167,-134.690833,57.151667,-134.695333,700.4304,,,,,,,,,,Retained,,206
2024,611,1,710,37833,ILONA B,8/12/2024 16:34,8,23,710,345701,NSEI,57.166167,-134.690833,57.151667,-134.695333,700.4304,,,,,,,,,,Retained,,207
2024,611,1,710,37833,ILONA B,8/12/2024 16:34,8,23,710,345701,NSEI,57.166167,-134.690833,57.151667,-134.695333,700.4304,,,,,,,,,,Retained,,208
2024,611,1,710,37833,ILONA B,8/12/2024 16:34,8,23,710,345701,NSEI,57.166167,-134.690833,57.151667,-134.695333,700.4304,,,,,,,,,,Retained,,209
2024,611,1,710,37833,ILONA B,8/12/2024 16:34,8,23,710,345701,NSEI,57.166167,-134.690833,57.151667,-134.695333,700.4304,,,,,,,,,,Retained,,210
2024,611,1,710,37833,ILONA B,8/12/2024 16:34,8,23,710,345701,NSEI,57.166167,-134.690833,57.151667,-134.695333,700.4304,,,,,,,,,,Retained,,211
2024,611,1,710,37833,ILONA B,8/12/2024 16:34,8,23,710,345701,NSEI,57.166167,-134.690833,57.151667,-134.695333,700.4304,,,,,,,,,,Retained,,212
2024,611,1,710,37833,ILONA B,8/12/2024 16:34,8,23,710,345701,NSEI,57.166167,-134.690833,57.151667,-134.695333,700.4304,,,,,,,,,,Retained,,213
2024,611,1,710,37833,ILONA B,8/12/2024 16:34,8,23,710,345701,NSEI,57.166167,-134.690833,57.151667,-134.695333,700.4304,,,,,,,,,,Retained,,214
2024,611,1,710,37833,ILONA B,8/12/2024 16:34,8,23,710,345701,NSEI,57.166167,-134.690833,57.151667,-134.695333,700.4304,,,,,,,,,,Retained,,215
2024,611,1,710,37833,ILONA B,8/12/2024 16:34,8,23,710,345701,NSEI,57.166167,-134.690833,57.151667,-134.695333,700.4304,,,,,,,,,,Retained,,216
2024,611,1,710,37833,ILONA B,8/12/2024 16:34,8,23,710,345701,NSEI,57.166167,-134.690833,57.151667,-134.695333,700.4304,,,,,,,,,,Retained,,217
2024,611,1,710,37833,ILONA B,8/12/2024 16:34,8,23,710,345701,NSEI,57.166167,-134.690833,57.151667,-134.695333,700.4304,,,,,,,,,,Retained,,218
2024,611,1,710,37833,ILONA B,8/12/2024 16:34,8,23,710,345701,NSEI,57.166167,-134.690833,57.151667,-134.695333,700.4304,,,,,,,,,,Retained,,219
2024,611,1,710,37833,ILONA B,8/12/2024 16:34,8,23,710,345701,NSEI,57.166167,-134.690833,57.151667,-134.695333,700.4304,,,,,,,,,,Retained,,220
2024,611,1,710,37833,ILONA B,8/12/2024 16:34,8,23,710,345701,NSEI,57.166167,-134.690833,57.151667,-134.695333,700.4304,,,,,,,,,,Retained,,221
2024,611,1,710,37833,ILONA B,8/12/2024 16:34,8,23,710,345701,NSEI,57.166167,-134.690833,57.151667,-134.695333,700.4304,,,,,,,,,,Retained,,222
2024,611,1,710,37833,ILONA B,8/12/2024 16:34,8,23,710,345701,NSEI,57.166167,-134.690833,57.151667,-134.695333,700.4304,,,,,,,,,,Retained,,223
2024,611,1,710,37833,ILONA B,8/12/2024 16:34,8,23,710,345701,NSEI,57.166167,-134.690833,57.151667,-134.695333,700.4304,,,,,,,,,,Retained,,224
2024,611,1,710,37833,ILONA B,8/12/2024 16:34,8,23,710,345701,NSEI,57.166167,-134.690833,57.151667,-134.695333,700.4304,,,,,,,,,,Retained,,225
2024,611,1,710,37833,ILONA B,8/12/2024 16:34,8,23,710,345701,NSEI,57.166167,-134.690833,57.151667,-134.695333,700.4304,,,,,,,,,,Retained,,226
2024,611,1,710,37833,ILONA B,8/12/2024 16:34,8,23,710,345701,NSEI,57.166167,-134.690833,57.151667,-134.695333,700.4304,,,,,,,,,,Retained,,227
2024,611,1,710,37833,ILONA B,8/12/2024 16:34,8,23,710,345701,NSEI,57.166167,-134.690833,57.151667,-134.695333,700.4304,,,,,,,,,,Retained,,228
2024,611,1,710,37833,ILONA B,8/12/2024 16:34,8,23,710,345701,NSEI,57.166167,-134.690833,57.151667,-134.695333,700.4304,,,,,,,,,,Retained,,229
2024,611,1,710,37833,ILONA B,8/12/2024 16:34,8,23,710,345701,NSEI,57.166167,-134.690833,57.151667,-134.695333,700.4304,,,,,,,,,,Retained,,230
2024,611,1,710,37833,ILONA B,8/12/2024 16:34,8,23,710,345701,NSEI,57.166167,-134.690833,57.151667,-134.695333,700.4304,,,,,,,,,,Retained,,231
2024,611,1,710,37833,ILONA B,8/12/2024 16:34,8,23,710,345701,NSEI,57.166167,-134.690833,57.151667,-134.695333,700.4304,,,,,,,,,,Retained,,232
2024,611,1,710,37833,ILONA B,8/12/2024 16:34,8,23,710,345701,NSEI,57.166167,-134.690833,57.151667,-134.695333,700.4304,,,,,,,,,,Retained,,233
2024,611,1,710,37833,ILONA B,8/12/2024 16:34,8,23,710,345701,NSEI,57.166167,-134.690833,57.151667,-134.695333,700.4304,,,,,,,,,,Retained,,234
2024,611,1,710,37833,ILONA B,8/12/2024 16:34,8,23,710,345701,NSEI,57.166167,-134.690833,57.151667,-134.695333,700.4304,,,,,,,,,,Retained,,235
2024,611,1,710,37833,ILONA B,8/12/2024 16:34,8,23,710,345701,NSEI,57.166167,-134.690833,57.151667,-134.695333,700.4304,,,,,,,,,,Retained,,236
2024,611,1,710,37833,ILONA B,8/12/2024 16:34,8,23,710,345701,NSEI,57.166167,-134.690833,57.151667,-134.695333,700.4304,,,,,,,,,,Retained,,237
2024,611,1,710,37833,ILONA B,8/12/2024 16:34,8,23,710,345701,NSEI,57.166167,-134.690833,57.151667,-134.695333,700.4304,,,,,,,,,,Retained,,238
2024,611,1,710,37833,ILONA B,8/12/2024 16:34,8,23,710,345701,NSEI,57.166167,-134.690833,57.151667,-134.695333,700.4304,,,,,,,,,,Retained,,239
2024,611,1,710,37833,ILONA B,8/12/2024 16:34,8,23,710,345701,NSEI,57.166167,-134.690833,57.151667,-134.695333,700.4304,,,,,,,,,,Retained,,240
2024,611,1,710,37833,ILONA B,8/12/2024 16:34,8,23,710,345701,NSEI,57.166167,-134.690833,57.151667,-134.695333,700.4304,,,,,,,,,,Retained,,241
2024,611,1,710,37833,ILONA B,8/12/2024 16:34,8,23,710,345701,NSEI,57.166167,-134.690833,57.151667,-134.695333,700.4304,,,,,,,,,,Retained,,242
2024,611,1,710,37833,ILONA B,8/12/2024 16:34,8,23,710,345701,NSEI,57.166167,-134.690833,57.151667,-134.695333,700.4304,,,,,,,,,,Retained,,243
2024,611,1,710,37833,ILONA B,8/12/2024 16:34,8,23,710,345701,NSEI,57.166167,-134.690833,57.151667,-134.695333,700.4304,,,,,,,,,,Retained,,244
2024,611,1,710,37833,ILONA B,8/12/2024 16:34,8,23,710,345701,NSEI,57.166167,-134.690833,57.151667,-134.695333,700.4304,,,,,,,,,,Retained,,245
2024,611,1,710,37833,ILONA B,8/12/2024 16:34,8,23,710,345701,NSEI,57.166167,-134.690833,57.151667,-134.695333,700.4304,,,,,,,,,,Retained,,246
2024,611,1,710,37833,ILONA B,8/12/2024 16:34,8,23,710,345701,NSEI,57.166167,-134.690833,57.151667,-134.695333,700.4304,,,,,,,,,,Retained,,247
2024,611,1,710,37833,ILONA B,8/12/2024 16:34,8,23,710,345701,NSEI,57.166167,-134.690833,57.151667,-134.695333,700.4304,,,,,,,,,,Retained,,248
2024,611,1,710,37833,ILONA B,8/12/2024 16:34,8,23,710,345701,NSEI,57.166167,-134.690833,57.151667,-134.695333,700.4304,,,,,,,,,,Retained,,249
2024,611,1,710,37833,ILONA B,8/12/2024 16:34,8,23,710,345701,NSEI,57.166167,-134.690833,57.151667,-134.695333,700.4304,,,,,,,,,,Retained,,250
2024,611,1,710,37833,ILONA B,8/12/2024 16:34,8,23,710,345701,NSEI,57.166167,-134.690833,57.151667,-134.695333,700.4304,,,,,,,,,,Retained,,251
2024,611,1,710,37833,ILONA B,8/12/2024 16:34,8,23,710,345701,NSEI,57.166167,-134.690833,57.151667,-134.695333,700.4304,,,,,,,,,,Retained,,252
2024,611,1,710,37833,ILONA B,8/12/2024 16:34,8,23,710,345701,NSEI,57.166167,-134.690833,57.151667,-134.695333,700.4304,,,,,,,,,,Retained,,253
2024,611,1,710,37833,ILONA B,8/12/2024 16:34,8,23,710,345701,NSEI,57.166167,-134.690833,57.151667,-134.695333,700.4304,,,,,,,,,,Retained,,254
2024,611,1,710,37833,ILONA B,8/12/2024 16:34,8,23,710,345701,NSEI,57.166167,-134.690833,57.151667,-134.695333,700.4304,,,,,,,,,,Retained,,255
2024,611,1,710,37833,ILONA B,8/12/2024 16:34,8,23,710,345701,NSEI,57.166167,-134.690833,57.151667,-134.695333,700.4304,,,,,,,,,,Retained,,256
2024,611,1,710,37833,ILONA B,8/12/2024 16:34,8,23,710,345701,NSEI,57.166167,-134.690833,57.151667,-134.695333,700.4304,,,,,,,,,,Retained,,257
2024,611,1,710,37833,ILONA B,8/12/2024 16:34,8,23,710,345701,NSEI,57.166167,-134.690833,57.151667,-134.695333,700.4304,,,,,,,,,,Retained,,258
2024,611,1,710,37833,ILONA B,8/12/2024 16:34,8,23,710,345701,NSEI,57.166167,-134.690833,57.151667,-134.695333,700.4304,,,,,,,,,,Retained,,259
2024,611,1,710,37833,ILONA B,8/12/2024 16:34,8,23,710,345701,NSEI,57.166167,-134.690833,57.151667,-134.695333,700.4304,,,,,,,,,,Retained,,260
2024,611,1,710,37833,ILONA B,8/12/2024 16:34,8,23,710,345701,NSEI,57.166167,-134.690833,57.151667,-134.695333,700.4304,,,,,,,,,,Retained,,261
2024,611,1,710,37833,ILONA B,8/12/2024 16:34,8,23,710,345701,NSEI,57.166167,-134.690833,57.151667,-134.695333,700.4304,,,,,,,,,,Retained,,262
2024,611,1,710,37833,ILONA B,8/12/2024 16:34,8,23,710,345701,NSEI,57.166167,-134.690833,57.151667,-134.695333,700.4304,,,,,,,,,,Retained,,263
2024,611,1,710,37833,ILONA B,8/12/2024 16:34,8,23,710,345701,NSEI,57.166167,-134.690833,57.151667,-134.695333,700.4304,,,,,,,,,,Retained,,264
2024,611,1,710,37833,ILONA B,8/12/2024 16:34,8,23,710,345701,NSEI,57.166167,-134.690833,57.151667,-134.695333,700.4304,,,,,,,,,,Retained,,265
2024,611,1,710,37833,ILONA B,8/12/2024 16:34,8,23,710,345701,NSEI,57.166167,-134.690833,57.151667,-134.695333,700.4304,,,,,,,,,,Retained,,266
2024,611,1,710,37833,ILONA B,8/12/2024 16:34,8,23,710,345701,NSEI,57.166167,-134.690833,57.151667,-134.695333,700.4304,,,,,,,,,,Retained,,267
2024,611,1,710,37833,ILONA B,8/12/2024 16:34,8,23,710,345701,NSEI,57.166167,-134.690833,57.151667,-134.695333,700.4304,,,,,,,,,,Retained,,268
2024,611,1,710,37833,ILONA B,8/12/2024 16:34,8,23,710,345701,NSEI,57.166167,-134.690833,57.151667,-134.695333,700.4304,,,,,,,,,,Retained,,269
2024,611,1,710,37833,ILONA B,8/12/2024 16:34,8,23,710,345701,NSEI,57.166167,-134.690833,57.151667,-134.695333,700.4304,,,,,,,,,,Retained,,270
2024,611,1,710,37833,ILONA B,8/12/2024 16:34,8,23,710,345701,NSEI,57.166167,-134.690833,57.151667,-134.695333,700.4304,,,,,,,,,,Retained,,271
2024,611,1,710,37833,ILONA B,8/12/2024 16:34,8,23,710,345701,NSEI,57.166167,-134.690833,57.151667,-134.695333,700.4304,,,,,,,,,,Retained,,272
2024,611,1,710,37833,ILONA B,8/12/2024 16:34,8,23,710,345701,NSEI,57.166167,-134.690833,57.151667,-134.695333,700.4304,,,,,,,,,,Retained,,273
2024,611,1,710,37833,ILONA B,8/12/2024 16:34,8,23,710,345701,NSEI,57.166167,-134.690833,57.151667,-134.695333,700.4304,,,,,,,,,,Retained,,274
2024,611,1,710,37833,ILONA B,8/12/2024 16:34,8,23,710,345701,NSEI,57.166167,-134.690833,57.151667,-134.695333,700.4304,,,,,,,,,,Retained,,275
2024,611,1,710,37833,ILONA B,8/12/2024 16:34,8,23,710,345701,NSEI,57.166167,-134.690833,57.151667,-134.695333,700.4304,,,,,,,,,,Retained,,276
2024,611,1,710,37833,ILONA B,8/12/2024 16:34,8,23,710,345701,NSEI,57.166167,-134.690833,57.151667,-134.695333,700.4304,,,,,,,,,,Retained,,277
2024,611,1,710,37833,ILONA B,8/12/2024 16:34,8,23,710,345701,NSEI,57.166167,-134.690833,57.151667,-134.695333,700.4304,,,,,,,,,,Retained,,278
2024,611,1,710,37833,ILONA B,8/12/2024 16:34,8,23,710,345701,NSEI,57.166167,-134.690833,57.151667,-134.695333,700.4304,,,,,,,,,,Retained,,279
2024,611,1,710,37833,ILONA B,8/12/2024 16:34,8,23,710,345701,NSEI,57.166167,-134.690833,57.151667,-134.695333,700.4304,,,,,,,,,,Retained,,280
2024,611,1,710,37833,ILONA B,8/12/2024 16:34,8,23,710,345701,NSEI,57.166167,-134.690833,57.151667,-134.695333,700.4304,,,,,,,,,,Retained,,281
2024,611,1,710,37833,ILONA B,8/12/2024 16:34,8,23,710,345701,NSEI,57.166167,-134.690833,57.151667,-134.695333,700.4304,,,,,,,,,,Retained,,282
2024,611,1,710,37833,ILONA B,8/12/2024 16:34,8,23,710,345701,NSEI,57.166167,-134.690833,57.151667,-134.695333,700.4304,,,,,,,,,,Retained,,283
2024,611,1,710,37833,ILONA B,8/12/2024 16:34,8,23,710,345701,NSEI,57.166167,-134.690833,57.151667,-134.695333,700.4304,,,,,,,,,,Retained,,284
2024,611,1,710,37833,ILONA B,8/12/2024 16:34,8,23,710,345701,NSEI,57.166167,-134.690833,57.151667,-134.695333,700.4304,,,,,,,,,,Retained,,285
2024,611,1,710,37833,ILONA B,8/12/2024 16:34,8,23,710,345701,NSEI,57.166167,-134.690833,57.151667,-134.695333,700.4304,,,,,,,,,,Retained,,286
2024,611,1,710,37833,ILONA B,8/12/2024 16:34,8,23,710,345701,NSEI,57.166167,-134.690833,57.151667,-134.695333,700.4304,,,,,,,,,,Retained,,290
2024,611,1,710,37833,ILONA B,8/13/2024 12:47,9,30,710,345701,NSEI,57.335167,-134.681167,57.350167,-134.681667,641.9088,50,1.2,3,,3,1,1,,,Retained,,130
2024,611,1,710,37833,ILONA B,8/13/2024 12:47,9,30,710,345701,NSEI,57.335167,-134.681167,57.350167,-134.681667,641.9088,50,,,,,,,,,Retained,,101
2024,611,1,710,37833,ILONA B,8/13/2024 12:47,9,30,710,345701,NSEI,57.335167,-134.681167,57.350167,-134.681667,641.9088,50,,,,,,,,,Retained,,129
2024,611,1,710,37833,ILONA B,8/13/2024 12:47,9,30,710,345701,NSEI,57.335167,-134.681167,57.350167,-134.681667,641.9088,51,,,,,,,,,Retained,,69
2024,611,1,710,37833,ILONA B,8/13/2024 12:47,9,30,710,345701,NSEI,57.335167,-134.681167,57.350167,-134.681667,641.9088,51,,,,,,,,,Retained,,98
2024,611,1,710,37833,ILONA B,8/13/2024 12:47,9,30,710,345701,NSEI,57.335167,-134.681167,57.350167,-134.681667,641.9088,51,,,,,,,,,Retained,,99
2024,611,1,710,37833,ILONA B,8/13/2024 12:47,9,30,710,345701,NSEI,57.335167,-134.681167,57.350167,-134.681667,641.9088,51,,,,,,,,,Retained,,148
2024,611,1,710,37833,ILONA B,8/13/2024 12:47,9,30,710,345701,NSEI,57.335167,-134.681167,57.350167,-134.681667,641.9088,52,,,,,,,,,Retained,,42
2024,611,1,710,37833,ILONA B,8/13/2024 12:47,9,30,710,345701,NSEI,57.335167,-134.681167,57.350167,-134.681667,641.9088,52,,,,,,,,,Retained,,127
2024,611,1,710,37833,ILONA B,8/13/2024 12:47,9,30,710,345701,NSEI,57.335167,-134.681167,57.350167,-134.681667,641.9088,52,,,,,,,,,Retained,,132
2024,611,1,710,37833,ILONA B,8/13/2024 12:47,9,30,710,345701,NSEI,57.335167,-134.681167,57.350167,-134.681667,641.9088,53,1.4,6,,3,2,1,,,Retained,,90
2024,611,1,710,37833,ILONA B,8/13/2024 12:47,9,30,710,345701,NSEI,57.335167,-134.681167,57.350167,-134.681667,641.9088,53,1.6,8,,3,1,1,,,Retained,,115
2024,611,1,710,37833,ILONA B,8/13/2024 12:47,9,30,710,345701,NSEI,57.335167,-134.681167,57.350167,-134.681667,641.9088,53,,,,,,,,,Retained,,38
2024,611,1,710,37833,ILONA B,8/13/2024 12:47,9,30,710,345701,NSEI,57.335167,-134.681167,57.350167,-134.681667,641.9088,53,,,,,,,,,Retained,,58
2024,611,1,710,37833,ILONA B,8/13/2024 12:47,9,30,710,345701,NSEI,57.335167,-134.681167,57.350167,-134.681667,641.9088,53,,,,,,,,,Retained,,83
2024,611,1,710,37833,ILONA B,8/13/2024 12:47,9,30,710,345701,NSEI,57.335167,-134.681167,57.350167,-134.681667,641.9088,53,,,,,,,,,Retained,,126
2024,611,1,710,37833,ILONA B,8/13/2024 12:47,9,30,710,345701,NSEI,57.335167,-134.681167,57.350167,-134.681667,641.9088,53,,,,,,,,,Retained,,136
2024,611,1,710,37833,ILONA B,8/13/2024 12:47,9,30,710,345701,NSEI,57.335167,-134.681167,57.350167,-134.681667,641.9088,54,1.6,9,,2,1,1,,,Retained,,35
2024,611,1,710,37833,ILONA B,8/13/2024 12:47,9,30,710,345701,NSEI,57.335167,-134.681167,57.350167,-134.681667,641.9088,54,1.8,5,,2,2,1,,,Retained,,6
2024,611,1,710,37833,ILONA B,8/13/2024 12:47,9,30,710,345701,NSEI,57.335167,-134.681167,57.350167,-134.681667,641.9088,54,1.8,9,,2,1,7,,,Retained,,1
2024,611,1,710,37833,ILONA B,8/13/2024 12:47,9,30,710,345701,NSEI,57.335167,-134.681167,57.350167,-134.681667,641.9088,54,,,,,,,,,Retained,,7
2024,611,1,710,37833,ILONA B,8/13/2024 12:47,9,30,710,345701,NSEI,57.335167,-134.681167,57.350167,-134.681667,641.9088,54,,,,,,,,,Retained,,62
2024,611,1,710,37833,ILONA B,8/13/2024 12:47,9,30,710,345701,NSEI,57.335167,-134.681167,57.350167,-134.681667,641.9088,54,,,,,,,,,Retained,,91
2024,611,1,710,37833,ILONA B,8/13/2024 12:47,9,30,710,345701,NSEI,57.335167,-134.681167,57.350167,-134.681667,641.9088,54,,,,,,,,,Retained,,142
2024,611,1,710,37833,ILONA B,8/13/2024 12:47,9,30,710,345701,NSEI,57.335167,-134.681167,57.350167,-134.681667,641.9088,55,1.8,7,,3,1,1,,,Retained,,40
2024,611,1,710,37833,ILONA B,8/13/2024 12:47,9,30,710,345701,NSEI,57.335167,-134.681167,57.350167,-134.681667,641.9088,55,,,,,,,,,Retained,,5
2024,611,1,710,37833,ILONA B,8/13/2024 12:47,9,30,710,345701,NSEI,57.335167,-134.681167,57.350167,-134.681667,641.9088,55,,,,,,,,,Retained,,12
2024,611,1,710,37833,ILONA B,8/13/2024 12:47,9,30,710,345701,NSEI,57.335167,-134.681167,57.350167,-134.681667,641.9088,55,,,,,,,,,Retained,,17
2024,611,1,710,37833,ILONA B,8/13/2024 12:47,9,30,710,345701,NSEI,57.335167,-134.681167,57.350167,-134.681667,641.9088,55,,,,,,,,,Retained,,28
2024,611,1,710,37833,ILONA B,8/13/2024 12:47,9,30,710,345701,NSEI,57.335167,-134.681167,57.350167,-134.681667,641.9088,55,,,,,,,,,Retained,,43
2024,611,1,710,37833,ILONA B,8/13/2024 12:47,9,30,710,345701,NSEI,57.335167,-134.681167,57.350167,-134.681667,641.9088,55,,,,,,,,,Retained,,51
2024,611,1,710,37833,ILONA B,8/13/2024 12:47,9,30,710,345701,NSEI,57.335167,-134.681167,57.350167,-134.681667,641.9088,55,,,,,,,,,Retained,,68
2024,611,1,710,37833,ILONA B,8/13/2024 12:47,9,30,710,345701,NSEI,57.335167,-134.681167,57.350167,-134.681667,641.9088,55,,,,,,,,,Retained,,71
2024,611,1,710,37833,ILONA B,8/13/2024 12:47,9,30,710,345701,NSEI,57.335167,-134.681167,57.350167,-134.681667,641.9088,55,,,,,,,,,Retained,,74
2024,611,1,710,37833,ILONA B,8/13/2024 12:47,9,30,710,345701,NSEI,57.335167,-134.681167,57.350167,-134.681667,641.9088,55,,,,,,,,,Retained,,79
2024,611,1,710,37833,ILONA B,8/13/2024 12:47,9,30,710,345701,NSEI,57.335167,-134.681167,57.350167,-134.681667,641.9088,55,,,,,,,,,Retained,,94
2024,611,1,710,37833,ILONA B,8/13/2024 12:47,9,30,710,345701,NSEI,57.335167,-134.681167,57.350167,-134.681667,641.9088,55,,,,,,,,,Retained,,123
2024,611,1,710,37833,ILONA B,8/13/2024 12:47,9,30,710,345701,NSEI,57.335167,-134.681167,57.350167,-134.681667,641.9088,56,1.9,7,,2,2,1,,,Retained,,50
2024,611,1,710,37833,ILONA B,8/13/2024 12:47,9,30,710,345701,NSEI,57.335167,-134.681167,57.350167,-134.681667,641.9088,56,2.1,7,,2,1,1,,,Retained,,95
2024,611,1,710,37833,ILONA B,8/13/2024 12:47,9,30,710,345701,NSEI,57.335167,-134.681167,57.350167,-134.681667,641.9088,56,,,,,,,,,Retained,,3
2024,611,1,710,37833,ILONA B,8/13/2024 12:47,9,30,710,345701,NSEI,57.335167,-134.681167,57.350167,-134.681667,641.9088,56,,,,,,,,,Retained,,22
2024,611,1,710,37833,ILONA B,8/13/2024 12:47,9,30,710,345701,NSEI,57.335167,-134.681167,57.350167,-134.681667,641.9088,56,,,,,,,,,Retained,,25
2024,611,1,710,37833,ILONA B,8/13/2024 12:47,9,30,710,345701,NSEI,57.335167,-134.681167,57.350167,-134.681667,641.9088,56,,,,,,,,,Retained,,32
2024,611,1,710,37833,ILONA B,8/13/2024 12:47,9,30,710,345701,NSEI,57.335167,-134.681167,57.350167,-134.681667,641.9088,56,,,,,,,,,Retained,,54
2024,611,1,710,37833,ILONA B,8/13/2024 12:47,9,30,710,345701,NSEI,57.335167,-134.681167,57.350167,-134.681667,641.9088,56,,,,,,,,,Retained,,67
2024,611,1,710,37833,ILONA B,8/13/2024 12:47,9,30,710,345701,NSEI,57.335167,-134.681167,57.350167,-134.681667,641.9088,56,,,,,,,,,Retained,,88
2024,611,1,710,37833,ILONA B,8/13/2024 12:47,9,30,710,345701,NSEI,57.335167,-134.681167,57.350167,-134.681667,641.9088,56,,,,,,,,,Retained,,111
2024,611,1,710,37833,ILONA B,8/13/2024 12:47,9,30,710,345701,NSEI,57.335167,-134.681167,57.350167,-134.681667,641.9088,56,,,,,,,,,Retained,,114
2024,611,1,710,37833,ILONA B,8/13/2024 12:47,9,30,710,345701,NSEI,57.335167,-134.681167,57.350167,-134.681667,641.9088,56,,,,,,,,,Retained,,147
2024,611,1,710,37833,ILONA B,8/13/2024 12:47,9,30,710,345701,NSEI,57.335167,-134.681167,57.350167,-134.681667,641.9088,57,2,8,,3,1,1,,,Retained,,85
2024,611,1,710,37833,ILONA B,8/13/2024 12:47,9,30,710,345701,NSEI,57.335167,-134.681167,57.350167,-134.681667,641.9088,57,,,,,,,,,Retained,,14
2024,611,1,710,37833,ILONA B,8/13/2024 12:47,9,30,710,345701,NSEI,57.335167,-134.681167,57.350167,-134.681667,641.9088,57,,,,,,,,,Retained,,18
2024,611,1,710,37833,ILONA B,8/13/2024 12:47,9,30,710,345701,NSEI,57.335167,-134.681167,57.350167,-134.681667,641.9088,57,,,,,,,,,Retained,,24
2024,611,1,710,37833,ILONA B,8/13/2024 12:47,9,30,710,345701,NSEI,57.335167,-134.681167,57.350167,-134.681667,641.9088,57,,,,,,,,,Retained,,36
2024,611,1,710,37833,ILONA B,8/13/2024 12:47,9,30,710,345701,NSEI,57.335167,-134.681167,57.350167,-134.681667,641.9088,57,,,,,,,,,Retained,,39
2024,611,1,710,37833,ILONA B,8/13/2024 12:47,9,30,710,345701,NSEI,57.335167,-134.681167,57.350167,-134.681667,641.9088,57,,,,,,,,,Retained,,48
2024,611,1,710,37833,ILONA B,8/13/2024 12:47,9,30,710,345701,NSEI,57.335167,-134.681167,57.350167,-134.681667,641.9088,57,,,,,,,,,Retained,,56
2024,611,1,710,37833,ILONA B,8/13/2024 12:47,9,30,710,345701,NSEI,57.335167,-134.681167,57.350167,-134.681667,641.9088,57,,,,,,,,,Retained,,63
2024,611,1,710,37833,ILONA B,8/13/2024 12:47,9,30,710,345701,NSEI,57.335167,-134.681167,57.350167,-134.681667,641.9088,57,,,,,,,,,Retained,,113
2024,611,1,710,37833,ILONA B,8/13/2024 12:47,9,30,710,345701,NSEI,57.335167,-134.681167,57.350167,-134.681667,641.9088,57,,,,,,,,,Retained,,116
2024,611,1,710,37833,ILONA B,8/13/2024 12:47,9,30,710,345701,NSEI,57.335167,-134.681167,57.350167,-134.681667,641.9088,57,,,,,,,,,Retained,,128
2024,611,1,710,37833,ILONA B,8/13/2024 12:47,9,30,710,345701,NSEI,57.335167,-134.681167,57.350167,-134.681667,641.9088,57,,,,,,,,,Retained,,146
2024,611,1,710,37833,ILONA B,8/13/2024 12:47,9,30,710,345701,NSEI,57.335167,-134.681167,57.350167,-134.681667,641.9088,58,1.9,10,,2,1,7,,,Retained,,70
2024,611,1,710,37833,ILONA B,8/13/2024 12:47,9,30,710,345701,NSEI,57.335167,-134.681167,57.350167,-134.681667,641.9088,58,2,6,,3,1,1,,,Retained,,65
2024,611,1,710,37833,ILONA B,8/13/2024 12:47,9,30,710,345701,NSEI,57.335167,-134.681167,57.350167,-134.681667,641.9088,58,2.1,7,,2,1,1,,,Retained,,11
2024,611,1,710,37833,ILONA B,8/13/2024 12:47,9,30,710,345701,NSEI,57.335167,-134.681167,57.350167,-134.681667,641.9088,58,2.3,6,,3,1,7,,,Retained,,80
2024,611,1,710,37833,ILONA B,8/13/2024 12:47,9,30,710,345701,NSEI,57.335167,-134.681167,57.350167,-134.681667,641.9088,58,,,,,,,,,Retained,,2
2024,611,1,710,37833,ILONA B,8/13/2024 12:47,9,30,710,345701,NSEI,57.335167,-134.681167,57.350167,-134.681667,641.9088,58,,,,,,,,,Retained,,20
2024,611,1,710,37833,ILONA B,8/13/2024 12:47,9,30,710,345701,NSEI,57.335167,-134.681167,57.350167,-134.681667,641.9088,58,,,,,,,,,Retained,,37
2024,611,1,710,37833,ILONA B,8/13/2024 12:47,9,30,710,345701,NSEI,57.335167,-134.681167,57.350167,-134.681667,641.9088,58,,,,,,,,,Retained,,46
2024,611,1,710,37833,ILONA B,8/13/2024 12:47,9,30,710,345701,NSEI,57.335167,-134.681167,57.350167,-134.681667,641.9088,58,,,,,,,,,Retained,,53
2024,611,1,710,37833,ILONA B,8/13/2024 12:47,9,30,710,345701,NSEI,57.335167,-134.681167,57.350167,-134.681667,641.9088,58,,,,,,,,,Retained,,61
2024,611,1,710,37833,ILONA B,8/13/2024 12:47,9,30,710,345701,NSEI,57.335167,-134.681167,57.350167,-134.681667,641.9088,58,,,,,,,,,Retained,,64
2024,611,1,710,37833,ILONA B,8/13/2024 12:47,9,30,710,345701,NSEI,57.335167,-134.681167,57.350167,-134.681667,641.9088,58,,,,,,,,,Retained,,78
2024,611,1,710,37833,ILONA B,8/13/2024 12:47,9,30,710,345701,NSEI,57.335167,-134.681167,57.350167,-134.681667,641.9088,58,,,,,,,,,Retained,,82
2024,611,1,710,37833,ILONA B,8/13/2024 12:47,9,30,710,345701,NSEI,57.335167,-134.681167,57.350167,-134.681667,641.9088,58,,,,,,,,,Retained,,87
2024,611,1,710,37833,ILONA B,8/13/2024 12:47,9,30,710,345701,NSEI,57.335167,-134.681167,57.350167,-134.681667,641.9088,58,,,,,,,,,Retained,,96
2024,611,1,710,37833,ILONA B,8/13/2024 12:47,9,30,710,345701,NSEI,57.335167,-134.681167,57.350167,-134.681667,641.9088,58,,,,,,,,,Retained,,102
2024,611,1,710,37833,ILONA B,8/13/2024 12:47,9,30,710,345701,NSEI,57.335167,-134.681167,57.350167,-134.681667,641.9088,58,,,,,,,,,Retained,,103
2024,611,1,710,37833,ILONA B,8/13/2024 12:47,9,30,710,345701,NSEI,57.335167,-134.681167,57.350167,-134.681667,641.9088,58,,,,,,,,,Retained,,107
2024,611,1,710,37833,ILONA B,8/13/2024 12:47,9,30,710,345701,NSEI,57.335167,-134.681167,57.350167,-134.681667,641.9088,58,,,,,,,,,Retained,,109
2024,611,1,710,37833,ILONA B,8/13/2024 12:47,9,30,710,345701,NSEI,57.335167,-134.681167,57.350167,-134.681667,641.9088,58,,,,,,,,,Retained,,134
2024,611,1,710,37833,ILONA B,8/13/2024 12:47,9,30,710,345701,NSEI,57.335167,-134.681167,57.350167,-134.681667,641.9088,59,2.3,4,,3,2,1,,,Retained,,55
2024,611,1,710,37833,ILONA B,8/13/2024 12:47,9,30,710,345701,NSEI,57.335167,-134.681167,57.350167,-134.681667,641.9088,59,2.6,12,,2,2,7,,,Retained,,125
2024,611,1,710,37833,ILONA B,8/13/2024 12:47,9,30,710,345701,NSEI,57.335167,-134.681167,57.350167,-134.681667,641.9088,59,,,,,,,,,Retained,,8
2024,611,1,710,37833,ILONA B,8/13/2024 12:47,9,30,710,345701,NSEI,57.335167,-134.681167,57.350167,-134.681667,641.9088,59,,,,,,,,,Retained,,9
2024,611,1,710,37833,ILONA B,8/13/2024 12:47,9,30,710,345701,NSEI,57.335167,-134.681167,57.350167,-134.681667,641.9088,59,,,,,,,,,Retained,,10
2024,611,1,710,37833,ILONA B,8/13/2024 12:47,9,30,710,345701,NSEI,57.335167,-134.681167,57.350167,-134.681667,641.9088,59,,,,,,,,,Retained,,33
2024,611,1,710,37833,ILONA B,8/13/2024 12:47,9,30,710,345701,NSEI,57.335167,-134.681167,57.350167,-134.681667,641.9088,59,,,,,,,,,Retained,,73
2024,611,1,710,37833,ILONA B,8/13/2024 12:47,9,30,710,345701,NSEI,57.335167,-134.681167,57.350167,-134.681667,641.9088,59,,,,,,,,,Retained,,76
2024,611,1,710,37833,ILONA B,8/13/2024 12:47,9,30,710,345701,NSEI,57.335167,-134.681167,57.350167,-134.681667,641.9088,59,,,,,,,,,Retained,,121
2024,611,1,710,37833,ILONA B,8/13/2024 12:47,9,30,710,345701,NSEI,57.335167,-134.681167,57.350167,-134.681667,641.9088,59,,,,,,,,,Retained,,141
2024,611,1,710,37833,ILONA B,8/13/2024 12:47,9,30,710,345701,NSEI,57.335167,-134.681167,57.350167,-134.681667,641.9088,59,,,,,,,,,Retained,,149
2024,611,1,710,37833,ILONA B,8/13/2024 12:47,9,30,710,345701,NSEI,57.335167,-134.681167,57.350167,-134.681667,641.9088,60,2.1,6,,3,2,1,,,Retained,,140
2024,611,1,710,37833,ILONA B,8/13/2024 12:47,9,30,710,345701,NSEI,57.335167,-134.681167,57.350167,-134.681667,641.9088,60,2.2,6,,2,1,1,,,Retained,,110
2024,611,1,710,37833,ILONA B,8/13/2024 12:47,9,30,710,345701,NSEI,57.335167,-134.681167,57.350167,-134.681667,641.9088,60,2.4,4,,3,1,7,,,Retained,,16
2024,611,1,710,37833,ILONA B,8/13/2024 12:47,9,30,710,345701,NSEI,57.335167,-134.681167,57.350167,-134.681667,641.9088,60,,,,,,,,,Retained,,27
2024,611,1,710,37833,ILONA B,8/13/2024 12:47,9,30,710,345701,NSEI,57.335167,-134.681167,57.350167,-134.681667,641.9088,60,,,,,,,,,Retained,,44
2024,611,1,710,37833,ILONA B,8/13/2024 12:47,9,30,710,345701,NSEI,57.335167,-134.681167,57.350167,-134.681667,641.9088,60,,,,,,,,,Retained,,59
2024,611,1,710,37833,ILONA B,8/13/2024 12:47,9,30,710,345701,NSEI,57.335167,-134.681167,57.350167,-134.681667,641.9088,60,,,,,,,,,Retained,,72
2024,611,1,710,37833,ILONA B,8/13/2024 12:47,9,30,710,345701,NSEI,57.335167,-134.681167,57.350167,-134.681667,641.9088,60,,,,,,,,,Retained,,92
2024,611,1,710,37833,ILONA B,8/13/2024 12:47,9,30,710,345701,NSEI,57.335167,-134.681167,57.350167,-134.681667,641.9088,61,2.3,9,,2,1,7,,,Retained,,135
2024,611,1,710,37833,ILONA B,8/13/2024 12:47,9,30,710,345701,NSEI,57.335167,-134.681167,57.350167,-134.681667,641.9088,61,2.5,7,,3,0,9,,,Retained,,21
2024,611,1,710,37833,ILONA B,8/13/2024 12:47,9,30,710,345701,NSEI,57.335167,-134.681167,57.350167,-134.681667,641.9088,61,,,,,,,,,Retained,,52
2024,611,1,710,37833,ILONA B,8/13/2024 12:47,9,30,710,345701,NSEI,57.335167,-134.681167,57.350167,-134.681667,641.9088,61,,,,,,,,,Retained,,77
2024,611,1,710,37833,ILONA B,8/13/2024 12:47,9,30,710,345701,NSEI,57.335167,-134.681167,57.350167,-134.681667,641.9088,61,,,,,,,,,Retained,,81
2024,611,1,710,37833,ILONA B,8/13/2024 12:47,9,30,710,345701,NSEI,57.335167,-134.681167,57.350167,-134.681667,641.9088,61,,,,,,,,,Retained,,108
2024,611,1,710,37833,ILONA B,8/13/2024 12:47,9,30,710,345701,NSEI,57.335167,-134.681167,57.350167,-134.681667,641.9088,61,,,,,,,,,Retained,,119
2024,611,1,710,37833,ILONA B,8/13/2024 12:47,9,30,710,345701,NSEI,57.335167,-134.681167,57.350167,-134.681667,641.9088,61,,,,,,,,,Retained,,124
2024,611,1,710,37833,ILONA B,8/13/2024 12:47,9,30,710,345701,NSEI,57.335167,-134.681167,57.350167,-134.681667,641.9088,61,,,,,,,,,Retained,,131
2024,611,1,710,37833,ILONA B,8/13/2024 12:47,9,30,710,345701,NSEI,57.335167,-134.681167,57.350167,-134.681667,641.9088,62,2.4,8,,2,2,7,,,Retained,,75
2024,611,1,710,37833,ILONA B,8/13/2024 12:47,9,30,710,345701,NSEI,57.335167,-134.681167,57.350167,-134.681667,641.9088,62,2.5,6,,2,2,1,,,Retained,,45
2024,611,1,710,37833,ILONA B,8/13/2024 12:47,9,30,710,345701,NSEI,57.335167,-134.681167,57.350167,-134.681667,641.9088,62,2.7,6,,2,2,1,,,Retained,,120
2024,611,1,710,37833,ILONA B,8/13/2024 12:47,9,30,710,345701,NSEI,57.335167,-134.681167,57.350167,-134.681667,641.9088,62,3,13,,3,2,7,,,Retained,,145
2024,611,1,710,37833,ILONA B,8/13/2024 12:47,9,30,710,345701,NSEI,57.335167,-134.681167,57.350167,-134.681667,641.9088,62,,,,,,,,,Retained,,15
2024,611,1,710,37833,ILONA B,8/13/2024 12:47,9,30,710,345701,NSEI,57.335167,-134.681167,57.350167,-134.681667,641.9088,62,,,,,,,,,Retained,,23
2024,611,1,710,37833,ILONA B,8/13/2024 12:47,9,30,710,345701,NSEI,57.335167,-134.681167,57.350167,-134.681667,641.9088,62,,,,,,,,,Retained,,29
2024,611,1,710,37833,ILONA B,8/13/2024 12:47,9,30,710,345701,NSEI,57.335167,-134.681167,57.350167,-134.681667,641.9088,62,,,,,,,,,Retained,,47
2024,611,1,710,37833,ILONA B,8/13/2024 12:47,9,30,710,345701,NSEI,57.335167,-134.681167,57.350167,-134.681667,641.9088,62,,,,,,,,,Retained,,112
2024,611,1,710,37833,ILONA B,8/13/2024 12:47,9,30,710,345701,NSEI,57.335167,-134.681167,57.350167,-134.681667,641.9088,63,2.7,6,,2,2,7,,,Retained,,30
2024,611,1,710,37833,ILONA B,8/13/2024 12:47,9,30,710,345701,NSEI,57.335167,-134.681167,57.350167,-134.681667,641.9088,63,,,,,,,,,Retained,,19
2024,611,1,710,37833,ILONA B,8/13/2024 12:47,9,30,710,345701,NSEI,57.335167,-134.681167,57.350167,-134.681667,641.9088,63,,,,,,,,,Retained,,41
2024,611,1,710,37833,ILONA B,8/13/2024 12:47,9,30,710,345701,NSEI,57.335167,-134.681167,57.350167,-134.681667,641.9088,63,,,,,,,,,Retained,,97
2024,611,1,710,37833,ILONA B,8/13/2024 12:47,9,30,710,345701,NSEI,57.335167,-134.681167,57.350167,-134.681667,641.9088,63,,,,,,,,,Retained,,137
2024,611,1,710,37833,ILONA B,8/13/2024 12:47,9,30,710,345701,NSEI,57.335167,-134.681167,57.350167,-134.681667,641.9088,63,,,,,,,,,Retained,,138
2024,611,1,710,37833,ILONA B,8/13/2024 12:47,9,30,710,345701,NSEI,57.335167,-134.681167,57.350167,-134.681667,641.9088,63,,,,,,,,,Retained,,139
2024,611,1,710,37833,ILONA B,8/13/2024 12:47,9,30,710,345701,NSEI,57.335167,-134.681167,57.350167,-134.681667,641.9088,63,,,,,,,,,Retained,,143
2024,611,1,710,37833,ILONA B,8/13/2024 12:47,9,30,710,345701,NSEI,57.335167,-134.681167,57.350167,-134.681667,641.9088,64,2.8,8,,2,2,7,,,Retained,,26
2024,611,1,710,37833,ILONA B,8/13/2024 12:47,9,30,710,345701,NSEI,57.335167,-134.681167,57.350167,-134.681667,641.9088,64,2.8,10,,2,2,7,,,Retained,,100
2024,611,1,710,37833,ILONA B,8/13/2024 12:47,9,30,710,345701,NSEI,57.335167,-134.681167,57.350167,-134.681667,641.9088,64,,,,,,,,,Retained,,57
2024,611,1,710,37833,ILONA B,8/13/2024 12:47,9,30,710,345701,NSEI,57.335167,-134.681167,57.350167,-134.681667,641.9088,64,,,,,,,,,Retained,,89
2024,611,1,710,37833,ILONA B,8/13/2024 12:47,9,30,710,345701,NSEI,57.335167,-134.681167,57.350167,-134.681667,641.9088,65,2.8,9,,3,2,7,,,Retained,,60
2024,611,1,710,37833,ILONA B,8/13/2024 12:47,9,30,710,345701,NSEI,57.335167,-134.681167,57.350167,-134.681667,641.9088,65,,,,,,,,,Retained,,4
2024,611,1,710,37833,ILONA B,8/13/2024 12:47,9,30,710,345701,NSEI,57.335167,-134.681167,57.350167,-134.681667,641.9088,65,,,,,,,,,Retained,,31
2024,611,1,710,37833,ILONA B,8/13/2024 12:47,9,30,710,345701,NSEI,57.335167,-134.681167,57.350167,-134.681667,641.9088,65,,,,,,,,,Retained,,49
2024,611,1,710,37833,ILONA B,8/13/2024 12:47,9,30,710,345701,NSEI,57.335167,-134.681167,57.350167,-134.681667,641.9088,65,,,,,,,,,Retained,,66
2024,611,1,710,37833,ILONA B,8/13/2024 12:47,9,30,710,345701,NSEI,57.335167,-134.681167,57.350167,-134.681667,641.9088,65,,,,,,,,,Retained,,93
2024,611,1,710,37833,ILONA B,8/13/2024 12:47,9,30,710,345701,NSEI,57.335167,-134.681167,57.350167,-134.681667,641.9088,65,,,,,,,,,Retained,,117
2024,611,1,710,37833,ILONA B,8/13/2024 12:47,9,30,710,345701,NSEI,57.335167,-134.681167,57.350167,-134.681667,641.9088,65,,,,,,,,,Retained,,133
2024,611,1,710,37833,ILONA B,8/13/2024 12:47,9,30,710,345701,NSEI,57.335167,-134.681167,57.350167,-134.681667,641.9088,66,,,,,,,,,Retained,,13
2024,611,1,710,37833,ILONA B,8/13/2024 12:47,9,30,710,345701,NSEI,57.335167,-134.681167,57.350167,-134.681667,641.9088,66,,,,,,,,,Retained,,34
2024,611,1,710,37833,ILONA B,8/13/2024 12:47,9,30,710,345701,NSEI,57.335167,-134.681167,57.350167,-134.681667,641.9088,66,,,,,,,,,Retained,,106
2024,611,1,710,37833,ILONA B,8/13/2024 12:47,9,30,710,345701,NSEI,57.335167,-134.681167,57.350167,-134.681667,641.9088,66,,,,,,,,,Retained,,122
2024,611,1,710,37833,ILONA B,8/13/2024 12:47,9,30,710,345701,NSEI,57.335167,-134.681167,57.350167,-134.681667,641.9088,68,3.8,12,,3,2,7,,,Retained,,105
2024,611,1,710,37833,ILONA B,8/13/2024 12:47,9,30,710,345701,NSEI,57.335167,-134.681167,57.350167,-134.681667,641.9088,70,,,,,,,,,Retained,,86
2024,611,1,710,37833,ILONA B,8/13/2024 12:47,9,30,710,345701,NSEI,57.335167,-134.681167,57.350167,-134.681667,641.9088,70,,,,,,,,,Retained,,104
2024,611,1,710,37833,ILONA B,8/13/2024 12:47,9,30,710,345701,NSEI,57.335167,-134.681167,57.350167,-134.681667,641.9088,70,,,,,,,,,Retained,,118
2024,611,1,710,37833,ILONA B,8/13/2024 12:47,9,30,710,345701,NSEI,57.335167,-134.681167,57.350167,-134.681667,641.9088,71,,,,,,,,,Retained,,84
2024,611,1,710,37833,ILONA B,8/13/2024 12:47,9,30,710,345701,NSEI,57.335167,-134.681167,57.350167,-134.681667,641.9088,73,,,,,,,,,Retained,,144
2024,611,1,710,37833,ILONA B,8/13/2024 12:47,9,30,710,345701,NSEI,57.335167,-134.681167,57.350167,-134.681667,641.9088,,,,,,,,,,"Discarded, too small",,347
2024,611,1,710,37833,ILONA B,8/13/2024 12:47,9,30,710,345701,NSEI,57.335167,-134.681167,57.350167,-134.681667,641.9088,,,,,,,,,,"Discarded, too small",,594
2024,611,1,710,37833,ILONA B,8/13/2024 12:47,9,30,710,345701,NSEI,57.335167,-134.681167,57.350167,-134.681667,641.9088,,,,,,,,,,Retained,,150
2024,611,1,710,37833,ILONA B,8/13/2024 12:47,9,30,710,345701,NSEI,57.335167,-134.681167,57.350167,-134.681667,641.9088,,,,,,,,,,Retained,,151
2024,611,1,710,37833,ILONA B,8/13/2024 12:47,9,30,710,345701,NSEI,57.335167,-134.681167,57.350167,-134.681667,641.9088,,,,,,,,,,Retained,,152
2024,611,1,710,37833,ILONA B,8/13/2024 12:47,9,30,710,345701,NSEI,57.335167,-134.681167,57.350167,-134.681667,641.9088,,,,,,,,,,Retained,,153
2024,611,1,710,37833,ILONA B,8/13/2024 12:47,9,30,710,345701,NSEI,57.335167,-134.681167,57.350167,-134.681667,641.9088,,,,,,,,,,Retained,,154
2024,611,1,710,37833,ILONA B,8/13/2024 12:47,9,30,710,345701,NSEI,57.335167,-134.681167,57.350167,-134.681667,641.9088,,,,,,,,,,Retained,,155
2024,611,1,710,37833,ILONA B,8/13/2024 12:47,9,30,710,345701,NSEI,57.335167,-134.681167,57.350167,-134.681667,641.9088,,,,,,,,,,Retained,,156
2024,611,1,710,37833,ILONA B,8/13/2024 12:47,9,30,710,345701,NSEI,57.335167,-134.681167,57.350167,-134.681667,641.9088,,,,,,,,,,Retained,,157
2024,611,1,710,37833,ILONA B,8/13/2024 12:47,9,30,710,345701,NSEI,57.335167,-134.681167,57.350167,-134.681667,641.9088,,,,,,,,,,Retained,,158
2024,611,1,710,37833,ILONA B,8/13/2024 12:47,9,30,710,345701,NSEI,57.335167,-134.681167,57.350167,-134.681667,641.9088,,,,,,,,,,Retained,,159
2024,611,1,710,37833,ILONA B,8/13/2024 12:47,9,30,710,345701,NSEI,57.335167,-134.681167,57.350167,-134.681667,641.9088,,,,,,,,,,Retained,,160
2024,611,1,710,37833,ILONA B,8/13/2024 12:47,9,30,710,345701,NSEI,57.335167,-134.681167,57.350167,-134.681667,641.9088,,,,,,,,,,Retained,,161
2024,611,1,710,37833,ILONA B,8/13/2024 12:47,9,30,710,345701,NSEI,57.335167,-134.681167,57.350167,-134.681667,641.9088,,,,,,,,,,Retained,,162
2024,611,1,710,37833,ILONA B,8/13/2024 12:47,9,30,710,345701,NSEI,57.335167,-134.681167,57.350167,-134.681667,641.9088,,,,,,,,,,Retained,,163
2024,611,1,710,37833,ILONA B,8/13/2024 12:47,9,30,710,345701,NSEI,57.335167,-134.681167,57.350167,-134.681667,641.9088,,,,,,,,,,Retained,,164
2024,611,1,710,37833,ILONA B,8/13/2024 12:47,9,30,710,345701,NSEI,57.335167,-134.681167,57.350167,-134.681667,641.9088,,,,,,,,,,Retained,,165
2024,611,1,710,37833,ILONA B,8/13/2024 12:47,9,30,710,345701,NSEI,57.335167,-134.681167,57.350167,-134.681667,641.9088,,,,,,,,,,Retained,,166
2024,611,1,710,37833,ILONA B,8/13/2024 12:47,9,30,710,345701,NSEI,57.335167,-134.681167,57.350167,-134.681667,641.9088,,,,,,,,,,Retained,,167
2024,611,1,710,37833,ILONA B,8/13/2024 12:47,9,30,710,345701,NSEI,57.335167,-134.681167,57.350167,-134.681667,641.9088,,,,,,,,,,Retained,,168
2024,611,1,710,37833,ILONA B,8/13/2024 12:47,9,30,710,345701,NSEI,57.335167,-134.681167,57.350167,-134.681667,641.9088,,,,,,,,,,Retained,,169
2024,611,1,710,37833,ILONA B,8/13/2024 12:47,9,30,710,345701,NSEI,57.335167,-134.681167,57.350167,-134.681667,641.9088,,,,,,,,,,Retained,,170
2024,611,1,710,37833,ILONA B,8/13/2024 12:47,9,30,710,345701,NSEI,57.335167,-134.681167,57.350167,-134.681667,641.9088,,,,,,,,,,Retained,,171
2024,611,1,710,37833,ILONA B,8/13/2024 12:47,9,30,710,345701,NSEI,57.335167,-134.681167,57.350167,-134.681667,641.9088,,,,,,,,,,Retained,,172
2024,611,1,710,37833,ILONA B,8/13/2024 12:47,9,30,710,345701,NSEI,57.335167,-134.681167,57.350167,-134.681667,641.9088,,,,,,,,,,Retained,,173
2024,611,1,710,37833,ILONA B,8/13/2024 12:47,9,30,710,345701,NSEI,57.335167,-134.681167,57.350167,-134.681667,641.9088,,,,,,,,,,Retained,,174
2024,611,1,710,37833,ILONA B,8/13/2024 12:47,9,30,710,345701,NSEI,57.335167,-134.681167,57.350167,-134.681667,641.9088,,,,,,,,,,Retained,,175
2024,611,1,710,37833,ILONA B,8/13/2024 12:47,9,30,710,345701,NSEI,57.335167,-134.681167,57.350167,-134.681667,641.9088,,,,,,,,,,Retained,,176
2024,611,1,710,37833,ILONA B,8/13/2024 12:47,9,30,710,345701,NSEI,57.335167,-134.681167,57.350167,-134.681667,641.9088,,,,,,,,,,Retained,,177
2024,611,1,710,37833,ILONA B,8/13/2024 12:47,9,30,710,345701,NSEI,57.335167,-134.681167,57.350167,-134.681667,641.9088,,,,,,,,,,Retained,,178
2024,611,1,710,37833,ILONA B,8/13/2024 12:47,9,30,710,345701,NSEI,57.335167,-134.681167,57.350167,-134.681667,641.9088,,,,,,,,,,Retained,,179
2024,611,1,710,37833,ILONA B,8/13/2024 12:47,9,30,710,345701,NSEI,57.335167,-134.681167,57.350167,-134.681667,641.9088,,,,,,,,,,Retained,,180
2024,611,1,710,37833,ILONA B,8/13/2024 12:47,9,30,710,345701,NSEI,57.335167,-134.681167,57.350167,-134.681667,641.9088,,,,,,,,,,Retained,,181
2024,611,1,710,37833,ILONA B,8/13/2024 12:47,9,30,710,345701,NSEI,57.335167,-134.681167,57.350167,-134.681667,641.9088,,,,,,,,,,Retained,,182
2024,611,1,710,37833,ILONA B,8/13/2024 12:47,9,30,710,345701,NSEI,57.335167,-134.681167,57.350167,-134.681667,641.9088,,,,,,,,,,Retained,,183
2024,611,1,710,37833,ILONA B,8/13/2024 12:47,9,30,710,345701,NSEI,57.335167,-134.681167,57.350167,-134.681667,641.9088,,,,,,,,,,Retained,,184
2024,611,1,710,37833,ILONA B,8/13/2024 12:47,9,30,710,345701,NSEI,57.335167,-134.681167,57.350167,-134.681667,641.9088,,,,,,,,,,Retained,,185
2024,611,1,710,37833,ILONA B,8/13/2024 12:47,9,30,710,345701,NSEI,57.335167,-134.681167,57.350167,-134.681667,641.9088,,,,,,,,,,Retained,,186
2024,611,1,710,37833,ILONA B,8/13/2024 12:47,9,30,710,345701,NSEI,57.335167,-134.681167,57.350167,-134.681667,641.9088,,,,,,,,,,Retained,,187
2024,611,1,710,37833,ILONA B,8/13/2024 12:47,9,30,710,345701,NSEI,57.335167,-134.681167,57.350167,-134.681667,641.9088,,,,,,,,,,Retained,,188
2024,611,1,710,37833,ILONA B,8/13/2024 12:47,9,30,710,345701,NSEI,57.335167,-134.681167,57.350167,-134.681667,641.9088,,,,,,,,,,Retained,,189
2024,611,1,710,37833,ILONA B,8/13/2024 12:47,9,30,710,345701,NSEI,57.335167,-134.681167,57.350167,-134.681667,641.9088,,,,,,,,,,Retained,,190
2024,611,1,710,37833,ILONA B,8/13/2024 12:47,9,30,710,345701,NSEI,57.335167,-134.681167,57.350167,-134.681667,641.9088,,,,,,,,,,Retained,,191
2024,611,1,710,37833,ILONA B,8/13/2024 12:47,9,30,710,345701,NSEI,57.335167,-134.681167,57.350167,-134.681667,641.9088,,,,,,,,,,Retained,,192
2024,611,1,710,37833,ILONA B,8/13/2024 12:47,9,30,710,345701,NSEI,57.335167,-134.681167,57.350167,-134.681667,641.9088,,,,,,,,,,Retained,,193
2024,611,1,710,37833,ILONA B,8/13/2024 12:47,9,30,710,345701,NSEI,57.335167,-134.681167,57.350167,-134.681667,641.9088,,,,,,,,,,Retained,,194
2024,611,1,710,37833,ILONA B,8/13/2024 12:47,9,30,710,345701,NSEI,57.335167,-134.681167,57.350167,-134.681667,641.9088,,,,,,,,,,Retained,,195
2024,611,1,710,37833,ILONA B,8/13/2024 12:47,9,30,710,345701,NSEI,57.335167,-134.681167,57.350167,-134.681667,641.9088,,,,,,,,,,Retained,,196
2024,611,1,710,37833,ILONA B,8/13/2024 12:47,9,30,710,345701,NSEI,57.335167,-134.681167,57.350167,-134.681667,641.9088,,,,,,,,,,Retained,,197
2024,611,1,710,37833,ILONA B,8/13/2024 12:47,9,30,710,345701,NSEI,57.335167,-134.681167,57.350167,-134.681667,641.9088,,,,,,,,,,Retained,,198
2024,611,1,710,37833,ILONA B,8/13/2024 12:47,9,30,710,345701,NSEI,57.335167,-134.681167,57.350167,-134.681667,641.9088,,,,,,,,,,Retained,,199
2024,611,1,710,37833,ILONA B,8/13/2024 12:47,9,30,710,345701,NSEI,57.335167,-134.681167,57.350167,-134.681667,641.9088,,,,,,,,,,Retained,,200
2024,611,1,710,37833,ILONA B,8/13/2024 12:47,9,30,710,345701,NSEI,57.335167,-134.681167,57.350167,-134.681667,641.9088,,,,,,,,,,Retained,,201
2024,611,1,710,37833,ILONA B,8/13/2024 12:47,9,30,710,345701,NSEI,57.335167,-134.681167,57.350167,-134.681667,641.9088,,,,,,,,,,Retained,,202
2024,611,1,710,37833,ILONA B,8/13/2024 12:47,9,30,710,345701,NSEI,57.335167,-134.681167,57.350167,-134.681667,641.9088,,,,,,,,,,Retained,,203
2024,611,1,710,37833,ILONA B,8/13/2024 12:47,9,30,710,345701,NSEI,57.335167,-134.681167,57.350167,-134.681667,641.9088,,,,,,,,,,Retained,,204
2024,611,1,710,37833,ILONA B,8/13/2024 12:47,9,30,710,345701,NSEI,57.335167,-134.681167,57.350167,-134.681667,641.9088,,,,,,,,,,Retained,,205
2024,611,1,710,37833,ILONA B,8/13/2024 12:47,9,30,710,345701,NSEI,57.335167,-134.681167,57.350167,-134.681667,641.9088,,,,,,,,,,Retained,,206
2024,611,1,710,37833,ILONA B,8/13/2024 12:47,9,30,710,345701,NSEI,57.335167,-134.681167,57.350167,-134.681667,641.9088,,,,,,,,,,Retained,,207
2024,611,1,710,37833,ILONA B,8/13/2024 12:47,9,30,710,345701,NSEI,57.335167,-134.681167,57.350167,-134.681667,641.9088,,,,,,,,,,Retained,,208
2024,611,1,710,37833,ILONA B,8/13/2024 12:47,9,30,710,345701,NSEI,57.335167,-134.681167,57.350167,-134.681667,641.9088,,,,,,,,,,Retained,,209
2024,611,1,710,37833,ILONA B,8/13/2024 12:47,9,30,710,345701,NSEI,57.335167,-134.681167,57.350167,-134.681667,641.9088,,,,,,,,,,Retained,,210
2024,611,1,710,37833,ILONA B,8/13/2024 12:47,9,30,710,345701,NSEI,57.335167,-134.681167,57.350167,-134.681667,641.9088,,,,,,,,,,Retained,,211
2024,611,1,710,37833,ILONA B,8/13/2024 12:47,9,30,710,345701,NSEI,57.335167,-134.681167,57.350167,-134.681667,641.9088,,,,,,,,,,Retained,,212
2024,611,1,710,37833,ILONA B,8/13/2024 12:47,9,30,710,345701,NSEI,57.335167,-134.681167,57.350167,-134.681667,641.9088,,,,,,,,,,Retained,,213
2024,611,1,710,37833,ILONA B,8/13/2024 12:47,9,30,710,345701,NSEI,57.335167,-134.681167,57.350167,-134.681667,641.9088,,,,,,,,,,Retained,,214
2024,611,1,710,37833,ILONA B,8/13/2024 12:47,9,30,710,345701,NSEI,57.335167,-134.681167,57.350167,-134.681667,641.9088,,,,,,,,,,Retained,,215
2024,611,1,710,37833,ILONA B,8/13/2024 12:47,9,30,710,345701,NSEI,57.335167,-134.681167,57.350167,-134.681667,641.9088,,,,,,,,,,Retained,,216
2024,611,1,710,37833,ILONA B,8/13/2024 12:47,9,30,710,345701,NSEI,57.335167,-134.681167,57.350167,-134.681667,641.9088,,,,,,,,,,Retained,,217
2024,611,1,710,37833,ILONA B,8/13/2024 12:47,9,30,710,345701,NSEI,57.335167,-134.681167,57.350167,-134.681667,641.9088,,,,,,,,,,Retained,,218
2024,611,1,710,37833,ILONA B,8/13/2024 12:47,9,30,710,345701,NSEI,57.335167,-134.681167,57.350167,-134.681667,641.9088,,,,,,,,,,Retained,,219
2024,611,1,710,37833,ILONA B,8/13/2024 12:47,9,30,710,345701,NSEI,57.335167,-134.681167,57.350167,-134.681667,641.9088,,,,,,,,,,Retained,,220
2024,611,1,710,37833,ILONA B,8/13/2024 12:47,9,30,710,345701,NSEI,57.335167,-134.681167,57.350167,-134.681667,641.9088,,,,,,,,,,Retained,,221
2024,611,1,710,37833,ILONA B,8/13/2024 12:47,9,30,710,345701,NSEI,57.335167,-134.681167,57.350167,-134.681667,641.9088,,,,,,,,,,Retained,,222
2024,611,1,710,37833,ILONA B,8/13/2024 12:47,9,30,710,345701,NSEI,57.335167,-134.681167,57.350167,-134.681667,641.9088,,,,,,,,,,Retained,,223
2024,611,1,710,37833,ILONA B,8/13/2024 12:47,9,30,710,345701,NSEI,57.335167,-134.681167,57.350167,-134.681667,641.9088,,,,,,,,,,Retained,,224
2024,611,1,710,37833,ILONA B,8/13/2024 12:47,9,30,710,345701,NSEI,57.335167,-134.681167,57.350167,-134.681667,641.9088,,,,,,,,,,Retained,,225
2024,611,1,710,37833,ILONA B,8/13/2024 12:47,9,30,710,345701,NSEI,57.335167,-134.681167,57.350167,-134.681667,641.9088,,,,,,,,,,Retained,,226
2024,611,1,710,37833,ILONA B,8/13/2024 12:47,9,30,710,345701,NSEI,57.335167,-134.681167,57.350167,-134.681667,641.9088,,,,,,,,,,Retained,,227
2024,611,1,710,37833,ILONA B,8/13/2024 12:47,9,30,710,345701,NSEI,57.335167,-134.681167,57.350167,-134.681667,641.9088,,,,,,,,,,Retained,,228
2024,611,1,710,37833,ILONA B,8/13/2024 12:47,9,30,710,345701,NSEI,57.335167,-134.681167,57.350167,-134.681667,641.9088,,,,,,,,,,Retained,,229
2024,611,1,710,37833,ILONA B,8/13/2024 12:47,9,30,710,345701,NSEI,57.335167,-134.681167,57.350167,-134.681667,641.9088,,,,,,,,,,Retained,,230
2024,611,1,710,37833,ILONA B,8/13/2024 12:47,9,30,710,345701,NSEI,57.335167,-134.681167,57.350167,-134.681667,641.9088,,,,,,,,,,Retained,,231
2024,611,1,710,37833,ILONA B,8/13/2024 12:47,9,30,710,345701,NSEI,57.335167,-134.681167,57.350167,-134.681667,641.9088,,,,,,,,,,Retained,,232
2024,611,1,710,37833,ILONA B,8/13/2024 12:47,9,30,710,345701,NSEI,57.335167,-134.681167,57.350167,-134.681667,641.9088,,,,,,,,,,Retained,,233
2024,611,1,710,37833,ILONA B,8/13/2024 12:47,9,30,710,345701,NSEI,57.335167,-134.681167,57.350167,-134.681667,641.9088,,,,,,,,,,Retained,,234
2024,611,1,710,37833,ILONA B,8/13/2024 12:47,9,30,710,345701,NSEI,57.335167,-134.681167,57.350167,-134.681667,641.9088,,,,,,,,,,Retained,,235
2024,611,1,710,37833,ILONA B,8/13/2024 12:47,9,30,710,345701,NSEI,57.335167,-134.681167,57.350167,-134.681667,641.9088,,,,,,,,,,Retained,,236
2024,611,1,710,37833,ILONA B,8/13/2024 12:47,9,30,710,345701,NSEI,57.335167,-134.681167,57.350167,-134.681667,641.9088,,,,,,,,,,Retained,,237
2024,611,1,710,37833,ILONA B,8/13/2024 12:47,9,30,710,345701,NSEI,57.335167,-134.681167,57.350167,-134.681667,641.9088,,,,,,,,,,Retained,,238
2024,611,1,710,37833,ILONA B,8/13/2024 12:47,9,30,710,345701,NSEI,57.335167,-134.681167,57.350167,-134.681667,641.9088,,,,,,,,,,Retained,,239
2024,611,1,710,37833,ILONA B,8/13/2024 12:47,9,30,710,345701,NSEI,57.335167,-134.681167,57.350167,-134.681667,641.9088,,,,,,,,,,Retained,,240
2024,611,1,710,37833,ILONA B,8/13/2024 12:47,9,30,710,345701,NSEI,57.335167,-134.681167,57.350167,-134.681667,641.9088,,,,,,,,,,Retained,,241
2024,611,1,710,37833,ILONA B,8/13/2024 12:47,9,30,710,345701,NSEI,57.335167,-134.681167,57.350167,-134.681667,641.9088,,,,,,,,,,Retained,,242
2024,611,1,710,37833,ILONA B,8/13/2024 12:47,9,30,710,345701,NSEI,57.335167,-134.681167,57.350167,-134.681667,641.9088,,,,,,,,,,Retained,,243
2024,611,1,710,37833,ILONA B,8/13/2024 12:47,9,30,710,345701,NSEI,57.335167,-134.681167,57.350167,-134.681667,641.9088,,,,,,,,,,Retained,,244
2024,611,1,710,37833,ILONA B,8/13/2024 12:47,9,30,710,345701,NSEI,57.335167,-134.681167,57.350167,-134.681667,641.9088,,,,,,,,,,Retained,,245
2024,611,1,710,37833,ILONA B,8/13/2024 12:47,9,30,710,345701,NSEI,57.335167,-134.681167,57.350167,-134.681667,641.9088,,,,,,,,,,Retained,,246
2024,611,1,710,37833,ILONA B,8/13/2024 12:47,9,30,710,345701,NSEI,57.335167,-134.681167,57.350167,-134.681667,641.9088,,,,,,,,,,Retained,,247
2024,611,1,710,37833,ILONA B,8/13/2024 12:47,9,30,710,345701,NSEI,57.335167,-134.681167,57.350167,-134.681667,641.9088,,,,,,,,,,Retained,,248
2024,611,1,710,37833,ILONA B,8/13/2024 12:47,9,30,710,345701,NSEI,57.335167,-134.681167,57.350167,-134.681667,641.9088,,,,,,,,,,Retained,,249
2024,611,1,710,37833,ILONA B,8/13/2024 12:47,9,30,710,345701,NSEI,57.335167,-134.681167,57.350167,-134.681667,641.9088,,,,,,,,,,Retained,,250
2024,611,1,710,37833,ILONA B,8/13/2024 12:47,9,30,710,345701,NSEI,57.335167,-134.681167,57.350167,-134.681667,641.9088,,,,,,,,,,Retained,,251
2024,611,1,710,37833,ILONA B,8/13/2024 12:47,9,30,710,345701,NSEI,57.335167,-134.681167,57.350167,-134.681667,641.9088,,,,,,,,,,Retained,,252
2024,611,1,710,37833,ILONA B,8/13/2024 12:47,9,30,710,345701,NSEI,57.335167,-134.681167,57.350167,-134.681667,641.9088,,,,,,,,,,Retained,,253
2024,611,1,710,37833,ILONA B,8/13/2024 12:47,9,30,710,345701,NSEI,57.335167,-134.681167,57.350167,-134.681667,641.9088,,,,,,,,,,Retained,,254
2024,611,1,710,37833,ILONA B,8/13/2024 12:47,9,30,710,345701,NSEI,57.335167,-134.681167,57.350167,-134.681667,641.9088,,,,,,,,,,Retained,,255
2024,611,1,710,37833,ILONA B,8/13/2024 12:47,9,30,710,345701,NSEI,57.335167,-134.681167,57.350167,-134.681667,641.9088,,,,,,,,,,Retained,,256
2024,611,1,710,37833,ILONA B,8/13/2024 12:47,9,30,710,345701,NSEI,57.335167,-134.681167,57.350167,-134.681667,641.9088,,,,,,,,,,Retained,,257
2024,611,1,710,37833,ILONA B,8/13/2024 12:47,9,30,710,345701,NSEI,57.335167,-134.681167,57.350167,-134.681667,641.9088,,,,,,,,,,Retained,,258
2024,611,1,710,37833,ILONA B,8/13/2024 12:47,9,30,710,345701,NSEI,57.335167,-134.681167,57.350167,-134.681667,641.9088,,,,,,,,,,Retained,,259
2024,611,1,710,37833,ILONA B,8/13/2024 12:47,9,30,710,345701,NSEI,57.335167,-134.681167,57.350167,-134.681667,641.9088,,,,,,,,,,Retained,,260
2024,611,1,710,37833,ILONA B,8/13/2024 12:47,9,30,710,345701,NSEI,57.335167,-134.681167,57.350167,-134.681667,641.9088,,,,,,,,,,Retained,,261
2024,611,1,710,37833,ILONA B,8/13/2024 12:47,9,30,710,345701,NSEI,57.335167,-134.681167,57.350167,-134.681667,641.9088,,,,,,,,,,Retained,,262
2024,611,1,710,37833,ILONA B,8/13/2024 12:47,9,30,710,345701,NSEI,57.335167,-134.681167,57.350167,-134.681667,641.9088,,,,,,,,,,Retained,,263
2024,611,1,710,37833,ILONA B,8/13/2024 12:47,9,30,710,345701,NSEI,57.335167,-134.681167,57.350167,-134.681667,641.9088,,,,,,,,,,Retained,,264
2024,611,1,710,37833,ILONA B,8/13/2024 12:47,9,30,710,345701,NSEI,57.335167,-134.681167,57.350167,-134.681667,641.9088,,,,,,,,,,Retained,,265
2024,611,1,710,37833,ILONA B,8/13/2024 12:47,9,30,710,345701,NSEI,57.335167,-134.681167,57.350167,-134.681667,641.9088,,,,,,,,,,Retained,,266
2024,611,1,710,37833,ILONA B,8/13/2024 12:47,9,30,710,345701,NSEI,57.335167,-134.681167,57.350167,-134.681667,641.9088,,,,,,,,,,Retained,,267
2024,611,1,710,37833,ILONA B,8/13/2024 12:47,9,30,710,345701,NSEI,57.335167,-134.681167,57.350167,-134.681667,641.9088,,,,,,,,,,Retained,,268
2024,611,1,710,37833,ILONA B,8/13/2024 12:47,9,30,710,345701,NSEI,57.335167,-134.681167,57.350167,-134.681667,641.9088,,,,,,,,,,Retained,,269
2024,611,1,710,37833,ILONA B,8/13/2024 12:47,9,30,710,345701,NSEI,57.335167,-134.681167,57.350167,-134.681667,641.9088,,,,,,,,,,Retained,,270
2024,611,1,710,37833,ILONA B,8/13/2024 12:47,9,30,710,345701,NSEI,57.335167,-134.681167,57.350167,-134.681667,641.9088,,,,,,,,,,Retained,,271
2024,611,1,710,37833,ILONA B,8/13/2024 12:47,9,30,710,345701,NSEI,57.335167,-134.681167,57.350167,-134.681667,641.9088,,,,,,,,,,Retained,,272
2024,611,1,710,37833,ILONA B,8/13/2024 12:47,9,30,710,345701,NSEI,57.335167,-134.681167,57.350167,-134.681667,641.9088,,,,,,,,,,Retained,,273
2024,611,1,710,37833,ILONA B,8/13/2024 12:47,9,30,710,345701,NSEI,57.335167,-134.681167,57.350167,-134.681667,641.9088,,,,,,,,,,Retained,,274
2024,611,1,710,37833,ILONA B,8/13/2024 12:47,9,30,710,345701,NSEI,57.335167,-134.681167,57.350167,-134.681667,641.9088,,,,,,,,,,Retained,,275
2024,611,1,710,37833,ILONA B,8/13/2024 12:47,9,30,710,345701,NSEI,57.335167,-134.681167,57.350167,-134.681667,641.9088,,,,,,,,,,Retained,,276
2024,611,1,710,37833,ILONA B,8/13/2024 12:47,9,30,710,345701,NSEI,57.335167,-134.681167,57.350167,-134.681667,641.9088,,,,,,,,,,Retained,,277
2024,611,1,710,37833,ILONA B,8/13/2024 12:47,9,30,710,345701,NSEI,57.335167,-134.681167,57.350167,-134.681667,641.9088,,,,,,,,,,Retained,,278
2024,611,1,710,37833,ILONA B,8/13/2024 12:47,9,30,710,345701,NSEI,57.335167,-134.681167,57.350167,-134.681667,641.9088,,,,,,,,,,Retained,,279
2024,611,1,710,37833,ILONA B,8/13/2024 12:47,9,30,710,345701,NSEI,57.335167,-134.681167,57.350167,-134.681667,641.9088,,,,,,,,,,Retained,,280
2024,611,1,710,37833,ILONA B,8/13/2024 12:47,9,30,710,345701,NSEI,57.335167,-134.681167,57.350167,-134.681667,641.9088,,,,,,,,,,Retained,,281
2024,611,1,710,37833,ILONA B,8/13/2024 12:47,9,30,710,345701,NSEI,57.335167,-134.681167,57.350167,-134.681667,641.9088,,,,,,,,,,Retained,,282
2024,611,1,710,37833,ILONA B,8/13/2024 12:47,9,30,710,345701,NSEI,57.335167,-134.681167,57.350167,-134.681667,641.9088,,,,,,,,,,Retained,,283
2024,611,1,710,37833,ILONA B,8/13/2024 12:47,9,30,710,345701,NSEI,57.335167,-134.681167,57.350167,-134.681667,641.9088,,,,,,,,,,Retained,,284
2024,611,1,710,37833,ILONA B,8/13/2024 12:47,9,30,710,345701,NSEI,57.335167,-134.681167,57.350167,-134.681667,641.9088,,,,,,,,,,Retained,,285
2024,611,1,710,37833,ILONA B,8/13/2024 12:47,9,30,710,345701,NSEI,57.335167,-134.681167,57.350167,-134.681667,641.9088,,,,,,,,,,Retained,,286
2024,611,1,710,37833,ILONA B,8/13/2024 12:47,9,30,710,345701,NSEI,57.335167,-134.681167,57.350167,-134.681667,641.9088,,,,,,,,,,Retained,,287
2024,611,1,710,37833,ILONA B,8/13/2024 12:47,9,30,710,345701,NSEI,57.335167,-134.681167,57.350167,-134.681667,641.9088,,,,,,,,,,Retained,,288
2024,611,1,710,37833,ILONA B,8/13/2024 12:47,9,30,710,345701,NSEI,57.335167,-134.681167,57.350167,-134.681667,641.9088,,,,,,,,,,Retained,,289
2024,611,1,710,37833,ILONA B,8/13/2024 12:47,9,30,710,345701,NSEI,57.335167,-134.681167,57.350167,-134.681667,641.9088,,,,,,,,,,Retained,,290
2024,611,1,710,37833,ILONA B,8/13/2024 12:47,9,30,710,345701,NSEI,57.335167,-134.681167,57.350167,-134.681667,641.9088,,,,,,,,,,Retained,,291
2024,611,1,710,37833,ILONA B,8/13/2024 12:47,9,30,710,345701,NSEI,57.335167,-134.681167,57.350167,-134.681667,641.9088,,,,,,,,,,Retained,,292
2024,611,1,710,37833,ILONA B,8/13/2024 12:47,9,30,710,345701,NSEI,57.335167,-134.681167,57.350167,-134.681667,641.9088,,,,,,,,,,Retained,,293
2024,611,1,710,37833,ILONA B,8/13/2024 12:47,9,30,710,345701,NSEI,57.335167,-134.681167,57.350167,-134.681667,641.9088,,,,,,,,,,Retained,,294
2024,611,1,710,37833,ILONA B,8/13/2024 12:47,9,30,710,345701,NSEI,57.335167,-134.681167,57.350167,-134.681667,641.9088,,,,,,,,,,Retained,,295
2024,611,1,710,37833,ILONA B,8/13/2024 12:47,9,30,710,345701,NSEI,57.335167,-134.681167,57.350167,-134.681667,641.9088,,,,,,,,,,Retained,,296
2024,611,1,710,37833,ILONA B,8/13/2024 12:47,9,30,710,345701,NSEI,57.335167,-134.681167,57.350167,-134.681667,641.9088,,,,,,,,,,Retained,,297
2024,611,1,710,37833,ILONA B,8/13/2024 12:47,9,30,710,345701,NSEI,57.335167,-134.681167,57.350167,-134.681667,641.9088,,,,,,,,,,Retained,,298
2024,611,1,710,37833,ILONA B,8/13/2024 12:47,9,30,710,345701,NSEI,57.335167,-134.681167,57.350167,-134.681667,641.9088,,,,,,,,,,Retained,,299
2024,611,1,710,37833,ILONA B,8/13/2024 12:47,9,30,710,345701,NSEI,57.335167,-134.681167,57.350167,-134.681667,641.9088,,,,,,,,,,Retained,,300
2024,611,1,710,37833,ILONA B,8/13/2024 12:47,9,30,710,345701,NSEI,57.335167,-134.681167,57.350167,-134.681667,641.9088,,,,,,,,,,Retained,,301
2024,611,1,710,37833,ILONA B,8/13/2024 12:47,9,30,710,345701,NSEI,57.335167,-134.681167,57.350167,-134.681667,641.9088,,,,,,,,,,Retained,,302
2024,611,1,710,37833,ILONA B,8/13/2024 12:47,9,30,710,345701,NSEI,57.335167,-134.681167,57.350167,-134.681667,641.9088,,,,,,,,,,Retained,,303
2024,611,1,710,37833,ILONA B,8/13/2024 12:47,9,30,710,345701,NSEI,57.335167,-134.681167,57.350167,-134.681667,641.9088,,,,,,,,,,Retained,,304
2024,611,1,710,37833,ILONA B,8/13/2024 12:47,9,30,710,345701,NSEI,57.335167,-134.681167,57.350167,-134.681667,641.9088,,,,,,,,,,Retained,,305
2024,611,1,710,37833,ILONA B,8/13/2024 12:47,9,30,710,345701,NSEI,57.335167,-134.681167,57.350167,-134.681667,641.9088,,,,,,,,,,Retained,,306
2024,611,1,710,37833,ILONA B,8/13/2024 12:47,9,30,710,345701,NSEI,57.335167,-134.681167,57.350167,-134.681667,641.9088,,,,,,,,,,Retained,,307
2024,611,1,710,37833,ILONA B,8/13/2024 12:47,9,30,710,345701,NSEI,57.335167,-134.681167,57.350167,-134.681667,641.9088,,,,,,,,,,Retained,,308
2024,611,1,710,37833,ILONA B,8/13/2024 12:47,9,30,710,345701,NSEI,57.335167,-134.681167,57.350167,-134.681667,641.9088,,,,,,,,,,Retained,,309
2024,611,1,710,37833,ILONA B,8/13/2024 12:47,9,30,710,345701,NSEI,57.335167,-134.681167,57.350167,-134.681667,641.9088,,,,,,,,,,Retained,,310
2024,611,1,710,37833,ILONA B,8/13/2024 12:47,9,30,710,345701,NSEI,57.335167,-134.681167,57.350167,-134.681667,641.9088,,,,,,,,,,Retained,,311
2024,611,1,710,37833,ILONA B,8/13/2024 12:47,9,30,710,345701,NSEI,57.335167,-134.681167,57.350167,-134.681667,641.9088,,,,,,,,,,Retained,,312
2024,611,1,710,37833,ILONA B,8/13/2024 12:47,9,30,710,345701,NSEI,57.335167,-134.681167,57.350167,-134.681667,641.9088,,,,,,,,,,Retained,,313
2024,611,1,710,37833,ILONA B,8/13/2024 12:47,9,30,710,345701,NSEI,57.335167,-134.681167,57.350167,-134.681667,641.9088,,,,,,,,,,Retained,,314
2024,611,1,710,37833,ILONA B,8/13/2024 12:47,9,30,710,345701,NSEI,57.335167,-134.681167,57.350167,-134.681667,641.9088,,,,,,,,,,Retained,,315
2024,611,1,710,37833,ILONA B,8/13/2024 12:47,9,30,710,345701,NSEI,57.335167,-134.681167,57.350167,-134.681667,641.9088,,,,,,,,,,Retained,,316
2024,611,1,710,37833,ILONA B,8/13/2024 12:47,9,30,710,345701,NSEI,57.335167,-134.681167,57.350167,-134.681667,641.9088,,,,,,,,,,Retained,,317
2024,611,1,710,37833,ILONA B,8/13/2024 12:47,9,30,710,345701,NSEI,57.335167,-134.681167,57.350167,-134.681667,641.9088,,,,,,,,,,Retained,,318
2024,611,1,710,37833,ILONA B,8/13/2024 12:47,9,30,710,345701,NSEI,57.335167,-134.681167,57.350167,-134.681667,641.9088,,,,,,,,,,Retained,,319
2024,611,1,710,37833,ILONA B,8/13/2024 12:47,9,30,710,345701,NSEI,57.335167,-134.681167,57.350167,-134.681667,641.9088,,,,,,,,,,Retained,,320
2024,611,1,710,37833,ILONA B,8/13/2024 12:47,9,30,710,345701,NSEI,57.335167,-134.681167,57.350167,-134.681667,641.9088,,,,,,,,,,Retained,,321
2024,611,1,710,37833,ILONA B,8/13/2024 12:47,9,30,710,345701,NSEI,57.335167,-134.681167,57.350167,-134.681667,641.9088,,,,,,,,,,Retained,,322
2024,611,1,710,37833,ILONA B,8/13/2024 12:47,9,30,710,345701,NSEI,57.335167,-134.681167,57.350167,-134.681667,641.9088,,,,,,,,,,Retained,,323
2024,611,1,710,37833,ILONA B,8/13/2024 12:47,9,30,710,345701,NSEI,57.335167,-134.681167,57.350167,-134.681667,641.9088,,,,,,,,,,Retained,,324
2024,611,1,710,37833,ILONA B,8/13/2024 12:47,9,30,710,345701,NSEI,57.335167,-134.681167,57.350167,-134.681667,641.9088,,,,,,,,,,Retained,,325
2024,611,1,710,37833,ILONA B,8/13/2024 12:47,9,30,710,345701,NSEI,57.335167,-134.681167,57.350167,-134.681667,641.9088,,,,,,,,,,Retained,,326
2024,611,1,710,37833,ILONA B,8/13/2024 12:47,9,30,710,345701,NSEI,57.335167,-134.681167,57.350167,-134.681667,641.9088,,,,,,,,,,Retained,,327
2024,611,1,710,37833,ILONA B,8/13/2024 12:47,9,30,710,345701,NSEI,57.335167,-134.681167,57.350167,-134.681667,641.9088,,,,,,,,,,Retained,,328
2024,611,1,710,37833,ILONA B,8/13/2024 12:47,9,30,710,345701,NSEI,57.335167,-134.681167,57.350167,-134.681667,641.9088,,,,,,,,,,Retained,,329
2024,611,1,710,37833,ILONA B,8/13/2024 12:47,9,30,710,345701,NSEI,57.335167,-134.681167,57.350167,-134.681667,641.9088,,,,,,,,,,Retained,,330
2024,611,1,710,37833,ILONA B,8/13/2024 12:47,9,30,710,345701,NSEI,57.335167,-134.681167,57.350167,-134.681667,641.9088,,,,,,,,,,Retained,,331
2024,611,1,710,37833,ILONA B,8/13/2024 12:47,9,30,710,345701,NSEI,57.335167,-134.681167,57.350167,-134.681667,641.9088,,,,,,,,,,Retained,,332
2024,611,1,710,37833,ILONA B,8/13/2024 12:47,9,30,710,345701,NSEI,57.335167,-134.681167,57.350167,-134.681667,641.9088,,,,,,,,,,Retained,,333
2024,611,1,710,37833,ILONA B,8/13/2024 12:47,9,30,710,345701,NSEI,57.335167,-134.681167,57.350167,-134.681667,641.9088,,,,,,,,,,Retained,,334
2024,611,1,710,37833,ILONA B,8/13/2024 12:47,9,30,710,345701,NSEI,57.335167,-134.681167,57.350167,-134.681667,641.9088,,,,,,,,,,Retained,,335
2024,611,1,710,37833,ILONA B,8/13/2024 12:47,9,30,710,345701,NSEI,57.335167,-134.681167,57.350167,-134.681667,641.9088,,,,,,,,,,Retained,,336
2024,611,1,710,37833,ILONA B,8/13/2024 12:47,9,30,710,345701,NSEI,57.335167,-134.681167,57.350167,-134.681667,641.9088,,,,,,,,,,Retained,,337
2024,611,1,710,37833,ILONA B,8/13/2024 12:47,9,30,710,345701,NSEI,57.335167,-134.681167,57.350167,-134.681667,641.9088,,,,,,,,,,Retained,,338
2024,611,1,710,37833,ILONA B,8/13/2024 12:47,9,30,710,345701,NSEI,57.335167,-134.681167,57.350167,-134.681667,641.9088,,,,,,,,,,Retained,,339
2024,611,1,710,37833,ILONA B,8/13/2024 12:47,9,30,710,345701,NSEI,57.335167,-134.681167,57.350167,-134.681667,641.9088,,,,,,,,,,Retained,,340
2024,611,1,710,37833,ILONA B,8/13/2024 12:47,9,30,710,345701,NSEI,57.335167,-134.681167,57.350167,-134.681667,641.9088,,,,,,,,,,Retained,,341
2024,611,1,710,37833,ILONA B,8/13/2024 12:47,9,30,710,345701,NSEI,57.335167,-134.681167,57.350167,-134.681667,641.9088,,,,,,,,,,Retained,,342
2024,611,1,710,37833,ILONA B,8/13/2024 12:47,9,30,710,345701,NSEI,57.335167,-134.681167,57.350167,-134.681667,641.9088,,,,,,,,,,Retained,,343
2024,611,1,710,37833,ILONA B,8/13/2024 12:47,9,30,710,345701,NSEI,57.335167,-134.681167,57.350167,-134.681667,641.9088,,,,,,,,,,Retained,,344
2024,611,1,710,37833,ILONA B,8/13/2024 12:47,9,30,710,345701,NSEI,57.335167,-134.681167,57.350167,-134.681667,641.9088,,,,,,,,,,Retained,,345
2024,611,1,710,37833,ILONA B,8/13/2024 12:47,9,30,710,345701,NSEI,57.335167,-134.681167,57.350167,-134.681667,641.9088,,,,,,,,,,Retained,,346
2024,611,1,710,37833,ILONA B,8/13/2024 12:47,9,30,710,345701,NSEI,57.335167,-134.681167,57.350167,-134.681667,641.9088,,,,,,,,,,Retained,,348
2024,611,1,710,37833,ILONA B,8/13/2024 12:47,9,30,710,345701,NSEI,57.335167,-134.681167,57.350167,-134.681667,641.9088,,,,,,,,,,Retained,,349
2024,611,1,710,37833,ILONA B,8/13/2024 12:47,9,30,710,345701,NSEI,57.335167,-134.681167,57.350167,-134.681667,641.9088,,,,,,,,,,Retained,,350
2024,611,1,710,37833,ILONA B,8/13/2024 12:47,9,30,710,345701,NSEI,57.335167,-134.681167,57.350167,-134.681667,641.9088,,,,,,,,,,Retained,,351
2024,611,1,710,37833,ILONA B,8/13/2024 12:47,9,30,710,345701,NSEI,57.335167,-134.681167,57.350167,-134.681667,641.9088,,,,,,,,,,Retained,,352
2024,611,1,710,37833,ILONA B,8/13/2024 12:47,9,30,710,345701,NSEI,57.335167,-134.681167,57.350167,-134.681667,641.9088,,,,,,,,,,Retained,,353
2024,611,1,710,37833,ILONA B,8/13/2024 12:47,9,30,710,345701,NSEI,57.335167,-134.681167,57.350167,-134.681667,641.9088,,,,,,,,,,Retained,,354
2024,611,1,710,37833,ILONA B,8/13/2024 12:47,9,30,710,345701,NSEI,57.335167,-134.681167,57.350167,-134.681667,641.9088,,,,,,,,,,Retained,,355
2024,611,1,710,37833,ILONA B,8/13/2024 12:47,9,30,710,345701,NSEI,57.335167,-134.681167,57.350167,-134.681667,641.9088,,,,,,,,,,Retained,,356
2024,611,1,710,37833,ILONA B,8/13/2024 12:47,9,30,710,345701,NSEI,57.335167,-134.681167,57.350167,-134.681667,641.9088,,,,,,,,,,Retained,,357
2024,611,1,710,37833,ILONA B,8/13/2024 12:47,9,30,710,345701,NSEI,57.335167,-134.681167,57.350167,-134.681667,641.9088,,,,,,,,,,Retained,,358
2024,611,1,710,37833,ILONA B,8/13/2024 12:47,9,30,710,345701,NSEI,57.335167,-134.681167,57.350167,-134.681667,641.9088,,,,,,,,,,Retained,,359
2024,611,1,710,37833,ILONA B,8/13/2024 12:47,9,30,710,345701,NSEI,57.335167,-134.681167,57.350167,-134.681667,641.9088,,,,,,,,,,Retained,,360
2024,611,1,710,37833,ILONA B,8/13/2024 12:47,9,30,710,345701,NSEI,57.335167,-134.681167,57.350167,-134.681667,641.9088,,,,,,,,,,Retained,,361
2024,611,1,710,37833,ILONA B,8/13/2024 12:47,9,30,710,345701,NSEI,57.335167,-134.681167,57.350167,-134.681667,641.9088,,,,,,,,,,Retained,,362
2024,611,1,710,37833,ILONA B,8/13/2024 12:47,9,30,710,345701,NSEI,57.335167,-134.681167,57.350167,-134.681667,641.9088,,,,,,,,,,Retained,,363
2024,611,1,710,37833,ILONA B,8/13/2024 12:47,9,30,710,345701,NSEI,57.335167,-134.681167,57.350167,-134.681667,641.9088,,,,,,,,,,Retained,,364
2024,611,1,710,37833,ILONA B,8/13/2024 12:47,9,30,710,345701,NSEI,57.335167,-134.681167,57.350167,-134.681667,641.9088,,,,,,,,,,Retained,,365
2024,611,1,710,37833,ILONA B,8/13/2024 12:47,9,30,710,345701,NSEI,57.335167,-134.681167,57.350167,-134.681667,641.9088,,,,,,,,,,Retained,,366
2024,611,1,710,37833,ILONA B,8/13/2024 12:47,9,30,710,345701,NSEI,57.335167,-134.681167,57.350167,-134.681667,641.9088,,,,,,,,,,Retained,,367
2024,611,1,710,37833,ILONA B,8/13/2024 12:47,9,30,710,345701,NSEI,57.335167,-134.681167,57.350167,-134.681667,641.9088,,,,,,,,,,Retained,,368
2024,611,1,710,37833,ILONA B,8/13/2024 12:47,9,30,710,345701,NSEI,57.335167,-134.681167,57.350167,-134.681667,641.9088,,,,,,,,,,Retained,,369
2024,611,1,710,37833,ILONA B,8/13/2024 12:47,9,30,710,345701,NSEI,57.335167,-134.681167,57.350167,-134.681667,641.9088,,,,,,,,,,Retained,,370
2024,611,1,710,37833,ILONA B,8/13/2024 12:47,9,30,710,345701,NSEI,57.335167,-134.681167,57.350167,-134.681667,641.9088,,,,,,,,,,Retained,,371
2024,611,1,710,37833,ILONA B,8/13/2024 12:47,9,30,710,345701,NSEI,57.335167,-134.681167,57.350167,-134.681667,641.9088,,,,,,,,,,Retained,,372
2024,611,1,710,37833,ILONA B,8/13/2024 12:47,9,30,710,345701,NSEI,57.335167,-134.681167,57.350167,-134.681667,641.9088,,,,,,,,,,Retained,,373
2024,611,1,710,37833,ILONA B,8/13/2024 12:47,9,30,710,345701,NSEI,57.335167,-134.681167,57.350167,-134.681667,641.9088,,,,,,,,,,Retained,,374
2024,611,1,710,37833,ILONA B,8/13/2024 12:47,9,30,710,345701,NSEI,57.335167,-134.681167,57.350167,-134.681667,641.9088,,,,,,,,,,Retained,,375
2024,611,1,710,37833,ILONA B,8/13/2024 12:47,9,30,710,345701,NSEI,57.335167,-134.681167,57.350167,-134.681667,641.9088,,,,,,,,,,Retained,,376
2024,611,1,710,37833,ILONA B,8/13/2024 12:47,9,30,710,345701,NSEI,57.335167,-134.681167,57.350167,-134.681667,641.9088,,,,,,,,,,Retained,,377
2024,611,1,710,37833,ILONA B,8/13/2024 12:47,9,30,710,345701,NSEI,57.335167,-134.681167,57.350167,-134.681667,641.9088,,,,,,,,,,Retained,,378
2024,611,1,710,37833,ILONA B,8/13/2024 12:47,9,30,710,345701,NSEI,57.335167,-134.681167,57.350167,-134.681667,641.9088,,,,,,,,,,Retained,,379
2024,611,1,710,37833,ILONA B,8/13/2024 12:47,9,30,710,345701,NSEI,57.335167,-134.681167,57.350167,-134.681667,641.9088,,,,,,,,,,Retained,,380
2024,611,1,710,37833,ILONA B,8/13/2024 12:47,9,30,710,345701,NSEI,57.335167,-134.681167,57.350167,-134.681667,641.9088,,,,,,,,,,Retained,,381
2024,611,1,710,37833,ILONA B,8/13/2024 12:47,9,30,710,345701,NSEI,57.335167,-134.681167,57.350167,-134.681667,641.9088,,,,,,,,,,Retained,,382
2024,611,1,710,37833,ILONA B,8/13/2024 12:47,9,30,710,345701,NSEI,57.335167,-134.681167,57.350167,-134.681667,641.9088,,,,,,,,,,Retained,,383
2024,611,1,710,37833,ILONA B,8/13/2024 12:47,9,30,710,345701,NSEI,57.335167,-134.681167,57.350167,-134.681667,641.9088,,,,,,,,,,Retained,,384
2024,611,1,710,37833,ILONA B,8/13/2024 12:47,9,30,710,345701,NSEI,57.335167,-134.681167,57.350167,-134.681667,641.9088,,,,,,,,,,Retained,,385
2024,611,1,710,37833,ILONA B,8/13/2024 12:47,9,30,710,345701,NSEI,57.335167,-134.681167,57.350167,-134.681667,641.9088,,,,,,,,,,Retained,,386
2024,611,1,710,37833,ILONA B,8/13/2024 12:47,9,30,710,345701,NSEI,57.335167,-134.681167,57.350167,-134.681667,641.9088,,,,,,,,,,Retained,,387
2024,611,1,710,37833,ILONA B,8/13/2024 12:47,9,30,710,345701,NSEI,57.335167,-134.681167,57.350167,-134.681667,641.9088,,,,,,,,,,Retained,,388
2024,611,1,710,37833,ILONA B,8/13/2024 12:47,9,30,710,345701,NSEI,57.335167,-134.681167,57.350167,-134.681667,641.9088,,,,,,,,,,Retained,,389
2024,611,1,710,37833,ILONA B,8/13/2024 12:47,9,30,710,345701,NSEI,57.335167,-134.681167,57.350167,-134.681667,641.9088,,,,,,,,,,Retained,,390
2024,611,1,710,37833,ILONA B,8/13/2024 12:47,9,30,710,345701,NSEI,57.335167,-134.681167,57.350167,-134.681667,641.9088,,,,,,,,,,Retained,,391
2024,611,1,710,37833,ILONA B,8/13/2024 12:47,9,30,710,345701,NSEI,57.335167,-134.681167,57.350167,-134.681667,641.9088,,,,,,,,,,Retained,,392
2024,611,1,710,37833,ILONA B,8/13/2024 12:47,9,30,710,345701,NSEI,57.335167,-134.681167,57.350167,-134.681667,641.9088,,,,,,,,,,Retained,,393
2024,611,1,710,37833,ILONA B,8/13/2024 12:47,9,30,710,345701,NSEI,57.335167,-134.681167,57.350167,-134.681667,641.9088,,,,,,,,,,Retained,,394
2024,611,1,710,37833,ILONA B,8/13/2024 12:47,9,30,710,345701,NSEI,57.335167,-134.681167,57.350167,-134.681667,641.9088,,,,,,,,,,Retained,,395
2024,611,1,710,37833,ILONA B,8/13/2024 12:47,9,30,710,345701,NSEI,57.335167,-134.681167,57.350167,-134.681667,641.9088,,,,,,,,,,Retained,,396
2024,611,1,710,37833,ILONA B,8/13/2024 12:47,9,30,710,345701,NSEI,57.335167,-134.681167,57.350167,-134.681667,641.9088,,,,,,,,,,Retained,,397
2024,611,1,710,37833,ILONA B,8/13/2024 12:47,9,30,710,345701,NSEI,57.335167,-134.681167,57.350167,-134.681667,641.9088,,,,,,,,,,Retained,,398
2024,611,1,710,37833,ILONA B,8/13/2024 12:47,9,30,710,345701,NSEI,57.335167,-134.681167,57.350167,-134.681667,641.9088,,,,,,,,,,Retained,,399
2024,611,1,710,37833,ILONA B,8/13/2024 12:47,9,30,710,345701,NSEI,57.335167,-134.681167,57.350167,-134.681667,641.9088,,,,,,,,,,Retained,,400
2024,611,1,710,37833,ILONA B,8/13/2024 12:47,9,30,710,345701,NSEI,57.335167,-134.681167,57.350167,-134.681667,641.9088,,,,,,,,,,Retained,,401
2024,611,1,710,37833,ILONA B,8/13/2024 12:47,9,30,710,345701,NSEI,57.335167,-134.681167,57.350167,-134.681667,641.9088,,,,,,,,,,Retained,,402
2024,611,1,710,37833,ILONA B,8/13/2024 12:47,9,30,710,345701,NSEI,57.335167,-134.681167,57.350167,-134.681667,641.9088,,,,,,,,,,Retained,,403
2024,611,1,710,37833,ILONA B,8/13/2024 12:47,9,30,710,345701,NSEI,57.335167,-134.681167,57.350167,-134.681667,641.9088,,,,,,,,,,Retained,,404
2024,611,1,710,37833,ILONA B,8/13/2024 12:47,9,30,710,345701,NSEI,57.335167,-134.681167,57.350167,-134.681667,641.9088,,,,,,,,,,Retained,,405
2024,611,1,710,37833,ILONA B,8/13/2024 12:47,9,30,710,345701,NSEI,57.335167,-134.681167,57.350167,-134.681667,641.9088,,,,,,,,,,Retained,,406
2024,611,1,710,37833,ILONA B,8/13/2024 12:47,9,30,710,345701,NSEI,57.335167,-134.681167,57.350167,-134.681667,641.9088,,,,,,,,,,Retained,,407
2024,611,1,710,37833,ILONA B,8/13/2024 12:47,9,30,710,345701,NSEI,57.335167,-134.681167,57.350167,-134.681667,641.9088,,,,,,,,,,Retained,,408
2024,611,1,710,37833,ILONA B,8/13/2024 12:47,9,30,710,345701,NSEI,57.335167,-134.681167,57.350167,-134.681667,641.9088,,,,,,,,,,Retained,,409
2024,611,1,710,37833,ILONA B,8/13/2024 12:47,9,30,710,345701,NSEI,57.335167,-134.681167,57.350167,-134.681667,641.9088,,,,,,,,,,Retained,,410
2024,611,1,710,37833,ILONA B,8/13/2024 12:47,9,30,710,345701,NSEI,57.335167,-134.681167,57.350167,-134.681667,641.9088,,,,,,,,,,Retained,,411
2024,611,1,710,37833,ILONA B,8/13/2024 12:47,9,30,710,345701,NSEI,57.335167,-134.681167,57.350167,-134.681667,641.9088,,,,,,,,,,Retained,,412
2024,611,1,710,37833,ILONA B,8/13/2024 12:47,9,30,710,345701,NSEI,57.335167,-134.681167,57.350167,-134.681667,641.9088,,,,,,,,,,Retained,,413
2024,611,1,710,37833,ILONA B,8/13/2024 12:47,9,30,710,345701,NSEI,57.335167,-134.681167,57.350167,-134.681667,641.9088,,,,,,,,,,Retained,,414
2024,611,1,710,37833,ILONA B,8/13/2024 12:47,9,30,710,345701,NSEI,57.335167,-134.681167,57.350167,-134.681667,641.9088,,,,,,,,,,Retained,,415
2024,611,1,710,37833,ILONA B,8/13/2024 12:47,9,30,710,345701,NSEI,57.335167,-134.681167,57.350167,-134.681667,641.9088,,,,,,,,,,Retained,,416
2024,611,1,710,37833,ILONA B,8/13/2024 12:47,9,30,710,345701,NSEI,57.335167,-134.681167,57.350167,-134.681667,641.9088,,,,,,,,,,Retained,,417
2024,611,1,710,37833,ILONA B,8/13/2024 12:47,9,30,710,345701,NSEI,57.335167,-134.681167,57.350167,-134.681667,641.9088,,,,,,,,,,Retained,,418
2024,611,1,710,37833,ILONA B,8/13/2024 12:47,9,30,710,345701,NSEI,57.335167,-134.681167,57.350167,-134.681667,641.9088,,,,,,,,,,Retained,,419
2024,611,1,710,37833,ILONA B,8/13/2024 12:47,9,30,710,345701,NSEI,57.335167,-134.681167,57.350167,-134.681667,641.9088,,,,,,,,,,Retained,,420
2024,611,1,710,37833,ILONA B,8/13/2024 12:47,9,30,710,345701,NSEI,57.335167,-134.681167,57.350167,-134.681667,641.9088,,,,,,,,,,Retained,,421
2024,611,1,710,37833,ILONA B,8/13/2024 12:47,9,30,710,345701,NSEI,57.335167,-134.681167,57.350167,-134.681667,641.9088,,,,,,,,,,Retained,,422
2024,611,1,710,37833,ILONA B,8/13/2024 12:47,9,30,710,345701,NSEI,57.335167,-134.681167,57.350167,-134.681667,641.9088,,,,,,,,,,Retained,,423
2024,611,1,710,37833,ILONA B,8/13/2024 12:47,9,30,710,345701,NSEI,57.335167,-134.681167,57.350167,-134.681667,641.9088,,,,,,,,,,Retained,,424
2024,611,1,710,37833,ILONA B,8/13/2024 12:47,9,30,710,345701,NSEI,57.335167,-134.681167,57.350167,-134.681667,641.9088,,,,,,,,,,Retained,,425
2024,611,1,710,37833,ILONA B,8/13/2024 12:47,9,30,710,345701,NSEI,57.335167,-134.681167,57.350167,-134.681667,641.9088,,,,,,,,,,Retained,,426
2024,611,1,710,37833,ILONA B,8/13/2024 12:47,9,30,710,345701,NSEI,57.335167,-134.681167,57.350167,-134.681667,641.9088,,,,,,,,,,Retained,,427
2024,611,1,710,37833,ILONA B,8/13/2024 12:47,9,30,710,345701,NSEI,57.335167,-134.681167,57.350167,-134.681667,641.9088,,,,,,,,,,Retained,,428
2024,611,1,710,37833,ILONA B,8/13/2024 12:47,9,30,710,345701,NSEI,57.335167,-134.681167,57.350167,-134.681667,641.9088,,,,,,,,,,Retained,,429
2024,611,1,710,37833,ILONA B,8/13/2024 12:47,9,30,710,345701,NSEI,57.335167,-134.681167,57.350167,-134.681667,641.9088,,,,,,,,,,Retained,,430
2024,611,1,710,37833,ILONA B,8/13/2024 12:47,9,30,710,345701,NSEI,57.335167,-134.681167,57.350167,-134.681667,641.9088,,,,,,,,,,Retained,,431
2024,611,1,710,37833,ILONA B,8/13/2024 12:47,9,30,710,345701,NSEI,57.335167,-134.681167,57.350167,-134.681667,641.9088,,,,,,,,,,Retained,,432
2024,611,1,710,37833,ILONA B,8/13/2024 12:47,9,30,710,345701,NSEI,57.335167,-134.681167,57.350167,-134.681667,641.9088,,,,,,,,,,Retained,,433
2024,611,1,710,37833,ILONA B,8/13/2024 12:47,9,30,710,345701,NSEI,57.335167,-134.681167,57.350167,-134.681667,641.9088,,,,,,,,,,Retained,,434
2024,611,1,710,37833,ILONA B,8/13/2024 12:47,9,30,710,345701,NSEI,57.335167,-134.681167,57.350167,-134.681667,641.9088,,,,,,,,,,Retained,,435
2024,611,1,710,37833,ILONA B,8/13/2024 12:47,9,30,710,345701,NSEI,57.335167,-134.681167,57.350167,-134.681667,641.9088,,,,,,,,,,Retained,,436
2024,611,1,710,37833,ILONA B,8/13/2024 12:47,9,30,710,345701,NSEI,57.335167,-134.681167,57.350167,-134.681667,641.9088,,,,,,,,,,Retained,,437
2024,611,1,710,37833,ILONA B,8/13/2024 12:47,9,30,710,345701,NSEI,57.335167,-134.681167,57.350167,-134.681667,641.9088,,,,,,,,,,Retained,,438
2024,611,1,710,37833,ILONA B,8/13/2024 12:47,9,30,710,345701,NSEI,57.335167,-134.681167,57.350167,-134.681667,641.9088,,,,,,,,,,Retained,,439
2024,611,1,710,37833,ILONA B,8/13/2024 12:47,9,30,710,345701,NSEI,57.335167,-134.681167,57.350167,-134.681667,641.9088,,,,,,,,,,Retained,,440
2024,611,1,710,37833,ILONA B,8/13/2024 12:47,9,30,710,345701,NSEI,57.335167,-134.681167,57.350167,-134.681667,641.9088,,,,,,,,,,Retained,,441
2024,611,1,710,37833,ILONA B,8/13/2024 12:47,9,30,710,345701,NSEI,57.335167,-134.681167,57.350167,-134.681667,641.9088,,,,,,,,,,Retained,,442
2024,611,1,710,37833,ILONA B,8/13/2024 12:47,9,30,710,345701,NSEI,57.335167,-134.681167,57.350167,-134.681667,641.9088,,,,,,,,,,Retained,,443
2024,611,1,710,37833,ILONA B,8/13/2024 12:47,9,30,710,345701,NSEI,57.335167,-134.681167,57.350167,-134.681667,641.9088,,,,,,,,,,Retained,,444
2024,611,1,710,37833,ILONA B,8/13/2024 12:47,9,30,710,345701,NSEI,57.335167,-134.681167,57.350167,-134.681667,641.9088,,,,,,,,,,Retained,,445
2024,611,1,710,37833,ILONA B,8/13/2024 12:47,9,30,710,345701,NSEI,57.335167,-134.681167,57.350167,-134.681667,641.9088,,,,,,,,,,Retained,,446
2024,611,1,710,37833,ILONA B,8/13/2024 12:47,9,30,710,345701,NSEI,57.335167,-134.681167,57.350167,-134.681667,641.9088,,,,,,,,,,Retained,,447
2024,611,1,710,37833,ILONA B,8/13/2024 12:47,9,30,710,345701,NSEI,57.335167,-134.681167,57.350167,-134.681667,641.9088,,,,,,,,,,Retained,,448
2024,611,1,710,37833,ILONA B,8/13/2024 12:47,9,30,710,345701,NSEI,57.335167,-134.681167,57.350167,-134.681667,641.9088,,,,,,,,,,Retained,,449
2024,611,1,710,37833,ILONA B,8/13/2024 12:47,9,30,710,345701,NSEI,57.335167,-134.681167,57.350167,-134.681667,641.9088,,,,,,,,,,Retained,,450
2024,611,1,710,37833,ILONA B,8/13/2024 12:47,9,30,710,345701,NSEI,57.335167,-134.681167,57.350167,-134.681667,641.9088,,,,,,,,,,Retained,,451
2024,611,1,710,37833,ILONA B,8/13/2024 12:47,9,30,710,345701,NSEI,57.335167,-134.681167,57.350167,-134.681667,641.9088,,,,,,,,,,Retained,,452
2024,611,1,710,37833,ILONA B,8/13/2024 12:47,9,30,710,345701,NSEI,57.335167,-134.681167,57.350167,-134.681667,641.9088,,,,,,,,,,Retained,,453
2024,611,1,710,37833,ILONA B,8/13/2024 12:47,9,30,710,345701,NSEI,57.335167,-134.681167,57.350167,-134.681667,641.9088,,,,,,,,,,Retained,,454
2024,611,1,710,37833,ILONA B,8/13/2024 12:47,9,30,710,345701,NSEI,57.335167,-134.681167,57.350167,-134.681667,641.9088,,,,,,,,,,Retained,,455
2024,611,1,710,37833,ILONA B,8/13/2024 12:47,9,30,710,345701,NSEI,57.335167,-134.681167,57.350167,-134.681667,641.9088,,,,,,,,,,Retained,,456
2024,611,1,710,37833,ILONA B,8/13/2024 12:47,9,30,710,345701,NSEI,57.335167,-134.681167,57.350167,-134.681667,641.9088,,,,,,,,,,Retained,,457
2024,611,1,710,37833,ILONA B,8/13/2024 12:47,9,30,710,345701,NSEI,57.335167,-134.681167,57.350167,-134.681667,641.9088,,,,,,,,,,Retained,,458
2024,611,1,710,37833,ILONA B,8/13/2024 12:47,9,30,710,345701,NSEI,57.335167,-134.681167,57.350167,-134.681667,641.9088,,,,,,,,,,Retained,,459
2024,611,1,710,37833,ILONA B,8/13/2024 12:47,9,30,710,345701,NSEI,57.335167,-134.681167,57.350167,-134.681667,641.9088,,,,,,,,,,Retained,,460
2024,611,1,710,37833,ILONA B,8/13/2024 12:47,9,30,710,345701,NSEI,57.335167,-134.681167,57.350167,-134.681667,641.9088,,,,,,,,,,Retained,,461
2024,611,1,710,37833,ILONA B,8/13/2024 12:47,9,30,710,345701,NSEI,57.335167,-134.681167,57.350167,-134.681667,641.9088,,,,,,,,,,Retained,,462
2024,611,1,710,37833,ILONA B,8/13/2024 12:47,9,30,710,345701,NSEI,57.335167,-134.681167,57.350167,-134.681667,641.9088,,,,,,,,,,Retained,,463
2024,611,1,710,37833,ILONA B,8/13/2024 12:47,9,30,710,345701,NSEI,57.335167,-134.681167,57.350167,-134.681667,641.9088,,,,,,,,,,Retained,,464
2024,611,1,710,37833,ILONA B,8/13/2024 12:47,9,30,710,345701,NSEI,57.335167,-134.681167,57.350167,-134.681667,641.9088,,,,,,,,,,Retained,,465
2024,611,1,710,37833,ILONA B,8/13/2024 12:47,9,30,710,345701,NSEI,57.335167,-134.681167,57.350167,-134.681667,641.9088,,,,,,,,,,Retained,,466
2024,611,1,710,37833,ILONA B,8/13/2024 12:47,9,30,710,345701,NSEI,57.335167,-134.681167,57.350167,-134.681667,641.9088,,,,,,,,,,Retained,,467
2024,611,1,710,37833,ILONA B,8/13/2024 12:47,9,30,710,345701,NSEI,57.335167,-134.681167,57.350167,-134.681667,641.9088,,,,,,,,,,Retained,,468
2024,611,1,710,37833,ILONA B,8/13/2024 12:47,9,30,710,345701,NSEI,57.335167,-134.681167,57.350167,-134.681667,641.9088,,,,,,,,,,Retained,,469
2024,611,1,710,37833,ILONA B,8/13/2024 12:47,9,30,710,345701,NSEI,57.335167,-134.681167,57.350167,-134.681667,641.9088,,,,,,,,,,Retained,,470
2024,611,1,710,37833,ILONA B,8/13/2024 12:47,9,30,710,345701,NSEI,57.335167,-134.681167,57.350167,-134.681667,641.9088,,,,,,,,,,Retained,,471
2024,611,1,710,37833,ILONA B,8/13/2024 12:47,9,30,710,345701,NSEI,57.335167,-134.681167,57.350167,-134.681667,641.9088,,,,,,,,,,Retained,,472
2024,611,1,710,37833,ILONA B,8/13/2024 12:47,9,30,710,345701,NSEI,57.335167,-134.681167,57.350167,-134.681667,641.9088,,,,,,,,,,Retained,,473
2024,611,1,710,37833,ILONA B,8/13/2024 12:47,9,30,710,345701,NSEI,57.335167,-134.681167,57.350167,-134.681667,641.9088,,,,,,,,,,Retained,,474
2024,611,1,710,37833,ILONA B,8/13/2024 12:47,9,30,710,345701,NSEI,57.335167,-134.681167,57.350167,-134.681667,641.9088,,,,,,,,,,Retained,,475
2024,611,1,710,37833,ILONA B,8/13/2024 12:47,9,30,710,345701,NSEI,57.335167,-134.681167,57.350167,-134.681667,641.9088,,,,,,,,,,Retained,,476
2024,611,1,710,37833,ILONA B,8/13/2024 12:47,9,30,710,345701,NSEI,57.335167,-134.681167,57.350167,-134.681667,641.9088,,,,,,,,,,Retained,,477
2024,611,1,710,37833,ILONA B,8/13/2024 12:47,9,30,710,345701,NSEI,57.335167,-134.681167,57.350167,-134.681667,641.9088,,,,,,,,,,Retained,,478
2024,611,1,710,37833,ILONA B,8/13/2024 12:47,9,30,710,345701,NSEI,57.335167,-134.681167,57.350167,-134.681667,641.9088,,,,,,,,,,Retained,,479
2024,611,1,710,37833,ILONA B,8/13/2024 12:47,9,30,710,345701,NSEI,57.335167,-134.681167,57.350167,-134.681667,641.9088,,,,,,,,,,Retained,,480
2024,611,1,710,37833,ILONA B,8/13/2024 12:47,9,30,710,345701,NSEI,57.335167,-134.681167,57.350167,-134.681667,641.9088,,,,,,,,,,Retained,,481
2024,611,1,710,37833,ILONA B,8/13/2024 12:47,9,30,710,345701,NSEI,57.335167,-134.681167,57.350167,-134.681667,641.9088,,,,,,,,,,Retained,,482
2024,611,1,710,37833,ILONA B,8/13/2024 12:47,9,30,710,345701,NSEI,57.335167,-134.681167,57.350167,-134.681667,641.9088,,,,,,,,,,Retained,,483
2024,611,1,710,37833,ILONA B,8/13/2024 12:47,9,30,710,345701,NSEI,57.335167,-134.681167,57.350167,-134.681667,641.9088,,,,,,,,,,Retained,,484
2024,611,1,710,37833,ILONA B,8/13/2024 12:47,9,30,710,345701,NSEI,57.335167,-134.681167,57.350167,-134.681667,641.9088,,,,,,,,,,Retained,,485
2024,611,1,710,37833,ILONA B,8/13/2024 12:47,9,30,710,345701,NSEI,57.335167,-134.681167,57.350167,-134.681667,641.9088,,,,,,,,,,Retained,,486
2024,611,1,710,37833,ILONA B,8/13/2024 12:47,9,30,710,345701,NSEI,57.335167,-134.681167,57.350167,-134.681667,641.9088,,,,,,,,,,Retained,,487
2024,611,1,710,37833,ILONA B,8/13/2024 12:47,9,30,710,345701,NSEI,57.335167,-134.681167,57.350167,-134.681667,641.9088,,,,,,,,,,Retained,,488
2024,611,1,710,37833,ILONA B,8/13/2024 12:47,9,30,710,345701,NSEI,57.335167,-134.681167,57.350167,-134.681667,641.9088,,,,,,,,,,Retained,,489
2024,611,1,710,37833,ILONA B,8/13/2024 12:47,9,30,710,345701,NSEI,57.335167,-134.681167,57.350167,-134.681667,641.9088,,,,,,,,,,Retained,,490
2024,611,1,710,37833,ILONA B,8/13/2024 12:47,9,30,710,345701,NSEI,57.335167,-134.681167,57.350167,-134.681667,641.9088,,,,,,,,,,Retained,,491
2024,611,1,710,37833,ILONA B,8/13/2024 12:47,9,30,710,345701,NSEI,57.335167,-134.681167,57.350167,-134.681667,641.9088,,,,,,,,,,Retained,,492
2024,611,1,710,37833,ILONA B,8/13/2024 12:47,9,30,710,345701,NSEI,57.335167,-134.681167,57.350167,-134.681667,641.9088,,,,,,,,,,Retained,,493
2024,611,1,710,37833,ILONA B,8/13/2024 12:47,9,30,710,345701,NSEI,57.335167,-134.681167,57.350167,-134.681667,641.9088,,,,,,,,,,Retained,,494
2024,611,1,710,37833,ILONA B,8/13/2024 12:47,9,30,710,345701,NSEI,57.335167,-134.681167,57.350167,-134.681667,641.9088,,,,,,,,,,Retained,,495
2024,611,1,710,37833,ILONA B,8/13/2024 12:47,9,30,710,345701,NSEI,57.335167,-134.681167,57.350167,-134.681667,641.9088,,,,,,,,,,Retained,,496
2024,611,1,710,37833,ILONA B,8/13/2024 12:47,9,30,710,345701,NSEI,57.335167,-134.681167,57.350167,-134.681667,641.9088,,,,,,,,,,Retained,,497
2024,611,1,710,37833,ILONA B,8/13/2024 12:47,9,30,710,345701,NSEI,57.335167,-134.681167,57.350167,-134.681667,641.9088,,,,,,,,,,Retained,,498
2024,611,1,710,37833,ILONA B,8/13/2024 12:47,9,30,710,345701,NSEI,57.335167,-134.681167,57.350167,-134.681667,641.9088,,,,,,,,,,Retained,,499
2024,611,1,710,37833,ILONA B,8/13/2024 12:47,9,30,710,345701,NSEI,57.335167,-134.681167,57.350167,-134.681667,641.9088,,,,,,,,,,Retained,,500
2024,611,1,710,37833,ILONA B,8/13/2024 12:47,9,30,710,345701,NSEI,57.335167,-134.681167,57.350167,-134.681667,641.9088,,,,,,,,,,Retained,,501
2024,611,1,710,37833,ILONA B,8/13/2024 12:47,9,30,710,345701,NSEI,57.335167,-134.681167,57.350167,-134.681667,641.9088,,,,,,,,,,Retained,,502
2024,611,1,710,37833,ILONA B,8/13/2024 12:47,9,30,710,345701,NSEI,57.335167,-134.681167,57.350167,-134.681667,641.9088,,,,,,,,,,Retained,,503
2024,611,1,710,37833,ILONA B,8/13/2024 12:47,9,30,710,345701,NSEI,57.335167,-134.681167,57.350167,-134.681667,641.9088,,,,,,,,,,Retained,,504
2024,611,1,710,37833,ILONA B,8/13/2024 12:47,9,30,710,345701,NSEI,57.335167,-134.681167,57.350167,-134.681667,641.9088,,,,,,,,,,Retained,,505
2024,611,1,710,37833,ILONA B,8/13/2024 12:47,9,30,710,345701,NSEI,57.335167,-134.681167,57.350167,-134.681667,641.9088,,,,,,,,,,Retained,,506
2024,611,1,710,37833,ILONA B,8/13/2024 12:47,9,30,710,345701,NSEI,57.335167,-134.681167,57.350167,-134.681667,641.9088,,,,,,,,,,Retained,,507
2024,611,1,710,37833,ILONA B,8/13/2024 12:47,9,30,710,345701,NSEI,57.335167,-134.681167,57.350167,-134.681667,641.9088,,,,,,,,,,Retained,,508
2024,611,1,710,37833,ILONA B,8/13/2024 12:47,9,30,710,345701,NSEI,57.335167,-134.681167,57.350167,-134.681667,641.9088,,,,,,,,,,Retained,,509
2024,611,1,710,37833,ILONA B,8/13/2024 12:47,9,30,710,345701,NSEI,57.335167,-134.681167,57.350167,-134.681667,641.9088,,,,,,,,,,Retained,,510
2024,611,1,710,37833,ILONA B,8/13/2024 12:47,9,30,710,345701,NSEI,57.335167,-134.681167,57.350167,-134.681667,641.9088,,,,,,,,,,Retained,,511
2024,611,1,710,37833,ILONA B,8/13/2024 12:47,9,30,710,345701,NSEI,57.335167,-134.681167,57.350167,-134.681667,641.9088,,,,,,,,,,Retained,,512
2024,611,1,710,37833,ILONA B,8/13/2024 12:47,9,30,710,345701,NSEI,57.335167,-134.681167,57.350167,-134.681667,641.9088,,,,,,,,,,Retained,,513
2024,611,1,710,37833,ILONA B,8/13/2024 12:47,9,30,710,345701,NSEI,57.335167,-134.681167,57.350167,-134.681667,641.9088,,,,,,,,,,Retained,,514
2024,611,1,710,37833,ILONA B,8/13/2024 12:47,9,30,710,345701,NSEI,57.335167,-134.681167,57.350167,-134.681667,641.9088,,,,,,,,,,Retained,,515
2024,611,1,710,37833,ILONA B,8/13/2024 12:47,9,30,710,345701,NSEI,57.335167,-134.681167,57.350167,-134.681667,641.9088,,,,,,,,,,Retained,,516
2024,611,1,710,37833,ILONA B,8/13/2024 12:47,9,30,710,345701,NSEI,57.335167,-134.681167,57.350167,-134.681667,641.9088,,,,,,,,,,Retained,,517
2024,611,1,710,37833,ILONA B,8/13/2024 12:47,9,30,710,345701,NSEI,57.335167,-134.681167,57.350167,-134.681667,641.9088,,,,,,,,,,Retained,,518
2024,611,1,710,37833,ILONA B,8/13/2024 12:47,9,30,710,345701,NSEI,57.335167,-134.681167,57.350167,-134.681667,641.9088,,,,,,,,,,Retained,,519
2024,611,1,710,37833,ILONA B,8/13/2024 12:47,9,30,710,345701,NSEI,57.335167,-134.681167,57.350167,-134.681667,641.9088,,,,,,,,,,Retained,,520
2024,611,1,710,37833,ILONA B,8/13/2024 12:47,9,30,710,345701,NSEI,57.335167,-134.681167,57.350167,-134.681667,641.9088,,,,,,,,,,Retained,,521
2024,611,1,710,37833,ILONA B,8/13/2024 12:47,9,30,710,345701,NSEI,57.335167,-134.681167,57.350167,-134.681667,641.9088,,,,,,,,,,Retained,,522
2024,611,1,710,37833,ILONA B,8/13/2024 12:47,9,30,710,345701,NSEI,57.335167,-134.681167,57.350167,-134.681667,641.9088,,,,,,,,,,Retained,,523
2024,611,1,710,37833,ILONA B,8/13/2024 12:47,9,30,710,345701,NSEI,57.335167,-134.681167,57.350167,-134.681667,641.9088,,,,,,,,,,Retained,,524
2024,611,1,710,37833,ILONA B,8/13/2024 12:47,9,30,710,345701,NSEI,57.335167,-134.681167,57.350167,-134.681667,641.9088,,,,,,,,,,Retained,,525
2024,611,1,710,37833,ILONA B,8/13/2024 12:47,9,30,710,345701,NSEI,57.335167,-134.681167,57.350167,-134.681667,641.9088,,,,,,,,,,Retained,,526
2024,611,1,710,37833,ILONA B,8/13/2024 12:47,9,30,710,345701,NSEI,57.335167,-134.681167,57.350167,-134.681667,641.9088,,,,,,,,,,Retained,,527
2024,611,1,710,37833,ILONA B,8/13/2024 12:47,9,30,710,345701,NSEI,57.335167,-134.681167,57.350167,-134.681667,641.9088,,,,,,,,,,Retained,,528
2024,611,1,710,37833,ILONA B,8/13/2024 12:47,9,30,710,345701,NSEI,57.335167,-134.681167,57.350167,-134.681667,641.9088,,,,,,,,,,Retained,,529
2024,611,1,710,37833,ILONA B,8/13/2024 12:47,9,30,710,345701,NSEI,57.335167,-134.681167,57.350167,-134.681667,641.9088,,,,,,,,,,Retained,,530
2024,611,1,710,37833,ILONA B,8/13/2024 12:47,9,30,710,345701,NSEI,57.335167,-134.681167,57.350167,-134.681667,641.9088,,,,,,,,,,Retained,,531
2024,611,1,710,37833,ILONA B,8/13/2024 12:47,9,30,710,345701,NSEI,57.335167,-134.681167,57.350167,-134.681667,641.9088,,,,,,,,,,Retained,,532
2024,611,1,710,37833,ILONA B,8/13/2024 12:47,9,30,710,345701,NSEI,57.335167,-134.681167,57.350167,-134.681667,641.9088,,,,,,,,,,Retained,,533
2024,611,1,710,37833,ILONA B,8/13/2024 12:47,9,30,710,345701,NSEI,57.335167,-134.681167,57.350167,-134.681667,641.9088,,,,,,,,,,Retained,,534
2024,611,1,710,37833,ILONA B,8/13/2024 12:47,9,30,710,345701,NSEI,57.335167,-134.681167,57.350167,-134.681667,641.9088,,,,,,,,,,Retained,,535
2024,611,1,710,37833,ILONA B,8/13/2024 12:47,9,30,710,345701,NSEI,57.335167,-134.681167,57.350167,-134.681667,641.9088,,,,,,,,,,Retained,,536
2024,611,1,710,37833,ILONA B,8/13/2024 12:47,9,30,710,345701,NSEI,57.335167,-134.681167,57.350167,-134.681667,641.9088,,,,,,,,,,Retained,,537
2024,611,1,710,37833,ILONA B,8/13/2024 12:47,9,30,710,345701,NSEI,57.335167,-134.681167,57.350167,-134.681667,641.9088,,,,,,,,,,Retained,,538
2024,611,1,710,37833,ILONA B,8/13/2024 12:47,9,30,710,345701,NSEI,57.335167,-134.681167,57.350167,-134.681667,641.9088,,,,,,,,,,Retained,,539
2024,611,1,710,37833,ILONA B,8/13/2024 12:47,9,30,710,345701,NSEI,57.335167,-134.681167,57.350167,-134.681667,641.9088,,,,,,,,,,Retained,,540
2024,611,1,710,37833,ILONA B,8/13/2024 12:47,9,30,710,345701,NSEI,57.335167,-134.681167,57.350167,-134.681667,641.9088,,,,,,,,,,Retained,,541
2024,611,1,710,37833,ILONA B,8/13/2024 12:47,9,30,710,345701,NSEI,57.335167,-134.681167,57.350167,-134.681667,641.9088,,,,,,,,,,Retained,,542
2024,611,1,710,37833,ILONA B,8/13/2024 12:47,9,30,710,345701,NSEI,57.335167,-134.681167,57.350167,-134.681667,641.9088,,,,,,,,,,Retained,,543
2024,611,1,710,37833,ILONA B,8/13/2024 12:47,9,30,710,345701,NSEI,57.335167,-134.681167,57.350167,-134.681667,641.9088,,,,,,,,,,Retained,,544
2024,611,1,710,37833,ILONA B,8/13/2024 12:47,9,30,710,345701,NSEI,57.335167,-134.681167,57.350167,-134.681667,641.9088,,,,,,,,,,Retained,,545
2024,611,1,710,37833,ILONA B,8/13/2024 12:47,9,30,710,345701,NSEI,57.335167,-134.681167,57.350167,-134.681667,641.9088,,,,,,,,,,Retained,,546
2024,611,1,710,37833,ILONA B,8/13/2024 12:47,9,30,710,345701,NSEI,57.335167,-134.681167,57.350167,-134.681667,641.9088,,,,,,,,,,Retained,,547
2024,611,1,710,37833,ILONA B,8/13/2024 12:47,9,30,710,345701,NSEI,57.335167,-134.681167,57.350167,-134.681667,641.9088,,,,,,,,,,Retained,,548
2024,611,1,710,37833,ILONA B,8/13/2024 12:47,9,30,710,345701,NSEI,57.335167,-134.681167,57.350167,-134.681667,641.9088,,,,,,,,,,Retained,,549
2024,611,1,710,37833,ILONA B,8/13/2024 12:47,9,30,710,345701,NSEI,57.335167,-134.681167,57.350167,-134.681667,641.9088,,,,,,,,,,Retained,,550
2024,611,1,710,37833,ILONA B,8/13/2024 12:47,9,30,710,345701,NSEI,57.335167,-134.681167,57.350167,-134.681667,641.9088,,,,,,,,,,Retained,,551
2024,611,1,710,37833,ILONA B,8/13/2024 12:47,9,30,710,345701,NSEI,57.335167,-134.681167,57.350167,-134.681667,641.9088,,,,,,,,,,Retained,,552
2024,611,1,710,37833,ILONA B,8/13/2024 12:47,9,30,710,345701,NSEI,57.335167,-134.681167,57.350167,-134.681667,641.9088,,,,,,,,,,Retained,,553
2024,611,1,710,37833,ILONA B,8/13/2024 12:47,9,30,710,345701,NSEI,57.335167,-134.681167,57.350167,-134.681667,641.9088,,,,,,,,,,Retained,,554
2024,611,1,710,37833,ILONA B,8/13/2024 12:47,9,30,710,345701,NSEI,57.335167,-134.681167,57.350167,-134.681667,641.9088,,,,,,,,,,Retained,,555
2024,611,1,710,37833,ILONA B,8/13/2024 12:47,9,30,710,345701,NSEI,57.335167,-134.681167,57.350167,-134.681667,641.9088,,,,,,,,,,Retained,,556
2024,611,1,710,37833,ILONA B,8/13/2024 12:47,9,30,710,345701,NSEI,57.335167,-134.681167,57.350167,-134.681667,641.9088,,,,,,,,,,Retained,,557
2024,611,1,710,37833,ILONA B,8/13/2024 12:47,9,30,710,345701,NSEI,57.335167,-134.681167,57.350167,-134.681667,641.9088,,,,,,,,,,Retained,,558
2024,611,1,710,37833,ILONA B,8/13/2024 12:47,9,30,710,345701,NSEI,57.335167,-134.681167,57.350167,-134.681667,641.9088,,,,,,,,,,Retained,,559
2024,611,1,710,37833,ILONA B,8/13/2024 12:47,9,30,710,345701,NSEI,57.335167,-134.681167,57.350167,-134.681667,641.9088,,,,,,,,,,Retained,,560
2024,611,1,710,37833,ILONA B,8/13/2024 12:47,9,30,710,345701,NSEI,57.335167,-134.681167,57.350167,-134.681667,641.9088,,,,,,,,,,Retained,,561
2024,611,1,710,37833,ILONA B,8/13/2024 12:47,9,30,710,345701,NSEI,57.335167,-134.681167,57.350167,-134.681667,641.9088,,,,,,,,,,Retained,,562
2024,611,1,710,37833,ILONA B,8/13/2024 12:47,9,30,710,345701,NSEI,57.335167,-134.681167,57.350167,-134.681667,641.9088,,,,,,,,,,Retained,,563
2024,611,1,710,37833,ILONA B,8/13/2024 12:47,9,30,710,345701,NSEI,57.335167,-134.681167,57.350167,-134.681667,641.9088,,,,,,,,,,Retained,,564
2024,611,1,710,37833,ILONA B,8/13/2024 12:47,9,30,710,345701,NSEI,57.335167,-134.681167,57.350167,-134.681667,641.9088,,,,,,,,,,Retained,,565
2024,611,1,710,37833,ILONA B,8/13/2024 12:47,9,30,710,345701,NSEI,57.335167,-134.681167,57.350167,-134.681667,641.9088,,,,,,,,,,Retained,,566
2024,611,1,710,37833,ILONA B,8/13/2024 12:47,9,30,710,345701,NSEI,57.335167,-134.681167,57.350167,-134.681667,641.9088,,,,,,,,,,Retained,,567
2024,611,1,710,37833,ILONA B,8/13/2024 12:47,9,30,710,345701,NSEI,57.335167,-134.681167,57.350167,-134.681667,641.9088,,,,,,,,,,Retained,,568
2024,611,1,710,37833,ILONA B,8/13/2024 12:47,9,30,710,345701,NSEI,57.335167,-134.681167,57.350167,-134.681667,641.9088,,,,,,,,,,Retained,,569
2024,611,1,710,37833,ILONA B,8/13/2024 12:47,9,30,710,345701,NSEI,57.335167,-134.681167,57.350167,-134.681667,641.9088,,,,,,,,,,Retained,,570
2024,611,1,710,37833,ILONA B,8/13/2024 12:47,9,30,710,345701,NSEI,57.335167,-134.681167,57.350167,-134.681667,641.9088,,,,,,,,,,Retained,,571
2024,611,1,710,37833,ILONA B,8/13/2024 12:47,9,30,710,345701,NSEI,57.335167,-134.681167,57.350167,-134.681667,641.9088,,,,,,,,,,Retained,,572
2024,611,1,710,37833,ILONA B,8/13/2024 12:47,9,30,710,345701,NSEI,57.335167,-134.681167,57.350167,-134.681667,641.9088,,,,,,,,,,Retained,,573
2024,611,1,710,37833,ILONA B,8/13/2024 12:47,9,30,710,345701,NSEI,57.335167,-134.681167,57.350167,-134.681667,641.9088,,,,,,,,,,Retained,,574
2024,611,1,710,37833,ILONA B,8/13/2024 12:47,9,30,710,345701,NSEI,57.335167,-134.681167,57.350167,-134.681667,641.9088,,,,,,,,,,Retained,,575
2024,611,1,710,37833,ILONA B,8/13/2024 12:47,9,30,710,345701,NSEI,57.335167,-134.681167,57.350167,-134.681667,641.9088,,,,,,,,,,Retained,,576
2024,611,1,710,37833,ILONA B,8/13/2024 12:47,9,30,710,345701,NSEI,57.335167,-134.681167,57.350167,-134.681667,641.9088,,,,,,,,,,Retained,,577
2024,611,1,710,37833,ILONA B,8/13/2024 12:47,9,30,710,345701,NSEI,57.335167,-134.681167,57.350167,-134.681667,641.9088,,,,,,,,,,Retained,,578
2024,611,1,710,37833,ILONA B,8/13/2024 12:47,9,30,710,345701,NSEI,57.335167,-134.681167,57.350167,-134.681667,641.9088,,,,,,,,,,Retained,,579
2024,611,1,710,37833,ILONA B,8/13/2024 12:47,9,30,710,345701,NSEI,57.335167,-134.681167,57.350167,-134.681667,641.9088,,,,,,,,,,Retained,,580
2024,611,1,710,37833,ILONA B,8/13/2024 12:47,9,30,710,345701,NSEI,57.335167,-134.681167,57.350167,-134.681667,641.9088,,,,,,,,,,Retained,,581
2024,611,1,710,37833,ILONA B,8/13/2024 12:47,9,30,710,345701,NSEI,57.335167,-134.681167,57.350167,-134.681667,641.9088,,,,,,,,,,Retained,,582
2024,611,1,710,37833,ILONA B,8/13/2024 12:47,9,30,710,345701,NSEI,57.335167,-134.681167,57.350167,-134.681667,641.9088,,,,,,,,,,Retained,,583
2024,611,1,710,37833,ILONA B,8/13/2024 12:47,9,30,710,345701,NSEI,57.335167,-134.681167,57.350167,-134.681667,641.9088,,,,,,,,,,Retained,,584
2024,611,1,710,37833,ILONA B,8/13/2024 12:47,9,30,710,345701,NSEI,57.335167,-134.681167,57.350167,-134.681667,641.9088,,,,,,,,,,Retained,,585
2024,611,1,710,37833,ILONA B,8/13/2024 12:47,9,30,710,345701,NSEI,57.335167,-134.681167,57.350167,-134.681667,641.9088,,,,,,,,,,Retained,,586
2024,611,1,710,37833,ILONA B,8/13/2024 12:47,9,30,710,345701,NSEI,57.335167,-134.681167,57.350167,-134.681667,641.9088,,,,,,,,,,Retained,,587
2024,611,1,710,37833,ILONA B,8/13/2024 12:47,9,30,710,345701,NSEI,57.335167,-134.681167,57.350167,-134.681667,641.9088,,,,,,,,,,Retained,,588
2024,611,1,710,37833,ILONA B,8/13/2024 12:47,9,30,710,345701,NSEI,57.335167,-134.681167,57.350167,-134.681667,641.9088,,,,,,,,,,Retained,,589
2024,611,1,710,37833,ILONA B,8/13/2024 12:47,9,30,710,345701,NSEI,57.335167,-134.681167,57.350167,-134.681667,641.9088,,,,,,,,,,Retained,,590
2024,611,1,710,37833,ILONA B,8/13/2024 12:47,9,30,710,345701,NSEI,57.335167,-134.681167,57.350167,-134.681667,641.9088,,,,,,,,,,Retained,,591
2024,611,1,710,37833,ILONA B,8/13/2024 12:47,9,30,710,345701,NSEI,57.335167,-134.681167,57.350167,-134.681667,641.9088,,,,,,,,,,Retained,,592
2024,611,1,710,37833,ILONA B,8/13/2024 12:47,9,30,710,345701,NSEI,57.335167,-134.681167,57.350167,-134.681667,641.9088,,,,,,,,,,Retained,,593
2024,611,1,710,37833,ILONA B,8/13/2024 12:47,9,30,710,345701,NSEI,57.335167,-134.681167,57.350167,-134.681667,641.9088,,,,,,,,,,Retained,,595
2024,611,1,710,37833,ILONA B,8/13/2024 12:47,9,30,710,345701,NSEI,57.335167,-134.681167,57.350167,-134.681667,641.9088,,,,,,,,,,Retained,,596
2024,611,1,710,37833,ILONA B,8/13/2024 12:47,9,30,710,345701,NSEI,57.335167,-134.681167,57.350167,-134.681667,641.9088,,,,,,,,,,Retained,,597
2024,611,1,710,37833,ILONA B,8/13/2024 12:47,9,30,710,345701,NSEI,57.335167,-134.681167,57.350167,-134.681667,641.9088,,,,,,,,,,Retained,,598
2024,611,1,710,37833,ILONA B,8/13/2024 12:47,9,30,710,345701,NSEI,57.335167,-134.681167,57.350167,-134.681667,641.9088,,,,,,,,,,Retained,,599
2024,611,1,710,37833,ILONA B,8/13/2024 12:47,9,30,710,345701,NSEI,57.335167,-134.681167,57.350167,-134.681667,641.9088,,,,,,,,,,Retained,,600
2024,611,1,710,37833,ILONA B,8/13/2024 12:47,9,30,710,345701,NSEI,57.335167,-134.681167,57.350167,-134.681667,641.9088,,,,,,,,,,Retained,,601
2024,611,1,710,37833,ILONA B,8/13/2024 12:47,9,30,710,345701,NSEI,57.335167,-134.681167,57.350167,-134.681667,641.9088,,,,,,,,,,Retained,,602
2024,611,1,710,37833,ILONA B,8/13/2024 12:47,9,30,710,345701,NSEI,57.335167,-134.681167,57.350167,-134.681667,641.9088,,,,,,,,,,Retained,,603
2024,611,1,710,37833,ILONA B,8/13/2024 12:47,9,30,710,345701,NSEI,57.335167,-134.681167,57.350167,-134.681667,641.9088,,,,,,,,,,Retained,,604
2024,611,1,710,37833,ILONA B,8/13/2024 12:47,9,30,710,345701,NSEI,57.335167,-134.681167,57.350167,-134.681667,641.9088,,,,,,,,,,Retained,,605
2024,611,1,710,37833,ILONA B,8/13/2024 12:47,9,30,710,345701,NSEI,57.335167,-134.681167,57.350167,-134.681667,641.9088,,,,,,,,,,Retained,,606
2024,611,1,710,37833,ILONA B,8/13/2024 12:47,9,30,710,345701,NSEI,57.335167,-134.681167,57.350167,-134.681667,641.9088,,,,,,,,,,Retained,,607
2024,611,1,710,37833,ILONA B,8/13/2024 12:47,9,30,710,345701,NSEI,57.335167,-134.681167,57.350167,-134.681667,641.9088,,,,,,,,,,Retained,,608
2024,611,1,710,37833,ILONA B,8/13/2024 12:47,9,30,710,345701,NSEI,57.335167,-134.681167,57.350167,-134.681667,641.9088,,,,,,,,,,Retained,,609
2024,611,1,710,37833,ILONA B,8/13/2024 12:47,9,30,710,345701,NSEI,57.335167,-134.681167,57.350167,-134.681667,641.9088,,,,,,,,,,Retained,,610
2024,611,1,710,37833,ILONA B,8/13/2024 12:47,9,30,710,345701,NSEI,57.335167,-134.681167,57.350167,-134.681667,641.9088,,,,,,,,,,Retained,,611
2024,611,1,710,37833,ILONA B,8/13/2024 12:47,9,30,710,345701,NSEI,57.335167,-134.681167,57.350167,-134.681667,641.9088,,,,,,,,,,Retained,,612
2024,611,1,710,37833,ILONA B,8/13/2024 12:47,9,30,710,345701,NSEI,57.335167,-134.681167,57.350167,-134.681667,641.9088,,,,,,,,,,Retained,,613
2024,611,1,710,37833,ILONA B,8/13/2024 12:47,9,30,710,345701,NSEI,57.335167,-134.681167,57.350167,-134.681667,641.9088,,,,,,,,,,Retained,,614
2024,611,1,710,37833,ILONA B,8/13/2024 12:47,9,30,710,345701,NSEI,57.335167,-134.681167,57.350167,-134.681667,641.9088,,,,,,,,,,Retained,,615
2024,611,1,710,37833,ILONA B,8/13/2024 12:47,9,30,710,345701,NSEI,57.335167,-134.681167,57.350167,-134.681667,641.9088,,,,,,,,,,Retained,,616
2024,611,1,710,37833,ILONA B,8/13/2024 12:47,9,30,710,345701,NSEI,57.335167,-134.681167,57.350167,-134.681667,641.9088,,,,,,,,,,Retained,,617
2024,611,1,710,37833,ILONA B,8/13/2024 12:47,9,30,710,345701,NSEI,57.335167,-134.681167,57.350167,-134.681667,641.9088,,,,,,,,,,Retained,,618
2024,611,1,710,37833,ILONA B,8/13/2024 12:47,9,30,710,345701,NSEI,57.335167,-134.681167,57.350167,-134.681667,641.9088,,,,,,,,,,Retained,,619
2024,611,1,710,37833,ILONA B,8/13/2024 12:47,9,30,710,345701,NSEI,57.335167,-134.681167,57.350167,-134.681667,641.9088,,,,,,,,,,Retained,,620
2024,611,1,710,37833,ILONA B,8/13/2024 12:47,9,30,710,345701,NSEI,57.335167,-134.681167,57.350167,-134.681667,641.9088,,,,,,,,,,Retained,,621
2024,611,1,710,37833,ILONA B,8/13/2024 12:47,9,30,710,345701,NSEI,57.335167,-134.681167,57.350167,-134.681667,641.9088,,,,,,,,,,Retained,,622
2024,611,1,710,37833,ILONA B,8/13/2024 12:47,9,30,710,345701,NSEI,57.335167,-134.681167,57.350167,-134.681667,641.9088,,,,,,,,,,Retained,,623
2024,611,1,710,37833,ILONA B,8/13/2024 12:47,9,30,710,345701,NSEI,57.335167,-134.681167,57.350167,-134.681667,641.9088,,,,,,,,,,Retained,,624
2024,611,1,710,37833,ILONA B,8/13/2024 12:47,9,30,710,345701,NSEI,57.335167,-134.681167,57.350167,-134.681667,641.9088,,,,,,,,,,Retained,,625
2024,611,1,710,37833,ILONA B,8/13/2024 12:47,9,30,710,345701,NSEI,57.335167,-134.681167,57.350167,-134.681667,641.9088,,,,,,,,,,Retained,,626
2024,611,1,710,37833,ILONA B,8/13/2024 12:47,9,30,710,345701,NSEI,57.335167,-134.681167,57.350167,-134.681667,641.9088,,,,,,,,,,Retained,,627
2024,611,1,710,37833,ILONA B,8/13/2024 12:47,9,30,710,345701,NSEI,57.335167,-134.681167,57.350167,-134.681667,641.9088,,,,,,,,,,Retained,,628
2024,611,1,710,37833,ILONA B,8/13/2024 12:47,9,30,710,345701,NSEI,57.335167,-134.681167,57.350167,-134.681667,641.9088,,,,,,,,,,Retained,,629
2024,611,1,710,37833,ILONA B,8/13/2024 12:47,9,30,710,345701,NSEI,57.335167,-134.681167,57.350167,-134.681667,641.9088,,,,,,,,,,Retained,,630
2024,611,1,710,37833,ILONA B,8/13/2024 12:47,9,30,710,345701,NSEI,57.335167,-134.681167,57.350167,-134.681667,641.9088,,,,,,,,,,Retained,,631
2024,611,1,710,37833,ILONA B,8/13/2024 12:47,9,30,710,345701,NSEI,57.335167,-134.681167,57.350167,-134.681667,641.9088,,,,,,,,,,Retained,,632
2024,611,1,710,37833,ILONA B,8/13/2024 12:47,9,30,710,345701,NSEI,57.335167,-134.681167,57.350167,-134.681667,641.9088,,,,,,,,,,Retained,,633
2024,611,1,710,37833,ILONA B,8/13/2024 12:47,9,30,710,345701,NSEI,57.335167,-134.681167,57.350167,-134.681667,641.9088,,,,,,,,,,Retained,,634
2024,611,1,710,37833,ILONA B,8/13/2024 12:47,9,30,710,345701,NSEI,57.335167,-134.681167,57.350167,-134.681667,641.9088,,,,,,,,,,Retained,,635
2024,611,1,710,37833,ILONA B,8/13/2024 12:47,9,30,710,345701,NSEI,57.335167,-134.681167,57.350167,-134.681667,641.9088,,,,,,,,,,Retained,,636
2024,611,1,710,37833,ILONA B,8/13/2024 12:47,9,30,710,345701,NSEI,57.335167,-134.681167,57.350167,-134.681667,641.9088,,,,,,,,,,Retained,,637
2024,611,1,710,37833,ILONA B,8/13/2024 12:47,9,30,710,345701,NSEI,57.335167,-134.681167,57.350167,-134.681667,641.9088,,,,,,,,,,Retained,,638
2024,611,1,710,37833,ILONA B,8/13/2024 12:47,9,30,710,345701,NSEI,57.335167,-134.681167,57.350167,-134.681667,641.9088,,,,,,,,,,Retained,,639
2024,611,1,710,37833,ILONA B,8/13/2024 12:47,9,30,710,345701,NSEI,57.335167,-134.681167,57.350167,-134.681667,641.9088,,,,,,,,,,Retained,,640
2024,611,1,710,37833,ILONA B,8/13/2024 12:47,9,30,710,345701,NSEI,57.335167,-134.681167,57.350167,-134.681667,641.9088,,,,,,,,,,Retained,,641
2024,611,1,710,37833,ILONA B,8/13/2024 12:47,9,30,710,345701,NSEI,57.335167,-134.681167,57.350167,-134.681667,641.9088,,,,,,,,,,Retained,,642
2024,611,1,710,37833,ILONA B,8/13/2024 12:47,9,30,710,345701,NSEI,57.335167,-134.681167,57.350167,-134.681667,641.9088,,,,,,,,,,Retained,,643
2024,611,1,710,37833,ILONA B,8/13/2024 15:44,10,33,710,345701,NSEI,57.418167,-134.718,57.432,-134.717833,607.1616,47,,,,,,,,,Retained,,90
2024,611,1,710,37833,ILONA B,8/13/2024 15:44,10,33,710,345701,NSEI,57.418167,-134.718,57.432,-134.717833,607.1616,48,,,,,,,,,Retained,,35
2024,611,1,710,37833,ILONA B,8/13/2024 15:44,10,33,710,345701,NSEI,57.418167,-134.718,57.432,-134.717833,607.1616,49,,,,,,,,,Retained,,110
2024,611,1,710,37833,ILONA B,8/13/2024 15:44,10,33,710,345701,NSEI,57.418167,-134.718,57.432,-134.717833,607.1616,50,,,,,,,,,Retained,,73
2024,611,1,710,37833,ILONA B,8/13/2024 15:44,10,33,710,345701,NSEI,57.418167,-134.718,57.432,-134.717833,607.1616,51,,,,,,,,,Retained,,74
2024,611,1,710,37833,ILONA B,8/13/2024 15:44,10,33,710,345701,NSEI,57.418167,-134.718,57.432,-134.717833,607.1616,51,,,,,,,,,Retained,,104
2024,611,1,710,37833,ILONA B,8/13/2024 15:44,10,33,710,345701,NSEI,57.418167,-134.718,57.432,-134.717833,607.1616,51,,,,,,,,,Retained,,107
2024,611,1,710,37833,ILONA B,8/13/2024 15:44,10,33,710,345701,NSEI,57.418167,-134.718,57.432,-134.717833,607.1616,52,1.6,5,,3,1,1,,,Retained,,71
2024,611,1,710,37833,ILONA B,8/13/2024 15:44,10,33,710,345701,NSEI,57.418167,-134.718,57.432,-134.717833,607.1616,52,,,,,,,,,Retained,,45
2024,611,1,710,37833,ILONA B,8/13/2024 15:44,10,33,710,345701,NSEI,57.418167,-134.718,57.432,-134.717833,607.1616,52,,,,,,,,,Retained,,95
2024,611,1,710,37833,ILONA B,8/13/2024 15:44,10,33,710,345701,NSEI,57.418167,-134.718,57.432,-134.717833,607.1616,52,,,,,,,,,Retained,,114
2024,611,1,710,37833,ILONA B,8/13/2024 15:44,10,33,710,345701,NSEI,57.418167,-134.718,57.432,-134.717833,607.1616,53,1.4,6,,2,1,1,,,Retained,,91
2024,611,1,710,37833,ILONA B,8/13/2024 15:44,10,33,710,345701,NSEI,57.418167,-134.718,57.432,-134.717833,607.1616,53,,,,,,,,,Retained,,4
2024,611,1,710,37833,ILONA B,8/13/2024 15:44,10,33,710,345701,NSEI,57.418167,-134.718,57.432,-134.717833,607.1616,53,,,,,,,,,Retained,,18
2024,611,1,710,37833,ILONA B,8/13/2024 15:44,10,33,710,345701,NSEI,57.418167,-134.718,57.432,-134.717833,607.1616,53,,,,,,,,,Retained,,52
2024,611,1,710,37833,ILONA B,8/13/2024 15:44,10,33,710,345701,NSEI,57.418167,-134.718,57.432,-134.717833,607.1616,53,,,,,,,,,Retained,,62
2024,611,1,710,37833,ILONA B,8/13/2024 15:44,10,33,710,345701,NSEI,57.418167,-134.718,57.432,-134.717833,607.1616,53,,,,,,,,,Retained,,87
2024,611,1,710,37833,ILONA B,8/13/2024 15:44,10,33,710,345701,NSEI,57.418167,-134.718,57.432,-134.717833,607.1616,54,1.5,6,,2,1,1,,,Retained,,16
2024,611,1,710,37833,ILONA B,8/13/2024 15:44,10,33,710,345701,NSEI,57.418167,-134.718,57.432,-134.717833,607.1616,54,1.7,7,,3,2,1,,,Retained,,96
2024,611,1,710,37833,ILONA B,8/13/2024 15:44,10,33,710,345701,NSEI,57.418167,-134.718,57.432,-134.717833,607.1616,54,,,,,,,,,Retained,,37
2024,611,1,710,37833,ILONA B,8/13/2024 15:44,10,33,710,345701,NSEI,57.418167,-134.718,57.432,-134.717833,607.1616,54,,,,,,,,,Retained,,59
2024,611,1,710,37833,ILONA B,8/13/2024 15:44,10,33,710,345701,NSEI,57.418167,-134.718,57.432,-134.717833,607.1616,54,,,,,,,,,Retained,,68
2024,611,1,710,37833,ILONA B,8/13/2024 15:44,10,33,710,345701,NSEI,57.418167,-134.718,57.432,-134.717833,607.1616,54,,,,,,,,,Retained,,75
2024,611,1,710,37833,ILONA B,8/13/2024 15:44,10,33,710,345701,NSEI,57.418167,-134.718,57.432,-134.717833,607.1616,54,,,,,,,,,Retained,,78
2024,611,1,710,37833,ILONA B,8/13/2024 15:44,10,33,710,345701,NSEI,57.418167,-134.718,57.432,-134.717833,607.1616,54,,,,,,,,,Retained,,100
2024,611,1,710,37833,ILONA B,8/13/2024 15:44,10,33,710,345701,NSEI,57.418167,-134.718,57.432,-134.717833,607.1616,54,,,,,,,,,Retained,,108
2024,611,1,710,37833,ILONA B,8/13/2024 15:44,10,33,710,345701,NSEI,57.418167,-134.718,57.432,-134.717833,607.1616,54,,,,,,,,,Retained,,109
2024,611,1,710,37833,ILONA B,8/13/2024 15:44,10,33,710,345701,NSEI,57.418167,-134.718,57.432,-134.717833,607.1616,55,1.9,8,,2,2,1,,,Retained,,51
2024,611,1,710,37833,ILONA B,8/13/2024 15:44,10,33,710,345701,NSEI,57.418167,-134.718,57.432,-134.717833,607.1616,55,1.9,8,,3,1,7,,,Retained,,6
2024,611,1,710,37833,ILONA B,8/13/2024 15:44,10,33,710,345701,NSEI,57.418167,-134.718,57.432,-134.717833,607.1616,55,,,,,,,,,Retained,,3
2024,611,1,710,37833,ILONA B,8/13/2024 15:44,10,33,710,345701,NSEI,57.418167,-134.718,57.432,-134.717833,607.1616,55,,,,,,,,,Retained,,5
2024,611,1,710,37833,ILONA B,8/13/2024 15:44,10,33,710,345701,NSEI,57.418167,-134.718,57.432,-134.717833,607.1616,55,,,,,,,,,Retained,,19
2024,611,1,710,37833,ILONA B,8/13/2024 15:44,10,33,710,345701,NSEI,57.418167,-134.718,57.432,-134.717833,607.1616,55,,,,,,,,,Retained,,20
2024,611,1,710,37833,ILONA B,8/13/2024 15:44,10,33,710,345701,NSEI,57.418167,-134.718,57.432,-134.717833,607.1616,55,,,,,,,,,Retained,,44
2024,611,1,710,37833,ILONA B,8/13/2024 15:44,10,33,710,345701,NSEI,57.418167,-134.718,57.432,-134.717833,607.1616,55,,,,,,,,,Retained,,72
2024,611,1,710,37833,ILONA B,8/13/2024 15:44,10,33,710,345701,NSEI,57.418167,-134.718,57.432,-134.717833,607.1616,55,,,,,,,,,Retained,,77
2024,611,1,710,37833,ILONA B,8/13/2024 15:44,10,33,710,345701,NSEI,57.418167,-134.718,57.432,-134.717833,607.1616,56,1.5,4,,2,2,1,,,Retained,,21
2024,611,1,710,37833,ILONA B,8/13/2024 15:44,10,33,710,345701,NSEI,57.418167,-134.718,57.432,-134.717833,607.1616,56,1.7,5,,2,2,1,,,Retained,,86
2024,611,1,710,37833,ILONA B,8/13/2024 15:44,10,33,710,345701,NSEI,57.418167,-134.718,57.432,-134.717833,607.1616,56,,,,,,,,,Retained,,22
2024,611,1,710,37833,ILONA B,8/13/2024 15:44,10,33,710,345701,NSEI,57.418167,-134.718,57.432,-134.717833,607.1616,56,,,,,,,,,Retained,,28
2024,611,1,710,37833,ILONA B,8/13/2024 15:44,10,33,710,345701,NSEI,57.418167,-134.718,57.432,-134.717833,607.1616,56,,,,,,,,,Retained,,29
2024,611,1,710,37833,ILONA B,8/13/2024 15:44,10,33,710,345701,NSEI,57.418167,-134.718,57.432,-134.717833,607.1616,56,,,,,,,,,Retained,,54
2024,611,1,710,37833,ILONA B,8/13/2024 15:44,10,33,710,345701,NSEI,57.418167,-134.718,57.432,-134.717833,607.1616,56,,,,,,,,,Retained,,97
2024,611,1,710,37833,ILONA B,8/13/2024 15:44,10,33,710,345701,NSEI,57.418167,-134.718,57.432,-134.717833,607.1616,56,,,,,,,,,Retained,,98
2024,611,1,710,37833,ILONA B,8/13/2024 15:44,10,33,710,345701,NSEI,57.418167,-134.718,57.432,-134.717833,607.1616,56,,,,,,,,,Retained,,103
2024,611,1,710,37833,ILONA B,8/13/2024 15:44,10,33,710,345701,NSEI,57.418167,-134.718,57.432,-134.717833,607.1616,57,,,,,,,,,Retained,,2
2024,611,1,710,37833,ILONA B,8/13/2024 15:44,10,33,710,345701,NSEI,57.418167,-134.718,57.432,-134.717833,607.1616,57,,,,,,,,,Retained,,8
2024,611,1,710,37833,ILONA B,8/13/2024 15:44,10,33,710,345701,NSEI,57.418167,-134.718,57.432,-134.717833,607.1616,57,,,,,,,,,Retained,,34
2024,611,1,710,37833,ILONA B,8/13/2024 15:44,10,33,710,345701,NSEI,57.418167,-134.718,57.432,-134.717833,607.1616,57,,,,,,,,,Retained,,67
2024,611,1,710,37833,ILONA B,8/13/2024 15:44,10,33,710,345701,NSEI,57.418167,-134.718,57.432,-134.717833,607.1616,57,,,,,,,,,Retained,,70
2024,611,1,710,37833,ILONA B,8/13/2024 15:44,10,33,710,345701,NSEI,57.418167,-134.718,57.432,-134.717833,607.1616,57,,,,,,,,,Retained,,105
2024,611,1,710,37833,ILONA B,8/13/2024 15:44,10,33,710,345701,NSEI,57.418167,-134.718,57.432,-134.717833,607.1616,58,2,6,,2,2,1,,,Retained,,11
2024,611,1,710,37833,ILONA B,8/13/2024 15:44,10,33,710,345701,NSEI,57.418167,-134.718,57.432,-134.717833,607.1616,58,2,6,,2,2,7,,,Retained,,61
2024,611,1,710,37833,ILONA B,8/13/2024 15:44,10,33,710,345701,NSEI,57.418167,-134.718,57.432,-134.717833,607.1616,58,2,7,,3,1,7,,,Retained,,101
2024,611,1,710,37833,ILONA B,8/13/2024 15:44,10,33,710,345701,NSEI,57.418167,-134.718,57.432,-134.717833,607.1616,58,2,9,,2,1,7,,,Retained,,66
2024,611,1,710,37833,ILONA B,8/13/2024 15:44,10,33,710,345701,NSEI,57.418167,-134.718,57.432,-134.717833,607.1616,58,2.1,6,,2,2,1,,,Retained,,56
2024,611,1,710,37833,ILONA B,8/13/2024 15:44,10,33,710,345701,NSEI,57.418167,-134.718,57.432,-134.717833,607.1616,58,2.1,7,,2,2,1,,,Retained,,121
2024,611,1,710,37833,ILONA B,8/13/2024 15:44,10,33,710,345701,NSEI,57.418167,-134.718,57.432,-134.717833,607.1616,58,,,,,,,,,Retained,,12
2024,611,1,710,37833,ILONA B,8/13/2024 15:44,10,33,710,345701,NSEI,57.418167,-134.718,57.432,-134.717833,607.1616,58,,,,,,,,,Retained,,24
2024,611,1,710,37833,ILONA B,8/13/2024 15:44,10,33,710,345701,NSEI,57.418167,-134.718,57.432,-134.717833,607.1616,58,,,,,,,,,Retained,,25
2024,611,1,710,37833,ILONA B,8/13/2024 15:44,10,33,710,345701,NSEI,57.418167,-134.718,57.432,-134.717833,607.1616,58,,,,,,,,,Retained,,48
2024,611,1,710,37833,ILONA B,8/13/2024 15:44,10,33,710,345701,NSEI,57.418167,-134.718,57.432,-134.717833,607.1616,58,,,,,,,,,Retained,,49
2024,611,1,710,37833,ILONA B,8/13/2024 15:44,10,33,710,345701,NSEI,57.418167,-134.718,57.432,-134.717833,607.1616,58,,,,,,,,,Retained,,53
2024,611,1,710,37833,ILONA B,8/13/2024 15:44,10,33,710,345701,NSEI,57.418167,-134.718,57.432,-134.717833,607.1616,58,,,,,,,,,Retained,,79
2024,611,1,710,37833,ILONA B,8/13/2024 15:44,10,33,710,345701,NSEI,57.418167,-134.718,57.432,-134.717833,607.1616,58,,,,,,,,,Retained,,80
2024,611,1,710,37833,ILONA B,8/13/2024 15:44,10,33,710,345701,NSEI,57.418167,-134.718,57.432,-134.717833,607.1616,58,,,,,,,,,Retained,,89
2024,611,1,710,37833,ILONA B,8/13/2024 15:44,10,33,710,345701,NSEI,57.418167,-134.718,57.432,-134.717833,607.1616,58,,,,,,,,,Retained,,102
2024,611,1,710,37833,ILONA B,8/13/2024 15:44,10,33,710,345701,NSEI,57.418167,-134.718,57.432,-134.717833,607.1616,58,,,,,,,,,Retained,,122
2024,611,1,710,37833,ILONA B,8/13/2024 15:44,10,33,710,345701,NSEI,57.418167,-134.718,57.432,-134.717833,607.1616,58,,,,,,,,,Retained,,128
2024,611,1,710,37833,ILONA B,8/13/2024 15:44,10,33,710,345701,NSEI,57.418167,-134.718,57.432,-134.717833,607.1616,59,2.3,11,,2,1,7,,,Retained,,116
2024,611,1,710,37833,ILONA B,8/13/2024 15:44,10,33,710,345701,NSEI,57.418167,-134.718,57.432,-134.717833,607.1616,59,,,,,,,,,Retained,,10
2024,611,1,710,37833,ILONA B,8/13/2024 15:44,10,33,710,345701,NSEI,57.418167,-134.718,57.432,-134.717833,607.1616,59,,,,,,,,,Retained,,17
2024,611,1,710,37833,ILONA B,8/13/2024 15:44,10,33,710,345701,NSEI,57.418167,-134.718,57.432,-134.717833,607.1616,59,,,,,,,,,Retained,,55
2024,611,1,710,37833,ILONA B,8/13/2024 15:44,10,33,710,345701,NSEI,57.418167,-134.718,57.432,-134.717833,607.1616,59,,,,,,,,,Retained,,88
2024,611,1,710,37833,ILONA B,8/13/2024 15:44,10,33,710,345701,NSEI,57.418167,-134.718,57.432,-134.717833,607.1616,59,,,,,,,,,Retained,,118
2024,611,1,710,37833,ILONA B,8/13/2024 15:44,10,33,710,345701,NSEI,57.418167,-134.718,57.432,-134.717833,607.1616,60,2,13,,3,1,7,,,Retained,,126
2024,611,1,710,37833,ILONA B,8/13/2024 15:44,10,33,710,345701,NSEI,57.418167,-134.718,57.432,-134.717833,607.1616,60,,,,,,,,,Retained,,14
2024,611,1,710,37833,ILONA B,8/13/2024 15:44,10,33,710,345701,NSEI,57.418167,-134.718,57.432,-134.717833,607.1616,60,,,,,,,,,Retained,,23
2024,611,1,710,37833,ILONA B,8/13/2024 15:44,10,33,710,345701,NSEI,57.418167,-134.718,57.432,-134.717833,607.1616,60,,,,,,,,,Retained,,39
2024,611,1,710,37833,ILONA B,8/13/2024 15:44,10,33,710,345701,NSEI,57.418167,-134.718,57.432,-134.717833,607.1616,60,,,,,,,,,Retained,,40
2024,611,1,710,37833,ILONA B,8/13/2024 15:44,10,33,710,345701,NSEI,57.418167,-134.718,57.432,-134.717833,607.1616,60,,,,,,,,,Retained,,43
2024,611,1,710,37833,ILONA B,8/13/2024 15:44,10,33,710,345701,NSEI,57.418167,-134.718,57.432,-134.717833,607.1616,60,,,,,,,,,Retained,,83
2024,611,1,710,37833,ILONA B,8/13/2024 15:44,10,33,710,345701,NSEI,57.418167,-134.718,57.432,-134.717833,607.1616,60,,,,,,,,,Retained,,93
2024,611,1,710,37833,ILONA B,8/13/2024 15:44,10,33,710,345701,NSEI,57.418167,-134.718,57.432,-134.717833,607.1616,60,,,,,,,,,Retained,,113
2024,611,1,710,37833,ILONA B,8/13/2024 15:44,10,33,710,345701,NSEI,57.418167,-134.718,57.432,-134.717833,607.1616,60,,,,,,,,,Retained,,115
2024,611,1,710,37833,ILONA B,8/13/2024 15:44,10,33,710,345701,NSEI,57.418167,-134.718,57.432,-134.717833,607.1616,60,,,,,,,,,Retained,,120
2024,611,1,710,37833,ILONA B,8/13/2024 15:44,10,33,710,345701,NSEI,57.418167,-134.718,57.432,-134.717833,607.1616,60,,,,,,,,,Retained,,123
2024,611,1,710,37833,ILONA B,8/13/2024 15:44,10,33,710,345701,NSEI,57.418167,-134.718,57.432,-134.717833,607.1616,60,,,,,,,,,Retained,,125
2024,611,1,710,37833,ILONA B,8/13/2024 15:44,10,33,710,345701,NSEI,57.418167,-134.718,57.432,-134.717833,607.1616,61,2.2,8,,2,1,7,,,Retained,,36
2024,611,1,710,37833,ILONA B,8/13/2024 15:44,10,33,710,345701,NSEI,57.418167,-134.718,57.432,-134.717833,607.1616,61,2.6,13,,2,2,7,,,Retained,,31
2024,611,1,710,37833,ILONA B,8/13/2024 15:44,10,33,710,345701,NSEI,57.418167,-134.718,57.432,-134.717833,607.1616,61,,,,,,,,,Retained,,42
2024,611,1,710,37833,ILONA B,8/13/2024 15:44,10,33,710,345701,NSEI,57.418167,-134.718,57.432,-134.717833,607.1616,61,,,,,,,,,Retained,,57
2024,611,1,710,37833,ILONA B,8/13/2024 15:44,10,33,710,345701,NSEI,57.418167,-134.718,57.432,-134.717833,607.1616,61,,,,,,,,,Retained,,58
2024,611,1,710,37833,ILONA B,8/13/2024 15:44,10,33,710,345701,NSEI,57.418167,-134.718,57.432,-134.717833,607.1616,61,,,,,,,,,Retained,,64
2024,611,1,710,37833,ILONA B,8/13/2024 15:44,10,33,710,345701,NSEI,57.418167,-134.718,57.432,-134.717833,607.1616,61,,,,,,,,,Retained,,92
2024,611,1,710,37833,ILONA B,8/13/2024 15:44,10,33,710,345701,NSEI,57.418167,-134.718,57.432,-134.717833,607.1616,61,,,,,,,,,Retained,,129
2024,611,1,710,37833,ILONA B,8/13/2024 15:44,10,33,710,345701,NSEI,57.418167,-134.718,57.432,-134.717833,607.1616,62,2.6,8,,2,2,7,,,Retained,,111
2024,611,1,710,37833,ILONA B,8/13/2024 15:44,10,33,710,345701,NSEI,57.418167,-134.718,57.432,-134.717833,607.1616,62,2.8,31,,3,1,7,,,Retained,,26
2024,611,1,710,37833,ILONA B,8/13/2024 15:44,10,33,710,345701,NSEI,57.418167,-134.718,57.432,-134.717833,607.1616,62,,,,,,,,,Retained,,13
2024,611,1,710,37833,ILONA B,8/13/2024 15:44,10,33,710,345701,NSEI,57.418167,-134.718,57.432,-134.717833,607.1616,62,,,,,,,,,Retained,,32
2024,611,1,710,37833,ILONA B,8/13/2024 15:44,10,33,710,345701,NSEI,57.418167,-134.718,57.432,-134.717833,607.1616,62,,,,,,,,,Retained,,50
2024,611,1,710,37833,ILONA B,8/13/2024 15:44,10,33,710,345701,NSEI,57.418167,-134.718,57.432,-134.717833,607.1616,63,2.7,7,,3,1,7,,,Retained,,41
2024,611,1,710,37833,ILONA B,8/13/2024 15:44,10,33,710,345701,NSEI,57.418167,-134.718,57.432,-134.717833,607.1616,63,2.7,12,,2,1,7,,,Retained,,46
2024,611,1,710,37833,ILONA B,8/13/2024 15:44,10,33,710,345701,NSEI,57.418167,-134.718,57.432,-134.717833,607.1616,63,,,,,,,,,Retained,,119
2024,611,1,710,37833,ILONA B,8/13/2024 15:44,10,33,710,345701,NSEI,57.418167,-134.718,57.432,-134.717833,607.1616,64,,,,,,,,,Retained,,47
2024,611,1,710,37833,ILONA B,8/13/2024 15:44,10,33,710,345701,NSEI,57.418167,-134.718,57.432,-134.717833,607.1616,64,,,,,,,,,Retained,,63
2024,611,1,710,37833,ILONA B,8/13/2024 15:44,10,33,710,345701,NSEI,57.418167,-134.718,57.432,-134.717833,607.1616,64,,,,,,,,,Retained,,69
2024,611,1,710,37833,ILONA B,8/13/2024 15:44,10,33,710,345701,NSEI,57.418167,-134.718,57.432,-134.717833,607.1616,64,,,,,,,,,Retained,,84
2024,611,1,710,37833,ILONA B,8/13/2024 15:44,10,33,710,345701,NSEI,57.418167,-134.718,57.432,-134.717833,607.1616,64,,,,,,,,,Retained,,85
2024,611,1,710,37833,ILONA B,8/13/2024 15:44,10,33,710,345701,NSEI,57.418167,-134.718,57.432,-134.717833,607.1616,64,,,,,,,,,Retained,,94
2024,611,1,710,37833,ILONA B,8/13/2024 15:44,10,33,710,345701,NSEI,57.418167,-134.718,57.432,-134.717833,607.1616,64,,,,,,,,,Retained,,99
2024,611,1,710,37833,ILONA B,8/13/2024 15:44,10,33,710,345701,NSEI,57.418167,-134.718,57.432,-134.717833,607.1616,64,,,,,,,,,Retained,,112
2024,611,1,710,37833,ILONA B,8/13/2024 15:44,10,33,710,345701,NSEI,57.418167,-134.718,57.432,-134.717833,607.1616,64,,,,,,,,,Retained,,127
2024,611,1,710,37833,ILONA B,8/13/2024 15:44,10,33,710,345701,NSEI,57.418167,-134.718,57.432,-134.717833,607.1616,65,,,,,,,,,Retained,,15
2024,611,1,710,37833,ILONA B,8/13/2024 15:44,10,33,710,345701,NSEI,57.418167,-134.718,57.432,-134.717833,607.1616,65,,,,,,,,,Retained,,60
2024,611,1,710,37833,ILONA B,8/13/2024 15:44,10,33,710,345701,NSEI,57.418167,-134.718,57.432,-134.717833,607.1616,66,2.8,11,,3,2,7,,,Retained,,106
2024,611,1,710,37833,ILONA B,8/13/2024 15:44,10,33,710,345701,NSEI,57.418167,-134.718,57.432,-134.717833,607.1616,66,3,24,,2,1,7,,,Retained,,76
2024,611,1,710,37833,ILONA B,8/13/2024 15:44,10,33,710,345701,NSEI,57.418167,-134.718,57.432,-134.717833,607.1616,66,,,,,,,,,Retained,,30
2024,611,1,710,37833,ILONA B,8/13/2024 15:44,10,33,710,345701,NSEI,57.418167,-134.718,57.432,-134.717833,607.1616,66,,,,,,,,,Retained,,82
2024,611,1,710,37833,ILONA B,8/13/2024 15:44,10,33,710,345701,NSEI,57.418167,-134.718,57.432,-134.717833,607.1616,66,,,,,,,,,Retained,,124
2024,611,1,710,37833,ILONA B,8/13/2024 15:44,10,33,710,345701,NSEI,57.418167,-134.718,57.432,-134.717833,607.1616,67,3.4,14,,3,2,7,,,Retained,,1
2024,611,1,710,37833,ILONA B,8/13/2024 15:44,10,33,710,345701,NSEI,57.418167,-134.718,57.432,-134.717833,607.1616,67,,,,,,,,,Retained,,7
2024,611,1,710,37833,ILONA B,8/13/2024 15:44,10,33,710,345701,NSEI,57.418167,-134.718,57.432,-134.717833,607.1616,67,,,,,,,,,Retained,,33
2024,611,1,710,37833,ILONA B,8/13/2024 15:44,10,33,710,345701,NSEI,57.418167,-134.718,57.432,-134.717833,607.1616,67,,,,,,,,,Retained,,65
2024,611,1,710,37833,ILONA B,8/13/2024 15:44,10,33,710,345701,NSEI,57.418167,-134.718,57.432,-134.717833,607.1616,68,2.9,10,,3,2,7,,,Retained,,81
2024,611,1,710,37833,ILONA B,8/13/2024 15:44,10,33,710,345701,NSEI,57.418167,-134.718,57.432,-134.717833,607.1616,68,,,,,,,,,Retained,,38
2024,611,1,710,37833,ILONA B,8/13/2024 15:44,10,33,710,345701,NSEI,57.418167,-134.718,57.432,-134.717833,607.1616,68,,,,,,,,,Retained,,117
2024,611,1,710,37833,ILONA B,8/13/2024 15:44,10,33,710,345701,NSEI,57.418167,-134.718,57.432,-134.717833,607.1616,71,,,,,,,,,Retained,,9
2024,611,1,710,37833,ILONA B,8/13/2024 15:44,10,33,710,345701,NSEI,57.418167,-134.718,57.432,-134.717833,607.1616,74,,,,,,,,,Retained,,130
2024,611,1,710,37833,ILONA B,8/13/2024 15:44,10,33,710,345701,NSEI,57.418167,-134.718,57.432,-134.717833,607.1616,75,,,,,,,,,Retained,,27
2024,611,1,710,37833,ILONA B,8/13/2024 15:44,10,33,710,345701,NSEI,57.418167,-134.718,57.432,-134.717833,607.1616,,,,,,,,,,"Discarded, too small",,626
2024,611,1,710,37833,ILONA B,8/13/2024 15:44,10,33,710,345701,NSEI,57.418167,-134.718,57.432,-134.717833,607.1616,,,,,,,,,,"Discarded, too small",,628
2024,611,1,710,37833,ILONA B,8/13/2024 15:44,10,33,710,345701,NSEI,57.418167,-134.718,57.432,-134.717833,607.1616,,,,,,,,,,Lost,,625
2024,611,1,710,37833,ILONA B,8/13/2024 15:44,10,33,710,345701,NSEI,57.418167,-134.718,57.432,-134.717833,607.1616,,,,,,,,,,Retained,,131
2024,611,1,710,37833,ILONA B,8/13/2024 15:44,10,33,710,345701,NSEI,57.418167,-134.718,57.432,-134.717833,607.1616,,,,,,,,,,Retained,,132
2024,611,1,710,37833,ILONA B,8/13/2024 15:44,10,33,710,345701,NSEI,57.418167,-134.718,57.432,-134.717833,607.1616,,,,,,,,,,Retained,,133
2024,611,1,710,37833,ILONA B,8/13/2024 15:44,10,33,710,345701,NSEI,57.418167,-134.718,57.432,-134.717833,607.1616,,,,,,,,,,Retained,,134
2024,611,1,710,37833,ILONA B,8/13/2024 15:44,10,33,710,345701,NSEI,57.418167,-134.718,57.432,-134.717833,607.1616,,,,,,,,,,Retained,,135
2024,611,1,710,37833,ILONA B,8/13/2024 15:44,10,33,710,345701,NSEI,57.418167,-134.718,57.432,-134.717833,607.1616,,,,,,,,,,Retained,,136
2024,611,1,710,37833,ILONA B,8/13/2024 15:44,10,33,710,345701,NSEI,57.418167,-134.718,57.432,-134.717833,607.1616,,,,,,,,,,Retained,,137
2024,611,1,710,37833,ILONA B,8/13/2024 15:44,10,33,710,345701,NSEI,57.418167,-134.718,57.432,-134.717833,607.1616,,,,,,,,,,Retained,,138
2024,611,1,710,37833,ILONA B,8/13/2024 15:44,10,33,710,345701,NSEI,57.418167,-134.718,57.432,-134.717833,607.1616,,,,,,,,,,Retained,,139
2024,611,1,710,37833,ILONA B,8/13/2024 15:44,10,33,710,345701,NSEI,57.418167,-134.718,57.432,-134.717833,607.1616,,,,,,,,,,Retained,,140
2024,611,1,710,37833,ILONA B,8/13/2024 15:44,10,33,710,345701,NSEI,57.418167,-134.718,57.432,-134.717833,607.1616,,,,,,,,,,Retained,,141
2024,611,1,710,37833,ILONA B,8/13/2024 15:44,10,33,710,345701,NSEI,57.418167,-134.718,57.432,-134.717833,607.1616,,,,,,,,,,Retained,,142
2024,611,1,710,37833,ILONA B,8/13/2024 15:44,10,33,710,345701,NSEI,57.418167,-134.718,57.432,-134.717833,607.1616,,,,,,,,,,Retained,,143
2024,611,1,710,37833,ILONA B,8/13/2024 15:44,10,33,710,345701,NSEI,57.418167,-134.718,57.432,-134.717833,607.1616,,,,,,,,,,Retained,,144
2024,611,1,710,37833,ILONA B,8/13/2024 15:44,10,33,710,345701,NSEI,57.418167,-134.718,57.432,-134.717833,607.1616,,,,,,,,,,Retained,,145
2024,611,1,710,37833,ILONA B,8/13/2024 15:44,10,33,710,345701,NSEI,57.418167,-134.718,57.432,-134.717833,607.1616,,,,,,,,,,Retained,,146
2024,611,1,710,37833,ILONA B,8/13/2024 15:44,10,33,710,345701,NSEI,57.418167,-134.718,57.432,-134.717833,607.1616,,,,,,,,,,Retained,,147
2024,611,1,710,37833,ILONA B,8/13/2024 15:44,10,33,710,345701,NSEI,57.418167,-134.718,57.432,-134.717833,607.1616,,,,,,,,,,Retained,,148
2024,611,1,710,37833,ILONA B,8/13/2024 15:44,10,33,710,345701,NSEI,57.418167,-134.718,57.432,-134.717833,607.1616,,,,,,,,,,Retained,,149
2024,611,1,710,37833,ILONA B,8/13/2024 15:44,10,33,710,345701,NSEI,57.418167,-134.718,57.432,-134.717833,607.1616,,,,,,,,,,Retained,,150
2024,611,1,710,37833,ILONA B,8/13/2024 15:44,10,33,710,345701,NSEI,57.418167,-134.718,57.432,-134.717833,607.1616,,,,,,,,,,Retained,,151
2024,611,1,710,37833,ILONA B,8/13/2024 15:44,10,33,710,345701,NSEI,57.418167,-134.718,57.432,-134.717833,607.1616,,,,,,,,,,Retained,,152
2024,611,1,710,37833,ILONA B,8/13/2024 15:44,10,33,710,345701,NSEI,57.418167,-134.718,57.432,-134.717833,607.1616,,,,,,,,,,Retained,,153
2024,611,1,710,37833,ILONA B,8/13/2024 15:44,10,33,710,345701,NSEI,57.418167,-134.718,57.432,-134.717833,607.1616,,,,,,,,,,Retained,,154
2024,611,1,710,37833,ILONA B,8/13/2024 15:44,10,33,710,345701,NSEI,57.418167,-134.718,57.432,-134.717833,607.1616,,,,,,,,,,Retained,,155
2024,611,1,710,37833,ILONA B,8/13/2024 15:44,10,33,710,345701,NSEI,57.418167,-134.718,57.432,-134.717833,607.1616,,,,,,,,,,Retained,,156
2024,611,1,710,37833,ILONA B,8/13/2024 15:44,10,33,710,345701,NSEI,57.418167,-134.718,57.432,-134.717833,607.1616,,,,,,,,,,Retained,,157
2024,611,1,710,37833,ILONA B,8/13/2024 15:44,10,33,710,345701,NSEI,57.418167,-134.718,57.432,-134.717833,607.1616,,,,,,,,,,Retained,,158
2024,611,1,710,37833,ILONA B,8/13/2024 15:44,10,33,710,345701,NSEI,57.418167,-134.718,57.432,-134.717833,607.1616,,,,,,,,,,Retained,,159
2024,611,1,710,37833,ILONA B,8/13/2024 15:44,10,33,710,345701,NSEI,57.418167,-134.718,57.432,-134.717833,607.1616,,,,,,,,,,Retained,,160
2024,611,1,710,37833,ILONA B,8/13/2024 15:44,10,33,710,345701,NSEI,57.418167,-134.718,57.432,-134.717833,607.1616,,,,,,,,,,Retained,,161
2024,611,1,710,37833,ILONA B,8/13/2024 15:44,10,33,710,345701,NSEI,57.418167,-134.718,57.432,-134.717833,607.1616,,,,,,,,,,Retained,,162
2024,611,1,710,37833,ILONA B,8/13/2024 15:44,10,33,710,345701,NSEI,57.418167,-134.718,57.432,-134.717833,607.1616,,,,,,,,,,Retained,,163
2024,611,1,710,37833,ILONA B,8/13/2024 15:44,10,33,710,345701,NSEI,57.418167,-134.718,57.432,-134.717833,607.1616,,,,,,,,,,Retained,,164
2024,611,1,710,37833,ILONA B,8/13/2024 15:44,10,33,710,345701,NSEI,57.418167,-134.718,57.432,-134.717833,607.1616,,,,,,,,,,Retained,,165
2024,611,1,710,37833,ILONA B,8/13/2024 15:44,10,33,710,345701,NSEI,57.418167,-134.718,57.432,-134.717833,607.1616,,,,,,,,,,Retained,,166
2024,611,1,710,37833,ILONA B,8/13/2024 15:44,10,33,710,345701,NSEI,57.418167,-134.718,57.432,-134.717833,607.1616,,,,,,,,,,Retained,,167
2024,611,1,710,37833,ILONA B,8/13/2024 15:44,10,33,710,345701,NSEI,57.418167,-134.718,57.432,-134.717833,607.1616,,,,,,,,,,Retained,,168
2024,611,1,710,37833,ILONA B,8/13/2024 15:44,10,33,710,345701,NSEI,57.418167,-134.718,57.432,-134.717833,607.1616,,,,,,,,,,Retained,,169
2024,611,1,710,37833,ILONA B,8/13/2024 15:44,10,33,710,345701,NSEI,57.418167,-134.718,57.432,-134.717833,607.1616,,,,,,,,,,Retained,,170
2024,611,1,710,37833,ILONA B,8/13/2024 15:44,10,33,710,345701,NSEI,57.418167,-134.718,57.432,-134.717833,607.1616,,,,,,,,,,Retained,,171
2024,611,1,710,37833,ILONA B,8/13/2024 15:44,10,33,710,345701,NSEI,57.418167,-134.718,57.432,-134.717833,607.1616,,,,,,,,,,Retained,,172
2024,611,1,710,37833,ILONA B,8/13/2024 15:44,10,33,710,345701,NSEI,57.418167,-134.718,57.432,-134.717833,607.1616,,,,,,,,,,Retained,,173
2024,611,1,710,37833,ILONA B,8/13/2024 15:44,10,33,710,345701,NSEI,57.418167,-134.718,57.432,-134.717833,607.1616,,,,,,,,,,Retained,,174
2024,611,1,710,37833,ILONA B,8/13/2024 15:44,10,33,710,345701,NSEI,57.418167,-134.718,57.432,-134.717833,607.1616,,,,,,,,,,Retained,,175
2024,611,1,710,37833,ILONA B,8/13/2024 15:44,10,33,710,345701,NSEI,57.418167,-134.718,57.432,-134.717833,607.1616,,,,,,,,,,Retained,,176
2024,611,1,710,37833,ILONA B,8/13/2024 15:44,10,33,710,345701,NSEI,57.418167,-134.718,57.432,-134.717833,607.1616,,,,,,,,,,Retained,,177
2024,611,1,710,37833,ILONA B,8/13/2024 15:44,10,33,710,345701,NSEI,57.418167,-134.718,57.432,-134.717833,607.1616,,,,,,,,,,Retained,,178
2024,611,1,710,37833,ILONA B,8/13/2024 15:44,10,33,710,345701,NSEI,57.418167,-134.718,57.432,-134.717833,607.1616,,,,,,,,,,Retained,,179
2024,611,1,710,37833,ILONA B,8/13/2024 15:44,10,33,710,345701,NSEI,57.418167,-134.718,57.432,-134.717833,607.1616,,,,,,,,,,Retained,,180
2024,611,1,710,37833,ILONA B,8/13/2024 15:44,10,33,710,345701,NSEI,57.418167,-134.718,57.432,-134.717833,607.1616,,,,,,,,,,Retained,,181
2024,611,1,710,37833,ILONA B,8/13/2024 15:44,10,33,710,345701,NSEI,57.418167,-134.718,57.432,-134.717833,607.1616,,,,,,,,,,Retained,,182
2024,611,1,710,37833,ILONA B,8/13/2024 15:44,10,33,710,345701,NSEI,57.418167,-134.718,57.432,-134.717833,607.1616,,,,,,,,,,Retained,,183
2024,611,1,710,37833,ILONA B,8/13/2024 15:44,10,33,710,345701,NSEI,57.418167,-134.718,57.432,-134.717833,607.1616,,,,,,,,,,Retained,,184
2024,611,1,710,37833,ILONA B,8/13/2024 15:44,10,33,710,345701,NSEI,57.418167,-134.718,57.432,-134.717833,607.1616,,,,,,,,,,Retained,,185
2024,611,1,710,37833,ILONA B,8/13/2024 15:44,10,33,710,345701,NSEI,57.418167,-134.718,57.432,-134.717833,607.1616,,,,,,,,,,Retained,,186
2024,611,1,710,37833,ILONA B,8/13/2024 15:44,10,33,710,345701,NSEI,57.418167,-134.718,57.432,-134.717833,607.1616,,,,,,,,,,Retained,,187
2024,611,1,710,37833,ILONA B,8/13/2024 15:44,10,33,710,345701,NSEI,57.418167,-134.718,57.432,-134.717833,607.1616,,,,,,,,,,Retained,,188
2024,611,1,710,37833,ILONA B,8/13/2024 15:44,10,33,710,345701,NSEI,57.418167,-134.718,57.432,-134.717833,607.1616,,,,,,,,,,Retained,,189
2024,611,1,710,37833,ILONA B,8/13/2024 15:44,10,33,710,345701,NSEI,57.418167,-134.718,57.432,-134.717833,607.1616,,,,,,,,,,Retained,,190
2024,611,1,710,37833,ILONA B,8/13/2024 15:44,10,33,710,345701,NSEI,57.418167,-134.718,57.432,-134.717833,607.1616,,,,,,,,,,Retained,,191
2024,611,1,710,37833,ILONA B,8/13/2024 15:44,10,33,710,345701,NSEI,57.418167,-134.718,57.432,-134.717833,607.1616,,,,,,,,,,Retained,,192
2024,611,1,710,37833,ILONA B,8/13/2024 15:44,10,33,710,345701,NSEI,57.418167,-134.718,57.432,-134.717833,607.1616,,,,,,,,,,Retained,,193
2024,611,1,710,37833,ILONA B,8/13/2024 15:44,10,33,710,345701,NSEI,57.418167,-134.718,57.432,-134.717833,607.1616,,,,,,,,,,Retained,,194
2024,611,1,710,37833,ILONA B,8/13/2024 15:44,10,33,710,345701,NSEI,57.418167,-134.718,57.432,-134.717833,607.1616,,,,,,,,,,Retained,,195
2024,611,1,710,37833,ILONA B,8/13/2024 15:44,10,33,710,345701,NSEI,57.418167,-134.718,57.432,-134.717833,607.1616,,,,,,,,,,Retained,,196
2024,611,1,710,37833,ILONA B,8/13/2024 15:44,10,33,710,345701,NSEI,57.418167,-134.718,57.432,-134.717833,607.1616,,,,,,,,,,Retained,,197
2024,611,1,710,37833,ILONA B,8/13/2024 15:44,10,33,710,345701,NSEI,57.418167,-134.718,57.432,-134.717833,607.1616,,,,,,,,,,Retained,,198
2024,611,1,710,37833,ILONA B,8/13/2024 15:44,10,33,710,345701,NSEI,57.418167,-134.718,57.432,-134.717833,607.1616,,,,,,,,,,Retained,,199
2024,611,1,710,37833,ILONA B,8/13/2024 15:44,10,33,710,345701,NSEI,57.418167,-134.718,57.432,-134.717833,607.1616,,,,,,,,,,Retained,,200
2024,611,1,710,37833,ILONA B,8/13/2024 15:44,10,33,710,345701,NSEI,57.418167,-134.718,57.432,-134.717833,607.1616,,,,,,,,,,Retained,,201
2024,611,1,710,37833,ILONA B,8/13/2024 15:44,10,33,710,345701,NSEI,57.418167,-134.718,57.432,-134.717833,607.1616,,,,,,,,,,Retained,,202
2024,611,1,710,37833,ILONA B,8/13/2024 15:44,10,33,710,345701,NSEI,57.418167,-134.718,57.432,-134.717833,607.1616,,,,,,,,,,Retained,,203
2024,611,1,710,37833,ILONA B,8/13/2024 15:44,10,33,710,345701,NSEI,57.418167,-134.718,57.432,-134.717833,607.1616,,,,,,,,,,Retained,,204
2024,611,1,710,37833,ILONA B,8/13/2024 15:44,10,33,710,345701,NSEI,57.418167,-134.718,57.432,-134.717833,607.1616,,,,,,,,,,Retained,,205
2024,611,1,710,37833,ILONA B,8/13/2024 15:44,10,33,710,345701,NSEI,57.418167,-134.718,57.432,-134.717833,607.1616,,,,,,,,,,Retained,,206
2024,611,1,710,37833,ILONA B,8/13/2024 15:44,10,33,710,345701,NSEI,57.418167,-134.718,57.432,-134.717833,607.1616,,,,,,,,,,Retained,,207
2024,611,1,710,37833,ILONA B,8/13/2024 15:44,10,33,710,345701,NSEI,57.418167,-134.718,57.432,-134.717833,607.1616,,,,,,,,,,Retained,,208
2024,611,1,710,37833,ILONA B,8/13/2024 15:44,10,33,710,345701,NSEI,57.418167,-134.718,57.432,-134.717833,607.1616,,,,,,,,,,Retained,,209
2024,611,1,710,37833,ILONA B,8/13/2024 15:44,10,33,710,345701,NSEI,57.418167,-134.718,57.432,-134.717833,607.1616,,,,,,,,,,Retained,,210
2024,611,1,710,37833,ILONA B,8/13/2024 15:44,10,33,710,345701,NSEI,57.418167,-134.718,57.432,-134.717833,607.1616,,,,,,,,,,Retained,,211
2024,611,1,710,37833,ILONA B,8/13/2024 15:44,10,33,710,345701,NSEI,57.418167,-134.718,57.432,-134.717833,607.1616,,,,,,,,,,Retained,,212
2024,611,1,710,37833,ILONA B,8/13/2024 15:44,10,33,710,345701,NSEI,57.418167,-134.718,57.432,-134.717833,607.1616,,,,,,,,,,Retained,,213
2024,611,1,710,37833,ILONA B,8/13/2024 15:44,10,33,710,345701,NSEI,57.418167,-134.718,57.432,-134.717833,607.1616,,,,,,,,,,Retained,,214
2024,611,1,710,37833,ILONA B,8/13/2024 15:44,10,33,710,345701,NSEI,57.418167,-134.718,57.432,-134.717833,607.1616,,,,,,,,,,Retained,,215
2024,611,1,710,37833,ILONA B,8/13/2024 15:44,10,33,710,345701,NSEI,57.418167,-134.718,57.432,-134.717833,607.1616,,,,,,,,,,Retained,,216
2024,611,1,710,37833,ILONA B,8/13/2024 15:44,10,33,710,345701,NSEI,57.418167,-134.718,57.432,-134.717833,607.1616,,,,,,,,,,Retained,,217
2024,611,1,710,37833,ILONA B,8/13/2024 15:44,10,33,710,345701,NSEI,57.418167,-134.718,57.432,-134.717833,607.1616,,,,,,,,,,Retained,,218
2024,611,1,710,37833,ILONA B,8/13/2024 15:44,10,33,710,345701,NSEI,57.418167,-134.718,57.432,-134.717833,607.1616,,,,,,,,,,Retained,,219
2024,611,1,710,37833,ILONA B,8/13/2024 15:44,10,33,710,345701,NSEI,57.418167,-134.718,57.432,-134.717833,607.1616,,,,,,,,,,Retained,,220
2024,611,1,710,37833,ILONA B,8/13/2024 15:44,10,33,710,345701,NSEI,57.418167,-134.718,57.432,-134.717833,607.1616,,,,,,,,,,Retained,,221
2024,611,1,710,37833,ILONA B,8/13/2024 15:44,10,33,710,345701,NSEI,57.418167,-134.718,57.432,-134.717833,607.1616,,,,,,,,,,Retained,,222
2024,611,1,710,37833,ILONA B,8/13/2024 15:44,10,33,710,345701,NSEI,57.418167,-134.718,57.432,-134.717833,607.1616,,,,,,,,,,Retained,,223
2024,611,1,710,37833,ILONA B,8/13/2024 15:44,10,33,710,345701,NSEI,57.418167,-134.718,57.432,-134.717833,607.1616,,,,,,,,,,Retained,,224
2024,611,1,710,37833,ILONA B,8/13/2024 15:44,10,33,710,345701,NSEI,57.418167,-134.718,57.432,-134.717833,607.1616,,,,,,,,,,Retained,,225
2024,611,1,710,37833,ILONA B,8/13/2024 15:44,10,33,710,345701,NSEI,57.418167,-134.718,57.432,-134.717833,607.1616,,,,,,,,,,Retained,,226
2024,611,1,710,37833,ILONA B,8/13/2024 15:44,10,33,710,345701,NSEI,57.418167,-134.718,57.432,-134.717833,607.1616,,,,,,,,,,Retained,,227
2024,611,1,710,37833,ILONA B,8/13/2024 15:44,10,33,710,345701,NSEI,57.418167,-134.718,57.432,-134.717833,607.1616,,,,,,,,,,Retained,,228
2024,611,1,710,37833,ILONA B,8/13/2024 15:44,10,33,710,345701,NSEI,57.418167,-134.718,57.432,-134.717833,607.1616,,,,,,,,,,Retained,,229
2024,611,1,710,37833,ILONA B,8/13/2024 15:44,10,33,710,345701,NSEI,57.418167,-134.718,57.432,-134.717833,607.1616,,,,,,,,,,Retained,,230
2024,611,1,710,37833,ILONA B,8/13/2024 15:44,10,33,710,345701,NSEI,57.418167,-134.718,57.432,-134.717833,607.1616,,,,,,,,,,Retained,,231
2024,611,1,710,37833,ILONA B,8/13/2024 15:44,10,33,710,345701,NSEI,57.418167,-134.718,57.432,-134.717833,607.1616,,,,,,,,,,Retained,,232
2024,611,1,710,37833,ILONA B,8/13/2024 15:44,10,33,710,345701,NSEI,57.418167,-134.718,57.432,-134.717833,607.1616,,,,,,,,,,Retained,,233
2024,611,1,710,37833,ILONA B,8/13/2024 15:44,10,33,710,345701,NSEI,57.418167,-134.718,57.432,-134.717833,607.1616,,,,,,,,,,Retained,,234
2024,611,1,710,37833,ILONA B,8/13/2024 15:44,10,33,710,345701,NSEI,57.418167,-134.718,57.432,-134.717833,607.1616,,,,,,,,,,Retained,,235
2024,611,1,710,37833,ILONA B,8/13/2024 15:44,10,33,710,345701,NSEI,57.418167,-134.718,57.432,-134.717833,607.1616,,,,,,,,,,Retained,,236
2024,611,1,710,37833,ILONA B,8/13/2024 15:44,10,33,710,345701,NSEI,57.418167,-134.718,57.432,-134.717833,607.1616,,,,,,,,,,Retained,,237
2024,611,1,710,37833,ILONA B,8/13/2024 15:44,10,33,710,345701,NSEI,57.418167,-134.718,57.432,-134.717833,607.1616,,,,,,,,,,Retained,,238
2024,611,1,710,37833,ILONA B,8/13/2024 15:44,10,33,710,345701,NSEI,57.418167,-134.718,57.432,-134.717833,607.1616,,,,,,,,,,Retained,,239
2024,611,1,710,37833,ILONA B,8/13/2024 15:44,10,33,710,345701,NSEI,57.418167,-134.718,57.432,-134.717833,607.1616,,,,,,,,,,Retained,,240
2024,611,1,710,37833,ILONA B,8/13/2024 15:44,10,33,710,345701,NSEI,57.418167,-134.718,57.432,-134.717833,607.1616,,,,,,,,,,Retained,,241
2024,611,1,710,37833,ILONA B,8/13/2024 15:44,10,33,710,345701,NSEI,57.418167,-134.718,57.432,-134.717833,607.1616,,,,,,,,,,Retained,,242
2024,611,1,710,37833,ILONA B,8/13/2024 15:44,10,33,710,345701,NSEI,57.418167,-134.718,57.432,-134.717833,607.1616,,,,,,,,,,Retained,,243
2024,611,1,710,37833,ILONA B,8/13/2024 15:44,10,33,710,345701,NSEI,57.418167,-134.718,57.432,-134.717833,607.1616,,,,,,,,,,Retained,,244
2024,611,1,710,37833,ILONA B,8/13/2024 15:44,10,33,710,345701,NSEI,57.418167,-134.718,57.432,-134.717833,607.1616,,,,,,,,,,Retained,,245
2024,611,1,710,37833,ILONA B,8/13/2024 15:44,10,33,710,345701,NSEI,57.418167,-134.718,57.432,-134.717833,607.1616,,,,,,,,,,Retained,,246
2024,611,1,710,37833,ILONA B,8/13/2024 15:44,10,33,710,345701,NSEI,57.418167,-134.718,57.432,-134.717833,607.1616,,,,,,,,,,Retained,,247
2024,611,1,710,37833,ILONA B,8/13/2024 15:44,10,33,710,345701,NSEI,57.418167,-134.718,57.432,-134.717833,607.1616,,,,,,,,,,Retained,,248
2024,611,1,710,37833,ILONA B,8/13/2024 15:44,10,33,710,345701,NSEI,57.418167,-134.718,57.432,-134.717833,607.1616,,,,,,,,,,Retained,,249
2024,611,1,710,37833,ILONA B,8/13/2024 15:44,10,33,710,345701,NSEI,57.418167,-134.718,57.432,-134.717833,607.1616,,,,,,,,,,Retained,,250
2024,611,1,710,37833,ILONA B,8/13/2024 15:44,10,33,710,345701,NSEI,57.418167,-134.718,57.432,-134.717833,607.1616,,,,,,,,,,Retained,,251
2024,611,1,710,37833,ILONA B,8/13/2024 15:44,10,33,710,345701,NSEI,57.418167,-134.718,57.432,-134.717833,607.1616,,,,,,,,,,Retained,,252
2024,611,1,710,37833,ILONA B,8/13/2024 15:44,10,33,710,345701,NSEI,57.418167,-134.718,57.432,-134.717833,607.1616,,,,,,,,,,Retained,,253
2024,611,1,710,37833,ILONA B,8/13/2024 15:44,10,33,710,345701,NSEI,57.418167,-134.718,57.432,-134.717833,607.1616,,,,,,,,,,Retained,,254
2024,611,1,710,37833,ILONA B,8/13/2024 15:44,10,33,710,345701,NSEI,57.418167,-134.718,57.432,-134.717833,607.1616,,,,,,,,,,Retained,,255
2024,611,1,710,37833,ILONA B,8/13/2024 15:44,10,33,710,345701,NSEI,57.418167,-134.718,57.432,-134.717833,607.1616,,,,,,,,,,Retained,,256
2024,611,1,710,37833,ILONA B,8/13/2024 15:44,10,33,710,345701,NSEI,57.418167,-134.718,57.432,-134.717833,607.1616,,,,,,,,,,Retained,,257
2024,611,1,710,37833,ILONA B,8/13/2024 15:44,10,33,710,345701,NSEI,57.418167,-134.718,57.432,-134.717833,607.1616,,,,,,,,,,Retained,,258
2024,611,1,710,37833,ILONA B,8/13/2024 15:44,10,33,710,345701,NSEI,57.418167,-134.718,57.432,-134.717833,607.1616,,,,,,,,,,Retained,,259
2024,611,1,710,37833,ILONA B,8/13/2024 15:44,10,33,710,345701,NSEI,57.418167,-134.718,57.432,-134.717833,607.1616,,,,,,,,,,Retained,,260
2024,611,1,710,37833,ILONA B,8/13/2024 15:44,10,33,710,345701,NSEI,57.418167,-134.718,57.432,-134.717833,607.1616,,,,,,,,,,Retained,,261
2024,611,1,710,37833,ILONA B,8/13/2024 15:44,10,33,710,345701,NSEI,57.418167,-134.718,57.432,-134.717833,607.1616,,,,,,,,,,Retained,,262
2024,611,1,710,37833,ILONA B,8/13/2024 15:44,10,33,710,345701,NSEI,57.418167,-134.718,57.432,-134.717833,607.1616,,,,,,,,,,Retained,,263
2024,611,1,710,37833,ILONA B,8/13/2024 15:44,10,33,710,345701,NSEI,57.418167,-134.718,57.432,-134.717833,607.1616,,,,,,,,,,Retained,,264
2024,611,1,710,37833,ILONA B,8/13/2024 15:44,10,33,710,345701,NSEI,57.418167,-134.718,57.432,-134.717833,607.1616,,,,,,,,,,Retained,,265
2024,611,1,710,37833,ILONA B,8/13/2024 15:44,10,33,710,345701,NSEI,57.418167,-134.718,57.432,-134.717833,607.1616,,,,,,,,,,Retained,,266
2024,611,1,710,37833,ILONA B,8/13/2024 15:44,10,33,710,345701,NSEI,57.418167,-134.718,57.432,-134.717833,607.1616,,,,,,,,,,Retained,,267
2024,611,1,710,37833,ILONA B,8/13/2024 15:44,10,33,710,345701,NSEI,57.418167,-134.718,57.432,-134.717833,607.1616,,,,,,,,,,Retained,,268
2024,611,1,710,37833,ILONA B,8/13/2024 15:44,10,33,710,345701,NSEI,57.418167,-134.718,57.432,-134.717833,607.1616,,,,,,,,,,Retained,,269
2024,611,1,710,37833,ILONA B,8/13/2024 15:44,10,33,710,345701,NSEI,57.418167,-134.718,57.432,-134.717833,607.1616,,,,,,,,,,Retained,,270
2024,611,1,710,37833,ILONA B,8/13/2024 15:44,10,33,710,345701,NSEI,57.418167,-134.718,57.432,-134.717833,607.1616,,,,,,,,,,Retained,,271
2024,611,1,710,37833,ILONA B,8/13/2024 15:44,10,33,710,345701,NSEI,57.418167,-134.718,57.432,-134.717833,607.1616,,,,,,,,,,Retained,,272
2024,611,1,710,37833,ILONA B,8/13/2024 15:44,10,33,710,345701,NSEI,57.418167,-134.718,57.432,-134.717833,607.1616,,,,,,,,,,Retained,,273
2024,611,1,710,37833,ILONA B,8/13/2024 15:44,10,33,710,345701,NSEI,57.418167,-134.718,57.432,-134.717833,607.1616,,,,,,,,,,Retained,,274
2024,611,1,710,37833,ILONA B,8/13/2024 15:44,10,33,710,345701,NSEI,57.418167,-134.718,57.432,-134.717833,607.1616,,,,,,,,,,Retained,,275
2024,611,1,710,37833,ILONA B,8/13/2024 15:44,10,33,710,345701,NSEI,57.418167,-134.718,57.432,-134.717833,607.1616,,,,,,,,,,Retained,,276
2024,611,1,710,37833,ILONA B,8/13/2024 15:44,10,33,710,345701,NSEI,57.418167,-134.718,57.432,-134.717833,607.1616,,,,,,,,,,Retained,,277
2024,611,1,710,37833,ILONA B,8/13/2024 15:44,10,33,710,345701,NSEI,57.418167,-134.718,57.432,-134.717833,607.1616,,,,,,,,,,Retained,,278
2024,611,1,710,37833,ILONA B,8/13/2024 15:44,10,33,710,345701,NSEI,57.418167,-134.718,57.432,-134.717833,607.1616,,,,,,,,,,Retained,,279
2024,611,1,710,37833,ILONA B,8/13/2024 15:44,10,33,710,345701,NSEI,57.418167,-134.718,57.432,-134.717833,607.1616,,,,,,,,,,Retained,,280
2024,611,1,710,37833,ILONA B,8/13/2024 15:44,10,33,710,345701,NSEI,57.418167,-134.718,57.432,-134.717833,607.1616,,,,,,,,,,Retained,,281
2024,611,1,710,37833,ILONA B,8/13/2024 15:44,10,33,710,345701,NSEI,57.418167,-134.718,57.432,-134.717833,607.1616,,,,,,,,,,Retained,,282
2024,611,1,710,37833,ILONA B,8/13/2024 15:44,10,33,710,345701,NSEI,57.418167,-134.718,57.432,-134.717833,607.1616,,,,,,,,,,Retained,,283
2024,611,1,710,37833,ILONA B,8/13/2024 15:44,10,33,710,345701,NSEI,57.418167,-134.718,57.432,-134.717833,607.1616,,,,,,,,,,Retained,,284
2024,611,1,710,37833,ILONA B,8/13/2024 15:44,10,33,710,345701,NSEI,57.418167,-134.718,57.432,-134.717833,607.1616,,,,,,,,,,Retained,,285
2024,611,1,710,37833,ILONA B,8/13/2024 15:44,10,33,710,345701,NSEI,57.418167,-134.718,57.432,-134.717833,607.1616,,,,,,,,,,Retained,,286
2024,611,1,710,37833,ILONA B,8/13/2024 15:44,10,33,710,345701,NSEI,57.418167,-134.718,57.432,-134.717833,607.1616,,,,,,,,,,Retained,,287
2024,611,1,710,37833,ILONA B,8/13/2024 15:44,10,33,710,345701,NSEI,57.418167,-134.718,57.432,-134.717833,607.1616,,,,,,,,,,Retained,,288
2024,611,1,710,37833,ILONA B,8/13/2024 15:44,10,33,710,345701,NSEI,57.418167,-134.718,57.432,-134.717833,607.1616,,,,,,,,,,Retained,,289
2024,611,1,710,37833,ILONA B,8/13/2024 15:44,10,33,710,345701,NSEI,57.418167,-134.718,57.432,-134.717833,607.1616,,,,,,,,,,Retained,,290
2024,611,1,710,37833,ILONA B,8/13/2024 15:44,10,33,710,345701,NSEI,57.418167,-134.718,57.432,-134.717833,607.1616,,,,,,,,,,Retained,,291
2024,611,1,710,37833,ILONA B,8/13/2024 15:44,10,33,710,345701,NSEI,57.418167,-134.718,57.432,-134.717833,607.1616,,,,,,,,,,Retained,,292
2024,611,1,710,37833,ILONA B,8/13/2024 15:44,10,33,710,345701,NSEI,57.418167,-134.718,57.432,-134.717833,607.1616,,,,,,,,,,Retained,,293
2024,611,1,710,37833,ILONA B,8/13/2024 15:44,10,33,710,345701,NSEI,57.418167,-134.718,57.432,-134.717833,607.1616,,,,,,,,,,Retained,,294
2024,611,1,710,37833,ILONA B,8/13/2024 15:44,10,33,710,345701,NSEI,57.418167,-134.718,57.432,-134.717833,607.1616,,,,,,,,,,Retained,,295
2024,611,1,710,37833,ILONA B,8/13/2024 15:44,10,33,710,345701,NSEI,57.418167,-134.718,57.432,-134.717833,607.1616,,,,,,,,,,Retained,,296
2024,611,1,710,37833,ILONA B,8/13/2024 15:44,10,33,710,345701,NSEI,57.418167,-134.718,57.432,-134.717833,607.1616,,,,,,,,,,Retained,,297
2024,611,1,710,37833,ILONA B,8/13/2024 15:44,10,33,710,345701,NSEI,57.418167,-134.718,57.432,-134.717833,607.1616,,,,,,,,,,Retained,,298
2024,611,1,710,37833,ILONA B,8/13/2024 15:44,10,33,710,345701,NSEI,57.418167,-134.718,57.432,-134.717833,607.1616,,,,,,,,,,Retained,,299
2024,611,1,710,37833,ILONA B,8/13/2024 15:44,10,33,710,345701,NSEI,57.418167,-134.718,57.432,-134.717833,607.1616,,,,,,,,,,Retained,,300
2024,611,1,710,37833,ILONA B,8/13/2024 15:44,10,33,710,345701,NSEI,57.418167,-134.718,57.432,-134.717833,607.1616,,,,,,,,,,Retained,,301
2024,611,1,710,37833,ILONA B,8/13/2024 15:44,10,33,710,345701,NSEI,57.418167,-134.718,57.432,-134.717833,607.1616,,,,,,,,,,Retained,,302
2024,611,1,710,37833,ILONA B,8/13/2024 15:44,10,33,710,345701,NSEI,57.418167,-134.718,57.432,-134.717833,607.1616,,,,,,,,,,Retained,,303
2024,611,1,710,37833,ILONA B,8/13/2024 15:44,10,33,710,345701,NSEI,57.418167,-134.718,57.432,-134.717833,607.1616,,,,,,,,,,Retained,,304
2024,611,1,710,37833,ILONA B,8/13/2024 15:44,10,33,710,345701,NSEI,57.418167,-134.718,57.432,-134.717833,607.1616,,,,,,,,,,Retained,,305
2024,611,1,710,37833,ILONA B,8/13/2024 15:44,10,33,710,345701,NSEI,57.418167,-134.718,57.432,-134.717833,607.1616,,,,,,,,,,Retained,,306
2024,611,1,710,37833,ILONA B,8/13/2024 15:44,10,33,710,345701,NSEI,57.418167,-134.718,57.432,-134.717833,607.1616,,,,,,,,,,Retained,,307
2024,611,1,710,37833,ILONA B,8/13/2024 15:44,10,33,710,345701,NSEI,57.418167,-134.718,57.432,-134.717833,607.1616,,,,,,,,,,Retained,,308
2024,611,1,710,37833,ILONA B,8/13/2024 15:44,10,33,710,345701,NSEI,57.418167,-134.718,57.432,-134.717833,607.1616,,,,,,,,,,Retained,,309
2024,611,1,710,37833,ILONA B,8/13/2024 15:44,10,33,710,345701,NSEI,57.418167,-134.718,57.432,-134.717833,607.1616,,,,,,,,,,Retained,,310
2024,611,1,710,37833,ILONA B,8/13/2024 15:44,10,33,710,345701,NSEI,57.418167,-134.718,57.432,-134.717833,607.1616,,,,,,,,,,Retained,,311
2024,611,1,710,37833,ILONA B,8/13/2024 15:44,10,33,710,345701,NSEI,57.418167,-134.718,57.432,-134.717833,607.1616,,,,,,,,,,Retained,,312
2024,611,1,710,37833,ILONA B,8/13/2024 15:44,10,33,710,345701,NSEI,57.418167,-134.718,57.432,-134.717833,607.1616,,,,,,,,,,Retained,,313
2024,611,1,710,37833,ILONA B,8/13/2024 15:44,10,33,710,345701,NSEI,57.418167,-134.718,57.432,-134.717833,607.1616,,,,,,,,,,Retained,,314
2024,611,1,710,37833,ILONA B,8/13/2024 15:44,10,33,710,345701,NSEI,57.418167,-134.718,57.432,-134.717833,607.1616,,,,,,,,,,Retained,,315
2024,611,1,710,37833,ILONA B,8/13/2024 15:44,10,33,710,345701,NSEI,57.418167,-134.718,57.432,-134.717833,607.1616,,,,,,,,,,Retained,,316
2024,611,1,710,37833,ILONA B,8/13/2024 15:44,10,33,710,345701,NSEI,57.418167,-134.718,57.432,-134.717833,607.1616,,,,,,,,,,Retained,,317
2024,611,1,710,37833,ILONA B,8/13/2024 15:44,10,33,710,345701,NSEI,57.418167,-134.718,57.432,-134.717833,607.1616,,,,,,,,,,Retained,,318
2024,611,1,710,37833,ILONA B,8/13/2024 15:44,10,33,710,345701,NSEI,57.418167,-134.718,57.432,-134.717833,607.1616,,,,,,,,,,Retained,,319
2024,611,1,710,37833,ILONA B,8/13/2024 15:44,10,33,710,345701,NSEI,57.418167,-134.718,57.432,-134.717833,607.1616,,,,,,,,,,Retained,,320
2024,611,1,710,37833,ILONA B,8/13/2024 15:44,10,33,710,345701,NSEI,57.418167,-134.718,57.432,-134.717833,607.1616,,,,,,,,,,Retained,,321
2024,611,1,710,37833,ILONA B,8/13/2024 15:44,10,33,710,345701,NSEI,57.418167,-134.718,57.432,-134.717833,607.1616,,,,,,,,,,Retained,,322
2024,611,1,710,37833,ILONA B,8/13/2024 15:44,10,33,710,345701,NSEI,57.418167,-134.718,57.432,-134.717833,607.1616,,,,,,,,,,Retained,,323
2024,611,1,710,37833,ILONA B,8/13/2024 15:44,10,33,710,345701,NSEI,57.418167,-134.718,57.432,-134.717833,607.1616,,,,,,,,,,Retained,,324
2024,611,1,710,37833,ILONA B,8/13/2024 15:44,10,33,710,345701,NSEI,57.418167,-134.718,57.432,-134.717833,607.1616,,,,,,,,,,Retained,,325
2024,611,1,710,37833,ILONA B,8/13/2024 15:44,10,33,710,345701,NSEI,57.418167,-134.718,57.432,-134.717833,607.1616,,,,,,,,,,Retained,,326
2024,611,1,710,37833,ILONA B,8/13/2024 15:44,10,33,710,345701,NSEI,57.418167,-134.718,57.432,-134.717833,607.1616,,,,,,,,,,Retained,,327
2024,611,1,710,37833,ILONA B,8/13/2024 15:44,10,33,710,345701,NSEI,57.418167,-134.718,57.432,-134.717833,607.1616,,,,,,,,,,Retained,,328
2024,611,1,710,37833,ILONA B,8/13/2024 15:44,10,33,710,345701,NSEI,57.418167,-134.718,57.432,-134.717833,607.1616,,,,,,,,,,Retained,,329
2024,611,1,710,37833,ILONA B,8/13/2024 15:44,10,33,710,345701,NSEI,57.418167,-134.718,57.432,-134.717833,607.1616,,,,,,,,,,Retained,,330
2024,611,1,710,37833,ILONA B,8/13/2024 15:44,10,33,710,345701,NSEI,57.418167,-134.718,57.432,-134.717833,607.1616,,,,,,,,,,Retained,,331
2024,611,1,710,37833,ILONA B,8/13/2024 15:44,10,33,710,345701,NSEI,57.418167,-134.718,57.432,-134.717833,607.1616,,,,,,,,,,Retained,,332
2024,611,1,710,37833,ILONA B,8/13/2024 15:44,10,33,710,345701,NSEI,57.418167,-134.718,57.432,-134.717833,607.1616,,,,,,,,,,Retained,,333
2024,611,1,710,37833,ILONA B,8/13/2024 15:44,10,33,710,345701,NSEI,57.418167,-134.718,57.432,-134.717833,607.1616,,,,,,,,,,Retained,,334
2024,611,1,710,37833,ILONA B,8/13/2024 15:44,10,33,710,345701,NSEI,57.418167,-134.718,57.432,-134.717833,607.1616,,,,,,,,,,Retained,,335
2024,611,1,710,37833,ILONA B,8/13/2024 15:44,10,33,710,345701,NSEI,57.418167,-134.718,57.432,-134.717833,607.1616,,,,,,,,,,Retained,,336
2024,611,1,710,37833,ILONA B,8/13/2024 15:44,10,33,710,345701,NSEI,57.418167,-134.718,57.432,-134.717833,607.1616,,,,,,,,,,Retained,,337
2024,611,1,710,37833,ILONA B,8/13/2024 15:44,10,33,710,345701,NSEI,57.418167,-134.718,57.432,-134.717833,607.1616,,,,,,,,,,Retained,,338
2024,611,1,710,37833,ILONA B,8/13/2024 15:44,10,33,710,345701,NSEI,57.418167,-134.718,57.432,-134.717833,607.1616,,,,,,,,,,Retained,,339
2024,611,1,710,37833,ILONA B,8/13/2024 15:44,10,33,710,345701,NSEI,57.418167,-134.718,57.432,-134.717833,607.1616,,,,,,,,,,Retained,,340
2024,611,1,710,37833,ILONA B,8/13/2024 15:44,10,33,710,345701,NSEI,57.418167,-134.718,57.432,-134.717833,607.1616,,,,,,,,,,Retained,,341
2024,611,1,710,37833,ILONA B,8/13/2024 15:44,10,33,710,345701,NSEI,57.418167,-134.718,57.432,-134.717833,607.1616,,,,,,,,,,Retained,,342
2024,611,1,710,37833,ILONA B,8/13/2024 15:44,10,33,710,345701,NSEI,57.418167,-134.718,57.432,-134.717833,607.1616,,,,,,,,,,Retained,,343
2024,611,1,710,37833,ILONA B,8/13/2024 15:44,10,33,710,345701,NSEI,57.418167,-134.718,57.432,-134.717833,607.1616,,,,,,,,,,Retained,,344
2024,611,1,710,37833,ILONA B,8/13/2024 15:44,10,33,710,345701,NSEI,57.418167,-134.718,57.432,-134.717833,607.1616,,,,,,,,,,Retained,,345
2024,611,1,710,37833,ILONA B,8/13/2024 15:44,10,33,710,345701,NSEI,57.418167,-134.718,57.432,-134.717833,607.1616,,,,,,,,,,Retained,,346
2024,611,1,710,37833,ILONA B,8/13/2024 15:44,10,33,710,345701,NSEI,57.418167,-134.718,57.432,-134.717833,607.1616,,,,,,,,,,Retained,,347
2024,611,1,710,37833,ILONA B,8/13/2024 15:44,10,33,710,345701,NSEI,57.418167,-134.718,57.432,-134.717833,607.1616,,,,,,,,,,Retained,,348
2024,611,1,710,37833,ILONA B,8/13/2024 15:44,10,33,710,345701,NSEI,57.418167,-134.718,57.432,-134.717833,607.1616,,,,,,,,,,Retained,,349
2024,611,1,710,37833,ILONA B,8/13/2024 15:44,10,33,710,345701,NSEI,57.418167,-134.718,57.432,-134.717833,607.1616,,,,,,,,,,Retained,,350
2024,611,1,710,37833,ILONA B,8/13/2024 15:44,10,33,710,345701,NSEI,57.418167,-134.718,57.432,-134.717833,607.1616,,,,,,,,,,Retained,,351
2024,611,1,710,37833,ILONA B,8/13/2024 15:44,10,33,710,345701,NSEI,57.418167,-134.718,57.432,-134.717833,607.1616,,,,,,,,,,Retained,,352
2024,611,1,710,37833,ILONA B,8/13/2024 15:44,10,33,710,345701,NSEI,57.418167,-134.718,57.432,-134.717833,607.1616,,,,,,,,,,Retained,,353
2024,611,1,710,37833,ILONA B,8/13/2024 15:44,10,33,710,345701,NSEI,57.418167,-134.718,57.432,-134.717833,607.1616,,,,,,,,,,Retained,,354
2024,611,1,710,37833,ILONA B,8/13/2024 15:44,10,33,710,345701,NSEI,57.418167,-134.718,57.432,-134.717833,607.1616,,,,,,,,,,Retained,,355
2024,611,1,710,37833,ILONA B,8/13/2024 15:44,10,33,710,345701,NSEI,57.418167,-134.718,57.432,-134.717833,607.1616,,,,,,,,,,Retained,,356
2024,611,1,710,37833,ILONA B,8/13/2024 15:44,10,33,710,345701,NSEI,57.418167,-134.718,57.432,-134.717833,607.1616,,,,,,,,,,Retained,,357
2024,611,1,710,37833,ILONA B,8/13/2024 15:44,10,33,710,345701,NSEI,57.418167,-134.718,57.432,-134.717833,607.1616,,,,,,,,,,Retained,,358
2024,611,1,710,37833,ILONA B,8/13/2024 15:44,10,33,710,345701,NSEI,57.418167,-134.718,57.432,-134.717833,607.1616,,,,,,,,,,Retained,,359
2024,611,1,710,37833,ILONA B,8/13/2024 15:44,10,33,710,345701,NSEI,57.418167,-134.718,57.432,-134.717833,607.1616,,,,,,,,,,Retained,,360
2024,611,1,710,37833,ILONA B,8/13/2024 15:44,10,33,710,345701,NSEI,57.418167,-134.718,57.432,-134.717833,607.1616,,,,,,,,,,Retained,,361
2024,611,1,710,37833,ILONA B,8/13/2024 15:44,10,33,710,345701,NSEI,57.418167,-134.718,57.432,-134.717833,607.1616,,,,,,,,,,Retained,,362
2024,611,1,710,37833,ILONA B,8/13/2024 15:44,10,33,710,345701,NSEI,57.418167,-134.718,57.432,-134.717833,607.1616,,,,,,,,,,Retained,,363
2024,611,1,710,37833,ILONA B,8/13/2024 15:44,10,33,710,345701,NSEI,57.418167,-134.718,57.432,-134.717833,607.1616,,,,,,,,,,Retained,,364
2024,611,1,710,37833,ILONA B,8/13/2024 15:44,10,33,710,345701,NSEI,57.418167,-134.718,57.432,-134.717833,607.1616,,,,,,,,,,Retained,,365
2024,611,1,710,37833,ILONA B,8/13/2024 15:44,10,33,710,345701,NSEI,57.418167,-134.718,57.432,-134.717833,607.1616,,,,,,,,,,Retained,,366
2024,611,1,710,37833,ILONA B,8/13/2024 15:44,10,33,710,345701,NSEI,57.418167,-134.718,57.432,-134.717833,607.1616,,,,,,,,,,Retained,,367
2024,611,1,710,37833,ILONA B,8/13/2024 15:44,10,33,710,345701,NSEI,57.418167,-134.718,57.432,-134.717833,607.1616,,,,,,,,,,Retained,,368
2024,611,1,710,37833,ILONA B,8/13/2024 15:44,10,33,710,345701,NSEI,57.418167,-134.718,57.432,-134.717833,607.1616,,,,,,,,,,Retained,,369
2024,611,1,710,37833,ILONA B,8/13/2024 15:44,10,33,710,345701,NSEI,57.418167,-134.718,57.432,-134.717833,607.1616,,,,,,,,,,Retained,,370
2024,611,1,710,37833,ILONA B,8/13/2024 15:44,10,33,710,345701,NSEI,57.418167,-134.718,57.432,-134.717833,607.1616,,,,,,,,,,Retained,,371
2024,611,1,710,37833,ILONA B,8/13/2024 15:44,10,33,710,345701,NSEI,57.418167,-134.718,57.432,-134.717833,607.1616,,,,,,,,,,Retained,,372
2024,611,1,710,37833,ILONA B,8/13/2024 15:44,10,33,710,345701,NSEI,57.418167,-134.718,57.432,-134.717833,607.1616,,,,,,,,,,Retained,,373
2024,611,1,710,37833,ILONA B,8/13/2024 15:44,10,33,710,345701,NSEI,57.418167,-134.718,57.432,-134.717833,607.1616,,,,,,,,,,Retained,,374
2024,611,1,710,37833,ILONA B,8/13/2024 15:44,10,33,710,345701,NSEI,57.418167,-134.718,57.432,-134.717833,607.1616,,,,,,,,,,Retained,,375
2024,611,1,710,37833,ILONA B,8/13/2024 15:44,10,33,710,345701,NSEI,57.418167,-134.718,57.432,-134.717833,607.1616,,,,,,,,,,Retained,,376
2024,611,1,710,37833,ILONA B,8/13/2024 15:44,10,33,710,345701,NSEI,57.418167,-134.718,57.432,-134.717833,607.1616,,,,,,,,,,Retained,,377
2024,611,1,710,37833,ILONA B,8/13/2024 15:44,10,33,710,345701,NSEI,57.418167,-134.718,57.432,-134.717833,607.1616,,,,,,,,,,Retained,,378
2024,611,1,710,37833,ILONA B,8/13/2024 15:44,10,33,710,345701,NSEI,57.418167,-134.718,57.432,-134.717833,607.1616,,,,,,,,,,Retained,,379
2024,611,1,710,37833,ILONA B,8/13/2024 15:44,10,33,710,345701,NSEI,57.418167,-134.718,57.432,-134.717833,607.1616,,,,,,,,,,Retained,,380
2024,611,1,710,37833,ILONA B,8/13/2024 15:44,10,33,710,345701,NSEI,57.418167,-134.718,57.432,-134.717833,607.1616,,,,,,,,,,Retained,,381
2024,611,1,710,37833,ILONA B,8/13/2024 15:44,10,33,710,345701,NSEI,57.418167,-134.718,57.432,-134.717833,607.1616,,,,,,,,,,Retained,,382
2024,611,1,710,37833,ILONA B,8/13/2024 15:44,10,33,710,345701,NSEI,57.418167,-134.718,57.432,-134.717833,607.1616,,,,,,,,,,Retained,,383
2024,611,1,710,37833,ILONA B,8/13/2024 15:44,10,33,710,345701,NSEI,57.418167,-134.718,57.432,-134.717833,607.1616,,,,,,,,,,Retained,,384
2024,611,1,710,37833,ILONA B,8/13/2024 15:44,10,33,710,345701,NSEI,57.418167,-134.718,57.432,-134.717833,607.1616,,,,,,,,,,Retained,,385
2024,611,1,710,37833,ILONA B,8/13/2024 15:44,10,33,710,345701,NSEI,57.418167,-134.718,57.432,-134.717833,607.1616,,,,,,,,,,Retained,,386
2024,611,1,710,37833,ILONA B,8/13/2024 15:44,10,33,710,345701,NSEI,57.418167,-134.718,57.432,-134.717833,607.1616,,,,,,,,,,Retained,,387
2024,611,1,710,37833,ILONA B,8/13/2024 15:44,10,33,710,345701,NSEI,57.418167,-134.718,57.432,-134.717833,607.1616,,,,,,,,,,Retained,,388
2024,611,1,710,37833,ILONA B,8/13/2024 15:44,10,33,710,345701,NSEI,57.418167,-134.718,57.432,-134.717833,607.1616,,,,,,,,,,Retained,,389
2024,611,1,710,37833,ILONA B,8/13/2024 15:44,10,33,710,345701,NSEI,57.418167,-134.718,57.432,-134.717833,607.1616,,,,,,,,,,Retained,,390
2024,611,1,710,37833,ILONA B,8/13/2024 15:44,10,33,710,345701,NSEI,57.418167,-134.718,57.432,-134.717833,607.1616,,,,,,,,,,Retained,,391
2024,611,1,710,37833,ILONA B,8/13/2024 15:44,10,33,710,345701,NSEI,57.418167,-134.718,57.432,-134.717833,607.1616,,,,,,,,,,Retained,,392
2024,611,1,710,37833,ILONA B,8/13/2024 15:44,10,33,710,345701,NSEI,57.418167,-134.718,57.432,-134.717833,607.1616,,,,,,,,,,Retained,,393
2024,611,1,710,37833,ILONA B,8/13/2024 15:44,10,33,710,345701,NSEI,57.418167,-134.718,57.432,-134.717833,607.1616,,,,,,,,,,Retained,,394
2024,611,1,710,37833,ILONA B,8/13/2024 15:44,10,33,710,345701,NSEI,57.418167,-134.718,57.432,-134.717833,607.1616,,,,,,,,,,Retained,,395
2024,611,1,710,37833,ILONA B,8/13/2024 15:44,10,33,710,345701,NSEI,57.418167,-134.718,57.432,-134.717833,607.1616,,,,,,,,,,Retained,,396
2024,611,1,710,37833,ILONA B,8/13/2024 15:44,10,33,710,345701,NSEI,57.418167,-134.718,57.432,-134.717833,607.1616,,,,,,,,,,Retained,,397
2024,611,1,710,37833,ILONA B,8/13/2024 15:44,10,33,710,345701,NSEI,57.418167,-134.718,57.432,-134.717833,607.1616,,,,,,,,,,Retained,,398
2024,611,1,710,37833,ILONA B,8/13/2024 15:44,10,33,710,345701,NSEI,57.418167,-134.718,57.432,-134.717833,607.1616,,,,,,,,,,Retained,,399
2024,611,1,710,37833,ILONA B,8/13/2024 15:44,10,33,710,345701,NSEI,57.418167,-134.718,57.432,-134.717833,607.1616,,,,,,,,,,Retained,,400
2024,611,1,710,37833,ILONA B,8/13/2024 15:44,10,33,710,345701,NSEI,57.418167,-134.718,57.432,-134.717833,607.1616,,,,,,,,,,Retained,,401
2024,611,1,710,37833,ILONA B,8/13/2024 15:44,10,33,710,345701,NSEI,57.418167,-134.718,57.432,-134.717833,607.1616,,,,,,,,,,Retained,,402
2024,611,1,710,37833,ILONA B,8/13/2024 15:44,10,33,710,345701,NSEI,57.418167,-134.718,57.432,-134.717833,607.1616,,,,,,,,,,Retained,,403
2024,611,1,710,37833,ILONA B,8/13/2024 15:44,10,33,710,345701,NSEI,57.418167,-134.718,57.432,-134.717833,607.1616,,,,,,,,,,Retained,,404
2024,611,1,710,37833,ILONA B,8/13/2024 15:44,10,33,710,345701,NSEI,57.418167,-134.718,57.432,-134.717833,607.1616,,,,,,,,,,Retained,,405
2024,611,1,710,37833,ILONA B,8/13/2024 15:44,10,33,710,345701,NSEI,57.418167,-134.718,57.432,-134.717833,607.1616,,,,,,,,,,Retained,,406
2024,611,1,710,37833,ILONA B,8/13/2024 15:44,10,33,710,345701,NSEI,57.418167,-134.718,57.432,-134.717833,607.1616,,,,,,,,,,Retained,,407
2024,611,1,710,37833,ILONA B,8/13/2024 15:44,10,33,710,345701,NSEI,57.418167,-134.718,57.432,-134.717833,607.1616,,,,,,,,,,Retained,,408
2024,611,1,710,37833,ILONA B,8/13/2024 15:44,10,33,710,345701,NSEI,57.418167,-134.718,57.432,-134.717833,607.1616,,,,,,,,,,Retained,,409
2024,611,1,710,37833,ILONA B,8/13/2024 15:44,10,33,710,345701,NSEI,57.418167,-134.718,57.432,-134.717833,607.1616,,,,,,,,,,Retained,,410
2024,611,1,710,37833,ILONA B,8/13/2024 15:44,10,33,710,345701,NSEI,57.418167,-134.718,57.432,-134.717833,607.1616,,,,,,,,,,Retained,,411
2024,611,1,710,37833,ILONA B,8/13/2024 15:44,10,33,710,345701,NSEI,57.418167,-134.718,57.432,-134.717833,607.1616,,,,,,,,,,Retained,,412
2024,611,1,710,37833,ILONA B,8/13/2024 15:44,10,33,710,345701,NSEI,57.418167,-134.718,57.432,-134.717833,607.1616,,,,,,,,,,Retained,,413
2024,611,1,710,37833,ILONA B,8/13/2024 15:44,10,33,710,345701,NSEI,57.418167,-134.718,57.432,-134.717833,607.1616,,,,,,,,,,Retained,,414
2024,611,1,710,37833,ILONA B,8/13/2024 15:44,10,33,710,345701,NSEI,57.418167,-134.718,57.432,-134.717833,607.1616,,,,,,,,,,Retained,,415
2024,611,1,710,37833,ILONA B,8/13/2024 15:44,10,33,710,345701,NSEI,57.418167,-134.718,57.432,-134.717833,607.1616,,,,,,,,,,Retained,,416
2024,611,1,710,37833,ILONA B,8/13/2024 15:44,10,33,710,345701,NSEI,57.418167,-134.718,57.432,-134.717833,607.1616,,,,,,,,,,Retained,,417
2024,611,1,710,37833,ILONA B,8/13/2024 15:44,10,33,710,345701,NSEI,57.418167,-134.718,57.432,-134.717833,607.1616,,,,,,,,,,Retained,,418
2024,611,1,710,37833,ILONA B,8/13/2024 15:44,10,33,710,345701,NSEI,57.418167,-134.718,57.432,-134.717833,607.1616,,,,,,,,,,Retained,,419
2024,611,1,710,37833,ILONA B,8/13/2024 15:44,10,33,710,345701,NSEI,57.418167,-134.718,57.432,-134.717833,607.1616,,,,,,,,,,Retained,,420
2024,611,1,710,37833,ILONA B,8/13/2024 15:44,10,33,710,345701,NSEI,57.418167,-134.718,57.432,-134.717833,607.1616,,,,,,,,,,Retained,,421
2024,611,1,710,37833,ILONA B,8/13/2024 15:44,10,33,710,345701,NSEI,57.418167,-134.718,57.432,-134.717833,607.1616,,,,,,,,,,Retained,,422
2024,611,1,710,37833,ILONA B,8/13/2024 15:44,10,33,710,345701,NSEI,57.418167,-134.718,57.432,-134.717833,607.1616,,,,,,,,,,Retained,,423
2024,611,1,710,37833,ILONA B,8/13/2024 15:44,10,33,710,345701,NSEI,57.418167,-134.718,57.432,-134.717833,607.1616,,,,,,,,,,Retained,,424
2024,611,1,710,37833,ILONA B,8/13/2024 15:44,10,33,710,345701,NSEI,57.418167,-134.718,57.432,-134.717833,607.1616,,,,,,,,,,Retained,,425
2024,611,1,710,37833,ILONA B,8/13/2024 15:44,10,33,710,345701,NSEI,57.418167,-134.718,57.432,-134.717833,607.1616,,,,,,,,,,Retained,,426
2024,611,1,710,37833,ILONA B,8/13/2024 15:44,10,33,710,345701,NSEI,57.418167,-134.718,57.432,-134.717833,607.1616,,,,,,,,,,Retained,,427
2024,611,1,710,37833,ILONA B,8/13/2024 15:44,10,33,710,345701,NSEI,57.418167,-134.718,57.432,-134.717833,607.1616,,,,,,,,,,Retained,,428
2024,611,1,710,37833,ILONA B,8/13/2024 15:44,10,33,710,345701,NSEI,57.418167,-134.718,57.432,-134.717833,607.1616,,,,,,,,,,Retained,,429
2024,611,1,710,37833,ILONA B,8/13/2024 15:44,10,33,710,345701,NSEI,57.418167,-134.718,57.432,-134.717833,607.1616,,,,,,,,,,Retained,,430
2024,611,1,710,37833,ILONA B,8/13/2024 15:44,10,33,710,345701,NSEI,57.418167,-134.718,57.432,-134.717833,607.1616,,,,,,,,,,Retained,,431
2024,611,1,710,37833,ILONA B,8/13/2024 15:44,10,33,710,345701,NSEI,57.418167,-134.718,57.432,-134.717833,607.1616,,,,,,,,,,Retained,,432
2024,611,1,710,37833,ILONA B,8/13/2024 15:44,10,33,710,345701,NSEI,57.418167,-134.718,57.432,-134.717833,607.1616,,,,,,,,,,Retained,,433
2024,611,1,710,37833,ILONA B,8/13/2024 15:44,10,33,710,345701,NSEI,57.418167,-134.718,57.432,-134.717833,607.1616,,,,,,,,,,Retained,,434
2024,611,1,710,37833,ILONA B,8/13/2024 15:44,10,33,710,345701,NSEI,57.418167,-134.718,57.432,-134.717833,607.1616,,,,,,,,,,Retained,,435
2024,611,1,710,37833,ILONA B,8/13/2024 15:44,10,33,710,345701,NSEI,57.418167,-134.718,57.432,-134.717833,607.1616,,,,,,,,,,Retained,,436
2024,611,1,710,37833,ILONA B,8/13/2024 15:44,10,33,710,345701,NSEI,57.418167,-134.718,57.432,-134.717833,607.1616,,,,,,,,,,Retained,,437
2024,611,1,710,37833,ILONA B,8/13/2024 15:44,10,33,710,345701,NSEI,57.418167,-134.718,57.432,-134.717833,607.1616,,,,,,,,,,Retained,,438
2024,611,1,710,37833,ILONA B,8/13/2024 15:44,10,33,710,345701,NSEI,57.418167,-134.718,57.432,-134.717833,607.1616,,,,,,,,,,Retained,,439
2024,611,1,710,37833,ILONA B,8/13/2024 15:44,10,33,710,345701,NSEI,57.418167,-134.718,57.432,-134.717833,607.1616,,,,,,,,,,Retained,,440
2024,611,1,710,37833,ILONA B,8/13/2024 15:44,10,33,710,345701,NSEI,57.418167,-134.718,57.432,-134.717833,607.1616,,,,,,,,,,Retained,,441
2024,611,1,710,37833,ILONA B,8/13/2024 15:44,10,33,710,345701,NSEI,57.418167,-134.718,57.432,-134.717833,607.1616,,,,,,,,,,Retained,,442
2024,611,1,710,37833,ILONA B,8/13/2024 15:44,10,33,710,345701,NSEI,57.418167,-134.718,57.432,-134.717833,607.1616,,,,,,,,,,Retained,,443
2024,611,1,710,37833,ILONA B,8/13/2024 15:44,10,33,710,345701,NSEI,57.418167,-134.718,57.432,-134.717833,607.1616,,,,,,,,,,Retained,,444
2024,611,1,710,37833,ILONA B,8/13/2024 15:44,10,33,710,345701,NSEI,57.418167,-134.718,57.432,-134.717833,607.1616,,,,,,,,,,Retained,,445
2024,611,1,710,37833,ILONA B,8/13/2024 15:44,10,33,710,345701,NSEI,57.418167,-134.718,57.432,-134.717833,607.1616,,,,,,,,,,Retained,,446
2024,611,1,710,37833,ILONA B,8/13/2024 15:44,10,33,710,345701,NSEI,57.418167,-134.718,57.432,-134.717833,607.1616,,,,,,,,,,Retained,,447
2024,611,1,710,37833,ILONA B,8/13/2024 15:44,10,33,710,345701,NSEI,57.418167,-134.718,57.432,-134.717833,607.1616,,,,,,,,,,Retained,,448
2024,611,1,710,37833,ILONA B,8/13/2024 15:44,10,33,710,345701,NSEI,57.418167,-134.718,57.432,-134.717833,607.1616,,,,,,,,,,Retained,,449
2024,611,1,710,37833,ILONA B,8/13/2024 15:44,10,33,710,345701,NSEI,57.418167,-134.718,57.432,-134.717833,607.1616,,,,,,,,,,Retained,,450
2024,611,1,710,37833,ILONA B,8/13/2024 15:44,10,33,710,345701,NSEI,57.418167,-134.718,57.432,-134.717833,607.1616,,,,,,,,,,Retained,,451
2024,611,1,710,37833,ILONA B,8/13/2024 15:44,10,33,710,345701,NSEI,57.418167,-134.718,57.432,-134.717833,607.1616,,,,,,,,,,Retained,,452
2024,611,1,710,37833,ILONA B,8/13/2024 15:44,10,33,710,345701,NSEI,57.418167,-134.718,57.432,-134.717833,607.1616,,,,,,,,,,Retained,,453
2024,611,1,710,37833,ILONA B,8/13/2024 15:44,10,33,710,345701,NSEI,57.418167,-134.718,57.432,-134.717833,607.1616,,,,,,,,,,Retained,,454
2024,611,1,710,37833,ILONA B,8/13/2024 15:44,10,33,710,345701,NSEI,57.418167,-134.718,57.432,-134.717833,607.1616,,,,,,,,,,Retained,,455
2024,611,1,710,37833,ILONA B,8/13/2024 15:44,10,33,710,345701,NSEI,57.418167,-134.718,57.432,-134.717833,607.1616,,,,,,,,,,Retained,,456
2024,611,1,710,37833,ILONA B,8/13/2024 15:44,10,33,710,345701,NSEI,57.418167,-134.718,57.432,-134.717833,607.1616,,,,,,,,,,Retained,,457
2024,611,1,710,37833,ILONA B,8/13/2024 15:44,10,33,710,345701,NSEI,57.418167,-134.718,57.432,-134.717833,607.1616,,,,,,,,,,Retained,,458
2024,611,1,710,37833,ILONA B,8/13/2024 15:44,10,33,710,345701,NSEI,57.418167,-134.718,57.432,-134.717833,607.1616,,,,,,,,,,Retained,,459
2024,611,1,710,37833,ILONA B,8/13/2024 15:44,10,33,710,345701,NSEI,57.418167,-134.718,57.432,-134.717833,607.1616,,,,,,,,,,Retained,,460
2024,611,1,710,37833,ILONA B,8/13/2024 15:44,10,33,710,345701,NSEI,57.418167,-134.718,57.432,-134.717833,607.1616,,,,,,,,,,Retained,,461
2024,611,1,710,37833,ILONA B,8/13/2024 15:44,10,33,710,345701,NSEI,57.418167,-134.718,57.432,-134.717833,607.1616,,,,,,,,,,Retained,,462
2024,611,1,710,37833,ILONA B,8/13/2024 15:44,10,33,710,345701,NSEI,57.418167,-134.718,57.432,-134.717833,607.1616,,,,,,,,,,Retained,,463
2024,611,1,710,37833,ILONA B,8/13/2024 15:44,10,33,710,345701,NSEI,57.418167,-134.718,57.432,-134.717833,607.1616,,,,,,,,,,Retained,,464
2024,611,1,710,37833,ILONA B,8/13/2024 15:44,10,33,710,345701,NSEI,57.418167,-134.718,57.432,-134.717833,607.1616,,,,,,,,,,Retained,,465
2024,611,1,710,37833,ILONA B,8/13/2024 15:44,10,33,710,345701,NSEI,57.418167,-134.718,57.432,-134.717833,607.1616,,,,,,,,,,Retained,,466
2024,611,1,710,37833,ILONA B,8/13/2024 15:44,10,33,710,345701,NSEI,57.418167,-134.718,57.432,-134.717833,607.1616,,,,,,,,,,Retained,,467
2024,611,1,710,37833,ILONA B,8/13/2024 15:44,10,33,710,345701,NSEI,57.418167,-134.718,57.432,-134.717833,607.1616,,,,,,,,,,Retained,,468
2024,611,1,710,37833,ILONA B,8/13/2024 15:44,10,33,710,345701,NSEI,57.418167,-134.718,57.432,-134.717833,607.1616,,,,,,,,,,Retained,,469
2024,611,1,710,37833,ILONA B,8/13/2024 15:44,10,33,710,345701,NSEI,57.418167,-134.718,57.432,-134.717833,607.1616,,,,,,,,,,Retained,,470
2024,611,1,710,37833,ILONA B,8/13/2024 15:44,10,33,710,345701,NSEI,57.418167,-134.718,57.432,-134.717833,607.1616,,,,,,,,,,Retained,,471
2024,611,1,710,37833,ILONA B,8/13/2024 15:44,10,33,710,345701,NSEI,57.418167,-134.718,57.432,-134.717833,607.1616,,,,,,,,,,Retained,,472
2024,611,1,710,37833,ILONA B,8/13/2024 15:44,10,33,710,345701,NSEI,57.418167,-134.718,57.432,-134.717833,607.1616,,,,,,,,,,Retained,,473
2024,611,1,710,37833,ILONA B,8/13/2024 15:44,10,33,710,345701,NSEI,57.418167,-134.718,57.432,-134.717833,607.1616,,,,,,,,,,Retained,,474
2024,611,1,710,37833,ILONA B,8/13/2024 15:44,10,33,710,345701,NSEI,57.418167,-134.718,57.432,-134.717833,607.1616,,,,,,,,,,Retained,,475
2024,611,1,710,37833,ILONA B,8/13/2024 15:44,10,33,710,345701,NSEI,57.418167,-134.718,57.432,-134.717833,607.1616,,,,,,,,,,Retained,,476
2024,611,1,710,37833,ILONA B,8/13/2024 15:44,10,33,710,345701,NSEI,57.418167,-134.718,57.432,-134.717833,607.1616,,,,,,,,,,Retained,,477
2024,611,1,710,37833,ILONA B,8/13/2024 15:44,10,33,710,345701,NSEI,57.418167,-134.718,57.432,-134.717833,607.1616,,,,,,,,,,Retained,,478
2024,611,1,710,37833,ILONA B,8/13/2024 15:44,10,33,710,345701,NSEI,57.418167,-134.718,57.432,-134.717833,607.1616,,,,,,,,,,Retained,,479
2024,611,1,710,37833,ILONA B,8/13/2024 15:44,10,33,710,345701,NSEI,57.418167,-134.718,57.432,-134.717833,607.1616,,,,,,,,,,Retained,,480
2024,611,1,710,37833,ILONA B,8/13/2024 15:44,10,33,710,345701,NSEI,57.418167,-134.718,57.432,-134.717833,607.1616,,,,,,,,,,Retained,,481
2024,611,1,710,37833,ILONA B,8/13/2024 15:44,10,33,710,345701,NSEI,57.418167,-134.718,57.432,-134.717833,607.1616,,,,,,,,,,Retained,,482
2024,611,1,710,37833,ILONA B,8/13/2024 15:44,10,33,710,345701,NSEI,57.418167,-134.718,57.432,-134.717833,607.1616,,,,,,,,,,Retained,,483
2024,611,1,710,37833,ILONA B,8/13/2024 15:44,10,33,710,345701,NSEI,57.418167,-134.718,57.432,-134.717833,607.1616,,,,,,,,,,Retained,,484
2024,611,1,710,37833,ILONA B,8/13/2024 15:44,10,33,710,345701,NSEI,57.418167,-134.718,57.432,-134.717833,607.1616,,,,,,,,,,Retained,,485
2024,611,1,710,37833,ILONA B,8/13/2024 15:44,10,33,710,345701,NSEI,57.418167,-134.718,57.432,-134.717833,607.1616,,,,,,,,,,Retained,,486
2024,611,1,710,37833,ILONA B,8/13/2024 15:44,10,33,710,345701,NSEI,57.418167,-134.718,57.432,-134.717833,607.1616,,,,,,,,,,Retained,,487
2024,611,1,710,37833,ILONA B,8/13/2024 15:44,10,33,710,345701,NSEI,57.418167,-134.718,57.432,-134.717833,607.1616,,,,,,,,,,Retained,,488
2024,611,1,710,37833,ILONA B,8/13/2024 15:44,10,33,710,345701,NSEI,57.418167,-134.718,57.432,-134.717833,607.1616,,,,,,,,,,Retained,,489
2024,611,1,710,37833,ILONA B,8/13/2024 15:44,10,33,710,345701,NSEI,57.418167,-134.718,57.432,-134.717833,607.1616,,,,,,,,,,Retained,,490
2024,611,1,710,37833,ILONA B,8/13/2024 15:44,10,33,710,345701,NSEI,57.418167,-134.718,57.432,-134.717833,607.1616,,,,,,,,,,Retained,,491
2024,611,1,710,37833,ILONA B,8/13/2024 15:44,10,33,710,345701,NSEI,57.418167,-134.718,57.432,-134.717833,607.1616,,,,,,,,,,Retained,,492
2024,611,1,710,37833,ILONA B,8/13/2024 15:44,10,33,710,345701,NSEI,57.418167,-134.718,57.432,-134.717833,607.1616,,,,,,,,,,Retained,,493
2024,611,1,710,37833,ILONA B,8/13/2024 15:44,10,33,710,345701,NSEI,57.418167,-134.718,57.432,-134.717833,607.1616,,,,,,,,,,Retained,,494
2024,611,1,710,37833,ILONA B,8/13/2024 15:44,10,33,710,345701,NSEI,57.418167,-134.718,57.432,-134.717833,607.1616,,,,,,,,,,Retained,,495
2024,611,1,710,37833,ILONA B,8/13/2024 15:44,10,33,710,345701,NSEI,57.418167,-134.718,57.432,-134.717833,607.1616,,,,,,,,,,Retained,,496
2024,611,1,710,37833,ILONA B,8/13/2024 15:44,10,33,710,345701,NSEI,57.418167,-134.718,57.432,-134.717833,607.1616,,,,,,,,,,Retained,,497
2024,611,1,710,37833,ILONA B,8/13/2024 15:44,10,33,710,345701,NSEI,57.418167,-134.718,57.432,-134.717833,607.1616,,,,,,,,,,Retained,,498
2024,611,1,710,37833,ILONA B,8/13/2024 15:44,10,33,710,345701,NSEI,57.418167,-134.718,57.432,-134.717833,607.1616,,,,,,,,,,Retained,,499
2024,611,1,710,37833,ILONA B,8/13/2024 15:44,10,33,710,345701,NSEI,57.418167,-134.718,57.432,-134.717833,607.1616,,,,,,,,,,Retained,,500
2024,611,1,710,37833,ILONA B,8/13/2024 15:44,10,33,710,345701,NSEI,57.418167,-134.718,57.432,-134.717833,607.1616,,,,,,,,,,Retained,,501
2024,611,1,710,37833,ILONA B,8/13/2024 15:44,10,33,710,345701,NSEI,57.418167,-134.718,57.432,-134.717833,607.1616,,,,,,,,,,Retained,,502
2024,611,1,710,37833,ILONA B,8/13/2024 15:44,10,33,710,345701,NSEI,57.418167,-134.718,57.432,-134.717833,607.1616,,,,,,,,,,Retained,,503
2024,611,1,710,37833,ILONA B,8/13/2024 15:44,10,33,710,345701,NSEI,57.418167,-134.718,57.432,-134.717833,607.1616,,,,,,,,,,Retained,,504
2024,611,1,710,37833,ILONA B,8/13/2024 15:44,10,33,710,345701,NSEI,57.418167,-134.718,57.432,-134.717833,607.1616,,,,,,,,,,Retained,,505
2024,611,1,710,37833,ILONA B,8/13/2024 15:44,10,33,710,345701,NSEI,57.418167,-134.718,57.432,-134.717833,607.1616,,,,,,,,,,Retained,,506
2024,611,1,710,37833,ILONA B,8/13/2024 15:44,10,33,710,345701,NSEI,57.418167,-134.718,57.432,-134.717833,607.1616,,,,,,,,,,Retained,,507
2024,611,1,710,37833,ILONA B,8/13/2024 15:44,10,33,710,345701,NSEI,57.418167,-134.718,57.432,-134.717833,607.1616,,,,,,,,,,Retained,,508
2024,611,1,710,37833,ILONA B,8/13/2024 15:44,10,33,710,345701,NSEI,57.418167,-134.718,57.432,-134.717833,607.1616,,,,,,,,,,Retained,,509
2024,611,1,710,37833,ILONA B,8/13/2024 15:44,10,33,710,345701,NSEI,57.418167,-134.718,57.432,-134.717833,607.1616,,,,,,,,,,Retained,,510
2024,611,1,710,37833,ILONA B,8/13/2024 15:44,10,33,710,345701,NSEI,57.418167,-134.718,57.432,-134.717833,607.1616,,,,,,,,,,Retained,,511
2024,611,1,710,37833,ILONA B,8/13/2024 15:44,10,33,710,345701,NSEI,57.418167,-134.718,57.432,-134.717833,607.1616,,,,,,,,,,Retained,,512
2024,611,1,710,37833,ILONA B,8/13/2024 15:44,10,33,710,345701,NSEI,57.418167,-134.718,57.432,-134.717833,607.1616,,,,,,,,,,Retained,,513
2024,611,1,710,37833,ILONA B,8/13/2024 15:44,10,33,710,345701,NSEI,57.418167,-134.718,57.432,-134.717833,607.1616,,,,,,,,,,Retained,,514
2024,611,1,710,37833,ILONA B,8/13/2024 15:44,10,33,710,345701,NSEI,57.418167,-134.718,57.432,-134.717833,607.1616,,,,,,,,,,Retained,,515
2024,611,1,710,37833,ILONA B,8/13/2024 15:44,10,33,710,345701,NSEI,57.418167,-134.718,57.432,-134.717833,607.1616,,,,,,,,,,Retained,,516
2024,611,1,710,37833,ILONA B,8/13/2024 15:44,10,33,710,345701,NSEI,57.418167,-134.718,57.432,-134.717833,607.1616,,,,,,,,,,Retained,,517
2024,611,1,710,37833,ILONA B,8/13/2024 15:44,10,33,710,345701,NSEI,57.418167,-134.718,57.432,-134.717833,607.1616,,,,,,,,,,Retained,,518
2024,611,1,710,37833,ILONA B,8/13/2024 15:44,10,33,710,345701,NSEI,57.418167,-134.718,57.432,-134.717833,607.1616,,,,,,,,,,Retained,,519
2024,611,1,710,37833,ILONA B,8/13/2024 15:44,10,33,710,345701,NSEI,57.418167,-134.718,57.432,-134.717833,607.1616,,,,,,,,,,Retained,,520
2024,611,1,710,37833,ILONA B,8/13/2024 15:44,10,33,710,345701,NSEI,57.418167,-134.718,57.432,-134.717833,607.1616,,,,,,,,,,Retained,,521
2024,611,1,710,37833,ILONA B,8/13/2024 15:44,10,33,710,345701,NSEI,57.418167,-134.718,57.432,-134.717833,607.1616,,,,,,,,,,Retained,,522
2024,611,1,710,37833,ILONA B,8/13/2024 15:44,10,33,710,345701,NSEI,57.418167,-134.718,57.432,-134.717833,607.1616,,,,,,,,,,Retained,,523
2024,611,1,710,37833,ILONA B,8/13/2024 15:44,10,33,710,345701,NSEI,57.418167,-134.718,57.432,-134.717833,607.1616,,,,,,,,,,Retained,,524
2024,611,1,710,37833,ILONA B,8/13/2024 15:44,10,33,710,345701,NSEI,57.418167,-134.718,57.432,-134.717833,607.1616,,,,,,,,,,Retained,,525
2024,611,1,710,37833,ILONA B,8/13/2024 15:44,10,33,710,345701,NSEI,57.418167,-134.718,57.432,-134.717833,607.1616,,,,,,,,,,Retained,,526
2024,611,1,710,37833,ILONA B,8/13/2024 15:44,10,33,710,345701,NSEI,57.418167,-134.718,57.432,-134.717833,607.1616,,,,,,,,,,Retained,,527
2024,611,1,710,37833,ILONA B,8/13/2024 15:44,10,33,710,345701,NSEI,57.418167,-134.718,57.432,-134.717833,607.1616,,,,,,,,,,Retained,,528
2024,611,1,710,37833,ILONA B,8/13/2024 15:44,10,33,710,345701,NSEI,57.418167,-134.718,57.432,-134.717833,607.1616,,,,,,,,,,Retained,,529
2024,611,1,710,37833,ILONA B,8/13/2024 15:44,10,33,710,345701,NSEI,57.418167,-134.718,57.432,-134.717833,607.1616,,,,,,,,,,Retained,,530
2024,611,1,710,37833,ILONA B,8/13/2024 15:44,10,33,710,345701,NSEI,57.418167,-134.718,57.432,-134.717833,607.1616,,,,,,,,,,Retained,,531
2024,611,1,710,37833,ILONA B,8/13/2024 15:44,10,33,710,345701,NSEI,57.418167,-134.718,57.432,-134.717833,607.1616,,,,,,,,,,Retained,,532
2024,611,1,710,37833,ILONA B,8/13/2024 15:44,10,33,710,345701,NSEI,57.418167,-134.718,57.432,-134.717833,607.1616,,,,,,,,,,Retained,,533
2024,611,1,710,37833,ILONA B,8/13/2024 15:44,10,33,710,345701,NSEI,57.418167,-134.718,57.432,-134.717833,607.1616,,,,,,,,,,Retained,,534
2024,611,1,710,37833,ILONA B,8/13/2024 15:44,10,33,710,345701,NSEI,57.418167,-134.718,57.432,-134.717833,607.1616,,,,,,,,,,Retained,,535
2024,611,1,710,37833,ILONA B,8/13/2024 15:44,10,33,710,345701,NSEI,57.418167,-134.718,57.432,-134.717833,607.1616,,,,,,,,,,Retained,,536
2024,611,1,710,37833,ILONA B,8/13/2024 15:44,10,33,710,345701,NSEI,57.418167,-134.718,57.432,-134.717833,607.1616,,,,,,,,,,Retained,,537
2024,611,1,710,37833,ILONA B,8/13/2024 15:44,10,33,710,345701,NSEI,57.418167,-134.718,57.432,-134.717833,607.1616,,,,,,,,,,Retained,,538
2024,611,1,710,37833,ILONA B,8/13/2024 15:44,10,33,710,345701,NSEI,57.418167,-134.718,57.432,-134.717833,607.1616,,,,,,,,,,Retained,,539
2024,611,1,710,37833,ILONA B,8/13/2024 15:44,10,33,710,345701,NSEI,57.418167,-134.718,57.432,-134.717833,607.1616,,,,,,,,,,Retained,,540
2024,611,1,710,37833,ILONA B,8/13/2024 15:44,10,33,710,345701,NSEI,57.418167,-134.718,57.432,-134.717833,607.1616,,,,,,,,,,Retained,,541
2024,611,1,710,37833,ILONA B,8/13/2024 15:44,10,33,710,345701,NSEI,57.418167,-134.718,57.432,-134.717833,607.1616,,,,,,,,,,Retained,,542
2024,611,1,710,37833,ILONA B,8/13/2024 15:44,10,33,710,345701,NSEI,57.418167,-134.718,57.432,-134.717833,607.1616,,,,,,,,,,Retained,,543
2024,611,1,710,37833,ILONA B,8/13/2024 15:44,10,33,710,345701,NSEI,57.418167,-134.718,57.432,-134.717833,607.1616,,,,,,,,,,Retained,,544
2024,611,1,710,37833,ILONA B,8/13/2024 15:44,10,33,710,345701,NSEI,57.418167,-134.718,57.432,-134.717833,607.1616,,,,,,,,,,Retained,,545
2024,611,1,710,37833,ILONA B,8/13/2024 15:44,10,33,710,345701,NSEI,57.418167,-134.718,57.432,-134.717833,607.1616,,,,,,,,,,Retained,,546
2024,611,1,710,37833,ILONA B,8/13/2024 15:44,10,33,710,345701,NSEI,57.418167,-134.718,57.432,-134.717833,607.1616,,,,,,,,,,Retained,,547
2024,611,1,710,37833,ILONA B,8/13/2024 15:44,10,33,710,345701,NSEI,57.418167,-134.718,57.432,-134.717833,607.1616,,,,,,,,,,Retained,,548
2024,611,1,710,37833,ILONA B,8/13/2024 15:44,10,33,710,345701,NSEI,57.418167,-134.718,57.432,-134.717833,607.1616,,,,,,,,,,Retained,,549
2024,611,1,710,37833,ILONA B,8/13/2024 15:44,10,33,710,345701,NSEI,57.418167,-134.718,57.432,-134.717833,607.1616,,,,,,,,,,Retained,,550
2024,611,1,710,37833,ILONA B,8/13/2024 15:44,10,33,710,345701,NSEI,57.418167,-134.718,57.432,-134.717833,607.1616,,,,,,,,,,Retained,,551
2024,611,1,710,37833,ILONA B,8/13/2024 15:44,10,33,710,345701,NSEI,57.418167,-134.718,57.432,-134.717833,607.1616,,,,,,,,,,Retained,,552
2024,611,1,710,37833,ILONA B,8/13/2024 15:44,10,33,710,345701,NSEI,57.418167,-134.718,57.432,-134.717833,607.1616,,,,,,,,,,Retained,,553
2024,611,1,710,37833,ILONA B,8/13/2024 15:44,10,33,710,345701,NSEI,57.418167,-134.718,57.432,-134.717833,607.1616,,,,,,,,,,Retained,,554
2024,611,1,710,37833,ILONA B,8/13/2024 15:44,10,33,710,345701,NSEI,57.418167,-134.718,57.432,-134.717833,607.1616,,,,,,,,,,Retained,,555
2024,611,1,710,37833,ILONA B,8/13/2024 15:44,10,33,710,345701,NSEI,57.418167,-134.718,57.432,-134.717833,607.1616,,,,,,,,,,Retained,,556
2024,611,1,710,37833,ILONA B,8/13/2024 15:44,10,33,710,345701,NSEI,57.418167,-134.718,57.432,-134.717833,607.1616,,,,,,,,,,Retained,,557
2024,611,1,710,37833,ILONA B,8/13/2024 15:44,10,33,710,345701,NSEI,57.418167,-134.718,57.432,-134.717833,607.1616,,,,,,,,,,Retained,,558
2024,611,1,710,37833,ILONA B,8/13/2024 15:44,10,33,710,345701,NSEI,57.418167,-134.718,57.432,-134.717833,607.1616,,,,,,,,,,Retained,,559
2024,611,1,710,37833,ILONA B,8/13/2024 15:44,10,33,710,345701,NSEI,57.418167,-134.718,57.432,-134.717833,607.1616,,,,,,,,,,Retained,,560
2024,611,1,710,37833,ILONA B,8/13/2024 15:44,10,33,710,345701,NSEI,57.418167,-134.718,57.432,-134.717833,607.1616,,,,,,,,,,Retained,,561
2024,611,1,710,37833,ILONA B,8/13/2024 15:44,10,33,710,345701,NSEI,57.418167,-134.718,57.432,-134.717833,607.1616,,,,,,,,,,Retained,,562
2024,611,1,710,37833,ILONA B,8/13/2024 15:44,10,33,710,345701,NSEI,57.418167,-134.718,57.432,-134.717833,607.1616,,,,,,,,,,Retained,,563
2024,611,1,710,37833,ILONA B,8/13/2024 15:44,10,33,710,345701,NSEI,57.418167,-134.718,57.432,-134.717833,607.1616,,,,,,,,,,Retained,,564
2024,611,1,710,37833,ILONA B,8/13/2024 15:44,10,33,710,345701,NSEI,57.418167,-134.718,57.432,-134.717833,607.1616,,,,,,,,,,Retained,,565
2024,611,1,710,37833,ILONA B,8/13/2024 15:44,10,33,710,345701,NSEI,57.418167,-134.718,57.432,-134.717833,607.1616,,,,,,,,,,Retained,,566
2024,611,1,710,37833,ILONA B,8/13/2024 15:44,10,33,710,345701,NSEI,57.418167,-134.718,57.432,-134.717833,607.1616,,,,,,,,,,Retained,,567
2024,611,1,710,37833,ILONA B,8/13/2024 15:44,10,33,710,345701,NSEI,57.418167,-134.718,57.432,-134.717833,607.1616,,,,,,,,,,Retained,,568
2024,611,1,710,37833,ILONA B,8/13/2024 15:44,10,33,710,345701,NSEI,57.418167,-134.718,57.432,-134.717833,607.1616,,,,,,,,,,Retained,,569
2024,611,1,710,37833,ILONA B,8/13/2024 15:44,10,33,710,345701,NSEI,57.418167,-134.718,57.432,-134.717833,607.1616,,,,,,,,,,Retained,,570
2024,611,1,710,37833,ILONA B,8/13/2024 15:44,10,33,710,345701,NSEI,57.418167,-134.718,57.432,-134.717833,607.1616,,,,,,,,,,Retained,,571
2024,611,1,710,37833,ILONA B,8/13/2024 15:44,10,33,710,345701,NSEI,57.418167,-134.718,57.432,-134.717833,607.1616,,,,,,,,,,Retained,,572
2024,611,1,710,37833,ILONA B,8/13/2024 15:44,10,33,710,345701,NSEI,57.418167,-134.718,57.432,-134.717833,607.1616,,,,,,,,,,Retained,,573
2024,611,1,710,37833,ILONA B,8/13/2024 15:44,10,33,710,345701,NSEI,57.418167,-134.718,57.432,-134.717833,607.1616,,,,,,,,,,Retained,,574
2024,611,1,710,37833,ILONA B,8/13/2024 15:44,10,33,710,345701,NSEI,57.418167,-134.718,57.432,-134.717833,607.1616,,,,,,,,,,Retained,,575
2024,611,1,710,37833,ILONA B,8/13/2024 15:44,10,33,710,345701,NSEI,57.418167,-134.718,57.432,-134.717833,607.1616,,,,,,,,,,Retained,,576
2024,611,1,710,37833,ILONA B,8/13/2024 15:44,10,33,710,345701,NSEI,57.418167,-134.718,57.432,-134.717833,607.1616,,,,,,,,,,Retained,,577
2024,611,1,710,37833,ILONA B,8/13/2024 15:44,10,33,710,345701,NSEI,57.418167,-134.718,57.432,-134.717833,607.1616,,,,,,,,,,Retained,,578
2024,611,1,710,37833,ILONA B,8/13/2024 15:44,10,33,710,345701,NSEI,57.418167,-134.718,57.432,-134.717833,607.1616,,,,,,,,,,Retained,,579
2024,611,1,710,37833,ILONA B,8/13/2024 15:44,10,33,710,345701,NSEI,57.418167,-134.718,57.432,-134.717833,607.1616,,,,,,,,,,Retained,,580
2024,611,1,710,37833,ILONA B,8/13/2024 15:44,10,33,710,345701,NSEI,57.418167,-134.718,57.432,-134.717833,607.1616,,,,,,,,,,Retained,,581
2024,611,1,710,37833,ILONA B,8/13/2024 15:44,10,33,710,345701,NSEI,57.418167,-134.718,57.432,-134.717833,607.1616,,,,,,,,,,Retained,,582
2024,611,1,710,37833,ILONA B,8/13/2024 15:44,10,33,710,345701,NSEI,57.418167,-134.718,57.432,-134.717833,607.1616,,,,,,,,,,Retained,,583
2024,611,1,710,37833,ILONA B,8/13/2024 15:44,10,33,710,345701,NSEI,57.418167,-134.718,57.432,-134.717833,607.1616,,,,,,,,,,Retained,,584
2024,611,1,710,37833,ILONA B,8/13/2024 15:44,10,33,710,345701,NSEI,57.418167,-134.718,57.432,-134.717833,607.1616,,,,,,,,,,Retained,,585
2024,611,1,710,37833,ILONA B,8/13/2024 15:44,10,33,710,345701,NSEI,57.418167,-134.718,57.432,-134.717833,607.1616,,,,,,,,,,Retained,,586
2024,611,1,710,37833,ILONA B,8/13/2024 15:44,10,33,710,345701,NSEI,57.418167,-134.718,57.432,-134.717833,607.1616,,,,,,,,,,Retained,,587
2024,611,1,710,37833,ILONA B,8/13/2024 15:44,10,33,710,345701,NSEI,57.418167,-134.718,57.432,-134.717833,607.1616,,,,,,,,,,Retained,,588
2024,611,1,710,37833,ILONA B,8/13/2024 15:44,10,33,710,345701,NSEI,57.418167,-134.718,57.432,-134.717833,607.1616,,,,,,,,,,Retained,,589
2024,611,1,710,37833,ILONA B,8/13/2024 15:44,10,33,710,345701,NSEI,57.418167,-134.718,57.432,-134.717833,607.1616,,,,,,,,,,Retained,,590
2024,611,1,710,37833,ILONA B,8/13/2024 15:44,10,33,710,345701,NSEI,57.418167,-134.718,57.432,-134.717833,607.1616,,,,,,,,,,Retained,,591
2024,611,1,710,37833,ILONA B,8/13/2024 15:44,10,33,710,345701,NSEI,57.418167,-134.718,57.432,-134.717833,607.1616,,,,,,,,,,Retained,,592
2024,611,1,710,37833,ILONA B,8/13/2024 15:44,10,33,710,345701,NSEI,57.418167,-134.718,57.432,-134.717833,607.1616,,,,,,,,,,Retained,,593
2024,611,1,710,37833,ILONA B,8/13/2024 15:44,10,33,710,345701,NSEI,57.418167,-134.718,57.432,-134.717833,607.1616,,,,,,,,,,Retained,,594
2024,611,1,710,37833,ILONA B,8/13/2024 15:44,10,33,710,345701,NSEI,57.418167,-134.718,57.432,-134.717833,607.1616,,,,,,,,,,Retained,,595
2024,611,1,710,37833,ILONA B,8/13/2024 15:44,10,33,710,345701,NSEI,57.418167,-134.718,57.432,-134.717833,607.1616,,,,,,,,,,Retained,,596
2024,611,1,710,37833,ILONA B,8/13/2024 15:44,10,33,710,345701,NSEI,57.418167,-134.718,57.432,-134.717833,607.1616,,,,,,,,,,Retained,,597
2024,611,1,710,37833,ILONA B,8/13/2024 15:44,10,33,710,345701,NSEI,57.418167,-134.718,57.432,-134.717833,607.1616,,,,,,,,,,Retained,,598
2024,611,1,710,37833,ILONA B,8/13/2024 15:44,10,33,710,345701,NSEI,57.418167,-134.718,57.432,-134.717833,607.1616,,,,,,,,,,Retained,,599
2024,611,1,710,37833,ILONA B,8/13/2024 15:44,10,33,710,345701,NSEI,57.418167,-134.718,57.432,-134.717833,607.1616,,,,,,,,,,Retained,,600
2024,611,1,710,37833,ILONA B,8/13/2024 15:44,10,33,710,345701,NSEI,57.418167,-134.718,57.432,-134.717833,607.1616,,,,,,,,,,Retained,,601
2024,611,1,710,37833,ILONA B,8/13/2024 15:44,10,33,710,345701,NSEI,57.418167,-134.718,57.432,-134.717833,607.1616,,,,,,,,,,Retained,,602
2024,611,1,710,37833,ILONA B,8/13/2024 15:44,10,33,710,345701,NSEI,57.418167,-134.718,57.432,-134.717833,607.1616,,,,,,,,,,Retained,,603
2024,611,1,710,37833,ILONA B,8/13/2024 15:44,10,33,710,345701,NSEI,57.418167,-134.718,57.432,-134.717833,607.1616,,,,,,,,,,Retained,,604
2024,611,1,710,37833,ILONA B,8/13/2024 15:44,10,33,710,345701,NSEI,57.418167,-134.718,57.432,-134.717833,607.1616,,,,,,,,,,Retained,,605
2024,611,1,710,37833,ILONA B,8/13/2024 15:44,10,33,710,345701,NSEI,57.418167,-134.718,57.432,-134.717833,607.1616,,,,,,,,,,Retained,,606
2024,611,1,710,37833,ILONA B,8/13/2024 15:44,10,33,710,345701,NSEI,57.418167,-134.718,57.432,-134.717833,607.1616,,,,,,,,,,Retained,,607
2024,611,1,710,37833,ILONA B,8/13/2024 15:44,10,33,710,345701,NSEI,57.418167,-134.718,57.432,-134.717833,607.1616,,,,,,,,,,Retained,,608
2024,611,1,710,37833,ILONA B,8/13/2024 15:44,10,33,710,345701,NSEI,57.418167,-134.718,57.432,-134.717833,607.1616,,,,,,,,,,Retained,,609
2024,611,1,710,37833,ILONA B,8/13/2024 15:44,10,33,710,345701,NSEI,57.418167,-134.718,57.432,-134.717833,607.1616,,,,,,,,,,Retained,,610
2024,611,1,710,37833,ILONA B,8/13/2024 15:44,10,33,710,345701,NSEI,57.418167,-134.718,57.432,-134.717833,607.1616,,,,,,,,,,Retained,,611
2024,611,1,710,37833,ILONA B,8/13/2024 15:44,10,33,710,345701,NSEI,57.418167,-134.718,57.432,-134.717833,607.1616,,,,,,,,,,Retained,,612
2024,611,1,710,37833,ILONA B,8/13/2024 15:44,10,33,710,345701,NSEI,57.418167,-134.718,57.432,-134.717833,607.1616,,,,,,,,,,Retained,,613
2024,611,1,710,37833,ILONA B,8/13/2024 15:44,10,33,710,345701,NSEI,57.418167,-134.718,57.432,-134.717833,607.1616,,,,,,,,,,Retained,,614
2024,611,1,710,37833,ILONA B,8/13/2024 15:44,10,33,710,345701,NSEI,57.418167,-134.718,57.432,-134.717833,607.1616,,,,,,,,,,Retained,,615
2024,611,1,710,37833,ILONA B,8/13/2024 15:44,10,33,710,345701,NSEI,57.418167,-134.718,57.432,-134.717833,607.1616,,,,,,,,,,Retained,,616
2024,611,1,710,37833,ILONA B,8/13/2024 15:44,10,33,710,345701,NSEI,57.418167,-134.718,57.432,-134.717833,607.1616,,,,,,,,,,Retained,,617
2024,611,1,710,37833,ILONA B,8/13/2024 15:44,10,33,710,345701,NSEI,57.418167,-134.718,57.432,-134.717833,607.1616,,,,,,,,,,Retained,,618
2024,611,1,710,37833,ILONA B,8/13/2024 15:44,10,33,710,345701,NSEI,57.418167,-134.718,57.432,-134.717833,607.1616,,,,,,,,,,Retained,,619
2024,611,1,710,37833,ILONA B,8/13/2024 15:44,10,33,710,345701,NSEI,57.418167,-134.718,57.432,-134.717833,607.1616,,,,,,,,,,Retained,,620
2024,611,1,710,37833,ILONA B,8/13/2024 15:44,10,33,710,345701,NSEI,57.418167,-134.718,57.432,-134.717833,607.1616,,,,,,,,,,Retained,,621
2024,611,1,710,37833,ILONA B,8/13/2024 15:44,10,33,710,345701,NSEI,57.418167,-134.718,57.432,-134.717833,607.1616,,,,,,,,,,Retained,,622
2024,611,1,710,37833,ILONA B,8/13/2024 15:44,10,33,710,345701,NSEI,57.418167,-134.718,57.432,-134.717833,607.1616,,,,,,,,,,Retained,,623
2024,611,1,710,37833,ILONA B,8/13/2024 15:44,10,33,710,345701,NSEI,57.418167,-134.718,57.432,-134.717833,607.1616,,,,,,,,,,Retained,,624
