YEAR,PROJECT_CODE,TRIP_NO,TARGET_SPECIES_CODE,ADFG_NO,VESSEL_NAME,TIME_FIRST_BUOY_ONBOARD,EFFORT_NO,STATION_NO,SPECIES_CODE,STAT,MANAGEMENT_AREA,START_LAT,START_LON,END_LAT,END_LON,DEPTH_METERS,LENGTH,WEIGHT,AGE,AGE_TYPE_CODE,AGE_READABILITY_CODE,SEX_CODE,MATURITY_CODE,TAG_NO,TAG_BATCH_NO,DISCARD_STATUS,RELEASE_CONDITION_CODE,Specimen Number
2025,611,1,710,37833,ILONA B,8/1/2025 13:21,1,13,710,345631,NSEI,56.836333,-134.651,56.8545,-134.6545,680.3136,48,,,,,00,09,,,Retained,,123
2025,611,1,710,37833,ILONA B,8/1/2025 13:21,1,13,710,345631,NSEI,56.836333,-134.651,56.8545,-134.6545,680.3136,50,,,,,00,09,,,Retained,,55
2025,611,1,710,37833,ILONA B,8/1/2025 13:21,1,13,710,345631,NSEI,56.836333,-134.651,56.8545,-134.6545,680.3136,51,1.5,8,,02,01,01,,,Retained,,51
2025,611,1,710,37833,ILONA B,8/1/2025 13:21,1,13,710,345631,NSEI,56.836333,-134.651,56.8545,-134.6545,680.3136,52,,,,,00,09,,,Retained,,99
2025,611,1,710,37833,ILONA B,8/1/2025 13:21,1,13,710,345631,NSEI,56.836333,-134.651,56.8545,-134.6545,680.3136,53,1.5,6,,02,01,01,,,Retained,,125
2025,611,1,710,37833,ILONA B,8/1/2025 13:21,1,13,710,345631,NSEI,56.836333,-134.651,56.8545,-134.6545,680.3136,54,1.7,5,,02,01,01,,,Retained,,46
2025,611,1,710,37833,ILONA B,8/1/2025 13:21,1,13,710,345631,NSEI,56.836333,-134.651,56.8545,-134.6545,680.3136,54,,,,,00,09,,,Retained,,3
2025,611,1,710,37833,ILONA B,8/1/2025 13:21,1,13,710,345631,NSEI,56.836333,-134.651,56.8545,-134.6545,680.3136,54,,,,,00,09,,,Retained,,10
2025,611,1,710,37833,ILONA B,8/1/2025 13:21,1,13,710,345631,NSEI,56.836333,-134.651,56.8545,-134.6545,680.3136,54,,,,,00,09,,,Retained,,44
2025,611,1,710,37833,ILONA B,8/1/2025 13:21,1,13,710,345631,NSEI,56.836333,-134.651,56.8545,-134.6545,680.3136,54,,,,,00,09,,,Retained,,50
2025,611,1,710,37833,ILONA B,8/1/2025 13:21,1,13,710,345631,NSEI,56.836333,-134.651,56.8545,-134.6545,680.3136,54,,,,,00,09,,,Retained,,77
2025,611,1,710,37833,ILONA B,8/1/2025 13:21,1,13,710,345631,NSEI,56.836333,-134.651,56.8545,-134.6545,680.3136,55,,,,,00,09,,,Retained,,5
2025,611,1,710,37833,ILONA B,8/1/2025 13:21,1,13,710,345631,NSEI,56.836333,-134.651,56.8545,-134.6545,680.3136,55,,,,,00,09,,,Retained,,12
2025,611,1,710,37833,ILONA B,8/1/2025 13:21,1,13,710,345631,NSEI,56.836333,-134.651,56.8545,-134.6545,680.3136,55,,,,,00,09,,,Retained,,40
2025,611,1,710,37833,ILONA B,8/1/2025 13:21,1,13,710,345631,NSEI,56.836333,-134.651,56.8545,-134.6545,680.3136,55,,,,,00,09,,,Retained,,68
2025,611,1,710,37833,ILONA B,8/1/2025 13:21,1,13,710,345631,NSEI,56.836333,-134.651,56.8545,-134.6545,680.3136,55,,,,,00,09,,,Retained,,114
2025,611,1,710,37833,ILONA B,8/1/2025 13:21,1,13,710,345631,NSEI,56.836333,-134.651,56.8545,-134.6545,680.3136,56,1.8,5,,01,02,01,,,Retained,,16
2025,611,1,710,37833,ILONA B,8/1/2025 13:21,1,13,710,345631,NSEI,56.836333,-134.651,56.8545,-134.6545,680.3136,56,,,,,00,09,,,Retained,,60
2025,611,1,710,37833,ILONA B,8/1/2025 13:21,1,13,710,345631,NSEI,56.836333,-134.651,56.8545,-134.6545,680.3136,56,,,,,00,09,,,Retained,,109
2025,611,1,710,37833,ILONA B,8/1/2025 13:21,1,13,710,345631,NSEI,56.836333,-134.651,56.8545,-134.6545,680.3136,56,,,,,00,09,,,Retained,,111
2025,611,1,710,37833,ILONA B,8/1/2025 13:21,1,13,710,345631,NSEI,56.836333,-134.651,56.8545,-134.6545,680.3136,56,,,,,00,09,,,Retained,,112
2025,611,1,710,37833,ILONA B,8/1/2025 13:21,1,13,710,345631,NSEI,56.836333,-134.651,56.8545,-134.6545,680.3136,57,,,,,00,09,,,Retained,,57
2025,611,1,710,37833,ILONA B,8/1/2025 13:21,1,13,710,345631,NSEI,56.836333,-134.651,56.8545,-134.6545,680.3136,57,,,,,00,09,,,Retained,,64
2025,611,1,710,37833,ILONA B,8/1/2025 13:21,1,13,710,345631,NSEI,56.836333,-134.651,56.8545,-134.6545,680.3136,57,,,,,00,09,,,Retained,,73
2025,611,1,710,37833,ILONA B,8/1/2025 13:21,1,13,710,345631,NSEI,56.836333,-134.651,56.8545,-134.6545,680.3136,57,,,,,00,09,,,Retained,,93
2025,611,1,710,37833,ILONA B,8/1/2025 13:21,1,13,710,345631,NSEI,56.836333,-134.651,56.8545,-134.6545,680.3136,57,,,,,00,09,,,Retained,,124
2025,611,1,710,37833,ILONA B,8/1/2025 13:21,1,13,710,345631,NSEI,56.836333,-134.651,56.8545,-134.6545,680.3136,57,,,,,00,09,,,Retained,,131
2025,611,1,710,37833,ILONA B,8/1/2025 13:21,1,13,710,345631,NSEI,56.836333,-134.651,56.8545,-134.6545,680.3136,58,2.3,4,,02,02,01,,,Retained,,120
2025,611,1,710,37833,ILONA B,8/1/2025 13:21,1,13,710,345631,NSEI,56.836333,-134.651,56.8545,-134.6545,680.3136,58,,,,,00,09,,,Retained,,45
2025,611,1,710,37833,ILONA B,8/1/2025 13:21,1,13,710,345631,NSEI,56.836333,-134.651,56.8545,-134.6545,680.3136,58,,,,,00,09,,,Retained,,53
2025,611,1,710,37833,ILONA B,8/1/2025 13:21,1,13,710,345631,NSEI,56.836333,-134.651,56.8545,-134.6545,680.3136,58,,,,,00,09,,,Retained,,63
2025,611,1,710,37833,ILONA B,8/1/2025 13:21,1,13,710,345631,NSEI,56.836333,-134.651,56.8545,-134.6545,680.3136,58,,,,,00,09,,,Retained,,83
2025,611,1,710,37833,ILONA B,8/1/2025 13:21,1,13,710,345631,NSEI,56.836333,-134.651,56.8545,-134.6545,680.3136,58,,,,,00,09,,,Retained,,94
2025,611,1,710,37833,ILONA B,8/1/2025 13:21,1,13,710,345631,NSEI,56.836333,-134.651,56.8545,-134.6545,680.3136,59,2,5,,02,02,01,,,Retained,,80
2025,611,1,710,37833,ILONA B,8/1/2025 13:21,1,13,710,345631,NSEI,56.836333,-134.651,56.8545,-134.6545,680.3136,59,,,,,00,09,,,Retained,,28
2025,611,1,710,37833,ILONA B,8/1/2025 13:21,1,13,710,345631,NSEI,56.836333,-134.651,56.8545,-134.6545,680.3136,59,,,,,00,09,,,Retained,,71
2025,611,1,710,37833,ILONA B,8/1/2025 13:21,1,13,710,345631,NSEI,56.836333,-134.651,56.8545,-134.6545,680.3136,59,,,,,00,09,,,Retained,,76
2025,611,1,710,37833,ILONA B,8/1/2025 13:21,1,13,710,345631,NSEI,56.836333,-134.651,56.8545,-134.6545,680.3136,59,,,,,00,09,,,Retained,,88
2025,611,1,710,37833,ILONA B,8/1/2025 13:21,1,13,710,345631,NSEI,56.836333,-134.651,56.8545,-134.6545,680.3136,59,,,,,00,09,,,Retained,,126
2025,611,1,710,37833,ILONA B,8/1/2025 13:21,1,13,710,345631,NSEI,56.836333,-134.651,56.8545,-134.6545,680.3136,60,2.4,5,,01,02,07,,,Retained,,56
2025,611,1,710,37833,ILONA B,8/1/2025 13:21,1,13,710,345631,NSEI,56.836333,-134.651,56.8545,-134.6545,680.3136,60,2.7,7,,02,02,07,,,Retained,,11
2025,611,1,710,37833,ILONA B,8/1/2025 13:21,1,13,710,345631,NSEI,56.836333,-134.651,56.8545,-134.6545,680.3136,60,,,,,00,09,,,Retained,,2
2025,611,1,710,37833,ILONA B,8/1/2025 13:21,1,13,710,345631,NSEI,56.836333,-134.651,56.8545,-134.6545,680.3136,60,,,,,00,09,,,Retained,,13
2025,611,1,710,37833,ILONA B,8/1/2025 13:21,1,13,710,345631,NSEI,56.836333,-134.651,56.8545,-134.6545,680.3136,60,,,,,00,09,,,Retained,,15
2025,611,1,710,37833,ILONA B,8/1/2025 13:21,1,13,710,345631,NSEI,56.836333,-134.651,56.8545,-134.6545,680.3136,60,,,,,00,09,,,Retained,,39
2025,611,1,710,37833,ILONA B,8/1/2025 13:21,1,13,710,345631,NSEI,56.836333,-134.651,56.8545,-134.6545,680.3136,60,,,,,00,09,,,Retained,,43
2025,611,1,710,37833,ILONA B,8/1/2025 13:21,1,13,710,345631,NSEI,56.836333,-134.651,56.8545,-134.6545,680.3136,60,,,,,00,09,,,Retained,,52
2025,611,1,710,37833,ILONA B,8/1/2025 13:21,1,13,710,345631,NSEI,56.836333,-134.651,56.8545,-134.6545,680.3136,60,,,,,00,09,,,Retained,,54
2025,611,1,710,37833,ILONA B,8/1/2025 13:21,1,13,710,345631,NSEI,56.836333,-134.651,56.8545,-134.6545,680.3136,60,,,,,00,09,,,Retained,,58
2025,611,1,710,37833,ILONA B,8/1/2025 13:21,1,13,710,345631,NSEI,56.836333,-134.651,56.8545,-134.6545,680.3136,60,,,,,00,09,,,Retained,,102
2025,611,1,710,37833,ILONA B,8/1/2025 13:21,1,13,710,345631,NSEI,56.836333,-134.651,56.8545,-134.6545,680.3136,60,,,,,00,09,,,Retained,,103
2025,611,1,710,37833,ILONA B,8/1/2025 13:21,1,13,710,345631,NSEI,56.836333,-134.651,56.8545,-134.6545,680.3136,61,2.4,13,,02,02,07,,,Retained,,95
2025,611,1,710,37833,ILONA B,8/1/2025 13:21,1,13,710,345631,NSEI,56.836333,-134.651,56.8545,-134.6545,680.3136,61,2.5,7,,02,01,07,,,Retained,,130
2025,611,1,710,37833,ILONA B,8/1/2025 13:21,1,13,710,345631,NSEI,56.836333,-134.651,56.8545,-134.6545,680.3136,61,2.5,7,,02,02,07,,,Retained,,61
2025,611,1,710,37833,ILONA B,8/1/2025 13:21,1,13,710,345631,NSEI,56.836333,-134.651,56.8545,-134.6545,680.3136,61,,,,,00,09,,,Retained,,4
2025,611,1,710,37833,ILONA B,8/1/2025 13:21,1,13,710,345631,NSEI,56.836333,-134.651,56.8545,-134.6545,680.3136,61,,,,,00,09,,,Retained,,9
2025,611,1,710,37833,ILONA B,8/1/2025 13:21,1,13,710,345631,NSEI,56.836333,-134.651,56.8545,-134.6545,680.3136,61,,,,,00,09,,,Retained,,18
2025,611,1,710,37833,ILONA B,8/1/2025 13:21,1,13,710,345631,NSEI,56.836333,-134.651,56.8545,-134.6545,680.3136,61,,,,,00,09,,,Retained,,22
2025,611,1,710,37833,ILONA B,8/1/2025 13:21,1,13,710,345631,NSEI,56.836333,-134.651,56.8545,-134.6545,680.3136,61,,,,,00,09,,,Retained,,38
2025,611,1,710,37833,ILONA B,8/1/2025 13:21,1,13,710,345631,NSEI,56.836333,-134.651,56.8545,-134.6545,680.3136,61,,,,,00,09,,,Retained,,47
2025,611,1,710,37833,ILONA B,8/1/2025 13:21,1,13,710,345631,NSEI,56.836333,-134.651,56.8545,-134.6545,680.3136,61,,,,,00,09,,,Retained,,67
2025,611,1,710,37833,ILONA B,8/1/2025 13:21,1,13,710,345631,NSEI,56.836333,-134.651,56.8545,-134.6545,680.3136,61,,,,,00,09,,,Retained,,87
2025,611,1,710,37833,ILONA B,8/1/2025 13:21,1,13,710,345631,NSEI,56.836333,-134.651,56.8545,-134.6545,680.3136,61,,,,,00,09,,,Retained,,91
2025,611,1,710,37833,ILONA B,8/1/2025 13:21,1,13,710,345631,NSEI,56.836333,-134.651,56.8545,-134.6545,680.3136,61,,,,,00,09,,,Retained,,104
2025,611,1,710,37833,ILONA B,8/1/2025 13:21,1,13,710,345631,NSEI,56.836333,-134.651,56.8545,-134.6545,680.3136,61,,,,,00,09,,,Retained,,121
2025,611,1,710,37833,ILONA B,8/1/2025 13:21,1,13,710,345631,NSEI,56.836333,-134.651,56.8545,-134.6545,680.3136,62,2.7,6,,02,01,07,,,Retained,,21
2025,611,1,710,37833,ILONA B,8/1/2025 13:21,1,13,710,345631,NSEI,56.836333,-134.651,56.8545,-134.6545,680.3136,62,2.8,5,,02,02,07,,,Retained,,115
2025,611,1,710,37833,ILONA B,8/1/2025 13:21,1,13,710,345631,NSEI,56.836333,-134.651,56.8545,-134.6545,680.3136,62,,,,,00,09,,,Retained,,14
2025,611,1,710,37833,ILONA B,8/1/2025 13:21,1,13,710,345631,NSEI,56.836333,-134.651,56.8545,-134.6545,680.3136,62,,,,,00,09,,,Retained,,20
2025,611,1,710,37833,ILONA B,8/1/2025 13:21,1,13,710,345631,NSEI,56.836333,-134.651,56.8545,-134.6545,680.3136,62,,,,,00,09,,,Retained,,33
2025,611,1,710,37833,ILONA B,8/1/2025 13:21,1,13,710,345631,NSEI,56.836333,-134.651,56.8545,-134.6545,680.3136,62,,,,,00,09,,,Retained,,69
2025,611,1,710,37833,ILONA B,8/1/2025 13:21,1,13,710,345631,NSEI,56.836333,-134.651,56.8545,-134.6545,680.3136,62,,,,,00,09,,,Retained,,81
2025,611,1,710,37833,ILONA B,8/1/2025 13:21,1,13,710,345631,NSEI,56.836333,-134.651,56.8545,-134.6545,680.3136,62,,,,,00,09,,,Retained,,82
2025,611,1,710,37833,ILONA B,8/1/2025 13:21,1,13,710,345631,NSEI,56.836333,-134.651,56.8545,-134.6545,680.3136,62,,,,,00,09,,,Retained,,96
2025,611,1,710,37833,ILONA B,8/1/2025 13:21,1,13,710,345631,NSEI,56.836333,-134.651,56.8545,-134.6545,680.3136,62,,,,,00,09,,,Retained,,107
2025,611,1,710,37833,ILONA B,8/1/2025 13:21,1,13,710,345631,NSEI,56.836333,-134.651,56.8545,-134.6545,680.3136,62,,,,,00,09,,,Retained,,113
2025,611,1,710,37833,ILONA B,8/1/2025 13:21,1,13,710,345631,NSEI,56.836333,-134.651,56.8545,-134.6545,680.3136,62,,,,,00,09,,,Retained,,118
2025,611,1,710,37833,ILONA B,8/1/2025 13:21,1,13,710,345631,NSEI,56.836333,-134.651,56.8545,-134.6545,680.3136,63,,,,,00,09,,,Retained,,24
2025,611,1,710,37833,ILONA B,8/1/2025 13:21,1,13,710,345631,NSEI,56.836333,-134.651,56.8545,-134.6545,680.3136,63,,,,,00,09,,,Retained,,29
2025,611,1,710,37833,ILONA B,8/1/2025 13:21,1,13,710,345631,NSEI,56.836333,-134.651,56.8545,-134.6545,680.3136,63,,,,,00,09,,,Retained,,42
2025,611,1,710,37833,ILONA B,8/1/2025 13:21,1,13,710,345631,NSEI,56.836333,-134.651,56.8545,-134.6545,680.3136,63,,,,,00,09,,,Retained,,48
2025,611,1,710,37833,ILONA B,8/1/2025 13:21,1,13,710,345631,NSEI,56.836333,-134.651,56.8545,-134.6545,680.3136,63,,,,,00,09,,,Retained,,66
2025,611,1,710,37833,ILONA B,8/1/2025 13:21,1,13,710,345631,NSEI,56.836333,-134.651,56.8545,-134.6545,680.3136,63,,,,,00,09,,,Retained,,72
2025,611,1,710,37833,ILONA B,8/1/2025 13:21,1,13,710,345631,NSEI,56.836333,-134.651,56.8545,-134.6545,680.3136,63,,,,,00,09,,,Retained,,79
2025,611,1,710,37833,ILONA B,8/1/2025 13:21,1,13,710,345631,NSEI,56.836333,-134.651,56.8545,-134.6545,680.3136,63,,,,,00,09,,,Retained,,84
2025,611,1,710,37833,ILONA B,8/1/2025 13:21,1,13,710,345631,NSEI,56.836333,-134.651,56.8545,-134.6545,680.3136,63,,,,,00,09,,,Retained,,92
2025,611,1,710,37833,ILONA B,8/1/2025 13:21,1,13,710,345631,NSEI,56.836333,-134.651,56.8545,-134.6545,680.3136,63,,,,,00,09,,,Retained,,128
2025,611,1,710,37833,ILONA B,8/1/2025 13:21,1,13,710,345631,NSEI,56.836333,-134.651,56.8545,-134.6545,680.3136,64,3,9,,03,01,07,,,Retained,,31
2025,611,1,710,37833,ILONA B,8/1/2025 13:21,1,13,710,345631,NSEI,56.836333,-134.651,56.8545,-134.6545,680.3136,64,,,,,00,09,,,Retained,,19
2025,611,1,710,37833,ILONA B,8/1/2025 13:21,1,13,710,345631,NSEI,56.836333,-134.651,56.8545,-134.6545,680.3136,64,,,,,00,09,,,Retained,,101
2025,611,1,710,37833,ILONA B,8/1/2025 13:21,1,13,710,345631,NSEI,56.836333,-134.651,56.8545,-134.6545,680.3136,64,,,,,00,09,,,Retained,,122
2025,611,1,710,37833,ILONA B,8/1/2025 13:21,1,13,710,345631,NSEI,56.836333,-134.651,56.8545,-134.6545,680.3136,64,,,,,00,09,,,Retained,,133
2025,611,1,710,37833,ILONA B,8/1/2025 13:21,1,13,710,345631,NSEI,56.836333,-134.651,56.8545,-134.6545,680.3136,65,2.5,9,,02,02,07,,,Retained,,1
2025,611,1,710,37833,ILONA B,8/1/2025 13:21,1,13,710,345631,NSEI,56.836333,-134.651,56.8545,-134.6545,680.3136,65,2.9,8,,01,02,07,,,Retained,,100
2025,611,1,710,37833,ILONA B,8/1/2025 13:21,1,13,710,345631,NSEI,56.836333,-134.651,56.8545,-134.6545,680.3136,65,3,6,,01,02,01,,,Retained,,41
2025,611,1,710,37833,ILONA B,8/1/2025 13:21,1,13,710,345631,NSEI,56.836333,-134.651,56.8545,-134.6545,680.3136,65,,,,,00,09,,,Retained,,27
2025,611,1,710,37833,ILONA B,8/1/2025 13:21,1,13,710,345631,NSEI,56.836333,-134.651,56.8545,-134.6545,680.3136,65,,,,,00,09,,,Retained,,30
2025,611,1,710,37833,ILONA B,8/1/2025 13:21,1,13,710,345631,NSEI,56.836333,-134.651,56.8545,-134.6545,680.3136,65,,,,,00,09,,,Retained,,32
2025,611,1,710,37833,ILONA B,8/1/2025 13:21,1,13,710,345631,NSEI,56.836333,-134.651,56.8545,-134.6545,680.3136,65,,,,,00,09,,,Retained,,35
2025,611,1,710,37833,ILONA B,8/1/2025 13:21,1,13,710,345631,NSEI,56.836333,-134.651,56.8545,-134.6545,680.3136,65,,,,,00,09,,,Retained,,74
2025,611,1,710,37833,ILONA B,8/1/2025 13:21,1,13,710,345631,NSEI,56.836333,-134.651,56.8545,-134.6545,680.3136,66,3,6,,02,02,07,,,Retained,,6
2025,611,1,710,37833,ILONA B,8/1/2025 13:21,1,13,710,345631,NSEI,56.836333,-134.651,56.8545,-134.6545,680.3136,66,3.1,12,,02,02,07,,,Retained,,70
2025,611,1,710,37833,ILONA B,8/1/2025 13:21,1,13,710,345631,NSEI,56.836333,-134.651,56.8545,-134.6545,680.3136,66,3.2,8,,01,02,07,,,Retained,,85
2025,611,1,710,37833,ILONA B,8/1/2025 13:21,1,13,710,345631,NSEI,56.836333,-134.651,56.8545,-134.6545,680.3136,66,3.3,11,,02,02,07,,,Retained,,75
2025,611,1,710,37833,ILONA B,8/1/2025 13:21,1,13,710,345631,NSEI,56.836333,-134.651,56.8545,-134.6545,680.3136,66,,,,,00,09,,,Retained,,17
2025,611,1,710,37833,ILONA B,8/1/2025 13:21,1,13,710,345631,NSEI,56.836333,-134.651,56.8545,-134.6545,680.3136,66,,,,,00,09,,,Retained,,25
2025,611,1,710,37833,ILONA B,8/1/2025 13:21,1,13,710,345631,NSEI,56.836333,-134.651,56.8545,-134.6545,680.3136,66,,,,,00,09,,,Retained,,78
2025,611,1,710,37833,ILONA B,8/1/2025 13:21,1,13,710,345631,NSEI,56.836333,-134.651,56.8545,-134.6545,680.3136,66,,,,,00,09,,,Retained,,106
2025,611,1,710,37833,ILONA B,8/1/2025 13:21,1,13,710,345631,NSEI,56.836333,-134.651,56.8545,-134.6545,680.3136,66,,,,,00,09,,,Retained,,116
2025,611,1,710,37833,ILONA B,8/1/2025 13:21,1,13,710,345631,NSEI,56.836333,-134.651,56.8545,-134.6545,680.3136,66,,,,,00,09,,,Retained,,117
2025,611,1,710,37833,ILONA B,8/1/2025 13:21,1,13,710,345631,NSEI,56.836333,-134.651,56.8545,-134.6545,680.3136,67,3.1,10,,02,02,07,,,Retained,,105
2025,611,1,710,37833,ILONA B,8/1/2025 13:21,1,13,710,345631,NSEI,56.836333,-134.651,56.8545,-134.6545,680.3136,67,,,,,00,09,,,Retained,,23
2025,611,1,710,37833,ILONA B,8/1/2025 13:21,1,13,710,345631,NSEI,56.836333,-134.651,56.8545,-134.6545,680.3136,67,,,,,00,09,,,Retained,,34
2025,611,1,710,37833,ILONA B,8/1/2025 13:21,1,13,710,345631,NSEI,56.836333,-134.651,56.8545,-134.6545,680.3136,67,,,,,00,09,,,Retained,,97
2025,611,1,710,37833,ILONA B,8/1/2025 13:21,1,13,710,345631,NSEI,56.836333,-134.651,56.8545,-134.6545,680.3136,68,3.2,7,,03,02,07,,,Retained,,110
2025,611,1,710,37833,ILONA B,8/1/2025 13:21,1,13,710,345631,NSEI,56.836333,-134.651,56.8545,-134.6545,680.3136,68,3.3,9,,02,02,07,,,Retained,,90
2025,611,1,710,37833,ILONA B,8/1/2025 13:21,1,13,710,345631,NSEI,56.836333,-134.651,56.8545,-134.6545,680.3136,68,,,,,00,09,,,Retained,,119
2025,611,1,710,37833,ILONA B,8/1/2025 13:21,1,13,710,345631,NSEI,56.836333,-134.651,56.8545,-134.6545,680.3136,68,,,,,00,09,,,Retained,,129
2025,611,1,710,37833,ILONA B,8/1/2025 13:21,1,13,710,345631,NSEI,56.836333,-134.651,56.8545,-134.6545,680.3136,68,,,,,00,09,,,Retained,,132
2025,611,1,710,37833,ILONA B,8/1/2025 13:21,1,13,710,345631,NSEI,56.836333,-134.651,56.8545,-134.6545,680.3136,69,,,,,00,09,,,Retained,,127
2025,611,1,710,37833,ILONA B,8/1/2025 13:21,1,13,710,345631,NSEI,56.836333,-134.651,56.8545,-134.6545,680.3136,70,3.2,9,,02,02,07,,,Retained,,26
2025,611,1,710,37833,ILONA B,8/1/2025 13:21,1,13,710,345631,NSEI,56.836333,-134.651,56.8545,-134.6545,680.3136,70,3.4,9,,02,02,07,,,Retained,,36
2025,611,1,710,37833,ILONA B,8/1/2025 13:21,1,13,710,345631,NSEI,56.836333,-134.651,56.8545,-134.6545,680.3136,70,,,,,00,09,,,Retained,,7
2025,611,1,710,37833,ILONA B,8/1/2025 13:21,1,13,710,345631,NSEI,56.836333,-134.651,56.8545,-134.6545,680.3136,70,,,,,00,09,,,Retained,,86
2025,611,1,710,37833,ILONA B,8/1/2025 13:21,1,13,710,345631,NSEI,56.836333,-134.651,56.8545,-134.6545,680.3136,70,,,,,00,09,,,Retained,,98
2025,611,1,710,37833,ILONA B,8/1/2025 13:21,1,13,710,345631,NSEI,56.836333,-134.651,56.8545,-134.6545,680.3136,70,,,,,00,09,,,Retained,,108
2025,611,1,710,37833,ILONA B,8/1/2025 13:21,1,13,710,345631,NSEI,56.836333,-134.651,56.8545,-134.6545,680.3136,72,,,,,00,09,,,Retained,,37
2025,611,1,710,37833,ILONA B,8/1/2025 13:21,1,13,710,345631,NSEI,56.836333,-134.651,56.8545,-134.6545,680.3136,72,,,,,00,09,,,Retained,,89
2025,611,1,710,37833,ILONA B,8/1/2025 13:21,1,13,710,345631,NSEI,56.836333,-134.651,56.8545,-134.6545,680.3136,73,4.1,10,,02,02,07,,,Retained,,65
2025,611,1,710,37833,ILONA B,8/1/2025 13:21,1,13,710,345631,NSEI,56.836333,-134.651,56.8545,-134.6545,680.3136,73,,,,,00,09,,,Retained,,8
2025,611,1,710,37833,ILONA B,8/1/2025 13:21,1,13,710,345631,NSEI,56.836333,-134.651,56.8545,-134.6545,680.3136,74,,,,,00,09,,,Retained,,59
2025,611,1,710,37833,ILONA B,8/1/2025 13:21,1,13,710,345631,NSEI,56.836333,-134.651,56.8545,-134.6545,680.3136,76,,,,,00,09,,,Retained,,62
2025,611,1,710,37833,ILONA B,8/1/2025 13:21,1,13,710,345631,NSEI,56.836333,-134.651,56.8545,-134.6545,680.3136,76,,,,,00,09,,,Retained,,134
2025,611,1,710,37833,ILONA B,8/1/2025 13:21,1,13,710,345631,NSEI,56.836333,-134.651,56.8545,-134.6545,680.3136,78,,,,,00,09,,,Retained,,49
2025,611,1,710,37833,ILONA B,8/1/2025 13:21,1,13,710,345631,NSEI,56.836333,-134.651,56.8545,-134.6545,680.3136,,,,,,,,,,Retained,,135
2025,611,1,710,37833,ILONA B,8/1/2025 13:21,1,13,710,345631,NSEI,56.836333,-134.651,56.8545,-134.6545,680.3136,,,,,,,,,,Retained,,136
2025,611,1,710,37833,ILONA B,8/1/2025 13:21,1,13,710,345631,NSEI,56.836333,-134.651,56.8545,-134.6545,680.3136,,,,,,,,,,Retained,,137
2025,611,1,710,37833,ILONA B,8/1/2025 13:21,1,13,710,345631,NSEI,56.836333,-134.651,56.8545,-134.6545,680.3136,,,,,,,,,,Retained,,138
2025,611,1,710,37833,ILONA B,8/1/2025 13:21,1,13,710,345631,NSEI,56.836333,-134.651,56.8545,-134.6545,680.3136,,,,,,,,,,Retained,,139
2025,611,1,710,37833,ILONA B,8/1/2025 13:21,1,13,710,345631,NSEI,56.836333,-134.651,56.8545,-134.6545,680.3136,,,,,,,,,,Retained,,140
2025,611,1,710,37833,ILONA B,8/1/2025 13:21,1,13,710,345631,NSEI,56.836333,-134.651,56.8545,-134.6545,680.3136,,,,,,,,,,Retained,,141
2025,611,1,710,37833,ILONA B,8/1/2025 13:21,1,13,710,345631,NSEI,56.836333,-134.651,56.8545,-134.6545,680.3136,,,,,,,,,,Retained,,142
2025,611,1,710,37833,ILONA B,8/1/2025 13:21,1,13,710,345631,NSEI,56.836333,-134.651,56.8545,-134.6545,680.3136,,,,,,,,,,Retained,,143
2025,611,1,710,37833,ILONA B,8/1/2025 13:21,1,13,710,345631,NSEI,56.836333,-134.651,56.8545,-134.6545,680.3136,,,,,,,,,,Retained,,144
2025,611,1,710,37833,ILONA B,8/1/2025 13:21,1,13,710,345631,NSEI,56.836333,-134.651,56.8545,-134.6545,680.3136,,,,,,,,,,Retained,,145
2025,611,1,710,37833,ILONA B,8/1/2025 13:21,1,13,710,345631,NSEI,56.836333,-134.651,56.8545,-134.6545,680.3136,,,,,,,,,,Retained,,146
2025,611,1,710,37833,ILONA B,8/1/2025 13:21,1,13,710,345631,NSEI,56.836333,-134.651,56.8545,-134.6545,680.3136,,,,,,,,,,Retained,,147
2025,611,1,710,37833,ILONA B,8/1/2025 13:21,1,13,710,345631,NSEI,56.836333,-134.651,56.8545,-134.6545,680.3136,,,,,,,,,,Retained,,148
2025,611,1,710,37833,ILONA B,8/1/2025 13:21,1,13,710,345631,NSEI,56.836333,-134.651,56.8545,-134.6545,680.3136,,,,,,,,,,Retained,,149
2025,611,1,710,37833,ILONA B,8/1/2025 13:21,1,13,710,345631,NSEI,56.836333,-134.651,56.8545,-134.6545,680.3136,,,,,,,,,,Retained,,150
2025,611,1,710,37833,ILONA B,8/1/2025 13:21,1,13,710,345631,NSEI,56.836333,-134.651,56.8545,-134.6545,680.3136,,,,,,,,,,Retained,,151
2025,611,1,710,37833,ILONA B,8/1/2025 13:21,1,13,710,345631,NSEI,56.836333,-134.651,56.8545,-134.6545,680.3136,,,,,,,,,,Retained,,152
2025,611,1,710,37833,ILONA B,8/1/2025 13:21,1,13,710,345631,NSEI,56.836333,-134.651,56.8545,-134.6545,680.3136,,,,,,,,,,Retained,,153
2025,611,1,710,37833,ILONA B,8/1/2025 13:21,1,13,710,345631,NSEI,56.836333,-134.651,56.8545,-134.6545,680.3136,,,,,,,,,,Retained,,154
2025,611,1,710,37833,ILONA B,8/1/2025 13:21,1,13,710,345631,NSEI,56.836333,-134.651,56.8545,-134.6545,680.3136,,,,,,,,,,Retained,,155
2025,611,1,710,37833,ILONA B,8/1/2025 13:21,1,13,710,345631,NSEI,56.836333,-134.651,56.8545,-134.6545,680.3136,,,,,,,,,,Retained,,156
2025,611,1,710,37833,ILONA B,8/1/2025 13:21,1,13,710,345631,NSEI,56.836333,-134.651,56.8545,-134.6545,680.3136,,,,,,,,,,Retained,,157
2025,611,1,710,37833,ILONA B,8/1/2025 13:21,1,13,710,345631,NSEI,56.836333,-134.651,56.8545,-134.6545,680.3136,,,,,,,,,,Retained,,158
2025,611,1,710,37833,ILONA B,8/1/2025 13:21,1,13,710,345631,NSEI,56.836333,-134.651,56.8545,-134.6545,680.3136,,,,,,,,,,Retained,,159
2025,611,1,710,37833,ILONA B,8/1/2025 13:21,1,13,710,345631,NSEI,56.836333,-134.651,56.8545,-134.6545,680.3136,,,,,,,,,,Retained,,160
2025,611,1,710,37833,ILONA B,8/1/2025 13:21,1,13,710,345631,NSEI,56.836333,-134.651,56.8545,-134.6545,680.3136,,,,,,,,,,Retained,,161
2025,611,1,710,37833,ILONA B,8/1/2025 13:21,1,13,710,345631,NSEI,56.836333,-134.651,56.8545,-134.6545,680.3136,,,,,,,,,,Retained,,162
2025,611,1,710,37833,ILONA B,8/1/2025 13:21,1,13,710,345631,NSEI,56.836333,-134.651,56.8545,-134.6545,680.3136,,,,,,,,,,Retained,,163
2025,611,1,710,37833,ILONA B,8/1/2025 13:21,1,13,710,345631,NSEI,56.836333,-134.651,56.8545,-134.6545,680.3136,,,,,,,,,,Retained,,164
2025,611,1,710,37833,ILONA B,8/1/2025 13:21,1,13,710,345631,NSEI,56.836333,-134.651,56.8545,-134.6545,680.3136,,,,,,,,,,Retained,,165
2025,611,1,710,37833,ILONA B,8/1/2025 13:21,1,13,710,345631,NSEI,56.836333,-134.651,56.8545,-134.6545,680.3136,,,,,,,,,,Retained,,166
2025,611,1,710,37833,ILONA B,8/1/2025 13:21,1,13,710,345631,NSEI,56.836333,-134.651,56.8545,-134.6545,680.3136,,,,,,,,,,Retained,,167
2025,611,1,710,37833,ILONA B,8/1/2025 13:21,1,13,710,345631,NSEI,56.836333,-134.651,56.8545,-134.6545,680.3136,,,,,,,,,,Retained,,168
2025,611,1,710,37833,ILONA B,8/1/2025 13:21,1,13,710,345631,NSEI,56.836333,-134.651,56.8545,-134.6545,680.3136,,,,,,,,,,Retained,,169
2025,611,1,710,37833,ILONA B,8/1/2025 13:21,1,13,710,345631,NSEI,56.836333,-134.651,56.8545,-134.6545,680.3136,,,,,,,,,,Retained,,170
2025,611,1,710,37833,ILONA B,8/1/2025 13:21,1,13,710,345631,NSEI,56.836333,-134.651,56.8545,-134.6545,680.3136,,,,,,,,,,Retained,,171
2025,611,1,710,37833,ILONA B,8/1/2025 13:21,1,13,710,345631,NSEI,56.836333,-134.651,56.8545,-134.6545,680.3136,,,,,,,,,,Retained,,172
2025,611,1,710,37833,ILONA B,8/1/2025 13:21,1,13,710,345631,NSEI,56.836333,-134.651,56.8545,-134.6545,680.3136,,,,,,,,,,Retained,,173
2025,611,1,710,37833,ILONA B,8/1/2025 13:21,1,13,710,345631,NSEI,56.836333,-134.651,56.8545,-134.6545,680.3136,,,,,,,,,,Retained,,174
2025,611,1,710,37833,ILONA B,8/1/2025 13:21,1,13,710,345631,NSEI,56.836333,-134.651,56.8545,-134.6545,680.3136,,,,,,,,,,Retained,,175
2025,611,1,710,37833,ILONA B,8/1/2025 13:21,1,13,710,345631,NSEI,56.836333,-134.651,56.8545,-134.6545,680.3136,,,,,,,,,,Retained,,176
2025,611,1,710,37833,ILONA B,8/1/2025 13:21,1,13,710,345631,NSEI,56.836333,-134.651,56.8545,-134.6545,680.3136,,,,,,,,,,Retained,,177
2025,611,1,710,37833,ILONA B,8/1/2025 13:21,1,13,710,345631,NSEI,56.836333,-134.651,56.8545,-134.6545,680.3136,,,,,,,,,,Retained,,178
2025,611,1,710,37833,ILONA B,8/1/2025 13:21,1,13,710,345631,NSEI,56.836333,-134.651,56.8545,-134.6545,680.3136,,,,,,,,,,Retained,,179
2025,611,1,710,37833,ILONA B,8/1/2025 13:21,1,13,710,345631,NSEI,56.836333,-134.651,56.8545,-134.6545,680.3136,,,,,,,,,,Retained,,180
2025,611,1,710,37833,ILONA B,8/1/2025 13:21,1,13,710,345631,NSEI,56.836333,-134.651,56.8545,-134.6545,680.3136,,,,,,,,,,Retained,,181
2025,611,1,710,37833,ILONA B,8/1/2025 13:21,1,13,710,345631,NSEI,56.836333,-134.651,56.8545,-134.6545,680.3136,,,,,,,,,,Retained,,182
2025,611,1,710,37833,ILONA B,8/1/2025 13:21,1,13,710,345631,NSEI,56.836333,-134.651,56.8545,-134.6545,680.3136,,,,,,,,,,Retained,,183
2025,611,1,710,37833,ILONA B,8/1/2025 13:21,1,13,710,345631,NSEI,56.836333,-134.651,56.8545,-134.6545,680.3136,,,,,,,,,,Retained,,184
2025,611,1,710,37833,ILONA B,8/1/2025 13:21,1,13,710,345631,NSEI,56.836333,-134.651,56.8545,-134.6545,680.3136,,,,,,,,,,Retained,,185
2025,611,1,710,37833,ILONA B,8/1/2025 13:21,1,13,710,345631,NSEI,56.836333,-134.651,56.8545,-134.6545,680.3136,,,,,,,,,,Retained,,186
2025,611,1,710,37833,ILONA B,8/1/2025 13:21,1,13,710,345631,NSEI,56.836333,-134.651,56.8545,-134.6545,680.3136,,,,,,,,,,Retained,,187
2025,611,1,710,37833,ILONA B,8/1/2025 13:21,1,13,710,345631,NSEI,56.836333,-134.651,56.8545,-134.6545,680.3136,,,,,,,,,,Retained,,188
2025,611,1,710,37833,ILONA B,8/1/2025 13:21,1,13,710,345631,NSEI,56.836333,-134.651,56.8545,-134.6545,680.3136,,,,,,,,,,Retained,,189
2025,611,1,710,37833,ILONA B,8/1/2025 13:21,1,13,710,345631,NSEI,56.836333,-134.651,56.8545,-134.6545,680.3136,,,,,,,,,,Retained,,190
2025,611,1,710,37833,ILONA B,8/1/2025 13:21,1,13,710,345631,NSEI,56.836333,-134.651,56.8545,-134.6545,680.3136,,,,,,,,,,Retained,,191
2025,611,1,710,37833,ILONA B,8/1/2025 13:21,1,13,710,345631,NSEI,56.836333,-134.651,56.8545,-134.6545,680.3136,,,,,,,,,,Retained,,192
2025,611,1,710,37833,ILONA B,8/1/2025 13:21,1,13,710,345631,NSEI,56.836333,-134.651,56.8545,-134.6545,680.3136,,,,,,,,,,Retained,,193
2025,611,1,710,37833,ILONA B,8/1/2025 13:21,1,13,710,345631,NSEI,56.836333,-134.651,56.8545,-134.6545,680.3136,,,,,,,,,,Retained,,194
2025,611,1,710,37833,ILONA B,8/1/2025 13:21,1,13,710,345631,NSEI,56.836333,-134.651,56.8545,-134.6545,680.3136,,,,,,,,,,Retained,,195
2025,611,1,710,37833,ILONA B,8/1/2025 13:21,1,13,710,345631,NSEI,56.836333,-134.651,56.8545,-134.6545,680.3136,,,,,,,,,,Retained,,196
2025,611,1,710,37833,ILONA B,8/1/2025 13:21,1,13,710,345631,NSEI,56.836333,-134.651,56.8545,-134.6545,680.3136,,,,,,,,,,Retained,,197
2025,611,1,710,37833,ILONA B,8/1/2025 13:21,1,13,710,345631,NSEI,56.836333,-134.651,56.8545,-134.6545,680.3136,,,,,,,,,,Retained,,198
2025,611,1,710,37833,ILONA B,8/1/2025 13:21,1,13,710,345631,NSEI,56.836333,-134.651,56.8545,-134.6545,680.3136,,,,,,,,,,Retained,,199
2025,611,1,710,37833,ILONA B,8/1/2025 13:21,1,13,710,345631,NSEI,56.836333,-134.651,56.8545,-134.6545,680.3136,,,,,,,,,,Retained,,200
2025,611,1,710,37833,ILONA B,8/1/2025 13:21,1,13,710,345631,NSEI,56.836333,-134.651,56.8545,-134.6545,680.3136,,,,,,,,,,Retained,,201
2025,611,1,710,37833,ILONA B,8/1/2025 13:21,1,13,710,345631,NSEI,56.836333,-134.651,56.8545,-134.6545,680.3136,,,,,,,,,,Retained,,202
2025,611,1,710,37833,ILONA B,8/1/2025 13:21,1,13,710,345631,NSEI,56.836333,-134.651,56.8545,-134.6545,680.3136,,,,,,,,,,Retained,,203
2025,611,1,710,37833,ILONA B,8/1/2025 13:21,1,13,710,345631,NSEI,56.836333,-134.651,56.8545,-134.6545,680.3136,,,,,,,,,,Retained,,204
2025,611,1,710,37833,ILONA B,8/1/2025 13:21,1,13,710,345631,NSEI,56.836333,-134.651,56.8545,-134.6545,680.3136,,,,,,,,,,Retained,,205
2025,611,1,710,37833,ILONA B,8/1/2025 13:21,1,13,710,345631,NSEI,56.836333,-134.651,56.8545,-134.6545,680.3136,,,,,,,,,,Retained,,206
2025,611,1,710,37833,ILONA B,8/1/2025 13:21,1,13,710,345631,NSEI,56.836333,-134.651,56.8545,-134.6545,680.3136,,,,,,,,,,Retained,,207
2025,611,1,710,37833,ILONA B,8/1/2025 13:21,1,13,710,345631,NSEI,56.836333,-134.651,56.8545,-134.6545,680.3136,,,,,,,,,,Retained,,208
2025,611,1,710,37833,ILONA B,8/1/2025 13:21,1,13,710,345631,NSEI,56.836333,-134.651,56.8545,-134.6545,680.3136,,,,,,,,,,Retained,,209
2025,611,1,710,37833,ILONA B,8/1/2025 13:21,1,13,710,345631,NSEI,56.836333,-134.651,56.8545,-134.6545,680.3136,,,,,,,,,,Retained,,210
2025,611,1,710,37833,ILONA B,8/1/2025 13:21,1,13,710,345631,NSEI,56.836333,-134.651,56.8545,-134.6545,680.3136,,,,,,,,,,Retained,,211
2025,611,1,710,37833,ILONA B,8/1/2025 13:21,1,13,710,345631,NSEI,56.836333,-134.651,56.8545,-134.6545,680.3136,,,,,,,,,,Retained,,212
2025,611,1,710,37833,ILONA B,8/1/2025 13:21,1,13,710,345631,NSEI,56.836333,-134.651,56.8545,-134.6545,680.3136,,,,,,,,,,Retained,,213
2025,611,1,710,37833,ILONA B,8/1/2025 13:21,1,13,710,345631,NSEI,56.836333,-134.651,56.8545,-134.6545,680.3136,,,,,,,,,,Retained,,214
2025,611,1,710,37833,ILONA B,8/1/2025 13:21,1,13,710,345631,NSEI,56.836333,-134.651,56.8545,-134.6545,680.3136,,,,,,,,,,Retained,,215
2025,611,1,710,37833,ILONA B,8/1/2025 13:21,1,13,710,345631,NSEI,56.836333,-134.651,56.8545,-134.6545,680.3136,,,,,,,,,,Retained,,216
2025,611,1,710,37833,ILONA B,8/1/2025 13:21,1,13,710,345631,NSEI,56.836333,-134.651,56.8545,-134.6545,680.3136,,,,,,,,,,Retained,,217
2025,611,1,710,37833,ILONA B,8/1/2025 13:21,1,13,710,345631,NSEI,56.836333,-134.651,56.8545,-134.6545,680.3136,,,,,,,,,,Retained,,218
2025,611,1,710,37833,ILONA B,8/1/2025 13:21,1,13,710,345631,NSEI,56.836333,-134.651,56.8545,-134.6545,680.3136,,,,,,,,,,Retained,,219
2025,611,1,710,37833,ILONA B,8/1/2025 13:21,1,13,710,345631,NSEI,56.836333,-134.651,56.8545,-134.6545,680.3136,,,,,,,,,,Retained,,220
2025,611,1,710,37833,ILONA B,8/1/2025 13:21,1,13,710,345631,NSEI,56.836333,-134.651,56.8545,-134.6545,680.3136,,,,,,,,,,Retained,,221
2025,611,1,710,37833,ILONA B,8/1/2025 13:21,1,13,710,345631,NSEI,56.836333,-134.651,56.8545,-134.6545,680.3136,,,,,,,,,,Retained,,222
2025,611,1,710,37833,ILONA B,8/1/2025 13:21,1,13,710,345631,NSEI,56.836333,-134.651,56.8545,-134.6545,680.3136,,,,,,,,,,Retained,,223
2025,611,1,710,37833,ILONA B,8/1/2025 13:21,1,13,710,345631,NSEI,56.836333,-134.651,56.8545,-134.6545,680.3136,,,,,,,,,,Retained,,224
2025,611,1,710,37833,ILONA B,8/1/2025 13:21,1,13,710,345631,NSEI,56.836333,-134.651,56.8545,-134.6545,680.3136,,,,,,,,,,Retained,,225
2025,611,1,710,37833,ILONA B,8/1/2025 13:21,1,13,710,345631,NSEI,56.836333,-134.651,56.8545,-134.6545,680.3136,,,,,,,,,,Retained,,226
2025,611,1,710,37833,ILONA B,8/1/2025 13:21,1,13,710,345631,NSEI,56.836333,-134.651,56.8545,-134.6545,680.3136,,,,,,,,,,Retained,,227
2025,611,1,710,37833,ILONA B,8/1/2025 13:21,1,13,710,345631,NSEI,56.836333,-134.651,56.8545,-134.6545,680.3136,,,,,,,,,,Retained,,228
2025,611,1,710,37833,ILONA B,8/1/2025 13:21,1,13,710,345631,NSEI,56.836333,-134.651,56.8545,-134.6545,680.3136,,,,,,,,,,Retained,,229
2025,611,1,710,37833,ILONA B,8/1/2025 13:21,1,13,710,345631,NSEI,56.836333,-134.651,56.8545,-134.6545,680.3136,,,,,,,,,,Retained,,230
2025,611,1,710,37833,ILONA B,8/1/2025 13:21,1,13,710,345631,NSEI,56.836333,-134.651,56.8545,-134.6545,680.3136,,,,,,,,,,Retained,,231
2025,611,1,710,37833,ILONA B,8/1/2025 13:21,1,13,710,345631,NSEI,56.836333,-134.651,56.8545,-134.6545,680.3136,,,,,,,,,,Retained,,232
2025,611,1,710,37833,ILONA B,8/1/2025 13:21,1,13,710,345631,NSEI,56.836333,-134.651,56.8545,-134.6545,680.3136,,,,,,,,,,Retained,,233
2025,611,1,710,37833,ILONA B,8/1/2025 13:21,1,13,710,345631,NSEI,56.836333,-134.651,56.8545,-134.6545,680.3136,,,,,,,,,,Retained,,234
2025,611,1,710,37833,ILONA B,8/1/2025 13:21,1,13,710,345631,NSEI,56.836333,-134.651,56.8545,-134.6545,680.3136,,,,,,,,,,Retained,,235
2025,611,1,710,37833,ILONA B,8/1/2025 13:21,1,13,710,345631,NSEI,56.836333,-134.651,56.8545,-134.6545,680.3136,,,,,,,,,,Retained,,236
2025,611,1,710,37833,ILONA B,8/1/2025 13:21,1,13,710,345631,NSEI,56.836333,-134.651,56.8545,-134.6545,680.3136,,,,,,,,,,Retained,,237
2025,611,1,710,37833,ILONA B,8/1/2025 13:21,1,13,710,345631,NSEI,56.836333,-134.651,56.8545,-134.6545,680.3136,,,,,,,,,,Retained,,238
2025,611,1,710,37833,ILONA B,8/1/2025 13:21,1,13,710,345631,NSEI,56.836333,-134.651,56.8545,-134.6545,680.3136,,,,,,,,,,Retained,,239
2025,611,1,710,37833,ILONA B,8/1/2025 13:21,1,13,710,345631,NSEI,56.836333,-134.651,56.8545,-134.6545,680.3136,,,,,,,,,,Retained,,240
2025,611,1,710,37833,ILONA B,8/1/2025 13:21,1,13,710,345631,NSEI,56.836333,-134.651,56.8545,-134.6545,680.3136,,,,,,,,,,Retained,,241
2025,611,1,710,37833,ILONA B,8/1/2025 13:21,1,13,710,345631,NSEI,56.836333,-134.651,56.8545,-134.6545,680.3136,,,,,,,,,,Retained,,242
2025,611,1,710,37833,ILONA B,8/1/2025 13:21,1,13,710,345631,NSEI,56.836333,-134.651,56.8545,-134.6545,680.3136,,,,,,,,,,Retained,,243
2025,611,1,710,37833,ILONA B,8/1/2025 13:21,1,13,710,345631,NSEI,56.836333,-134.651,56.8545,-134.6545,680.3136,,,,,,,,,,Retained,,244
2025,611,1,710,37833,ILONA B,8/1/2025 13:21,1,13,710,345631,NSEI,56.836333,-134.651,56.8545,-134.6545,680.3136,,,,,,,,,,Retained,,245
2025,611,1,710,37833,ILONA B,8/1/2025 13:21,1,13,710,345631,NSEI,56.836333,-134.651,56.8545,-134.6545,680.3136,,,,,,,,,,Retained,,246
2025,611,1,710,37833,ILONA B,8/1/2025 13:21,1,13,710,345631,NSEI,56.836333,-134.651,56.8545,-134.6545,680.3136,,,,,,,,,,Retained,,247
2025,611,1,710,37833,ILONA B,8/1/2025 13:21,1,13,710,345631,NSEI,56.836333,-134.651,56.8545,-134.6545,680.3136,,,,,,,,,,Retained,,248
2025,611,1,710,37833,ILONA B,8/1/2025 13:21,1,13,710,345631,NSEI,56.836333,-134.651,56.8545,-134.6545,680.3136,,,,,,,,,,Retained,,249
2025,611,1,710,37833,ILONA B,8/1/2025 13:21,1,13,710,345631,NSEI,56.836333,-134.651,56.8545,-134.6545,680.3136,,,,,,,,,,Retained,,250
2025,611,1,710,37833,ILONA B,8/1/2025 13:21,1,13,710,345631,NSEI,56.836333,-134.651,56.8545,-134.6545,680.3136,,,,,,,,,,Retained,,251
2025,611,1,710,37833,ILONA B,8/1/2025 13:21,1,13,710,345631,NSEI,56.836333,-134.651,56.8545,-134.6545,680.3136,,,,,,,,,,Retained,,252
2025,611,1,710,37833,ILONA B,8/1/2025 13:21,1,13,710,345631,NSEI,56.836333,-134.651,56.8545,-134.6545,680.3136,,,,,,,,,,Retained,,253
2025,611,1,710,37833,ILONA B,8/1/2025 13:21,1,13,710,345631,NSEI,56.836333,-134.651,56.8545,-134.6545,680.3136,,,,,,,,,,Retained,,254
2025,611,1,710,37833,ILONA B,8/1/2025 13:21,1,13,710,345631,NSEI,56.836333,-134.651,56.8545,-134.6545,680.3136,,,,,,,,,,Retained,,255
2025,611,1,710,37833,ILONA B,8/1/2025 13:21,1,13,710,345631,NSEI,56.836333,-134.651,56.8545,-134.6545,680.3136,,,,,,,,,,Retained,,256
2025,611,1,710,37833,ILONA B,8/1/2025 13:21,1,13,710,345631,NSEI,56.836333,-134.651,56.8545,-134.6545,680.3136,,,,,,,,,,Retained,,257
2025,611,1,710,37833,ILONA B,8/1/2025 13:21,1,13,710,345631,NSEI,56.836333,-134.651,56.8545,-134.6545,680.3136,,,,,,,,,,Retained,,258
2025,611,1,710,37833,ILONA B,8/1/2025 13:21,1,13,710,345631,NSEI,56.836333,-134.651,56.8545,-134.6545,680.3136,,,,,,,,,,Retained,,259
2025,611,1,710,37833,ILONA B,8/1/2025 13:21,1,13,710,345631,NSEI,56.836333,-134.651,56.8545,-134.6545,680.3136,,,,,,,,,,Retained,,260
2025,611,1,710,37833,ILONA B,8/1/2025 13:21,1,13,710,345631,NSEI,56.836333,-134.651,56.8545,-134.6545,680.3136,,,,,,,,,,Retained,,261
2025,611,1,710,37833,ILONA B,8/1/2025 13:21,1,13,710,345631,NSEI,56.836333,-134.651,56.8545,-134.6545,680.3136,,,,,,,,,,Retained,,262
2025,611,1,710,37833,ILONA B,8/1/2025 13:21,1,13,710,345631,NSEI,56.836333,-134.651,56.8545,-134.6545,680.3136,,,,,,,,,,Retained,,263
2025,611,1,710,37833,ILONA B,8/1/2025 13:21,1,13,710,345631,NSEI,56.836333,-134.651,56.8545,-134.6545,680.3136,,,,,,,,,,Retained,,264
2025,611,1,710,37833,ILONA B,8/1/2025 13:21,1,13,710,345631,NSEI,56.836333,-134.651,56.8545,-134.6545,680.3136,,,,,,,,,,Retained,,265
2025,611,1,710,37833,ILONA B,8/1/2025 13:21,1,13,710,345631,NSEI,56.836333,-134.651,56.8545,-134.6545,680.3136,,,,,,,,,,Retained,,266
2025,611,1,710,37833,ILONA B,8/1/2025 13:21,1,13,710,345631,NSEI,56.836333,-134.651,56.8545,-134.6545,680.3136,,,,,,,,,,Retained,,267
2025,611,1,710,37833,ILONA B,8/1/2025 13:21,1,13,710,345631,NSEI,56.836333,-134.651,56.8545,-134.6545,680.3136,,,,,,,,,,Retained,,268
2025,611,1,710,37833,ILONA B,8/1/2025 13:21,1,13,710,345631,NSEI,56.836333,-134.651,56.8545,-134.6545,680.3136,,,,,,,,,,Retained,,269
2025,611,1,710,37833,ILONA B,8/1/2025 13:21,1,13,710,345631,NSEI,56.836333,-134.651,56.8545,-134.6545,680.3136,,,,,,,,,,Retained,,270
2025,611,1,710,37833,ILONA B,8/1/2025 13:21,1,13,710,345631,NSEI,56.836333,-134.651,56.8545,-134.6545,680.3136,,,,,,,,,,Retained,,271
2025,611,1,710,37833,ILONA B,8/1/2025 13:21,1,13,710,345631,NSEI,56.836333,-134.651,56.8545,-134.6545,680.3136,,,,,,,,,,Retained,,272
2025,611,1,710,37833,ILONA B,8/1/2025 13:21,1,13,710,345631,NSEI,56.836333,-134.651,56.8545,-134.6545,680.3136,,,,,,,,,,Retained,,273
2025,611,1,710,37833,ILONA B,8/1/2025 13:21,1,13,710,345631,NSEI,56.836333,-134.651,56.8545,-134.6545,680.3136,,,,,,,,,,Retained,,274
2025,611,1,710,37833,ILONA B,8/1/2025 13:21,1,13,710,345631,NSEI,56.836333,-134.651,56.8545,-134.6545,680.3136,,,,,,,,,,Retained,,275
2025,611,1,710,37833,ILONA B,8/1/2025 13:21,1,13,710,345631,NSEI,56.836333,-134.651,56.8545,-134.6545,680.3136,,,,,,,,,,Retained,,276
2025,611,1,710,37833,ILONA B,8/1/2025 13:21,1,13,710,345631,NSEI,56.836333,-134.651,56.8545,-134.6545,680.3136,,,,,,,,,,Retained,,277
2025,611,1,710,37833,ILONA B,8/1/2025 13:21,1,13,710,345631,NSEI,56.836333,-134.651,56.8545,-134.6545,680.3136,,,,,,,,,,Retained,,278
2025,611,1,710,37833,ILONA B,8/1/2025 13:21,1,13,710,345631,NSEI,56.836333,-134.651,56.8545,-134.6545,680.3136,,,,,,,,,,Retained,,279
2025,611,1,710,37833,ILONA B,8/1/2025 13:21,1,13,710,345631,NSEI,56.836333,-134.651,56.8545,-134.6545,680.3136,,,,,,,,,,Retained,,280
2025,611,1,710,37833,ILONA B,8/1/2025 13:21,1,13,710,345631,NSEI,56.836333,-134.651,56.8545,-134.6545,680.3136,,,,,,,,,,Retained,,281
2025,611,1,710,37833,ILONA B,8/1/2025 13:21,1,13,710,345631,NSEI,56.836333,-134.651,56.8545,-134.6545,680.3136,,,,,,,,,,Retained,,282
2025,611,1,710,37833,ILONA B,8/1/2025 13:21,1,13,710,345631,NSEI,56.836333,-134.651,56.8545,-134.6545,680.3136,,,,,,,,,,Retained,,283
2025,611,1,710,37833,ILONA B,8/1/2025 13:21,1,13,710,345631,NSEI,56.836333,-134.651,56.8545,-134.6545,680.3136,,,,,,,,,,Retained,,284
2025,611,1,710,37833,ILONA B,8/1/2025 13:21,1,13,710,345631,NSEI,56.836333,-134.651,56.8545,-134.6545,680.3136,,,,,,,,,,Retained,,285
2025,611,1,710,37833,ILONA B,8/1/2025 13:21,1,13,710,345631,NSEI,56.836333,-134.651,56.8545,-134.6545,680.3136,,,,,,,,,,Retained,,286
2025,611,1,710,37833,ILONA B,8/1/2025 13:21,1,13,710,345631,NSEI,56.836333,-134.651,56.8545,-134.6545,680.3136,,,,,,,,,,Retained,,287
2025,611,1,710,37833,ILONA B,8/1/2025 13:21,1,13,710,345631,NSEI,56.836333,-134.651,56.8545,-134.6545,680.3136,,,,,,,,,,Retained,,288
2025,611,1,710,37833,ILONA B,8/1/2025 13:21,1,13,710,345631,NSEI,56.836333,-134.651,56.8545,-134.6545,680.3136,,,,,,,,,,Retained,,289
2025,611,1,710,37833,ILONA B,8/1/2025 13:21,1,13,710,345631,NSEI,56.836333,-134.651,56.8545,-134.6545,680.3136,,,,,,,,,,Retained,,290
2025,611,1,710,37833,ILONA B,8/1/2025 13:21,1,13,710,345631,NSEI,56.836333,-134.651,56.8545,-134.6545,680.3136,,,,,,,,,,Retained,,291
2025,611,1,710,37833,ILONA B,8/1/2025 13:21,1,13,710,345631,NSEI,56.836333,-134.651,56.8545,-134.6545,680.3136,,,,,,,,,,Retained,,292
2025,611,1,710,37833,ILONA B,8/1/2025 13:21,1,13,710,345631,NSEI,56.836333,-134.651,56.8545,-134.6545,680.3136,,,,,,,,,,Retained,,293
2025,611,1,710,37833,ILONA B,8/1/2025 13:21,1,13,710,345631,NSEI,56.836333,-134.651,56.8545,-134.6545,680.3136,,,,,,,,,,Retained,,294
2025,611,1,710,37833,ILONA B,8/1/2025 13:21,1,13,710,345631,NSEI,56.836333,-134.651,56.8545,-134.6545,680.3136,,,,,,,,,,Retained,,295
2025,611,1,710,37833,ILONA B,8/1/2025 13:21,1,13,710,345631,NSEI,56.836333,-134.651,56.8545,-134.6545,680.3136,,,,,,,,,,Retained,,296
2025,611,1,710,37833,ILONA B,8/1/2025 13:21,1,13,710,345631,NSEI,56.836333,-134.651,56.8545,-134.6545,680.3136,,,,,,,,,,Retained,,297
2025,611,1,710,37833,ILONA B,8/1/2025 13:21,1,13,710,345631,NSEI,56.836333,-134.651,56.8545,-134.6545,680.3136,,,,,,,,,,Retained,,298
2025,611,1,710,37833,ILONA B,8/1/2025 13:21,1,13,710,345631,NSEI,56.836333,-134.651,56.8545,-134.6545,680.3136,,,,,,,,,,Retained,,299
2025,611,1,710,37833,ILONA B,8/1/2025 13:21,1,13,710,345631,NSEI,56.836333,-134.651,56.8545,-134.6545,680.3136,,,,,,,,,,Retained,,300
2025,611,1,710,37833,ILONA B,8/1/2025 13:21,1,13,710,345631,NSEI,56.836333,-134.651,56.8545,-134.6545,680.3136,,,,,,,,,,Retained,,301
2025,611,1,710,37833,ILONA B,8/1/2025 13:21,1,13,710,345631,NSEI,56.836333,-134.651,56.8545,-134.6545,680.3136,,,,,,,,,,Retained,,302
2025,611,1,710,37833,ILONA B,8/1/2025 13:21,1,13,710,345631,NSEI,56.836333,-134.651,56.8545,-134.6545,680.3136,,,,,,,,,,Retained,,303
2025,611,1,710,37833,ILONA B,8/1/2025 13:21,1,13,710,345631,NSEI,56.836333,-134.651,56.8545,-134.6545,680.3136,,,,,,,,,,Retained,,304
2025,611,1,710,37833,ILONA B,8/1/2025 13:21,1,13,710,345631,NSEI,56.836333,-134.651,56.8545,-134.6545,680.3136,,,,,,,,,,Retained,,305
2025,611,1,710,37833,ILONA B,8/1/2025 13:21,1,13,710,345631,NSEI,56.836333,-134.651,56.8545,-134.6545,680.3136,,,,,,,,,,Retained,,306
2025,611,1,710,37833,ILONA B,8/1/2025 13:21,1,13,710,345631,NSEI,56.836333,-134.651,56.8545,-134.6545,680.3136,,,,,,,,,,Retained,,307
2025,611,1,710,37833,ILONA B,8/1/2025 13:21,1,13,710,345631,NSEI,56.836333,-134.651,56.8545,-134.6545,680.3136,,,,,,,,,,Retained,,308
2025,611,1,710,37833,ILONA B,8/1/2025 13:21,1,13,710,345631,NSEI,56.836333,-134.651,56.8545,-134.6545,680.3136,,,,,,,,,,Retained,,309
2025,611,1,710,37833,ILONA B,8/1/2025 13:21,1,13,710,345631,NSEI,56.836333,-134.651,56.8545,-134.6545,680.3136,,,,,,,,,,Retained,,310
2025,611,1,710,37833,ILONA B,8/1/2025 13:21,1,13,710,345631,NSEI,56.836333,-134.651,56.8545,-134.6545,680.3136,,,,,,,,,,Retained,,311
2025,611,1,710,37833,ILONA B,8/1/2025 13:21,1,13,710,345631,NSEI,56.836333,-134.651,56.8545,-134.6545,680.3136,,,,,,,,,,Retained,,312
2025,611,1,710,37833,ILONA B,8/1/2025 13:21,1,13,710,345631,NSEI,56.836333,-134.651,56.8545,-134.6545,680.3136,,,,,,,,,,Retained,,313
2025,611,1,710,37833,ILONA B,8/1/2025 13:21,1,13,710,345631,NSEI,56.836333,-134.651,56.8545,-134.6545,680.3136,,,,,,,,,,Retained,,314
2025,611,1,710,37833,ILONA B,8/1/2025 13:21,1,13,710,345631,NSEI,56.836333,-134.651,56.8545,-134.6545,680.3136,,,,,,,,,,Retained,,315
2025,611,1,710,37833,ILONA B,8/1/2025 13:21,1,13,710,345631,NSEI,56.836333,-134.651,56.8545,-134.6545,680.3136,,,,,,,,,,Retained,,316
2025,611,1,710,37833,ILONA B,8/1/2025 13:21,1,13,710,345631,NSEI,56.836333,-134.651,56.8545,-134.6545,680.3136,,,,,,,,,,Retained,,317
2025,611,1,710,37833,ILONA B,8/1/2025 13:21,1,13,710,345631,NSEI,56.836333,-134.651,56.8545,-134.6545,680.3136,,,,,,,,,,Retained,,318
2025,611,1,710,37833,ILONA B,8/1/2025 13:21,1,13,710,345631,NSEI,56.836333,-134.651,56.8545,-134.6545,680.3136,,,,,,,,,,Retained,,319
2025,611,1,710,37833,ILONA B,8/1/2025 13:21,1,13,710,345631,NSEI,56.836333,-134.651,56.8545,-134.6545,680.3136,,,,,,,,,,Retained,,320
2025,611,1,710,37833,ILONA B,8/1/2025 13:21,1,13,710,345631,NSEI,56.836333,-134.651,56.8545,-134.6545,680.3136,,,,,,,,,,Retained,,321
2025,611,1,710,37833,ILONA B,8/1/2025 13:21,1,13,710,345631,NSEI,56.836333,-134.651,56.8545,-134.6545,680.3136,,,,,,,,,,Retained,,322
2025,611,1,710,37833,ILONA B,8/1/2025 13:21,1,13,710,345631,NSEI,56.836333,-134.651,56.8545,-134.6545,680.3136,,,,,,,,,,Retained,,323
2025,611,1,710,37833,ILONA B,8/1/2025 13:21,1,13,710,345631,NSEI,56.836333,-134.651,56.8545,-134.6545,680.3136,,,,,,,,,,Retained,,324
2025,611,1,710,37833,ILONA B,8/1/2025 13:21,1,13,710,345631,NSEI,56.836333,-134.651,56.8545,-134.6545,680.3136,,,,,,,,,,Retained,,325
2025,611,1,710,37833,ILONA B,8/1/2025 13:21,1,13,710,345631,NSEI,56.836333,-134.651,56.8545,-134.6545,680.3136,,,,,,,,,,Retained,,326
2025,611,1,710,37833,ILONA B,8/1/2025 13:21,1,13,710,345631,NSEI,56.836333,-134.651,56.8545,-134.6545,680.3136,,,,,,,,,,Retained,,327
2025,611,1,710,37833,ILONA B,8/1/2025 13:21,1,13,710,345631,NSEI,56.836333,-134.651,56.8545,-134.6545,680.3136,,,,,,,,,,Retained,,328
2025,611,1,710,37833,ILONA B,8/1/2025 13:21,1,13,710,345631,NSEI,56.836333,-134.651,56.8545,-134.6545,680.3136,,,,,,,,,,Retained,,329
2025,611,1,710,37833,ILONA B,8/1/2025 13:21,1,13,710,345631,NSEI,56.836333,-134.651,56.8545,-134.6545,680.3136,,,,,,,,,,Retained,,330
2025,611,1,710,37833,ILONA B,8/1/2025 13:21,1,13,710,345631,NSEI,56.836333,-134.651,56.8545,-134.6545,680.3136,,,,,,,,,,Retained,,331
2025,611,1,710,37833,ILONA B,8/1/2025 13:21,1,13,710,345631,NSEI,56.836333,-134.651,56.8545,-134.6545,680.3136,,,,,,,,,,Retained,,332
2025,611,1,710,37833,ILONA B,8/1/2025 13:21,1,13,710,345631,NSEI,56.836333,-134.651,56.8545,-134.6545,680.3136,,,,,,,,,,Retained,,333
2025,611,1,710,37833,ILONA B,8/1/2025 13:21,1,13,710,345631,NSEI,56.836333,-134.651,56.8545,-134.6545,680.3136,,,,,,,,,,Retained,,334
2025,611,1,710,37833,ILONA B,8/1/2025 13:21,1,13,710,345631,NSEI,56.836333,-134.651,56.8545,-134.6545,680.3136,,,,,,,,,,Retained,,335
2025,611,1,710,37833,ILONA B,8/1/2025 13:21,1,13,710,345631,NSEI,56.836333,-134.651,56.8545,-134.6545,680.3136,,,,,,,,,,Retained,,336
2025,611,1,710,37833,ILONA B,8/1/2025 13:21,1,13,710,345631,NSEI,56.836333,-134.651,56.8545,-134.6545,680.3136,,,,,,,,,,Retained,,337
2025,611,1,710,37833,ILONA B,8/1/2025 13:21,1,13,710,345631,NSEI,56.836333,-134.651,56.8545,-134.6545,680.3136,,,,,,,,,,Retained,,338
2025,611,1,710,37833,ILONA B,8/1/2025 13:21,1,13,710,345631,NSEI,56.836333,-134.651,56.8545,-134.6545,680.3136,,,,,,,,,,Retained,,339
2025,611,1,710,37833,ILONA B,8/1/2025 13:21,1,13,710,345631,NSEI,56.836333,-134.651,56.8545,-134.6545,680.3136,,,,,,,,,,Retained,,340
2025,611,1,710,37833,ILONA B,8/1/2025 13:21,1,13,710,345631,NSEI,56.836333,-134.651,56.8545,-134.6545,680.3136,,,,,,,,,,Retained,,341
2025,611,1,710,37833,ILONA B,8/1/2025 13:21,1,13,710,345631,NSEI,56.836333,-134.651,56.8545,-134.6545,680.3136,,,,,,,,,,Retained,,342
2025,611,1,710,37833,ILONA B,8/1/2025 13:21,1,13,710,345631,NSEI,56.836333,-134.651,56.8545,-134.6545,680.3136,,,,,,,,,,Retained,,343
2025,611,1,710,37833,ILONA B,8/1/2025 13:21,1,13,710,345631,NSEI,56.836333,-134.651,56.8545,-134.6545,680.3136,,,,,,,,,,Retained,,344
2025,611,1,710,37833,ILONA B,8/1/2025 13:21,1,13,710,345631,NSEI,56.836333,-134.651,56.8545,-134.6545,680.3136,,,,,,,,,,Retained,,345
2025,611,1,710,37833,ILONA B,8/1/2025 13:21,1,13,710,345631,NSEI,56.836333,-134.651,56.8545,-134.6545,680.3136,,,,,,,,,,Retained,,346
2025,611,1,710,37833,ILONA B,8/1/2025 13:21,1,13,710,345631,NSEI,56.836333,-134.651,56.8545,-134.6545,680.3136,,,,,,,,,,Retained,,347
2025,611,1,710,37833,ILONA B,8/1/2025 13:21,1,13,710,345631,NSEI,56.836333,-134.651,56.8545,-134.6545,680.3136,,,,,,,,,,Retained,,348
2025,611,1,710,37833,ILONA B,8/1/2025 13:21,1,13,710,345631,NSEI,56.836333,-134.651,56.8545,-134.6545,680.3136,,,,,,,,,,Retained,,349
2025,611,1,710,37833,ILONA B,8/1/2025 13:21,1,13,710,345631,NSEI,56.836333,-134.651,56.8545,-134.6545,680.3136,,,,,,,,,,Retained,,350
2025,611,1,710,37833,ILONA B,8/1/2025 13:21,1,13,710,345631,NSEI,56.836333,-134.651,56.8545,-134.6545,680.3136,,,,,,,,,,Retained,,351
2025,611,1,710,37833,ILONA B,8/1/2025 13:21,1,13,710,345631,NSEI,56.836333,-134.651,56.8545,-134.6545,680.3136,,,,,,,,,,Retained,,352
2025,611,1,710,37833,ILONA B,8/1/2025 13:21,1,13,710,345631,NSEI,56.836333,-134.651,56.8545,-134.6545,680.3136,,,,,,,,,,Retained,,353
2025,611,1,710,37833,ILONA B,8/1/2025 13:21,1,13,710,345631,NSEI,56.836333,-134.651,56.8545,-134.6545,680.3136,,,,,,,,,,Retained,,354
2025,611,1,710,37833,ILONA B,8/1/2025 13:21,1,13,710,345631,NSEI,56.836333,-134.651,56.8545,-134.6545,680.3136,,,,,,,,,,Retained,,355
2025,611,1,710,37833,ILONA B,8/1/2025 13:21,1,13,710,345631,NSEI,56.836333,-134.651,56.8545,-134.6545,680.3136,,,,,,,,,,Retained,,356
2025,611,1,710,37833,ILONA B,8/1/2025 13:21,1,13,710,345631,NSEI,56.836333,-134.651,56.8545,-134.6545,680.3136,,,,,,,,,,Retained,,357
2025,611,1,710,37833,ILONA B,8/1/2025 13:21,1,13,710,345631,NSEI,56.836333,-134.651,56.8545,-134.6545,680.3136,,,,,,,,,,Retained,,358
2025,611,1,710,37833,ILONA B,8/1/2025 13:21,1,13,710,345631,NSEI,56.836333,-134.651,56.8545,-134.6545,680.3136,,,,,,,,,,Retained,,359
2025,611,1,710,37833,ILONA B,8/1/2025 13:21,1,13,710,345631,NSEI,56.836333,-134.651,56.8545,-134.6545,680.3136,,,,,,,,,,Retained,,360
2025,611,1,710,37833,ILONA B,8/1/2025 13:21,1,13,710,345631,NSEI,56.836333,-134.651,56.8545,-134.6545,680.3136,,,,,,,,,,Retained,,361
2025,611,1,710,37833,ILONA B,8/1/2025 13:21,1,13,710,345631,NSEI,56.836333,-134.651,56.8545,-134.6545,680.3136,,,,,,,,,,Retained,,362
2025,611,1,710,37833,ILONA B,8/1/2025 13:21,1,13,710,345631,NSEI,56.836333,-134.651,56.8545,-134.6545,680.3136,,,,,,,,,,Retained,,363
2025,611,1,710,37833,ILONA B,8/1/2025 13:21,1,13,710,345631,NSEI,56.836333,-134.651,56.8545,-134.6545,680.3136,,,,,,,,,,Retained,,364
2025,611,1,710,37833,ILONA B,8/1/2025 13:21,1,13,710,345631,NSEI,56.836333,-134.651,56.8545,-134.6545,680.3136,,,,,,,,,,Retained,,365
2025,611,1,710,37833,ILONA B,8/1/2025 13:21,1,13,710,345631,NSEI,56.836333,-134.651,56.8545,-134.6545,680.3136,,,,,,,,,,Retained,,366
2025,611,1,710,37833,ILONA B,8/1/2025 13:21,1,13,710,345631,NSEI,56.836333,-134.651,56.8545,-134.6545,680.3136,,,,,,,,,,Retained,,367
2025,611,1,710,37833,ILONA B,8/1/2025 13:21,1,13,710,345631,NSEI,56.836333,-134.651,56.8545,-134.6545,680.3136,,,,,,,,,,Retained,,368
2025,611,1,710,37833,ILONA B,8/1/2025 13:21,1,13,710,345631,NSEI,56.836333,-134.651,56.8545,-134.6545,680.3136,,,,,,,,,,Retained,,369
2025,611,1,710,37833,ILONA B,8/1/2025 13:21,1,13,710,345631,NSEI,56.836333,-134.651,56.8545,-134.6545,680.3136,,,,,,,,,,Retained,,370
2025,611,1,710,37833,ILONA B,8/1/2025 13:21,1,13,710,345631,NSEI,56.836333,-134.651,56.8545,-134.6545,680.3136,,,,,,,,,,Retained,,371
2025,611,1,710,37833,ILONA B,8/1/2025 13:21,1,13,710,345631,NSEI,56.836333,-134.651,56.8545,-134.6545,680.3136,,,,,,,,,,Retained,,372
2025,611,1,710,37833,ILONA B,8/1/2025 13:21,1,13,710,345631,NSEI,56.836333,-134.651,56.8545,-134.6545,680.3136,,,,,,,,,,Retained,,373
2025,611,1,710,37833,ILONA B,8/1/2025 13:21,1,13,710,345631,NSEI,56.836333,-134.651,56.8545,-134.6545,680.3136,,,,,,,,,,Retained,,374
2025,611,1,710,37833,ILONA B,8/1/2025 13:21,1,13,710,345631,NSEI,56.836333,-134.651,56.8545,-134.6545,680.3136,,,,,,,,,,Retained,,375
2025,611,1,710,37833,ILONA B,8/1/2025 13:21,1,13,710,345631,NSEI,56.836333,-134.651,56.8545,-134.6545,680.3136,,,,,,,,,,Retained,,376
2025,611,1,710,37833,ILONA B,8/1/2025 13:21,1,13,710,345631,NSEI,56.836333,-134.651,56.8545,-134.6545,680.3136,,,,,,,,,,Retained,,377
2025,611,1,710,37833,ILONA B,8/1/2025 13:21,1,13,710,345631,NSEI,56.836333,-134.651,56.8545,-134.6545,680.3136,,,,,,,,,,Retained,,378
2025,611,1,710,37833,ILONA B,8/1/2025 13:21,1,13,710,345631,NSEI,56.836333,-134.651,56.8545,-134.6545,680.3136,,,,,,,,,,Retained,,379
2025,611,1,710,37833,ILONA B,8/1/2025 13:21,1,13,710,345631,NSEI,56.836333,-134.651,56.8545,-134.6545,680.3136,,,,,,,,,,Retained,,380
2025,611,1,710,37833,ILONA B,8/1/2025 13:21,1,13,710,345631,NSEI,56.836333,-134.651,56.8545,-134.6545,680.3136,,,,,,,,,,Retained,,381
2025,611,1,710,37833,ILONA B,8/1/2025 13:21,1,13,710,345631,NSEI,56.836333,-134.651,56.8545,-134.6545,680.3136,,,,,,,,,,Retained,,382
2025,611,1,710,37833,ILONA B,8/1/2025 13:21,1,13,710,345631,NSEI,56.836333,-134.651,56.8545,-134.6545,680.3136,,,,,,,,,,Retained,,383
2025,611,1,710,37833,ILONA B,8/1/2025 13:21,1,13,710,345631,NSEI,56.836333,-134.651,56.8545,-134.6545,680.3136,,,,,,,,,,Retained,,384
2025,611,1,710,37833,ILONA B,8/1/2025 13:21,1,13,710,345631,NSEI,56.836333,-134.651,56.8545,-134.6545,680.3136,,,,,,,,,,Retained,,385
2025,611,1,710,37833,ILONA B,8/1/2025 13:21,1,13,710,345631,NSEI,56.836333,-134.651,56.8545,-134.6545,680.3136,,,,,,,,,,Retained,,386
2025,611,1,710,37833,ILONA B,8/1/2025 13:21,1,13,710,345631,NSEI,56.836333,-134.651,56.8545,-134.6545,680.3136,,,,,,,,,,Retained,,387
2025,611,1,710,37833,ILONA B,8/1/2025 13:21,1,13,710,345631,NSEI,56.836333,-134.651,56.8545,-134.6545,680.3136,,,,,,,,,,Retained,,388
2025,611,1,710,37833,ILONA B,8/1/2025 13:21,1,13,710,345631,NSEI,56.836333,-134.651,56.8545,-134.6545,680.3136,,,,,,,,,,Retained,,389
2025,611,1,710,37833,ILONA B,8/1/2025 13:21,1,13,710,345631,NSEI,56.836333,-134.651,56.8545,-134.6545,680.3136,,,,,,,,,,Retained,,390
2025,611,1,710,37833,ILONA B,8/1/2025 13:21,1,13,710,345631,NSEI,56.836333,-134.651,56.8545,-134.6545,680.3136,,,,,,,,,,Retained,,391
2025,611,1,710,37833,ILONA B,8/1/2025 13:21,1,13,710,345631,NSEI,56.836333,-134.651,56.8545,-134.6545,680.3136,,,,,,,,,,Retained,,392
2025,611,1,710,37833,ILONA B,8/1/2025 13:21,1,13,710,345631,NSEI,56.836333,-134.651,56.8545,-134.6545,680.3136,,,,,,,,,,Retained,,393
2025,611,1,710,37833,ILONA B,8/1/2025 13:21,1,13,710,345631,NSEI,56.836333,-134.651,56.8545,-134.6545,680.3136,,,,,,,,,,Retained,,394
2025,611,1,710,37833,ILONA B,8/1/2025 13:21,1,13,710,345631,NSEI,56.836333,-134.651,56.8545,-134.6545,680.3136,,,,,,,,,,Retained,,395
2025,611,1,710,37833,ILONA B,8/1/2025 13:21,1,13,710,345631,NSEI,56.836333,-134.651,56.8545,-134.6545,680.3136,,,,,,,,,,Retained,,396
2025,611,1,710,37833,ILONA B,8/1/2025 13:21,1,13,710,345631,NSEI,56.836333,-134.651,56.8545,-134.6545,680.3136,,,,,,,,,,Retained,,397
2025,611,1,710,37833,ILONA B,8/1/2025 13:21,1,13,710,345631,NSEI,56.836333,-134.651,56.8545,-134.6545,680.3136,,,,,,,,,,Retained,,398
2025,611,1,710,37833,ILONA B,8/1/2025 13:21,1,13,710,345631,NSEI,56.836333,-134.651,56.8545,-134.6545,680.3136,,,,,,,,,,Retained,,399
2025,611,1,710,37833,ILONA B,8/1/2025 13:21,1,13,710,345631,NSEI,56.836333,-134.651,56.8545,-134.6545,680.3136,,,,,,,,,,Retained,,400
2025,611,1,710,37833,ILONA B,8/1/2025 13:21,1,13,710,345631,NSEI,56.836333,-134.651,56.8545,-134.6545,680.3136,,,,,,,,,,Retained,,401
2025,611,1,710,37833,ILONA B,8/1/2025 13:21,1,13,710,345631,NSEI,56.836333,-134.651,56.8545,-134.6545,680.3136,,,,,,,,,,Retained,,402
2025,611,1,710,37833,ILONA B,8/1/2025 13:21,1,13,710,345631,NSEI,56.836333,-134.651,56.8545,-134.6545,680.3136,,,,,,,,,,Retained,,403
2025,611,1,710,37833,ILONA B,8/1/2025 13:21,1,13,710,345631,NSEI,56.836333,-134.651,56.8545,-134.6545,680.3136,,,,,,,,,,Retained,,404
2025,611,1,710,37833,ILONA B,8/1/2025 13:21,1,13,710,345631,NSEI,56.836333,-134.651,56.8545,-134.6545,680.3136,,,,,,,,,,Retained,,405
2025,611,1,710,37833,ILONA B,8/1/2025 13:21,1,13,710,345631,NSEI,56.836333,-134.651,56.8545,-134.6545,680.3136,,,,,,,,,,Retained,,406
2025,611,1,710,37833,ILONA B,8/1/2025 13:21,1,13,710,345631,NSEI,56.836333,-134.651,56.8545,-134.6545,680.3136,,,,,,,,,,Retained,,407
2025,611,1,710,37833,ILONA B,8/1/2025 13:21,1,13,710,345631,NSEI,56.836333,-134.651,56.8545,-134.6545,680.3136,,,,,,,,,,Retained,,408
2025,611,1,710,37833,ILONA B,8/1/2025 13:21,1,13,710,345631,NSEI,56.836333,-134.651,56.8545,-134.6545,680.3136,,,,,,,,,,Retained,,409
2025,611,1,710,37833,ILONA B,8/1/2025 13:21,1,13,710,345631,NSEI,56.836333,-134.651,56.8545,-134.6545,680.3136,,,,,,,,,,Retained,,410
2025,611,1,710,37833,ILONA B,8/1/2025 13:21,1,13,710,345631,NSEI,56.836333,-134.651,56.8545,-134.6545,680.3136,,,,,,,,,,Retained,,411
2025,611,1,710,37833,ILONA B,8/1/2025 13:21,1,13,710,345631,NSEI,56.836333,-134.651,56.8545,-134.6545,680.3136,,,,,,,,,,Retained,,412
2025,611,1,710,37833,ILONA B,8/1/2025 13:21,1,13,710,345631,NSEI,56.836333,-134.651,56.8545,-134.6545,680.3136,,,,,,,,,,Retained,,413
2025,611,1,710,37833,ILONA B,8/1/2025 13:21,1,13,710,345631,NSEI,56.836333,-134.651,56.8545,-134.6545,680.3136,,,,,,,,,,Retained,,414
2025,611,1,710,37833,ILONA B,8/1/2025 13:21,1,13,710,345631,NSEI,56.836333,-134.651,56.8545,-134.6545,680.3136,,,,,,,,,,Retained,,415
2025,611,1,710,37833,ILONA B,8/1/2025 13:21,1,13,710,345631,NSEI,56.836333,-134.651,56.8545,-134.6545,680.3136,,,,,,,,,,Retained,,416
2025,611,1,710,37833,ILONA B,8/1/2025 13:21,1,13,710,345631,NSEI,56.836333,-134.651,56.8545,-134.6545,680.3136,,,,,,,,,,Retained,,417
2025,611,1,710,37833,ILONA B,8/1/2025 13:21,1,13,710,345631,NSEI,56.836333,-134.651,56.8545,-134.6545,680.3136,,,,,,,,,,Retained,,418
2025,611,1,710,37833,ILONA B,8/1/2025 13:21,1,13,710,345631,NSEI,56.836333,-134.651,56.8545,-134.6545,680.3136,,,,,,,,,,Retained,,419
2025,611,1,710,37833,ILONA B,8/1/2025 13:21,1,13,710,345631,NSEI,56.836333,-134.651,56.8545,-134.6545,680.3136,,,,,,,,,,Retained,,420
2025,611,1,710,37833,ILONA B,8/1/2025 13:21,1,13,710,345631,NSEI,56.836333,-134.651,56.8545,-134.6545,680.3136,,,,,,,,,,Retained,,421
2025,611,1,710,37833,ILONA B,8/1/2025 13:21,1,13,710,345631,NSEI,56.836333,-134.651,56.8545,-134.6545,680.3136,,,,,,,,,,Retained,,422
2025,611,1,710,37833,ILONA B,8/1/2025 13:21,1,13,710,345631,NSEI,56.836333,-134.651,56.8545,-134.6545,680.3136,,,,,,,,,,Retained,,423
2025,611,1,710,37833,ILONA B,8/1/2025 13:21,1,13,710,345631,NSEI,56.836333,-134.651,56.8545,-134.6545,680.3136,,,,,,,,,,Retained,,424
2025,611,1,710,37833,ILONA B,8/1/2025 13:21,1,13,710,345631,NSEI,56.836333,-134.651,56.8545,-134.6545,680.3136,,,,,,,,,,Retained,,425
2025,611,1,710,37833,ILONA B,8/1/2025 13:21,1,13,710,345631,NSEI,56.836333,-134.651,56.8545,-134.6545,680.3136,,,,,,,,,,Retained,,426
2025,611,1,710,37833,ILONA B,8/1/2025 13:21,1,13,710,345631,NSEI,56.836333,-134.651,56.8545,-134.6545,680.3136,,,,,,,,,,Retained,,427
2025,611,1,710,37833,ILONA B,8/1/2025 13:21,1,13,710,345631,NSEI,56.836333,-134.651,56.8545,-134.6545,680.3136,,,,,,,,,,Retained,,428
2025,611,1,710,37833,ILONA B,8/1/2025 13:21,1,13,710,345631,NSEI,56.836333,-134.651,56.8545,-134.6545,680.3136,,,,,,,,,,Retained,,429
2025,611,1,710,37833,ILONA B,8/1/2025 13:21,1,13,710,345631,NSEI,56.836333,-134.651,56.8545,-134.6545,680.3136,,,,,,,,,,Retained,,430
2025,611,1,710,37833,ILONA B,8/1/2025 13:21,1,13,710,345631,NSEI,56.836333,-134.651,56.8545,-134.6545,680.3136,,,,,,,,,,Retained,,431
2025,611,1,710,37833,ILONA B,8/1/2025 13:21,1,13,710,345631,NSEI,56.836333,-134.651,56.8545,-134.6545,680.3136,,,,,,,,,,Retained,,432
2025,611,1,710,37833,ILONA B,8/1/2025 13:21,1,13,710,345631,NSEI,56.836333,-134.651,56.8545,-134.6545,680.3136,,,,,,,,,,Retained,,433
2025,611,1,710,37833,ILONA B,8/1/2025 13:21,1,13,710,345631,NSEI,56.836333,-134.651,56.8545,-134.6545,680.3136,,,,,,,,,,Retained,,434
2025,611,1,710,37833,ILONA B,8/1/2025 13:21,1,13,710,345631,NSEI,56.836333,-134.651,56.8545,-134.6545,680.3136,,,,,,,,,,Retained,,435
2025,611,1,710,37833,ILONA B,8/1/2025 13:21,1,13,710,345631,NSEI,56.836333,-134.651,56.8545,-134.6545,680.3136,,,,,,,,,,Retained,,436
2025,611,1,710,37833,ILONA B,8/1/2025 13:21,1,13,710,345631,NSEI,56.836333,-134.651,56.8545,-134.6545,680.3136,,,,,,,,,,Retained,,437
2025,611,1,710,37833,ILONA B,8/1/2025 13:21,1,13,710,345631,NSEI,56.836333,-134.651,56.8545,-134.6545,680.3136,,,,,,,,,,Retained,,438
2025,611,1,710,37833,ILONA B,8/1/2025 13:21,1,13,710,345631,NSEI,56.836333,-134.651,56.8545,-134.6545,680.3136,,,,,,,,,,Retained,,439
2025,611,1,710,37833,ILONA B,8/1/2025 13:21,1,13,710,345631,NSEI,56.836333,-134.651,56.8545,-134.6545,680.3136,,,,,,,,,,Retained,,440
2025,611,1,710,37833,ILONA B,8/1/2025 13:21,1,13,710,345631,NSEI,56.836333,-134.651,56.8545,-134.6545,680.3136,,,,,,,,,,Retained,,441
2025,611,1,710,37833,ILONA B,8/1/2025 13:21,1,13,710,345631,NSEI,56.836333,-134.651,56.8545,-134.6545,680.3136,,,,,,,,,,Retained,,442
2025,611,1,710,37833,ILONA B,8/1/2025 13:21,1,13,710,345631,NSEI,56.836333,-134.651,56.8545,-134.6545,680.3136,,,,,,,,,,Retained,,443
2025,611,1,710,37833,ILONA B,8/1/2025 13:21,1,13,710,345631,NSEI,56.836333,-134.651,56.8545,-134.6545,680.3136,,,,,,,,,,Retained,,444
2025,611,1,710,37833,ILONA B,8/1/2025 13:21,1,13,710,345631,NSEI,56.836333,-134.651,56.8545,-134.6545,680.3136,,,,,,,,,,Retained,,445
2025,611,1,710,37833,ILONA B,8/1/2025 13:21,1,13,710,345631,NSEI,56.836333,-134.651,56.8545,-134.6545,680.3136,,,,,,,,,,Retained,,446
2025,611,1,710,37833,ILONA B,8/1/2025 13:21,1,13,710,345631,NSEI,56.836333,-134.651,56.8545,-134.6545,680.3136,,,,,,,,,,Retained,,447
2025,611,1,710,37833,ILONA B,8/1/2025 13:21,1,13,710,345631,NSEI,56.836333,-134.651,56.8545,-134.6545,680.3136,,,,,,,,,,Retained,,448
2025,611,1,710,37833,ILONA B,8/1/2025 13:21,1,13,710,345631,NSEI,56.836333,-134.651,56.8545,-134.6545,680.3136,,,,,,,,,,Retained,,449
2025,611,1,710,37833,ILONA B,8/1/2025 13:21,1,13,710,345631,NSEI,56.836333,-134.651,56.8545,-134.6545,680.3136,,,,,,,,,,Retained,,450
2025,611,1,710,37833,ILONA B,8/1/2025 13:21,1,13,710,345631,NSEI,56.836333,-134.651,56.8545,-134.6545,680.3136,,,,,,,,,,Retained,,451
2025,611,1,710,37833,ILONA B,8/1/2025 13:21,1,13,710,345631,NSEI,56.836333,-134.651,56.8545,-134.6545,680.3136,,,,,,,,,,Retained,,452
2025,611,1,710,37833,ILONA B,8/1/2025 13:21,1,13,710,345631,NSEI,56.836333,-134.651,56.8545,-134.6545,680.3136,,,,,,,,,,Retained,,453
2025,611,1,710,37833,ILONA B,8/1/2025 13:21,1,13,710,345631,NSEI,56.836333,-134.651,56.8545,-134.6545,680.3136,,,,,,,,,,Retained,,454
2025,611,1,710,37833,ILONA B,8/1/2025 13:21,1,13,710,345631,NSEI,56.836333,-134.651,56.8545,-134.6545,680.3136,,,,,,,,,,Retained,,455
2025,611,1,710,37833,ILONA B,8/1/2025 13:21,1,13,710,345631,NSEI,56.836333,-134.651,56.8545,-134.6545,680.3136,,,,,,,,,,Retained,,456
2025,611,1,710,37833,ILONA B,8/1/2025 13:21,1,13,710,345631,NSEI,56.836333,-134.651,56.8545,-134.6545,680.3136,,,,,,,,,,Retained,,457
2025,611,1,710,37833,ILONA B,8/1/2025 13:21,1,13,710,345631,NSEI,56.836333,-134.651,56.8545,-134.6545,680.3136,,,,,,,,,,Retained,,458
2025,611,1,710,37833,ILONA B,8/1/2025 13:21,1,13,710,345631,NSEI,56.836333,-134.651,56.8545,-134.6545,680.3136,,,,,,,,,,Retained,,459
2025,611,1,710,37833,ILONA B,8/1/2025 13:21,1,13,710,345631,NSEI,56.836333,-134.651,56.8545,-134.6545,680.3136,,,,,,,,,,Retained,,460
2025,611,1,710,37833,ILONA B,8/1/2025 13:21,1,13,710,345631,NSEI,56.836333,-134.651,56.8545,-134.6545,680.3136,,,,,,,,,,Retained,,461
2025,611,1,710,37833,ILONA B,8/1/2025 13:21,1,13,710,345631,NSEI,56.836333,-134.651,56.8545,-134.6545,680.3136,,,,,,,,,,Retained,,462
2025,611,1,710,37833,ILONA B,8/1/2025 13:21,1,13,710,345631,NSEI,56.836333,-134.651,56.8545,-134.6545,680.3136,,,,,,,,,,Retained,,463
2025,611,1,710,37833,ILONA B,8/1/2025 13:21,1,13,710,345631,NSEI,56.836333,-134.651,56.8545,-134.6545,680.3136,,,,,,,,,,Retained,,464
2025,611,1,710,37833,ILONA B,8/1/2025 13:21,1,13,710,345631,NSEI,56.836333,-134.651,56.8545,-134.6545,680.3136,,,,,,,,,,Retained,,465
2025,611,1,710,37833,ILONA B,8/1/2025 13:21,1,13,710,345631,NSEI,56.836333,-134.651,56.8545,-134.6545,680.3136,,,,,,,,,,Retained,,466
2025,611,1,710,37833,ILONA B,8/1/2025 13:21,1,13,710,345631,NSEI,56.836333,-134.651,56.8545,-134.6545,680.3136,,,,,,,,,,Retained,,467
2025,611,1,710,37833,ILONA B,8/1/2025 13:21,1,13,710,345631,NSEI,56.836333,-134.651,56.8545,-134.6545,680.3136,,,,,,,,,,Retained,,468
2025,611,1,710,37833,ILONA B,8/1/2025 13:21,1,13,710,345631,NSEI,56.836333,-134.651,56.8545,-134.6545,680.3136,,,,,,,,,,Retained,,469
2025,611,1,710,37833,ILONA B,8/1/2025 13:21,1,13,710,345631,NSEI,56.836333,-134.651,56.8545,-134.6545,680.3136,,,,,,,,,,Retained,,470
2025,611,1,710,37833,ILONA B,8/1/2025 13:21,1,13,710,345631,NSEI,56.836333,-134.651,56.8545,-134.6545,680.3136,,,,,,,,,,Retained,,471
2025,611,1,710,37833,ILONA B,8/1/2025 13:21,1,13,710,345631,NSEI,56.836333,-134.651,56.8545,-134.6545,680.3136,,,,,,,,,,Retained,,472
2025,611,1,710,37833,ILONA B,8/1/2025 13:21,1,13,710,345631,NSEI,56.836333,-134.651,56.8545,-134.6545,680.3136,,,,,,,,,,Retained,,473
2025,611,1,710,37833,ILONA B,8/1/2025 13:21,1,13,710,345631,NSEI,56.836333,-134.651,56.8545,-134.6545,680.3136,,,,,,,,,,Retained,,474
2025,611,1,710,37833,ILONA B,8/1/2025 13:21,1,13,710,345631,NSEI,56.836333,-134.651,56.8545,-134.6545,680.3136,,,,,,,,,,Retained,,475
2025,611,1,710,37833,ILONA B,8/1/2025 13:21,1,13,710,345631,NSEI,56.836333,-134.651,56.8545,-134.6545,680.3136,,,,,,,,,,Retained,,476
2025,611,1,710,37833,ILONA B,8/1/2025 13:21,1,13,710,345631,NSEI,56.836333,-134.651,56.8545,-134.6545,680.3136,,,,,,,,,,Retained,,477
2025,611,1,710,37833,ILONA B,8/1/2025 13:21,1,13,710,345631,NSEI,56.836333,-134.651,56.8545,-134.6545,680.3136,,,,,,,,,,Retained,,478
2025,611,1,710,37833,ILONA B,8/1/2025 13:21,1,13,710,345631,NSEI,56.836333,-134.651,56.8545,-134.6545,680.3136,,,,,,,,,,Retained,,479
2025,611,1,710,37833,ILONA B,8/1/2025 13:21,1,13,710,345631,NSEI,56.836333,-134.651,56.8545,-134.6545,680.3136,,,,,,,,,,Retained,,480
2025,611,1,710,37833,ILONA B,8/1/2025 13:21,1,13,710,345631,NSEI,56.836333,-134.651,56.8545,-134.6545,680.3136,,,,,,,,,,Retained,,481
2025,611,1,710,37833,ILONA B,8/1/2025 13:21,1,13,710,345631,NSEI,56.836333,-134.651,56.8545,-134.6545,680.3136,,,,,,,,,,Retained,,482
2025,611,1,710,37833,ILONA B,8/1/2025 13:21,1,13,710,345631,NSEI,56.836333,-134.651,56.8545,-134.6545,680.3136,,,,,,,,,,Retained,,483
2025,611,1,710,37833,ILONA B,8/1/2025 13:21,1,13,710,345631,NSEI,56.836333,-134.651,56.8545,-134.6545,680.3136,,,,,,,,,,Retained,,484
2025,611,1,710,37833,ILONA B,8/1/2025 13:21,1,13,710,345631,NSEI,56.836333,-134.651,56.8545,-134.6545,680.3136,,,,,,,,,,Retained,,485
2025,611,1,710,37833,ILONA B,8/1/2025 13:21,1,13,710,345631,NSEI,56.836333,-134.651,56.8545,-134.6545,680.3136,,,,,,,,,,Retained,,486
2025,611,1,710,37833,ILONA B,8/1/2025 13:21,1,13,710,345631,NSEI,56.836333,-134.651,56.8545,-134.6545,680.3136,,,,,,,,,,Retained,,487
2025,611,1,710,37833,ILONA B,8/1/2025 16:30,2,10,710,345631,NSEI,56.800333,-134.569333,56.816,-134.5725,735.1776,47,,,,,00,09,,,Retained,,40
2025,611,1,710,37833,ILONA B,8/1/2025 16:30,2,10,710,345631,NSEI,56.800333,-134.569333,56.816,-134.5725,735.1776,48,,,,,00,09,,,Retained,,124
2025,611,1,710,37833,ILONA B,8/1/2025 16:30,2,10,710,345631,NSEI,56.800333,-134.569333,56.816,-134.5725,735.1776,48,,,,,00,09,,,Retained,,129
2025,611,1,710,37833,ILONA B,8/1/2025 16:30,2,10,710,345631,NSEI,56.800333,-134.569333,56.816,-134.5725,735.1776,50,,,,,00,09,,,Retained,,75
2025,611,1,710,37833,ILONA B,8/1/2025 16:30,2,10,710,345631,NSEI,56.800333,-134.569333,56.816,-134.5725,735.1776,50,,,,,00,09,,,Retained,,102
2025,611,1,710,37833,ILONA B,8/1/2025 16:30,2,10,710,345631,NSEI,56.800333,-134.569333,56.816,-134.5725,735.1776,52,1.5,7,,02,01,01,,,Retained,,101
2025,611,1,710,37833,ILONA B,8/1/2025 16:30,2,10,710,345631,NSEI,56.800333,-134.569333,56.816,-134.5725,735.1776,52,,,,,00,09,,,Retained,,79
2025,611,1,710,37833,ILONA B,8/1/2025 16:30,2,10,710,345631,NSEI,56.800333,-134.569333,56.816,-134.5725,735.1776,52,,,,,00,09,,,Retained,,100
2025,611,1,710,37833,ILONA B,8/1/2025 16:30,2,10,710,345631,NSEI,56.800333,-134.569333,56.816,-134.5725,735.1776,52,,,,,00,09,,,Retained,,105
2025,611,1,710,37833,ILONA B,8/1/2025 16:30,2,10,710,345631,NSEI,56.800333,-134.569333,56.816,-134.5725,735.1776,53,1.5,4,,02,01,01,,,Retained,,6
2025,611,1,710,37833,ILONA B,8/1/2025 16:30,2,10,710,345631,NSEI,56.800333,-134.569333,56.816,-134.5725,735.1776,53,,,,,00,09,,,Retained,,18
2025,611,1,710,37833,ILONA B,8/1/2025 16:30,2,10,710,345631,NSEI,56.800333,-134.569333,56.816,-134.5725,735.1776,53,,,,,00,09,,,Retained,,52
2025,611,1,710,37833,ILONA B,8/1/2025 16:30,2,10,710,345631,NSEI,56.800333,-134.569333,56.816,-134.5725,735.1776,53,,,,,00,09,,,Retained,,53
2025,611,1,710,37833,ILONA B,8/1/2025 16:30,2,10,710,345631,NSEI,56.800333,-134.569333,56.816,-134.5725,735.1776,54,,,,,00,09,,,Retained,,50
2025,611,1,710,37833,ILONA B,8/1/2025 16:30,2,10,710,345631,NSEI,56.800333,-134.569333,56.816,-134.5725,735.1776,54,,,,,00,09,,,Retained,,70
2025,611,1,710,37833,ILONA B,8/1/2025 16:30,2,10,710,345631,NSEI,56.800333,-134.569333,56.816,-134.5725,735.1776,54,,,,,00,09,,,Retained,,133
2025,611,1,710,37833,ILONA B,8/1/2025 16:30,2,10,710,345631,NSEI,56.800333,-134.569333,56.816,-134.5725,735.1776,54,,,,,00,09,,,Retained,,135
2025,611,1,710,37833,ILONA B,8/1/2025 16:30,2,10,710,345631,NSEI,56.800333,-134.569333,56.816,-134.5725,735.1776,55,1.8,9,,03,01,07,,,Retained,,146
2025,611,1,710,37833,ILONA B,8/1/2025 16:30,2,10,710,345631,NSEI,56.800333,-134.569333,56.816,-134.5725,735.1776,55,,,,,00,09,,,Retained,,2
2025,611,1,710,37833,ILONA B,8/1/2025 16:30,2,10,710,345631,NSEI,56.800333,-134.569333,56.816,-134.5725,735.1776,55,,,,,00,09,,,Retained,,5
2025,611,1,710,37833,ILONA B,8/1/2025 16:30,2,10,710,345631,NSEI,56.800333,-134.569333,56.816,-134.5725,735.1776,55,,,,,00,09,,,Retained,,65
2025,611,1,710,37833,ILONA B,8/1/2025 16:30,2,10,710,345631,NSEI,56.800333,-134.569333,56.816,-134.5725,735.1776,55,,,,,00,09,,,Retained,,82
2025,611,1,710,37833,ILONA B,8/1/2025 16:30,2,10,710,345631,NSEI,56.800333,-134.569333,56.816,-134.5725,735.1776,55,,,,,00,09,,,Retained,,92
2025,611,1,710,37833,ILONA B,8/1/2025 16:30,2,10,710,345631,NSEI,56.800333,-134.569333,56.816,-134.5725,735.1776,55,,,,,00,09,,,Retained,,99
2025,611,1,710,37833,ILONA B,8/1/2025 16:30,2,10,710,345631,NSEI,56.800333,-134.569333,56.816,-134.5725,735.1776,55,,,,,00,09,,,Retained,,119
2025,611,1,710,37833,ILONA B,8/1/2025 16:30,2,10,710,345631,NSEI,56.800333,-134.569333,56.816,-134.5725,735.1776,56,1.9,7,,02,02,01,,,Retained,,71
2025,611,1,710,37833,ILONA B,8/1/2025 16:30,2,10,710,345631,NSEI,56.800333,-134.569333,56.816,-134.5725,735.1776,56,,,,,00,09,,,Retained,,28
2025,611,1,710,37833,ILONA B,8/1/2025 16:30,2,10,710,345631,NSEI,56.800333,-134.569333,56.816,-134.5725,735.1776,56,,,,,00,09,,,Retained,,39
2025,611,1,710,37833,ILONA B,8/1/2025 16:30,2,10,710,345631,NSEI,56.800333,-134.569333,56.816,-134.5725,735.1776,56,,,,,00,09,,,Retained,,73
2025,611,1,710,37833,ILONA B,8/1/2025 16:30,2,10,710,345631,NSEI,56.800333,-134.569333,56.816,-134.5725,735.1776,56,,,,,00,09,,,Retained,,78
2025,611,1,710,37833,ILONA B,8/1/2025 16:30,2,10,710,345631,NSEI,56.800333,-134.569333,56.816,-134.5725,735.1776,56,,,,,00,09,,,Retained,,87
2025,611,1,710,37833,ILONA B,8/1/2025 16:30,2,10,710,345631,NSEI,56.800333,-134.569333,56.816,-134.5725,735.1776,56,,,,,00,09,,,Retained,,93
2025,611,1,710,37833,ILONA B,8/1/2025 16:30,2,10,710,345631,NSEI,56.800333,-134.569333,56.816,-134.5725,735.1776,57,1.8,11,,02,01,07,,,Retained,,16
2025,611,1,710,37833,ILONA B,8/1/2025 16:30,2,10,710,345631,NSEI,56.800333,-134.569333,56.816,-134.5725,735.1776,57,2.1,8,,02,02,01,,,Retained,,81
2025,611,1,710,37833,ILONA B,8/1/2025 16:30,2,10,710,345631,NSEI,56.800333,-134.569333,56.816,-134.5725,735.1776,57,,,,,00,09,,,Retained,,14
2025,611,1,710,37833,ILONA B,8/1/2025 16:30,2,10,710,345631,NSEI,56.800333,-134.569333,56.816,-134.5725,735.1776,57,,,,,00,09,,,Retained,,19
2025,611,1,710,37833,ILONA B,8/1/2025 16:30,2,10,710,345631,NSEI,56.800333,-134.569333,56.816,-134.5725,735.1776,57,,,,,00,09,,,Retained,,30
2025,611,1,710,37833,ILONA B,8/1/2025 16:30,2,10,710,345631,NSEI,56.800333,-134.569333,56.816,-134.5725,735.1776,57,,,,,00,09,,,Retained,,42
2025,611,1,710,37833,ILONA B,8/1/2025 16:30,2,10,710,345631,NSEI,56.800333,-134.569333,56.816,-134.5725,735.1776,57,,,,,00,09,,,Retained,,67
2025,611,1,710,37833,ILONA B,8/1/2025 16:30,2,10,710,345631,NSEI,56.800333,-134.569333,56.816,-134.5725,735.1776,57,,,,,00,09,,,Retained,,72
2025,611,1,710,37833,ILONA B,8/1/2025 16:30,2,10,710,345631,NSEI,56.800333,-134.569333,56.816,-134.5725,735.1776,57,,,,,00,09,,,Retained,,85
2025,611,1,710,37833,ILONA B,8/1/2025 16:30,2,10,710,345631,NSEI,56.800333,-134.569333,56.816,-134.5725,735.1776,57,,,,,00,09,,,Retained,,98
2025,611,1,710,37833,ILONA B,8/1/2025 16:30,2,10,710,345631,NSEI,56.800333,-134.569333,56.816,-134.5725,735.1776,57,,,,,00,09,,,Retained,,104
2025,611,1,710,37833,ILONA B,8/1/2025 16:30,2,10,710,345631,NSEI,56.800333,-134.569333,56.816,-134.5725,735.1776,57,,,,,00,09,,,Retained,,118
2025,611,1,710,37833,ILONA B,8/1/2025 16:30,2,10,710,345631,NSEI,56.800333,-134.569333,56.816,-134.5725,735.1776,57,,,,,00,09,,,Retained,,123
2025,611,1,710,37833,ILONA B,8/1/2025 16:30,2,10,710,345631,NSEI,56.800333,-134.569333,56.816,-134.5725,735.1776,57,,,,,00,09,,,Retained,,132
2025,611,1,710,37833,ILONA B,8/1/2025 16:30,2,10,710,345631,NSEI,56.800333,-134.569333,56.816,-134.5725,735.1776,57,,,,,00,09,,,Retained,,139
2025,611,1,710,37833,ILONA B,8/1/2025 16:30,2,10,710,345631,NSEI,56.800333,-134.569333,56.816,-134.5725,735.1776,57,,,,,00,09,,,Retained,,150
2025,611,1,710,37833,ILONA B,8/1/2025 16:30,2,10,710,345631,NSEI,56.800333,-134.569333,56.816,-134.5725,735.1776,58,2.1,6,,02,02,07,,,Retained,,31
2025,611,1,710,37833,ILONA B,8/1/2025 16:30,2,10,710,345631,NSEI,56.800333,-134.569333,56.816,-134.5725,735.1776,58,2.1,7,,01,01,07,,,Retained,,76
2025,611,1,710,37833,ILONA B,8/1/2025 16:30,2,10,710,345631,NSEI,56.800333,-134.569333,56.816,-134.5725,735.1776,58,2.3,6,,02,02,07,,,Retained,,131
2025,611,1,710,37833,ILONA B,8/1/2025 16:30,2,10,710,345631,NSEI,56.800333,-134.569333,56.816,-134.5725,735.1776,58,,,,,00,09,,,Retained,,7
2025,611,1,710,37833,ILONA B,8/1/2025 16:30,2,10,710,345631,NSEI,56.800333,-134.569333,56.816,-134.5725,735.1776,58,,,,,00,09,,,Retained,,20
2025,611,1,710,37833,ILONA B,8/1/2025 16:30,2,10,710,345631,NSEI,56.800333,-134.569333,56.816,-134.5725,735.1776,58,,,,,00,09,,,Retained,,32
2025,611,1,710,37833,ILONA B,8/1/2025 16:30,2,10,710,345631,NSEI,56.800333,-134.569333,56.816,-134.5725,735.1776,58,,,,,00,09,,,Retained,,49
2025,611,1,710,37833,ILONA B,8/1/2025 16:30,2,10,710,345631,NSEI,56.800333,-134.569333,56.816,-134.5725,735.1776,58,,,,,00,09,,,Retained,,68
2025,611,1,710,37833,ILONA B,8/1/2025 16:30,2,10,710,345631,NSEI,56.800333,-134.569333,56.816,-134.5725,735.1776,58,,,,,00,09,,,Retained,,88
2025,611,1,710,37833,ILONA B,8/1/2025 16:30,2,10,710,345631,NSEI,56.800333,-134.569333,56.816,-134.5725,735.1776,58,,,,,00,09,,,Retained,,89
2025,611,1,710,37833,ILONA B,8/1/2025 16:30,2,10,710,345631,NSEI,56.800333,-134.569333,56.816,-134.5725,735.1776,58,,,,,00,09,,,Retained,,107
2025,611,1,710,37833,ILONA B,8/1/2025 16:30,2,10,710,345631,NSEI,56.800333,-134.569333,56.816,-134.5725,735.1776,58,,,,,00,09,,,Retained,,115
2025,611,1,710,37833,ILONA B,8/1/2025 16:30,2,10,710,345631,NSEI,56.800333,-134.569333,56.816,-134.5725,735.1776,58,,,,,00,09,,,Retained,,140
2025,611,1,710,37833,ILONA B,8/1/2025 16:30,2,10,710,345631,NSEI,56.800333,-134.569333,56.816,-134.5725,735.1776,58,,,,,00,09,,,Retained,,143
2025,611,1,710,37833,ILONA B,8/1/2025 16:30,2,10,710,345631,NSEI,56.800333,-134.569333,56.816,-134.5725,735.1776,58,,,,,00,09,,,Retained,,144
2025,611,1,710,37833,ILONA B,8/1/2025 16:30,2,10,710,345631,NSEI,56.800333,-134.569333,56.816,-134.5725,735.1776,59,2.2,6,,02,01,07,,,Retained,,11
2025,611,1,710,37833,ILONA B,8/1/2025 16:30,2,10,710,345631,NSEI,56.800333,-134.569333,56.816,-134.5725,735.1776,59,2.2,8,,02,01,07,,,Retained,,111
2025,611,1,710,37833,ILONA B,8/1/2025 16:30,2,10,710,345631,NSEI,56.800333,-134.569333,56.816,-134.5725,735.1776,59,2.6,9,,01,01,07,,,Retained,,56
2025,611,1,710,37833,ILONA B,8/1/2025 16:30,2,10,710,345631,NSEI,56.800333,-134.569333,56.816,-134.5725,735.1776,59,,,,,00,09,,,Retained,,3
2025,611,1,710,37833,ILONA B,8/1/2025 16:30,2,10,710,345631,NSEI,56.800333,-134.569333,56.816,-134.5725,735.1776,59,,,,,00,09,,,Retained,,4
2025,611,1,710,37833,ILONA B,8/1/2025 16:30,2,10,710,345631,NSEI,56.800333,-134.569333,56.816,-134.5725,735.1776,59,,,,,00,09,,,Retained,,9
2025,611,1,710,37833,ILONA B,8/1/2025 16:30,2,10,710,345631,NSEI,56.800333,-134.569333,56.816,-134.5725,735.1776,59,,,,,00,09,,,Retained,,15
2025,611,1,710,37833,ILONA B,8/1/2025 16:30,2,10,710,345631,NSEI,56.800333,-134.569333,56.816,-134.5725,735.1776,59,,,,,00,09,,,Retained,,43
2025,611,1,710,37833,ILONA B,8/1/2025 16:30,2,10,710,345631,NSEI,56.800333,-134.569333,56.816,-134.5725,735.1776,59,,,,,00,09,,,Retained,,54
2025,611,1,710,37833,ILONA B,8/1/2025 16:30,2,10,710,345631,NSEI,56.800333,-134.569333,56.816,-134.5725,735.1776,59,,,,,00,09,,,Retained,,77
2025,611,1,710,37833,ILONA B,8/1/2025 16:30,2,10,710,345631,NSEI,56.800333,-134.569333,56.816,-134.5725,735.1776,59,,,,,00,09,,,Retained,,83
2025,611,1,710,37833,ILONA B,8/1/2025 16:30,2,10,710,345631,NSEI,56.800333,-134.569333,56.816,-134.5725,735.1776,59,,,,,00,09,,,Retained,,97
2025,611,1,710,37833,ILONA B,8/1/2025 16:30,2,10,710,345631,NSEI,56.800333,-134.569333,56.816,-134.5725,735.1776,59,,,,,00,09,,,Retained,,120
2025,611,1,710,37833,ILONA B,8/1/2025 16:30,2,10,710,345631,NSEI,56.800333,-134.569333,56.816,-134.5725,735.1776,59,,,,,00,09,,,Retained,,122
2025,611,1,710,37833,ILONA B,8/1/2025 16:30,2,10,710,345631,NSEI,56.800333,-134.569333,56.816,-134.5725,735.1776,59,,,,,00,09,,,Retained,,127
2025,611,1,710,37833,ILONA B,8/1/2025 16:30,2,10,710,345631,NSEI,56.800333,-134.569333,56.816,-134.5725,735.1776,59,,,,,00,09,,,Retained,,138
2025,611,1,710,37833,ILONA B,8/1/2025 16:30,2,10,710,345631,NSEI,56.800333,-134.569333,56.816,-134.5725,735.1776,60,2.1,8,,02,02,07,,,Retained,,136
2025,611,1,710,37833,ILONA B,8/1/2025 16:30,2,10,710,345631,NSEI,56.800333,-134.569333,56.816,-134.5725,735.1776,60,2.4,9,,01,02,07,,,Retained,,41
2025,611,1,710,37833,ILONA B,8/1/2025 16:30,2,10,710,345631,NSEI,56.800333,-134.569333,56.816,-134.5725,735.1776,60,2.5,6,,02,02,07,,,Retained,,21
2025,611,1,710,37833,ILONA B,8/1/2025 16:30,2,10,710,345631,NSEI,56.800333,-134.569333,56.816,-134.5725,735.1776,60,,,,,00,09,,,Retained,,27
2025,611,1,710,37833,ILONA B,8/1/2025 16:30,2,10,710,345631,NSEI,56.800333,-134.569333,56.816,-134.5725,735.1776,60,,,,,00,09,,,Retained,,35
2025,611,1,710,37833,ILONA B,8/1/2025 16:30,2,10,710,345631,NSEI,56.800333,-134.569333,56.816,-134.5725,735.1776,60,,,,,00,09,,,Retained,,58
2025,611,1,710,37833,ILONA B,8/1/2025 16:30,2,10,710,345631,NSEI,56.800333,-134.569333,56.816,-134.5725,735.1776,60,,,,,00,09,,,Retained,,69
2025,611,1,710,37833,ILONA B,8/1/2025 16:30,2,10,710,345631,NSEI,56.800333,-134.569333,56.816,-134.5725,735.1776,60,,,,,00,09,,,Retained,,74
2025,611,1,710,37833,ILONA B,8/1/2025 16:30,2,10,710,345631,NSEI,56.800333,-134.569333,56.816,-134.5725,735.1776,60,,,,,00,09,,,Retained,,103
2025,611,1,710,37833,ILONA B,8/1/2025 16:30,2,10,710,345631,NSEI,56.800333,-134.569333,56.816,-134.5725,735.1776,60,,,,,00,09,,,Retained,,109
2025,611,1,710,37833,ILONA B,8/1/2025 16:30,2,10,710,345631,NSEI,56.800333,-134.569333,56.816,-134.5725,735.1776,60,,,,,00,09,,,Retained,,134
2025,611,1,710,37833,ILONA B,8/1/2025 16:30,2,10,710,345631,NSEI,56.800333,-134.569333,56.816,-134.5725,735.1776,60,,,,,00,09,,,Retained,,145
2025,611,1,710,37833,ILONA B,8/1/2025 16:30,2,10,710,345631,NSEI,56.800333,-134.569333,56.816,-134.5725,735.1776,60,,,,,00,09,,,Retained,,147
2025,611,1,710,37833,ILONA B,8/1/2025 16:30,2,10,710,345631,NSEI,56.800333,-134.569333,56.816,-134.5725,735.1776,61,2.5,8,,02,01,07,,,Retained,,36
2025,611,1,710,37833,ILONA B,8/1/2025 16:30,2,10,710,345631,NSEI,56.800333,-134.569333,56.816,-134.5725,735.1776,61,,,,,00,09,,,Retained,,22
2025,611,1,710,37833,ILONA B,8/1/2025 16:30,2,10,710,345631,NSEI,56.800333,-134.569333,56.816,-134.5725,735.1776,61,,,,,00,09,,,Retained,,45
2025,611,1,710,37833,ILONA B,8/1/2025 16:30,2,10,710,345631,NSEI,56.800333,-134.569333,56.816,-134.5725,735.1776,61,,,,,00,09,,,Retained,,48
2025,611,1,710,37833,ILONA B,8/1/2025 16:30,2,10,710,345631,NSEI,56.800333,-134.569333,56.816,-134.5725,735.1776,61,,,,,00,09,,,Retained,,57
2025,611,1,710,37833,ILONA B,8/1/2025 16:30,2,10,710,345631,NSEI,56.800333,-134.569333,56.816,-134.5725,735.1776,61,,,,,00,09,,,Retained,,64
2025,611,1,710,37833,ILONA B,8/1/2025 16:30,2,10,710,345631,NSEI,56.800333,-134.569333,56.816,-134.5725,735.1776,61,,,,,00,09,,,Retained,,114
2025,611,1,710,37833,ILONA B,8/1/2025 16:30,2,10,710,345631,NSEI,56.800333,-134.569333,56.816,-134.5725,735.1776,62,2.4,9,,03,02,07,,,Retained,,86
2025,611,1,710,37833,ILONA B,8/1/2025 16:30,2,10,710,345631,NSEI,56.800333,-134.569333,56.816,-134.5725,735.1776,62,2.8,7,,02,02,07,,,Retained,,91
2025,611,1,710,37833,ILONA B,8/1/2025 16:30,2,10,710,345631,NSEI,56.800333,-134.569333,56.816,-134.5725,735.1776,62,,,,,00,09,,,Retained,,24
2025,611,1,710,37833,ILONA B,8/1/2025 16:30,2,10,710,345631,NSEI,56.800333,-134.569333,56.816,-134.5725,735.1776,62,,,,,00,09,,,Retained,,29
2025,611,1,710,37833,ILONA B,8/1/2025 16:30,2,10,710,345631,NSEI,56.800333,-134.569333,56.816,-134.5725,735.1776,62,,,,,00,09,,,Retained,,33
2025,611,1,710,37833,ILONA B,8/1/2025 16:30,2,10,710,345631,NSEI,56.800333,-134.569333,56.816,-134.5725,735.1776,62,,,,,00,09,,,Retained,,62
2025,611,1,710,37833,ILONA B,8/1/2025 16:30,2,10,710,345631,NSEI,56.800333,-134.569333,56.816,-134.5725,735.1776,62,,,,,00,09,,,Retained,,108
2025,611,1,710,37833,ILONA B,8/1/2025 16:30,2,10,710,345631,NSEI,56.800333,-134.569333,56.816,-134.5725,735.1776,62,,,,,00,09,,,Retained,,110
2025,611,1,710,37833,ILONA B,8/1/2025 16:30,2,10,710,345631,NSEI,56.800333,-134.569333,56.816,-134.5725,735.1776,62,,,,,00,09,,,Retained,,112
2025,611,1,710,37833,ILONA B,8/1/2025 16:30,2,10,710,345631,NSEI,56.800333,-134.569333,56.816,-134.5725,735.1776,63,,,,,00,09,,,Retained,,44
2025,611,1,710,37833,ILONA B,8/1/2025 16:30,2,10,710,345631,NSEI,56.800333,-134.569333,56.816,-134.5725,735.1776,63,,,,,00,09,,,Retained,,94
2025,611,1,710,37833,ILONA B,8/1/2025 16:30,2,10,710,345631,NSEI,56.800333,-134.569333,56.816,-134.5725,735.1776,63,,,,,00,09,,,Retained,,117
2025,611,1,710,37833,ILONA B,8/1/2025 16:30,2,10,710,345631,NSEI,56.800333,-134.569333,56.816,-134.5725,735.1776,64,,,,,00,09,,,Retained,,55
2025,611,1,710,37833,ILONA B,8/1/2025 16:30,2,10,710,345631,NSEI,56.800333,-134.569333,56.816,-134.5725,735.1776,64,,,,,00,09,,,Retained,,63
2025,611,1,710,37833,ILONA B,8/1/2025 16:30,2,10,710,345631,NSEI,56.800333,-134.569333,56.816,-134.5725,735.1776,64,,,,,00,09,,,Retained,,113
2025,611,1,710,37833,ILONA B,8/1/2025 16:30,2,10,710,345631,NSEI,56.800333,-134.569333,56.816,-134.5725,735.1776,64,,,,,00,09,,,Retained,,125
2025,611,1,710,37833,ILONA B,8/1/2025 16:30,2,10,710,345631,NSEI,56.800333,-134.569333,56.816,-134.5725,735.1776,64,,,,,00,09,,,Retained,,137
2025,611,1,710,37833,ILONA B,8/1/2025 16:30,2,10,710,345631,NSEI,56.800333,-134.569333,56.816,-134.5725,735.1776,65,2.7,7,,02,02,07,,,Retained,,46
2025,611,1,710,37833,ILONA B,8/1/2025 16:30,2,10,710,345631,NSEI,56.800333,-134.569333,56.816,-134.5725,735.1776,65,2.9,8,,02,02,07,,,Retained,,1
2025,611,1,710,37833,ILONA B,8/1/2025 16:30,2,10,710,345631,NSEI,56.800333,-134.569333,56.816,-134.5725,735.1776,65,3.2,6,,02,02,07,,,Retained,,51
2025,611,1,710,37833,ILONA B,8/1/2025 16:30,2,10,710,345631,NSEI,56.800333,-134.569333,56.816,-134.5725,735.1776,65,,,,,00,09,,,Retained,,25
2025,611,1,710,37833,ILONA B,8/1/2025 16:30,2,10,710,345631,NSEI,56.800333,-134.569333,56.816,-134.5725,735.1776,65,,,,,00,09,,,Retained,,34
2025,611,1,710,37833,ILONA B,8/1/2025 16:30,2,10,710,345631,NSEI,56.800333,-134.569333,56.816,-134.5725,735.1776,65,,,,,00,09,,,Retained,,38
2025,611,1,710,37833,ILONA B,8/1/2025 16:30,2,10,710,345631,NSEI,56.800333,-134.569333,56.816,-134.5725,735.1776,65,,,,,00,09,,,Retained,,59
2025,611,1,710,37833,ILONA B,8/1/2025 16:30,2,10,710,345631,NSEI,56.800333,-134.569333,56.816,-134.5725,735.1776,65,,,,,00,09,,,Retained,,80
2025,611,1,710,37833,ILONA B,8/1/2025 16:30,2,10,710,345631,NSEI,56.800333,-134.569333,56.816,-134.5725,735.1776,65,,,,,00,09,,,Retained,,90
2025,611,1,710,37833,ILONA B,8/1/2025 16:30,2,10,710,345631,NSEI,56.800333,-134.569333,56.816,-134.5725,735.1776,65,,,,,00,09,,,Retained,,95
2025,611,1,710,37833,ILONA B,8/1/2025 16:30,2,10,710,345631,NSEI,56.800333,-134.569333,56.816,-134.5725,735.1776,66,2.9,12,,02,02,07,,,Retained,,121
2025,611,1,710,37833,ILONA B,8/1/2025 16:30,2,10,710,345631,NSEI,56.800333,-134.569333,56.816,-134.5725,735.1776,66,3.3,8,,02,02,07,,,Retained,,26
2025,611,1,710,37833,ILONA B,8/1/2025 16:30,2,10,710,345631,NSEI,56.800333,-134.569333,56.816,-134.5725,735.1776,66,3.4,12,,04,01,07,,,Retained,,96
2025,611,1,710,37833,ILONA B,8/1/2025 16:30,2,10,710,345631,NSEI,56.800333,-134.569333,56.816,-134.5725,735.1776,66,,,,,00,09,,,Retained,,12
2025,611,1,710,37833,ILONA B,8/1/2025 16:30,2,10,710,345631,NSEI,56.800333,-134.569333,56.816,-134.5725,735.1776,66,,,,,00,09,,,Retained,,37
2025,611,1,710,37833,ILONA B,8/1/2025 16:30,2,10,710,345631,NSEI,56.800333,-134.569333,56.816,-134.5725,735.1776,66,,,,,00,09,,,Retained,,142
2025,611,1,710,37833,ILONA B,8/1/2025 16:30,2,10,710,345631,NSEI,56.800333,-134.569333,56.816,-134.5725,735.1776,66,,,,,00,09,,,Retained,,148
2025,611,1,710,37833,ILONA B,8/1/2025 16:30,2,10,710,345631,NSEI,56.800333,-134.569333,56.816,-134.5725,735.1776,67,2.9,7,,03,02,07,,,Retained,,106
2025,611,1,710,37833,ILONA B,8/1/2025 16:30,2,10,710,345631,NSEI,56.800333,-134.569333,56.816,-134.5725,735.1776,67,3.1,6,,03,02,07,,,Retained,,126
2025,611,1,710,37833,ILONA B,8/1/2025 16:30,2,10,710,345631,NSEI,56.800333,-134.569333,56.816,-134.5725,735.1776,67,3.3,8,,02,02,07,,,Retained,,61
2025,611,1,710,37833,ILONA B,8/1/2025 16:30,2,10,710,345631,NSEI,56.800333,-134.569333,56.816,-134.5725,735.1776,67,3.4,6,,03,02,07,,,Retained,,141
2025,611,1,710,37833,ILONA B,8/1/2025 16:30,2,10,710,345631,NSEI,56.800333,-134.569333,56.816,-134.5725,735.1776,67,,,,,00,09,,,Retained,,10
2025,611,1,710,37833,ILONA B,8/1/2025 16:30,2,10,710,345631,NSEI,56.800333,-134.569333,56.816,-134.5725,735.1776,67,,,,,00,09,,,Retained,,13
2025,611,1,710,37833,ILONA B,8/1/2025 16:30,2,10,710,345631,NSEI,56.800333,-134.569333,56.816,-134.5725,735.1776,67,,,,,00,09,,,Retained,,17
2025,611,1,710,37833,ILONA B,8/1/2025 16:30,2,10,710,345631,NSEI,56.800333,-134.569333,56.816,-134.5725,735.1776,67,,,,,00,09,,,Retained,,47
2025,611,1,710,37833,ILONA B,8/1/2025 16:30,2,10,710,345631,NSEI,56.800333,-134.569333,56.816,-134.5725,735.1776,67,,,,,00,09,,,Retained,,84
2025,611,1,710,37833,ILONA B,8/1/2025 16:30,2,10,710,345631,NSEI,56.800333,-134.569333,56.816,-134.5725,735.1776,67,,,,,00,09,,,Retained,,130
2025,611,1,710,37833,ILONA B,8/1/2025 16:30,2,10,710,345631,NSEI,56.800333,-134.569333,56.816,-134.5725,735.1776,68,3.2,8,,02,02,07,,,Retained,,116
2025,611,1,710,37833,ILONA B,8/1/2025 16:30,2,10,710,345631,NSEI,56.800333,-134.569333,56.816,-134.5725,735.1776,68,,,,,00,09,,,Retained,,128
2025,611,1,710,37833,ILONA B,8/1/2025 16:30,2,10,710,345631,NSEI,56.800333,-134.569333,56.816,-134.5725,735.1776,69,3.7,8,,02,02,07,,,Retained,,66
2025,611,1,710,37833,ILONA B,8/1/2025 16:30,2,10,710,345631,NSEI,56.800333,-134.569333,56.816,-134.5725,735.1776,69,,,,,00,09,,,Retained,,8
2025,611,1,710,37833,ILONA B,8/1/2025 16:30,2,10,710,345631,NSEI,56.800333,-134.569333,56.816,-134.5725,735.1776,71,,,,,00,09,,,Retained,,60
2025,611,1,710,37833,ILONA B,8/1/2025 16:30,2,10,710,345631,NSEI,56.800333,-134.569333,56.816,-134.5725,735.1776,73,,,,,00,09,,,Retained,,149
2025,611,1,710,37833,ILONA B,8/1/2025 16:30,2,10,710,345631,NSEI,56.800333,-134.569333,56.816,-134.5725,735.1776,78,,,,,00,09,,,Retained,,23
2025,611,1,710,37833,ILONA B,8/1/2025 16:30,2,10,710,345631,NSEI,56.800333,-134.569333,56.816,-134.5725,735.1776,,,,,,,,,,Retained,,151
2025,611,1,710,37833,ILONA B,8/1/2025 16:30,2,10,710,345631,NSEI,56.800333,-134.569333,56.816,-134.5725,735.1776,,,,,,,,,,Retained,,152
2025,611,1,710,37833,ILONA B,8/1/2025 16:30,2,10,710,345631,NSEI,56.800333,-134.569333,56.816,-134.5725,735.1776,,,,,,,,,,Retained,,153
2025,611,1,710,37833,ILONA B,8/1/2025 16:30,2,10,710,345631,NSEI,56.800333,-134.569333,56.816,-134.5725,735.1776,,,,,,,,,,Retained,,154
2025,611,1,710,37833,ILONA B,8/1/2025 16:30,2,10,710,345631,NSEI,56.800333,-134.569333,56.816,-134.5725,735.1776,,,,,,,,,,Retained,,155
2025,611,1,710,37833,ILONA B,8/1/2025 16:30,2,10,710,345631,NSEI,56.800333,-134.569333,56.816,-134.5725,735.1776,,,,,,,,,,Retained,,156
2025,611,1,710,37833,ILONA B,8/1/2025 16:30,2,10,710,345631,NSEI,56.800333,-134.569333,56.816,-134.5725,735.1776,,,,,,,,,,Retained,,157
2025,611,1,710,37833,ILONA B,8/1/2025 16:30,2,10,710,345631,NSEI,56.800333,-134.569333,56.816,-134.5725,735.1776,,,,,,,,,,Retained,,158
2025,611,1,710,37833,ILONA B,8/1/2025 16:30,2,10,710,345631,NSEI,56.800333,-134.569333,56.816,-134.5725,735.1776,,,,,,,,,,Retained,,159
2025,611,1,710,37833,ILONA B,8/1/2025 16:30,2,10,710,345631,NSEI,56.800333,-134.569333,56.816,-134.5725,735.1776,,,,,,,,,,Retained,,160
2025,611,1,710,37833,ILONA B,8/1/2025 16:30,2,10,710,345631,NSEI,56.800333,-134.569333,56.816,-134.5725,735.1776,,,,,,,,,,Retained,,161
2025,611,1,710,37833,ILONA B,8/1/2025 16:30,2,10,710,345631,NSEI,56.800333,-134.569333,56.816,-134.5725,735.1776,,,,,,,,,,Retained,,162
2025,611,1,710,37833,ILONA B,8/1/2025 16:30,2,10,710,345631,NSEI,56.800333,-134.569333,56.816,-134.5725,735.1776,,,,,,,,,,Retained,,163
2025,611,1,710,37833,ILONA B,8/1/2025 16:30,2,10,710,345631,NSEI,56.800333,-134.569333,56.816,-134.5725,735.1776,,,,,,,,,,Retained,,164
2025,611,1,710,37833,ILONA B,8/1/2025 16:30,2,10,710,345631,NSEI,56.800333,-134.569333,56.816,-134.5725,735.1776,,,,,,,,,,Retained,,165
2025,611,1,710,37833,ILONA B,8/1/2025 16:30,2,10,710,345631,NSEI,56.800333,-134.569333,56.816,-134.5725,735.1776,,,,,,,,,,Retained,,166
2025,611,1,710,37833,ILONA B,8/1/2025 16:30,2,10,710,345631,NSEI,56.800333,-134.569333,56.816,-134.5725,735.1776,,,,,,,,,,Retained,,167
2025,611,1,710,37833,ILONA B,8/1/2025 16:30,2,10,710,345631,NSEI,56.800333,-134.569333,56.816,-134.5725,735.1776,,,,,,,,,,Retained,,168
2025,611,1,710,37833,ILONA B,8/1/2025 16:30,2,10,710,345631,NSEI,56.800333,-134.569333,56.816,-134.5725,735.1776,,,,,,,,,,Retained,,169
2025,611,1,710,37833,ILONA B,8/1/2025 16:30,2,10,710,345631,NSEI,56.800333,-134.569333,56.816,-134.5725,735.1776,,,,,,,,,,Retained,,170
2025,611,1,710,37833,ILONA B,8/1/2025 16:30,2,10,710,345631,NSEI,56.800333,-134.569333,56.816,-134.5725,735.1776,,,,,,,,,,Retained,,171
2025,611,1,710,37833,ILONA B,8/1/2025 16:30,2,10,710,345631,NSEI,56.800333,-134.569333,56.816,-134.5725,735.1776,,,,,,,,,,Retained,,172
2025,611,1,710,37833,ILONA B,8/1/2025 16:30,2,10,710,345631,NSEI,56.800333,-134.569333,56.816,-134.5725,735.1776,,,,,,,,,,Retained,,173
2025,611,1,710,37833,ILONA B,8/1/2025 16:30,2,10,710,345631,NSEI,56.800333,-134.569333,56.816,-134.5725,735.1776,,,,,,,,,,Retained,,174
2025,611,1,710,37833,ILONA B,8/1/2025 16:30,2,10,710,345631,NSEI,56.800333,-134.569333,56.816,-134.5725,735.1776,,,,,,,,,,Retained,,175
2025,611,1,710,37833,ILONA B,8/1/2025 16:30,2,10,710,345631,NSEI,56.800333,-134.569333,56.816,-134.5725,735.1776,,,,,,,,,,Retained,,176
2025,611,1,710,37833,ILONA B,8/1/2025 16:30,2,10,710,345631,NSEI,56.800333,-134.569333,56.816,-134.5725,735.1776,,,,,,,,,,Retained,,177
2025,611,1,710,37833,ILONA B,8/1/2025 16:30,2,10,710,345631,NSEI,56.800333,-134.569333,56.816,-134.5725,735.1776,,,,,,,,,,Retained,,178
2025,611,1,710,37833,ILONA B,8/1/2025 16:30,2,10,710,345631,NSEI,56.800333,-134.569333,56.816,-134.5725,735.1776,,,,,,,,,,Retained,,179
2025,611,1,710,37833,ILONA B,8/1/2025 16:30,2,10,710,345631,NSEI,56.800333,-134.569333,56.816,-134.5725,735.1776,,,,,,,,,,Retained,,180
2025,611,1,710,37833,ILONA B,8/1/2025 16:30,2,10,710,345631,NSEI,56.800333,-134.569333,56.816,-134.5725,735.1776,,,,,,,,,,Retained,,181
2025,611,1,710,37833,ILONA B,8/1/2025 16:30,2,10,710,345631,NSEI,56.800333,-134.569333,56.816,-134.5725,735.1776,,,,,,,,,,Retained,,182
2025,611,1,710,37833,ILONA B,8/1/2025 16:30,2,10,710,345631,NSEI,56.800333,-134.569333,56.816,-134.5725,735.1776,,,,,,,,,,Retained,,183
2025,611,1,710,37833,ILONA B,8/1/2025 16:30,2,10,710,345631,NSEI,56.800333,-134.569333,56.816,-134.5725,735.1776,,,,,,,,,,Retained,,184
2025,611,1,710,37833,ILONA B,8/1/2025 16:30,2,10,710,345631,NSEI,56.800333,-134.569333,56.816,-134.5725,735.1776,,,,,,,,,,Retained,,185
2025,611,1,710,37833,ILONA B,8/1/2025 16:30,2,10,710,345631,NSEI,56.800333,-134.569333,56.816,-134.5725,735.1776,,,,,,,,,,Retained,,186
2025,611,1,710,37833,ILONA B,8/1/2025 16:30,2,10,710,345631,NSEI,56.800333,-134.569333,56.816,-134.5725,735.1776,,,,,,,,,,Retained,,187
2025,611,1,710,37833,ILONA B,8/1/2025 16:30,2,10,710,345631,NSEI,56.800333,-134.569333,56.816,-134.5725,735.1776,,,,,,,,,,Retained,,188
2025,611,1,710,37833,ILONA B,8/1/2025 16:30,2,10,710,345631,NSEI,56.800333,-134.569333,56.816,-134.5725,735.1776,,,,,,,,,,Retained,,189
2025,611,1,710,37833,ILONA B,8/1/2025 16:30,2,10,710,345631,NSEI,56.800333,-134.569333,56.816,-134.5725,735.1776,,,,,,,,,,Retained,,190
2025,611,1,710,37833,ILONA B,8/1/2025 16:30,2,10,710,345631,NSEI,56.800333,-134.569333,56.816,-134.5725,735.1776,,,,,,,,,,Retained,,191
2025,611,1,710,37833,ILONA B,8/1/2025 16:30,2,10,710,345631,NSEI,56.800333,-134.569333,56.816,-134.5725,735.1776,,,,,,,,,,Retained,,192
2025,611,1,710,37833,ILONA B,8/1/2025 16:30,2,10,710,345631,NSEI,56.800333,-134.569333,56.816,-134.5725,735.1776,,,,,,,,,,Retained,,193
2025,611,1,710,37833,ILONA B,8/1/2025 16:30,2,10,710,345631,NSEI,56.800333,-134.569333,56.816,-134.5725,735.1776,,,,,,,,,,Retained,,194
2025,611,1,710,37833,ILONA B,8/1/2025 16:30,2,10,710,345631,NSEI,56.800333,-134.569333,56.816,-134.5725,735.1776,,,,,,,,,,Retained,,195
2025,611,1,710,37833,ILONA B,8/1/2025 16:30,2,10,710,345631,NSEI,56.800333,-134.569333,56.816,-134.5725,735.1776,,,,,,,,,,Retained,,196
2025,611,1,710,37833,ILONA B,8/1/2025 16:30,2,10,710,345631,NSEI,56.800333,-134.569333,56.816,-134.5725,735.1776,,,,,,,,,,Retained,,197
2025,611,1,710,37833,ILONA B,8/1/2025 16:30,2,10,710,345631,NSEI,56.800333,-134.569333,56.816,-134.5725,735.1776,,,,,,,,,,Retained,,198
2025,611,1,710,37833,ILONA B,8/1/2025 16:30,2,10,710,345631,NSEI,56.800333,-134.569333,56.816,-134.5725,735.1776,,,,,,,,,,Retained,,199
2025,611,1,710,37833,ILONA B,8/1/2025 16:30,2,10,710,345631,NSEI,56.800333,-134.569333,56.816,-134.5725,735.1776,,,,,,,,,,Retained,,200
2025,611,1,710,37833,ILONA B,8/1/2025 16:30,2,10,710,345631,NSEI,56.800333,-134.569333,56.816,-134.5725,735.1776,,,,,,,,,,Retained,,201
2025,611,1,710,37833,ILONA B,8/1/2025 16:30,2,10,710,345631,NSEI,56.800333,-134.569333,56.816,-134.5725,735.1776,,,,,,,,,,Retained,,202
2025,611,1,710,37833,ILONA B,8/1/2025 16:30,2,10,710,345631,NSEI,56.800333,-134.569333,56.816,-134.5725,735.1776,,,,,,,,,,Retained,,203
2025,611,1,710,37833,ILONA B,8/1/2025 16:30,2,10,710,345631,NSEI,56.800333,-134.569333,56.816,-134.5725,735.1776,,,,,,,,,,Retained,,204
2025,611,1,710,37833,ILONA B,8/1/2025 16:30,2,10,710,345631,NSEI,56.800333,-134.569333,56.816,-134.5725,735.1776,,,,,,,,,,Retained,,205
2025,611,1,710,37833,ILONA B,8/1/2025 16:30,2,10,710,345631,NSEI,56.800333,-134.569333,56.816,-134.5725,735.1776,,,,,,,,,,Retained,,206
2025,611,1,710,37833,ILONA B,8/1/2025 16:30,2,10,710,345631,NSEI,56.800333,-134.569333,56.816,-134.5725,735.1776,,,,,,,,,,Retained,,207
2025,611,1,710,37833,ILONA B,8/1/2025 16:30,2,10,710,345631,NSEI,56.800333,-134.569333,56.816,-134.5725,735.1776,,,,,,,,,,Retained,,208
2025,611,1,710,37833,ILONA B,8/1/2025 16:30,2,10,710,345631,NSEI,56.800333,-134.569333,56.816,-134.5725,735.1776,,,,,,,,,,Retained,,209
2025,611,1,710,37833,ILONA B,8/1/2025 16:30,2,10,710,345631,NSEI,56.800333,-134.569333,56.816,-134.5725,735.1776,,,,,,,,,,Retained,,210
2025,611,1,710,37833,ILONA B,8/1/2025 16:30,2,10,710,345631,NSEI,56.800333,-134.569333,56.816,-134.5725,735.1776,,,,,,,,,,Retained,,211
2025,611,1,710,37833,ILONA B,8/1/2025 16:30,2,10,710,345631,NSEI,56.800333,-134.569333,56.816,-134.5725,735.1776,,,,,,,,,,Retained,,212
2025,611,1,710,37833,ILONA B,8/1/2025 16:30,2,10,710,345631,NSEI,56.800333,-134.569333,56.816,-134.5725,735.1776,,,,,,,,,,Retained,,213
2025,611,1,710,37833,ILONA B,8/1/2025 16:30,2,10,710,345631,NSEI,56.800333,-134.569333,56.816,-134.5725,735.1776,,,,,,,,,,Retained,,214
2025,611,1,710,37833,ILONA B,8/1/2025 16:30,2,10,710,345631,NSEI,56.800333,-134.569333,56.816,-134.5725,735.1776,,,,,,,,,,Retained,,215
2025,611,1,710,37833,ILONA B,8/1/2025 16:30,2,10,710,345631,NSEI,56.800333,-134.569333,56.816,-134.5725,735.1776,,,,,,,,,,Retained,,216
2025,611,1,710,37833,ILONA B,8/1/2025 16:30,2,10,710,345631,NSEI,56.800333,-134.569333,56.816,-134.5725,735.1776,,,,,,,,,,Retained,,217
2025,611,1,710,37833,ILONA B,8/1/2025 16:30,2,10,710,345631,NSEI,56.800333,-134.569333,56.816,-134.5725,735.1776,,,,,,,,,,Retained,,218
2025,611,1,710,37833,ILONA B,8/1/2025 16:30,2,10,710,345631,NSEI,56.800333,-134.569333,56.816,-134.5725,735.1776,,,,,,,,,,Retained,,219
2025,611,1,710,37833,ILONA B,8/1/2025 16:30,2,10,710,345631,NSEI,56.800333,-134.569333,56.816,-134.5725,735.1776,,,,,,,,,,Retained,,220
2025,611,1,710,37833,ILONA B,8/1/2025 16:30,2,10,710,345631,NSEI,56.800333,-134.569333,56.816,-134.5725,735.1776,,,,,,,,,,Retained,,221
2025,611,1,710,37833,ILONA B,8/1/2025 16:30,2,10,710,345631,NSEI,56.800333,-134.569333,56.816,-134.5725,735.1776,,,,,,,,,,Retained,,222
2025,611,1,710,37833,ILONA B,8/1/2025 16:30,2,10,710,345631,NSEI,56.800333,-134.569333,56.816,-134.5725,735.1776,,,,,,,,,,Retained,,223
2025,611,1,710,37833,ILONA B,8/1/2025 16:30,2,10,710,345631,NSEI,56.800333,-134.569333,56.816,-134.5725,735.1776,,,,,,,,,,Retained,,224
2025,611,1,710,37833,ILONA B,8/1/2025 16:30,2,10,710,345631,NSEI,56.800333,-134.569333,56.816,-134.5725,735.1776,,,,,,,,,,Retained,,225
2025,611,1,710,37833,ILONA B,8/1/2025 16:30,2,10,710,345631,NSEI,56.800333,-134.569333,56.816,-134.5725,735.1776,,,,,,,,,,Retained,,226
2025,611,1,710,37833,ILONA B,8/1/2025 16:30,2,10,710,345631,NSEI,56.800333,-134.569333,56.816,-134.5725,735.1776,,,,,,,,,,Retained,,227
2025,611,1,710,37833,ILONA B,8/1/2025 16:30,2,10,710,345631,NSEI,56.800333,-134.569333,56.816,-134.5725,735.1776,,,,,,,,,,Retained,,228
2025,611,1,710,37833,ILONA B,8/1/2025 16:30,2,10,710,345631,NSEI,56.800333,-134.569333,56.816,-134.5725,735.1776,,,,,,,,,,Retained,,229
2025,611,1,710,37833,ILONA B,8/1/2025 16:30,2,10,710,345631,NSEI,56.800333,-134.569333,56.816,-134.5725,735.1776,,,,,,,,,,Retained,,230
2025,611,1,710,37833,ILONA B,8/1/2025 16:30,2,10,710,345631,NSEI,56.800333,-134.569333,56.816,-134.5725,735.1776,,,,,,,,,,Retained,,231
2025,611,1,710,37833,ILONA B,8/1/2025 16:30,2,10,710,345631,NSEI,56.800333,-134.569333,56.816,-134.5725,735.1776,,,,,,,,,,Retained,,232
2025,611,1,710,37833,ILONA B,8/1/2025 16:30,2,10,710,345631,NSEI,56.800333,-134.569333,56.816,-134.5725,735.1776,,,,,,,,,,Retained,,233
2025,611,1,710,37833,ILONA B,8/1/2025 16:30,2,10,710,345631,NSEI,56.800333,-134.569333,56.816,-134.5725,735.1776,,,,,,,,,,Retained,,234
2025,611,1,710,37833,ILONA B,8/1/2025 16:30,2,10,710,345631,NSEI,56.800333,-134.569333,56.816,-134.5725,735.1776,,,,,,,,,,Retained,,235
2025,611,1,710,37833,ILONA B,8/1/2025 16:30,2,10,710,345631,NSEI,56.800333,-134.569333,56.816,-134.5725,735.1776,,,,,,,,,,Retained,,236
2025,611,1,710,37833,ILONA B,8/1/2025 16:30,2,10,710,345631,NSEI,56.800333,-134.569333,56.816,-134.5725,735.1776,,,,,,,,,,Retained,,237
2025,611,1,710,37833,ILONA B,8/1/2025 16:30,2,10,710,345631,NSEI,56.800333,-134.569333,56.816,-134.5725,735.1776,,,,,,,,,,Retained,,238
2025,611,1,710,37833,ILONA B,8/1/2025 16:30,2,10,710,345631,NSEI,56.800333,-134.569333,56.816,-134.5725,735.1776,,,,,,,,,,Retained,,239
2025,611,1,710,37833,ILONA B,8/1/2025 16:30,2,10,710,345631,NSEI,56.800333,-134.569333,56.816,-134.5725,735.1776,,,,,,,,,,Retained,,240
2025,611,1,710,37833,ILONA B,8/1/2025 16:30,2,10,710,345631,NSEI,56.800333,-134.569333,56.816,-134.5725,735.1776,,,,,,,,,,Retained,,241
2025,611,1,710,37833,ILONA B,8/1/2025 16:30,2,10,710,345631,NSEI,56.800333,-134.569333,56.816,-134.5725,735.1776,,,,,,,,,,Retained,,242
2025,611,1,710,37833,ILONA B,8/1/2025 16:30,2,10,710,345631,NSEI,56.800333,-134.569333,56.816,-134.5725,735.1776,,,,,,,,,,Retained,,243
2025,611,1,710,37833,ILONA B,8/1/2025 16:30,2,10,710,345631,NSEI,56.800333,-134.569333,56.816,-134.5725,735.1776,,,,,,,,,,Retained,,244
2025,611,1,710,37833,ILONA B,8/1/2025 16:30,2,10,710,345631,NSEI,56.800333,-134.569333,56.816,-134.5725,735.1776,,,,,,,,,,Retained,,245
2025,611,1,710,37833,ILONA B,8/1/2025 16:30,2,10,710,345631,NSEI,56.800333,-134.569333,56.816,-134.5725,735.1776,,,,,,,,,,Retained,,246
2025,611,1,710,37833,ILONA B,8/1/2025 16:30,2,10,710,345631,NSEI,56.800333,-134.569333,56.816,-134.5725,735.1776,,,,,,,,,,Retained,,247
2025,611,1,710,37833,ILONA B,8/1/2025 16:30,2,10,710,345631,NSEI,56.800333,-134.569333,56.816,-134.5725,735.1776,,,,,,,,,,Retained,,248
2025,611,1,710,37833,ILONA B,8/1/2025 16:30,2,10,710,345631,NSEI,56.800333,-134.569333,56.816,-134.5725,735.1776,,,,,,,,,,Retained,,249
2025,611,1,710,37833,ILONA B,8/1/2025 16:30,2,10,710,345631,NSEI,56.800333,-134.569333,56.816,-134.5725,735.1776,,,,,,,,,,Retained,,250
2025,611,1,710,37833,ILONA B,8/1/2025 16:30,2,10,710,345631,NSEI,56.800333,-134.569333,56.816,-134.5725,735.1776,,,,,,,,,,Retained,,251
2025,611,1,710,37833,ILONA B,8/1/2025 16:30,2,10,710,345631,NSEI,56.800333,-134.569333,56.816,-134.5725,735.1776,,,,,,,,,,Retained,,252
2025,611,1,710,37833,ILONA B,8/1/2025 16:30,2,10,710,345631,NSEI,56.800333,-134.569333,56.816,-134.5725,735.1776,,,,,,,,,,Retained,,253
2025,611,1,710,37833,ILONA B,8/1/2025 16:30,2,10,710,345631,NSEI,56.800333,-134.569333,56.816,-134.5725,735.1776,,,,,,,,,,Retained,,254
2025,611,1,710,37833,ILONA B,8/1/2025 16:30,2,10,710,345631,NSEI,56.800333,-134.569333,56.816,-134.5725,735.1776,,,,,,,,,,Retained,,255
2025,611,1,710,37833,ILONA B,8/1/2025 16:30,2,10,710,345631,NSEI,56.800333,-134.569333,56.816,-134.5725,735.1776,,,,,,,,,,Retained,,256
2025,611,1,710,37833,ILONA B,8/1/2025 16:30,2,10,710,345631,NSEI,56.800333,-134.569333,56.816,-134.5725,735.1776,,,,,,,,,,Retained,,257
2025,611,1,710,37833,ILONA B,8/1/2025 16:30,2,10,710,345631,NSEI,56.800333,-134.569333,56.816,-134.5725,735.1776,,,,,,,,,,Retained,,258
2025,611,1,710,37833,ILONA B,8/1/2025 16:30,2,10,710,345631,NSEI,56.800333,-134.569333,56.816,-134.5725,735.1776,,,,,,,,,,Retained,,259
2025,611,1,710,37833,ILONA B,8/1/2025 16:30,2,10,710,345631,NSEI,56.800333,-134.569333,56.816,-134.5725,735.1776,,,,,,,,,,Retained,,260
2025,611,1,710,37833,ILONA B,8/1/2025 16:30,2,10,710,345631,NSEI,56.800333,-134.569333,56.816,-134.5725,735.1776,,,,,,,,,,Retained,,261
2025,611,1,710,37833,ILONA B,8/1/2025 16:30,2,10,710,345631,NSEI,56.800333,-134.569333,56.816,-134.5725,735.1776,,,,,,,,,,Retained,,262
2025,611,1,710,37833,ILONA B,8/1/2025 16:30,2,10,710,345631,NSEI,56.800333,-134.569333,56.816,-134.5725,735.1776,,,,,,,,,,Retained,,263
2025,611,1,710,37833,ILONA B,8/1/2025 16:30,2,10,710,345631,NSEI,56.800333,-134.569333,56.816,-134.5725,735.1776,,,,,,,,,,Retained,,264
2025,611,1,710,37833,ILONA B,8/1/2025 16:30,2,10,710,345631,NSEI,56.800333,-134.569333,56.816,-134.5725,735.1776,,,,,,,,,,Retained,,265
2025,611,1,710,37833,ILONA B,8/1/2025 16:30,2,10,710,345631,NSEI,56.800333,-134.569333,56.816,-134.5725,735.1776,,,,,,,,,,Retained,,266
2025,611,1,710,37833,ILONA B,8/1/2025 16:30,2,10,710,345631,NSEI,56.800333,-134.569333,56.816,-134.5725,735.1776,,,,,,,,,,Retained,,267
2025,611,1,710,37833,ILONA B,8/1/2025 16:30,2,10,710,345631,NSEI,56.800333,-134.569333,56.816,-134.5725,735.1776,,,,,,,,,,Retained,,268
2025,611,1,710,37833,ILONA B,8/1/2025 16:30,2,10,710,345631,NSEI,56.800333,-134.569333,56.816,-134.5725,735.1776,,,,,,,,,,Retained,,269
2025,611,1,710,37833,ILONA B,8/1/2025 16:30,2,10,710,345631,NSEI,56.800333,-134.569333,56.816,-134.5725,735.1776,,,,,,,,,,Retained,,270
2025,611,1,710,37833,ILONA B,8/1/2025 16:30,2,10,710,345631,NSEI,56.800333,-134.569333,56.816,-134.5725,735.1776,,,,,,,,,,Retained,,271
2025,611,1,710,37833,ILONA B,8/1/2025 16:30,2,10,710,345631,NSEI,56.800333,-134.569333,56.816,-134.5725,735.1776,,,,,,,,,,Retained,,272
2025,611,1,710,37833,ILONA B,8/1/2025 16:30,2,10,710,345631,NSEI,56.800333,-134.569333,56.816,-134.5725,735.1776,,,,,,,,,,Retained,,273
2025,611,1,710,37833,ILONA B,8/1/2025 16:30,2,10,710,345631,NSEI,56.800333,-134.569333,56.816,-134.5725,735.1776,,,,,,,,,,Retained,,274
2025,611,1,710,37833,ILONA B,8/1/2025 16:30,2,10,710,345631,NSEI,56.800333,-134.569333,56.816,-134.5725,735.1776,,,,,,,,,,Retained,,275
2025,611,1,710,37833,ILONA B,8/1/2025 16:30,2,10,710,345631,NSEI,56.800333,-134.569333,56.816,-134.5725,735.1776,,,,,,,,,,Retained,,276
2025,611,1,710,37833,ILONA B,8/1/2025 16:30,2,10,710,345631,NSEI,56.800333,-134.569333,56.816,-134.5725,735.1776,,,,,,,,,,Retained,,277
2025,611,1,710,37833,ILONA B,8/1/2025 16:30,2,10,710,345631,NSEI,56.800333,-134.569333,56.816,-134.5725,735.1776,,,,,,,,,,Retained,,278
2025,611,1,710,37833,ILONA B,8/1/2025 16:30,2,10,710,345631,NSEI,56.800333,-134.569333,56.816,-134.5725,735.1776,,,,,,,,,,Retained,,279
2025,611,1,710,37833,ILONA B,8/1/2025 16:30,2,10,710,345631,NSEI,56.800333,-134.569333,56.816,-134.5725,735.1776,,,,,,,,,,Retained,,280
2025,611,1,710,37833,ILONA B,8/1/2025 16:30,2,10,710,345631,NSEI,56.800333,-134.569333,56.816,-134.5725,735.1776,,,,,,,,,,Retained,,281
2025,611,1,710,37833,ILONA B,8/1/2025 16:30,2,10,710,345631,NSEI,56.800333,-134.569333,56.816,-134.5725,735.1776,,,,,,,,,,Retained,,282
2025,611,1,710,37833,ILONA B,8/1/2025 16:30,2,10,710,345631,NSEI,56.800333,-134.569333,56.816,-134.5725,735.1776,,,,,,,,,,Retained,,283
2025,611,1,710,37833,ILONA B,8/1/2025 16:30,2,10,710,345631,NSEI,56.800333,-134.569333,56.816,-134.5725,735.1776,,,,,,,,,,Retained,,284
2025,611,1,710,37833,ILONA B,8/1/2025 16:30,2,10,710,345631,NSEI,56.800333,-134.569333,56.816,-134.5725,735.1776,,,,,,,,,,Retained,,285
2025,611,1,710,37833,ILONA B,8/1/2025 16:30,2,10,710,345631,NSEI,56.800333,-134.569333,56.816,-134.5725,735.1776,,,,,,,,,,Retained,,286
2025,611,1,710,37833,ILONA B,8/1/2025 16:30,2,10,710,345631,NSEI,56.800333,-134.569333,56.816,-134.5725,735.1776,,,,,,,,,,Retained,,287
2025,611,1,710,37833,ILONA B,8/1/2025 16:30,2,10,710,345631,NSEI,56.800333,-134.569333,56.816,-134.5725,735.1776,,,,,,,,,,Retained,,288
2025,611,1,710,37833,ILONA B,8/1/2025 16:30,2,10,710,345631,NSEI,56.800333,-134.569333,56.816,-134.5725,735.1776,,,,,,,,,,Retained,,289
2025,611,1,710,37833,ILONA B,8/1/2025 16:30,2,10,710,345631,NSEI,56.800333,-134.569333,56.816,-134.5725,735.1776,,,,,,,,,,Retained,,290
2025,611,1,710,37833,ILONA B,8/1/2025 16:30,2,10,710,345631,NSEI,56.800333,-134.569333,56.816,-134.5725,735.1776,,,,,,,,,,Retained,,291
2025,611,1,710,37833,ILONA B,8/1/2025 16:30,2,10,710,345631,NSEI,56.800333,-134.569333,56.816,-134.5725,735.1776,,,,,,,,,,Retained,,292
2025,611,1,710,37833,ILONA B,8/1/2025 16:30,2,10,710,345631,NSEI,56.800333,-134.569333,56.816,-134.5725,735.1776,,,,,,,,,,Retained,,293
2025,611,1,710,37833,ILONA B,8/1/2025 16:30,2,10,710,345631,NSEI,56.800333,-134.569333,56.816,-134.5725,735.1776,,,,,,,,,,Retained,,294
2025,611,1,710,37833,ILONA B,8/1/2025 16:30,2,10,710,345631,NSEI,56.800333,-134.569333,56.816,-134.5725,735.1776,,,,,,,,,,Retained,,295
2025,611,1,710,37833,ILONA B,8/1/2025 16:30,2,10,710,345631,NSEI,56.800333,-134.569333,56.816,-134.5725,735.1776,,,,,,,,,,Retained,,296
2025,611,1,710,37833,ILONA B,8/1/2025 16:30,2,10,710,345631,NSEI,56.800333,-134.569333,56.816,-134.5725,735.1776,,,,,,,,,,Retained,,297
2025,611,1,710,37833,ILONA B,8/1/2025 16:30,2,10,710,345631,NSEI,56.800333,-134.569333,56.816,-134.5725,735.1776,,,,,,,,,,Retained,,298
2025,611,1,710,37833,ILONA B,8/1/2025 16:30,2,10,710,345631,NSEI,56.800333,-134.569333,56.816,-134.5725,735.1776,,,,,,,,,,Retained,,299
2025,611,1,710,37833,ILONA B,8/1/2025 16:30,2,10,710,345631,NSEI,56.800333,-134.569333,56.816,-134.5725,735.1776,,,,,,,,,,Retained,,300
2025,611,1,710,37833,ILONA B,8/1/2025 16:30,2,10,710,345631,NSEI,56.800333,-134.569333,56.816,-134.5725,735.1776,,,,,,,,,,Retained,,301
2025,611,1,710,37833,ILONA B,8/1/2025 16:30,2,10,710,345631,NSEI,56.800333,-134.569333,56.816,-134.5725,735.1776,,,,,,,,,,Retained,,302
2025,611,1,710,37833,ILONA B,8/1/2025 16:30,2,10,710,345631,NSEI,56.800333,-134.569333,56.816,-134.5725,735.1776,,,,,,,,,,Retained,,303
2025,611,1,710,37833,ILONA B,8/1/2025 16:30,2,10,710,345631,NSEI,56.800333,-134.569333,56.816,-134.5725,735.1776,,,,,,,,,,Retained,,304
2025,611,1,710,37833,ILONA B,8/1/2025 16:30,2,10,710,345631,NSEI,56.800333,-134.569333,56.816,-134.5725,735.1776,,,,,,,,,,Retained,,305
2025,611,1,710,37833,ILONA B,8/1/2025 16:30,2,10,710,345631,NSEI,56.800333,-134.569333,56.816,-134.5725,735.1776,,,,,,,,,,Retained,,306
2025,611,1,710,37833,ILONA B,8/1/2025 16:30,2,10,710,345631,NSEI,56.800333,-134.569333,56.816,-134.5725,735.1776,,,,,,,,,,Retained,,307
2025,611,1,710,37833,ILONA B,8/1/2025 16:30,2,10,710,345631,NSEI,56.800333,-134.569333,56.816,-134.5725,735.1776,,,,,,,,,,Retained,,308
2025,611,1,710,37833,ILONA B,8/1/2025 16:30,2,10,710,345631,NSEI,56.800333,-134.569333,56.816,-134.5725,735.1776,,,,,,,,,,Retained,,309
2025,611,1,710,37833,ILONA B,8/1/2025 16:30,2,10,710,345631,NSEI,56.800333,-134.569333,56.816,-134.5725,735.1776,,,,,,,,,,Retained,,310
2025,611,1,710,37833,ILONA B,8/1/2025 16:30,2,10,710,345631,NSEI,56.800333,-134.569333,56.816,-134.5725,735.1776,,,,,,,,,,Retained,,311
2025,611,1,710,37833,ILONA B,8/1/2025 16:30,2,10,710,345631,NSEI,56.800333,-134.569333,56.816,-134.5725,735.1776,,,,,,,,,,Retained,,312
2025,611,1,710,37833,ILONA B,8/1/2025 16:30,2,10,710,345631,NSEI,56.800333,-134.569333,56.816,-134.5725,735.1776,,,,,,,,,,Retained,,313
2025,611,1,710,37833,ILONA B,8/1/2025 16:30,2,10,710,345631,NSEI,56.800333,-134.569333,56.816,-134.5725,735.1776,,,,,,,,,,Retained,,314
2025,611,1,710,37833,ILONA B,8/1/2025 16:30,2,10,710,345631,NSEI,56.800333,-134.569333,56.816,-134.5725,735.1776,,,,,,,,,,Retained,,315
2025,611,1,710,37833,ILONA B,8/1/2025 16:30,2,10,710,345631,NSEI,56.800333,-134.569333,56.816,-134.5725,735.1776,,,,,,,,,,Retained,,316
2025,611,1,710,37833,ILONA B,8/1/2025 16:30,2,10,710,345631,NSEI,56.800333,-134.569333,56.816,-134.5725,735.1776,,,,,,,,,,Retained,,317
2025,611,1,710,37833,ILONA B,8/1/2025 16:30,2,10,710,345631,NSEI,56.800333,-134.569333,56.816,-134.5725,735.1776,,,,,,,,,,Retained,,318
2025,611,1,710,37833,ILONA B,8/1/2025 16:30,2,10,710,345631,NSEI,56.800333,-134.569333,56.816,-134.5725,735.1776,,,,,,,,,,Retained,,319
2025,611,1,710,37833,ILONA B,8/1/2025 16:30,2,10,710,345631,NSEI,56.800333,-134.569333,56.816,-134.5725,735.1776,,,,,,,,,,Retained,,320
2025,611,1,710,37833,ILONA B,8/1/2025 16:30,2,10,710,345631,NSEI,56.800333,-134.569333,56.816,-134.5725,735.1776,,,,,,,,,,Retained,,321
2025,611,1,710,37833,ILONA B,8/1/2025 16:30,2,10,710,345631,NSEI,56.800333,-134.569333,56.816,-134.5725,735.1776,,,,,,,,,,Retained,,322
2025,611,1,710,37833,ILONA B,8/1/2025 16:30,2,10,710,345631,NSEI,56.800333,-134.569333,56.816,-134.5725,735.1776,,,,,,,,,,Retained,,323
2025,611,1,710,37833,ILONA B,8/1/2025 16:30,2,10,710,345631,NSEI,56.800333,-134.569333,56.816,-134.5725,735.1776,,,,,,,,,,Retained,,324
2025,611,1,710,37833,ILONA B,8/1/2025 16:30,2,10,710,345631,NSEI,56.800333,-134.569333,56.816,-134.5725,735.1776,,,,,,,,,,Retained,,325
2025,611,1,710,37833,ILONA B,8/1/2025 16:30,2,10,710,345631,NSEI,56.800333,-134.569333,56.816,-134.5725,735.1776,,,,,,,,,,Retained,,326
2025,611,1,710,37833,ILONA B,8/1/2025 16:30,2,10,710,345631,NSEI,56.800333,-134.569333,56.816,-134.5725,735.1776,,,,,,,,,,Retained,,327
2025,611,1,710,37833,ILONA B,8/1/2025 16:30,2,10,710,345631,NSEI,56.800333,-134.569333,56.816,-134.5725,735.1776,,,,,,,,,,Retained,,328
2025,611,1,710,37833,ILONA B,8/1/2025 16:30,2,10,710,345631,NSEI,56.800333,-134.569333,56.816,-134.5725,735.1776,,,,,,,,,,Retained,,329
2025,611,1,710,37833,ILONA B,8/1/2025 16:30,2,10,710,345631,NSEI,56.800333,-134.569333,56.816,-134.5725,735.1776,,,,,,,,,,Retained,,330
2025,611,1,710,37833,ILONA B,8/1/2025 16:30,2,10,710,345631,NSEI,56.800333,-134.569333,56.816,-134.5725,735.1776,,,,,,,,,,Retained,,331
2025,611,1,710,37833,ILONA B,8/1/2025 16:30,2,10,710,345631,NSEI,56.800333,-134.569333,56.816,-134.5725,735.1776,,,,,,,,,,Retained,,332
2025,611,1,710,37833,ILONA B,8/1/2025 16:30,2,10,710,345631,NSEI,56.800333,-134.569333,56.816,-134.5725,735.1776,,,,,,,,,,Retained,,333
2025,611,1,710,37833,ILONA B,8/1/2025 16:30,2,10,710,345631,NSEI,56.800333,-134.569333,56.816,-134.5725,735.1776,,,,,,,,,,Retained,,334
2025,611,1,710,37833,ILONA B,8/1/2025 16:30,2,10,710,345631,NSEI,56.800333,-134.569333,56.816,-134.5725,735.1776,,,,,,,,,,Retained,,335
2025,611,1,710,37833,ILONA B,8/1/2025 16:30,2,10,710,345631,NSEI,56.800333,-134.569333,56.816,-134.5725,735.1776,,,,,,,,,,Retained,,336
2025,611,1,710,37833,ILONA B,8/1/2025 16:30,2,10,710,345631,NSEI,56.800333,-134.569333,56.816,-134.5725,735.1776,,,,,,,,,,Retained,,337
2025,611,1,710,37833,ILONA B,8/1/2025 16:30,2,10,710,345631,NSEI,56.800333,-134.569333,56.816,-134.5725,735.1776,,,,,,,,,,Retained,,338
2025,611,1,710,37833,ILONA B,8/1/2025 16:30,2,10,710,345631,NSEI,56.800333,-134.569333,56.816,-134.5725,735.1776,,,,,,,,,,Retained,,339
2025,611,1,710,37833,ILONA B,8/1/2025 16:30,2,10,710,345631,NSEI,56.800333,-134.569333,56.816,-134.5725,735.1776,,,,,,,,,,Retained,,340
2025,611,1,710,37833,ILONA B,8/1/2025 16:30,2,10,710,345631,NSEI,56.800333,-134.569333,56.816,-134.5725,735.1776,,,,,,,,,,Retained,,341
2025,611,1,710,37833,ILONA B,8/1/2025 16:30,2,10,710,345631,NSEI,56.800333,-134.569333,56.816,-134.5725,735.1776,,,,,,,,,,Retained,,342
2025,611,1,710,37833,ILONA B,8/1/2025 16:30,2,10,710,345631,NSEI,56.800333,-134.569333,56.816,-134.5725,735.1776,,,,,,,,,,Retained,,343
2025,611,1,710,37833,ILONA B,8/1/2025 16:30,2,10,710,345631,NSEI,56.800333,-134.569333,56.816,-134.5725,735.1776,,,,,,,,,,Retained,,344
2025,611,1,710,37833,ILONA B,8/1/2025 16:30,2,10,710,345631,NSEI,56.800333,-134.569333,56.816,-134.5725,735.1776,,,,,,,,,,Retained,,345
2025,611,1,710,37833,ILONA B,8/1/2025 16:30,2,10,710,345631,NSEI,56.800333,-134.569333,56.816,-134.5725,735.1776,,,,,,,,,,Retained,,346
2025,611,1,710,37833,ILONA B,8/1/2025 16:30,2,10,710,345631,NSEI,56.800333,-134.569333,56.816,-134.5725,735.1776,,,,,,,,,,Retained,,347
2025,611,1,710,37833,ILONA B,8/1/2025 16:30,2,10,710,345631,NSEI,56.800333,-134.569333,56.816,-134.5725,735.1776,,,,,,,,,,Retained,,348
2025,611,1,710,37833,ILONA B,8/1/2025 16:30,2,10,710,345631,NSEI,56.800333,-134.569333,56.816,-134.5725,735.1776,,,,,,,,,,Retained,,349
2025,611,1,710,37833,ILONA B,8/1/2025 16:30,2,10,710,345631,NSEI,56.800333,-134.569333,56.816,-134.5725,735.1776,,,,,,,,,,Retained,,350
2025,611,1,710,37833,ILONA B,8/1/2025 16:30,2,10,710,345631,NSEI,56.800333,-134.569333,56.816,-134.5725,735.1776,,,,,,,,,,Retained,,351
2025,611,1,710,37833,ILONA B,8/1/2025 16:30,2,10,710,345631,NSEI,56.800333,-134.569333,56.816,-134.5725,735.1776,,,,,,,,,,Retained,,352
2025,611,1,710,37833,ILONA B,8/1/2025 16:30,2,10,710,345631,NSEI,56.800333,-134.569333,56.816,-134.5725,735.1776,,,,,,,,,,Retained,,353
2025,611,1,710,37833,ILONA B,8/1/2025 16:30,2,10,710,345631,NSEI,56.800333,-134.569333,56.816,-134.5725,735.1776,,,,,,,,,,Retained,,354
2025,611,1,710,37833,ILONA B,8/1/2025 16:30,2,10,710,345631,NSEI,56.800333,-134.569333,56.816,-134.5725,735.1776,,,,,,,,,,Retained,,355
2025,611,1,710,37833,ILONA B,8/1/2025 16:30,2,10,710,345631,NSEI,56.800333,-134.569333,56.816,-134.5725,735.1776,,,,,,,,,,Retained,,356
2025,611,1,710,37833,ILONA B,8/1/2025 16:30,2,10,710,345631,NSEI,56.800333,-134.569333,56.816,-134.5725,735.1776,,,,,,,,,,Retained,,357
2025,611,1,710,37833,ILONA B,8/1/2025 16:30,2,10,710,345631,NSEI,56.800333,-134.569333,56.816,-134.5725,735.1776,,,,,,,,,,Retained,,358
2025,611,1,710,37833,ILONA B,8/1/2025 16:30,2,10,710,345631,NSEI,56.800333,-134.569333,56.816,-134.5725,735.1776,,,,,,,,,,Retained,,359
2025,611,1,710,37833,ILONA B,8/1/2025 16:30,2,10,710,345631,NSEI,56.800333,-134.569333,56.816,-134.5725,735.1776,,,,,,,,,,Retained,,360
2025,611,1,710,37833,ILONA B,8/1/2025 16:30,2,10,710,345631,NSEI,56.800333,-134.569333,56.816,-134.5725,735.1776,,,,,,,,,,Retained,,361
2025,611,1,710,37833,ILONA B,8/1/2025 16:30,2,10,710,345631,NSEI,56.800333,-134.569333,56.816,-134.5725,735.1776,,,,,,,,,,Retained,,362
2025,611,1,710,37833,ILONA B,8/1/2025 16:30,2,10,710,345631,NSEI,56.800333,-134.569333,56.816,-134.5725,735.1776,,,,,,,,,,Retained,,363
2025,611,1,710,37833,ILONA B,8/1/2025 16:30,2,10,710,345631,NSEI,56.800333,-134.569333,56.816,-134.5725,735.1776,,,,,,,,,,Retained,,364
2025,611,1,710,37833,ILONA B,8/1/2025 16:30,2,10,710,345631,NSEI,56.800333,-134.569333,56.816,-134.5725,735.1776,,,,,,,,,,Retained,,365
2025,611,1,710,37833,ILONA B,8/1/2025 16:30,2,10,710,345631,NSEI,56.800333,-134.569333,56.816,-134.5725,735.1776,,,,,,,,,,Retained,,366
2025,611,1,710,37833,ILONA B,8/1/2025 16:30,2,10,710,345631,NSEI,56.800333,-134.569333,56.816,-134.5725,735.1776,,,,,,,,,,Retained,,367
2025,611,1,710,37833,ILONA B,8/1/2025 16:30,2,10,710,345631,NSEI,56.800333,-134.569333,56.816,-134.5725,735.1776,,,,,,,,,,Retained,,368
2025,611,1,710,37833,ILONA B,8/1/2025 16:30,2,10,710,345631,NSEI,56.800333,-134.569333,56.816,-134.5725,735.1776,,,,,,,,,,Retained,,369
2025,611,1,710,37833,ILONA B,8/1/2025 16:30,2,10,710,345631,NSEI,56.800333,-134.569333,56.816,-134.5725,735.1776,,,,,,,,,,Retained,,370
2025,611,1,710,37833,ILONA B,8/1/2025 16:30,2,10,710,345631,NSEI,56.800333,-134.569333,56.816,-134.5725,735.1776,,,,,,,,,,Retained,,371
2025,611,1,710,37833,ILONA B,8/1/2025 16:30,2,10,710,345631,NSEI,56.800333,-134.569333,56.816,-134.5725,735.1776,,,,,,,,,,Retained,,372
2025,611,1,710,37833,ILONA B,8/1/2025 16:30,2,10,710,345631,NSEI,56.800333,-134.569333,56.816,-134.5725,735.1776,,,,,,,,,,Retained,,373
2025,611,1,710,37833,ILONA B,8/1/2025 16:30,2,10,710,345631,NSEI,56.800333,-134.569333,56.816,-134.5725,735.1776,,,,,,,,,,Retained,,374
2025,611,1,710,37833,ILONA B,8/1/2025 16:30,2,10,710,345631,NSEI,56.800333,-134.569333,56.816,-134.5725,735.1776,,,,,,,,,,Retained,,375
2025,611,1,710,37833,ILONA B,8/1/2025 16:30,2,10,710,345631,NSEI,56.800333,-134.569333,56.816,-134.5725,735.1776,,,,,,,,,,Retained,,376
2025,611,1,710,37833,ILONA B,8/1/2025 16:30,2,10,710,345631,NSEI,56.800333,-134.569333,56.816,-134.5725,735.1776,,,,,,,,,,Retained,,377
2025,611,1,710,37833,ILONA B,8/1/2025 16:30,2,10,710,345631,NSEI,56.800333,-134.569333,56.816,-134.5725,735.1776,,,,,,,,,,Retained,,378
2025,611,1,710,37833,ILONA B,8/1/2025 16:30,2,10,710,345631,NSEI,56.800333,-134.569333,56.816,-134.5725,735.1776,,,,,,,,,,Retained,,379
2025,611,1,710,37833,ILONA B,8/1/2025 16:30,2,10,710,345631,NSEI,56.800333,-134.569333,56.816,-134.5725,735.1776,,,,,,,,,,Retained,,380
2025,611,1,710,37833,ILONA B,8/1/2025 16:30,2,10,710,345631,NSEI,56.800333,-134.569333,56.816,-134.5725,735.1776,,,,,,,,,,Retained,,381
2025,611,1,710,37833,ILONA B,8/1/2025 16:30,2,10,710,345631,NSEI,56.800333,-134.569333,56.816,-134.5725,735.1776,,,,,,,,,,Retained,,382
2025,611,1,710,37833,ILONA B,8/1/2025 16:30,2,10,710,345631,NSEI,56.800333,-134.569333,56.816,-134.5725,735.1776,,,,,,,,,,Retained,,383
2025,611,1,710,37833,ILONA B,8/1/2025 16:30,2,10,710,345631,NSEI,56.800333,-134.569333,56.816,-134.5725,735.1776,,,,,,,,,,Retained,,384
2025,611,1,710,37833,ILONA B,8/1/2025 16:30,2,10,710,345631,NSEI,56.800333,-134.569333,56.816,-134.5725,735.1776,,,,,,,,,,Retained,,385
2025,611,1,710,37833,ILONA B,8/1/2025 16:30,2,10,710,345631,NSEI,56.800333,-134.569333,56.816,-134.5725,735.1776,,,,,,,,,,Retained,,386
2025,611,1,710,37833,ILONA B,8/1/2025 16:30,2,10,710,345631,NSEI,56.800333,-134.569333,56.816,-134.5725,735.1776,,,,,,,,,,Retained,,387
2025,611,1,710,37833,ILONA B,8/1/2025 16:30,2,10,710,345631,NSEI,56.800333,-134.569333,56.816,-134.5725,735.1776,,,,,,,,,,Retained,,388
2025,611,1,710,37833,ILONA B,8/1/2025 16:30,2,10,710,345631,NSEI,56.800333,-134.569333,56.816,-134.5725,735.1776,,,,,,,,,,Retained,,389
2025,611,1,710,37833,ILONA B,8/1/2025 16:30,2,10,710,345631,NSEI,56.800333,-134.569333,56.816,-134.5725,735.1776,,,,,,,,,,Retained,,390
2025,611,1,710,37833,ILONA B,8/1/2025 16:30,2,10,710,345631,NSEI,56.800333,-134.569333,56.816,-134.5725,735.1776,,,,,,,,,,Retained,,391
2025,611,1,710,37833,ILONA B,8/1/2025 16:30,2,10,710,345631,NSEI,56.800333,-134.569333,56.816,-134.5725,735.1776,,,,,,,,,,Retained,,392
2025,611,1,710,37833,ILONA B,8/1/2025 16:30,2,10,710,345631,NSEI,56.800333,-134.569333,56.816,-134.5725,735.1776,,,,,,,,,,Retained,,393
2025,611,1,710,37833,ILONA B,8/1/2025 16:30,2,10,710,345631,NSEI,56.800333,-134.569333,56.816,-134.5725,735.1776,,,,,,,,,,Retained,,394
2025,611,1,710,37833,ILONA B,8/1/2025 16:30,2,10,710,345631,NSEI,56.800333,-134.569333,56.816,-134.5725,735.1776,,,,,,,,,,Retained,,395
2025,611,1,710,37833,ILONA B,8/1/2025 16:30,2,10,710,345631,NSEI,56.800333,-134.569333,56.816,-134.5725,735.1776,,,,,,,,,,Retained,,396
2025,611,1,710,37833,ILONA B,8/1/2025 16:30,2,10,710,345631,NSEI,56.800333,-134.569333,56.816,-134.5725,735.1776,,,,,,,,,,Retained,,397
2025,611,1,710,37833,ILONA B,8/1/2025 16:30,2,10,710,345631,NSEI,56.800333,-134.569333,56.816,-134.5725,735.1776,,,,,,,,,,Retained,,398
2025,611,1,710,37833,ILONA B,8/1/2025 16:30,2,10,710,345631,NSEI,56.800333,-134.569333,56.816,-134.5725,735.1776,,,,,,,,,,Retained,,399
2025,611,1,710,37833,ILONA B,8/1/2025 16:30,2,10,710,345631,NSEI,56.800333,-134.569333,56.816,-134.5725,735.1776,,,,,,,,,,Retained,,400
2025,611,1,710,37833,ILONA B,8/1/2025 16:30,2,10,710,345631,NSEI,56.800333,-134.569333,56.816,-134.5725,735.1776,,,,,,,,,,Retained,,401
2025,611,1,710,37833,ILONA B,8/1/2025 16:30,2,10,710,345631,NSEI,56.800333,-134.569333,56.816,-134.5725,735.1776,,,,,,,,,,Retained,,402
2025,611,1,710,37833,ILONA B,8/1/2025 16:30,2,10,710,345631,NSEI,56.800333,-134.569333,56.816,-134.5725,735.1776,,,,,,,,,,Retained,,403
2025,611,1,710,37833,ILONA B,8/1/2025 16:30,2,10,710,345631,NSEI,56.800333,-134.569333,56.816,-134.5725,735.1776,,,,,,,,,,Retained,,404
2025,611,1,710,37833,ILONA B,8/1/2025 16:30,2,10,710,345631,NSEI,56.800333,-134.569333,56.816,-134.5725,735.1776,,,,,,,,,,Retained,,405
2025,611,1,710,37833,ILONA B,8/1/2025 16:30,2,10,710,345631,NSEI,56.800333,-134.569333,56.816,-134.5725,735.1776,,,,,,,,,,Retained,,406
2025,611,1,710,37833,ILONA B,8/1/2025 16:30,2,10,710,345631,NSEI,56.800333,-134.569333,56.816,-134.5725,735.1776,,,,,,,,,,Retained,,407
2025,611,1,710,37833,ILONA B,8/1/2025 16:30,2,10,710,345631,NSEI,56.800333,-134.569333,56.816,-134.5725,735.1776,,,,,,,,,,Retained,,408
2025,611,1,710,37833,ILONA B,8/1/2025 16:30,2,10,710,345631,NSEI,56.800333,-134.569333,56.816,-134.5725,735.1776,,,,,,,,,,Retained,,409
2025,611,1,710,37833,ILONA B,8/1/2025 16:30,2,10,710,345631,NSEI,56.800333,-134.569333,56.816,-134.5725,735.1776,,,,,,,,,,Retained,,410
2025,611,1,710,37833,ILONA B,8/1/2025 16:30,2,10,710,345631,NSEI,56.800333,-134.569333,56.816,-134.5725,735.1776,,,,,,,,,,Retained,,411
2025,611,1,710,37833,ILONA B,8/1/2025 16:30,2,10,710,345631,NSEI,56.800333,-134.569333,56.816,-134.5725,735.1776,,,,,,,,,,Retained,,412
2025,611,1,710,37833,ILONA B,8/1/2025 16:30,2,10,710,345631,NSEI,56.800333,-134.569333,56.816,-134.5725,735.1776,,,,,,,,,,Retained,,413
2025,611,1,710,37833,ILONA B,8/1/2025 16:30,2,10,710,345631,NSEI,56.800333,-134.569333,56.816,-134.5725,735.1776,,,,,,,,,,Retained,,414
2025,611,1,710,37833,ILONA B,8/1/2025 16:30,2,10,710,345631,NSEI,56.800333,-134.569333,56.816,-134.5725,735.1776,,,,,,,,,,Retained,,415
2025,611,1,710,37833,ILONA B,8/1/2025 16:30,2,10,710,345631,NSEI,56.800333,-134.569333,56.816,-134.5725,735.1776,,,,,,,,,,Retained,,416
2025,611,1,710,37833,ILONA B,8/1/2025 16:30,2,10,710,345631,NSEI,56.800333,-134.569333,56.816,-134.5725,735.1776,,,,,,,,,,Retained,,417
2025,611,1,710,37833,ILONA B,8/1/2025 16:30,2,10,710,345631,NSEI,56.800333,-134.569333,56.816,-134.5725,735.1776,,,,,,,,,,Retained,,418
2025,611,1,710,37833,ILONA B,8/1/2025 16:30,2,10,710,345631,NSEI,56.800333,-134.569333,56.816,-134.5725,735.1776,,,,,,,,,,Retained,,419
2025,611,1,710,37833,ILONA B,8/1/2025 16:30,2,10,710,345631,NSEI,56.800333,-134.569333,56.816,-134.5725,735.1776,,,,,,,,,,Retained,,420
2025,611,1,710,37833,ILONA B,8/1/2025 16:30,2,10,710,345631,NSEI,56.800333,-134.569333,56.816,-134.5725,735.1776,,,,,,,,,,Retained,,421
2025,611,1,710,37833,ILONA B,8/1/2025 16:30,2,10,710,345631,NSEI,56.800333,-134.569333,56.816,-134.5725,735.1776,,,,,,,,,,Retained,,422
2025,611,1,710,37833,ILONA B,8/1/2025 16:30,2,10,710,345631,NSEI,56.800333,-134.569333,56.816,-134.5725,735.1776,,,,,,,,,,Retained,,423
2025,611,1,710,37833,ILONA B,8/1/2025 16:30,2,10,710,345631,NSEI,56.800333,-134.569333,56.816,-134.5725,735.1776,,,,,,,,,,Retained,,424
2025,611,1,710,37833,ILONA B,8/1/2025 16:30,2,10,710,345631,NSEI,56.800333,-134.569333,56.816,-134.5725,735.1776,,,,,,,,,,Retained,,425
2025,611,1,710,37833,ILONA B,8/1/2025 16:30,2,10,710,345631,NSEI,56.800333,-134.569333,56.816,-134.5725,735.1776,,,,,,,,,,Retained,,426
2025,611,1,710,37833,ILONA B,8/1/2025 16:30,2,10,710,345631,NSEI,56.800333,-134.569333,56.816,-134.5725,735.1776,,,,,,,,,,Retained,,427
2025,611,1,710,37833,ILONA B,8/1/2025 16:30,2,10,710,345631,NSEI,56.800333,-134.569333,56.816,-134.5725,735.1776,,,,,,,,,,Retained,,428
2025,611,1,710,37833,ILONA B,8/1/2025 16:30,2,10,710,345631,NSEI,56.800333,-134.569333,56.816,-134.5725,735.1776,,,,,,,,,,Retained,,429
2025,611,1,710,37833,ILONA B,8/1/2025 16:30,2,10,710,345631,NSEI,56.800333,-134.569333,56.816,-134.5725,735.1776,,,,,,,,,,Retained,,430
2025,611,1,710,37833,ILONA B,8/1/2025 16:30,2,10,710,345631,NSEI,56.800333,-134.569333,56.816,-134.5725,735.1776,,,,,,,,,,Retained,,431
2025,611,1,710,37833,ILONA B,8/1/2025 16:30,2,10,710,345631,NSEI,56.800333,-134.569333,56.816,-134.5725,735.1776,,,,,,,,,,Retained,,432
2025,611,1,710,37833,ILONA B,8/1/2025 16:30,2,10,710,345631,NSEI,56.800333,-134.569333,56.816,-134.5725,735.1776,,,,,,,,,,Retained,,433
2025,611,1,710,37833,ILONA B,8/1/2025 16:30,2,10,710,345631,NSEI,56.800333,-134.569333,56.816,-134.5725,735.1776,,,,,,,,,,Retained,,434
2025,611,1,710,37833,ILONA B,8/1/2025 16:30,2,10,710,345631,NSEI,56.800333,-134.569333,56.816,-134.5725,735.1776,,,,,,,,,,Retained,,435
2025,611,1,710,37833,ILONA B,8/1/2025 16:30,2,10,710,345631,NSEI,56.800333,-134.569333,56.816,-134.5725,735.1776,,,,,,,,,,Retained,,436
2025,611,1,710,37833,ILONA B,8/1/2025 16:30,2,10,710,345631,NSEI,56.800333,-134.569333,56.816,-134.5725,735.1776,,,,,,,,,,Retained,,437
2025,611,1,710,37833,ILONA B,8/1/2025 16:30,2,10,710,345631,NSEI,56.800333,-134.569333,56.816,-134.5725,735.1776,,,,,,,,,,Retained,,438
2025,611,1,710,37833,ILONA B,8/1/2025 16:30,2,10,710,345631,NSEI,56.800333,-134.569333,56.816,-134.5725,735.1776,,,,,,,,,,Retained,,439
2025,611,1,710,37833,ILONA B,8/1/2025 16:30,2,10,710,345631,NSEI,56.800333,-134.569333,56.816,-134.5725,735.1776,,,,,,,,,,Retained,,440
2025,611,1,710,37833,ILONA B,8/1/2025 16:30,2,10,710,345631,NSEI,56.800333,-134.569333,56.816,-134.5725,735.1776,,,,,,,,,,Retained,,441
2025,611,1,710,37833,ILONA B,8/1/2025 16:30,2,10,710,345631,NSEI,56.800333,-134.569333,56.816,-134.5725,735.1776,,,,,,,,,,Retained,,442
2025,611,1,710,37833,ILONA B,8/1/2025 16:30,2,10,710,345631,NSEI,56.800333,-134.569333,56.816,-134.5725,735.1776,,,,,,,,,,Retained,,443
2025,611,1,710,37833,ILONA B,8/1/2025 16:30,2,10,710,345631,NSEI,56.800333,-134.569333,56.816,-134.5725,735.1776,,,,,,,,,,Retained,,444
2025,611,1,710,37833,ILONA B,8/1/2025 16:30,2,10,710,345631,NSEI,56.800333,-134.569333,56.816,-134.5725,735.1776,,,,,,,,,,Retained,,445
2025,611,1,710,37833,ILONA B,8/1/2025 16:30,2,10,710,345631,NSEI,56.800333,-134.569333,56.816,-134.5725,735.1776,,,,,,,,,,Retained,,446
2025,611,1,710,37833,ILONA B,8/1/2025 16:30,2,10,710,345631,NSEI,56.800333,-134.569333,56.816,-134.5725,735.1776,,,,,,,,,,Retained,,447
2025,611,1,710,37833,ILONA B,8/1/2025 16:30,2,10,710,345631,NSEI,56.800333,-134.569333,56.816,-134.5725,735.1776,,,,,,,,,,Retained,,448
2025,611,1,710,37833,ILONA B,8/1/2025 16:30,2,10,710,345631,NSEI,56.800333,-134.569333,56.816,-134.5725,735.1776,,,,,,,,,,Retained,,449
2025,611,1,710,37833,ILONA B,8/1/2025 16:30,2,10,710,345631,NSEI,56.800333,-134.569333,56.816,-134.5725,735.1776,,,,,,,,,,Retained,,450
2025,611,1,710,37833,ILONA B,8/1/2025 16:30,2,10,710,345631,NSEI,56.800333,-134.569333,56.816,-134.5725,735.1776,,,,,,,,,,Retained,,451
2025,611,1,710,37833,ILONA B,8/1/2025 16:30,2,10,710,345631,NSEI,56.800333,-134.569333,56.816,-134.5725,735.1776,,,,,,,,,,Retained,,452
2025,611,1,710,37833,ILONA B,8/1/2025 16:30,2,10,710,345631,NSEI,56.800333,-134.569333,56.816,-134.5725,735.1776,,,,,,,,,,Retained,,453
2025,611,1,710,37833,ILONA B,8/1/2025 16:30,2,10,710,345631,NSEI,56.800333,-134.569333,56.816,-134.5725,735.1776,,,,,,,,,,Retained,,454
2025,611,1,710,37833,ILONA B,8/1/2025 16:30,2,10,710,345631,NSEI,56.800333,-134.569333,56.816,-134.5725,735.1776,,,,,,,,,,Retained,,455
2025,611,1,710,37833,ILONA B,8/1/2025 16:30,2,10,710,345631,NSEI,56.800333,-134.569333,56.816,-134.5725,735.1776,,,,,,,,,,Retained,,456
2025,611,1,710,37833,ILONA B,8/1/2025 16:30,2,10,710,345631,NSEI,56.800333,-134.569333,56.816,-134.5725,735.1776,,,,,,,,,,Retained,,457
2025,611,1,710,37833,ILONA B,8/1/2025 16:30,2,10,710,345631,NSEI,56.800333,-134.569333,56.816,-134.5725,735.1776,,,,,,,,,,Retained,,458
2025,611,1,710,37833,ILONA B,8/1/2025 16:30,2,10,710,345631,NSEI,56.800333,-134.569333,56.816,-134.5725,735.1776,,,,,,,,,,Retained,,459
2025,611,1,710,37833,ILONA B,8/1/2025 16:30,2,10,710,345631,NSEI,56.800333,-134.569333,56.816,-134.5725,735.1776,,,,,,,,,,Retained,,460
2025,611,1,710,37833,ILONA B,8/1/2025 16:30,2,10,710,345631,NSEI,56.800333,-134.569333,56.816,-134.5725,735.1776,,,,,,,,,,Retained,,461
2025,611,1,710,37833,ILONA B,8/1/2025 16:30,2,10,710,345631,NSEI,56.800333,-134.569333,56.816,-134.5725,735.1776,,,,,,,,,,Retained,,462
2025,611,1,710,37833,ILONA B,8/1/2025 16:30,2,10,710,345631,NSEI,56.800333,-134.569333,56.816,-134.5725,735.1776,,,,,,,,,,Retained,,463
2025,611,1,710,37833,ILONA B,8/1/2025 16:30,2,10,710,345631,NSEI,56.800333,-134.569333,56.816,-134.5725,735.1776,,,,,,,,,,Retained,,464
2025,611,1,710,37833,ILONA B,8/1/2025 16:30,2,10,710,345631,NSEI,56.800333,-134.569333,56.816,-134.5725,735.1776,,,,,,,,,,Retained,,465
2025,611,1,710,37833,ILONA B,8/1/2025 16:30,2,10,710,345631,NSEI,56.800333,-134.569333,56.816,-134.5725,735.1776,,,,,,,,,,Retained,,466
2025,611,1,710,37833,ILONA B,8/1/2025 16:30,2,10,710,345631,NSEI,56.800333,-134.569333,56.816,-134.5725,735.1776,,,,,,,,,,Retained,,467
2025,611,1,710,37833,ILONA B,8/1/2025 16:30,2,10,710,345631,NSEI,56.800333,-134.569333,56.816,-134.5725,735.1776,,,,,,,,,,Retained,,468
2025,611,1,710,37833,ILONA B,8/1/2025 16:30,2,10,710,345631,NSEI,56.800333,-134.569333,56.816,-134.5725,735.1776,,,,,,,,,,Retained,,469
2025,611,1,710,37833,ILONA B,8/1/2025 16:30,2,10,710,345631,NSEI,56.800333,-134.569333,56.816,-134.5725,735.1776,,,,,,,,,,Retained,,470
2025,611,1,710,37833,ILONA B,8/2/2025 14:25,3,15,710,345631,NSEI,56.8885,-134.669333,56.9065,-134.673,641.9088,44,,,,,00,09,,,Retained,,133
2025,611,1,710,37833,ILONA B,8/2/2025 14:25,3,15,710,345631,NSEI,56.8885,-134.669333,56.9065,-134.673,641.9088,47,,,,,00,09,,,Retained,,92
2025,611,1,710,37833,ILONA B,8/2/2025 14:25,3,15,710,345631,NSEI,56.8885,-134.669333,56.9065,-134.673,641.9088,50,,,,,00,09,,,Retained,,42
2025,611,1,710,37833,ILONA B,8/2/2025 14:25,3,15,710,345631,NSEI,56.8885,-134.669333,56.9065,-134.673,641.9088,51,,,,,00,09,,,Retained,,100
2025,611,1,710,37833,ILONA B,8/2/2025 14:25,3,15,710,345631,NSEI,56.8885,-134.669333,56.9065,-134.673,641.9088,53,,,,,00,09,,,Retained,,119
2025,611,1,710,37833,ILONA B,8/2/2025 14:25,3,15,710,345631,NSEI,56.8885,-134.669333,56.9065,-134.673,641.9088,54,,,,,00,09,,,Retained,,39
2025,611,1,710,37833,ILONA B,8/2/2025 14:25,3,15,710,345631,NSEI,56.8885,-134.669333,56.9065,-134.673,641.9088,54,,,,,00,09,,,Retained,,88
2025,611,1,710,37833,ILONA B,8/2/2025 14:25,3,15,710,345631,NSEI,56.8885,-134.669333,56.9065,-134.673,641.9088,54,,,,,00,09,,,Retained,,94
2025,611,1,710,37833,ILONA B,8/2/2025 14:25,3,15,710,345631,NSEI,56.8885,-134.669333,56.9065,-134.673,641.9088,54,,,,,00,09,,,Retained,,124
2025,611,1,710,37833,ILONA B,8/2/2025 14:25,3,15,710,345631,NSEI,56.8885,-134.669333,56.9065,-134.673,641.9088,54,,,,,00,09,,,Retained,,150
2025,611,1,710,37833,ILONA B,8/2/2025 14:25,3,15,710,345631,NSEI,56.8885,-134.669333,56.9065,-134.673,641.9088,55,1.9,4,,02,01,07,,,Retained,,106
2025,611,1,710,37833,ILONA B,8/2/2025 14:25,3,15,710,345631,NSEI,56.8885,-134.669333,56.9065,-134.673,641.9088,55,,,,,00,09,,,Retained,,10
2025,611,1,710,37833,ILONA B,8/2/2025 14:25,3,15,710,345631,NSEI,56.8885,-134.669333,56.9065,-134.673,641.9088,55,,,,,00,09,,,Retained,,53
2025,611,1,710,37833,ILONA B,8/2/2025 14:25,3,15,710,345631,NSEI,56.8885,-134.669333,56.9065,-134.673,641.9088,55,,,,,00,09,,,Retained,,102
2025,611,1,710,37833,ILONA B,8/2/2025 14:25,3,15,710,345631,NSEI,56.8885,-134.669333,56.9065,-134.673,641.9088,55,,,,,00,09,,,Retained,,140
2025,611,1,710,37833,ILONA B,8/2/2025 14:25,3,15,710,345631,NSEI,56.8885,-134.669333,56.9065,-134.673,641.9088,55,,,,,00,09,,,Retained,,142
2025,611,1,710,37833,ILONA B,8/2/2025 14:25,3,15,710,345631,NSEI,56.8885,-134.669333,56.9065,-134.673,641.9088,56,,,,,00,09,,,Retained,,34
2025,611,1,710,37833,ILONA B,8/2/2025 14:25,3,15,710,345631,NSEI,56.8885,-134.669333,56.9065,-134.673,641.9088,56,,,,,00,09,,,Retained,,35
2025,611,1,710,37833,ILONA B,8/2/2025 14:25,3,15,710,345631,NSEI,56.8885,-134.669333,56.9065,-134.673,641.9088,56,,,,,00,09,,,Retained,,75
2025,611,1,710,37833,ILONA B,8/2/2025 14:25,3,15,710,345631,NSEI,56.8885,-134.669333,56.9065,-134.673,641.9088,56,,,,,00,09,,,Retained,,80
2025,611,1,710,37833,ILONA B,8/2/2025 14:25,3,15,710,345631,NSEI,56.8885,-134.669333,56.9065,-134.673,641.9088,56,,,,,00,09,,,Retained,,83
2025,611,1,710,37833,ILONA B,8/2/2025 14:25,3,15,710,345631,NSEI,56.8885,-134.669333,56.9065,-134.673,641.9088,56,,,,,00,09,,,Retained,,120
2025,611,1,710,37833,ILONA B,8/2/2025 14:25,3,15,710,345631,NSEI,56.8885,-134.669333,56.9065,-134.673,641.9088,56,,,,,00,09,,,Retained,,132
2025,611,1,710,37833,ILONA B,8/2/2025 14:25,3,15,710,345631,NSEI,56.8885,-134.669333,56.9065,-134.673,641.9088,56,,,,,00,09,,,Retained,,148
2025,611,1,710,37833,ILONA B,8/2/2025 14:25,3,15,710,345631,NSEI,56.8885,-134.669333,56.9065,-134.673,641.9088,57,2,5,,02,01,07,,,Retained,,121
2025,611,1,710,37833,ILONA B,8/2/2025 14:25,3,15,710,345631,NSEI,56.8885,-134.669333,56.9065,-134.673,641.9088,57,2,6,,02,01,07,,,Retained,,36
2025,611,1,710,37833,ILONA B,8/2/2025 14:25,3,15,710,345631,NSEI,56.8885,-134.669333,56.9065,-134.673,641.9088,57,,,,,00,09,,,Retained,,8
2025,611,1,710,37833,ILONA B,8/2/2025 14:25,3,15,710,345631,NSEI,56.8885,-134.669333,56.9065,-134.673,641.9088,57,,,,,00,09,,,Retained,,14
2025,611,1,710,37833,ILONA B,8/2/2025 14:25,3,15,710,345631,NSEI,56.8885,-134.669333,56.9065,-134.673,641.9088,57,,,,,00,09,,,Retained,,18
2025,611,1,710,37833,ILONA B,8/2/2025 14:25,3,15,710,345631,NSEI,56.8885,-134.669333,56.9065,-134.673,641.9088,57,,,,,00,09,,,Retained,,24
2025,611,1,710,37833,ILONA B,8/2/2025 14:25,3,15,710,345631,NSEI,56.8885,-134.669333,56.9065,-134.673,641.9088,57,,,,,00,09,,,Retained,,30
2025,611,1,710,37833,ILONA B,8/2/2025 14:25,3,15,710,345631,NSEI,56.8885,-134.669333,56.9065,-134.673,641.9088,57,,,,,00,09,,,Retained,,55
2025,611,1,710,37833,ILONA B,8/2/2025 14:25,3,15,710,345631,NSEI,56.8885,-134.669333,56.9065,-134.673,641.9088,57,,,,,00,09,,,Retained,,59
2025,611,1,710,37833,ILONA B,8/2/2025 14:25,3,15,710,345631,NSEI,56.8885,-134.669333,56.9065,-134.673,641.9088,57,,,,,00,09,,,Retained,,78
2025,611,1,710,37833,ILONA B,8/2/2025 14:25,3,15,710,345631,NSEI,56.8885,-134.669333,56.9065,-134.673,641.9088,57,,,,,00,09,,,Retained,,103
2025,611,1,710,37833,ILONA B,8/2/2025 14:25,3,15,710,345631,NSEI,56.8885,-134.669333,56.9065,-134.673,641.9088,57,,,,,00,09,,,Retained,,107
2025,611,1,710,37833,ILONA B,8/2/2025 14:25,3,15,710,345631,NSEI,56.8885,-134.669333,56.9065,-134.673,641.9088,57,,,,,00,09,,,Retained,,135
2025,611,1,710,37833,ILONA B,8/2/2025 14:25,3,15,710,345631,NSEI,56.8885,-134.669333,56.9065,-134.673,641.9088,57,,,,,00,09,,,Retained,,138
2025,611,1,710,37833,ILONA B,8/2/2025 14:25,3,15,710,345631,NSEI,56.8885,-134.669333,56.9065,-134.673,641.9088,57,,,,,00,09,,,Retained,,147
2025,611,1,710,37833,ILONA B,8/2/2025 14:25,3,15,710,345631,NSEI,56.8885,-134.669333,56.9065,-134.673,641.9088,58,2.2,5,,02,02,07,,,Retained,,146
2025,611,1,710,37833,ILONA B,8/2/2025 14:25,3,15,710,345631,NSEI,56.8885,-134.669333,56.9065,-134.673,641.9088,58,2.2,7,,02,02,07,,,Retained,,131
2025,611,1,710,37833,ILONA B,8/2/2025 14:25,3,15,710,345631,NSEI,56.8885,-134.669333,56.9065,-134.673,641.9088,58,,,,,00,09,,,Retained,,9
2025,611,1,710,37833,ILONA B,8/2/2025 14:25,3,15,710,345631,NSEI,56.8885,-134.669333,56.9065,-134.673,641.9088,58,,,,,00,09,,,Retained,,13
2025,611,1,710,37833,ILONA B,8/2/2025 14:25,3,15,710,345631,NSEI,56.8885,-134.669333,56.9065,-134.673,641.9088,58,,,,,00,09,,,Retained,,33
2025,611,1,710,37833,ILONA B,8/2/2025 14:25,3,15,710,345631,NSEI,56.8885,-134.669333,56.9065,-134.673,641.9088,58,,,,,00,09,,,Retained,,40
2025,611,1,710,37833,ILONA B,8/2/2025 14:25,3,15,710,345631,NSEI,56.8885,-134.669333,56.9065,-134.673,641.9088,58,,,,,00,09,,,Retained,,58
2025,611,1,710,37833,ILONA B,8/2/2025 14:25,3,15,710,345631,NSEI,56.8885,-134.669333,56.9065,-134.673,641.9088,58,,,,,00,09,,,Retained,,63
2025,611,1,710,37833,ILONA B,8/2/2025 14:25,3,15,710,345631,NSEI,56.8885,-134.669333,56.9065,-134.673,641.9088,58,,,,,00,09,,,Retained,,73
2025,611,1,710,37833,ILONA B,8/2/2025 14:25,3,15,710,345631,NSEI,56.8885,-134.669333,56.9065,-134.673,641.9088,58,,,,,00,09,,,Retained,,84
2025,611,1,710,37833,ILONA B,8/2/2025 14:25,3,15,710,345631,NSEI,56.8885,-134.669333,56.9065,-134.673,641.9088,58,,,,,00,09,,,Retained,,95
2025,611,1,710,37833,ILONA B,8/2/2025 14:25,3,15,710,345631,NSEI,56.8885,-134.669333,56.9065,-134.673,641.9088,58,,,,,00,09,,,Retained,,105
2025,611,1,710,37833,ILONA B,8/2/2025 14:25,3,15,710,345631,NSEI,56.8885,-134.669333,56.9065,-134.673,641.9088,58,,,,,00,09,,,Retained,,114
2025,611,1,710,37833,ILONA B,8/2/2025 14:25,3,15,710,345631,NSEI,56.8885,-134.669333,56.9065,-134.673,641.9088,58,,,,,00,09,,,Retained,,118
2025,611,1,710,37833,ILONA B,8/2/2025 14:25,3,15,710,345631,NSEI,56.8885,-134.669333,56.9065,-134.673,641.9088,58,,,,,00,09,,,Retained,,127
2025,611,1,710,37833,ILONA B,8/2/2025 14:25,3,15,710,345631,NSEI,56.8885,-134.669333,56.9065,-134.673,641.9088,58,,,,,00,09,,,Retained,,137
2025,611,1,710,37833,ILONA B,8/2/2025 14:25,3,15,710,345631,NSEI,56.8885,-134.669333,56.9065,-134.673,641.9088,59,2.3,6,,01,01,07,,,Retained,,116
2025,611,1,710,37833,ILONA B,8/2/2025 14:25,3,15,710,345631,NSEI,56.8885,-134.669333,56.9065,-134.673,641.9088,59,,,,,00,09,,,Retained,,7
2025,611,1,710,37833,ILONA B,8/2/2025 14:25,3,15,710,345631,NSEI,56.8885,-134.669333,56.9065,-134.673,641.9088,59,,,,,00,09,,,Retained,,12
2025,611,1,710,37833,ILONA B,8/2/2025 14:25,3,15,710,345631,NSEI,56.8885,-134.669333,56.9065,-134.673,641.9088,59,,,,,00,09,,,Retained,,47
2025,611,1,710,37833,ILONA B,8/2/2025 14:25,3,15,710,345631,NSEI,56.8885,-134.669333,56.9065,-134.673,641.9088,59,,,,,00,09,,,Retained,,62
2025,611,1,710,37833,ILONA B,8/2/2025 14:25,3,15,710,345631,NSEI,56.8885,-134.669333,56.9065,-134.673,641.9088,59,,,,,00,09,,,Retained,,67
2025,611,1,710,37833,ILONA B,8/2/2025 14:25,3,15,710,345631,NSEI,56.8885,-134.669333,56.9065,-134.673,641.9088,59,,,,,00,09,,,Retained,,68
2025,611,1,710,37833,ILONA B,8/2/2025 14:25,3,15,710,345631,NSEI,56.8885,-134.669333,56.9065,-134.673,641.9088,59,,,,,00,09,,,Retained,,90
2025,611,1,710,37833,ILONA B,8/2/2025 14:25,3,15,710,345631,NSEI,56.8885,-134.669333,56.9065,-134.673,641.9088,59,,,,,00,09,,,Retained,,108
2025,611,1,710,37833,ILONA B,8/2/2025 14:25,3,15,710,345631,NSEI,56.8885,-134.669333,56.9065,-134.673,641.9088,59,,,,,00,09,,,Retained,,109
2025,611,1,710,37833,ILONA B,8/2/2025 14:25,3,15,710,345631,NSEI,56.8885,-134.669333,56.9065,-134.673,641.9088,59,,,,,00,09,,,Retained,,115
2025,611,1,710,37833,ILONA B,8/2/2025 14:25,3,15,710,345631,NSEI,56.8885,-134.669333,56.9065,-134.673,641.9088,59,,,,,00,09,,,Retained,,134
2025,611,1,710,37833,ILONA B,8/2/2025 14:25,3,15,710,345631,NSEI,56.8885,-134.669333,56.9065,-134.673,641.9088,60,,,,,00,09,,,Retained,,22
2025,611,1,710,37833,ILONA B,8/2/2025 14:25,3,15,710,345631,NSEI,56.8885,-134.669333,56.9065,-134.673,641.9088,60,,,,,00,09,,,Retained,,25
2025,611,1,710,37833,ILONA B,8/2/2025 14:25,3,15,710,345631,NSEI,56.8885,-134.669333,56.9065,-134.673,641.9088,60,,,,,00,09,,,Retained,,129
2025,611,1,710,37833,ILONA B,8/2/2025 14:25,3,15,710,345631,NSEI,56.8885,-134.669333,56.9065,-134.673,641.9088,61,2.4,5,,02,02,07,,,Retained,,46
2025,611,1,710,37833,ILONA B,8/2/2025 14:25,3,15,710,345631,NSEI,56.8885,-134.669333,56.9065,-134.673,641.9088,61,2.4,10,,04,01,07,,,Retained,,91
2025,611,1,710,37833,ILONA B,8/2/2025 14:25,3,15,710,345631,NSEI,56.8885,-134.669333,56.9065,-134.673,641.9088,61,2.6,7,,02,02,07,,,Retained,,6
2025,611,1,710,37833,ILONA B,8/2/2025 14:25,3,15,710,345631,NSEI,56.8885,-134.669333,56.9065,-134.673,641.9088,61,,,,,00,09,,,Retained,,23
2025,611,1,710,37833,ILONA B,8/2/2025 14:25,3,15,710,345631,NSEI,56.8885,-134.669333,56.9065,-134.673,641.9088,61,,,,,00,09,,,Retained,,49
2025,611,1,710,37833,ILONA B,8/2/2025 14:25,3,15,710,345631,NSEI,56.8885,-134.669333,56.9065,-134.673,641.9088,61,,,,,00,09,,,Retained,,50
2025,611,1,710,37833,ILONA B,8/2/2025 14:25,3,15,710,345631,NSEI,56.8885,-134.669333,56.9065,-134.673,641.9088,61,,,,,00,09,,,Retained,,69
2025,611,1,710,37833,ILONA B,8/2/2025 14:25,3,15,710,345631,NSEI,56.8885,-134.669333,56.9065,-134.673,641.9088,61,,,,,00,09,,,Retained,,74
2025,611,1,710,37833,ILONA B,8/2/2025 14:25,3,15,710,345631,NSEI,56.8885,-134.669333,56.9065,-134.673,641.9088,61,,,,,00,09,,,Retained,,82
2025,611,1,710,37833,ILONA B,8/2/2025 14:25,3,15,710,345631,NSEI,56.8885,-134.669333,56.9065,-134.673,641.9088,61,,,,,00,09,,,Retained,,98
2025,611,1,710,37833,ILONA B,8/2/2025 14:25,3,15,710,345631,NSEI,56.8885,-134.669333,56.9065,-134.673,641.9088,61,,,,,00,09,,,Retained,,130
2025,611,1,710,37833,ILONA B,8/2/2025 14:25,3,15,710,345631,NSEI,56.8885,-134.669333,56.9065,-134.673,641.9088,61,,,,,00,09,,,Retained,,144
2025,611,1,710,37833,ILONA B,8/2/2025 14:25,3,15,710,345631,NSEI,56.8885,-134.669333,56.9065,-134.673,641.9088,62,2.7,8,,03,02,01,,,Retained,,31
2025,611,1,710,37833,ILONA B,8/2/2025 14:25,3,15,710,345631,NSEI,56.8885,-134.669333,56.9065,-134.673,641.9088,62,2.8,5,,03,01,07,,,Retained,,126
2025,611,1,710,37833,ILONA B,8/2/2025 14:25,3,15,710,345631,NSEI,56.8885,-134.669333,56.9065,-134.673,641.9088,62,2.8,9,,03,01,07,,,Retained,,11
2025,611,1,710,37833,ILONA B,8/2/2025 14:25,3,15,710,345631,NSEI,56.8885,-134.669333,56.9065,-134.673,641.9088,62,,,,,00,09,,,Retained,,2
2025,611,1,710,37833,ILONA B,8/2/2025 14:25,3,15,710,345631,NSEI,56.8885,-134.669333,56.9065,-134.673,641.9088,62,,,,,00,09,,,Retained,,4
2025,611,1,710,37833,ILONA B,8/2/2025 14:25,3,15,710,345631,NSEI,56.8885,-134.669333,56.9065,-134.673,641.9088,62,,,,,00,09,,,Retained,,28
2025,611,1,710,37833,ILONA B,8/2/2025 14:25,3,15,710,345631,NSEI,56.8885,-134.669333,56.9065,-134.673,641.9088,62,,,,,00,09,,,Retained,,32
2025,611,1,710,37833,ILONA B,8/2/2025 14:25,3,15,710,345631,NSEI,56.8885,-134.669333,56.9065,-134.673,641.9088,62,,,,,00,09,,,Retained,,52
2025,611,1,710,37833,ILONA B,8/2/2025 14:25,3,15,710,345631,NSEI,56.8885,-134.669333,56.9065,-134.673,641.9088,62,,,,,00,09,,,Retained,,72
2025,611,1,710,37833,ILONA B,8/2/2025 14:25,3,15,710,345631,NSEI,56.8885,-134.669333,56.9065,-134.673,641.9088,62,,,,,00,09,,,Retained,,77
2025,611,1,710,37833,ILONA B,8/2/2025 14:25,3,15,710,345631,NSEI,56.8885,-134.669333,56.9065,-134.673,641.9088,62,,,,,00,09,,,Retained,,87
2025,611,1,710,37833,ILONA B,8/2/2025 14:25,3,15,710,345631,NSEI,56.8885,-134.669333,56.9065,-134.673,641.9088,63,2.6,5,,02,02,01,,,Retained,,1
2025,611,1,710,37833,ILONA B,8/2/2025 14:25,3,15,710,345631,NSEI,56.8885,-134.669333,56.9065,-134.673,641.9088,63,2.6,7,,02,02,01,,,Retained,,141
2025,611,1,710,37833,ILONA B,8/2/2025 14:25,3,15,710,345631,NSEI,56.8885,-134.669333,56.9065,-134.673,641.9088,63,2.7,6,,02,02,01,,,Retained,,61
2025,611,1,710,37833,ILONA B,8/2/2025 14:25,3,15,710,345631,NSEI,56.8885,-134.669333,56.9065,-134.673,641.9088,63,2.7,9,,03,02,07,,,Retained,,111
2025,611,1,710,37833,ILONA B,8/2/2025 14:25,3,15,710,345631,NSEI,56.8885,-134.669333,56.9065,-134.673,641.9088,63,2.7,11,,02,01,07,,,Retained,,51
2025,611,1,710,37833,ILONA B,8/2/2025 14:25,3,15,710,345631,NSEI,56.8885,-134.669333,56.9065,-134.673,641.9088,63,2.9,7,,02,00,09,,,Retained,,26
2025,611,1,710,37833,ILONA B,8/2/2025 14:25,3,15,710,345631,NSEI,56.8885,-134.669333,56.9065,-134.673,641.9088,63,,,,,00,09,,,Retained,,20
2025,611,1,710,37833,ILONA B,8/2/2025 14:25,3,15,710,345631,NSEI,56.8885,-134.669333,56.9065,-134.673,641.9088,63,,,,,00,09,,,Retained,,37
2025,611,1,710,37833,ILONA B,8/2/2025 14:25,3,15,710,345631,NSEI,56.8885,-134.669333,56.9065,-134.673,641.9088,63,,,,,00,09,,,Retained,,38
2025,611,1,710,37833,ILONA B,8/2/2025 14:25,3,15,710,345631,NSEI,56.8885,-134.669333,56.9065,-134.673,641.9088,63,,,,,00,09,,,Retained,,45
2025,611,1,710,37833,ILONA B,8/2/2025 14:25,3,15,710,345631,NSEI,56.8885,-134.669333,56.9065,-134.673,641.9088,63,,,,,00,09,,,Retained,,57
2025,611,1,710,37833,ILONA B,8/2/2025 14:25,3,15,710,345631,NSEI,56.8885,-134.669333,56.9065,-134.673,641.9088,63,,,,,00,09,,,Retained,,64
2025,611,1,710,37833,ILONA B,8/2/2025 14:25,3,15,710,345631,NSEI,56.8885,-134.669333,56.9065,-134.673,641.9088,63,,,,,00,09,,,Retained,,70
2025,611,1,710,37833,ILONA B,8/2/2025 14:25,3,15,710,345631,NSEI,56.8885,-134.669333,56.9065,-134.673,641.9088,63,,,,,00,09,,,Retained,,85
2025,611,1,710,37833,ILONA B,8/2/2025 14:25,3,15,710,345631,NSEI,56.8885,-134.669333,56.9065,-134.673,641.9088,63,,,,,00,09,,,Retained,,99
2025,611,1,710,37833,ILONA B,8/2/2025 14:25,3,15,710,345631,NSEI,56.8885,-134.669333,56.9065,-134.673,641.9088,63,,,,,00,09,,,Retained,,104
2025,611,1,710,37833,ILONA B,8/2/2025 14:25,3,15,710,345631,NSEI,56.8885,-134.669333,56.9065,-134.673,641.9088,63,,,,,00,09,,,Retained,,110
2025,611,1,710,37833,ILONA B,8/2/2025 14:25,3,15,710,345631,NSEI,56.8885,-134.669333,56.9065,-134.673,641.9088,63,,,,,00,09,,,Retained,,113
2025,611,1,710,37833,ILONA B,8/2/2025 14:25,3,15,710,345631,NSEI,56.8885,-134.669333,56.9065,-134.673,641.9088,63,,,,,00,09,,,Retained,,143
2025,611,1,710,37833,ILONA B,8/2/2025 14:25,3,15,710,345631,NSEI,56.8885,-134.669333,56.9065,-134.673,641.9088,63,,,,,00,09,,,Retained,,145
2025,611,1,710,37833,ILONA B,8/2/2025 14:25,3,15,710,345631,NSEI,56.8885,-134.669333,56.9065,-134.673,641.9088,63,,,,,00,09,,,Retained,,149
2025,611,1,710,37833,ILONA B,8/2/2025 14:25,3,15,710,345631,NSEI,56.8885,-134.669333,56.9065,-134.673,641.9088,64,2.6,7,,02,02,07,,,Retained,,41
2025,611,1,710,37833,ILONA B,8/2/2025 14:25,3,15,710,345631,NSEI,56.8885,-134.669333,56.9065,-134.673,641.9088,64,,,,,00,09,,,Retained,,3
2025,611,1,710,37833,ILONA B,8/2/2025 14:25,3,15,710,345631,NSEI,56.8885,-134.669333,56.9065,-134.673,641.9088,64,,,,,00,09,,,Retained,,125
2025,611,1,710,37833,ILONA B,8/2/2025 14:25,3,15,710,345631,NSEI,56.8885,-134.669333,56.9065,-134.673,641.9088,64,,,,,00,09,,,Retained,,128
2025,611,1,710,37833,ILONA B,8/2/2025 14:25,3,15,710,345631,NSEI,56.8885,-134.669333,56.9065,-134.673,641.9088,65,2.7,4,,02,02,07,,,Retained,,76
2025,611,1,710,37833,ILONA B,8/2/2025 14:25,3,15,710,345631,NSEI,56.8885,-134.669333,56.9065,-134.673,641.9088,65,3.1,8,,02,02,07,,,Retained,,21
2025,611,1,710,37833,ILONA B,8/2/2025 14:25,3,15,710,345631,NSEI,56.8885,-134.669333,56.9065,-134.673,641.9088,65,3.2,6,,03,02,07,,,Retained,,81
2025,611,1,710,37833,ILONA B,8/2/2025 14:25,3,15,710,345631,NSEI,56.8885,-134.669333,56.9065,-134.673,641.9088,65,3.4,6,,02,02,07,,,Retained,,96
2025,611,1,710,37833,ILONA B,8/2/2025 14:25,3,15,710,345631,NSEI,56.8885,-134.669333,56.9065,-134.673,641.9088,65,,,,,00,09,,,Retained,,15
2025,611,1,710,37833,ILONA B,8/2/2025 14:25,3,15,710,345631,NSEI,56.8885,-134.669333,56.9065,-134.673,641.9088,65,,,,,00,09,,,Retained,,79
2025,611,1,710,37833,ILONA B,8/2/2025 14:25,3,15,710,345631,NSEI,56.8885,-134.669333,56.9065,-134.673,641.9088,65,,,,,00,09,,,Retained,,93
2025,611,1,710,37833,ILONA B,8/2/2025 14:25,3,15,710,345631,NSEI,56.8885,-134.669333,56.9065,-134.673,641.9088,65,,,,,00,09,,,Retained,,97
2025,611,1,710,37833,ILONA B,8/2/2025 14:25,3,15,710,345631,NSEI,56.8885,-134.669333,56.9065,-134.673,641.9088,66,3.1,8,,03,02,07,,,Retained,,71
2025,611,1,710,37833,ILONA B,8/2/2025 14:25,3,15,710,345631,NSEI,56.8885,-134.669333,56.9065,-134.673,641.9088,66,,,,,00,09,,,Retained,,17
2025,611,1,710,37833,ILONA B,8/2/2025 14:25,3,15,710,345631,NSEI,56.8885,-134.669333,56.9065,-134.673,641.9088,66,,,,,00,09,,,Retained,,48
2025,611,1,710,37833,ILONA B,8/2/2025 14:25,3,15,710,345631,NSEI,56.8885,-134.669333,56.9065,-134.673,641.9088,66,,,,,00,09,,,Retained,,54
2025,611,1,710,37833,ILONA B,8/2/2025 14:25,3,15,710,345631,NSEI,56.8885,-134.669333,56.9065,-134.673,641.9088,66,,,,,00,09,,,Retained,,123
2025,611,1,710,37833,ILONA B,8/2/2025 14:25,3,15,710,345631,NSEI,56.8885,-134.669333,56.9065,-134.673,641.9088,67,3.1,10,,04,02,07,,,Retained,,66
2025,611,1,710,37833,ILONA B,8/2/2025 14:25,3,15,710,345631,NSEI,56.8885,-134.669333,56.9065,-134.673,641.9088,67,3.2,8,,01,02,07,,,Retained,,101
2025,611,1,710,37833,ILONA B,8/2/2025 14:25,3,15,710,345631,NSEI,56.8885,-134.669333,56.9065,-134.673,641.9088,67,3.3,8,,02,02,07,,,Retained,,86
2025,611,1,710,37833,ILONA B,8/2/2025 14:25,3,15,710,345631,NSEI,56.8885,-134.669333,56.9065,-134.673,641.9088,67,,,,,00,09,,,Retained,,65
2025,611,1,710,37833,ILONA B,8/2/2025 14:25,3,15,710,345631,NSEI,56.8885,-134.669333,56.9065,-134.673,641.9088,67,,,,,00,09,,,Retained,,117
2025,611,1,710,37833,ILONA B,8/2/2025 14:25,3,15,710,345631,NSEI,56.8885,-134.669333,56.9065,-134.673,641.9088,67,,,,,00,09,,,Retained,,122
2025,611,1,710,37833,ILONA B,8/2/2025 14:25,3,15,710,345631,NSEI,56.8885,-134.669333,56.9065,-134.673,641.9088,68,3.5,5,,02,02,07,,,Retained,,16
2025,611,1,710,37833,ILONA B,8/2/2025 14:25,3,15,710,345631,NSEI,56.8885,-134.669333,56.9065,-134.673,641.9088,68,,,,,00,09,,,Retained,,19
2025,611,1,710,37833,ILONA B,8/2/2025 14:25,3,15,710,345631,NSEI,56.8885,-134.669333,56.9065,-134.673,641.9088,68,,,,,00,09,,,Retained,,43
2025,611,1,710,37833,ILONA B,8/2/2025 14:25,3,15,710,345631,NSEI,56.8885,-134.669333,56.9065,-134.673,641.9088,69,3.3,8,,03,02,07,,,Retained,,136
2025,611,1,710,37833,ILONA B,8/2/2025 14:25,3,15,710,345631,NSEI,56.8885,-134.669333,56.9065,-134.673,641.9088,69,,,,,00,09,,,Retained,,60
2025,611,1,710,37833,ILONA B,8/2/2025 14:25,3,15,710,345631,NSEI,56.8885,-134.669333,56.9065,-134.673,641.9088,70,,,,,00,09,,,Retained,,44
2025,611,1,710,37833,ILONA B,8/2/2025 14:25,3,15,710,345631,NSEI,56.8885,-134.669333,56.9065,-134.673,641.9088,72,,,,,00,09,,,Retained,,29
2025,611,1,710,37833,ILONA B,8/2/2025 14:25,3,15,710,345631,NSEI,56.8885,-134.669333,56.9065,-134.673,641.9088,72,,,,,00,09,,,Retained,,112
2025,611,1,710,37833,ILONA B,8/2/2025 14:25,3,15,710,345631,NSEI,56.8885,-134.669333,56.9065,-134.673,641.9088,73,4.3,7,,03,02,07,,,Retained,,56
2025,611,1,710,37833,ILONA B,8/2/2025 14:25,3,15,710,345631,NSEI,56.8885,-134.669333,56.9065,-134.673,641.9088,73,,,,,00,09,,,Retained,,5
2025,611,1,710,37833,ILONA B,8/2/2025 14:25,3,15,710,345631,NSEI,56.8885,-134.669333,56.9065,-134.673,641.9088,73,,,,,00,09,,,Retained,,89
2025,611,1,710,37833,ILONA B,8/2/2025 14:25,3,15,710,345631,NSEI,56.8885,-134.669333,56.9065,-134.673,641.9088,77,,,,,00,09,,,Retained,,27
2025,611,1,710,37833,ILONA B,8/2/2025 14:25,3,15,710,345631,NSEI,56.8885,-134.669333,56.9065,-134.673,641.9088,79,,,,,00,09,,,Retained,,139
2025,611,1,710,37833,ILONA B,8/2/2025 14:25,3,15,710,345631,NSEI,56.8885,-134.669333,56.9065,-134.673,641.9088,,,,,,,,,,Retained,,151
2025,611,1,710,37833,ILONA B,8/2/2025 14:25,3,15,710,345631,NSEI,56.8885,-134.669333,56.9065,-134.673,641.9088,,,,,,,,,,Retained,,152
2025,611,1,710,37833,ILONA B,8/2/2025 14:25,3,15,710,345631,NSEI,56.8885,-134.669333,56.9065,-134.673,641.9088,,,,,,,,,,Retained,,153
2025,611,1,710,37833,ILONA B,8/2/2025 14:25,3,15,710,345631,NSEI,56.8885,-134.669333,56.9065,-134.673,641.9088,,,,,,,,,,Retained,,154
2025,611,1,710,37833,ILONA B,8/2/2025 14:25,3,15,710,345631,NSEI,56.8885,-134.669333,56.9065,-134.673,641.9088,,,,,,,,,,Retained,,155
2025,611,1,710,37833,ILONA B,8/2/2025 14:25,3,15,710,345631,NSEI,56.8885,-134.669333,56.9065,-134.673,641.9088,,,,,,,,,,Retained,,156
2025,611,1,710,37833,ILONA B,8/2/2025 14:25,3,15,710,345631,NSEI,56.8885,-134.669333,56.9065,-134.673,641.9088,,,,,,,,,,Retained,,157
2025,611,1,710,37833,ILONA B,8/2/2025 14:25,3,15,710,345631,NSEI,56.8885,-134.669333,56.9065,-134.673,641.9088,,,,,,,,,,Retained,,158
2025,611,1,710,37833,ILONA B,8/2/2025 14:25,3,15,710,345631,NSEI,56.8885,-134.669333,56.9065,-134.673,641.9088,,,,,,,,,,Retained,,159
2025,611,1,710,37833,ILONA B,8/2/2025 14:25,3,15,710,345631,NSEI,56.8885,-134.669333,56.9065,-134.673,641.9088,,,,,,,,,,Retained,,160
2025,611,1,710,37833,ILONA B,8/2/2025 14:25,3,15,710,345631,NSEI,56.8885,-134.669333,56.9065,-134.673,641.9088,,,,,,,,,,Retained,,161
2025,611,1,710,37833,ILONA B,8/2/2025 14:25,3,15,710,345631,NSEI,56.8885,-134.669333,56.9065,-134.673,641.9088,,,,,,,,,,Retained,,162
2025,611,1,710,37833,ILONA B,8/2/2025 14:25,3,15,710,345631,NSEI,56.8885,-134.669333,56.9065,-134.673,641.9088,,,,,,,,,,Retained,,163
2025,611,1,710,37833,ILONA B,8/2/2025 14:25,3,15,710,345631,NSEI,56.8885,-134.669333,56.9065,-134.673,641.9088,,,,,,,,,,Retained,,164
2025,611,1,710,37833,ILONA B,8/2/2025 14:25,3,15,710,345631,NSEI,56.8885,-134.669333,56.9065,-134.673,641.9088,,,,,,,,,,Retained,,165
2025,611,1,710,37833,ILONA B,8/2/2025 14:25,3,15,710,345631,NSEI,56.8885,-134.669333,56.9065,-134.673,641.9088,,,,,,,,,,Retained,,166
2025,611,1,710,37833,ILONA B,8/2/2025 14:25,3,15,710,345631,NSEI,56.8885,-134.669333,56.9065,-134.673,641.9088,,,,,,,,,,Retained,,167
2025,611,1,710,37833,ILONA B,8/2/2025 14:25,3,15,710,345631,NSEI,56.8885,-134.669333,56.9065,-134.673,641.9088,,,,,,,,,,Retained,,168
2025,611,1,710,37833,ILONA B,8/2/2025 14:25,3,15,710,345631,NSEI,56.8885,-134.669333,56.9065,-134.673,641.9088,,,,,,,,,,Retained,,169
2025,611,1,710,37833,ILONA B,8/2/2025 14:25,3,15,710,345631,NSEI,56.8885,-134.669333,56.9065,-134.673,641.9088,,,,,,,,,,Retained,,170
2025,611,1,710,37833,ILONA B,8/2/2025 14:25,3,15,710,345631,NSEI,56.8885,-134.669333,56.9065,-134.673,641.9088,,,,,,,,,,Retained,,171
2025,611,1,710,37833,ILONA B,8/2/2025 14:25,3,15,710,345631,NSEI,56.8885,-134.669333,56.9065,-134.673,641.9088,,,,,,,,,,Retained,,172
2025,611,1,710,37833,ILONA B,8/2/2025 14:25,3,15,710,345631,NSEI,56.8885,-134.669333,56.9065,-134.673,641.9088,,,,,,,,,,Retained,,173
2025,611,1,710,37833,ILONA B,8/2/2025 14:25,3,15,710,345631,NSEI,56.8885,-134.669333,56.9065,-134.673,641.9088,,,,,,,,,,Retained,,174
2025,611,1,710,37833,ILONA B,8/2/2025 14:25,3,15,710,345631,NSEI,56.8885,-134.669333,56.9065,-134.673,641.9088,,,,,,,,,,Retained,,175
2025,611,1,710,37833,ILONA B,8/2/2025 14:25,3,15,710,345631,NSEI,56.8885,-134.669333,56.9065,-134.673,641.9088,,,,,,,,,,Retained,,176
2025,611,1,710,37833,ILONA B,8/2/2025 14:25,3,15,710,345631,NSEI,56.8885,-134.669333,56.9065,-134.673,641.9088,,,,,,,,,,Retained,,177
2025,611,1,710,37833,ILONA B,8/2/2025 14:25,3,15,710,345631,NSEI,56.8885,-134.669333,56.9065,-134.673,641.9088,,,,,,,,,,Retained,,178
2025,611,1,710,37833,ILONA B,8/2/2025 14:25,3,15,710,345631,NSEI,56.8885,-134.669333,56.9065,-134.673,641.9088,,,,,,,,,,Retained,,179
2025,611,1,710,37833,ILONA B,8/2/2025 14:25,3,15,710,345631,NSEI,56.8885,-134.669333,56.9065,-134.673,641.9088,,,,,,,,,,Retained,,180
2025,611,1,710,37833,ILONA B,8/2/2025 14:25,3,15,710,345631,NSEI,56.8885,-134.669333,56.9065,-134.673,641.9088,,,,,,,,,,Retained,,181
2025,611,1,710,37833,ILONA B,8/2/2025 14:25,3,15,710,345631,NSEI,56.8885,-134.669333,56.9065,-134.673,641.9088,,,,,,,,,,Retained,,182
2025,611,1,710,37833,ILONA B,8/2/2025 14:25,3,15,710,345631,NSEI,56.8885,-134.669333,56.9065,-134.673,641.9088,,,,,,,,,,Retained,,183
2025,611,1,710,37833,ILONA B,8/2/2025 14:25,3,15,710,345631,NSEI,56.8885,-134.669333,56.9065,-134.673,641.9088,,,,,,,,,,Retained,,184
2025,611,1,710,37833,ILONA B,8/2/2025 14:25,3,15,710,345631,NSEI,56.8885,-134.669333,56.9065,-134.673,641.9088,,,,,,,,,,Retained,,185
2025,611,1,710,37833,ILONA B,8/2/2025 14:25,3,15,710,345631,NSEI,56.8885,-134.669333,56.9065,-134.673,641.9088,,,,,,,,,,Retained,,186
2025,611,1,710,37833,ILONA B,8/2/2025 14:25,3,15,710,345631,NSEI,56.8885,-134.669333,56.9065,-134.673,641.9088,,,,,,,,,,Retained,,187
2025,611,1,710,37833,ILONA B,8/2/2025 14:25,3,15,710,345631,NSEI,56.8885,-134.669333,56.9065,-134.673,641.9088,,,,,,,,,,Retained,,188
2025,611,1,710,37833,ILONA B,8/2/2025 14:25,3,15,710,345631,NSEI,56.8885,-134.669333,56.9065,-134.673,641.9088,,,,,,,,,,Retained,,189
2025,611,1,710,37833,ILONA B,8/2/2025 14:25,3,15,710,345631,NSEI,56.8885,-134.669333,56.9065,-134.673,641.9088,,,,,,,,,,Retained,,190
2025,611,1,710,37833,ILONA B,8/2/2025 14:25,3,15,710,345631,NSEI,56.8885,-134.669333,56.9065,-134.673,641.9088,,,,,,,,,,Retained,,191
2025,611,1,710,37833,ILONA B,8/2/2025 14:25,3,15,710,345631,NSEI,56.8885,-134.669333,56.9065,-134.673,641.9088,,,,,,,,,,Retained,,192
2025,611,1,710,37833,ILONA B,8/2/2025 14:25,3,15,710,345631,NSEI,56.8885,-134.669333,56.9065,-134.673,641.9088,,,,,,,,,,Retained,,193
2025,611,1,710,37833,ILONA B,8/2/2025 14:25,3,15,710,345631,NSEI,56.8885,-134.669333,56.9065,-134.673,641.9088,,,,,,,,,,Retained,,194
2025,611,1,710,37833,ILONA B,8/2/2025 14:25,3,15,710,345631,NSEI,56.8885,-134.669333,56.9065,-134.673,641.9088,,,,,,,,,,Retained,,195
2025,611,1,710,37833,ILONA B,8/2/2025 14:25,3,15,710,345631,NSEI,56.8885,-134.669333,56.9065,-134.673,641.9088,,,,,,,,,,Retained,,196
2025,611,1,710,37833,ILONA B,8/2/2025 14:25,3,15,710,345631,NSEI,56.8885,-134.669333,56.9065,-134.673,641.9088,,,,,,,,,,Retained,,197
2025,611,1,710,37833,ILONA B,8/2/2025 14:25,3,15,710,345631,NSEI,56.8885,-134.669333,56.9065,-134.673,641.9088,,,,,,,,,,Retained,,198
2025,611,1,710,37833,ILONA B,8/2/2025 14:25,3,15,710,345631,NSEI,56.8885,-134.669333,56.9065,-134.673,641.9088,,,,,,,,,,Retained,,199
2025,611,1,710,37833,ILONA B,8/2/2025 14:25,3,15,710,345631,NSEI,56.8885,-134.669333,56.9065,-134.673,641.9088,,,,,,,,,,Retained,,200
2025,611,1,710,37833,ILONA B,8/2/2025 14:25,3,15,710,345631,NSEI,56.8885,-134.669333,56.9065,-134.673,641.9088,,,,,,,,,,Retained,,201
2025,611,1,710,37833,ILONA B,8/2/2025 14:25,3,15,710,345631,NSEI,56.8885,-134.669333,56.9065,-134.673,641.9088,,,,,,,,,,Retained,,202
2025,611,1,710,37833,ILONA B,8/2/2025 14:25,3,15,710,345631,NSEI,56.8885,-134.669333,56.9065,-134.673,641.9088,,,,,,,,,,Retained,,203
2025,611,1,710,37833,ILONA B,8/2/2025 14:25,3,15,710,345631,NSEI,56.8885,-134.669333,56.9065,-134.673,641.9088,,,,,,,,,,Retained,,204
2025,611,1,710,37833,ILONA B,8/2/2025 14:25,3,15,710,345631,NSEI,56.8885,-134.669333,56.9065,-134.673,641.9088,,,,,,,,,,Retained,,205
2025,611,1,710,37833,ILONA B,8/2/2025 14:25,3,15,710,345631,NSEI,56.8885,-134.669333,56.9065,-134.673,641.9088,,,,,,,,,,Retained,,206
2025,611,1,710,37833,ILONA B,8/2/2025 14:25,3,15,710,345631,NSEI,56.8885,-134.669333,56.9065,-134.673,641.9088,,,,,,,,,,Retained,,207
2025,611,1,710,37833,ILONA B,8/2/2025 14:25,3,15,710,345631,NSEI,56.8885,-134.669333,56.9065,-134.673,641.9088,,,,,,,,,,Retained,,208
2025,611,1,710,37833,ILONA B,8/2/2025 14:25,3,15,710,345631,NSEI,56.8885,-134.669333,56.9065,-134.673,641.9088,,,,,,,,,,Retained,,209
2025,611,1,710,37833,ILONA B,8/2/2025 14:25,3,15,710,345631,NSEI,56.8885,-134.669333,56.9065,-134.673,641.9088,,,,,,,,,,Retained,,210
2025,611,1,710,37833,ILONA B,8/2/2025 14:25,3,15,710,345631,NSEI,56.8885,-134.669333,56.9065,-134.673,641.9088,,,,,,,,,,Retained,,211
2025,611,1,710,37833,ILONA B,8/2/2025 14:25,3,15,710,345631,NSEI,56.8885,-134.669333,56.9065,-134.673,641.9088,,,,,,,,,,Retained,,212
2025,611,1,710,37833,ILONA B,8/2/2025 14:25,3,15,710,345631,NSEI,56.8885,-134.669333,56.9065,-134.673,641.9088,,,,,,,,,,Retained,,213
2025,611,1,710,37833,ILONA B,8/2/2025 14:25,3,15,710,345631,NSEI,56.8885,-134.669333,56.9065,-134.673,641.9088,,,,,,,,,,Retained,,214
2025,611,1,710,37833,ILONA B,8/2/2025 14:25,3,15,710,345631,NSEI,56.8885,-134.669333,56.9065,-134.673,641.9088,,,,,,,,,,Retained,,215
2025,611,1,710,37833,ILONA B,8/2/2025 14:25,3,15,710,345631,NSEI,56.8885,-134.669333,56.9065,-134.673,641.9088,,,,,,,,,,Retained,,216
2025,611,1,710,37833,ILONA B,8/2/2025 14:25,3,15,710,345631,NSEI,56.8885,-134.669333,56.9065,-134.673,641.9088,,,,,,,,,,Retained,,217
2025,611,1,710,37833,ILONA B,8/2/2025 14:25,3,15,710,345631,NSEI,56.8885,-134.669333,56.9065,-134.673,641.9088,,,,,,,,,,Retained,,218
2025,611,1,710,37833,ILONA B,8/2/2025 14:25,3,15,710,345631,NSEI,56.8885,-134.669333,56.9065,-134.673,641.9088,,,,,,,,,,Retained,,219
2025,611,1,710,37833,ILONA B,8/2/2025 14:25,3,15,710,345631,NSEI,56.8885,-134.669333,56.9065,-134.673,641.9088,,,,,,,,,,Retained,,220
2025,611,1,710,37833,ILONA B,8/2/2025 14:25,3,15,710,345631,NSEI,56.8885,-134.669333,56.9065,-134.673,641.9088,,,,,,,,,,Retained,,221
2025,611,1,710,37833,ILONA B,8/2/2025 14:25,3,15,710,345631,NSEI,56.8885,-134.669333,56.9065,-134.673,641.9088,,,,,,,,,,Retained,,222
2025,611,1,710,37833,ILONA B,8/2/2025 14:25,3,15,710,345631,NSEI,56.8885,-134.669333,56.9065,-134.673,641.9088,,,,,,,,,,Retained,,223
2025,611,1,710,37833,ILONA B,8/2/2025 14:25,3,15,710,345631,NSEI,56.8885,-134.669333,56.9065,-134.673,641.9088,,,,,,,,,,Retained,,224
2025,611,1,710,37833,ILONA B,8/2/2025 14:25,3,15,710,345631,NSEI,56.8885,-134.669333,56.9065,-134.673,641.9088,,,,,,,,,,Retained,,225
2025,611,1,710,37833,ILONA B,8/2/2025 14:25,3,15,710,345631,NSEI,56.8885,-134.669333,56.9065,-134.673,641.9088,,,,,,,,,,Retained,,226
2025,611,1,710,37833,ILONA B,8/2/2025 14:25,3,15,710,345631,NSEI,56.8885,-134.669333,56.9065,-134.673,641.9088,,,,,,,,,,Retained,,227
2025,611,1,710,37833,ILONA B,8/2/2025 14:25,3,15,710,345631,NSEI,56.8885,-134.669333,56.9065,-134.673,641.9088,,,,,,,,,,Retained,,228
2025,611,1,710,37833,ILONA B,8/2/2025 14:25,3,15,710,345631,NSEI,56.8885,-134.669333,56.9065,-134.673,641.9088,,,,,,,,,,Retained,,229
2025,611,1,710,37833,ILONA B,8/2/2025 14:25,3,15,710,345631,NSEI,56.8885,-134.669333,56.9065,-134.673,641.9088,,,,,,,,,,Retained,,230
2025,611,1,710,37833,ILONA B,8/2/2025 14:25,3,15,710,345631,NSEI,56.8885,-134.669333,56.9065,-134.673,641.9088,,,,,,,,,,Retained,,231
2025,611,1,710,37833,ILONA B,8/2/2025 14:25,3,15,710,345631,NSEI,56.8885,-134.669333,56.9065,-134.673,641.9088,,,,,,,,,,Retained,,232
2025,611,1,710,37833,ILONA B,8/2/2025 14:25,3,15,710,345631,NSEI,56.8885,-134.669333,56.9065,-134.673,641.9088,,,,,,,,,,Retained,,233
2025,611,1,710,37833,ILONA B,8/2/2025 14:25,3,15,710,345631,NSEI,56.8885,-134.669333,56.9065,-134.673,641.9088,,,,,,,,,,Retained,,234
2025,611,1,710,37833,ILONA B,8/2/2025 14:25,3,15,710,345631,NSEI,56.8885,-134.669333,56.9065,-134.673,641.9088,,,,,,,,,,Retained,,235
2025,611,1,710,37833,ILONA B,8/2/2025 14:25,3,15,710,345631,NSEI,56.8885,-134.669333,56.9065,-134.673,641.9088,,,,,,,,,,Retained,,236
2025,611,1,710,37833,ILONA B,8/2/2025 14:25,3,15,710,345631,NSEI,56.8885,-134.669333,56.9065,-134.673,641.9088,,,,,,,,,,Retained,,237
2025,611,1,710,37833,ILONA B,8/2/2025 14:25,3,15,710,345631,NSEI,56.8885,-134.669333,56.9065,-134.673,641.9088,,,,,,,,,,Retained,,238
2025,611,1,710,37833,ILONA B,8/2/2025 14:25,3,15,710,345631,NSEI,56.8885,-134.669333,56.9065,-134.673,641.9088,,,,,,,,,,Retained,,239
2025,611,1,710,37833,ILONA B,8/2/2025 14:25,3,15,710,345631,NSEI,56.8885,-134.669333,56.9065,-134.673,641.9088,,,,,,,,,,Retained,,240
2025,611,1,710,37833,ILONA B,8/2/2025 14:25,3,15,710,345631,NSEI,56.8885,-134.669333,56.9065,-134.673,641.9088,,,,,,,,,,Retained,,241
2025,611,1,710,37833,ILONA B,8/2/2025 14:25,3,15,710,345631,NSEI,56.8885,-134.669333,56.9065,-134.673,641.9088,,,,,,,,,,Retained,,242
2025,611,1,710,37833,ILONA B,8/2/2025 14:25,3,15,710,345631,NSEI,56.8885,-134.669333,56.9065,-134.673,641.9088,,,,,,,,,,Retained,,243
2025,611,1,710,37833,ILONA B,8/2/2025 14:25,3,15,710,345631,NSEI,56.8885,-134.669333,56.9065,-134.673,641.9088,,,,,,,,,,Retained,,244
2025,611,1,710,37833,ILONA B,8/2/2025 14:25,3,15,710,345631,NSEI,56.8885,-134.669333,56.9065,-134.673,641.9088,,,,,,,,,,Retained,,245
2025,611,1,710,37833,ILONA B,8/2/2025 14:25,3,15,710,345631,NSEI,56.8885,-134.669333,56.9065,-134.673,641.9088,,,,,,,,,,Retained,,246
2025,611,1,710,37833,ILONA B,8/2/2025 14:25,3,15,710,345631,NSEI,56.8885,-134.669333,56.9065,-134.673,641.9088,,,,,,,,,,Retained,,247
2025,611,1,710,37833,ILONA B,8/2/2025 14:25,3,15,710,345631,NSEI,56.8885,-134.669333,56.9065,-134.673,641.9088,,,,,,,,,,Retained,,248
2025,611,1,710,37833,ILONA B,8/2/2025 14:25,3,15,710,345631,NSEI,56.8885,-134.669333,56.9065,-134.673,641.9088,,,,,,,,,,Retained,,249
2025,611,1,710,37833,ILONA B,8/2/2025 14:25,3,15,710,345631,NSEI,56.8885,-134.669333,56.9065,-134.673,641.9088,,,,,,,,,,Retained,,250
2025,611,1,710,37833,ILONA B,8/2/2025 14:25,3,15,710,345631,NSEI,56.8885,-134.669333,56.9065,-134.673,641.9088,,,,,,,,,,Retained,,251
2025,611,1,710,37833,ILONA B,8/2/2025 14:25,3,15,710,345631,NSEI,56.8885,-134.669333,56.9065,-134.673,641.9088,,,,,,,,,,Retained,,252
2025,611,1,710,37833,ILONA B,8/2/2025 14:25,3,15,710,345631,NSEI,56.8885,-134.669333,56.9065,-134.673,641.9088,,,,,,,,,,Retained,,253
2025,611,1,710,37833,ILONA B,8/2/2025 14:25,3,15,710,345631,NSEI,56.8885,-134.669333,56.9065,-134.673,641.9088,,,,,,,,,,Retained,,254
2025,611,1,710,37833,ILONA B,8/2/2025 14:25,3,15,710,345631,NSEI,56.8885,-134.669333,56.9065,-134.673,641.9088,,,,,,,,,,Retained,,255
2025,611,1,710,37833,ILONA B,8/2/2025 14:25,3,15,710,345631,NSEI,56.8885,-134.669333,56.9065,-134.673,641.9088,,,,,,,,,,Retained,,256
2025,611,1,710,37833,ILONA B,8/2/2025 14:25,3,15,710,345631,NSEI,56.8885,-134.669333,56.9065,-134.673,641.9088,,,,,,,,,,Retained,,257
2025,611,1,710,37833,ILONA B,8/2/2025 14:25,3,15,710,345631,NSEI,56.8885,-134.669333,56.9065,-134.673,641.9088,,,,,,,,,,Retained,,258
2025,611,1,710,37833,ILONA B,8/2/2025 14:25,3,15,710,345631,NSEI,56.8885,-134.669333,56.9065,-134.673,641.9088,,,,,,,,,,Retained,,259
2025,611,1,710,37833,ILONA B,8/2/2025 14:25,3,15,710,345631,NSEI,56.8885,-134.669333,56.9065,-134.673,641.9088,,,,,,,,,,Retained,,260
2025,611,1,710,37833,ILONA B,8/2/2025 14:25,3,15,710,345631,NSEI,56.8885,-134.669333,56.9065,-134.673,641.9088,,,,,,,,,,Retained,,261
2025,611,1,710,37833,ILONA B,8/2/2025 14:25,3,15,710,345631,NSEI,56.8885,-134.669333,56.9065,-134.673,641.9088,,,,,,,,,,Retained,,262
2025,611,1,710,37833,ILONA B,8/2/2025 14:25,3,15,710,345631,NSEI,56.8885,-134.669333,56.9065,-134.673,641.9088,,,,,,,,,,Retained,,263
2025,611,1,710,37833,ILONA B,8/2/2025 14:25,3,15,710,345631,NSEI,56.8885,-134.669333,56.9065,-134.673,641.9088,,,,,,,,,,Retained,,264
2025,611,1,710,37833,ILONA B,8/2/2025 14:25,3,15,710,345631,NSEI,56.8885,-134.669333,56.9065,-134.673,641.9088,,,,,,,,,,Retained,,265
2025,611,1,710,37833,ILONA B,8/2/2025 14:25,3,15,710,345631,NSEI,56.8885,-134.669333,56.9065,-134.673,641.9088,,,,,,,,,,Retained,,266
2025,611,1,710,37833,ILONA B,8/2/2025 14:25,3,15,710,345631,NSEI,56.8885,-134.669333,56.9065,-134.673,641.9088,,,,,,,,,,Retained,,267
2025,611,1,710,37833,ILONA B,8/2/2025 14:25,3,15,710,345631,NSEI,56.8885,-134.669333,56.9065,-134.673,641.9088,,,,,,,,,,Retained,,268
2025,611,1,710,37833,ILONA B,8/2/2025 14:25,3,15,710,345631,NSEI,56.8885,-134.669333,56.9065,-134.673,641.9088,,,,,,,,,,Retained,,269
2025,611,1,710,37833,ILONA B,8/2/2025 14:25,3,15,710,345631,NSEI,56.8885,-134.669333,56.9065,-134.673,641.9088,,,,,,,,,,Retained,,270
2025,611,1,710,37833,ILONA B,8/2/2025 14:25,3,15,710,345631,NSEI,56.8885,-134.669333,56.9065,-134.673,641.9088,,,,,,,,,,Retained,,271
2025,611,1,710,37833,ILONA B,8/2/2025 14:25,3,15,710,345631,NSEI,56.8885,-134.669333,56.9065,-134.673,641.9088,,,,,,,,,,Retained,,272
2025,611,1,710,37833,ILONA B,8/2/2025 14:25,3,15,710,345631,NSEI,56.8885,-134.669333,56.9065,-134.673,641.9088,,,,,,,,,,Retained,,273
2025,611,1,710,37833,ILONA B,8/2/2025 14:25,3,15,710,345631,NSEI,56.8885,-134.669333,56.9065,-134.673,641.9088,,,,,,,,,,Retained,,274
2025,611,1,710,37833,ILONA B,8/2/2025 14:25,3,15,710,345631,NSEI,56.8885,-134.669333,56.9065,-134.673,641.9088,,,,,,,,,,Retained,,275
2025,611,1,710,37833,ILONA B,8/2/2025 14:25,3,15,710,345631,NSEI,56.8885,-134.669333,56.9065,-134.673,641.9088,,,,,,,,,,Retained,,276
2025,611,1,710,37833,ILONA B,8/2/2025 14:25,3,15,710,345631,NSEI,56.8885,-134.669333,56.9065,-134.673,641.9088,,,,,,,,,,Retained,,277
2025,611,1,710,37833,ILONA B,8/2/2025 14:25,3,15,710,345631,NSEI,56.8885,-134.669333,56.9065,-134.673,641.9088,,,,,,,,,,Retained,,278
2025,611,1,710,37833,ILONA B,8/2/2025 14:25,3,15,710,345631,NSEI,56.8885,-134.669333,56.9065,-134.673,641.9088,,,,,,,,,,Retained,,279
2025,611,1,710,37833,ILONA B,8/2/2025 14:25,3,15,710,345631,NSEI,56.8885,-134.669333,56.9065,-134.673,641.9088,,,,,,,,,,Retained,,280
2025,611,1,710,37833,ILONA B,8/2/2025 14:25,3,15,710,345631,NSEI,56.8885,-134.669333,56.9065,-134.673,641.9088,,,,,,,,,,Retained,,281
2025,611,1,710,37833,ILONA B,8/2/2025 14:25,3,15,710,345631,NSEI,56.8885,-134.669333,56.9065,-134.673,641.9088,,,,,,,,,,Retained,,282
2025,611,1,710,37833,ILONA B,8/2/2025 14:25,3,15,710,345631,NSEI,56.8885,-134.669333,56.9065,-134.673,641.9088,,,,,,,,,,Retained,,283
2025,611,1,710,37833,ILONA B,8/2/2025 14:25,3,15,710,345631,NSEI,56.8885,-134.669333,56.9065,-134.673,641.9088,,,,,,,,,,Retained,,284
2025,611,1,710,37833,ILONA B,8/2/2025 14:25,3,15,710,345631,NSEI,56.8885,-134.669333,56.9065,-134.673,641.9088,,,,,,,,,,Retained,,285
2025,611,1,710,37833,ILONA B,8/2/2025 14:25,3,15,710,345631,NSEI,56.8885,-134.669333,56.9065,-134.673,641.9088,,,,,,,,,,Retained,,286
2025,611,1,710,37833,ILONA B,8/2/2025 14:25,3,15,710,345631,NSEI,56.8885,-134.669333,56.9065,-134.673,641.9088,,,,,,,,,,Retained,,287
2025,611,1,710,37833,ILONA B,8/2/2025 14:25,3,15,710,345631,NSEI,56.8885,-134.669333,56.9065,-134.673,641.9088,,,,,,,,,,Retained,,288
2025,611,1,710,37833,ILONA B,8/2/2025 14:25,3,15,710,345631,NSEI,56.8885,-134.669333,56.9065,-134.673,641.9088,,,,,,,,,,Retained,,289
2025,611,1,710,37833,ILONA B,8/2/2025 14:25,3,15,710,345631,NSEI,56.8885,-134.669333,56.9065,-134.673,641.9088,,,,,,,,,,Retained,,290
2025,611,1,710,37833,ILONA B,8/2/2025 14:25,3,15,710,345631,NSEI,56.8885,-134.669333,56.9065,-134.673,641.9088,,,,,,,,,,Retained,,291
2025,611,1,710,37833,ILONA B,8/2/2025 14:25,3,15,710,345631,NSEI,56.8885,-134.669333,56.9065,-134.673,641.9088,,,,,,,,,,Retained,,292
2025,611,1,710,37833,ILONA B,8/2/2025 14:25,3,15,710,345631,NSEI,56.8885,-134.669333,56.9065,-134.673,641.9088,,,,,,,,,,Retained,,293
2025,611,1,710,37833,ILONA B,8/2/2025 14:25,3,15,710,345631,NSEI,56.8885,-134.669333,56.9065,-134.673,641.9088,,,,,,,,,,Retained,,294
2025,611,1,710,37833,ILONA B,8/2/2025 14:25,3,15,710,345631,NSEI,56.8885,-134.669333,56.9065,-134.673,641.9088,,,,,,,,,,Retained,,295
2025,611,1,710,37833,ILONA B,8/2/2025 14:25,3,15,710,345631,NSEI,56.8885,-134.669333,56.9065,-134.673,641.9088,,,,,,,,,,Retained,,296
2025,611,1,710,37833,ILONA B,8/2/2025 14:25,3,15,710,345631,NSEI,56.8885,-134.669333,56.9065,-134.673,641.9088,,,,,,,,,,Retained,,297
2025,611,1,710,37833,ILONA B,8/2/2025 14:25,3,15,710,345631,NSEI,56.8885,-134.669333,56.9065,-134.673,641.9088,,,,,,,,,,Retained,,298
2025,611,1,710,37833,ILONA B,8/2/2025 14:25,3,15,710,345631,NSEI,56.8885,-134.669333,56.9065,-134.673,641.9088,,,,,,,,,,Retained,,299
2025,611,1,710,37833,ILONA B,8/2/2025 14:25,3,15,710,345631,NSEI,56.8885,-134.669333,56.9065,-134.673,641.9088,,,,,,,,,,Retained,,300
2025,611,1,710,37833,ILONA B,8/2/2025 14:25,3,15,710,345631,NSEI,56.8885,-134.669333,56.9065,-134.673,641.9088,,,,,,,,,,Retained,,301
2025,611,1,710,37833,ILONA B,8/2/2025 14:25,3,15,710,345631,NSEI,56.8885,-134.669333,56.9065,-134.673,641.9088,,,,,,,,,,Retained,,302
2025,611,1,710,37833,ILONA B,8/2/2025 14:25,3,15,710,345631,NSEI,56.8885,-134.669333,56.9065,-134.673,641.9088,,,,,,,,,,Retained,,303
2025,611,1,710,37833,ILONA B,8/2/2025 14:25,3,15,710,345631,NSEI,56.8885,-134.669333,56.9065,-134.673,641.9088,,,,,,,,,,Retained,,304
2025,611,1,710,37833,ILONA B,8/2/2025 14:25,3,15,710,345631,NSEI,56.8885,-134.669333,56.9065,-134.673,641.9088,,,,,,,,,,Retained,,305
2025,611,1,710,37833,ILONA B,8/2/2025 14:25,3,15,710,345631,NSEI,56.8885,-134.669333,56.9065,-134.673,641.9088,,,,,,,,,,Retained,,306
2025,611,1,710,37833,ILONA B,8/2/2025 14:25,3,15,710,345631,NSEI,56.8885,-134.669333,56.9065,-134.673,641.9088,,,,,,,,,,Retained,,307
2025,611,1,710,37833,ILONA B,8/2/2025 14:25,3,15,710,345631,NSEI,56.8885,-134.669333,56.9065,-134.673,641.9088,,,,,,,,,,Retained,,308
2025,611,1,710,37833,ILONA B,8/2/2025 14:25,3,15,710,345631,NSEI,56.8885,-134.669333,56.9065,-134.673,641.9088,,,,,,,,,,Retained,,309
2025,611,1,710,37833,ILONA B,8/2/2025 14:25,3,15,710,345631,NSEI,56.8885,-134.669333,56.9065,-134.673,641.9088,,,,,,,,,,Retained,,310
2025,611,1,710,37833,ILONA B,8/2/2025 14:25,3,15,710,345631,NSEI,56.8885,-134.669333,56.9065,-134.673,641.9088,,,,,,,,,,Retained,,311
2025,611,1,710,37833,ILONA B,8/2/2025 14:25,3,15,710,345631,NSEI,56.8885,-134.669333,56.9065,-134.673,641.9088,,,,,,,,,,Retained,,312
2025,611,1,710,37833,ILONA B,8/2/2025 14:25,3,15,710,345631,NSEI,56.8885,-134.669333,56.9065,-134.673,641.9088,,,,,,,,,,Retained,,313
2025,611,1,710,37833,ILONA B,8/2/2025 14:25,3,15,710,345631,NSEI,56.8885,-134.669333,56.9065,-134.673,641.9088,,,,,,,,,,Retained,,314
2025,611,1,710,37833,ILONA B,8/2/2025 14:25,3,15,710,345631,NSEI,56.8885,-134.669333,56.9065,-134.673,641.9088,,,,,,,,,,Retained,,315
2025,611,1,710,37833,ILONA B,8/2/2025 14:25,3,15,710,345631,NSEI,56.8885,-134.669333,56.9065,-134.673,641.9088,,,,,,,,,,Retained,,316
2025,611,1,710,37833,ILONA B,8/2/2025 14:25,3,15,710,345631,NSEI,56.8885,-134.669333,56.9065,-134.673,641.9088,,,,,,,,,,Retained,,317
2025,611,1,710,37833,ILONA B,8/2/2025 14:25,3,15,710,345631,NSEI,56.8885,-134.669333,56.9065,-134.673,641.9088,,,,,,,,,,Retained,,318
2025,611,1,710,37833,ILONA B,8/2/2025 14:25,3,15,710,345631,NSEI,56.8885,-134.669333,56.9065,-134.673,641.9088,,,,,,,,,,Retained,,319
2025,611,1,710,37833,ILONA B,8/2/2025 14:25,3,15,710,345631,NSEI,56.8885,-134.669333,56.9065,-134.673,641.9088,,,,,,,,,,Retained,,320
2025,611,1,710,37833,ILONA B,8/2/2025 14:25,3,15,710,345631,NSEI,56.8885,-134.669333,56.9065,-134.673,641.9088,,,,,,,,,,Retained,,321
2025,611,1,710,37833,ILONA B,8/2/2025 14:25,3,15,710,345631,NSEI,56.8885,-134.669333,56.9065,-134.673,641.9088,,,,,,,,,,Retained,,322
2025,611,1,710,37833,ILONA B,8/2/2025 14:25,3,15,710,345631,NSEI,56.8885,-134.669333,56.9065,-134.673,641.9088,,,,,,,,,,Retained,,323
2025,611,1,710,37833,ILONA B,8/2/2025 14:25,3,15,710,345631,NSEI,56.8885,-134.669333,56.9065,-134.673,641.9088,,,,,,,,,,Retained,,324
2025,611,1,710,37833,ILONA B,8/2/2025 14:25,3,15,710,345631,NSEI,56.8885,-134.669333,56.9065,-134.673,641.9088,,,,,,,,,,Retained,,325
2025,611,1,710,37833,ILONA B,8/2/2025 14:25,3,15,710,345631,NSEI,56.8885,-134.669333,56.9065,-134.673,641.9088,,,,,,,,,,Retained,,326
2025,611,1,710,37833,ILONA B,8/2/2025 14:25,3,15,710,345631,NSEI,56.8885,-134.669333,56.9065,-134.673,641.9088,,,,,,,,,,Retained,,327
2025,611,1,710,37833,ILONA B,8/2/2025 14:25,3,15,710,345631,NSEI,56.8885,-134.669333,56.9065,-134.673,641.9088,,,,,,,,,,Retained,,328
2025,611,1,710,37833,ILONA B,8/2/2025 14:25,3,15,710,345631,NSEI,56.8885,-134.669333,56.9065,-134.673,641.9088,,,,,,,,,,Retained,,329
2025,611,1,710,37833,ILONA B,8/2/2025 14:25,3,15,710,345631,NSEI,56.8885,-134.669333,56.9065,-134.673,641.9088,,,,,,,,,,Retained,,330
2025,611,1,710,37833,ILONA B,8/2/2025 14:25,3,15,710,345631,NSEI,56.8885,-134.669333,56.9065,-134.673,641.9088,,,,,,,,,,Retained,,331
2025,611,1,710,37833,ILONA B,8/2/2025 14:25,3,15,710,345631,NSEI,56.8885,-134.669333,56.9065,-134.673,641.9088,,,,,,,,,,Retained,,332
2025,611,1,710,37833,ILONA B,8/2/2025 14:25,3,15,710,345631,NSEI,56.8885,-134.669333,56.9065,-134.673,641.9088,,,,,,,,,,Retained,,333
2025,611,1,710,37833,ILONA B,8/2/2025 14:25,3,15,710,345631,NSEI,56.8885,-134.669333,56.9065,-134.673,641.9088,,,,,,,,,,Retained,,334
2025,611,1,710,37833,ILONA B,8/2/2025 14:25,3,15,710,345631,NSEI,56.8885,-134.669333,56.9065,-134.673,641.9088,,,,,,,,,,Retained,,335
2025,611,1,710,37833,ILONA B,8/2/2025 14:25,3,15,710,345631,NSEI,56.8885,-134.669333,56.9065,-134.673,641.9088,,,,,,,,,,Retained,,336
2025,611,1,710,37833,ILONA B,8/2/2025 14:25,3,15,710,345631,NSEI,56.8885,-134.669333,56.9065,-134.673,641.9088,,,,,,,,,,Retained,,337
2025,611,1,710,37833,ILONA B,8/2/2025 14:25,3,15,710,345631,NSEI,56.8885,-134.669333,56.9065,-134.673,641.9088,,,,,,,,,,Retained,,338
2025,611,1,710,37833,ILONA B,8/2/2025 14:25,3,15,710,345631,NSEI,56.8885,-134.669333,56.9065,-134.673,641.9088,,,,,,,,,,Retained,,339
2025,611,1,710,37833,ILONA B,8/2/2025 14:25,3,15,710,345631,NSEI,56.8885,-134.669333,56.9065,-134.673,641.9088,,,,,,,,,,Retained,,340
2025,611,1,710,37833,ILONA B,8/2/2025 14:25,3,15,710,345631,NSEI,56.8885,-134.669333,56.9065,-134.673,641.9088,,,,,,,,,,Retained,,341
2025,611,1,710,37833,ILONA B,8/2/2025 14:25,3,15,710,345631,NSEI,56.8885,-134.669333,56.9065,-134.673,641.9088,,,,,,,,,,Retained,,342
2025,611,1,710,37833,ILONA B,8/2/2025 14:25,3,15,710,345631,NSEI,56.8885,-134.669333,56.9065,-134.673,641.9088,,,,,,,,,,Retained,,343
2025,611,1,710,37833,ILONA B,8/2/2025 14:25,3,15,710,345631,NSEI,56.8885,-134.669333,56.9065,-134.673,641.9088,,,,,,,,,,Retained,,344
2025,611,1,710,37833,ILONA B,8/2/2025 14:25,3,15,710,345631,NSEI,56.8885,-134.669333,56.9065,-134.673,641.9088,,,,,,,,,,Retained,,345
2025,611,1,710,37833,ILONA B,8/2/2025 14:25,3,15,710,345631,NSEI,56.8885,-134.669333,56.9065,-134.673,641.9088,,,,,,,,,,Retained,,346
2025,611,1,710,37833,ILONA B,8/2/2025 14:25,3,15,710,345631,NSEI,56.8885,-134.669333,56.9065,-134.673,641.9088,,,,,,,,,,Retained,,347
2025,611,1,710,37833,ILONA B,8/2/2025 14:25,3,15,710,345631,NSEI,56.8885,-134.669333,56.9065,-134.673,641.9088,,,,,,,,,,Retained,,348
2025,611,1,710,37833,ILONA B,8/2/2025 14:25,3,15,710,345631,NSEI,56.8885,-134.669333,56.9065,-134.673,641.9088,,,,,,,,,,Retained,,349
2025,611,1,710,37833,ILONA B,8/2/2025 14:25,3,15,710,345631,NSEI,56.8885,-134.669333,56.9065,-134.673,641.9088,,,,,,,,,,Retained,,350
2025,611,1,710,37833,ILONA B,8/2/2025 14:25,3,15,710,345631,NSEI,56.8885,-134.669333,56.9065,-134.673,641.9088,,,,,,,,,,Retained,,351
2025,611,1,710,37833,ILONA B,8/2/2025 14:25,3,15,710,345631,NSEI,56.8885,-134.669333,56.9065,-134.673,641.9088,,,,,,,,,,Retained,,352
2025,611,1,710,37833,ILONA B,8/2/2025 14:25,3,15,710,345631,NSEI,56.8885,-134.669333,56.9065,-134.673,641.9088,,,,,,,,,,Retained,,353
2025,611,1,710,37833,ILONA B,8/2/2025 14:25,3,15,710,345631,NSEI,56.8885,-134.669333,56.9065,-134.673,641.9088,,,,,,,,,,Retained,,354
2025,611,1,710,37833,ILONA B,8/2/2025 14:25,3,15,710,345631,NSEI,56.8885,-134.669333,56.9065,-134.673,641.9088,,,,,,,,,,Retained,,355
2025,611,1,710,37833,ILONA B,8/2/2025 14:25,3,15,710,345631,NSEI,56.8885,-134.669333,56.9065,-134.673,641.9088,,,,,,,,,,Retained,,356
2025,611,1,710,37833,ILONA B,8/2/2025 14:25,3,15,710,345631,NSEI,56.8885,-134.669333,56.9065,-134.673,641.9088,,,,,,,,,,Retained,,357
2025,611,1,710,37833,ILONA B,8/2/2025 14:25,3,15,710,345631,NSEI,56.8885,-134.669333,56.9065,-134.673,641.9088,,,,,,,,,,Retained,,358
2025,611,1,710,37833,ILONA B,8/2/2025 14:25,3,15,710,345631,NSEI,56.8885,-134.669333,56.9065,-134.673,641.9088,,,,,,,,,,Retained,,359
2025,611,1,710,37833,ILONA B,8/2/2025 14:25,3,15,710,345631,NSEI,56.8885,-134.669333,56.9065,-134.673,641.9088,,,,,,,,,,Retained,,360
2025,611,1,710,37833,ILONA B,8/2/2025 14:25,3,15,710,345631,NSEI,56.8885,-134.669333,56.9065,-134.673,641.9088,,,,,,,,,,Retained,,361
2025,611,1,710,37833,ILONA B,8/2/2025 14:25,3,15,710,345631,NSEI,56.8885,-134.669333,56.9065,-134.673,641.9088,,,,,,,,,,Retained,,362
2025,611,1,710,37833,ILONA B,8/2/2025 14:25,3,15,710,345631,NSEI,56.8885,-134.669333,56.9065,-134.673,641.9088,,,,,,,,,,Retained,,363
2025,611,1,710,37833,ILONA B,8/2/2025 14:25,3,15,710,345631,NSEI,56.8885,-134.669333,56.9065,-134.673,641.9088,,,,,,,,,,Retained,,364
2025,611,1,710,37833,ILONA B,8/2/2025 14:25,3,15,710,345631,NSEI,56.8885,-134.669333,56.9065,-134.673,641.9088,,,,,,,,,,Retained,,365
2025,611,1,710,37833,ILONA B,8/2/2025 14:25,3,15,710,345631,NSEI,56.8885,-134.669333,56.9065,-134.673,641.9088,,,,,,,,,,Retained,,366
2025,611,1,710,37833,ILONA B,8/2/2025 14:25,3,15,710,345631,NSEI,56.8885,-134.669333,56.9065,-134.673,641.9088,,,,,,,,,,Retained,,367
2025,611,1,710,37833,ILONA B,8/2/2025 14:25,3,15,710,345631,NSEI,56.8885,-134.669333,56.9065,-134.673,641.9088,,,,,,,,,,Retained,,368
2025,611,1,710,37833,ILONA B,8/2/2025 14:25,3,15,710,345631,NSEI,56.8885,-134.669333,56.9065,-134.673,641.9088,,,,,,,,,,Retained,,369
2025,611,1,710,37833,ILONA B,8/2/2025 14:25,3,15,710,345631,NSEI,56.8885,-134.669333,56.9065,-134.673,641.9088,,,,,,,,,,Retained,,370
2025,611,1,710,37833,ILONA B,8/2/2025 14:25,3,15,710,345631,NSEI,56.8885,-134.669333,56.9065,-134.673,641.9088,,,,,,,,,,Retained,,371
2025,611,1,710,37833,ILONA B,8/2/2025 14:25,3,15,710,345631,NSEI,56.8885,-134.669333,56.9065,-134.673,641.9088,,,,,,,,,,Retained,,372
2025,611,1,710,37833,ILONA B,8/2/2025 14:25,3,15,710,345631,NSEI,56.8885,-134.669333,56.9065,-134.673,641.9088,,,,,,,,,,Retained,,373
2025,611,1,710,37833,ILONA B,8/2/2025 14:25,3,15,710,345631,NSEI,56.8885,-134.669333,56.9065,-134.673,641.9088,,,,,,,,,,Retained,,374
2025,611,1,710,37833,ILONA B,8/2/2025 14:25,3,15,710,345631,NSEI,56.8885,-134.669333,56.9065,-134.673,641.9088,,,,,,,,,,Retained,,375
2025,611,1,710,37833,ILONA B,8/2/2025 14:25,3,15,710,345631,NSEI,56.8885,-134.669333,56.9065,-134.673,641.9088,,,,,,,,,,Retained,,376
2025,611,1,710,37833,ILONA B,8/2/2025 14:25,3,15,710,345631,NSEI,56.8885,-134.669333,56.9065,-134.673,641.9088,,,,,,,,,,Retained,,377
2025,611,1,710,37833,ILONA B,8/2/2025 14:25,3,15,710,345631,NSEI,56.8885,-134.669333,56.9065,-134.673,641.9088,,,,,,,,,,Retained,,378
2025,611,1,710,37833,ILONA B,8/2/2025 14:25,3,15,710,345631,NSEI,56.8885,-134.669333,56.9065,-134.673,641.9088,,,,,,,,,,Retained,,379
2025,611,1,710,37833,ILONA B,8/2/2025 14:25,3,15,710,345631,NSEI,56.8885,-134.669333,56.9065,-134.673,641.9088,,,,,,,,,,Retained,,380
2025,611,1,710,37833,ILONA B,8/2/2025 14:25,3,15,710,345631,NSEI,56.8885,-134.669333,56.9065,-134.673,641.9088,,,,,,,,,,Retained,,381
2025,611,1,710,37833,ILONA B,8/2/2025 14:25,3,15,710,345631,NSEI,56.8885,-134.669333,56.9065,-134.673,641.9088,,,,,,,,,,Retained,,382
2025,611,1,710,37833,ILONA B,8/2/2025 14:25,3,15,710,345631,NSEI,56.8885,-134.669333,56.9065,-134.673,641.9088,,,,,,,,,,Retained,,383
2025,611,1,710,37833,ILONA B,8/2/2025 14:25,3,15,710,345631,NSEI,56.8885,-134.669333,56.9065,-134.673,641.9088,,,,,,,,,,Retained,,384
2025,611,1,710,37833,ILONA B,8/2/2025 14:25,3,15,710,345631,NSEI,56.8885,-134.669333,56.9065,-134.673,641.9088,,,,,,,,,,Retained,,385
2025,611,1,710,37833,ILONA B,8/2/2025 14:25,3,15,710,345631,NSEI,56.8885,-134.669333,56.9065,-134.673,641.9088,,,,,,,,,,Retained,,386
2025,611,1,710,37833,ILONA B,8/2/2025 14:25,3,15,710,345631,NSEI,56.8885,-134.669333,56.9065,-134.673,641.9088,,,,,,,,,,Retained,,387
2025,611,1,710,37833,ILONA B,8/2/2025 14:25,3,15,710,345631,NSEI,56.8885,-134.669333,56.9065,-134.673,641.9088,,,,,,,,,,Retained,,388
2025,611,1,710,37833,ILONA B,8/2/2025 14:25,3,15,710,345631,NSEI,56.8885,-134.669333,56.9065,-134.673,641.9088,,,,,,,,,,Retained,,389
2025,611,1,710,37833,ILONA B,8/2/2025 14:25,3,15,710,345631,NSEI,56.8885,-134.669333,56.9065,-134.673,641.9088,,,,,,,,,,Retained,,390
2025,611,1,710,37833,ILONA B,8/2/2025 14:25,3,15,710,345631,NSEI,56.8885,-134.669333,56.9065,-134.673,641.9088,,,,,,,,,,Retained,,391
2025,611,1,710,37833,ILONA B,8/2/2025 14:25,3,15,710,345631,NSEI,56.8885,-134.669333,56.9065,-134.673,641.9088,,,,,,,,,,Retained,,392
2025,611,1,710,37833,ILONA B,8/2/2025 14:25,3,15,710,345631,NSEI,56.8885,-134.669333,56.9065,-134.673,641.9088,,,,,,,,,,Retained,,393
2025,611,1,710,37833,ILONA B,8/2/2025 14:25,3,15,710,345631,NSEI,56.8885,-134.669333,56.9065,-134.673,641.9088,,,,,,,,,,Retained,,394
2025,611,1,710,37833,ILONA B,8/2/2025 14:25,3,15,710,345631,NSEI,56.8885,-134.669333,56.9065,-134.673,641.9088,,,,,,,,,,Retained,,395
2025,611,1,710,37833,ILONA B,8/2/2025 14:25,3,15,710,345631,NSEI,56.8885,-134.669333,56.9065,-134.673,641.9088,,,,,,,,,,Retained,,396
2025,611,1,710,37833,ILONA B,8/2/2025 14:25,3,15,710,345631,NSEI,56.8885,-134.669333,56.9065,-134.673,641.9088,,,,,,,,,,Retained,,397
2025,611,1,710,37833,ILONA B,8/2/2025 14:25,3,15,710,345631,NSEI,56.8885,-134.669333,56.9065,-134.673,641.9088,,,,,,,,,,Retained,,398
2025,611,1,710,37833,ILONA B,8/2/2025 14:25,3,15,710,345631,NSEI,56.8885,-134.669333,56.9065,-134.673,641.9088,,,,,,,,,,Retained,,399
2025,611,1,710,37833,ILONA B,8/2/2025 14:25,3,15,710,345631,NSEI,56.8885,-134.669333,56.9065,-134.673,641.9088,,,,,,,,,,Retained,,400
2025,611,1,710,37833,ILONA B,8/2/2025 14:25,3,15,710,345631,NSEI,56.8885,-134.669333,56.9065,-134.673,641.9088,,,,,,,,,,Retained,,401
2025,611,1,710,37833,ILONA B,8/2/2025 14:25,3,15,710,345631,NSEI,56.8885,-134.669333,56.9065,-134.673,641.9088,,,,,,,,,,Retained,,402
2025,611,1,710,37833,ILONA B,8/2/2025 14:25,3,15,710,345631,NSEI,56.8885,-134.669333,56.9065,-134.673,641.9088,,,,,,,,,,Retained,,403
2025,611,1,710,37833,ILONA B,8/2/2025 14:25,3,15,710,345631,NSEI,56.8885,-134.669333,56.9065,-134.673,641.9088,,,,,,,,,,Retained,,404
2025,611,1,710,37833,ILONA B,8/2/2025 14:25,3,15,710,345631,NSEI,56.8885,-134.669333,56.9065,-134.673,641.9088,,,,,,,,,,Retained,,405
2025,611,1,710,37833,ILONA B,8/2/2025 14:25,3,15,710,345631,NSEI,56.8885,-134.669333,56.9065,-134.673,641.9088,,,,,,,,,,Retained,,406
2025,611,1,710,37833,ILONA B,8/2/2025 14:25,3,15,710,345631,NSEI,56.8885,-134.669333,56.9065,-134.673,641.9088,,,,,,,,,,Retained,,407
2025,611,1,710,37833,ILONA B,8/2/2025 14:25,3,15,710,345631,NSEI,56.8885,-134.669333,56.9065,-134.673,641.9088,,,,,,,,,,Retained,,408
2025,611,1,710,37833,ILONA B,8/2/2025 14:25,3,15,710,345631,NSEI,56.8885,-134.669333,56.9065,-134.673,641.9088,,,,,,,,,,Retained,,409
2025,611,1,710,37833,ILONA B,8/2/2025 14:25,3,15,710,345631,NSEI,56.8885,-134.669333,56.9065,-134.673,641.9088,,,,,,,,,,Retained,,410
2025,611,1,710,37833,ILONA B,8/2/2025 14:25,3,15,710,345631,NSEI,56.8885,-134.669333,56.9065,-134.673,641.9088,,,,,,,,,,Retained,,411
2025,611,1,710,37833,ILONA B,8/2/2025 14:25,3,15,710,345631,NSEI,56.8885,-134.669333,56.9065,-134.673,641.9088,,,,,,,,,,Retained,,412
2025,611,1,710,37833,ILONA B,8/2/2025 14:25,3,15,710,345631,NSEI,56.8885,-134.669333,56.9065,-134.673,641.9088,,,,,,,,,,Retained,,413
2025,611,1,710,37833,ILONA B,8/2/2025 14:25,3,15,710,345631,NSEI,56.8885,-134.669333,56.9065,-134.673,641.9088,,,,,,,,,,Retained,,414
2025,611,1,710,37833,ILONA B,8/2/2025 14:25,3,15,710,345631,NSEI,56.8885,-134.669333,56.9065,-134.673,641.9088,,,,,,,,,,Retained,,415
2025,611,1,710,37833,ILONA B,8/2/2025 14:25,3,15,710,345631,NSEI,56.8885,-134.669333,56.9065,-134.673,641.9088,,,,,,,,,,Retained,,416
2025,611,1,710,37833,ILONA B,8/2/2025 14:25,3,15,710,345631,NSEI,56.8885,-134.669333,56.9065,-134.673,641.9088,,,,,,,,,,Retained,,417
2025,611,1,710,37833,ILONA B,8/2/2025 14:25,3,15,710,345631,NSEI,56.8885,-134.669333,56.9065,-134.673,641.9088,,,,,,,,,,Retained,,418
2025,611,1,710,37833,ILONA B,8/2/2025 14:25,3,15,710,345631,NSEI,56.8885,-134.669333,56.9065,-134.673,641.9088,,,,,,,,,,Retained,,419
2025,611,1,710,37833,ILONA B,8/2/2025 14:25,3,15,710,345631,NSEI,56.8885,-134.669333,56.9065,-134.673,641.9088,,,,,,,,,,Retained,,420
2025,611,1,710,37833,ILONA B,8/2/2025 14:25,3,15,710,345631,NSEI,56.8885,-134.669333,56.9065,-134.673,641.9088,,,,,,,,,,Retained,,421
2025,611,1,710,37833,ILONA B,8/2/2025 14:25,3,15,710,345631,NSEI,56.8885,-134.669333,56.9065,-134.673,641.9088,,,,,,,,,,Retained,,422
2025,611,1,710,37833,ILONA B,8/2/2025 14:25,3,15,710,345631,NSEI,56.8885,-134.669333,56.9065,-134.673,641.9088,,,,,,,,,,Retained,,423
2025,611,1,710,37833,ILONA B,8/2/2025 14:25,3,15,710,345631,NSEI,56.8885,-134.669333,56.9065,-134.673,641.9088,,,,,,,,,,Retained,,424
2025,611,1,710,37833,ILONA B,8/2/2025 14:25,3,15,710,345631,NSEI,56.8885,-134.669333,56.9065,-134.673,641.9088,,,,,,,,,,Retained,,425
2025,611,1,710,37833,ILONA B,8/2/2025 14:25,3,15,710,345631,NSEI,56.8885,-134.669333,56.9065,-134.673,641.9088,,,,,,,,,,Retained,,426
2025,611,1,710,37833,ILONA B,8/2/2025 14:25,3,15,710,345631,NSEI,56.8885,-134.669333,56.9065,-134.673,641.9088,,,,,,,,,,Retained,,427
2025,611,1,710,37833,ILONA B,8/2/2025 14:25,3,15,710,345631,NSEI,56.8885,-134.669333,56.9065,-134.673,641.9088,,,,,,,,,,Retained,,428
2025,611,1,710,37833,ILONA B,8/2/2025 14:25,3,15,710,345631,NSEI,56.8885,-134.669333,56.9065,-134.673,641.9088,,,,,,,,,,Retained,,429
2025,611,1,710,37833,ILONA B,8/2/2025 14:25,3,15,710,345631,NSEI,56.8885,-134.669333,56.9065,-134.673,641.9088,,,,,,,,,,Retained,,430
2025,611,1,710,37833,ILONA B,8/2/2025 14:25,3,15,710,345631,NSEI,56.8885,-134.669333,56.9065,-134.673,641.9088,,,,,,,,,,Retained,,431
2025,611,1,710,37833,ILONA B,8/2/2025 14:25,3,15,710,345631,NSEI,56.8885,-134.669333,56.9065,-134.673,641.9088,,,,,,,,,,Retained,,432
2025,611,1,710,37833,ILONA B,8/2/2025 14:25,3,15,710,345631,NSEI,56.8885,-134.669333,56.9065,-134.673,641.9088,,,,,,,,,,Retained,,433
2025,611,1,710,37833,ILONA B,8/2/2025 14:25,3,15,710,345631,NSEI,56.8885,-134.669333,56.9065,-134.673,641.9088,,,,,,,,,,Retained,,434
2025,611,1,710,37833,ILONA B,8/2/2025 14:25,3,15,710,345631,NSEI,56.8885,-134.669333,56.9065,-134.673,641.9088,,,,,,,,,,Retained,,435
2025,611,1,710,37833,ILONA B,8/2/2025 14:25,3,15,710,345631,NSEI,56.8885,-134.669333,56.9065,-134.673,641.9088,,,,,,,,,,Retained,,436
2025,611,1,710,37833,ILONA B,8/2/2025 14:25,3,15,710,345631,NSEI,56.8885,-134.669333,56.9065,-134.673,641.9088,,,,,,,,,,Retained,,437
2025,611,1,710,37833,ILONA B,8/2/2025 14:25,3,15,710,345631,NSEI,56.8885,-134.669333,56.9065,-134.673,641.9088,,,,,,,,,,Retained,,438
2025,611,1,710,37833,ILONA B,8/2/2025 14:25,3,15,710,345631,NSEI,56.8885,-134.669333,56.9065,-134.673,641.9088,,,,,,,,,,Retained,,439
2025,611,1,710,37833,ILONA B,8/2/2025 14:25,3,15,710,345631,NSEI,56.8885,-134.669333,56.9065,-134.673,641.9088,,,,,,,,,,Retained,,440
2025,611,1,710,37833,ILONA B,8/2/2025 14:25,3,15,710,345631,NSEI,56.8885,-134.669333,56.9065,-134.673,641.9088,,,,,,,,,,Retained,,441
2025,611,1,710,37833,ILONA B,8/2/2025 14:25,3,15,710,345631,NSEI,56.8885,-134.669333,56.9065,-134.673,641.9088,,,,,,,,,,Retained,,442
2025,611,1,710,37833,ILONA B,8/2/2025 14:25,3,15,710,345631,NSEI,56.8885,-134.669333,56.9065,-134.673,641.9088,,,,,,,,,,Retained,,443
2025,611,1,710,37833,ILONA B,8/2/2025 14:25,3,15,710,345631,NSEI,56.8885,-134.669333,56.9065,-134.673,641.9088,,,,,,,,,,Retained,,444
2025,611,1,710,37833,ILONA B,8/2/2025 14:25,3,15,710,345631,NSEI,56.8885,-134.669333,56.9065,-134.673,641.9088,,,,,,,,,,Retained,,445
2025,611,1,710,37833,ILONA B,8/2/2025 14:25,3,15,710,345631,NSEI,56.8885,-134.669333,56.9065,-134.673,641.9088,,,,,,,,,,Retained,,446
2025,611,1,710,37833,ILONA B,8/2/2025 14:25,3,15,710,345631,NSEI,56.8885,-134.669333,56.9065,-134.673,641.9088,,,,,,,,,,Retained,,447
2025,611,1,710,37833,ILONA B,8/2/2025 14:25,3,15,710,345631,NSEI,56.8885,-134.669333,56.9065,-134.673,641.9088,,,,,,,,,,Retained,,448
2025,611,1,710,37833,ILONA B,8/2/2025 14:25,3,15,710,345631,NSEI,56.8885,-134.669333,56.9065,-134.673,641.9088,,,,,,,,,,Retained,,449
2025,611,1,710,37833,ILONA B,8/2/2025 14:25,3,15,710,345631,NSEI,56.8885,-134.669333,56.9065,-134.673,641.9088,,,,,,,,,,Retained,,450
2025,611,1,710,37833,ILONA B,8/2/2025 14:25,3,15,710,345631,NSEI,56.8885,-134.669333,56.9065,-134.673,641.9088,,,,,,,,,,Retained,,451
2025,611,1,710,37833,ILONA B,8/2/2025 14:25,3,15,710,345631,NSEI,56.8885,-134.669333,56.9065,-134.673,641.9088,,,,,,,,,,Retained,,452
2025,611,1,710,37833,ILONA B,8/2/2025 14:25,3,15,710,345631,NSEI,56.8885,-134.669333,56.9065,-134.673,641.9088,,,,,,,,,,Retained,,453
2025,611,1,710,37833,ILONA B,8/2/2025 14:25,3,15,710,345631,NSEI,56.8885,-134.669333,56.9065,-134.673,641.9088,,,,,,,,,,Retained,,454
2025,611,1,710,37833,ILONA B,8/2/2025 14:25,3,15,710,345631,NSEI,56.8885,-134.669333,56.9065,-134.673,641.9088,,,,,,,,,,Retained,,455
2025,611,1,710,37833,ILONA B,8/2/2025 14:25,3,15,710,345631,NSEI,56.8885,-134.669333,56.9065,-134.673,641.9088,,,,,,,,,,Retained,,456
2025,611,1,710,37833,ILONA B,8/2/2025 14:25,3,15,710,345631,NSEI,56.8885,-134.669333,56.9065,-134.673,641.9088,,,,,,,,,,Retained,,457
2025,611,1,710,37833,ILONA B,8/2/2025 14:25,3,15,710,345631,NSEI,56.8885,-134.669333,56.9065,-134.673,641.9088,,,,,,,,,,Retained,,458
2025,611,1,710,37833,ILONA B,8/2/2025 14:25,3,15,710,345631,NSEI,56.8885,-134.669333,56.9065,-134.673,641.9088,,,,,,,,,,Retained,,459
2025,611,1,710,37833,ILONA B,8/2/2025 14:25,3,15,710,345631,NSEI,56.8885,-134.669333,56.9065,-134.673,641.9088,,,,,,,,,,Retained,,460
2025,611,1,710,37833,ILONA B,8/2/2025 14:25,3,15,710,345631,NSEI,56.8885,-134.669333,56.9065,-134.673,641.9088,,,,,,,,,,Retained,,461
2025,611,1,710,37833,ILONA B,8/2/2025 14:25,3,15,710,345631,NSEI,56.8885,-134.669333,56.9065,-134.673,641.9088,,,,,,,,,,Retained,,462
2025,611,1,710,37833,ILONA B,8/2/2025 14:25,3,15,710,345631,NSEI,56.8885,-134.669333,56.9065,-134.673,641.9088,,,,,,,,,,Retained,,463
2025,611,1,710,37833,ILONA B,8/2/2025 14:25,3,15,710,345631,NSEI,56.8885,-134.669333,56.9065,-134.673,641.9088,,,,,,,,,,Retained,,464
2025,611,1,710,37833,ILONA B,8/2/2025 14:25,3,15,710,345631,NSEI,56.8885,-134.669333,56.9065,-134.673,641.9088,,,,,,,,,,Retained,,465
2025,611,1,710,37833,ILONA B,8/2/2025 14:25,3,15,710,345631,NSEI,56.8885,-134.669333,56.9065,-134.673,641.9088,,,,,,,,,,Retained,,466
2025,611,1,710,37833,ILONA B,8/2/2025 14:25,3,15,710,345631,NSEI,56.8885,-134.669333,56.9065,-134.673,641.9088,,,,,,,,,,Retained,,467
2025,611,1,710,37833,ILONA B,8/2/2025 14:25,3,15,710,345631,NSEI,56.8885,-134.669333,56.9065,-134.673,641.9088,,,,,,,,,,Retained,,468
2025,611,1,710,37833,ILONA B,8/2/2025 14:25,3,15,710,345631,NSEI,56.8885,-134.669333,56.9065,-134.673,641.9088,,,,,,,,,,Retained,,469
2025,611,1,710,37833,ILONA B,8/2/2025 14:25,3,15,710,345631,NSEI,56.8885,-134.669333,56.9065,-134.673,641.9088,,,,,,,,,,Retained,,470
2025,611,1,710,37833,ILONA B,8/2/2025 14:25,3,15,710,345631,NSEI,56.8885,-134.669333,56.9065,-134.673,641.9088,,,,,,,,,,Retained,,471
2025,611,1,710,37833,ILONA B,8/2/2025 14:25,3,15,710,345631,NSEI,56.8885,-134.669333,56.9065,-134.673,641.9088,,,,,,,,,,Retained,,472
2025,611,1,710,37833,ILONA B,8/2/2025 14:25,3,15,710,345631,NSEI,56.8885,-134.669333,56.9065,-134.673,641.9088,,,,,,,,,,Retained,,473
2025,611,1,710,37833,ILONA B,8/2/2025 14:25,3,15,710,345631,NSEI,56.8885,-134.669333,56.9065,-134.673,641.9088,,,,,,,,,,Retained,,474
2025,611,1,710,37833,ILONA B,8/2/2025 14:25,3,15,710,345631,NSEI,56.8885,-134.669333,56.9065,-134.673,641.9088,,,,,,,,,,Retained,,475
2025,611,1,710,37833,ILONA B,8/2/2025 14:25,3,15,710,345631,NSEI,56.8885,-134.669333,56.9065,-134.673,641.9088,,,,,,,,,,Retained,,476
2025,611,1,710,37833,ILONA B,8/2/2025 14:25,3,15,710,345631,NSEI,56.8885,-134.669333,56.9065,-134.673,641.9088,,,,,,,,,,Retained,,477
2025,611,1,710,37833,ILONA B,8/2/2025 14:25,3,15,710,345631,NSEI,56.8885,-134.669333,56.9065,-134.673,641.9088,,,,,,,,,,Retained,,478
2025,611,1,710,37833,ILONA B,8/2/2025 14:25,3,15,710,345631,NSEI,56.8885,-134.669333,56.9065,-134.673,641.9088,,,,,,,,,,Retained,,479
2025,611,1,710,37833,ILONA B,8/2/2025 14:25,3,15,710,345631,NSEI,56.8885,-134.669333,56.9065,-134.673,641.9088,,,,,,,,,,Retained,,480
2025,611,1,710,37833,ILONA B,8/2/2025 14:25,3,15,710,345631,NSEI,56.8885,-134.669333,56.9065,-134.673,641.9088,,,,,,,,,,Retained,,481
2025,611,1,710,37833,ILONA B,8/2/2025 14:25,3,15,710,345631,NSEI,56.8885,-134.669333,56.9065,-134.673,641.9088,,,,,,,,,,Retained,,482
2025,611,1,710,37833,ILONA B,8/2/2025 14:25,3,15,710,345631,NSEI,56.8885,-134.669333,56.9065,-134.673,641.9088,,,,,,,,,,Retained,,483
2025,611,1,710,37833,ILONA B,8/2/2025 14:25,3,15,710,345631,NSEI,56.8885,-134.669333,56.9065,-134.673,641.9088,,,,,,,,,,Retained,,484
2025,611,1,710,37833,ILONA B,8/2/2025 14:25,3,15,710,345631,NSEI,56.8885,-134.669333,56.9065,-134.673,641.9088,,,,,,,,,,Retained,,485
2025,611,1,710,37833,ILONA B,8/2/2025 14:25,3,15,710,345631,NSEI,56.8885,-134.669333,56.9065,-134.673,641.9088,,,,,,,,,,Retained,,486
2025,611,1,710,37833,ILONA B,8/2/2025 14:25,3,15,710,345631,NSEI,56.8885,-134.669333,56.9065,-134.673,641.9088,,,,,,,,,,Retained,,487
2025,611,1,710,37833,ILONA B,8/2/2025 14:25,3,15,710,345631,NSEI,56.8885,-134.669333,56.9065,-134.673,641.9088,,,,,,,,,,Retained,,488
2025,611,1,710,37833,ILONA B,8/2/2025 14:25,3,15,710,345631,NSEI,56.8885,-134.669333,56.9065,-134.673,641.9088,,,,,,,,,,Retained,,489
2025,611,1,710,37833,ILONA B,8/2/2025 14:25,3,15,710,345631,NSEI,56.8885,-134.669333,56.9065,-134.673,641.9088,,,,,,,,,,Retained,,490
2025,611,1,710,37833,ILONA B,8/2/2025 14:25,3,15,710,345631,NSEI,56.8885,-134.669333,56.9065,-134.673,641.9088,,,,,,,,,,Retained,,491
2025,611,1,710,37833,ILONA B,8/2/2025 14:25,3,15,710,345631,NSEI,56.8885,-134.669333,56.9065,-134.673,641.9088,,,,,,,,,,Retained,,492
2025,611,1,710,37833,ILONA B,8/2/2025 14:25,3,15,710,345631,NSEI,56.8885,-134.669333,56.9065,-134.673,641.9088,,,,,,,,,,Retained,,493
2025,611,1,710,37833,ILONA B,8/2/2025 14:25,3,15,710,345631,NSEI,56.8885,-134.669333,56.9065,-134.673,641.9088,,,,,,,,,,Retained,,494
2025,611,1,710,37833,ILONA B,8/2/2025 14:25,3,15,710,345631,NSEI,56.8885,-134.669333,56.9065,-134.673,641.9088,,,,,,,,,,Retained,,495
2025,611,1,710,37833,ILONA B,8/2/2025 14:25,3,15,710,345631,NSEI,56.8885,-134.669333,56.9065,-134.673,641.9088,,,,,,,,,,Retained,,496
2025,611,1,710,37833,ILONA B,8/2/2025 14:25,3,15,710,345631,NSEI,56.8885,-134.669333,56.9065,-134.673,641.9088,,,,,,,,,,Retained,,497
2025,611,1,710,37833,ILONA B,8/2/2025 14:25,3,15,710,345631,NSEI,56.8885,-134.669333,56.9065,-134.673,641.9088,,,,,,,,,,Retained,,498
2025,611,1,710,37833,ILONA B,8/2/2025 14:25,3,15,710,345631,NSEI,56.8885,-134.669333,56.9065,-134.673,641.9088,,,,,,,,,,Retained,,499
2025,611,1,710,37833,ILONA B,8/2/2025 14:25,3,15,710,345631,NSEI,56.8885,-134.669333,56.9065,-134.673,641.9088,,,,,,,,,,Retained,,500
2025,611,1,710,37833,ILONA B,8/2/2025 14:25,3,15,710,345631,NSEI,56.8885,-134.669333,56.9065,-134.673,641.9088,,,,,,,,,,Retained,,501
2025,611,1,710,37833,ILONA B,8/2/2025 14:25,3,15,710,345631,NSEI,56.8885,-134.669333,56.9065,-134.673,641.9088,,,,,,,,,,Retained,,502
2025,611,1,710,37833,ILONA B,8/2/2025 14:25,3,15,710,345631,NSEI,56.8885,-134.669333,56.9065,-134.673,641.9088,,,,,,,,,,Retained,,503
2025,611,1,710,37833,ILONA B,8/2/2025 14:25,3,15,710,345631,NSEI,56.8885,-134.669333,56.9065,-134.673,641.9088,,,,,,,,,,Retained,,504
2025,611,1,710,37833,ILONA B,8/2/2025 14:25,3,15,710,345631,NSEI,56.8885,-134.669333,56.9065,-134.673,641.9088,,,,,,,,,,Retained,,505
2025,611,1,710,37833,ILONA B,8/2/2025 14:25,3,15,710,345631,NSEI,56.8885,-134.669333,56.9065,-134.673,641.9088,,,,,,,,,,Retained,,506
2025,611,1,710,37833,ILONA B,8/2/2025 14:25,3,15,710,345631,NSEI,56.8885,-134.669333,56.9065,-134.673,641.9088,,,,,,,,,,Retained,,507
2025,611,1,710,37833,ILONA B,8/2/2025 14:25,3,15,710,345631,NSEI,56.8885,-134.669333,56.9065,-134.673,641.9088,,,,,,,,,,Retained,,508
2025,611,1,710,37833,ILONA B,8/2/2025 14:25,3,15,710,345631,NSEI,56.8885,-134.669333,56.9065,-134.673,641.9088,,,,,,,,,,Retained,,509
2025,611,1,710,37833,ILONA B,8/2/2025 14:25,3,15,710,345631,NSEI,56.8885,-134.669333,56.9065,-134.673,641.9088,,,,,,,,,,Retained,,510
2025,611,1,710,37833,ILONA B,8/2/2025 14:25,3,15,710,345631,NSEI,56.8885,-134.669333,56.9065,-134.673,641.9088,,,,,,,,,,Retained,,511
2025,611,1,710,37833,ILONA B,8/2/2025 14:25,3,15,710,345631,NSEI,56.8885,-134.669333,56.9065,-134.673,641.9088,,,,,,,,,,Retained,,512
2025,611,1,710,37833,ILONA B,8/2/2025 14:25,3,15,710,345631,NSEI,56.8885,-134.669333,56.9065,-134.673,641.9088,,,,,,,,,,Retained,,513
2025,611,1,710,37833,ILONA B,8/2/2025 14:25,3,15,710,345631,NSEI,56.8885,-134.669333,56.9065,-134.673,641.9088,,,,,,,,,,Retained,,514
2025,611,1,710,37833,ILONA B,8/2/2025 14:25,3,15,710,345631,NSEI,56.8885,-134.669333,56.9065,-134.673,641.9088,,,,,,,,,,Retained,,515
2025,611,1,710,37833,ILONA B,8/2/2025 17:19,4,16,710,345631,NSEI,56.889333,-134.615,56.905667,-134.616167,654.7104,47,,,,,00,09,,,Retained,,69
2025,611,1,710,37833,ILONA B,8/2/2025 17:19,4,16,710,345631,NSEI,56.889333,-134.615,56.905667,-134.616167,654.7104,47,,,,,00,09,,,Retained,,133
2025,611,1,710,37833,ILONA B,8/2/2025 17:19,4,16,710,345631,NSEI,56.889333,-134.615,56.905667,-134.616167,654.7104,50,1.2,7,,03,02,01,,,Retained,,86
2025,611,1,710,37833,ILONA B,8/2/2025 17:19,4,16,710,345631,NSEI,56.889333,-134.615,56.905667,-134.616167,654.7104,51,,,,,00,09,,,Retained,,93
2025,611,1,710,37833,ILONA B,8/2/2025 17:19,4,16,710,345631,NSEI,56.889333,-134.615,56.905667,-134.616167,654.7104,52,1.4,4,,02,02,01,,,Retained,,51
2025,611,1,710,37833,ILONA B,8/2/2025 17:19,4,16,710,345631,NSEI,56.889333,-134.615,56.905667,-134.616167,654.7104,52,1.4,7,,03,02,01,,,Retained,,6
2025,611,1,710,37833,ILONA B,8/2/2025 17:19,4,16,710,345631,NSEI,56.889333,-134.615,56.905667,-134.616167,654.7104,52,,,,,00,09,,,Retained,,59
2025,611,1,710,37833,ILONA B,8/2/2025 17:19,4,16,710,345631,NSEI,56.889333,-134.615,56.905667,-134.616167,654.7104,52,,,,,00,09,,,Retained,,138
2025,611,1,710,37833,ILONA B,8/2/2025 17:19,4,16,710,345631,NSEI,56.889333,-134.615,56.905667,-134.616167,654.7104,53,,,,,00,09,,,Retained,,49
2025,611,1,710,37833,ILONA B,8/2/2025 17:19,4,16,710,345631,NSEI,56.889333,-134.615,56.905667,-134.616167,654.7104,53,,,,,00,09,,,Retained,,90
2025,611,1,710,37833,ILONA B,8/2/2025 17:19,4,16,710,345631,NSEI,56.889333,-134.615,56.905667,-134.616167,654.7104,53,,,,,00,09,,,Retained,,95
2025,611,1,710,37833,ILONA B,8/2/2025 17:19,4,16,710,345631,NSEI,56.889333,-134.615,56.905667,-134.616167,654.7104,54,,,,,00,09,,,Retained,,8
2025,611,1,710,37833,ILONA B,8/2/2025 17:19,4,16,710,345631,NSEI,56.889333,-134.615,56.905667,-134.616167,654.7104,54,,,,,00,09,,,Retained,,9
2025,611,1,710,37833,ILONA B,8/2/2025 17:19,4,16,710,345631,NSEI,56.889333,-134.615,56.905667,-134.616167,654.7104,54,,,,,00,09,,,Retained,,20
2025,611,1,710,37833,ILONA B,8/2/2025 17:19,4,16,710,345631,NSEI,56.889333,-134.615,56.905667,-134.616167,654.7104,54,,,,,00,09,,,Retained,,25
2025,611,1,710,37833,ILONA B,8/2/2025 17:19,4,16,710,345631,NSEI,56.889333,-134.615,56.905667,-134.616167,654.7104,54,,,,,00,09,,,Retained,,94
2025,611,1,710,37833,ILONA B,8/2/2025 17:19,4,16,710,345631,NSEI,56.889333,-134.615,56.905667,-134.616167,654.7104,55,1.7,5,,03,01,01,,,Retained,,101
2025,611,1,710,37833,ILONA B,8/2/2025 17:19,4,16,710,345631,NSEI,56.889333,-134.615,56.905667,-134.616167,654.7104,55,,,,,00,09,,,Retained,,4
2025,611,1,710,37833,ILONA B,8/2/2025 17:19,4,16,710,345631,NSEI,56.889333,-134.615,56.905667,-134.616167,654.7104,55,,,,,00,09,,,Retained,,18
2025,611,1,710,37833,ILONA B,8/2/2025 17:19,4,16,710,345631,NSEI,56.889333,-134.615,56.905667,-134.616167,654.7104,55,,,,,00,09,,,Retained,,119
2025,611,1,710,37833,ILONA B,8/2/2025 17:19,4,16,710,345631,NSEI,56.889333,-134.615,56.905667,-134.616167,654.7104,56,1.7,6,,02,01,01,,,Retained,,121
2025,611,1,710,37833,ILONA B,8/2/2025 17:19,4,16,710,345631,NSEI,56.889333,-134.615,56.905667,-134.616167,654.7104,56,2.1,7,,03,01,07,,,Retained,,96
2025,611,1,710,37833,ILONA B,8/2/2025 17:19,4,16,710,345631,NSEI,56.889333,-134.615,56.905667,-134.616167,654.7104,56,,,,,00,09,,,Retained,,54
2025,611,1,710,37833,ILONA B,8/2/2025 17:19,4,16,710,345631,NSEI,56.889333,-134.615,56.905667,-134.616167,654.7104,56,,,,,00,09,,,Retained,,55
2025,611,1,710,37833,ILONA B,8/2/2025 17:19,4,16,710,345631,NSEI,56.889333,-134.615,56.905667,-134.616167,654.7104,56,,,,,00,09,,,Retained,,82
2025,611,1,710,37833,ILONA B,8/2/2025 17:19,4,16,710,345631,NSEI,56.889333,-134.615,56.905667,-134.616167,654.7104,56,,,,,00,09,,,Retained,,92
2025,611,1,710,37833,ILONA B,8/2/2025 17:19,4,16,710,345631,NSEI,56.889333,-134.615,56.905667,-134.616167,654.7104,56,,,,,00,09,,,Retained,,124
2025,611,1,710,37833,ILONA B,8/2/2025 17:19,4,16,710,345631,NSEI,56.889333,-134.615,56.905667,-134.616167,654.7104,57,1.9,5,,02,01,01,,,Retained,,116
2025,611,1,710,37833,ILONA B,8/2/2025 17:19,4,16,710,345631,NSEI,56.889333,-134.615,56.905667,-134.616167,654.7104,57,,,,,00,09,,,Retained,,5
2025,611,1,710,37833,ILONA B,8/2/2025 17:19,4,16,710,345631,NSEI,56.889333,-134.615,56.905667,-134.616167,654.7104,57,,,,,00,09,,,Retained,,30
2025,611,1,710,37833,ILONA B,8/2/2025 17:19,4,16,710,345631,NSEI,56.889333,-134.615,56.905667,-134.616167,654.7104,57,,,,,00,09,,,Retained,,37
2025,611,1,710,37833,ILONA B,8/2/2025 17:19,4,16,710,345631,NSEI,56.889333,-134.615,56.905667,-134.616167,654.7104,57,,,,,00,09,,,Retained,,44
2025,611,1,710,37833,ILONA B,8/2/2025 17:19,4,16,710,345631,NSEI,56.889333,-134.615,56.905667,-134.616167,654.7104,57,,,,,00,09,,,Retained,,48
2025,611,1,710,37833,ILONA B,8/2/2025 17:19,4,16,710,345631,NSEI,56.889333,-134.615,56.905667,-134.616167,654.7104,57,,,,,00,09,,,Retained,,52
2025,611,1,710,37833,ILONA B,8/2/2025 17:19,4,16,710,345631,NSEI,56.889333,-134.615,56.905667,-134.616167,654.7104,57,,,,,00,09,,,Retained,,53
2025,611,1,710,37833,ILONA B,8/2/2025 17:19,4,16,710,345631,NSEI,56.889333,-134.615,56.905667,-134.616167,654.7104,57,,,,,00,09,,,Retained,,58
2025,611,1,710,37833,ILONA B,8/2/2025 17:19,4,16,710,345631,NSEI,56.889333,-134.615,56.905667,-134.616167,654.7104,57,,,,,00,09,,,Retained,,78
2025,611,1,710,37833,ILONA B,8/2/2025 17:19,4,16,710,345631,NSEI,56.889333,-134.615,56.905667,-134.616167,654.7104,57,,,,,00,09,,,Retained,,102
2025,611,1,710,37833,ILONA B,8/2/2025 17:19,4,16,710,345631,NSEI,56.889333,-134.615,56.905667,-134.616167,654.7104,57,,,,,00,09,,,Retained,,107
2025,611,1,710,37833,ILONA B,8/2/2025 17:19,4,16,710,345631,NSEI,56.889333,-134.615,56.905667,-134.616167,654.7104,57,,,,,00,09,,,Retained,,120
2025,611,1,710,37833,ILONA B,8/2/2025 17:19,4,16,710,345631,NSEI,56.889333,-134.615,56.905667,-134.616167,654.7104,58,2.1,7,,03,01,07,,,Retained,,66
2025,611,1,710,37833,ILONA B,8/2/2025 17:19,4,16,710,345631,NSEI,56.889333,-134.615,56.905667,-134.616167,654.7104,58,2.3,6,,01,01,07,,,Retained,,21
2025,611,1,710,37833,ILONA B,8/2/2025 17:19,4,16,710,345631,NSEI,56.889333,-134.615,56.905667,-134.616167,654.7104,58,,,,,00,09,,,Retained,,7
2025,611,1,710,37833,ILONA B,8/2/2025 17:19,4,16,710,345631,NSEI,56.889333,-134.615,56.905667,-134.616167,654.7104,58,,,,,00,09,,,Retained,,10
2025,611,1,710,37833,ILONA B,8/2/2025 17:19,4,16,710,345631,NSEI,56.889333,-134.615,56.905667,-134.616167,654.7104,58,,,,,00,09,,,Retained,,22
2025,611,1,710,37833,ILONA B,8/2/2025 17:19,4,16,710,345631,NSEI,56.889333,-134.615,56.905667,-134.616167,654.7104,58,,,,,00,09,,,Retained,,64
2025,611,1,710,37833,ILONA B,8/2/2025 17:19,4,16,710,345631,NSEI,56.889333,-134.615,56.905667,-134.616167,654.7104,58,,,,,00,09,,,Retained,,68
2025,611,1,710,37833,ILONA B,8/2/2025 17:19,4,16,710,345631,NSEI,56.889333,-134.615,56.905667,-134.616167,654.7104,58,,,,,00,09,,,Retained,,74
2025,611,1,710,37833,ILONA B,8/2/2025 17:19,4,16,710,345631,NSEI,56.889333,-134.615,56.905667,-134.616167,654.7104,58,,,,,00,09,,,Retained,,127
2025,611,1,710,37833,ILONA B,8/2/2025 17:19,4,16,710,345631,NSEI,56.889333,-134.615,56.905667,-134.616167,654.7104,58,,,,,00,09,,,Retained,,137
2025,611,1,710,37833,ILONA B,8/2/2025 17:19,4,16,710,345631,NSEI,56.889333,-134.615,56.905667,-134.616167,654.7104,59,2.1,6,,02,02,01,,,Retained,,76
2025,611,1,710,37833,ILONA B,8/2/2025 17:19,4,16,710,345631,NSEI,56.889333,-134.615,56.905667,-134.616167,654.7104,59,2.2,8,,02,01,07,,,Retained,,61
2025,611,1,710,37833,ILONA B,8/2/2025 17:19,4,16,710,345631,NSEI,56.889333,-134.615,56.905667,-134.616167,654.7104,59,2.3,9,,03,02,07,,,Retained,,56
2025,611,1,710,37833,ILONA B,8/2/2025 17:19,4,16,710,345631,NSEI,56.889333,-134.615,56.905667,-134.616167,654.7104,59,,,,,00,09,,,Retained,,2
2025,611,1,710,37833,ILONA B,8/2/2025 17:19,4,16,710,345631,NSEI,56.889333,-134.615,56.905667,-134.616167,654.7104,59,,,,,00,09,,,Retained,,3
2025,611,1,710,37833,ILONA B,8/2/2025 17:19,4,16,710,345631,NSEI,56.889333,-134.615,56.905667,-134.616167,654.7104,59,,,,,00,09,,,Retained,,50
2025,611,1,710,37833,ILONA B,8/2/2025 17:19,4,16,710,345631,NSEI,56.889333,-134.615,56.905667,-134.616167,654.7104,59,,,,,00,09,,,Retained,,85
2025,611,1,710,37833,ILONA B,8/2/2025 17:19,4,16,710,345631,NSEI,56.889333,-134.615,56.905667,-134.616167,654.7104,59,,,,,00,09,,,Retained,,113
2025,611,1,710,37833,ILONA B,8/2/2025 17:19,4,16,710,345631,NSEI,56.889333,-134.615,56.905667,-134.616167,654.7104,59,,,,,00,09,,,Retained,,122
2025,611,1,710,37833,ILONA B,8/2/2025 17:19,4,16,710,345631,NSEI,56.889333,-134.615,56.905667,-134.616167,654.7104,60,2.2,9,,02,01,07,,,Retained,,131
2025,611,1,710,37833,ILONA B,8/2/2025 17:19,4,16,710,345631,NSEI,56.889333,-134.615,56.905667,-134.616167,654.7104,60,2.3,10,,03,02,07,,,Retained,,126
2025,611,1,710,37833,ILONA B,8/2/2025 17:19,4,16,710,345631,NSEI,56.889333,-134.615,56.905667,-134.616167,654.7104,60,2.6,7,,02,01,07,,,Retained,,16
2025,611,1,710,37833,ILONA B,8/2/2025 17:19,4,16,710,345631,NSEI,56.889333,-134.615,56.905667,-134.616167,654.7104,60,,,,,00,09,,,Retained,,19
2025,611,1,710,37833,ILONA B,8/2/2025 17:19,4,16,710,345631,NSEI,56.889333,-134.615,56.905667,-134.616167,654.7104,60,,,,,00,09,,,Retained,,33
2025,611,1,710,37833,ILONA B,8/2/2025 17:19,4,16,710,345631,NSEI,56.889333,-134.615,56.905667,-134.616167,654.7104,60,,,,,00,09,,,Retained,,34
2025,611,1,710,37833,ILONA B,8/2/2025 17:19,4,16,710,345631,NSEI,56.889333,-134.615,56.905667,-134.616167,654.7104,60,,,,,00,09,,,Retained,,39
2025,611,1,710,37833,ILONA B,8/2/2025 17:19,4,16,710,345631,NSEI,56.889333,-134.615,56.905667,-134.616167,654.7104,60,,,,,00,09,,,Retained,,42
2025,611,1,710,37833,ILONA B,8/2/2025 17:19,4,16,710,345631,NSEI,56.889333,-134.615,56.905667,-134.616167,654.7104,60,,,,,00,09,,,Retained,,80
2025,611,1,710,37833,ILONA B,8/2/2025 17:19,4,16,710,345631,NSEI,56.889333,-134.615,56.905667,-134.616167,654.7104,60,,,,,00,09,,,Retained,,88
2025,611,1,710,37833,ILONA B,8/2/2025 17:19,4,16,710,345631,NSEI,56.889333,-134.615,56.905667,-134.616167,654.7104,60,,,,,00,09,,,Retained,,99
2025,611,1,710,37833,ILONA B,8/2/2025 17:19,4,16,710,345631,NSEI,56.889333,-134.615,56.905667,-134.616167,654.7104,60,,,,,00,09,,,Retained,,104
2025,611,1,710,37833,ILONA B,8/2/2025 17:19,4,16,710,345631,NSEI,56.889333,-134.615,56.905667,-134.616167,654.7104,60,,,,,00,09,,,Retained,,118
2025,611,1,710,37833,ILONA B,8/2/2025 17:19,4,16,710,345631,NSEI,56.889333,-134.615,56.905667,-134.616167,654.7104,60,,,,,00,09,,,Retained,,132
2025,611,1,710,37833,ILONA B,8/2/2025 17:19,4,16,710,345631,NSEI,56.889333,-134.615,56.905667,-134.616167,654.7104,60,,,,,00,09,,,Retained,,139
2025,611,1,710,37833,ILONA B,8/2/2025 17:19,4,16,710,345631,NSEI,56.889333,-134.615,56.905667,-134.616167,654.7104,60,,,,,00,09,,,Retained,,140
2025,611,1,710,37833,ILONA B,8/2/2025 17:19,4,16,710,345631,NSEI,56.889333,-134.615,56.905667,-134.616167,654.7104,61,2.3,5,,02,02,01,,,Retained,,81
2025,611,1,710,37833,ILONA B,8/2/2025 17:19,4,16,710,345631,NSEI,56.889333,-134.615,56.905667,-134.616167,654.7104,61,,,,,00,09,,,Retained,,38
2025,611,1,710,37833,ILONA B,8/2/2025 17:19,4,16,710,345631,NSEI,56.889333,-134.615,56.905667,-134.616167,654.7104,61,,,,,00,09,,,Retained,,40
2025,611,1,710,37833,ILONA B,8/2/2025 17:19,4,16,710,345631,NSEI,56.889333,-134.615,56.905667,-134.616167,654.7104,61,,,,,00,09,,,Retained,,47
2025,611,1,710,37833,ILONA B,8/2/2025 17:19,4,16,710,345631,NSEI,56.889333,-134.615,56.905667,-134.616167,654.7104,61,,,,,00,09,,,Retained,,60
2025,611,1,710,37833,ILONA B,8/2/2025 17:19,4,16,710,345631,NSEI,56.889333,-134.615,56.905667,-134.616167,654.7104,61,,,,,00,09,,,Retained,,63
2025,611,1,710,37833,ILONA B,8/2/2025 17:19,4,16,710,345631,NSEI,56.889333,-134.615,56.905667,-134.616167,654.7104,61,,,,,00,09,,,Retained,,103
2025,611,1,710,37833,ILONA B,8/2/2025 17:19,4,16,710,345631,NSEI,56.889333,-134.615,56.905667,-134.616167,654.7104,61,,,,,00,09,,,Retained,,114
2025,611,1,710,37833,ILONA B,8/2/2025 17:19,4,16,710,345631,NSEI,56.889333,-134.615,56.905667,-134.616167,654.7104,61,,,,,00,09,,,Retained,,115
2025,611,1,710,37833,ILONA B,8/2/2025 17:19,4,16,710,345631,NSEI,56.889333,-134.615,56.905667,-134.616167,654.7104,61,,,,,00,09,,,Retained,,125
2025,611,1,710,37833,ILONA B,8/2/2025 17:19,4,16,710,345631,NSEI,56.889333,-134.615,56.905667,-134.616167,654.7104,61,,,,,00,09,,,Retained,,129
2025,611,1,710,37833,ILONA B,8/2/2025 17:19,4,16,710,345631,NSEI,56.889333,-134.615,56.905667,-134.616167,654.7104,62,2.6,7,,03,02,07,,,Retained,,26
2025,611,1,710,37833,ILONA B,8/2/2025 17:19,4,16,710,345631,NSEI,56.889333,-134.615,56.905667,-134.616167,654.7104,62,2.7,8,,02,01,07,,,Retained,,11
2025,611,1,710,37833,ILONA B,8/2/2025 17:19,4,16,710,345631,NSEI,56.889333,-134.615,56.905667,-134.616167,654.7104,62,,,,,00,09,,,Retained,,28
2025,611,1,710,37833,ILONA B,8/2/2025 17:19,4,16,710,345631,NSEI,56.889333,-134.615,56.905667,-134.616167,654.7104,62,,,,,00,09,,,Retained,,108
2025,611,1,710,37833,ILONA B,8/2/2025 17:19,4,16,710,345631,NSEI,56.889333,-134.615,56.905667,-134.616167,654.7104,62,,,,,00,09,,,Retained,,110
2025,611,1,710,37833,ILONA B,8/2/2025 17:19,4,16,710,345631,NSEI,56.889333,-134.615,56.905667,-134.616167,654.7104,62,,,,,00,09,,,Retained,,117
2025,611,1,710,37833,ILONA B,8/2/2025 17:19,4,16,710,345631,NSEI,56.889333,-134.615,56.905667,-134.616167,654.7104,63,2.7,21,,04,01,07,,,Retained,,136
2025,611,1,710,37833,ILONA B,8/2/2025 17:19,4,16,710,345631,NSEI,56.889333,-134.615,56.905667,-134.616167,654.7104,63,3,7,,02,02,07,,,Retained,,111
2025,611,1,710,37833,ILONA B,8/2/2025 17:19,4,16,710,345631,NSEI,56.889333,-134.615,56.905667,-134.616167,654.7104,63,3,10,,02,02,07,,,Retained,,106
2025,611,1,710,37833,ILONA B,8/2/2025 17:19,4,16,710,345631,NSEI,56.889333,-134.615,56.905667,-134.616167,654.7104,63,,,,,00,09,,,Retained,,17
2025,611,1,710,37833,ILONA B,8/2/2025 17:19,4,16,710,345631,NSEI,56.889333,-134.615,56.905667,-134.616167,654.7104,63,,,,,00,09,,,Retained,,23
2025,611,1,710,37833,ILONA B,8/2/2025 17:19,4,16,710,345631,NSEI,56.889333,-134.615,56.905667,-134.616167,654.7104,63,,,,,00,09,,,Retained,,24
2025,611,1,710,37833,ILONA B,8/2/2025 17:19,4,16,710,345631,NSEI,56.889333,-134.615,56.905667,-134.616167,654.7104,63,,,,,00,09,,,Retained,,73
2025,611,1,710,37833,ILONA B,8/2/2025 17:19,4,16,710,345631,NSEI,56.889333,-134.615,56.905667,-134.616167,654.7104,63,,,,,00,09,,,Retained,,77
2025,611,1,710,37833,ILONA B,8/2/2025 17:19,4,16,710,345631,NSEI,56.889333,-134.615,56.905667,-134.616167,654.7104,63,,,,,00,09,,,Retained,,83
2025,611,1,710,37833,ILONA B,8/2/2025 17:19,4,16,710,345631,NSEI,56.889333,-134.615,56.905667,-134.616167,654.7104,63,,,,,00,09,,,Retained,,105
2025,611,1,710,37833,ILONA B,8/2/2025 17:19,4,16,710,345631,NSEI,56.889333,-134.615,56.905667,-134.616167,654.7104,63,,,,,00,09,,,Retained,,134
2025,611,1,710,37833,ILONA B,8/2/2025 17:19,4,16,710,345631,NSEI,56.889333,-134.615,56.905667,-134.616167,654.7104,64,2.8,10,,02,02,07,,,Retained,,31
2025,611,1,710,37833,ILONA B,8/2/2025 17:19,4,16,710,345631,NSEI,56.889333,-134.615,56.905667,-134.616167,654.7104,64,,,,,00,09,,,Retained,,79
2025,611,1,710,37833,ILONA B,8/2/2025 17:19,4,16,710,345631,NSEI,56.889333,-134.615,56.905667,-134.616167,654.7104,64,,,,,00,09,,,Retained,,87
2025,611,1,710,37833,ILONA B,8/2/2025 17:19,4,16,710,345631,NSEI,56.889333,-134.615,56.905667,-134.616167,654.7104,64,,,,,00,09,,,Retained,,135
2025,611,1,710,37833,ILONA B,8/2/2025 17:19,4,16,710,345631,NSEI,56.889333,-134.615,56.905667,-134.616167,654.7104,65,3.5,10,,03,02,07,,,Retained,,91
2025,611,1,710,37833,ILONA B,8/2/2025 17:19,4,16,710,345631,NSEI,56.889333,-134.615,56.905667,-134.616167,654.7104,65,,,,,00,09,,,Retained,,14
2025,611,1,710,37833,ILONA B,8/2/2025 17:19,4,16,710,345631,NSEI,56.889333,-134.615,56.905667,-134.616167,654.7104,65,,,,,00,09,,,Retained,,57
2025,611,1,710,37833,ILONA B,8/2/2025 17:19,4,16,710,345631,NSEI,56.889333,-134.615,56.905667,-134.616167,654.7104,65,,,,,00,09,,,Retained,,84
2025,611,1,710,37833,ILONA B,8/2/2025 17:19,4,16,710,345631,NSEI,56.889333,-134.615,56.905667,-134.616167,654.7104,65,,,,,00,09,,,Retained,,97
2025,611,1,710,37833,ILONA B,8/2/2025 17:19,4,16,710,345631,NSEI,56.889333,-134.615,56.905667,-134.616167,654.7104,65,,,,,00,09,,,Retained,,98
2025,611,1,710,37833,ILONA B,8/2/2025 17:19,4,16,710,345631,NSEI,56.889333,-134.615,56.905667,-134.616167,654.7104,65,,,,,00,09,,,Retained,,123
2025,611,1,710,37833,ILONA B,8/2/2025 17:19,4,16,710,345631,NSEI,56.889333,-134.615,56.905667,-134.616167,654.7104,66,,,,,00,09,,,Retained,,13
2025,611,1,710,37833,ILONA B,8/2/2025 17:19,4,16,710,345631,NSEI,56.889333,-134.615,56.905667,-134.616167,654.7104,66,,,,,00,09,,,Retained,,62
2025,611,1,710,37833,ILONA B,8/2/2025 17:19,4,16,710,345631,NSEI,56.889333,-134.615,56.905667,-134.616167,654.7104,66,,,,,00,09,,,Retained,,72
2025,611,1,710,37833,ILONA B,8/2/2025 17:19,4,16,710,345631,NSEI,56.889333,-134.615,56.905667,-134.616167,654.7104,66,,,,,00,09,,,Retained,,75
2025,611,1,710,37833,ILONA B,8/2/2025 17:19,4,16,710,345631,NSEI,56.889333,-134.615,56.905667,-134.616167,654.7104,66,,,,,00,09,,,Retained,,109
2025,611,1,710,37833,ILONA B,8/2/2025 17:19,4,16,710,345631,NSEI,56.889333,-134.615,56.905667,-134.616167,654.7104,67,,,,,00,09,,,Retained,,12
2025,611,1,710,37833,ILONA B,8/2/2025 17:19,4,16,710,345631,NSEI,56.889333,-134.615,56.905667,-134.616167,654.7104,67,,,,,00,09,,,Retained,,15
2025,611,1,710,37833,ILONA B,8/2/2025 17:19,4,16,710,345631,NSEI,56.889333,-134.615,56.905667,-134.616167,654.7104,67,,,,,00,09,,,Retained,,65
2025,611,1,710,37833,ILONA B,8/2/2025 17:19,4,16,710,345631,NSEI,56.889333,-134.615,56.905667,-134.616167,654.7104,67,,,,,00,09,,,Retained,,112
2025,611,1,710,37833,ILONA B,8/2/2025 17:19,4,16,710,345631,NSEI,56.889333,-134.615,56.905667,-134.616167,654.7104,67,,,,,00,09,,,Retained,,130
2025,611,1,710,37833,ILONA B,8/2/2025 17:19,4,16,710,345631,NSEI,56.889333,-134.615,56.905667,-134.616167,654.7104,68,,,,,00,09,,,Retained,,27
2025,611,1,710,37833,ILONA B,8/2/2025 17:19,4,16,710,345631,NSEI,56.889333,-134.615,56.905667,-134.616167,654.7104,68,,,,,00,09,,,Retained,,32
2025,611,1,710,37833,ILONA B,8/2/2025 17:19,4,16,710,345631,NSEI,56.889333,-134.615,56.905667,-134.616167,654.7104,68,,,,,00,09,,,Retained,,35
2025,611,1,710,37833,ILONA B,8/2/2025 17:19,4,16,710,345631,NSEI,56.889333,-134.615,56.905667,-134.616167,654.7104,68,,,,,00,09,,,Retained,,89
2025,611,1,710,37833,ILONA B,8/2/2025 17:19,4,16,710,345631,NSEI,56.889333,-134.615,56.905667,-134.616167,654.7104,68,,,,,00,09,,,Retained,,100
2025,611,1,710,37833,ILONA B,8/2/2025 17:19,4,16,710,345631,NSEI,56.889333,-134.615,56.905667,-134.616167,654.7104,69,,,,,00,09,,,Retained,,70
2025,611,1,710,37833,ILONA B,8/2/2025 17:19,4,16,710,345631,NSEI,56.889333,-134.615,56.905667,-134.616167,654.7104,70,3.2,5,,05,01,07,,,Retained,,36
2025,611,1,710,37833,ILONA B,8/2/2025 17:19,4,16,710,345631,NSEI,56.889333,-134.615,56.905667,-134.616167,654.7104,70,3.6,10,,02,02,07,,,Retained,,46
2025,611,1,710,37833,ILONA B,8/2/2025 17:19,4,16,710,345631,NSEI,56.889333,-134.615,56.905667,-134.616167,654.7104,70,,,,,00,09,,,Retained,,67
2025,611,1,710,37833,ILONA B,8/2/2025 17:19,4,16,710,345631,NSEI,56.889333,-134.615,56.905667,-134.616167,654.7104,71,,,,,00,09,,,Retained,,43
2025,611,1,710,37833,ILONA B,8/2/2025 17:19,4,16,710,345631,NSEI,56.889333,-134.615,56.905667,-134.616167,654.7104,71,,,,,00,09,,,Retained,,128
2025,611,1,710,37833,ILONA B,8/2/2025 17:19,4,16,710,345631,NSEI,56.889333,-134.615,56.905667,-134.616167,654.7104,73,3.9,9,,02,02,07,,,Retained,,41
2025,611,1,710,37833,ILONA B,8/2/2025 17:19,4,16,710,345631,NSEI,56.889333,-134.615,56.905667,-134.616167,654.7104,73,3.9,10,,02,02,07,,,Retained,,71
2025,611,1,710,37833,ILONA B,8/2/2025 17:19,4,16,710,345631,NSEI,56.889333,-134.615,56.905667,-134.616167,654.7104,73,,,,,00,09,,,Retained,,29
2025,611,1,710,37833,ILONA B,8/2/2025 17:19,4,16,710,345631,NSEI,56.889333,-134.615,56.905667,-134.616167,654.7104,76,4.3,12,,01,02,07,,,Retained,,1
2025,611,1,710,37833,ILONA B,8/2/2025 17:19,4,16,710,345631,NSEI,56.889333,-134.615,56.905667,-134.616167,654.7104,77,,,,,00,09,,,Retained,,45
2025,611,1,710,37833,ILONA B,8/2/2025 17:19,4,16,710,345631,NSEI,56.889333,-134.615,56.905667,-134.616167,654.7104,,,,,,,,,,Retained,,141
2025,611,1,710,37833,ILONA B,8/2/2025 17:19,4,16,710,345631,NSEI,56.889333,-134.615,56.905667,-134.616167,654.7104,,,,,,,,,,Retained,,142
2025,611,1,710,37833,ILONA B,8/2/2025 17:19,4,16,710,345631,NSEI,56.889333,-134.615,56.905667,-134.616167,654.7104,,,,,,,,,,Retained,,143
2025,611,1,710,37833,ILONA B,8/2/2025 17:19,4,16,710,345631,NSEI,56.889333,-134.615,56.905667,-134.616167,654.7104,,,,,,,,,,Retained,,144
2025,611,1,710,37833,ILONA B,8/2/2025 17:19,4,16,710,345631,NSEI,56.889333,-134.615,56.905667,-134.616167,654.7104,,,,,,,,,,Retained,,145
2025,611,1,710,37833,ILONA B,8/2/2025 17:19,4,16,710,345631,NSEI,56.889333,-134.615,56.905667,-134.616167,654.7104,,,,,,,,,,Retained,,146
2025,611,1,710,37833,ILONA B,8/2/2025 17:19,4,16,710,345631,NSEI,56.889333,-134.615,56.905667,-134.616167,654.7104,,,,,,,,,,Retained,,147
2025,611,1,710,37833,ILONA B,8/2/2025 17:19,4,16,710,345631,NSEI,56.889333,-134.615,56.905667,-134.616167,654.7104,,,,,,,,,,Retained,,148
2025,611,1,710,37833,ILONA B,8/2/2025 17:19,4,16,710,345631,NSEI,56.889333,-134.615,56.905667,-134.616167,654.7104,,,,,,,,,,Retained,,149
2025,611,1,710,37833,ILONA B,8/2/2025 17:19,4,16,710,345631,NSEI,56.889333,-134.615,56.905667,-134.616167,654.7104,,,,,,,,,,Retained,,150
2025,611,1,710,37833,ILONA B,8/2/2025 17:19,4,16,710,345631,NSEI,56.889333,-134.615,56.905667,-134.616167,654.7104,,,,,,,,,,Retained,,151
2025,611,1,710,37833,ILONA B,8/2/2025 17:19,4,16,710,345631,NSEI,56.889333,-134.615,56.905667,-134.616167,654.7104,,,,,,,,,,Retained,,152
2025,611,1,710,37833,ILONA B,8/2/2025 17:19,4,16,710,345631,NSEI,56.889333,-134.615,56.905667,-134.616167,654.7104,,,,,,,,,,Retained,,153
2025,611,1,710,37833,ILONA B,8/2/2025 17:19,4,16,710,345631,NSEI,56.889333,-134.615,56.905667,-134.616167,654.7104,,,,,,,,,,Retained,,154
2025,611,1,710,37833,ILONA B,8/2/2025 17:19,4,16,710,345631,NSEI,56.889333,-134.615,56.905667,-134.616167,654.7104,,,,,,,,,,Retained,,155
2025,611,1,710,37833,ILONA B,8/2/2025 17:19,4,16,710,345631,NSEI,56.889333,-134.615,56.905667,-134.616167,654.7104,,,,,,,,,,Retained,,156
2025,611,1,710,37833,ILONA B,8/2/2025 17:19,4,16,710,345631,NSEI,56.889333,-134.615,56.905667,-134.616167,654.7104,,,,,,,,,,Retained,,157
2025,611,1,710,37833,ILONA B,8/2/2025 17:19,4,16,710,345631,NSEI,56.889333,-134.615,56.905667,-134.616167,654.7104,,,,,,,,,,Retained,,158
2025,611,1,710,37833,ILONA B,8/2/2025 17:19,4,16,710,345631,NSEI,56.889333,-134.615,56.905667,-134.616167,654.7104,,,,,,,,,,Retained,,159
2025,611,1,710,37833,ILONA B,8/2/2025 17:19,4,16,710,345631,NSEI,56.889333,-134.615,56.905667,-134.616167,654.7104,,,,,,,,,,Retained,,160
2025,611,1,710,37833,ILONA B,8/2/2025 17:19,4,16,710,345631,NSEI,56.889333,-134.615,56.905667,-134.616167,654.7104,,,,,,,,,,Retained,,161
2025,611,1,710,37833,ILONA B,8/2/2025 17:19,4,16,710,345631,NSEI,56.889333,-134.615,56.905667,-134.616167,654.7104,,,,,,,,,,Retained,,162
2025,611,1,710,37833,ILONA B,8/2/2025 17:19,4,16,710,345631,NSEI,56.889333,-134.615,56.905667,-134.616167,654.7104,,,,,,,,,,Retained,,163
2025,611,1,710,37833,ILONA B,8/2/2025 17:19,4,16,710,345631,NSEI,56.889333,-134.615,56.905667,-134.616167,654.7104,,,,,,,,,,Retained,,164
2025,611,1,710,37833,ILONA B,8/2/2025 17:19,4,16,710,345631,NSEI,56.889333,-134.615,56.905667,-134.616167,654.7104,,,,,,,,,,Retained,,165
2025,611,1,710,37833,ILONA B,8/2/2025 17:19,4,16,710,345631,NSEI,56.889333,-134.615,56.905667,-134.616167,654.7104,,,,,,,,,,Retained,,166
2025,611,1,710,37833,ILONA B,8/2/2025 17:19,4,16,710,345631,NSEI,56.889333,-134.615,56.905667,-134.616167,654.7104,,,,,,,,,,Retained,,167
2025,611,1,710,37833,ILONA B,8/2/2025 17:19,4,16,710,345631,NSEI,56.889333,-134.615,56.905667,-134.616167,654.7104,,,,,,,,,,Retained,,168
2025,611,1,710,37833,ILONA B,8/2/2025 17:19,4,16,710,345631,NSEI,56.889333,-134.615,56.905667,-134.616167,654.7104,,,,,,,,,,Retained,,169
2025,611,1,710,37833,ILONA B,8/2/2025 17:19,4,16,710,345631,NSEI,56.889333,-134.615,56.905667,-134.616167,654.7104,,,,,,,,,,Retained,,170
2025,611,1,710,37833,ILONA B,8/2/2025 17:19,4,16,710,345631,NSEI,56.889333,-134.615,56.905667,-134.616167,654.7104,,,,,,,,,,Retained,,171
2025,611,1,710,37833,ILONA B,8/2/2025 17:19,4,16,710,345631,NSEI,56.889333,-134.615,56.905667,-134.616167,654.7104,,,,,,,,,,Retained,,172
2025,611,1,710,37833,ILONA B,8/2/2025 17:19,4,16,710,345631,NSEI,56.889333,-134.615,56.905667,-134.616167,654.7104,,,,,,,,,,Retained,,173
2025,611,1,710,37833,ILONA B,8/2/2025 17:19,4,16,710,345631,NSEI,56.889333,-134.615,56.905667,-134.616167,654.7104,,,,,,,,,,Retained,,174
2025,611,1,710,37833,ILONA B,8/2/2025 17:19,4,16,710,345631,NSEI,56.889333,-134.615,56.905667,-134.616167,654.7104,,,,,,,,,,Retained,,175
2025,611,1,710,37833,ILONA B,8/2/2025 17:19,4,16,710,345631,NSEI,56.889333,-134.615,56.905667,-134.616167,654.7104,,,,,,,,,,Retained,,176
2025,611,1,710,37833,ILONA B,8/2/2025 17:19,4,16,710,345631,NSEI,56.889333,-134.615,56.905667,-134.616167,654.7104,,,,,,,,,,Retained,,177
2025,611,1,710,37833,ILONA B,8/2/2025 17:19,4,16,710,345631,NSEI,56.889333,-134.615,56.905667,-134.616167,654.7104,,,,,,,,,,Retained,,178
2025,611,1,710,37833,ILONA B,8/2/2025 17:19,4,16,710,345631,NSEI,56.889333,-134.615,56.905667,-134.616167,654.7104,,,,,,,,,,Retained,,179
2025,611,1,710,37833,ILONA B,8/2/2025 17:19,4,16,710,345631,NSEI,56.889333,-134.615,56.905667,-134.616167,654.7104,,,,,,,,,,Retained,,180
2025,611,1,710,37833,ILONA B,8/2/2025 17:19,4,16,710,345631,NSEI,56.889333,-134.615,56.905667,-134.616167,654.7104,,,,,,,,,,Retained,,181
2025,611,1,710,37833,ILONA B,8/2/2025 17:19,4,16,710,345631,NSEI,56.889333,-134.615,56.905667,-134.616167,654.7104,,,,,,,,,,Retained,,182
2025,611,1,710,37833,ILONA B,8/2/2025 17:19,4,16,710,345631,NSEI,56.889333,-134.615,56.905667,-134.616167,654.7104,,,,,,,,,,Retained,,183
2025,611,1,710,37833,ILONA B,8/2/2025 17:19,4,16,710,345631,NSEI,56.889333,-134.615,56.905667,-134.616167,654.7104,,,,,,,,,,Retained,,184
2025,611,1,710,37833,ILONA B,8/2/2025 17:19,4,16,710,345631,NSEI,56.889333,-134.615,56.905667,-134.616167,654.7104,,,,,,,,,,Retained,,185
2025,611,1,710,37833,ILONA B,8/2/2025 17:19,4,16,710,345631,NSEI,56.889333,-134.615,56.905667,-134.616167,654.7104,,,,,,,,,,Retained,,186
2025,611,1,710,37833,ILONA B,8/2/2025 17:19,4,16,710,345631,NSEI,56.889333,-134.615,56.905667,-134.616167,654.7104,,,,,,,,,,Retained,,187
2025,611,1,710,37833,ILONA B,8/2/2025 17:19,4,16,710,345631,NSEI,56.889333,-134.615,56.905667,-134.616167,654.7104,,,,,,,,,,Retained,,188
2025,611,1,710,37833,ILONA B,8/2/2025 17:19,4,16,710,345631,NSEI,56.889333,-134.615,56.905667,-134.616167,654.7104,,,,,,,,,,Retained,,189
2025,611,1,710,37833,ILONA B,8/2/2025 17:19,4,16,710,345631,NSEI,56.889333,-134.615,56.905667,-134.616167,654.7104,,,,,,,,,,Retained,,190
2025,611,1,710,37833,ILONA B,8/2/2025 17:19,4,16,710,345631,NSEI,56.889333,-134.615,56.905667,-134.616167,654.7104,,,,,,,,,,Retained,,191
2025,611,1,710,37833,ILONA B,8/2/2025 17:19,4,16,710,345631,NSEI,56.889333,-134.615,56.905667,-134.616167,654.7104,,,,,,,,,,Retained,,192
2025,611,1,710,37833,ILONA B,8/2/2025 17:19,4,16,710,345631,NSEI,56.889333,-134.615,56.905667,-134.616167,654.7104,,,,,,,,,,Retained,,193
2025,611,1,710,37833,ILONA B,8/2/2025 17:19,4,16,710,345631,NSEI,56.889333,-134.615,56.905667,-134.616167,654.7104,,,,,,,,,,Retained,,194
2025,611,1,710,37833,ILONA B,8/2/2025 17:19,4,16,710,345631,NSEI,56.889333,-134.615,56.905667,-134.616167,654.7104,,,,,,,,,,Retained,,195
2025,611,1,710,37833,ILONA B,8/2/2025 17:19,4,16,710,345631,NSEI,56.889333,-134.615,56.905667,-134.616167,654.7104,,,,,,,,,,Retained,,196
2025,611,1,710,37833,ILONA B,8/2/2025 17:19,4,16,710,345631,NSEI,56.889333,-134.615,56.905667,-134.616167,654.7104,,,,,,,,,,Retained,,197
2025,611,1,710,37833,ILONA B,8/2/2025 17:19,4,16,710,345631,NSEI,56.889333,-134.615,56.905667,-134.616167,654.7104,,,,,,,,,,Retained,,198
2025,611,1,710,37833,ILONA B,8/2/2025 17:19,4,16,710,345631,NSEI,56.889333,-134.615,56.905667,-134.616167,654.7104,,,,,,,,,,Retained,,199
2025,611,1,710,37833,ILONA B,8/2/2025 17:19,4,16,710,345631,NSEI,56.889333,-134.615,56.905667,-134.616167,654.7104,,,,,,,,,,Retained,,200
2025,611,1,710,37833,ILONA B,8/2/2025 17:19,4,16,710,345631,NSEI,56.889333,-134.615,56.905667,-134.616167,654.7104,,,,,,,,,,Retained,,201
2025,611,1,710,37833,ILONA B,8/2/2025 17:19,4,16,710,345631,NSEI,56.889333,-134.615,56.905667,-134.616167,654.7104,,,,,,,,,,Retained,,202
2025,611,1,710,37833,ILONA B,8/2/2025 17:19,4,16,710,345631,NSEI,56.889333,-134.615,56.905667,-134.616167,654.7104,,,,,,,,,,Retained,,203
2025,611,1,710,37833,ILONA B,8/2/2025 17:19,4,16,710,345631,NSEI,56.889333,-134.615,56.905667,-134.616167,654.7104,,,,,,,,,,Retained,,204
2025,611,1,710,37833,ILONA B,8/2/2025 17:19,4,16,710,345631,NSEI,56.889333,-134.615,56.905667,-134.616167,654.7104,,,,,,,,,,Retained,,205
2025,611,1,710,37833,ILONA B,8/2/2025 17:19,4,16,710,345631,NSEI,56.889333,-134.615,56.905667,-134.616167,654.7104,,,,,,,,,,Retained,,206
2025,611,1,710,37833,ILONA B,8/2/2025 17:19,4,16,710,345631,NSEI,56.889333,-134.615,56.905667,-134.616167,654.7104,,,,,,,,,,Retained,,207
2025,611,1,710,37833,ILONA B,8/2/2025 17:19,4,16,710,345631,NSEI,56.889333,-134.615,56.905667,-134.616167,654.7104,,,,,,,,,,Retained,,208
2025,611,1,710,37833,ILONA B,8/2/2025 17:19,4,16,710,345631,NSEI,56.889333,-134.615,56.905667,-134.616167,654.7104,,,,,,,,,,Retained,,209
2025,611,1,710,37833,ILONA B,8/2/2025 17:19,4,16,710,345631,NSEI,56.889333,-134.615,56.905667,-134.616167,654.7104,,,,,,,,,,Retained,,210
2025,611,1,710,37833,ILONA B,8/2/2025 17:19,4,16,710,345631,NSEI,56.889333,-134.615,56.905667,-134.616167,654.7104,,,,,,,,,,Retained,,211
2025,611,1,710,37833,ILONA B,8/2/2025 17:19,4,16,710,345631,NSEI,56.889333,-134.615,56.905667,-134.616167,654.7104,,,,,,,,,,Retained,,212
2025,611,1,710,37833,ILONA B,8/2/2025 17:19,4,16,710,345631,NSEI,56.889333,-134.615,56.905667,-134.616167,654.7104,,,,,,,,,,Retained,,213
2025,611,1,710,37833,ILONA B,8/2/2025 17:19,4,16,710,345631,NSEI,56.889333,-134.615,56.905667,-134.616167,654.7104,,,,,,,,,,Retained,,214
2025,611,1,710,37833,ILONA B,8/2/2025 17:19,4,16,710,345631,NSEI,56.889333,-134.615,56.905667,-134.616167,654.7104,,,,,,,,,,Retained,,215
2025,611,1,710,37833,ILONA B,8/2/2025 17:19,4,16,710,345631,NSEI,56.889333,-134.615,56.905667,-134.616167,654.7104,,,,,,,,,,Retained,,216
2025,611,1,710,37833,ILONA B,8/2/2025 17:19,4,16,710,345631,NSEI,56.889333,-134.615,56.905667,-134.616167,654.7104,,,,,,,,,,Retained,,217
2025,611,1,710,37833,ILONA B,8/2/2025 17:19,4,16,710,345631,NSEI,56.889333,-134.615,56.905667,-134.616167,654.7104,,,,,,,,,,Retained,,218
2025,611,1,710,37833,ILONA B,8/2/2025 17:19,4,16,710,345631,NSEI,56.889333,-134.615,56.905667,-134.616167,654.7104,,,,,,,,,,Retained,,219
2025,611,1,710,37833,ILONA B,8/2/2025 17:19,4,16,710,345631,NSEI,56.889333,-134.615,56.905667,-134.616167,654.7104,,,,,,,,,,Retained,,220
2025,611,1,710,37833,ILONA B,8/2/2025 17:19,4,16,710,345631,NSEI,56.889333,-134.615,56.905667,-134.616167,654.7104,,,,,,,,,,Retained,,221
2025,611,1,710,37833,ILONA B,8/2/2025 17:19,4,16,710,345631,NSEI,56.889333,-134.615,56.905667,-134.616167,654.7104,,,,,,,,,,Retained,,222
2025,611,1,710,37833,ILONA B,8/2/2025 17:19,4,16,710,345631,NSEI,56.889333,-134.615,56.905667,-134.616167,654.7104,,,,,,,,,,Retained,,223
2025,611,1,710,37833,ILONA B,8/2/2025 17:19,4,16,710,345631,NSEI,56.889333,-134.615,56.905667,-134.616167,654.7104,,,,,,,,,,Retained,,224
2025,611,1,710,37833,ILONA B,8/2/2025 17:19,4,16,710,345631,NSEI,56.889333,-134.615,56.905667,-134.616167,654.7104,,,,,,,,,,Retained,,225
2025,611,1,710,37833,ILONA B,8/2/2025 17:19,4,16,710,345631,NSEI,56.889333,-134.615,56.905667,-134.616167,654.7104,,,,,,,,,,Retained,,226
2025,611,1,710,37833,ILONA B,8/2/2025 17:19,4,16,710,345631,NSEI,56.889333,-134.615,56.905667,-134.616167,654.7104,,,,,,,,,,Retained,,227
2025,611,1,710,37833,ILONA B,8/2/2025 17:19,4,16,710,345631,NSEI,56.889333,-134.615,56.905667,-134.616167,654.7104,,,,,,,,,,Retained,,228
2025,611,1,710,37833,ILONA B,8/2/2025 17:19,4,16,710,345631,NSEI,56.889333,-134.615,56.905667,-134.616167,654.7104,,,,,,,,,,Retained,,229
2025,611,1,710,37833,ILONA B,8/2/2025 17:19,4,16,710,345631,NSEI,56.889333,-134.615,56.905667,-134.616167,654.7104,,,,,,,,,,Retained,,230
2025,611,1,710,37833,ILONA B,8/2/2025 17:19,4,16,710,345631,NSEI,56.889333,-134.615,56.905667,-134.616167,654.7104,,,,,,,,,,Retained,,231
2025,611,1,710,37833,ILONA B,8/2/2025 17:19,4,16,710,345631,NSEI,56.889333,-134.615,56.905667,-134.616167,654.7104,,,,,,,,,,Retained,,232
2025,611,1,710,37833,ILONA B,8/2/2025 17:19,4,16,710,345631,NSEI,56.889333,-134.615,56.905667,-134.616167,654.7104,,,,,,,,,,Retained,,233
2025,611,1,710,37833,ILONA B,8/2/2025 17:19,4,16,710,345631,NSEI,56.889333,-134.615,56.905667,-134.616167,654.7104,,,,,,,,,,Retained,,234
2025,611,1,710,37833,ILONA B,8/2/2025 17:19,4,16,710,345631,NSEI,56.889333,-134.615,56.905667,-134.616167,654.7104,,,,,,,,,,Retained,,235
2025,611,1,710,37833,ILONA B,8/2/2025 17:19,4,16,710,345631,NSEI,56.889333,-134.615,56.905667,-134.616167,654.7104,,,,,,,,,,Retained,,236
2025,611,1,710,37833,ILONA B,8/2/2025 17:19,4,16,710,345631,NSEI,56.889333,-134.615,56.905667,-134.616167,654.7104,,,,,,,,,,Retained,,237
2025,611,1,710,37833,ILONA B,8/2/2025 17:19,4,16,710,345631,NSEI,56.889333,-134.615,56.905667,-134.616167,654.7104,,,,,,,,,,Retained,,238
2025,611,1,710,37833,ILONA B,8/2/2025 17:19,4,16,710,345631,NSEI,56.889333,-134.615,56.905667,-134.616167,654.7104,,,,,,,,,,Retained,,239
2025,611,1,710,37833,ILONA B,8/2/2025 17:19,4,16,710,345631,NSEI,56.889333,-134.615,56.905667,-134.616167,654.7104,,,,,,,,,,Retained,,240
2025,611,1,710,37833,ILONA B,8/2/2025 17:19,4,16,710,345631,NSEI,56.889333,-134.615,56.905667,-134.616167,654.7104,,,,,,,,,,Retained,,241
2025,611,1,710,37833,ILONA B,8/2/2025 17:19,4,16,710,345631,NSEI,56.889333,-134.615,56.905667,-134.616167,654.7104,,,,,,,,,,Retained,,242
2025,611,1,710,37833,ILONA B,8/2/2025 17:19,4,16,710,345631,NSEI,56.889333,-134.615,56.905667,-134.616167,654.7104,,,,,,,,,,Retained,,243
2025,611,1,710,37833,ILONA B,8/2/2025 17:19,4,16,710,345631,NSEI,56.889333,-134.615,56.905667,-134.616167,654.7104,,,,,,,,,,Retained,,244
2025,611,1,710,37833,ILONA B,8/2/2025 17:19,4,16,710,345631,NSEI,56.889333,-134.615,56.905667,-134.616167,654.7104,,,,,,,,,,Retained,,245
2025,611,1,710,37833,ILONA B,8/2/2025 17:19,4,16,710,345631,NSEI,56.889333,-134.615,56.905667,-134.616167,654.7104,,,,,,,,,,Retained,,246
2025,611,1,710,37833,ILONA B,8/2/2025 17:19,4,16,710,345631,NSEI,56.889333,-134.615,56.905667,-134.616167,654.7104,,,,,,,,,,Retained,,247
2025,611,1,710,37833,ILONA B,8/2/2025 17:19,4,16,710,345631,NSEI,56.889333,-134.615,56.905667,-134.616167,654.7104,,,,,,,,,,Retained,,248
2025,611,1,710,37833,ILONA B,8/2/2025 17:19,4,16,710,345631,NSEI,56.889333,-134.615,56.905667,-134.616167,654.7104,,,,,,,,,,Retained,,249
2025,611,1,710,37833,ILONA B,8/2/2025 17:19,4,16,710,345631,NSEI,56.889333,-134.615,56.905667,-134.616167,654.7104,,,,,,,,,,Retained,,250
2025,611,1,710,37833,ILONA B,8/2/2025 17:19,4,16,710,345631,NSEI,56.889333,-134.615,56.905667,-134.616167,654.7104,,,,,,,,,,Retained,,251
2025,611,1,710,37833,ILONA B,8/2/2025 17:19,4,16,710,345631,NSEI,56.889333,-134.615,56.905667,-134.616167,654.7104,,,,,,,,,,Retained,,252
2025,611,1,710,37833,ILONA B,8/2/2025 17:19,4,16,710,345631,NSEI,56.889333,-134.615,56.905667,-134.616167,654.7104,,,,,,,,,,Retained,,253
2025,611,1,710,37833,ILONA B,8/2/2025 17:19,4,16,710,345631,NSEI,56.889333,-134.615,56.905667,-134.616167,654.7104,,,,,,,,,,Retained,,254
2025,611,1,710,37833,ILONA B,8/2/2025 17:19,4,16,710,345631,NSEI,56.889333,-134.615,56.905667,-134.616167,654.7104,,,,,,,,,,Retained,,255
2025,611,1,710,37833,ILONA B,8/2/2025 17:19,4,16,710,345631,NSEI,56.889333,-134.615,56.905667,-134.616167,654.7104,,,,,,,,,,Retained,,256
2025,611,1,710,37833,ILONA B,8/2/2025 17:19,4,16,710,345631,NSEI,56.889333,-134.615,56.905667,-134.616167,654.7104,,,,,,,,,,Retained,,257
2025,611,1,710,37833,ILONA B,8/2/2025 17:19,4,16,710,345631,NSEI,56.889333,-134.615,56.905667,-134.616167,654.7104,,,,,,,,,,Retained,,258
2025,611,1,710,37833,ILONA B,8/2/2025 17:19,4,16,710,345631,NSEI,56.889333,-134.615,56.905667,-134.616167,654.7104,,,,,,,,,,Retained,,259
2025,611,1,710,37833,ILONA B,8/2/2025 17:19,4,16,710,345631,NSEI,56.889333,-134.615,56.905667,-134.616167,654.7104,,,,,,,,,,Retained,,260
2025,611,1,710,37833,ILONA B,8/2/2025 17:19,4,16,710,345631,NSEI,56.889333,-134.615,56.905667,-134.616167,654.7104,,,,,,,,,,Retained,,261
2025,611,1,710,37833,ILONA B,8/2/2025 17:19,4,16,710,345631,NSEI,56.889333,-134.615,56.905667,-134.616167,654.7104,,,,,,,,,,Retained,,262
2025,611,1,710,37833,ILONA B,8/2/2025 17:19,4,16,710,345631,NSEI,56.889333,-134.615,56.905667,-134.616167,654.7104,,,,,,,,,,Retained,,263
2025,611,1,710,37833,ILONA B,8/2/2025 17:19,4,16,710,345631,NSEI,56.889333,-134.615,56.905667,-134.616167,654.7104,,,,,,,,,,Retained,,264
2025,611,1,710,37833,ILONA B,8/2/2025 17:19,4,16,710,345631,NSEI,56.889333,-134.615,56.905667,-134.616167,654.7104,,,,,,,,,,Retained,,265
2025,611,1,710,37833,ILONA B,8/2/2025 17:19,4,16,710,345631,NSEI,56.889333,-134.615,56.905667,-134.616167,654.7104,,,,,,,,,,Retained,,266
2025,611,1,710,37833,ILONA B,8/2/2025 17:19,4,16,710,345631,NSEI,56.889333,-134.615,56.905667,-134.616167,654.7104,,,,,,,,,,Retained,,267
2025,611,1,710,37833,ILONA B,8/2/2025 17:19,4,16,710,345631,NSEI,56.889333,-134.615,56.905667,-134.616167,654.7104,,,,,,,,,,Retained,,268
2025,611,1,710,37833,ILONA B,8/2/2025 17:19,4,16,710,345631,NSEI,56.889333,-134.615,56.905667,-134.616167,654.7104,,,,,,,,,,Retained,,269
2025,611,1,710,37833,ILONA B,8/2/2025 17:19,4,16,710,345631,NSEI,56.889333,-134.615,56.905667,-134.616167,654.7104,,,,,,,,,,Retained,,270
2025,611,1,710,37833,ILONA B,8/2/2025 17:19,4,16,710,345631,NSEI,56.889333,-134.615,56.905667,-134.616167,654.7104,,,,,,,,,,Retained,,271
2025,611,1,710,37833,ILONA B,8/2/2025 17:19,4,16,710,345631,NSEI,56.889333,-134.615,56.905667,-134.616167,654.7104,,,,,,,,,,Retained,,272
2025,611,1,710,37833,ILONA B,8/2/2025 17:19,4,16,710,345631,NSEI,56.889333,-134.615,56.905667,-134.616167,654.7104,,,,,,,,,,Retained,,273
2025,611,1,710,37833,ILONA B,8/2/2025 17:19,4,16,710,345631,NSEI,56.889333,-134.615,56.905667,-134.616167,654.7104,,,,,,,,,,Retained,,274
2025,611,1,710,37833,ILONA B,8/2/2025 17:19,4,16,710,345631,NSEI,56.889333,-134.615,56.905667,-134.616167,654.7104,,,,,,,,,,Retained,,275
2025,611,1,710,37833,ILONA B,8/2/2025 17:19,4,16,710,345631,NSEI,56.889333,-134.615,56.905667,-134.616167,654.7104,,,,,,,,,,Retained,,276
2025,611,1,710,37833,ILONA B,8/2/2025 17:19,4,16,710,345631,NSEI,56.889333,-134.615,56.905667,-134.616167,654.7104,,,,,,,,,,Retained,,277
2025,611,1,710,37833,ILONA B,8/2/2025 17:19,4,16,710,345631,NSEI,56.889333,-134.615,56.905667,-134.616167,654.7104,,,,,,,,,,Retained,,278
2025,611,1,710,37833,ILONA B,8/2/2025 17:19,4,16,710,345631,NSEI,56.889333,-134.615,56.905667,-134.616167,654.7104,,,,,,,,,,Retained,,279
2025,611,1,710,37833,ILONA B,8/2/2025 17:19,4,16,710,345631,NSEI,56.889333,-134.615,56.905667,-134.616167,654.7104,,,,,,,,,,Retained,,280
2025,611,1,710,37833,ILONA B,8/2/2025 17:19,4,16,710,345631,NSEI,56.889333,-134.615,56.905667,-134.616167,654.7104,,,,,,,,,,Retained,,281
2025,611,1,710,37833,ILONA B,8/2/2025 17:19,4,16,710,345631,NSEI,56.889333,-134.615,56.905667,-134.616167,654.7104,,,,,,,,,,Retained,,282
2025,611,1,710,37833,ILONA B,8/2/2025 17:19,4,16,710,345631,NSEI,56.889333,-134.615,56.905667,-134.616167,654.7104,,,,,,,,,,Retained,,283
2025,611,1,710,37833,ILONA B,8/2/2025 17:19,4,16,710,345631,NSEI,56.889333,-134.615,56.905667,-134.616167,654.7104,,,,,,,,,,Retained,,284
2025,611,1,710,37833,ILONA B,8/2/2025 17:19,4,16,710,345631,NSEI,56.889333,-134.615,56.905667,-134.616167,654.7104,,,,,,,,,,Retained,,285
2025,611,1,710,37833,ILONA B,8/2/2025 17:19,4,16,710,345631,NSEI,56.889333,-134.615,56.905667,-134.616167,654.7104,,,,,,,,,,Retained,,286
2025,611,1,710,37833,ILONA B,8/2/2025 17:19,4,16,710,345631,NSEI,56.889333,-134.615,56.905667,-134.616167,654.7104,,,,,,,,,,Retained,,287
2025,611,1,710,37833,ILONA B,8/2/2025 17:19,4,16,710,345631,NSEI,56.889333,-134.615,56.905667,-134.616167,654.7104,,,,,,,,,,Retained,,288
2025,611,1,710,37833,ILONA B,8/2/2025 17:19,4,16,710,345631,NSEI,56.889333,-134.615,56.905667,-134.616167,654.7104,,,,,,,,,,Retained,,289
2025,611,1,710,37833,ILONA B,8/2/2025 17:19,4,16,710,345631,NSEI,56.889333,-134.615,56.905667,-134.616167,654.7104,,,,,,,,,,Retained,,290
2025,611,1,710,37833,ILONA B,8/2/2025 17:19,4,16,710,345631,NSEI,56.889333,-134.615,56.905667,-134.616167,654.7104,,,,,,,,,,Retained,,291
2025,611,1,710,37833,ILONA B,8/2/2025 17:19,4,16,710,345631,NSEI,56.889333,-134.615,56.905667,-134.616167,654.7104,,,,,,,,,,Retained,,292
2025,611,1,710,37833,ILONA B,8/2/2025 17:19,4,16,710,345631,NSEI,56.889333,-134.615,56.905667,-134.616167,654.7104,,,,,,,,,,Retained,,293
2025,611,1,710,37833,ILONA B,8/2/2025 17:19,4,16,710,345631,NSEI,56.889333,-134.615,56.905667,-134.616167,654.7104,,,,,,,,,,Retained,,294
2025,611,1,710,37833,ILONA B,8/2/2025 17:19,4,16,710,345631,NSEI,56.889333,-134.615,56.905667,-134.616167,654.7104,,,,,,,,,,Retained,,295
2025,611,1,710,37833,ILONA B,8/2/2025 17:19,4,16,710,345631,NSEI,56.889333,-134.615,56.905667,-134.616167,654.7104,,,,,,,,,,Retained,,296
2025,611,1,710,37833,ILONA B,8/2/2025 17:19,4,16,710,345631,NSEI,56.889333,-134.615,56.905667,-134.616167,654.7104,,,,,,,,,,Retained,,297
2025,611,1,710,37833,ILONA B,8/2/2025 17:19,4,16,710,345631,NSEI,56.889333,-134.615,56.905667,-134.616167,654.7104,,,,,,,,,,Retained,,298
2025,611,1,710,37833,ILONA B,8/2/2025 17:19,4,16,710,345631,NSEI,56.889333,-134.615,56.905667,-134.616167,654.7104,,,,,,,,,,Retained,,299
2025,611,1,710,37833,ILONA B,8/2/2025 17:19,4,16,710,345631,NSEI,56.889333,-134.615,56.905667,-134.616167,654.7104,,,,,,,,,,Retained,,300
2025,611,1,710,37833,ILONA B,8/2/2025 17:19,4,16,710,345631,NSEI,56.889333,-134.615,56.905667,-134.616167,654.7104,,,,,,,,,,Retained,,301
2025,611,1,710,37833,ILONA B,8/2/2025 17:19,4,16,710,345631,NSEI,56.889333,-134.615,56.905667,-134.616167,654.7104,,,,,,,,,,Retained,,302
2025,611,1,710,37833,ILONA B,8/2/2025 17:19,4,16,710,345631,NSEI,56.889333,-134.615,56.905667,-134.616167,654.7104,,,,,,,,,,Retained,,303
2025,611,1,710,37833,ILONA B,8/2/2025 17:19,4,16,710,345631,NSEI,56.889333,-134.615,56.905667,-134.616167,654.7104,,,,,,,,,,Retained,,304
2025,611,1,710,37833,ILONA B,8/2/2025 17:19,4,16,710,345631,NSEI,56.889333,-134.615,56.905667,-134.616167,654.7104,,,,,,,,,,Retained,,305
2025,611,1,710,37833,ILONA B,8/2/2025 17:19,4,16,710,345631,NSEI,56.889333,-134.615,56.905667,-134.616167,654.7104,,,,,,,,,,Retained,,306
2025,611,1,710,37833,ILONA B,8/2/2025 17:19,4,16,710,345631,NSEI,56.889333,-134.615,56.905667,-134.616167,654.7104,,,,,,,,,,Retained,,307
2025,611,1,710,37833,ILONA B,8/2/2025 17:19,4,16,710,345631,NSEI,56.889333,-134.615,56.905667,-134.616167,654.7104,,,,,,,,,,Retained,,308
2025,611,1,710,37833,ILONA B,8/2/2025 17:19,4,16,710,345631,NSEI,56.889333,-134.615,56.905667,-134.616167,654.7104,,,,,,,,,,Retained,,309
2025,611,1,710,37833,ILONA B,8/2/2025 17:19,4,16,710,345631,NSEI,56.889333,-134.615,56.905667,-134.616167,654.7104,,,,,,,,,,Retained,,310
2025,611,1,710,37833,ILONA B,8/2/2025 17:19,4,16,710,345631,NSEI,56.889333,-134.615,56.905667,-134.616167,654.7104,,,,,,,,,,Retained,,311
2025,611,1,710,37833,ILONA B,8/2/2025 17:19,4,16,710,345631,NSEI,56.889333,-134.615,56.905667,-134.616167,654.7104,,,,,,,,,,Retained,,312
2025,611,1,710,37833,ILONA B,8/2/2025 17:19,4,16,710,345631,NSEI,56.889333,-134.615,56.905667,-134.616167,654.7104,,,,,,,,,,Retained,,313
2025,611,1,710,37833,ILONA B,8/2/2025 17:19,4,16,710,345631,NSEI,56.889333,-134.615,56.905667,-134.616167,654.7104,,,,,,,,,,Retained,,314
2025,611,1,710,37833,ILONA B,8/2/2025 17:19,4,16,710,345631,NSEI,56.889333,-134.615,56.905667,-134.616167,654.7104,,,,,,,,,,Retained,,315
2025,611,1,710,37833,ILONA B,8/2/2025 17:19,4,16,710,345631,NSEI,56.889333,-134.615,56.905667,-134.616167,654.7104,,,,,,,,,,Retained,,316
2025,611,1,710,37833,ILONA B,8/2/2025 17:19,4,16,710,345631,NSEI,56.889333,-134.615,56.905667,-134.616167,654.7104,,,,,,,,,,Retained,,317
2025,611,1,710,37833,ILONA B,8/2/2025 17:19,4,16,710,345631,NSEI,56.889333,-134.615,56.905667,-134.616167,654.7104,,,,,,,,,,Retained,,318
2025,611,1,710,37833,ILONA B,8/2/2025 17:19,4,16,710,345631,NSEI,56.889333,-134.615,56.905667,-134.616167,654.7104,,,,,,,,,,Retained,,319
2025,611,1,710,37833,ILONA B,8/2/2025 17:19,4,16,710,345631,NSEI,56.889333,-134.615,56.905667,-134.616167,654.7104,,,,,,,,,,Retained,,320
2025,611,1,710,37833,ILONA B,8/2/2025 17:19,4,16,710,345631,NSEI,56.889333,-134.615,56.905667,-134.616167,654.7104,,,,,,,,,,Retained,,321
2025,611,1,710,37833,ILONA B,8/2/2025 17:19,4,16,710,345631,NSEI,56.889333,-134.615,56.905667,-134.616167,654.7104,,,,,,,,,,Retained,,322
2025,611,1,710,37833,ILONA B,8/2/2025 17:19,4,16,710,345631,NSEI,56.889333,-134.615,56.905667,-134.616167,654.7104,,,,,,,,,,Retained,,323
2025,611,1,710,37833,ILONA B,8/2/2025 17:19,4,16,710,345631,NSEI,56.889333,-134.615,56.905667,-134.616167,654.7104,,,,,,,,,,Retained,,324
2025,611,1,710,37833,ILONA B,8/2/2025 17:19,4,16,710,345631,NSEI,56.889333,-134.615,56.905667,-134.616167,654.7104,,,,,,,,,,Retained,,325
2025,611,1,710,37833,ILONA B,8/2/2025 17:19,4,16,710,345631,NSEI,56.889333,-134.615,56.905667,-134.616167,654.7104,,,,,,,,,,Retained,,326
2025,611,1,710,37833,ILONA B,8/2/2025 17:19,4,16,710,345631,NSEI,56.889333,-134.615,56.905667,-134.616167,654.7104,,,,,,,,,,Retained,,327
2025,611,1,710,37833,ILONA B,8/2/2025 17:19,4,16,710,345631,NSEI,56.889333,-134.615,56.905667,-134.616167,654.7104,,,,,,,,,,Retained,,328
2025,611,1,710,37833,ILONA B,8/2/2025 17:19,4,16,710,345631,NSEI,56.889333,-134.615,56.905667,-134.616167,654.7104,,,,,,,,,,Retained,,329
2025,611,1,710,37833,ILONA B,8/2/2025 17:19,4,16,710,345631,NSEI,56.889333,-134.615,56.905667,-134.616167,654.7104,,,,,,,,,,Retained,,330
2025,611,1,710,37833,ILONA B,8/2/2025 17:19,4,16,710,345631,NSEI,56.889333,-134.615,56.905667,-134.616167,654.7104,,,,,,,,,,Retained,,331
2025,611,1,710,37833,ILONA B,8/2/2025 17:19,4,16,710,345631,NSEI,56.889333,-134.615,56.905667,-134.616167,654.7104,,,,,,,,,,Retained,,332
2025,611,1,710,37833,ILONA B,8/2/2025 17:19,4,16,710,345631,NSEI,56.889333,-134.615,56.905667,-134.616167,654.7104,,,,,,,,,,Retained,,333
2025,611,1,710,37833,ILONA B,8/2/2025 17:19,4,16,710,345631,NSEI,56.889333,-134.615,56.905667,-134.616167,654.7104,,,,,,,,,,Retained,,334
2025,611,1,710,37833,ILONA B,8/2/2025 17:19,4,16,710,345631,NSEI,56.889333,-134.615,56.905667,-134.616167,654.7104,,,,,,,,,,Retained,,335
2025,611,1,710,37833,ILONA B,8/2/2025 17:19,4,16,710,345631,NSEI,56.889333,-134.615,56.905667,-134.616167,654.7104,,,,,,,,,,Retained,,336
2025,611,1,710,37833,ILONA B,8/2/2025 17:19,4,16,710,345631,NSEI,56.889333,-134.615,56.905667,-134.616167,654.7104,,,,,,,,,,Retained,,337
2025,611,1,710,37833,ILONA B,8/2/2025 17:19,4,16,710,345631,NSEI,56.889333,-134.615,56.905667,-134.616167,654.7104,,,,,,,,,,Retained,,338
2025,611,1,710,37833,ILONA B,8/2/2025 17:19,4,16,710,345631,NSEI,56.889333,-134.615,56.905667,-134.616167,654.7104,,,,,,,,,,Retained,,339
2025,611,1,710,37833,ILONA B,8/2/2025 17:19,4,16,710,345631,NSEI,56.889333,-134.615,56.905667,-134.616167,654.7104,,,,,,,,,,Retained,,340
2025,611,1,710,37833,ILONA B,8/2/2025 17:19,4,16,710,345631,NSEI,56.889333,-134.615,56.905667,-134.616167,654.7104,,,,,,,,,,Retained,,341
2025,611,1,710,37833,ILONA B,8/2/2025 17:19,4,16,710,345631,NSEI,56.889333,-134.615,56.905667,-134.616167,654.7104,,,,,,,,,,Retained,,342
2025,611,1,710,37833,ILONA B,8/2/2025 17:19,4,16,710,345631,NSEI,56.889333,-134.615,56.905667,-134.616167,654.7104,,,,,,,,,,Retained,,343
2025,611,1,710,37833,ILONA B,8/2/2025 17:19,4,16,710,345631,NSEI,56.889333,-134.615,56.905667,-134.616167,654.7104,,,,,,,,,,Retained,,344
2025,611,1,710,37833,ILONA B,8/2/2025 17:19,4,16,710,345631,NSEI,56.889333,-134.615,56.905667,-134.616167,654.7104,,,,,,,,,,Retained,,345
2025,611,1,710,37833,ILONA B,8/2/2025 17:19,4,16,710,345631,NSEI,56.889333,-134.615,56.905667,-134.616167,654.7104,,,,,,,,,,Retained,,346
2025,611,1,710,37833,ILONA B,8/2/2025 17:19,4,16,710,345631,NSEI,56.889333,-134.615,56.905667,-134.616167,654.7104,,,,,,,,,,Retained,,347
2025,611,1,710,37833,ILONA B,8/2/2025 17:19,4,16,710,345631,NSEI,56.889333,-134.615,56.905667,-134.616167,654.7104,,,,,,,,,,Retained,,348
2025,611,1,710,37833,ILONA B,8/2/2025 17:19,4,16,710,345631,NSEI,56.889333,-134.615,56.905667,-134.616167,654.7104,,,,,,,,,,Retained,,349
2025,611,1,710,37833,ILONA B,8/2/2025 17:19,4,16,710,345631,NSEI,56.889333,-134.615,56.905667,-134.616167,654.7104,,,,,,,,,,Retained,,350
2025,611,1,710,37833,ILONA B,8/2/2025 17:19,4,16,710,345631,NSEI,56.889333,-134.615,56.905667,-134.616167,654.7104,,,,,,,,,,Retained,,351
2025,611,1,710,37833,ILONA B,8/2/2025 17:19,4,16,710,345631,NSEI,56.889333,-134.615,56.905667,-134.616167,654.7104,,,,,,,,,,Retained,,352
2025,611,1,710,37833,ILONA B,8/2/2025 17:19,4,16,710,345631,NSEI,56.889333,-134.615,56.905667,-134.616167,654.7104,,,,,,,,,,Retained,,353
2025,611,1,710,37833,ILONA B,8/2/2025 17:19,4,16,710,345631,NSEI,56.889333,-134.615,56.905667,-134.616167,654.7104,,,,,,,,,,Retained,,354
2025,611,1,710,37833,ILONA B,8/2/2025 17:19,4,16,710,345631,NSEI,56.889333,-134.615,56.905667,-134.616167,654.7104,,,,,,,,,,Retained,,355
2025,611,1,710,37833,ILONA B,8/2/2025 17:19,4,16,710,345631,NSEI,56.889333,-134.615,56.905667,-134.616167,654.7104,,,,,,,,,,Retained,,356
2025,611,1,710,37833,ILONA B,8/2/2025 17:19,4,16,710,345631,NSEI,56.889333,-134.615,56.905667,-134.616167,654.7104,,,,,,,,,,Retained,,357
2025,611,1,710,37833,ILONA B,8/2/2025 17:19,4,16,710,345631,NSEI,56.889333,-134.615,56.905667,-134.616167,654.7104,,,,,,,,,,Retained,,358
2025,611,1,710,37833,ILONA B,8/2/2025 17:19,4,16,710,345631,NSEI,56.889333,-134.615,56.905667,-134.616167,654.7104,,,,,,,,,,Retained,,359
2025,611,1,710,37833,ILONA B,8/2/2025 17:19,4,16,710,345631,NSEI,56.889333,-134.615,56.905667,-134.616167,654.7104,,,,,,,,,,Retained,,360
2025,611,1,710,37833,ILONA B,8/2/2025 17:19,4,16,710,345631,NSEI,56.889333,-134.615,56.905667,-134.616167,654.7104,,,,,,,,,,Retained,,361
2025,611,1,710,37833,ILONA B,8/2/2025 17:19,4,16,710,345631,NSEI,56.889333,-134.615,56.905667,-134.616167,654.7104,,,,,,,,,,Retained,,362
2025,611,1,710,37833,ILONA B,8/2/2025 17:19,4,16,710,345631,NSEI,56.889333,-134.615,56.905667,-134.616167,654.7104,,,,,,,,,,Retained,,363
2025,611,1,710,37833,ILONA B,8/2/2025 17:19,4,16,710,345631,NSEI,56.889333,-134.615,56.905667,-134.616167,654.7104,,,,,,,,,,Retained,,364
2025,611,1,710,37833,ILONA B,8/2/2025 17:19,4,16,710,345631,NSEI,56.889333,-134.615,56.905667,-134.616167,654.7104,,,,,,,,,,Retained,,365
2025,611,1,710,37833,ILONA B,8/2/2025 17:19,4,16,710,345631,NSEI,56.889333,-134.615,56.905667,-134.616167,654.7104,,,,,,,,,,Retained,,366
2025,611,1,710,37833,ILONA B,8/2/2025 17:19,4,16,710,345631,NSEI,56.889333,-134.615,56.905667,-134.616167,654.7104,,,,,,,,,,Retained,,367
2025,611,1,710,37833,ILONA B,8/2/2025 17:19,4,16,710,345631,NSEI,56.889333,-134.615,56.905667,-134.616167,654.7104,,,,,,,,,,Retained,,368
2025,611,1,710,37833,ILONA B,8/2/2025 17:19,4,16,710,345631,NSEI,56.889333,-134.615,56.905667,-134.616167,654.7104,,,,,,,,,,Retained,,369
2025,611,1,710,37833,ILONA B,8/2/2025 17:19,4,16,710,345631,NSEI,56.889333,-134.615,56.905667,-134.616167,654.7104,,,,,,,,,,Retained,,370
2025,611,1,710,37833,ILONA B,8/2/2025 17:19,4,16,710,345631,NSEI,56.889333,-134.615,56.905667,-134.616167,654.7104,,,,,,,,,,Retained,,371
2025,611,1,710,37833,ILONA B,8/2/2025 17:19,4,16,710,345631,NSEI,56.889333,-134.615,56.905667,-134.616167,654.7104,,,,,,,,,,Retained,,372
2025,611,1,710,37833,ILONA B,8/2/2025 17:19,4,16,710,345631,NSEI,56.889333,-134.615,56.905667,-134.616167,654.7104,,,,,,,,,,Retained,,373
2025,611,1,710,37833,ILONA B,8/2/2025 17:19,4,16,710,345631,NSEI,56.889333,-134.615,56.905667,-134.616167,654.7104,,,,,,,,,,Retained,,374
2025,611,1,710,37833,ILONA B,8/2/2025 17:19,4,16,710,345631,NSEI,56.889333,-134.615,56.905667,-134.616167,654.7104,,,,,,,,,,Retained,,375
2025,611,1,710,37833,ILONA B,8/2/2025 17:19,4,16,710,345631,NSEI,56.889333,-134.615,56.905667,-134.616167,654.7104,,,,,,,,,,Retained,,376
2025,611,1,710,37833,ILONA B,8/2/2025 17:19,4,16,710,345631,NSEI,56.889333,-134.615,56.905667,-134.616167,654.7104,,,,,,,,,,Retained,,377
2025,611,1,710,37833,ILONA B,8/2/2025 17:19,4,16,710,345631,NSEI,56.889333,-134.615,56.905667,-134.616167,654.7104,,,,,,,,,,Retained,,378
2025,611,1,710,37833,ILONA B,8/2/2025 17:19,4,16,710,345631,NSEI,56.889333,-134.615,56.905667,-134.616167,654.7104,,,,,,,,,,Retained,,379
2025,611,1,710,37833,ILONA B,8/2/2025 17:19,4,16,710,345631,NSEI,56.889333,-134.615,56.905667,-134.616167,654.7104,,,,,,,,,,Retained,,380
2025,611,1,710,37833,ILONA B,8/2/2025 17:19,4,16,710,345631,NSEI,56.889333,-134.615,56.905667,-134.616167,654.7104,,,,,,,,,,Retained,,381
2025,611,1,710,37833,ILONA B,8/2/2025 17:19,4,16,710,345631,NSEI,56.889333,-134.615,56.905667,-134.616167,654.7104,,,,,,,,,,Retained,,382
2025,611,1,710,37833,ILONA B,8/2/2025 17:19,4,16,710,345631,NSEI,56.889333,-134.615,56.905667,-134.616167,654.7104,,,,,,,,,,Retained,,383
2025,611,1,710,37833,ILONA B,8/2/2025 17:19,4,16,710,345631,NSEI,56.889333,-134.615,56.905667,-134.616167,654.7104,,,,,,,,,,Retained,,384
2025,611,1,710,37833,ILONA B,8/2/2025 17:19,4,16,710,345631,NSEI,56.889333,-134.615,56.905667,-134.616167,654.7104,,,,,,,,,,Retained,,385
2025,611,1,710,37833,ILONA B,8/2/2025 17:19,4,16,710,345631,NSEI,56.889333,-134.615,56.905667,-134.616167,654.7104,,,,,,,,,,Retained,,386
2025,611,1,710,37833,ILONA B,8/2/2025 17:19,4,16,710,345631,NSEI,56.889333,-134.615,56.905667,-134.616167,654.7104,,,,,,,,,,Retained,,387
2025,611,1,710,37833,ILONA B,8/2/2025 17:19,4,16,710,345631,NSEI,56.889333,-134.615,56.905667,-134.616167,654.7104,,,,,,,,,,Retained,,388
2025,611,1,710,37833,ILONA B,8/2/2025 17:19,4,16,710,345631,NSEI,56.889333,-134.615,56.905667,-134.616167,654.7104,,,,,,,,,,Retained,,389
2025,611,1,710,37833,ILONA B,8/2/2025 17:19,4,16,710,345631,NSEI,56.889333,-134.615,56.905667,-134.616167,654.7104,,,,,,,,,,Retained,,390
2025,611,1,710,37833,ILONA B,8/2/2025 17:19,4,16,710,345631,NSEI,56.889333,-134.615,56.905667,-134.616167,654.7104,,,,,,,,,,Retained,,391
2025,611,1,710,37833,ILONA B,8/2/2025 17:19,4,16,710,345631,NSEI,56.889333,-134.615,56.905667,-134.616167,654.7104,,,,,,,,,,Retained,,392
2025,611,1,710,37833,ILONA B,8/2/2025 17:19,4,16,710,345631,NSEI,56.889333,-134.615,56.905667,-134.616167,654.7104,,,,,,,,,,Retained,,393
2025,611,1,710,37833,ILONA B,8/2/2025 17:19,4,16,710,345631,NSEI,56.889333,-134.615,56.905667,-134.616167,654.7104,,,,,,,,,,Retained,,394
2025,611,1,710,37833,ILONA B,8/2/2025 17:19,4,16,710,345631,NSEI,56.889333,-134.615,56.905667,-134.616167,654.7104,,,,,,,,,,Retained,,395
2025,611,1,710,37833,ILONA B,8/2/2025 17:19,4,16,710,345631,NSEI,56.889333,-134.615,56.905667,-134.616167,654.7104,,,,,,,,,,Retained,,396
2025,611,1,710,37833,ILONA B,8/2/2025 17:19,4,16,710,345631,NSEI,56.889333,-134.615,56.905667,-134.616167,654.7104,,,,,,,,,,Retained,,397
2025,611,1,710,37833,ILONA B,8/2/2025 17:19,4,16,710,345631,NSEI,56.889333,-134.615,56.905667,-134.616167,654.7104,,,,,,,,,,Retained,,398
2025,611,1,710,37833,ILONA B,8/2/2025 17:19,4,16,710,345631,NSEI,56.889333,-134.615,56.905667,-134.616167,654.7104,,,,,,,,,,Retained,,399
2025,611,1,710,37833,ILONA B,8/2/2025 17:19,4,16,710,345631,NSEI,56.889333,-134.615,56.905667,-134.616167,654.7104,,,,,,,,,,Retained,,400
2025,611,1,710,37833,ILONA B,8/2/2025 17:19,4,16,710,345631,NSEI,56.889333,-134.615,56.905667,-134.616167,654.7104,,,,,,,,,,Retained,,401
2025,611,1,710,37833,ILONA B,8/2/2025 17:19,4,16,710,345631,NSEI,56.889333,-134.615,56.905667,-134.616167,654.7104,,,,,,,,,,Retained,,402
2025,611,1,710,37833,ILONA B,8/2/2025 17:19,4,16,710,345631,NSEI,56.889333,-134.615,56.905667,-134.616167,654.7104,,,,,,,,,,Retained,,403
2025,611,1,710,37833,ILONA B,8/2/2025 17:19,4,16,710,345631,NSEI,56.889333,-134.615,56.905667,-134.616167,654.7104,,,,,,,,,,Retained,,404
2025,611,1,710,37833,ILONA B,8/2/2025 17:19,4,16,710,345631,NSEI,56.889333,-134.615,56.905667,-134.616167,654.7104,,,,,,,,,,Retained,,405
2025,611,1,710,37833,ILONA B,8/2/2025 17:19,4,16,710,345631,NSEI,56.889333,-134.615,56.905667,-134.616167,654.7104,,,,,,,,,,Retained,,406
2025,611,1,710,37833,ILONA B,8/2/2025 17:19,4,16,710,345631,NSEI,56.889333,-134.615,56.905667,-134.616167,654.7104,,,,,,,,,,Retained,,407
2025,611,1,710,37833,ILONA B,8/2/2025 17:19,4,16,710,345631,NSEI,56.889333,-134.615,56.905667,-134.616167,654.7104,,,,,,,,,,Retained,,408
2025,611,1,710,37833,ILONA B,8/2/2025 17:19,4,16,710,345631,NSEI,56.889333,-134.615,56.905667,-134.616167,654.7104,,,,,,,,,,Retained,,409
2025,611,1,710,37833,ILONA B,8/2/2025 17:19,4,16,710,345631,NSEI,56.889333,-134.615,56.905667,-134.616167,654.7104,,,,,,,,,,Retained,,410
2025,611,1,710,37833,ILONA B,8/2/2025 17:19,4,16,710,345631,NSEI,56.889333,-134.615,56.905667,-134.616167,654.7104,,,,,,,,,,Retained,,411
2025,611,1,710,37833,ILONA B,8/2/2025 17:19,4,16,710,345631,NSEI,56.889333,-134.615,56.905667,-134.616167,654.7104,,,,,,,,,,Retained,,412
2025,611,1,710,37833,ILONA B,8/2/2025 17:19,4,16,710,345631,NSEI,56.889333,-134.615,56.905667,-134.616167,654.7104,,,,,,,,,,Retained,,413
2025,611,1,710,37833,ILONA B,8/2/2025 17:19,4,16,710,345631,NSEI,56.889333,-134.615,56.905667,-134.616167,654.7104,,,,,,,,,,Retained,,414
2025,611,1,710,37833,ILONA B,8/2/2025 17:19,4,16,710,345631,NSEI,56.889333,-134.615,56.905667,-134.616167,654.7104,,,,,,,,,,Retained,,415
2025,611,1,710,37833,ILONA B,8/2/2025 17:19,4,16,710,345631,NSEI,56.889333,-134.615,56.905667,-134.616167,654.7104,,,,,,,,,,Retained,,416
2025,611,1,710,37833,ILONA B,8/2/2025 17:19,4,16,710,345631,NSEI,56.889333,-134.615,56.905667,-134.616167,654.7104,,,,,,,,,,Retained,,417
2025,611,1,710,37833,ILONA B,8/2/2025 17:19,4,16,710,345631,NSEI,56.889333,-134.615,56.905667,-134.616167,654.7104,,,,,,,,,,Retained,,418
2025,611,1,710,37833,ILONA B,8/2/2025 17:19,4,16,710,345631,NSEI,56.889333,-134.615,56.905667,-134.616167,654.7104,,,,,,,,,,Retained,,419
2025,611,1,710,37833,ILONA B,8/2/2025 17:19,4,16,710,345631,NSEI,56.889333,-134.615,56.905667,-134.616167,654.7104,,,,,,,,,,Retained,,420
2025,611,1,710,37833,ILONA B,8/2/2025 17:19,4,16,710,345631,NSEI,56.889333,-134.615,56.905667,-134.616167,654.7104,,,,,,,,,,Retained,,421
2025,611,1,710,37833,ILONA B,8/2/2025 17:19,4,16,710,345631,NSEI,56.889333,-134.615,56.905667,-134.616167,654.7104,,,,,,,,,,Retained,,422
2025,611,1,710,37833,ILONA B,8/2/2025 17:19,4,16,710,345631,NSEI,56.889333,-134.615,56.905667,-134.616167,654.7104,,,,,,,,,,Retained,,423
2025,611,1,710,37833,ILONA B,8/2/2025 17:19,4,16,710,345631,NSEI,56.889333,-134.615,56.905667,-134.616167,654.7104,,,,,,,,,,Retained,,424
2025,611,1,710,37833,ILONA B,8/2/2025 17:19,4,16,710,345631,NSEI,56.889333,-134.615,56.905667,-134.616167,654.7104,,,,,,,,,,Retained,,425
2025,611,1,710,37833,ILONA B,8/2/2025 17:19,4,16,710,345631,NSEI,56.889333,-134.615,56.905667,-134.616167,654.7104,,,,,,,,,,Retained,,426
2025,611,1,710,37833,ILONA B,8/2/2025 17:19,4,16,710,345631,NSEI,56.889333,-134.615,56.905667,-134.616167,654.7104,,,,,,,,,,Retained,,427
2025,611,1,710,37833,ILONA B,8/2/2025 17:19,4,16,710,345631,NSEI,56.889333,-134.615,56.905667,-134.616167,654.7104,,,,,,,,,,Retained,,428
2025,611,1,710,37833,ILONA B,8/2/2025 17:19,4,16,710,345631,NSEI,56.889333,-134.615,56.905667,-134.616167,654.7104,,,,,,,,,,Retained,,429
2025,611,1,710,37833,ILONA B,8/2/2025 17:19,4,16,710,345631,NSEI,56.889333,-134.615,56.905667,-134.616167,654.7104,,,,,,,,,,Retained,,430
2025,611,1,710,37833,ILONA B,8/2/2025 17:19,4,16,710,345631,NSEI,56.889333,-134.615,56.905667,-134.616167,654.7104,,,,,,,,,,Retained,,431
2025,611,1,710,37833,ILONA B,8/2/2025 17:19,4,16,710,345631,NSEI,56.889333,-134.615,56.905667,-134.616167,654.7104,,,,,,,,,,Retained,,432
2025,611,1,710,37833,ILONA B,8/2/2025 17:19,4,16,710,345631,NSEI,56.889333,-134.615,56.905667,-134.616167,654.7104,,,,,,,,,,Retained,,433
2025,611,1,710,37833,ILONA B,8/2/2025 17:19,4,16,710,345631,NSEI,56.889333,-134.615,56.905667,-134.616167,654.7104,,,,,,,,,,Retained,,434
2025,611,1,710,37833,ILONA B,8/2/2025 17:19,4,16,710,345631,NSEI,56.889333,-134.615,56.905667,-134.616167,654.7104,,,,,,,,,,Retained,,435
2025,611,1,710,37833,ILONA B,8/2/2025 17:19,4,16,710,345631,NSEI,56.889333,-134.615,56.905667,-134.616167,654.7104,,,,,,,,,,Retained,,436
2025,611,1,710,37833,ILONA B,8/2/2025 17:19,4,16,710,345631,NSEI,56.889333,-134.615,56.905667,-134.616167,654.7104,,,,,,,,,,Retained,,437
2025,611,1,710,37833,ILONA B,8/2/2025 17:19,4,16,710,345631,NSEI,56.889333,-134.615,56.905667,-134.616167,654.7104,,,,,,,,,,Retained,,438
2025,611,1,710,37833,ILONA B,8/2/2025 17:19,4,16,710,345631,NSEI,56.889333,-134.615,56.905667,-134.616167,654.7104,,,,,,,,,,Retained,,439
2025,611,1,710,37833,ILONA B,8/2/2025 17:19,4,16,710,345631,NSEI,56.889333,-134.615,56.905667,-134.616167,654.7104,,,,,,,,,,Retained,,440
2025,611,1,710,37833,ILONA B,8/2/2025 17:19,4,16,710,345631,NSEI,56.889333,-134.615,56.905667,-134.616167,654.7104,,,,,,,,,,Retained,,441
2025,611,1,710,37833,ILONA B,8/2/2025 17:19,4,16,710,345631,NSEI,56.889333,-134.615,56.905667,-134.616167,654.7104,,,,,,,,,,Retained,,442
2025,611,1,710,37833,ILONA B,8/2/2025 17:19,4,16,710,345631,NSEI,56.889333,-134.615,56.905667,-134.616167,654.7104,,,,,,,,,,Retained,,443
2025,611,1,710,37833,ILONA B,8/2/2025 17:19,4,16,710,345631,NSEI,56.889333,-134.615,56.905667,-134.616167,654.7104,,,,,,,,,,Retained,,444
2025,611,1,710,37833,ILONA B,8/2/2025 17:19,4,16,710,345631,NSEI,56.889333,-134.615,56.905667,-134.616167,654.7104,,,,,,,,,,Retained,,445
2025,611,1,710,37833,ILONA B,8/2/2025 17:19,4,16,710,345631,NSEI,56.889333,-134.615,56.905667,-134.616167,654.7104,,,,,,,,,,Retained,,446
2025,611,1,710,37833,ILONA B,8/2/2025 17:19,4,16,710,345631,NSEI,56.889333,-134.615,56.905667,-134.616167,654.7104,,,,,,,,,,Retained,,447
2025,611,1,710,37833,ILONA B,8/2/2025 17:19,4,16,710,345631,NSEI,56.889333,-134.615,56.905667,-134.616167,654.7104,,,,,,,,,,Retained,,448
2025,611,1,710,37833,ILONA B,8/2/2025 17:19,4,16,710,345631,NSEI,56.889333,-134.615,56.905667,-134.616167,654.7104,,,,,,,,,,Retained,,449
2025,611,1,710,37833,ILONA B,8/2/2025 17:19,4,16,710,345631,NSEI,56.889333,-134.615,56.905667,-134.616167,654.7104,,,,,,,,,,Retained,,450
2025,611,1,710,37833,ILONA B,8/2/2025 17:19,4,16,710,345631,NSEI,56.889333,-134.615,56.905667,-134.616167,654.7104,,,,,,,,,,Retained,,451
2025,611,1,710,37833,ILONA B,8/2/2025 17:19,4,16,710,345631,NSEI,56.889333,-134.615,56.905667,-134.616167,654.7104,,,,,,,,,,Retained,,452
2025,611,1,710,37833,ILONA B,8/2/2025 17:19,4,16,710,345631,NSEI,56.889333,-134.615,56.905667,-134.616167,654.7104,,,,,,,,,,Retained,,453
2025,611,1,710,37833,ILONA B,8/2/2025 17:19,4,16,710,345631,NSEI,56.889333,-134.615,56.905667,-134.616167,654.7104,,,,,,,,,,Retained,,454
2025,611,1,710,37833,ILONA B,8/2/2025 17:19,4,16,710,345631,NSEI,56.889333,-134.615,56.905667,-134.616167,654.7104,,,,,,,,,,Retained,,455
2025,611,1,710,37833,ILONA B,8/2/2025 17:19,4,16,710,345631,NSEI,56.889333,-134.615,56.905667,-134.616167,654.7104,,,,,,,,,,Retained,,456
2025,611,1,710,37833,ILONA B,8/2/2025 17:19,4,16,710,345631,NSEI,56.889333,-134.615,56.905667,-134.616167,654.7104,,,,,,,,,,Retained,,457
2025,611,1,710,37833,ILONA B,8/2/2025 17:19,4,16,710,345631,NSEI,56.889333,-134.615,56.905667,-134.616167,654.7104,,,,,,,,,,Retained,,458
2025,611,1,710,37833,ILONA B,8/2/2025 17:19,4,16,710,345631,NSEI,56.889333,-134.615,56.905667,-134.616167,654.7104,,,,,,,,,,Retained,,459
2025,611,1,710,37833,ILONA B,8/2/2025 17:19,4,16,710,345631,NSEI,56.889333,-134.615,56.905667,-134.616167,654.7104,,,,,,,,,,Retained,,460
2025,611,1,710,37833,ILONA B,8/2/2025 17:19,4,16,710,345631,NSEI,56.889333,-134.615,56.905667,-134.616167,654.7104,,,,,,,,,,Retained,,461
2025,611,1,710,37833,ILONA B,8/2/2025 17:19,4,16,710,345631,NSEI,56.889333,-134.615,56.905667,-134.616167,654.7104,,,,,,,,,,Retained,,462
2025,611,1,710,37833,ILONA B,8/2/2025 17:19,4,16,710,345631,NSEI,56.889333,-134.615,56.905667,-134.616167,654.7104,,,,,,,,,,Retained,,463
2025,611,1,710,37833,ILONA B,8/2/2025 17:19,4,16,710,345631,NSEI,56.889333,-134.615,56.905667,-134.616167,654.7104,,,,,,,,,,Retained,,464
2025,611,1,710,37833,ILONA B,8/2/2025 17:19,4,16,710,345631,NSEI,56.889333,-134.615,56.905667,-134.616167,654.7104,,,,,,,,,,Retained,,465
2025,611,1,710,37833,ILONA B,8/2/2025 17:19,4,16,710,345631,NSEI,56.889333,-134.615,56.905667,-134.616167,654.7104,,,,,,,,,,Retained,,466
2025,611,1,710,37833,ILONA B,8/2/2025 17:19,4,16,710,345631,NSEI,56.889333,-134.615,56.905667,-134.616167,654.7104,,,,,,,,,,Retained,,467
2025,611,1,710,37833,ILONA B,8/2/2025 17:19,4,16,710,345631,NSEI,56.889333,-134.615,56.905667,-134.616167,654.7104,,,,,,,,,,Retained,,468
2025,611,1,710,37833,ILONA B,8/2/2025 17:19,4,16,710,345631,NSEI,56.889333,-134.615,56.905667,-134.616167,654.7104,,,,,,,,,,Retained,,469
2025,611,1,710,37833,ILONA B,8/2/2025 17:19,4,16,710,345631,NSEI,56.889333,-134.615,56.905667,-134.616167,654.7104,,,,,,,,,,Retained,,470
2025,611,1,710,37833,ILONA B,8/2/2025 17:19,4,16,710,345631,NSEI,56.889333,-134.615,56.905667,-134.616167,654.7104,,,,,,,,,,Retained,,471
2025,611,1,710,37833,ILONA B,8/2/2025 17:19,4,16,710,345631,NSEI,56.889333,-134.615,56.905667,-134.616167,654.7104,,,,,,,,,,Retained,,472
2025,611,1,710,37833,ILONA B,8/2/2025 17:19,4,16,710,345631,NSEI,56.889333,-134.615,56.905667,-134.616167,654.7104,,,,,,,,,,Retained,,473
2025,611,1,710,37833,ILONA B,8/2/2025 17:19,4,16,710,345631,NSEI,56.889333,-134.615,56.905667,-134.616167,654.7104,,,,,,,,,,Retained,,474
2025,611,1,710,37833,ILONA B,8/2/2025 17:19,4,16,710,345631,NSEI,56.889333,-134.615,56.905667,-134.616167,654.7104,,,,,,,,,,Retained,,475
2025,611,1,710,37833,ILONA B,8/2/2025 17:19,4,16,710,345631,NSEI,56.889333,-134.615,56.905667,-134.616167,654.7104,,,,,,,,,,Retained,,476
2025,611,1,710,37833,ILONA B,8/2/2025 17:19,4,16,710,345631,NSEI,56.889333,-134.615,56.905667,-134.616167,654.7104,,,,,,,,,,Retained,,477
2025,611,1,710,37833,ILONA B,8/2/2025 17:19,4,16,710,345631,NSEI,56.889333,-134.615,56.905667,-134.616167,654.7104,,,,,,,,,,Retained,,478
2025,611,1,710,37833,ILONA B,8/2/2025 17:19,4,16,710,345631,NSEI,56.889333,-134.615,56.905667,-134.616167,654.7104,,,,,,,,,,Retained,,479
2025,611,1,710,37833,ILONA B,8/2/2025 17:19,4,16,710,345631,NSEI,56.889333,-134.615,56.905667,-134.616167,654.7104,,,,,,,,,,Retained,,480
2025,611,1,710,37833,ILONA B,8/2/2025 17:19,4,16,710,345631,NSEI,56.889333,-134.615,56.905667,-134.616167,654.7104,,,,,,,,,,Retained,,481
2025,611,1,710,37833,ILONA B,8/2/2025 17:19,4,16,710,345631,NSEI,56.889333,-134.615,56.905667,-134.616167,654.7104,,,,,,,,,,Retained,,482
2025,611,1,710,37833,ILONA B,8/2/2025 17:19,4,16,710,345631,NSEI,56.889333,-134.615,56.905667,-134.616167,654.7104,,,,,,,,,,Retained,,483
2025,611,1,710,37833,ILONA B,8/2/2025 17:19,4,16,710,345631,NSEI,56.889333,-134.615,56.905667,-134.616167,654.7104,,,,,,,,,,Retained,,484
2025,611,1,710,37833,ILONA B,8/2/2025 17:19,4,16,710,345631,NSEI,56.889333,-134.615,56.905667,-134.616167,654.7104,,,,,,,,,,Retained,,485
2025,611,1,710,37833,ILONA B,8/2/2025 17:19,4,16,710,345631,NSEI,56.889333,-134.615,56.905667,-134.616167,654.7104,,,,,,,,,,Retained,,486
2025,611,1,710,37833,ILONA B,8/2/2025 17:19,4,16,710,345631,NSEI,56.889333,-134.615,56.905667,-134.616167,654.7104,,,,,,,,,,Retained,,487
2025,611,1,710,37833,ILONA B,8/2/2025 17:19,4,16,710,345631,NSEI,56.889333,-134.615,56.905667,-134.616167,654.7104,,,,,,,,,,Retained,,488
2025,611,1,710,37833,ILONA B,8/2/2025 17:19,4,16,710,345631,NSEI,56.889333,-134.615,56.905667,-134.616167,654.7104,,,,,,,,,,Retained,,489
2025,611,1,710,37833,ILONA B,8/2/2025 17:19,4,16,710,345631,NSEI,56.889333,-134.615,56.905667,-134.616167,654.7104,,,,,,,,,,Retained,,490
2025,611,1,710,37833,ILONA B,8/2/2025 17:19,4,16,710,345631,NSEI,56.889333,-134.615,56.905667,-134.616167,654.7104,,,,,,,,,,Retained,,491
2025,611,1,710,37833,ILONA B,8/2/2025 17:19,4,16,710,345631,NSEI,56.889333,-134.615,56.905667,-134.616167,654.7104,,,,,,,,,,Retained,,492
2025,611,1,710,37833,ILONA B,8/2/2025 17:19,4,16,710,345631,NSEI,56.889333,-134.615,56.905667,-134.616167,654.7104,,,,,,,,,,Retained,,493
2025,611,1,710,37833,ILONA B,8/2/2025 17:19,4,16,710,345631,NSEI,56.889333,-134.615,56.905667,-134.616167,654.7104,,,,,,,,,,Retained,,494
2025,611,1,710,37833,ILONA B,8/2/2025 17:19,4,16,710,345631,NSEI,56.889333,-134.615,56.905667,-134.616167,654.7104,,,,,,,,,,Retained,,495
2025,611,1,710,37833,ILONA B,8/2/2025 17:19,4,16,710,345631,NSEI,56.889333,-134.615,56.905667,-134.616167,654.7104,,,,,,,,,,Retained,,496
2025,611,1,710,37833,ILONA B,8/2/2025 17:19,4,16,710,345631,NSEI,56.889333,-134.615,56.905667,-134.616167,654.7104,,,,,,,,,,Retained,,497
2025,611,1,710,37833,ILONA B,8/2/2025 17:19,4,16,710,345631,NSEI,56.889333,-134.615,56.905667,-134.616167,654.7104,,,,,,,,,,Retained,,498
2025,611,1,710,37833,ILONA B,8/2/2025 17:19,4,16,710,345631,NSEI,56.889333,-134.615,56.905667,-134.616167,654.7104,,,,,,,,,,Retained,,499
2025,611,1,710,37833,ILONA B,8/2/2025 17:19,4,16,710,345631,NSEI,56.889333,-134.615,56.905667,-134.616167,654.7104,,,,,,,,,,Retained,,500
2025,611,1,710,37833,ILONA B,8/2/2025 17:19,4,16,710,345631,NSEI,56.889333,-134.615,56.905667,-134.616167,654.7104,,,,,,,,,,Retained,,501
2025,611,1,710,37833,ILONA B,8/2/2025 17:19,4,16,710,345631,NSEI,56.889333,-134.615,56.905667,-134.616167,654.7104,,,,,,,,,,Retained,,502
2025,611,1,710,37833,ILONA B,8/2/2025 17:19,4,16,710,345631,NSEI,56.889333,-134.615,56.905667,-134.616167,654.7104,,,,,,,,,,Retained,,503
2025,611,1,710,37833,ILONA B,8/2/2025 17:19,4,16,710,345631,NSEI,56.889333,-134.615,56.905667,-134.616167,654.7104,,,,,,,,,,Retained,,504
2025,611,1,710,37833,ILONA B,8/2/2025 17:19,4,16,710,345631,NSEI,56.889333,-134.615,56.905667,-134.616167,654.7104,,,,,,,,,,Retained,,505
2025,611,1,710,37833,ILONA B,8/2/2025 17:19,4,16,710,345631,NSEI,56.889333,-134.615,56.905667,-134.616167,654.7104,,,,,,,,,,Retained,,506
2025,611,1,710,37833,ILONA B,8/2/2025 17:19,4,16,710,345631,NSEI,56.889333,-134.615,56.905667,-134.616167,654.7104,,,,,,,,,,Retained,,507
2025,611,1,710,37833,ILONA B,8/2/2025 17:19,4,16,710,345631,NSEI,56.889333,-134.615,56.905667,-134.616167,654.7104,,,,,,,,,,Retained,,508
2025,611,1,710,37833,ILONA B,8/2/2025 17:19,4,16,710,345631,NSEI,56.889333,-134.615,56.905667,-134.616167,654.7104,,,,,,,,,,Retained,,509
2025,611,1,710,37833,ILONA B,8/2/2025 17:19,4,16,710,345631,NSEI,56.889333,-134.615,56.905667,-134.616167,654.7104,,,,,,,,,,Retained,,510
2025,611,1,710,37833,ILONA B,8/2/2025 17:19,4,16,710,345631,NSEI,56.889333,-134.615,56.905667,-134.616167,654.7104,,,,,,,,,,Retained,,511
2025,611,1,710,37833,ILONA B,8/2/2025 17:19,4,16,710,345631,NSEI,56.889333,-134.615,56.905667,-134.616167,654.7104,,,,,,,,,,Retained,,512
2025,611,1,710,37833,ILONA B,8/2/2025 17:19,4,16,710,345631,NSEI,56.889333,-134.615,56.905667,-134.616167,654.7104,,,,,,,,,,Retained,,513
2025,611,1,710,37833,ILONA B,8/2/2025 17:19,4,16,710,345631,NSEI,56.889333,-134.615,56.905667,-134.616167,654.7104,,,,,,,,,,Retained,,514
2025,611,1,710,37833,ILONA B,8/2/2025 17:19,4,16,710,345631,NSEI,56.889333,-134.615,56.905667,-134.616167,654.7104,,,,,,,,,,Retained,,515
2025,611,1,710,37833,ILONA B,8/2/2025 17:19,4,16,710,345631,NSEI,56.889333,-134.615,56.905667,-134.616167,654.7104,,,,,,,,,,Retained,,516
2025,611,1,710,37833,ILONA B,8/2/2025 17:19,4,16,710,345631,NSEI,56.889333,-134.615,56.905667,-134.616167,654.7104,,,,,,,,,,Retained,,517
2025,611,1,710,37833,ILONA B,8/2/2025 17:19,4,16,710,345631,NSEI,56.889333,-134.615,56.905667,-134.616167,654.7104,,,,,,,,,,Retained,,518
2025,611,1,710,37833,ILONA B,8/2/2025 17:19,4,16,710,345631,NSEI,56.889333,-134.615,56.905667,-134.616167,654.7104,,,,,,,,,,Retained,,519
2025,611,1,710,37833,ILONA B,8/2/2025 17:19,4,16,710,345631,NSEI,56.889333,-134.615,56.905667,-134.616167,654.7104,,,,,,,,,,Retained,,520
2025,611,1,710,37833,ILONA B,8/2/2025 17:19,4,16,710,345631,NSEI,56.889333,-134.615,56.905667,-134.616167,654.7104,,,,,,,,,,Retained,,521
2025,611,1,710,37833,ILONA B,8/2/2025 17:19,4,16,710,345631,NSEI,56.889333,-134.615,56.905667,-134.616167,654.7104,,,,,,,,,,Retained,,522
2025,611,1,710,37833,ILONA B,8/2/2025 17:19,4,16,710,345631,NSEI,56.889333,-134.615,56.905667,-134.616167,654.7104,,,,,,,,,,Retained,,523
2025,611,1,710,37833,ILONA B,8/2/2025 17:19,4,16,710,345631,NSEI,56.889333,-134.615,56.905667,-134.616167,654.7104,,,,,,,,,,Retained,,524
2025,611,1,710,37833,ILONA B,8/2/2025 17:19,4,16,710,345631,NSEI,56.889333,-134.615,56.905667,-134.616167,654.7104,,,,,,,,,,Retained,,525
2025,611,1,710,37833,ILONA B,8/2/2025 17:19,4,16,710,345631,NSEI,56.889333,-134.615,56.905667,-134.616167,654.7104,,,,,,,,,,Retained,,526
2025,611,1,710,37833,ILONA B,8/2/2025 17:19,4,16,710,345631,NSEI,56.889333,-134.615,56.905667,-134.616167,654.7104,,,,,,,,,,Retained,,527
2025,611,1,710,37833,ILONA B,8/2/2025 17:19,4,16,710,345631,NSEI,56.889333,-134.615,56.905667,-134.616167,654.7104,,,,,,,,,,Retained,,528
2025,611,1,710,37833,ILONA B,8/2/2025 17:19,4,16,710,345631,NSEI,56.889333,-134.615,56.905667,-134.616167,654.7104,,,,,,,,,,Retained,,529
2025,611,1,710,37833,ILONA B,8/2/2025 17:19,4,16,710,345631,NSEI,56.889333,-134.615,56.905667,-134.616167,654.7104,,,,,,,,,,Retained,,530
2025,611,1,710,37833,ILONA B,8/2/2025 17:19,4,16,710,345631,NSEI,56.889333,-134.615,56.905667,-134.616167,654.7104,,,,,,,,,,Retained,,531
2025,611,1,710,37833,ILONA B,8/2/2025 17:19,4,16,710,345631,NSEI,56.889333,-134.615,56.905667,-134.616167,654.7104,,,,,,,,,,Retained,,532
2025,611,1,710,37833,ILONA B,8/2/2025 17:19,4,16,710,345631,NSEI,56.889333,-134.615,56.905667,-134.616167,654.7104,,,,,,,,,,Retained,,533
2025,611,1,710,37833,ILONA B,8/2/2025 17:19,4,16,710,345631,NSEI,56.889333,-134.615,56.905667,-134.616167,654.7104,,,,,,,,,,Retained,,534
2025,611,1,710,37833,ILONA B,8/2/2025 17:19,4,16,710,345631,NSEI,56.889333,-134.615,56.905667,-134.616167,654.7104,,,,,,,,,,Retained,,535
2025,611,1,710,37833,ILONA B,8/2/2025 17:19,4,16,710,345631,NSEI,56.889333,-134.615,56.905667,-134.616167,654.7104,,,,,,,,,,Retained,,536
2025,611,1,710,37833,ILONA B,8/2/2025 17:19,4,16,710,345631,NSEI,56.889333,-134.615,56.905667,-134.616167,654.7104,,,,,,,,,,Retained,,537
2025,611,1,710,37833,ILONA B,8/2/2025 17:19,4,16,710,345631,NSEI,56.889333,-134.615,56.905667,-134.616167,654.7104,,,,,,,,,,Retained,,538
2025,611,1,710,37833,ILONA B,8/2/2025 17:19,4,16,710,345631,NSEI,56.889333,-134.615,56.905667,-134.616167,654.7104,,,,,,,,,,Retained,,539
2025,611,1,710,37833,ILONA B,8/2/2025 17:19,4,16,710,345631,NSEI,56.889333,-134.615,56.905667,-134.616167,654.7104,,,,,,,,,,Retained,,540
2025,611,1,710,37833,ILONA B,8/2/2025 17:19,4,16,710,345631,NSEI,56.889333,-134.615,56.905667,-134.616167,654.7104,,,,,,,,,,Retained,,541
2025,611,1,710,37833,ILONA B,8/2/2025 17:19,4,16,710,345631,NSEI,56.889333,-134.615,56.905667,-134.616167,654.7104,,,,,,,,,,Retained,,542
2025,611,1,710,37833,ILONA B,8/2/2025 17:19,4,16,710,345631,NSEI,56.889333,-134.615,56.905667,-134.616167,654.7104,,,,,,,,,,Retained,,543
2025,611,1,710,37833,ILONA B,8/2/2025 17:19,4,16,710,345631,NSEI,56.889333,-134.615,56.905667,-134.616167,654.7104,,,,,,,,,,Retained,,544
2025,611,1,710,37833,ILONA B,8/2/2025 17:19,4,16,710,345631,NSEI,56.889333,-134.615,56.905667,-134.616167,654.7104,,,,,,,,,,Retained,,545
2025,611,1,710,37833,ILONA B,8/2/2025 17:19,4,16,710,345631,NSEI,56.889333,-134.615,56.905667,-134.616167,654.7104,,,,,,,,,,Retained,,546
2025,611,1,710,37833,ILONA B,8/2/2025 17:19,4,16,710,345631,NSEI,56.889333,-134.615,56.905667,-134.616167,654.7104,,,,,,,,,,Retained,,547
2025,611,1,710,37833,ILONA B,8/2/2025 17:19,4,16,710,345631,NSEI,56.889333,-134.615,56.905667,-134.616167,654.7104,,,,,,,,,,Retained,,548
2025,611,1,710,37833,ILONA B,8/2/2025 17:19,4,16,710,345631,NSEI,56.889333,-134.615,56.905667,-134.616167,654.7104,,,,,,,,,,Retained,,549
2025,611,1,710,37833,ILONA B,8/2/2025 17:19,4,16,710,345631,NSEI,56.889333,-134.615,56.905667,-134.616167,654.7104,,,,,,,,,,Retained,,550
2025,611,1,710,37833,ILONA B,8/2/2025 17:19,4,16,710,345631,NSEI,56.889333,-134.615,56.905667,-134.616167,654.7104,,,,,,,,,,Retained,,551
2025,611,1,710,37833,ILONA B,8/2/2025 17:19,4,16,710,345631,NSEI,56.889333,-134.615,56.905667,-134.616167,654.7104,,,,,,,,,,Retained,,552
2025,611,1,710,37833,ILONA B,8/2/2025 17:19,4,16,710,345631,NSEI,56.889333,-134.615,56.905667,-134.616167,654.7104,,,,,,,,,,Retained,,553
2025,611,1,710,37833,ILONA B,8/2/2025 17:19,4,16,710,345631,NSEI,56.889333,-134.615,56.905667,-134.616167,654.7104,,,,,,,,,,Retained,,554
2025,611,1,710,37833,ILONA B,8/2/2025 17:19,4,16,710,345631,NSEI,56.889333,-134.615,56.905667,-134.616167,654.7104,,,,,,,,,,Retained,,555
2025,611,1,710,37833,ILONA B,8/2/2025 17:19,4,16,710,345631,NSEI,56.889333,-134.615,56.905667,-134.616167,654.7104,,,,,,,,,,Retained,,556
2025,611,1,710,37833,ILONA B,8/2/2025 17:19,4,16,710,345631,NSEI,56.889333,-134.615,56.905667,-134.616167,654.7104,,,,,,,,,,Retained,,557
2025,611,1,710,37833,ILONA B,8/2/2025 17:19,4,16,710,345631,NSEI,56.889333,-134.615,56.905667,-134.616167,654.7104,,,,,,,,,,Retained,,558
2025,611,1,710,37833,ILONA B,8/2/2025 17:19,4,16,710,345631,NSEI,56.889333,-134.615,56.905667,-134.616167,654.7104,,,,,,,,,,Retained,,559
2025,611,1,710,37833,ILONA B,8/2/2025 17:19,4,16,710,345631,NSEI,56.889333,-134.615,56.905667,-134.616167,654.7104,,,,,,,,,,Retained,,560
2025,611,1,710,37833,ILONA B,8/2/2025 17:19,4,16,710,345631,NSEI,56.889333,-134.615,56.905667,-134.616167,654.7104,,,,,,,,,,Retained,,561
2025,611,1,710,37833,ILONA B,8/2/2025 17:19,4,16,710,345631,NSEI,56.889333,-134.615,56.905667,-134.616167,654.7104,,,,,,,,,,Retained,,562
2025,611,1,710,37833,ILONA B,8/2/2025 17:19,4,16,710,345631,NSEI,56.889333,-134.615,56.905667,-134.616167,654.7104,,,,,,,,,,Retained,,563
2025,611,1,710,37833,ILONA B,8/2/2025 17:19,4,16,710,345631,NSEI,56.889333,-134.615,56.905667,-134.616167,654.7104,,,,,,,,,,Retained,,564
2025,611,1,710,37833,ILONA B,8/2/2025 17:19,4,16,710,345631,NSEI,56.889333,-134.615,56.905667,-134.616167,654.7104,,,,,,,,,,Retained,,565
2025,611,1,710,37833,ILONA B,8/2/2025 17:19,4,16,710,345631,NSEI,56.889333,-134.615,56.905667,-134.616167,654.7104,,,,,,,,,,Retained,,566
2025,611,1,710,37833,ILONA B,8/2/2025 17:19,4,16,710,345631,NSEI,56.889333,-134.615,56.905667,-134.616167,654.7104,,,,,,,,,,Retained,,567
2025,611,1,710,37833,ILONA B,8/2/2025 17:19,4,16,710,345631,NSEI,56.889333,-134.615,56.905667,-134.616167,654.7104,,,,,,,,,,Retained,,568
2025,611,1,710,37833,ILONA B,8/2/2025 17:19,4,16,710,345631,NSEI,56.889333,-134.615,56.905667,-134.616167,654.7104,,,,,,,,,,Retained,,569
2025,611,1,710,37833,ILONA B,8/2/2025 17:19,4,16,710,345631,NSEI,56.889333,-134.615,56.905667,-134.616167,654.7104,,,,,,,,,,Retained,,570
2025,611,1,710,37833,ILONA B,8/2/2025 17:19,4,16,710,345631,NSEI,56.889333,-134.615,56.905667,-134.616167,654.7104,,,,,,,,,,Retained,,571
2025,611,1,710,37833,ILONA B,8/2/2025 17:19,4,16,710,345631,NSEI,56.889333,-134.615,56.905667,-134.616167,654.7104,,,,,,,,,,Retained,,572
2025,611,1,710,37833,ILONA B,8/2/2025 17:19,4,16,710,345631,NSEI,56.889333,-134.615,56.905667,-134.616167,654.7104,,,,,,,,,,Retained,,573
2025,611,1,710,37833,ILONA B,8/2/2025 17:19,4,16,710,345631,NSEI,56.889333,-134.615,56.905667,-134.616167,654.7104,,,,,,,,,,Retained,,574
2025,611,1,710,37833,ILONA B,8/2/2025 17:19,4,16,710,345631,NSEI,56.889333,-134.615,56.905667,-134.616167,654.7104,,,,,,,,,,Retained,,575
2025,611,1,710,37833,ILONA B,8/2/2025 17:19,4,16,710,345631,NSEI,56.889333,-134.615,56.905667,-134.616167,654.7104,,,,,,,,,,Retained,,576
2025,611,1,710,37833,ILONA B,8/2/2025 17:19,4,16,710,345631,NSEI,56.889333,-134.615,56.905667,-134.616167,654.7104,,,,,,,,,,Retained,,577
2025,611,1,710,37833,ILONA B,8/2/2025 17:19,4,16,710,345631,NSEI,56.889333,-134.615,56.905667,-134.616167,654.7104,,,,,,,,,,Retained,,578
2025,611,1,710,37833,ILONA B,8/2/2025 17:19,4,16,710,345631,NSEI,56.889333,-134.615,56.905667,-134.616167,654.7104,,,,,,,,,,Retained,,579
2025,611,1,710,37833,ILONA B,8/2/2025 17:19,4,16,710,345631,NSEI,56.889333,-134.615,56.905667,-134.616167,654.7104,,,,,,,,,,Retained,,580
2025,611,1,710,37833,ILONA B,8/2/2025 17:19,4,16,710,345631,NSEI,56.889333,-134.615,56.905667,-134.616167,654.7104,,,,,,,,,,Retained,,581
2025,611,1,710,37833,ILONA B,8/2/2025 17:19,4,16,710,345631,NSEI,56.889333,-134.615,56.905667,-134.616167,654.7104,,,,,,,,,,Retained,,582
2025,611,1,710,37833,ILONA B,8/2/2025 17:19,4,16,710,345631,NSEI,56.889333,-134.615,56.905667,-134.616167,654.7104,,,,,,,,,,Retained,,583
2025,611,1,710,37833,ILONA B,8/2/2025 17:19,4,16,710,345631,NSEI,56.889333,-134.615,56.905667,-134.616167,654.7104,,,,,,,,,,Retained,,584
2025,611,1,710,37833,ILONA B,8/2/2025 17:19,4,16,710,345631,NSEI,56.889333,-134.615,56.905667,-134.616167,654.7104,,,,,,,,,,Retained,,585
2025,611,1,710,37833,ILONA B,8/2/2025 17:19,4,16,710,345631,NSEI,56.889333,-134.615,56.905667,-134.616167,654.7104,,,,,,,,,,Retained,,586
2025,611,1,710,37833,ILONA B,8/2/2025 17:19,4,16,710,345631,NSEI,56.889333,-134.615,56.905667,-134.616167,654.7104,,,,,,,,,,Retained,,587
2025,611,1,710,37833,ILONA B,8/2/2025 17:19,4,16,710,345631,NSEI,56.889333,-134.615,56.905667,-134.616167,654.7104,,,,,,,,,,Retained,,588
2025,611,1,710,37833,ILONA B,8/2/2025 17:19,4,16,710,345631,NSEI,56.889333,-134.615,56.905667,-134.616167,654.7104,,,,,,,,,,Retained,,589
2025,611,1,710,37833,ILONA B,8/2/2025 17:19,4,16,710,345631,NSEI,56.889333,-134.615,56.905667,-134.616167,654.7104,,,,,,,,,,Retained,,590
2025,611,1,710,37833,ILONA B,8/2/2025 17:19,4,16,710,345631,NSEI,56.889333,-134.615,56.905667,-134.616167,654.7104,,,,,,,,,,Retained,,591
2025,611,1,710,37833,ILONA B,8/2/2025 17:19,4,16,710,345631,NSEI,56.889333,-134.615,56.905667,-134.616167,654.7104,,,,,,,,,,Retained,,592
2025,611,1,710,37833,ILONA B,8/2/2025 17:19,4,16,710,345631,NSEI,56.889333,-134.615,56.905667,-134.616167,654.7104,,,,,,,,,,Retained,,593
2025,611,1,710,37833,ILONA B,8/2/2025 17:19,4,16,710,345631,NSEI,56.889333,-134.615,56.905667,-134.616167,654.7104,,,,,,,,,,Retained,,594
2025,611,1,710,37833,ILONA B,8/2/2025 17:19,4,16,710,345631,NSEI,56.889333,-134.615,56.905667,-134.616167,654.7104,,,,,,,,,,Retained,,595
2025,611,1,710,37833,ILONA B,8/2/2025 17:19,4,16,710,345631,NSEI,56.889333,-134.615,56.905667,-134.616167,654.7104,,,,,,,,,,Retained,,596
2025,611,1,710,37833,ILONA B,8/2/2025 17:19,4,16,710,345631,NSEI,56.889333,-134.615,56.905667,-134.616167,654.7104,,,,,,,,,,Retained,,597
2025,611,1,710,37833,ILONA B,8/2/2025 17:19,4,16,710,345631,NSEI,56.889333,-134.615,56.905667,-134.616167,654.7104,,,,,,,,,,Retained,,598
2025,611,1,710,37833,ILONA B,8/2/2025 17:19,4,16,710,345631,NSEI,56.889333,-134.615,56.905667,-134.616167,654.7104,,,,,,,,,,Retained,,599
2025,611,1,710,37833,ILONA B,8/2/2025 17:19,4,16,710,345631,NSEI,56.889333,-134.615,56.905667,-134.616167,654.7104,,,,,,,,,,Retained,,600
2025,611,1,710,37833,ILONA B,8/2/2025 17:19,4,16,710,345631,NSEI,56.889333,-134.615,56.905667,-134.616167,654.7104,,,,,,,,,,Retained,,601
2025,611,1,710,37833,ILONA B,8/2/2025 17:19,4,16,710,345631,NSEI,56.889333,-134.615,56.905667,-134.616167,654.7104,,,,,,,,,,Retained,,602
2025,611,1,710,37833,ILONA B,8/2/2025 17:19,4,16,710,345631,NSEI,56.889333,-134.615,56.905667,-134.616167,654.7104,,,,,,,,,,Retained,,603
2025,611,1,710,37833,ILONA B,8/2/2025 17:19,4,16,710,345631,NSEI,56.889333,-134.615,56.905667,-134.616167,654.7104,,,,,,,,,,Retained,,604
2025,611,1,710,37833,ILONA B,8/2/2025 17:19,4,16,710,345631,NSEI,56.889333,-134.615,56.905667,-134.616167,654.7104,,,,,,,,,,Retained,,605
2025,611,1,710,37833,ILONA B,8/2/2025 17:19,4,16,710,345631,NSEI,56.889333,-134.615,56.905667,-134.616167,654.7104,,,,,,,,,,Retained,,606
2025,611,1,710,37833,ILONA B,8/2/2025 17:19,4,16,710,345631,NSEI,56.889333,-134.615,56.905667,-134.616167,654.7104,,,,,,,,,,Retained,,607
2025,611,1,710,37833,ILONA B,8/2/2025 17:19,4,16,710,345631,NSEI,56.889333,-134.615,56.905667,-134.616167,654.7104,,,,,,,,,,Retained,,608
2025,611,1,710,37833,ILONA B,8/2/2025 17:19,4,16,710,345631,NSEI,56.889333,-134.615,56.905667,-134.616167,654.7104,,,,,,,,,,Retained,,609
2025,611,1,710,37833,ILONA B,8/2/2025 17:19,4,16,710,345631,NSEI,56.889333,-134.615,56.905667,-134.616167,654.7104,,,,,,,,,,Retained,,610
2025,611,1,710,37833,ILONA B,8/2/2025 17:19,4,16,710,345631,NSEI,56.889333,-134.615,56.905667,-134.616167,654.7104,,,,,,,,,,Retained,,611
2025,611,1,710,37833,ILONA B,8/2/2025 17:19,4,16,710,345631,NSEI,56.889333,-134.615,56.905667,-134.616167,654.7104,,,,,,,,,,Retained,,612
2025,611,1,710,37833,ILONA B,8/2/2025 17:19,4,16,710,345631,NSEI,56.889333,-134.615,56.905667,-134.616167,654.7104,,,,,,,,,,Retained,,613
2025,611,1,710,37833,ILONA B,8/2/2025 17:19,4,16,710,345631,NSEI,56.889333,-134.615,56.905667,-134.616167,654.7104,,,,,,,,,,Retained,,614
2025,611,1,710,37833,ILONA B,8/2/2025 17:19,4,16,710,345631,NSEI,56.889333,-134.615,56.905667,-134.616167,654.7104,,,,,,,,,,Retained,,615
2025,611,1,710,37833,ILONA B,8/2/2025 17:19,4,16,710,345631,NSEI,56.889333,-134.615,56.905667,-134.616167,654.7104,,,,,,,,,,Retained,,616
2025,611,1,710,37833,ILONA B,8/2/2025 17:19,4,16,710,345631,NSEI,56.889333,-134.615,56.905667,-134.616167,654.7104,,,,,,,,,,Retained,,617
2025,611,1,710,37833,ILONA B,8/2/2025 17:19,4,16,710,345631,NSEI,56.889333,-134.615,56.905667,-134.616167,654.7104,,,,,,,,,,Retained,,618
2025,611,1,710,37833,ILONA B,8/2/2025 17:19,4,16,710,345631,NSEI,56.889333,-134.615,56.905667,-134.616167,654.7104,,,,,,,,,,Retained,,619
2025,611,1,710,37833,ILONA B,8/2/2025 17:19,4,16,710,345631,NSEI,56.889333,-134.615,56.905667,-134.616167,654.7104,,,,,,,,,,Retained,,620
2025,611,1,710,37833,ILONA B,8/2/2025 17:19,4,16,710,345631,NSEI,56.889333,-134.615,56.905667,-134.616167,654.7104,,,,,,,,,,Retained,,621
2025,611,1,710,37833,ILONA B,8/2/2025 17:19,4,16,710,345631,NSEI,56.889333,-134.615,56.905667,-134.616167,654.7104,,,,,,,,,,Retained,,622
2025,611,1,710,37833,ILONA B,8/2/2025 17:19,4,16,710,345631,NSEI,56.889333,-134.615,56.905667,-134.616167,654.7104,,,,,,,,,,Retained,,623
2025,611,1,710,37833,ILONA B,8/2/2025 17:19,4,16,710,345631,NSEI,56.889333,-134.615,56.905667,-134.616167,654.7104,,,,,,,,,,Retained,,624
2025,611,1,710,37833,ILONA B,8/2/2025 17:19,4,16,710,345631,NSEI,56.889333,-134.615,56.905667,-134.616167,654.7104,,,,,,,,,,Retained,,625
2025,611,1,710,37833,ILONA B,8/2/2025 17:19,4,16,710,345631,NSEI,56.889333,-134.615,56.905667,-134.616167,654.7104,,,,,,,,,,Retained,,626
2025,611,1,710,37833,ILONA B,8/2/2025 17:19,4,16,710,345631,NSEI,56.889333,-134.615,56.905667,-134.616167,654.7104,,,,,,,,,,Retained,,627
2025,611,1,710,37833,ILONA B,8/2/2025 17:19,4,16,710,345631,NSEI,56.889333,-134.615,56.905667,-134.616167,654.7104,,,,,,,,,,Retained,,628
2025,611,1,710,37833,ILONA B,8/2/2025 17:19,4,16,710,345631,NSEI,56.889333,-134.615,56.905667,-134.616167,654.7104,,,,,,,,,,Retained,,629
2025,611,1,710,37833,ILONA B,8/2/2025 17:19,4,16,710,345631,NSEI,56.889333,-134.615,56.905667,-134.616167,654.7104,,,,,,,,,,Retained,,630
2025,611,1,710,37833,ILONA B,8/2/2025 17:19,4,16,710,345631,NSEI,56.889333,-134.615,56.905667,-134.616167,654.7104,,,,,,,,,,Retained,,631
2025,611,1,710,37833,ILONA B,8/2/2025 17:19,4,16,710,345631,NSEI,56.889333,-134.615,56.905667,-134.616167,654.7104,,,,,,,,,,Retained,,632
2025,611,1,710,37833,ILONA B,8/2/2025 17:19,4,16,710,345631,NSEI,56.889333,-134.615,56.905667,-134.616167,654.7104,,,,,,,,,,Retained,,633
2025,611,1,710,37833,ILONA B,8/2/2025 17:19,4,16,710,345631,NSEI,56.889333,-134.615,56.905667,-134.616167,654.7104,,,,,,,,,,Retained,,634
2025,611,1,710,37833,ILONA B,8/2/2025 17:19,4,16,710,345631,NSEI,56.889333,-134.615,56.905667,-134.616167,654.7104,,,,,,,,,,Retained,,635
2025,611,1,710,37833,ILONA B,8/2/2025 17:19,4,16,710,345631,NSEI,56.889333,-134.615,56.905667,-134.616167,654.7104,,,,,,,,,,Retained,,636
2025,611,1,710,37833,ILONA B,8/2/2025 17:19,4,16,710,345631,NSEI,56.889333,-134.615,56.905667,-134.616167,654.7104,,,,,,,,,,Retained,,637
2025,611,1,710,37833,ILONA B,8/2/2025 17:19,4,16,710,345631,NSEI,56.889333,-134.615,56.905667,-134.616167,654.7104,,,,,,,,,,Retained,,638
2025,611,1,710,37833,ILONA B,8/2/2025 17:19,4,16,710,345631,NSEI,56.889333,-134.615,56.905667,-134.616167,654.7104,,,,,,,,,,Retained,,639
2025,611,1,710,37833,ILONA B,8/2/2025 17:19,4,16,710,345631,NSEI,56.889333,-134.615,56.905667,-134.616167,654.7104,,,,,,,,,,Retained,,640
2025,611,1,710,37833,ILONA B,8/2/2025 17:19,4,16,710,345631,NSEI,56.889333,-134.615,56.905667,-134.616167,654.7104,,,,,,,,,,Retained,,641
2025,611,1,710,37833,ILONA B,8/2/2025 17:19,4,16,710,345631,NSEI,56.889333,-134.615,56.905667,-134.616167,654.7104,,,,,,,,,,Retained,,642
2025,611,1,710,37833,ILONA B,8/2/2025 17:19,4,16,710,345631,NSEI,56.889333,-134.615,56.905667,-134.616167,654.7104,,,,,,,,,,Retained,,643
2025,611,1,710,37833,ILONA B,8/2/2025 17:19,4,16,710,345631,NSEI,56.889333,-134.615,56.905667,-134.616167,654.7104,,,,,,,,,,Retained,,644
2025,611,1,710,37833,ILONA B,8/2/2025 17:19,4,16,710,345631,NSEI,56.889333,-134.615,56.905667,-134.616167,654.7104,,,,,,,,,,Retained,,645
2025,611,1,710,37833,ILONA B,8/2/2025 17:19,4,16,710,345631,NSEI,56.889333,-134.615,56.905667,-134.616167,654.7104,,,,,,,,,,Retained,,646
2025,611,1,710,37833,ILONA B,8/2/2025 17:19,4,16,710,345631,NSEI,56.889333,-134.615,56.905667,-134.616167,654.7104,,,,,,,,,,Retained,,647
2025,611,1,710,37833,ILONA B,8/2/2025 17:19,4,16,710,345631,NSEI,56.889333,-134.615,56.905667,-134.616167,654.7104,,,,,,,,,,Retained,,648
2025,611,1,710,37833,ILONA B,8/2/2025 17:19,4,16,710,345631,NSEI,56.889333,-134.615,56.905667,-134.616167,654.7104,,,,,,,,,,Retained,,649
2025,611,1,710,37833,ILONA B,8/2/2025 17:19,4,16,710,345631,NSEI,56.889333,-134.615,56.905667,-134.616167,654.7104,,,,,,,,,,Retained,,650
2025,611,1,710,37833,ILONA B,8/2/2025 17:19,4,16,710,345631,NSEI,56.889333,-134.615,56.905667,-134.616167,654.7104,,,,,,,,,,Retained,,651
2025,611,1,710,37833,ILONA B,8/2/2025 17:19,4,16,710,345631,NSEI,56.889333,-134.615,56.905667,-134.616167,654.7104,,,,,,,,,,Retained,,652
2025,611,1,710,37833,ILONA B,8/2/2025 17:19,4,16,710,345631,NSEI,56.889333,-134.615,56.905667,-134.616167,654.7104,,,,,,,,,,Retained,,653
2025,611,1,710,37833,ILONA B,8/3/2025 14:37,5,19,710,345701,NSEI,57.063667,-134.717167,57.080833,-134.715333,636.4224,44,,,,,00,09,,,Retained,,27
2025,611,1,710,37833,ILONA B,8/3/2025 14:37,5,19,710,345701,NSEI,57.063667,-134.717167,57.080833,-134.715333,636.4224,45,0.9,4,,02,01,01,,,Retained,,66
2025,611,1,710,37833,ILONA B,8/3/2025 14:37,5,19,710,345701,NSEI,57.063667,-134.717167,57.080833,-134.715333,636.4224,45,,,,,00,09,,,Retained,,33
2025,611,1,710,37833,ILONA B,8/3/2025 14:37,5,19,710,345701,NSEI,57.063667,-134.717167,57.080833,-134.715333,636.4224,46,0.9,6,,02,01,01,,,Retained,,26
2025,611,1,710,37833,ILONA B,8/3/2025 14:37,5,19,710,345701,NSEI,57.063667,-134.717167,57.080833,-134.715333,636.4224,46,,,,,00,09,,,Retained,,12
2025,611,1,710,37833,ILONA B,8/3/2025 14:37,5,19,710,345701,NSEI,57.063667,-134.717167,57.080833,-134.715333,636.4224,46,,,,,00,09,,,Retained,,49
2025,611,1,710,37833,ILONA B,8/3/2025 14:37,5,19,710,345701,NSEI,57.063667,-134.717167,57.080833,-134.715333,636.4224,47,,,,,00,09,,,Retained,,80
2025,611,1,710,37833,ILONA B,8/3/2025 14:37,5,19,710,345701,NSEI,57.063667,-134.717167,57.080833,-134.715333,636.4224,47,,,,,00,09,,,Retained,,85
2025,611,1,710,37833,ILONA B,8/3/2025 14:37,5,19,710,345701,NSEI,57.063667,-134.717167,57.080833,-134.715333,636.4224,48,,,,,00,09,,,Retained,,19
2025,611,1,710,37833,ILONA B,8/3/2025 14:37,5,19,710,345701,NSEI,57.063667,-134.717167,57.080833,-134.715333,636.4224,48,,,,,00,09,,,Retained,,124
2025,611,1,710,37833,ILONA B,8/3/2025 14:37,5,19,710,345701,NSEI,57.063667,-134.717167,57.080833,-134.715333,636.4224,49,,,,,00,09,,,Retained,,2
2025,611,1,710,37833,ILONA B,8/3/2025 14:37,5,19,710,345701,NSEI,57.063667,-134.717167,57.080833,-134.715333,636.4224,49,,,,,00,09,,,Retained,,99
2025,611,1,710,37833,ILONA B,8/3/2025 14:37,5,19,710,345701,NSEI,57.063667,-134.717167,57.080833,-134.715333,636.4224,50,1.3,6,,03,02,01,,,Retained,,82
2025,611,1,710,37833,ILONA B,8/3/2025 14:37,5,19,710,345701,NSEI,57.063667,-134.717167,57.080833,-134.715333,636.4224,50,,,,,00,09,,,Retained,,48
2025,611,1,710,37833,ILONA B,8/3/2025 14:37,5,19,710,345701,NSEI,57.063667,-134.717167,57.080833,-134.715333,636.4224,50,,,,,00,09,,,Retained,,58
2025,611,1,710,37833,ILONA B,8/3/2025 14:37,5,19,710,345701,NSEI,57.063667,-134.717167,57.080833,-134.715333,636.4224,51,,,,,00,09,,,Retained,,39
2025,611,1,710,37833,ILONA B,8/3/2025 14:37,5,19,710,345701,NSEI,57.063667,-134.717167,57.080833,-134.715333,636.4224,51,,,,,00,09,,,Retained,,63
2025,611,1,710,37833,ILONA B,8/3/2025 14:37,5,19,710,345701,NSEI,57.063667,-134.717167,57.080833,-134.715333,636.4224,51,,,,,00,09,,,Retained,,86
2025,611,1,710,37833,ILONA B,8/3/2025 14:37,5,19,710,345701,NSEI,57.063667,-134.717167,57.080833,-134.715333,636.4224,52,,,,,00,09,,,Retained,,13
2025,611,1,710,37833,ILONA B,8/3/2025 14:37,5,19,710,345701,NSEI,57.063667,-134.717167,57.080833,-134.715333,636.4224,52,,,,,00,09,,,Retained,,53
2025,611,1,710,37833,ILONA B,8/3/2025 14:37,5,19,710,345701,NSEI,57.063667,-134.717167,57.080833,-134.715333,636.4224,52,,,,,00,09,,,Retained,,84
2025,611,1,710,37833,ILONA B,8/3/2025 14:37,5,19,710,345701,NSEI,57.063667,-134.717167,57.080833,-134.715333,636.4224,53,,,,,00,09,,,Retained,,34
2025,611,1,710,37833,ILONA B,8/3/2025 14:37,5,19,710,345701,NSEI,57.063667,-134.717167,57.080833,-134.715333,636.4224,53,,,,,00,09,,,Retained,,42
2025,611,1,710,37833,ILONA B,8/3/2025 14:37,5,19,710,345701,NSEI,57.063667,-134.717167,57.080833,-134.715333,636.4224,53,,,,,00,09,,,Retained,,44
2025,611,1,710,37833,ILONA B,8/3/2025 14:37,5,19,710,345701,NSEI,57.063667,-134.717167,57.080833,-134.715333,636.4224,53,,,,,00,09,,,Retained,,111
2025,611,1,710,37833,ILONA B,8/3/2025 14:37,5,19,710,345701,NSEI,57.063667,-134.717167,57.080833,-134.715333,636.4224,53,,,,,00,09,,,Retained,,115
2025,611,1,710,37833,ILONA B,8/3/2025 14:37,5,19,710,345701,NSEI,57.063667,-134.717167,57.080833,-134.715333,636.4224,53,,,,,00,09,,,Retained,,125
2025,611,1,710,37833,ILONA B,8/3/2025 14:37,5,19,710,345701,NSEI,57.063667,-134.717167,57.080833,-134.715333,636.4224,54,1.5,5,,02,01,01,,,Retained,,31
2025,611,1,710,37833,ILONA B,8/3/2025 14:37,5,19,710,345701,NSEI,57.063667,-134.717167,57.080833,-134.715333,636.4224,54,1.5,5,,02,01,01,,,Retained,,107
2025,611,1,710,37833,ILONA B,8/3/2025 14:37,5,19,710,345701,NSEI,57.063667,-134.717167,57.080833,-134.715333,636.4224,54,1.6,4,,02,02,01,,,Retained,,46
2025,611,1,710,37833,ILONA B,8/3/2025 14:37,5,19,710,345701,NSEI,57.063667,-134.717167,57.080833,-134.715333,636.4224,54,1.6,6,,02,02,01,,,Retained,,77
2025,611,1,710,37833,ILONA B,8/3/2025 14:37,5,19,710,345701,NSEI,57.063667,-134.717167,57.080833,-134.715333,636.4224,54,1.7,6,,02,02,01,,,Retained,,112
2025,611,1,710,37833,ILONA B,8/3/2025 14:37,5,19,710,345701,NSEI,57.063667,-134.717167,57.080833,-134.715333,636.4224,54,,,,,00,09,,,Retained,,37
2025,611,1,710,37833,ILONA B,8/3/2025 14:37,5,19,710,345701,NSEI,57.063667,-134.717167,57.080833,-134.715333,636.4224,55,1.7,6,,02,01,01,,,Retained,,56
2025,611,1,710,37833,ILONA B,8/3/2025 14:37,5,19,710,345701,NSEI,57.063667,-134.717167,57.080833,-134.715333,636.4224,55,,,,,00,09,,,Retained,,22
2025,611,1,710,37833,ILONA B,8/3/2025 14:37,5,19,710,345701,NSEI,57.063667,-134.717167,57.080833,-134.715333,636.4224,55,,,,,00,09,,,Retained,,30
2025,611,1,710,37833,ILONA B,8/3/2025 14:37,5,19,710,345701,NSEI,57.063667,-134.717167,57.080833,-134.715333,636.4224,55,,,,,00,09,,,Retained,,89
2025,611,1,710,37833,ILONA B,8/3/2025 14:37,5,19,710,345701,NSEI,57.063667,-134.717167,57.080833,-134.715333,636.4224,55,,,,,00,09,,,Retained,,126
2025,611,1,710,37833,ILONA B,8/3/2025 14:37,5,19,710,345701,NSEI,57.063667,-134.717167,57.080833,-134.715333,636.4224,56,,,,,00,09,,,Retained,,3
2025,611,1,710,37833,ILONA B,8/3/2025 14:37,5,19,710,345701,NSEI,57.063667,-134.717167,57.080833,-134.715333,636.4224,56,,,,,00,09,,,Retained,,14
2025,611,1,710,37833,ILONA B,8/3/2025 14:37,5,19,710,345701,NSEI,57.063667,-134.717167,57.080833,-134.715333,636.4224,56,,,,,00,09,,,Retained,,17
2025,611,1,710,37833,ILONA B,8/3/2025 14:37,5,19,710,345701,NSEI,57.063667,-134.717167,57.080833,-134.715333,636.4224,56,,,,,00,09,,,Retained,,83
2025,611,1,710,37833,ILONA B,8/3/2025 14:37,5,19,710,345701,NSEI,57.063667,-134.717167,57.080833,-134.715333,636.4224,57,2,9,,02,02,07,,,Retained,,16
2025,611,1,710,37833,ILONA B,8/3/2025 14:37,5,19,710,345701,NSEI,57.063667,-134.717167,57.080833,-134.715333,636.4224,57,,,,,00,09,,,Retained,,18
2025,611,1,710,37833,ILONA B,8/3/2025 14:37,5,19,710,345701,NSEI,57.063667,-134.717167,57.080833,-134.715333,636.4224,57,,,,,00,09,,,Retained,,104
2025,611,1,710,37833,ILONA B,8/3/2025 14:37,5,19,710,345701,NSEI,57.063667,-134.717167,57.080833,-134.715333,636.4224,57,,,,,00,09,,,Retained,,109
2025,611,1,710,37833,ILONA B,8/3/2025 14:37,5,19,710,345701,NSEI,57.063667,-134.717167,57.080833,-134.715333,636.4224,58,1.8,6,,02,02,01,,,Retained,,72
2025,611,1,710,37833,ILONA B,8/3/2025 14:37,5,19,710,345701,NSEI,57.063667,-134.717167,57.080833,-134.715333,636.4224,58,2.2,6,,02,01,07,,,Retained,,11
2025,611,1,710,37833,ILONA B,8/3/2025 14:37,5,19,710,345701,NSEI,57.063667,-134.717167,57.080833,-134.715333,636.4224,58,2.2,7,,02,02,01,,,Retained,,122
2025,611,1,710,37833,ILONA B,8/3/2025 14:37,5,19,710,345701,NSEI,57.063667,-134.717167,57.080833,-134.715333,636.4224,58,,,,,00,09,,,Retained,,62
2025,611,1,710,37833,ILONA B,8/3/2025 14:37,5,19,710,345701,NSEI,57.063667,-134.717167,57.080833,-134.715333,636.4224,58,,,,,00,09,,,Retained,,64
2025,611,1,710,37833,ILONA B,8/3/2025 14:37,5,19,710,345701,NSEI,57.063667,-134.717167,57.080833,-134.715333,636.4224,58,,,,,00,09,,,Retained,,88
2025,611,1,710,37833,ILONA B,8/3/2025 14:37,5,19,710,345701,NSEI,57.063667,-134.717167,57.080833,-134.715333,636.4224,58,,,,,00,09,,,Retained,,94
2025,611,1,710,37833,ILONA B,8/3/2025 14:37,5,19,710,345701,NSEI,57.063667,-134.717167,57.080833,-134.715333,636.4224,58,,,,,00,09,,,Retained,,105
2025,611,1,710,37833,ILONA B,8/3/2025 14:37,5,19,710,345701,NSEI,57.063667,-134.717167,57.080833,-134.715333,636.4224,59,2.1,7,,03,02,01,,,Retained,,92
2025,611,1,710,37833,ILONA B,8/3/2025 14:37,5,19,710,345701,NSEI,57.063667,-134.717167,57.080833,-134.715333,636.4224,59,2.2,7,,03,01,07,,,Retained,,87
2025,611,1,710,37833,ILONA B,8/3/2025 14:37,5,19,710,345701,NSEI,57.063667,-134.717167,57.080833,-134.715333,636.4224,59,,,,,00,09,,,Retained,,9
2025,611,1,710,37833,ILONA B,8/3/2025 14:37,5,19,710,345701,NSEI,57.063667,-134.717167,57.080833,-134.715333,636.4224,59,,,,,00,09,,,Retained,,38
2025,611,1,710,37833,ILONA B,8/3/2025 14:37,5,19,710,345701,NSEI,57.063667,-134.717167,57.080833,-134.715333,636.4224,59,,,,,00,09,,,Retained,,55
2025,611,1,710,37833,ILONA B,8/3/2025 14:37,5,19,710,345701,NSEI,57.063667,-134.717167,57.080833,-134.715333,636.4224,59,,,,,00,09,,,Retained,,91
2025,611,1,710,37833,ILONA B,8/3/2025 14:37,5,19,710,345701,NSEI,57.063667,-134.717167,57.080833,-134.715333,636.4224,59,,,,,00,09,,,Retained,,95
2025,611,1,710,37833,ILONA B,8/3/2025 14:37,5,19,710,345701,NSEI,57.063667,-134.717167,57.080833,-134.715333,636.4224,59,,,,,00,09,,,Retained,,100
2025,611,1,710,37833,ILONA B,8/3/2025 14:37,5,19,710,345701,NSEI,57.063667,-134.717167,57.080833,-134.715333,636.4224,59,,,,,00,09,,,Retained,,103
2025,611,1,710,37833,ILONA B,8/3/2025 14:37,5,19,710,345701,NSEI,57.063667,-134.717167,57.080833,-134.715333,636.4224,59,,,,,00,09,,,Retained,,118
2025,611,1,710,37833,ILONA B,8/3/2025 14:37,5,19,710,345701,NSEI,57.063667,-134.717167,57.080833,-134.715333,636.4224,59,,,,,00,09,,,Retained,,135
2025,611,1,710,37833,ILONA B,8/3/2025 14:37,5,19,710,345701,NSEI,57.063667,-134.717167,57.080833,-134.715333,636.4224,59,,,,,00,09,,,Retained,,139
2025,611,1,710,37833,ILONA B,8/3/2025 14:37,5,19,710,345701,NSEI,57.063667,-134.717167,57.080833,-134.715333,636.4224,60,2.1,9,,02,01,07,,,Retained,,97
2025,611,1,710,37833,ILONA B,8/3/2025 14:37,5,19,710,345701,NSEI,57.063667,-134.717167,57.080833,-134.715333,636.4224,60,2.3,7,,02,02,01,,,Retained,,21
2025,611,1,710,37833,ILONA B,8/3/2025 14:37,5,19,710,345701,NSEI,57.063667,-134.717167,57.080833,-134.715333,636.4224,60,2.4,8,,03,02,07,,,Retained,,67
2025,611,1,710,37833,ILONA B,8/3/2025 14:37,5,19,710,345701,NSEI,57.063667,-134.717167,57.080833,-134.715333,636.4224,60,2.7,6,,03,02,07,,,Retained,,36
2025,611,1,710,37833,ILONA B,8/3/2025 14:37,5,19,710,345701,NSEI,57.063667,-134.717167,57.080833,-134.715333,636.4224,60,,,,,00,09,,,Retained,,28
2025,611,1,710,37833,ILONA B,8/3/2025 14:37,5,19,710,345701,NSEI,57.063667,-134.717167,57.080833,-134.715333,636.4224,60,,,,,00,09,,,Retained,,35
2025,611,1,710,37833,ILONA B,8/3/2025 14:37,5,19,710,345701,NSEI,57.063667,-134.717167,57.080833,-134.715333,636.4224,60,,,,,00,09,,,Retained,,81
2025,611,1,710,37833,ILONA B,8/3/2025 14:37,5,19,710,345701,NSEI,57.063667,-134.717167,57.080833,-134.715333,636.4224,60,,,,,00,09,,,Retained,,114
2025,611,1,710,37833,ILONA B,8/3/2025 14:37,5,19,710,345701,NSEI,57.063667,-134.717167,57.080833,-134.715333,636.4224,60,,,,,00,09,,,Retained,,116
2025,611,1,710,37833,ILONA B,8/3/2025 14:37,5,19,710,345701,NSEI,57.063667,-134.717167,57.080833,-134.715333,636.4224,60,,,,,00,09,,,Retained,,128
2025,611,1,710,37833,ILONA B,8/3/2025 14:37,5,19,710,345701,NSEI,57.063667,-134.717167,57.080833,-134.715333,636.4224,60,,,,,00,09,,,Retained,,132
2025,611,1,710,37833,ILONA B,8/3/2025 14:37,5,19,710,345701,NSEI,57.063667,-134.717167,57.080833,-134.715333,636.4224,60,,,,,00,09,,,Retained,,140
2025,611,1,710,37833,ILONA B,8/3/2025 14:37,5,19,710,345701,NSEI,57.063667,-134.717167,57.080833,-134.715333,636.4224,61,2.9,6,,02,02,07,,,Retained,,51
2025,611,1,710,37833,ILONA B,8/3/2025 14:37,5,19,710,345701,NSEI,57.063667,-134.717167,57.080833,-134.715333,636.4224,61,,,,,00,09,,,Retained,,4
2025,611,1,710,37833,ILONA B,8/3/2025 14:37,5,19,710,345701,NSEI,57.063667,-134.717167,57.080833,-134.715333,636.4224,61,,,,,00,09,,,Retained,,23
2025,611,1,710,37833,ILONA B,8/3/2025 14:37,5,19,710,345701,NSEI,57.063667,-134.717167,57.080833,-134.715333,636.4224,61,,,,,00,09,,,Retained,,29
2025,611,1,710,37833,ILONA B,8/3/2025 14:37,5,19,710,345701,NSEI,57.063667,-134.717167,57.080833,-134.715333,636.4224,61,,,,,00,09,,,Retained,,52
2025,611,1,710,37833,ILONA B,8/3/2025 14:37,5,19,710,345701,NSEI,57.063667,-134.717167,57.080833,-134.715333,636.4224,61,,,,,00,09,,,Retained,,79
2025,611,1,710,37833,ILONA B,8/3/2025 14:37,5,19,710,345701,NSEI,57.063667,-134.717167,57.080833,-134.715333,636.4224,61,,,,,00,09,,,Retained,,101
2025,611,1,710,37833,ILONA B,8/3/2025 14:37,5,19,710,345701,NSEI,57.063667,-134.717167,57.080833,-134.715333,636.4224,61,,,,,00,09,,,Retained,,113
2025,611,1,710,37833,ILONA B,8/3/2025 14:37,5,19,710,345701,NSEI,57.063667,-134.717167,57.080833,-134.715333,636.4224,61,,,,,00,09,,,Retained,,129
2025,611,1,710,37833,ILONA B,8/3/2025 14:37,5,19,710,345701,NSEI,57.063667,-134.717167,57.080833,-134.715333,636.4224,61,,,,,00,09,,,Retained,,138
2025,611,1,710,37833,ILONA B,8/3/2025 14:37,5,19,710,345701,NSEI,57.063667,-134.717167,57.080833,-134.715333,636.4224,62,2.5,7,,02,02,01,,,Retained,,127
2025,611,1,710,37833,ILONA B,8/3/2025 14:37,5,19,710,345701,NSEI,57.063667,-134.717167,57.080833,-134.715333,636.4224,62,2.5,9,,03,02,07,,,Retained,,136
2025,611,1,710,37833,ILONA B,8/3/2025 14:37,5,19,710,345701,NSEI,57.063667,-134.717167,57.080833,-134.715333,636.4224,62,,,,,00,09,,,Retained,,24
2025,611,1,710,37833,ILONA B,8/3/2025 14:37,5,19,710,345701,NSEI,57.063667,-134.717167,57.080833,-134.715333,636.4224,62,,,,,00,09,,,Retained,,47
2025,611,1,710,37833,ILONA B,8/3/2025 14:37,5,19,710,345701,NSEI,57.063667,-134.717167,57.080833,-134.715333,636.4224,62,,,,,00,09,,,Retained,,54
2025,611,1,710,37833,ILONA B,8/3/2025 14:37,5,19,710,345701,NSEI,57.063667,-134.717167,57.080833,-134.715333,636.4224,62,,,,,00,09,,,Retained,,69
2025,611,1,710,37833,ILONA B,8/3/2025 14:37,5,19,710,345701,NSEI,57.063667,-134.717167,57.080833,-134.715333,636.4224,62,,,,,00,09,,,Retained,,74
2025,611,1,710,37833,ILONA B,8/3/2025 14:37,5,19,710,345701,NSEI,57.063667,-134.717167,57.080833,-134.715333,636.4224,62,,,,,00,09,,,Retained,,93
2025,611,1,710,37833,ILONA B,8/3/2025 14:37,5,19,710,345701,NSEI,57.063667,-134.717167,57.080833,-134.715333,636.4224,62,,,,,00,09,,,Retained,,134
2025,611,1,710,37833,ILONA B,8/3/2025 14:37,5,19,710,345701,NSEI,57.063667,-134.717167,57.080833,-134.715333,636.4224,63,2.7,6,,02,02,07,,,Retained,,131
2025,611,1,710,37833,ILONA B,8/3/2025 14:37,5,19,710,345701,NSEI,57.063667,-134.717167,57.080833,-134.715333,636.4224,63,,,,,00,09,,,Retained,,25
2025,611,1,710,37833,ILONA B,8/3/2025 14:37,5,19,710,345701,NSEI,57.063667,-134.717167,57.080833,-134.715333,636.4224,63,,,,,00,09,,,Retained,,43
2025,611,1,710,37833,ILONA B,8/3/2025 14:37,5,19,710,345701,NSEI,57.063667,-134.717167,57.080833,-134.715333,636.4224,63,,,,,00,09,,,Retained,,76
2025,611,1,710,37833,ILONA B,8/3/2025 14:37,5,19,710,345701,NSEI,57.063667,-134.717167,57.080833,-134.715333,636.4224,63,,,,,00,09,,,Retained,,90
2025,611,1,710,37833,ILONA B,8/3/2025 14:37,5,19,710,345701,NSEI,57.063667,-134.717167,57.080833,-134.715333,636.4224,63,,,,,00,09,,,Retained,,96
2025,611,1,710,37833,ILONA B,8/3/2025 14:37,5,19,710,345701,NSEI,57.063667,-134.717167,57.080833,-134.715333,636.4224,64,2.6,6,,01,02,07,,,Retained,,6
2025,611,1,710,37833,ILONA B,8/3/2025 14:37,5,19,710,345701,NSEI,57.063667,-134.717167,57.080833,-134.715333,636.4224,64,2.7,6,,02,02,07,,,Retained,,102
2025,611,1,710,37833,ILONA B,8/3/2025 14:37,5,19,710,345701,NSEI,57.063667,-134.717167,57.080833,-134.715333,636.4224,64,2.7,7,,02,99,01,,,Retained,,1
2025,611,1,710,37833,ILONA B,8/3/2025 14:37,5,19,710,345701,NSEI,57.063667,-134.717167,57.080833,-134.715333,636.4224,64,2.8,14,,04,01,07,,,Retained,,41
2025,611,1,710,37833,ILONA B,8/3/2025 14:37,5,19,710,345701,NSEI,57.063667,-134.717167,57.080833,-134.715333,636.4224,64,,,,,00,09,,,Retained,,40
2025,611,1,710,37833,ILONA B,8/3/2025 14:37,5,19,710,345701,NSEI,57.063667,-134.717167,57.080833,-134.715333,636.4224,64,,,,,00,09,,,Retained,,57
2025,611,1,710,37833,ILONA B,8/3/2025 14:37,5,19,710,345701,NSEI,57.063667,-134.717167,57.080833,-134.715333,636.4224,64,,,,,00,09,,,Retained,,60
2025,611,1,710,37833,ILONA B,8/3/2025 14:37,5,19,710,345701,NSEI,57.063667,-134.717167,57.080833,-134.715333,636.4224,64,,,,,00,09,,,Retained,,130
2025,611,1,710,37833,ILONA B,8/3/2025 14:37,5,19,710,345701,NSEI,57.063667,-134.717167,57.080833,-134.715333,636.4224,64,,,,,00,09,,,Retained,,133
2025,611,1,710,37833,ILONA B,8/3/2025 14:37,5,19,710,345701,NSEI,57.063667,-134.717167,57.080833,-134.715333,636.4224,65,3,7,,02,02,07,,,Retained,,61
2025,611,1,710,37833,ILONA B,8/3/2025 14:37,5,19,710,345701,NSEI,57.063667,-134.717167,57.080833,-134.715333,636.4224,65,3.2,7,,02,02,07,,,Retained,,117
2025,611,1,710,37833,ILONA B,8/3/2025 14:37,5,19,710,345701,NSEI,57.063667,-134.717167,57.080833,-134.715333,636.4224,65,,,,,00,09,,,Retained,,20
2025,611,1,710,37833,ILONA B,8/3/2025 14:37,5,19,710,345701,NSEI,57.063667,-134.717167,57.080833,-134.715333,636.4224,65,,,,,00,09,,,Retained,,50
2025,611,1,710,37833,ILONA B,8/3/2025 14:37,5,19,710,345701,NSEI,57.063667,-134.717167,57.080833,-134.715333,636.4224,65,,,,,00,09,,,Retained,,68
2025,611,1,710,37833,ILONA B,8/3/2025 14:37,5,19,710,345701,NSEI,57.063667,-134.717167,57.080833,-134.715333,636.4224,65,,,,,00,09,,,Retained,,71
2025,611,1,710,37833,ILONA B,8/3/2025 14:37,5,19,710,345701,NSEI,57.063667,-134.717167,57.080833,-134.715333,636.4224,65,,,,,00,09,,,Retained,,119
2025,611,1,710,37833,ILONA B,8/3/2025 14:37,5,19,710,345701,NSEI,57.063667,-134.717167,57.080833,-134.715333,636.4224,65,,,,,00,09,,,Retained,,120
2025,611,1,710,37833,ILONA B,8/3/2025 14:37,5,19,710,345701,NSEI,57.063667,-134.717167,57.080833,-134.715333,636.4224,65,,,,,00,09,,,Retained,,137
2025,611,1,710,37833,ILONA B,8/3/2025 14:37,5,19,710,345701,NSEI,57.063667,-134.717167,57.080833,-134.715333,636.4224,66,,,,,00,09,,,Retained,,5
2025,611,1,710,37833,ILONA B,8/3/2025 14:37,5,19,710,345701,NSEI,57.063667,-134.717167,57.080833,-134.715333,636.4224,66,,,,,00,09,,,Retained,,10
2025,611,1,710,37833,ILONA B,8/3/2025 14:37,5,19,710,345701,NSEI,57.063667,-134.717167,57.080833,-134.715333,636.4224,66,,,,,00,09,,,Retained,,110
2025,611,1,710,37833,ILONA B,8/3/2025 14:37,5,19,710,345701,NSEI,57.063667,-134.717167,57.080833,-134.715333,636.4224,67,,,,,00,09,,,Retained,,70
2025,611,1,710,37833,ILONA B,8/3/2025 14:37,5,19,710,345701,NSEI,57.063667,-134.717167,57.080833,-134.715333,636.4224,67,,,,,00,09,,,Retained,,98
2025,611,1,710,37833,ILONA B,8/3/2025 14:37,5,19,710,345701,NSEI,57.063667,-134.717167,57.080833,-134.715333,636.4224,67,,,,,00,09,,,Retained,,106
2025,611,1,710,37833,ILONA B,8/3/2025 14:37,5,19,710,345701,NSEI,57.063667,-134.717167,57.080833,-134.715333,636.4224,67,,,,,00,09,,,Retained,,108
2025,611,1,710,37833,ILONA B,8/3/2025 14:37,5,19,710,345701,NSEI,57.063667,-134.717167,57.080833,-134.715333,636.4224,68,,,,,00,09,,,Retained,,45
2025,611,1,710,37833,ILONA B,8/3/2025 14:37,5,19,710,345701,NSEI,57.063667,-134.717167,57.080833,-134.715333,636.4224,68,,,,,00,09,,,Retained,,73
2025,611,1,710,37833,ILONA B,8/3/2025 14:37,5,19,710,345701,NSEI,57.063667,-134.717167,57.080833,-134.715333,636.4224,69,,,,,00,09,,,Retained,,32
2025,611,1,710,37833,ILONA B,8/3/2025 14:37,5,19,710,345701,NSEI,57.063667,-134.717167,57.080833,-134.715333,636.4224,69,,,,,00,09,,,Retained,,78
2025,611,1,710,37833,ILONA B,8/3/2025 14:37,5,19,710,345701,NSEI,57.063667,-134.717167,57.080833,-134.715333,636.4224,69,,,,,00,09,,,Retained,,123
2025,611,1,710,37833,ILONA B,8/3/2025 14:37,5,19,710,345701,NSEI,57.063667,-134.717167,57.080833,-134.715333,636.4224,70,,,,,00,09,,,Retained,,7
2025,611,1,710,37833,ILONA B,8/3/2025 14:37,5,19,710,345701,NSEI,57.063667,-134.717167,57.080833,-134.715333,636.4224,70,,,,,00,09,,,Retained,,8
2025,611,1,710,37833,ILONA B,8/3/2025 14:37,5,19,710,345701,NSEI,57.063667,-134.717167,57.080833,-134.715333,636.4224,71,,,,,00,09,,,Retained,,121
2025,611,1,710,37833,ILONA B,8/3/2025 14:37,5,19,710,345701,NSEI,57.063667,-134.717167,57.080833,-134.715333,636.4224,72,,,,,00,09,,,Retained,,59
2025,611,1,710,37833,ILONA B,8/3/2025 14:37,5,19,710,345701,NSEI,57.063667,-134.717167,57.080833,-134.715333,636.4224,72,,,,,00,09,,,Retained,,65
2025,611,1,710,37833,ILONA B,8/3/2025 14:37,5,19,710,345701,NSEI,57.063667,-134.717167,57.080833,-134.715333,636.4224,72,,,,,00,09,,,Retained,,75
2025,611,1,710,37833,ILONA B,8/3/2025 14:37,5,19,710,345701,NSEI,57.063667,-134.717167,57.080833,-134.715333,636.4224,76,,,,,00,09,,,Retained,,15
2025,611,1,710,37833,ILONA B,8/3/2025 14:37,5,19,710,345701,NSEI,57.063667,-134.717167,57.080833,-134.715333,636.4224,,,,,,,,,,Retained,,141
2025,611,1,710,37833,ILONA B,8/3/2025 14:37,5,19,710,345701,NSEI,57.063667,-134.717167,57.080833,-134.715333,636.4224,,,,,,,,,,Retained,,142
2025,611,1,710,37833,ILONA B,8/3/2025 14:37,5,19,710,345701,NSEI,57.063667,-134.717167,57.080833,-134.715333,636.4224,,,,,,,,,,Retained,,143
2025,611,1,710,37833,ILONA B,8/3/2025 14:37,5,19,710,345701,NSEI,57.063667,-134.717167,57.080833,-134.715333,636.4224,,,,,,,,,,Retained,,144
2025,611,1,710,37833,ILONA B,8/3/2025 14:37,5,19,710,345701,NSEI,57.063667,-134.717167,57.080833,-134.715333,636.4224,,,,,,,,,,Retained,,145
2025,611,1,710,37833,ILONA B,8/3/2025 14:37,5,19,710,345701,NSEI,57.063667,-134.717167,57.080833,-134.715333,636.4224,,,,,,,,,,Retained,,146
2025,611,1,710,37833,ILONA B,8/3/2025 14:37,5,19,710,345701,NSEI,57.063667,-134.717167,57.080833,-134.715333,636.4224,,,,,,,,,,Retained,,147
2025,611,1,710,37833,ILONA B,8/3/2025 14:37,5,19,710,345701,NSEI,57.063667,-134.717167,57.080833,-134.715333,636.4224,,,,,,,,,,Retained,,148
2025,611,1,710,37833,ILONA B,8/3/2025 14:37,5,19,710,345701,NSEI,57.063667,-134.717167,57.080833,-134.715333,636.4224,,,,,,,,,,Retained,,149
2025,611,1,710,37833,ILONA B,8/3/2025 14:37,5,19,710,345701,NSEI,57.063667,-134.717167,57.080833,-134.715333,636.4224,,,,,,,,,,Retained,,150
2025,611,1,710,37833,ILONA B,8/3/2025 14:37,5,19,710,345701,NSEI,57.063667,-134.717167,57.080833,-134.715333,636.4224,,,,,,,,,,Retained,,151
2025,611,1,710,37833,ILONA B,8/3/2025 14:37,5,19,710,345701,NSEI,57.063667,-134.717167,57.080833,-134.715333,636.4224,,,,,,,,,,Retained,,152
2025,611,1,710,37833,ILONA B,8/3/2025 14:37,5,19,710,345701,NSEI,57.063667,-134.717167,57.080833,-134.715333,636.4224,,,,,,,,,,Retained,,153
2025,611,1,710,37833,ILONA B,8/3/2025 14:37,5,19,710,345701,NSEI,57.063667,-134.717167,57.080833,-134.715333,636.4224,,,,,,,,,,Retained,,154
2025,611,1,710,37833,ILONA B,8/3/2025 14:37,5,19,710,345701,NSEI,57.063667,-134.717167,57.080833,-134.715333,636.4224,,,,,,,,,,Retained,,155
2025,611,1,710,37833,ILONA B,8/3/2025 14:37,5,19,710,345701,NSEI,57.063667,-134.717167,57.080833,-134.715333,636.4224,,,,,,,,,,Retained,,156
2025,611,1,710,37833,ILONA B,8/3/2025 14:37,5,19,710,345701,NSEI,57.063667,-134.717167,57.080833,-134.715333,636.4224,,,,,,,,,,Retained,,157
2025,611,1,710,37833,ILONA B,8/3/2025 14:37,5,19,710,345701,NSEI,57.063667,-134.717167,57.080833,-134.715333,636.4224,,,,,,,,,,Retained,,158
2025,611,1,710,37833,ILONA B,8/3/2025 14:37,5,19,710,345701,NSEI,57.063667,-134.717167,57.080833,-134.715333,636.4224,,,,,,,,,,Retained,,159
2025,611,1,710,37833,ILONA B,8/3/2025 14:37,5,19,710,345701,NSEI,57.063667,-134.717167,57.080833,-134.715333,636.4224,,,,,,,,,,Retained,,160
2025,611,1,710,37833,ILONA B,8/3/2025 14:37,5,19,710,345701,NSEI,57.063667,-134.717167,57.080833,-134.715333,636.4224,,,,,,,,,,Retained,,161
2025,611,1,710,37833,ILONA B,8/3/2025 14:37,5,19,710,345701,NSEI,57.063667,-134.717167,57.080833,-134.715333,636.4224,,,,,,,,,,Retained,,162
2025,611,1,710,37833,ILONA B,8/3/2025 14:37,5,19,710,345701,NSEI,57.063667,-134.717167,57.080833,-134.715333,636.4224,,,,,,,,,,Retained,,163
2025,611,1,710,37833,ILONA B,8/3/2025 14:37,5,19,710,345701,NSEI,57.063667,-134.717167,57.080833,-134.715333,636.4224,,,,,,,,,,Retained,,164
2025,611,1,710,37833,ILONA B,8/3/2025 14:37,5,19,710,345701,NSEI,57.063667,-134.717167,57.080833,-134.715333,636.4224,,,,,,,,,,Retained,,165
2025,611,1,710,37833,ILONA B,8/3/2025 14:37,5,19,710,345701,NSEI,57.063667,-134.717167,57.080833,-134.715333,636.4224,,,,,,,,,,Retained,,166
2025,611,1,710,37833,ILONA B,8/3/2025 14:37,5,19,710,345701,NSEI,57.063667,-134.717167,57.080833,-134.715333,636.4224,,,,,,,,,,Retained,,167
2025,611,1,710,37833,ILONA B,8/3/2025 14:37,5,19,710,345701,NSEI,57.063667,-134.717167,57.080833,-134.715333,636.4224,,,,,,,,,,Retained,,168
2025,611,1,710,37833,ILONA B,8/3/2025 14:37,5,19,710,345701,NSEI,57.063667,-134.717167,57.080833,-134.715333,636.4224,,,,,,,,,,Retained,,169
2025,611,1,710,37833,ILONA B,8/3/2025 14:37,5,19,710,345701,NSEI,57.063667,-134.717167,57.080833,-134.715333,636.4224,,,,,,,,,,Retained,,170
2025,611,1,710,37833,ILONA B,8/3/2025 14:37,5,19,710,345701,NSEI,57.063667,-134.717167,57.080833,-134.715333,636.4224,,,,,,,,,,Retained,,171
2025,611,1,710,37833,ILONA B,8/3/2025 14:37,5,19,710,345701,NSEI,57.063667,-134.717167,57.080833,-134.715333,636.4224,,,,,,,,,,Retained,,172
2025,611,1,710,37833,ILONA B,8/3/2025 14:37,5,19,710,345701,NSEI,57.063667,-134.717167,57.080833,-134.715333,636.4224,,,,,,,,,,Retained,,173
2025,611,1,710,37833,ILONA B,8/3/2025 14:37,5,19,710,345701,NSEI,57.063667,-134.717167,57.080833,-134.715333,636.4224,,,,,,,,,,Retained,,174
2025,611,1,710,37833,ILONA B,8/3/2025 14:37,5,19,710,345701,NSEI,57.063667,-134.717167,57.080833,-134.715333,636.4224,,,,,,,,,,Retained,,175
2025,611,1,710,37833,ILONA B,8/3/2025 14:37,5,19,710,345701,NSEI,57.063667,-134.717167,57.080833,-134.715333,636.4224,,,,,,,,,,Retained,,176
2025,611,1,710,37833,ILONA B,8/3/2025 14:37,5,19,710,345701,NSEI,57.063667,-134.717167,57.080833,-134.715333,636.4224,,,,,,,,,,Retained,,177
2025,611,1,710,37833,ILONA B,8/3/2025 14:37,5,19,710,345701,NSEI,57.063667,-134.717167,57.080833,-134.715333,636.4224,,,,,,,,,,Retained,,178
2025,611,1,710,37833,ILONA B,8/3/2025 14:37,5,19,710,345701,NSEI,57.063667,-134.717167,57.080833,-134.715333,636.4224,,,,,,,,,,Retained,,179
2025,611,1,710,37833,ILONA B,8/3/2025 14:37,5,19,710,345701,NSEI,57.063667,-134.717167,57.080833,-134.715333,636.4224,,,,,,,,,,Retained,,180
2025,611,1,710,37833,ILONA B,8/3/2025 14:37,5,19,710,345701,NSEI,57.063667,-134.717167,57.080833,-134.715333,636.4224,,,,,,,,,,Retained,,181
2025,611,1,710,37833,ILONA B,8/3/2025 14:37,5,19,710,345701,NSEI,57.063667,-134.717167,57.080833,-134.715333,636.4224,,,,,,,,,,Retained,,182
2025,611,1,710,37833,ILONA B,8/3/2025 14:37,5,19,710,345701,NSEI,57.063667,-134.717167,57.080833,-134.715333,636.4224,,,,,,,,,,Retained,,183
2025,611,1,710,37833,ILONA B,8/3/2025 14:37,5,19,710,345701,NSEI,57.063667,-134.717167,57.080833,-134.715333,636.4224,,,,,,,,,,Retained,,184
2025,611,1,710,37833,ILONA B,8/3/2025 14:37,5,19,710,345701,NSEI,57.063667,-134.717167,57.080833,-134.715333,636.4224,,,,,,,,,,Retained,,185
2025,611,1,710,37833,ILONA B,8/3/2025 14:37,5,19,710,345701,NSEI,57.063667,-134.717167,57.080833,-134.715333,636.4224,,,,,,,,,,Retained,,186
2025,611,1,710,37833,ILONA B,8/3/2025 14:37,5,19,710,345701,NSEI,57.063667,-134.717167,57.080833,-134.715333,636.4224,,,,,,,,,,Retained,,187
2025,611,1,710,37833,ILONA B,8/3/2025 14:37,5,19,710,345701,NSEI,57.063667,-134.717167,57.080833,-134.715333,636.4224,,,,,,,,,,Retained,,188
2025,611,1,710,37833,ILONA B,8/3/2025 14:37,5,19,710,345701,NSEI,57.063667,-134.717167,57.080833,-134.715333,636.4224,,,,,,,,,,Retained,,189
2025,611,1,710,37833,ILONA B,8/3/2025 14:37,5,19,710,345701,NSEI,57.063667,-134.717167,57.080833,-134.715333,636.4224,,,,,,,,,,Retained,,190
2025,611,1,710,37833,ILONA B,8/3/2025 14:37,5,19,710,345701,NSEI,57.063667,-134.717167,57.080833,-134.715333,636.4224,,,,,,,,,,Retained,,191
2025,611,1,710,37833,ILONA B,8/3/2025 14:37,5,19,710,345701,NSEI,57.063667,-134.717167,57.080833,-134.715333,636.4224,,,,,,,,,,Retained,,192
2025,611,1,710,37833,ILONA B,8/3/2025 14:37,5,19,710,345701,NSEI,57.063667,-134.717167,57.080833,-134.715333,636.4224,,,,,,,,,,Retained,,193
2025,611,1,710,37833,ILONA B,8/3/2025 14:37,5,19,710,345701,NSEI,57.063667,-134.717167,57.080833,-134.715333,636.4224,,,,,,,,,,Retained,,194
2025,611,1,710,37833,ILONA B,8/3/2025 14:37,5,19,710,345701,NSEI,57.063667,-134.717167,57.080833,-134.715333,636.4224,,,,,,,,,,Retained,,195
2025,611,1,710,37833,ILONA B,8/3/2025 14:37,5,19,710,345701,NSEI,57.063667,-134.717167,57.080833,-134.715333,636.4224,,,,,,,,,,Retained,,196
2025,611,1,710,37833,ILONA B,8/3/2025 14:37,5,19,710,345701,NSEI,57.063667,-134.717167,57.080833,-134.715333,636.4224,,,,,,,,,,Retained,,197
2025,611,1,710,37833,ILONA B,8/3/2025 14:37,5,19,710,345701,NSEI,57.063667,-134.717167,57.080833,-134.715333,636.4224,,,,,,,,,,Retained,,198
2025,611,1,710,37833,ILONA B,8/3/2025 14:37,5,19,710,345701,NSEI,57.063667,-134.717167,57.080833,-134.715333,636.4224,,,,,,,,,,Retained,,199
2025,611,1,710,37833,ILONA B,8/3/2025 14:37,5,19,710,345701,NSEI,57.063667,-134.717167,57.080833,-134.715333,636.4224,,,,,,,,,,Retained,,200
2025,611,1,710,37833,ILONA B,8/3/2025 14:37,5,19,710,345701,NSEI,57.063667,-134.717167,57.080833,-134.715333,636.4224,,,,,,,,,,Retained,,201
2025,611,1,710,37833,ILONA B,8/3/2025 14:37,5,19,710,345701,NSEI,57.063667,-134.717167,57.080833,-134.715333,636.4224,,,,,,,,,,Retained,,202
2025,611,1,710,37833,ILONA B,8/3/2025 14:37,5,19,710,345701,NSEI,57.063667,-134.717167,57.080833,-134.715333,636.4224,,,,,,,,,,Retained,,203
2025,611,1,710,37833,ILONA B,8/3/2025 14:37,5,19,710,345701,NSEI,57.063667,-134.717167,57.080833,-134.715333,636.4224,,,,,,,,,,Retained,,204
2025,611,1,710,37833,ILONA B,8/3/2025 14:37,5,19,710,345701,NSEI,57.063667,-134.717167,57.080833,-134.715333,636.4224,,,,,,,,,,Retained,,205
2025,611,1,710,37833,ILONA B,8/3/2025 14:37,5,19,710,345701,NSEI,57.063667,-134.717167,57.080833,-134.715333,636.4224,,,,,,,,,,Retained,,206
2025,611,1,710,37833,ILONA B,8/3/2025 14:37,5,19,710,345701,NSEI,57.063667,-134.717167,57.080833,-134.715333,636.4224,,,,,,,,,,Retained,,207
2025,611,1,710,37833,ILONA B,8/3/2025 14:37,5,19,710,345701,NSEI,57.063667,-134.717167,57.080833,-134.715333,636.4224,,,,,,,,,,Retained,,208
2025,611,1,710,37833,ILONA B,8/3/2025 14:37,5,19,710,345701,NSEI,57.063667,-134.717167,57.080833,-134.715333,636.4224,,,,,,,,,,Retained,,209
2025,611,1,710,37833,ILONA B,8/3/2025 14:37,5,19,710,345701,NSEI,57.063667,-134.717167,57.080833,-134.715333,636.4224,,,,,,,,,,Retained,,210
2025,611,1,710,37833,ILONA B,8/3/2025 14:37,5,19,710,345701,NSEI,57.063667,-134.717167,57.080833,-134.715333,636.4224,,,,,,,,,,Retained,,211
2025,611,1,710,37833,ILONA B,8/3/2025 14:37,5,19,710,345701,NSEI,57.063667,-134.717167,57.080833,-134.715333,636.4224,,,,,,,,,,Retained,,212
2025,611,1,710,37833,ILONA B,8/3/2025 14:37,5,19,710,345701,NSEI,57.063667,-134.717167,57.080833,-134.715333,636.4224,,,,,,,,,,Retained,,213
2025,611,1,710,37833,ILONA B,8/3/2025 14:37,5,19,710,345701,NSEI,57.063667,-134.717167,57.080833,-134.715333,636.4224,,,,,,,,,,Retained,,214
2025,611,1,710,37833,ILONA B,8/3/2025 14:37,5,19,710,345701,NSEI,57.063667,-134.717167,57.080833,-134.715333,636.4224,,,,,,,,,,Retained,,215
2025,611,1,710,37833,ILONA B,8/3/2025 14:37,5,19,710,345701,NSEI,57.063667,-134.717167,57.080833,-134.715333,636.4224,,,,,,,,,,Retained,,216
2025,611,1,710,37833,ILONA B,8/3/2025 14:37,5,19,710,345701,NSEI,57.063667,-134.717167,57.080833,-134.715333,636.4224,,,,,,,,,,Retained,,217
2025,611,1,710,37833,ILONA B,8/3/2025 14:37,5,19,710,345701,NSEI,57.063667,-134.717167,57.080833,-134.715333,636.4224,,,,,,,,,,Retained,,218
2025,611,1,710,37833,ILONA B,8/3/2025 14:37,5,19,710,345701,NSEI,57.063667,-134.717167,57.080833,-134.715333,636.4224,,,,,,,,,,Retained,,219
2025,611,1,710,37833,ILONA B,8/3/2025 14:37,5,19,710,345701,NSEI,57.063667,-134.717167,57.080833,-134.715333,636.4224,,,,,,,,,,Retained,,220
2025,611,1,710,37833,ILONA B,8/3/2025 14:37,5,19,710,345701,NSEI,57.063667,-134.717167,57.080833,-134.715333,636.4224,,,,,,,,,,Retained,,221
2025,611,1,710,37833,ILONA B,8/3/2025 14:37,5,19,710,345701,NSEI,57.063667,-134.717167,57.080833,-134.715333,636.4224,,,,,,,,,,Retained,,222
2025,611,1,710,37833,ILONA B,8/3/2025 14:37,5,19,710,345701,NSEI,57.063667,-134.717167,57.080833,-134.715333,636.4224,,,,,,,,,,Retained,,223
2025,611,1,710,37833,ILONA B,8/3/2025 14:37,5,19,710,345701,NSEI,57.063667,-134.717167,57.080833,-134.715333,636.4224,,,,,,,,,,Retained,,224
2025,611,1,710,37833,ILONA B,8/3/2025 14:37,5,19,710,345701,NSEI,57.063667,-134.717167,57.080833,-134.715333,636.4224,,,,,,,,,,Retained,,225
2025,611,1,710,37833,ILONA B,8/3/2025 14:37,5,19,710,345701,NSEI,57.063667,-134.717167,57.080833,-134.715333,636.4224,,,,,,,,,,Retained,,226
2025,611,1,710,37833,ILONA B,8/3/2025 14:37,5,19,710,345701,NSEI,57.063667,-134.717167,57.080833,-134.715333,636.4224,,,,,,,,,,Retained,,227
2025,611,1,710,37833,ILONA B,8/3/2025 14:37,5,19,710,345701,NSEI,57.063667,-134.717167,57.080833,-134.715333,636.4224,,,,,,,,,,Retained,,228
2025,611,1,710,37833,ILONA B,8/3/2025 14:37,5,19,710,345701,NSEI,57.063667,-134.717167,57.080833,-134.715333,636.4224,,,,,,,,,,Retained,,229
2025,611,1,710,37833,ILONA B,8/3/2025 14:37,5,19,710,345701,NSEI,57.063667,-134.717167,57.080833,-134.715333,636.4224,,,,,,,,,,Retained,,230
2025,611,1,710,37833,ILONA B,8/3/2025 14:37,5,19,710,345701,NSEI,57.063667,-134.717167,57.080833,-134.715333,636.4224,,,,,,,,,,Retained,,231
2025,611,1,710,37833,ILONA B,8/3/2025 14:37,5,19,710,345701,NSEI,57.063667,-134.717167,57.080833,-134.715333,636.4224,,,,,,,,,,Retained,,232
2025,611,1,710,37833,ILONA B,8/3/2025 14:37,5,19,710,345701,NSEI,57.063667,-134.717167,57.080833,-134.715333,636.4224,,,,,,,,,,Retained,,233
2025,611,1,710,37833,ILONA B,8/3/2025 14:37,5,19,710,345701,NSEI,57.063667,-134.717167,57.080833,-134.715333,636.4224,,,,,,,,,,Retained,,234
2025,611,1,710,37833,ILONA B,8/3/2025 14:37,5,19,710,345701,NSEI,57.063667,-134.717167,57.080833,-134.715333,636.4224,,,,,,,,,,Retained,,235
2025,611,1,710,37833,ILONA B,8/3/2025 14:37,5,19,710,345701,NSEI,57.063667,-134.717167,57.080833,-134.715333,636.4224,,,,,,,,,,Retained,,236
2025,611,1,710,37833,ILONA B,8/3/2025 14:37,5,19,710,345701,NSEI,57.063667,-134.717167,57.080833,-134.715333,636.4224,,,,,,,,,,Retained,,237
2025,611,1,710,37833,ILONA B,8/3/2025 14:37,5,19,710,345701,NSEI,57.063667,-134.717167,57.080833,-134.715333,636.4224,,,,,,,,,,Retained,,238
2025,611,1,710,37833,ILONA B,8/3/2025 14:37,5,19,710,345701,NSEI,57.063667,-134.717167,57.080833,-134.715333,636.4224,,,,,,,,,,Retained,,239
2025,611,1,710,37833,ILONA B,8/3/2025 14:37,5,19,710,345701,NSEI,57.063667,-134.717167,57.080833,-134.715333,636.4224,,,,,,,,,,Retained,,240
2025,611,1,710,37833,ILONA B,8/3/2025 14:37,5,19,710,345701,NSEI,57.063667,-134.717167,57.080833,-134.715333,636.4224,,,,,,,,,,Retained,,241
2025,611,1,710,37833,ILONA B,8/3/2025 14:37,5,19,710,345701,NSEI,57.063667,-134.717167,57.080833,-134.715333,636.4224,,,,,,,,,,Retained,,242
2025,611,1,710,37833,ILONA B,8/3/2025 14:37,5,19,710,345701,NSEI,57.063667,-134.717167,57.080833,-134.715333,636.4224,,,,,,,,,,Retained,,243
2025,611,1,710,37833,ILONA B,8/3/2025 14:37,5,19,710,345701,NSEI,57.063667,-134.717167,57.080833,-134.715333,636.4224,,,,,,,,,,Retained,,244
2025,611,1,710,37833,ILONA B,8/3/2025 14:37,5,19,710,345701,NSEI,57.063667,-134.717167,57.080833,-134.715333,636.4224,,,,,,,,,,Retained,,245
2025,611,1,710,37833,ILONA B,8/3/2025 14:37,5,19,710,345701,NSEI,57.063667,-134.717167,57.080833,-134.715333,636.4224,,,,,,,,,,Retained,,246
2025,611,1,710,37833,ILONA B,8/3/2025 14:37,5,19,710,345701,NSEI,57.063667,-134.717167,57.080833,-134.715333,636.4224,,,,,,,,,,Retained,,247
2025,611,1,710,37833,ILONA B,8/3/2025 14:37,5,19,710,345701,NSEI,57.063667,-134.717167,57.080833,-134.715333,636.4224,,,,,,,,,,Retained,,248
2025,611,1,710,37833,ILONA B,8/3/2025 14:37,5,19,710,345701,NSEI,57.063667,-134.717167,57.080833,-134.715333,636.4224,,,,,,,,,,Retained,,249
2025,611,1,710,37833,ILONA B,8/3/2025 14:37,5,19,710,345701,NSEI,57.063667,-134.717167,57.080833,-134.715333,636.4224,,,,,,,,,,Retained,,250
2025,611,1,710,37833,ILONA B,8/3/2025 14:37,5,19,710,345701,NSEI,57.063667,-134.717167,57.080833,-134.715333,636.4224,,,,,,,,,,Retained,,251
2025,611,1,710,37833,ILONA B,8/3/2025 14:37,5,19,710,345701,NSEI,57.063667,-134.717167,57.080833,-134.715333,636.4224,,,,,,,,,,Retained,,252
2025,611,1,710,37833,ILONA B,8/3/2025 14:37,5,19,710,345701,NSEI,57.063667,-134.717167,57.080833,-134.715333,636.4224,,,,,,,,,,Retained,,253
2025,611,1,710,37833,ILONA B,8/3/2025 14:37,5,19,710,345701,NSEI,57.063667,-134.717167,57.080833,-134.715333,636.4224,,,,,,,,,,Retained,,254
2025,611,1,710,37833,ILONA B,8/3/2025 14:37,5,19,710,345701,NSEI,57.063667,-134.717167,57.080833,-134.715333,636.4224,,,,,,,,,,Retained,,255
2025,611,1,710,37833,ILONA B,8/3/2025 14:37,5,19,710,345701,NSEI,57.063667,-134.717167,57.080833,-134.715333,636.4224,,,,,,,,,,Retained,,256
2025,611,1,710,37833,ILONA B,8/3/2025 14:37,5,19,710,345701,NSEI,57.063667,-134.717167,57.080833,-134.715333,636.4224,,,,,,,,,,Retained,,257
2025,611,1,710,37833,ILONA B,8/3/2025 14:37,5,19,710,345701,NSEI,57.063667,-134.717167,57.080833,-134.715333,636.4224,,,,,,,,,,Retained,,258
2025,611,1,710,37833,ILONA B,8/3/2025 14:37,5,19,710,345701,NSEI,57.063667,-134.717167,57.080833,-134.715333,636.4224,,,,,,,,,,Retained,,259
2025,611,1,710,37833,ILONA B,8/3/2025 14:37,5,19,710,345701,NSEI,57.063667,-134.717167,57.080833,-134.715333,636.4224,,,,,,,,,,Retained,,260
2025,611,1,710,37833,ILONA B,8/3/2025 14:37,5,19,710,345701,NSEI,57.063667,-134.717167,57.080833,-134.715333,636.4224,,,,,,,,,,Retained,,261
2025,611,1,710,37833,ILONA B,8/3/2025 14:37,5,19,710,345701,NSEI,57.063667,-134.717167,57.080833,-134.715333,636.4224,,,,,,,,,,Retained,,262
2025,611,1,710,37833,ILONA B,8/3/2025 14:37,5,19,710,345701,NSEI,57.063667,-134.717167,57.080833,-134.715333,636.4224,,,,,,,,,,Retained,,263
2025,611,1,710,37833,ILONA B,8/3/2025 14:37,5,19,710,345701,NSEI,57.063667,-134.717167,57.080833,-134.715333,636.4224,,,,,,,,,,Retained,,264
2025,611,1,710,37833,ILONA B,8/3/2025 14:37,5,19,710,345701,NSEI,57.063667,-134.717167,57.080833,-134.715333,636.4224,,,,,,,,,,Retained,,265
2025,611,1,710,37833,ILONA B,8/3/2025 14:37,5,19,710,345701,NSEI,57.063667,-134.717167,57.080833,-134.715333,636.4224,,,,,,,,,,Retained,,266
2025,611,1,710,37833,ILONA B,8/3/2025 14:37,5,19,710,345701,NSEI,57.063667,-134.717167,57.080833,-134.715333,636.4224,,,,,,,,,,Retained,,267
2025,611,1,710,37833,ILONA B,8/3/2025 14:37,5,19,710,345701,NSEI,57.063667,-134.717167,57.080833,-134.715333,636.4224,,,,,,,,,,Retained,,268
2025,611,1,710,37833,ILONA B,8/3/2025 14:37,5,19,710,345701,NSEI,57.063667,-134.717167,57.080833,-134.715333,636.4224,,,,,,,,,,Retained,,269
2025,611,1,710,37833,ILONA B,8/3/2025 14:37,5,19,710,345701,NSEI,57.063667,-134.717167,57.080833,-134.715333,636.4224,,,,,,,,,,Retained,,270
2025,611,1,710,37833,ILONA B,8/3/2025 14:37,5,19,710,345701,NSEI,57.063667,-134.717167,57.080833,-134.715333,636.4224,,,,,,,,,,Retained,,271
2025,611,1,710,37833,ILONA B,8/3/2025 14:37,5,19,710,345701,NSEI,57.063667,-134.717167,57.080833,-134.715333,636.4224,,,,,,,,,,Retained,,272
2025,611,1,710,37833,ILONA B,8/3/2025 14:37,5,19,710,345701,NSEI,57.063667,-134.717167,57.080833,-134.715333,636.4224,,,,,,,,,,Retained,,273
2025,611,1,710,37833,ILONA B,8/3/2025 14:37,5,19,710,345701,NSEI,57.063667,-134.717167,57.080833,-134.715333,636.4224,,,,,,,,,,Retained,,274
2025,611,1,710,37833,ILONA B,8/3/2025 14:37,5,19,710,345701,NSEI,57.063667,-134.717167,57.080833,-134.715333,636.4224,,,,,,,,,,Retained,,275
2025,611,1,710,37833,ILONA B,8/3/2025 14:37,5,19,710,345701,NSEI,57.063667,-134.717167,57.080833,-134.715333,636.4224,,,,,,,,,,Retained,,276
2025,611,1,710,37833,ILONA B,8/3/2025 14:37,5,19,710,345701,NSEI,57.063667,-134.717167,57.080833,-134.715333,636.4224,,,,,,,,,,Retained,,277
2025,611,1,710,37833,ILONA B,8/3/2025 14:37,5,19,710,345701,NSEI,57.063667,-134.717167,57.080833,-134.715333,636.4224,,,,,,,,,,Retained,,278
2025,611,1,710,37833,ILONA B,8/3/2025 14:37,5,19,710,345701,NSEI,57.063667,-134.717167,57.080833,-134.715333,636.4224,,,,,,,,,,Retained,,279
2025,611,1,710,37833,ILONA B,8/3/2025 14:37,5,19,710,345701,NSEI,57.063667,-134.717167,57.080833,-134.715333,636.4224,,,,,,,,,,Retained,,280
2025,611,1,710,37833,ILONA B,8/3/2025 14:37,5,19,710,345701,NSEI,57.063667,-134.717167,57.080833,-134.715333,636.4224,,,,,,,,,,Retained,,281
2025,611,1,710,37833,ILONA B,8/3/2025 14:37,5,19,710,345701,NSEI,57.063667,-134.717167,57.080833,-134.715333,636.4224,,,,,,,,,,Retained,,282
2025,611,1,710,37833,ILONA B,8/3/2025 14:37,5,19,710,345701,NSEI,57.063667,-134.717167,57.080833,-134.715333,636.4224,,,,,,,,,,Retained,,283
2025,611,1,710,37833,ILONA B,8/3/2025 14:37,5,19,710,345701,NSEI,57.063667,-134.717167,57.080833,-134.715333,636.4224,,,,,,,,,,Retained,,284
2025,611,1,710,37833,ILONA B,8/3/2025 14:37,5,19,710,345701,NSEI,57.063667,-134.717167,57.080833,-134.715333,636.4224,,,,,,,,,,Retained,,285
2025,611,1,710,37833,ILONA B,8/3/2025 14:37,5,19,710,345701,NSEI,57.063667,-134.717167,57.080833,-134.715333,636.4224,,,,,,,,,,Retained,,286
2025,611,1,710,37833,ILONA B,8/3/2025 14:37,5,19,710,345701,NSEI,57.063667,-134.717167,57.080833,-134.715333,636.4224,,,,,,,,,,Retained,,287
2025,611,1,710,37833,ILONA B,8/3/2025 14:37,5,19,710,345701,NSEI,57.063667,-134.717167,57.080833,-134.715333,636.4224,,,,,,,,,,Retained,,288
2025,611,1,710,37833,ILONA B,8/3/2025 14:37,5,19,710,345701,NSEI,57.063667,-134.717167,57.080833,-134.715333,636.4224,,,,,,,,,,Retained,,289
2025,611,1,710,37833,ILONA B,8/3/2025 14:37,5,19,710,345701,NSEI,57.063667,-134.717167,57.080833,-134.715333,636.4224,,,,,,,,,,Retained,,290
2025,611,1,710,37833,ILONA B,8/3/2025 14:37,5,19,710,345701,NSEI,57.063667,-134.717167,57.080833,-134.715333,636.4224,,,,,,,,,,Retained,,291
2025,611,1,710,37833,ILONA B,8/3/2025 14:37,5,19,710,345701,NSEI,57.063667,-134.717167,57.080833,-134.715333,636.4224,,,,,,,,,,Retained,,292
2025,611,1,710,37833,ILONA B,8/3/2025 14:37,5,19,710,345701,NSEI,57.063667,-134.717167,57.080833,-134.715333,636.4224,,,,,,,,,,Retained,,293
2025,611,1,710,37833,ILONA B,8/3/2025 14:37,5,19,710,345701,NSEI,57.063667,-134.717167,57.080833,-134.715333,636.4224,,,,,,,,,,Retained,,294
2025,611,1,710,37833,ILONA B,8/3/2025 14:37,5,19,710,345701,NSEI,57.063667,-134.717167,57.080833,-134.715333,636.4224,,,,,,,,,,Retained,,295
2025,611,1,710,37833,ILONA B,8/3/2025 14:37,5,19,710,345701,NSEI,57.063667,-134.717167,57.080833,-134.715333,636.4224,,,,,,,,,,Retained,,296
2025,611,1,710,37833,ILONA B,8/3/2025 14:37,5,19,710,345701,NSEI,57.063667,-134.717167,57.080833,-134.715333,636.4224,,,,,,,,,,Retained,,297
2025,611,1,710,37833,ILONA B,8/3/2025 14:37,5,19,710,345701,NSEI,57.063667,-134.717167,57.080833,-134.715333,636.4224,,,,,,,,,,Retained,,298
2025,611,1,710,37833,ILONA B,8/3/2025 14:37,5,19,710,345701,NSEI,57.063667,-134.717167,57.080833,-134.715333,636.4224,,,,,,,,,,Retained,,299
2025,611,1,710,37833,ILONA B,8/3/2025 14:37,5,19,710,345701,NSEI,57.063667,-134.717167,57.080833,-134.715333,636.4224,,,,,,,,,,Retained,,300
2025,611,1,710,37833,ILONA B,8/3/2025 14:37,5,19,710,345701,NSEI,57.063667,-134.717167,57.080833,-134.715333,636.4224,,,,,,,,,,Retained,,301
2025,611,1,710,37833,ILONA B,8/3/2025 14:37,5,19,710,345701,NSEI,57.063667,-134.717167,57.080833,-134.715333,636.4224,,,,,,,,,,Retained,,302
2025,611,1,710,37833,ILONA B,8/3/2025 14:37,5,19,710,345701,NSEI,57.063667,-134.717167,57.080833,-134.715333,636.4224,,,,,,,,,,Retained,,303
2025,611,1,710,37833,ILONA B,8/3/2025 14:37,5,19,710,345701,NSEI,57.063667,-134.717167,57.080833,-134.715333,636.4224,,,,,,,,,,Retained,,304
2025,611,1,710,37833,ILONA B,8/3/2025 14:37,5,19,710,345701,NSEI,57.063667,-134.717167,57.080833,-134.715333,636.4224,,,,,,,,,,Retained,,305
2025,611,1,710,37833,ILONA B,8/3/2025 14:37,5,19,710,345701,NSEI,57.063667,-134.717167,57.080833,-134.715333,636.4224,,,,,,,,,,Retained,,306
2025,611,1,710,37833,ILONA B,8/3/2025 14:37,5,19,710,345701,NSEI,57.063667,-134.717167,57.080833,-134.715333,636.4224,,,,,,,,,,Retained,,307
2025,611,1,710,37833,ILONA B,8/3/2025 14:37,5,19,710,345701,NSEI,57.063667,-134.717167,57.080833,-134.715333,636.4224,,,,,,,,,,Retained,,308
2025,611,1,710,37833,ILONA B,8/3/2025 14:37,5,19,710,345701,NSEI,57.063667,-134.717167,57.080833,-134.715333,636.4224,,,,,,,,,,Retained,,309
2025,611,1,710,37833,ILONA B,8/3/2025 14:37,5,19,710,345701,NSEI,57.063667,-134.717167,57.080833,-134.715333,636.4224,,,,,,,,,,Retained,,310
2025,611,1,710,37833,ILONA B,8/3/2025 14:37,5,19,710,345701,NSEI,57.063667,-134.717167,57.080833,-134.715333,636.4224,,,,,,,,,,Retained,,311
2025,611,1,710,37833,ILONA B,8/3/2025 14:37,5,19,710,345701,NSEI,57.063667,-134.717167,57.080833,-134.715333,636.4224,,,,,,,,,,Retained,,312
2025,611,1,710,37833,ILONA B,8/3/2025 14:37,5,19,710,345701,NSEI,57.063667,-134.717167,57.080833,-134.715333,636.4224,,,,,,,,,,Retained,,313
2025,611,1,710,37833,ILONA B,8/3/2025 14:37,5,19,710,345701,NSEI,57.063667,-134.717167,57.080833,-134.715333,636.4224,,,,,,,,,,Retained,,314
2025,611,1,710,37833,ILONA B,8/3/2025 14:37,5,19,710,345701,NSEI,57.063667,-134.717167,57.080833,-134.715333,636.4224,,,,,,,,,,Retained,,315
2025,611,1,710,37833,ILONA B,8/3/2025 14:37,5,19,710,345701,NSEI,57.063667,-134.717167,57.080833,-134.715333,636.4224,,,,,,,,,,Retained,,316
2025,611,1,710,37833,ILONA B,8/3/2025 14:37,5,19,710,345701,NSEI,57.063667,-134.717167,57.080833,-134.715333,636.4224,,,,,,,,,,Retained,,317
2025,611,1,710,37833,ILONA B,8/3/2025 14:37,5,19,710,345701,NSEI,57.063667,-134.717167,57.080833,-134.715333,636.4224,,,,,,,,,,Retained,,318
2025,611,1,710,37833,ILONA B,8/3/2025 14:37,5,19,710,345701,NSEI,57.063667,-134.717167,57.080833,-134.715333,636.4224,,,,,,,,,,Retained,,319
2025,611,1,710,37833,ILONA B,8/3/2025 14:37,5,19,710,345701,NSEI,57.063667,-134.717167,57.080833,-134.715333,636.4224,,,,,,,,,,Retained,,320
2025,611,1,710,37833,ILONA B,8/3/2025 14:37,5,19,710,345701,NSEI,57.063667,-134.717167,57.080833,-134.715333,636.4224,,,,,,,,,,Retained,,321
2025,611,1,710,37833,ILONA B,8/3/2025 14:37,5,19,710,345701,NSEI,57.063667,-134.717167,57.080833,-134.715333,636.4224,,,,,,,,,,Retained,,322
2025,611,1,710,37833,ILONA B,8/3/2025 14:37,5,19,710,345701,NSEI,57.063667,-134.717167,57.080833,-134.715333,636.4224,,,,,,,,,,Retained,,323
2025,611,1,710,37833,ILONA B,8/3/2025 14:37,5,19,710,345701,NSEI,57.063667,-134.717167,57.080833,-134.715333,636.4224,,,,,,,,,,Retained,,324
2025,611,1,710,37833,ILONA B,8/3/2025 14:37,5,19,710,345701,NSEI,57.063667,-134.717167,57.080833,-134.715333,636.4224,,,,,,,,,,Retained,,325
2025,611,1,710,37833,ILONA B,8/3/2025 14:37,5,19,710,345701,NSEI,57.063667,-134.717167,57.080833,-134.715333,636.4224,,,,,,,,,,Retained,,326
2025,611,1,710,37833,ILONA B,8/3/2025 14:37,5,19,710,345701,NSEI,57.063667,-134.717167,57.080833,-134.715333,636.4224,,,,,,,,,,Retained,,327
2025,611,1,710,37833,ILONA B,8/3/2025 14:37,5,19,710,345701,NSEI,57.063667,-134.717167,57.080833,-134.715333,636.4224,,,,,,,,,,Retained,,328
2025,611,1,710,37833,ILONA B,8/3/2025 14:37,5,19,710,345701,NSEI,57.063667,-134.717167,57.080833,-134.715333,636.4224,,,,,,,,,,Retained,,329
2025,611,1,710,37833,ILONA B,8/3/2025 14:37,5,19,710,345701,NSEI,57.063667,-134.717167,57.080833,-134.715333,636.4224,,,,,,,,,,Retained,,330
2025,611,1,710,37833,ILONA B,8/3/2025 14:37,5,19,710,345701,NSEI,57.063667,-134.717167,57.080833,-134.715333,636.4224,,,,,,,,,,Retained,,331
2025,611,1,710,37833,ILONA B,8/3/2025 14:37,5,19,710,345701,NSEI,57.063667,-134.717167,57.080833,-134.715333,636.4224,,,,,,,,,,Retained,,332
2025,611,1,710,37833,ILONA B,8/3/2025 14:37,5,19,710,345701,NSEI,57.063667,-134.717167,57.080833,-134.715333,636.4224,,,,,,,,,,Retained,,333
2025,611,1,710,37833,ILONA B,8/3/2025 14:37,5,19,710,345701,NSEI,57.063667,-134.717167,57.080833,-134.715333,636.4224,,,,,,,,,,Retained,,334
2025,611,1,710,37833,ILONA B,8/3/2025 14:37,5,19,710,345701,NSEI,57.063667,-134.717167,57.080833,-134.715333,636.4224,,,,,,,,,,Retained,,335
2025,611,1,710,37833,ILONA B,8/3/2025 14:37,5,19,710,345701,NSEI,57.063667,-134.717167,57.080833,-134.715333,636.4224,,,,,,,,,,Retained,,336
2025,611,1,710,37833,ILONA B,8/3/2025 14:37,5,19,710,345701,NSEI,57.063667,-134.717167,57.080833,-134.715333,636.4224,,,,,,,,,,Retained,,337
2025,611,1,710,37833,ILONA B,8/3/2025 14:37,5,19,710,345701,NSEI,57.063667,-134.717167,57.080833,-134.715333,636.4224,,,,,,,,,,Retained,,338
2025,611,1,710,37833,ILONA B,8/3/2025 14:37,5,19,710,345701,NSEI,57.063667,-134.717167,57.080833,-134.715333,636.4224,,,,,,,,,,Retained,,339
2025,611,1,710,37833,ILONA B,8/3/2025 14:37,5,19,710,345701,NSEI,57.063667,-134.717167,57.080833,-134.715333,636.4224,,,,,,,,,,Retained,,340
2025,611,1,710,37833,ILONA B,8/3/2025 14:37,5,19,710,345701,NSEI,57.063667,-134.717167,57.080833,-134.715333,636.4224,,,,,,,,,,Retained,,341
2025,611,1,710,37833,ILONA B,8/3/2025 14:37,5,19,710,345701,NSEI,57.063667,-134.717167,57.080833,-134.715333,636.4224,,,,,,,,,,Retained,,342
2025,611,1,710,37833,ILONA B,8/3/2025 14:37,5,19,710,345701,NSEI,57.063667,-134.717167,57.080833,-134.715333,636.4224,,,,,,,,,,Retained,,343
2025,611,1,710,37833,ILONA B,8/3/2025 14:37,5,19,710,345701,NSEI,57.063667,-134.717167,57.080833,-134.715333,636.4224,,,,,,,,,,Retained,,344
2025,611,1,710,37833,ILONA B,8/3/2025 14:37,5,19,710,345701,NSEI,57.063667,-134.717167,57.080833,-134.715333,636.4224,,,,,,,,,,Retained,,345
2025,611,1,710,37833,ILONA B,8/3/2025 14:37,5,19,710,345701,NSEI,57.063667,-134.717167,57.080833,-134.715333,636.4224,,,,,,,,,,Retained,,346
2025,611,1,710,37833,ILONA B,8/3/2025 14:37,5,19,710,345701,NSEI,57.063667,-134.717167,57.080833,-134.715333,636.4224,,,,,,,,,,Retained,,347
2025,611,1,710,37833,ILONA B,8/3/2025 14:37,5,19,710,345701,NSEI,57.063667,-134.717167,57.080833,-134.715333,636.4224,,,,,,,,,,Retained,,348
2025,611,1,710,37833,ILONA B,8/3/2025 14:37,5,19,710,345701,NSEI,57.063667,-134.717167,57.080833,-134.715333,636.4224,,,,,,,,,,Retained,,349
2025,611,1,710,37833,ILONA B,8/3/2025 14:37,5,19,710,345701,NSEI,57.063667,-134.717167,57.080833,-134.715333,636.4224,,,,,,,,,,Retained,,350
2025,611,1,710,37833,ILONA B,8/3/2025 14:37,5,19,710,345701,NSEI,57.063667,-134.717167,57.080833,-134.715333,636.4224,,,,,,,,,,Retained,,351
2025,611,1,710,37833,ILONA B,8/3/2025 14:37,5,19,710,345701,NSEI,57.063667,-134.717167,57.080833,-134.715333,636.4224,,,,,,,,,,Retained,,352
2025,611,1,710,37833,ILONA B,8/3/2025 14:37,5,19,710,345701,NSEI,57.063667,-134.717167,57.080833,-134.715333,636.4224,,,,,,,,,,Retained,,353
2025,611,1,710,37833,ILONA B,8/3/2025 14:37,5,19,710,345701,NSEI,57.063667,-134.717167,57.080833,-134.715333,636.4224,,,,,,,,,,Retained,,354
2025,611,1,710,37833,ILONA B,8/3/2025 14:37,5,19,710,345701,NSEI,57.063667,-134.717167,57.080833,-134.715333,636.4224,,,,,,,,,,Retained,,355
2025,611,1,710,37833,ILONA B,8/3/2025 14:37,5,19,710,345701,NSEI,57.063667,-134.717167,57.080833,-134.715333,636.4224,,,,,,,,,,Retained,,356
2025,611,1,710,37833,ILONA B,8/3/2025 14:37,5,19,710,345701,NSEI,57.063667,-134.717167,57.080833,-134.715333,636.4224,,,,,,,,,,Retained,,357
2025,611,1,710,37833,ILONA B,8/3/2025 14:37,5,19,710,345701,NSEI,57.063667,-134.717167,57.080833,-134.715333,636.4224,,,,,,,,,,Retained,,358
2025,611,1,710,37833,ILONA B,8/3/2025 14:37,5,19,710,345701,NSEI,57.063667,-134.717167,57.080833,-134.715333,636.4224,,,,,,,,,,Retained,,359
2025,611,1,710,37833,ILONA B,8/3/2025 14:37,5,19,710,345701,NSEI,57.063667,-134.717167,57.080833,-134.715333,636.4224,,,,,,,,,,Retained,,360
2025,611,1,710,37833,ILONA B,8/3/2025 14:37,5,19,710,345701,NSEI,57.063667,-134.717167,57.080833,-134.715333,636.4224,,,,,,,,,,Retained,,361
2025,611,1,710,37833,ILONA B,8/3/2025 14:37,5,19,710,345701,NSEI,57.063667,-134.717167,57.080833,-134.715333,636.4224,,,,,,,,,,Retained,,362
2025,611,1,710,37833,ILONA B,8/3/2025 14:37,5,19,710,345701,NSEI,57.063667,-134.717167,57.080833,-134.715333,636.4224,,,,,,,,,,Retained,,363
2025,611,1,710,37833,ILONA B,8/3/2025 14:37,5,19,710,345701,NSEI,57.063667,-134.717167,57.080833,-134.715333,636.4224,,,,,,,,,,Retained,,364
2025,611,1,710,37833,ILONA B,8/3/2025 14:37,5,19,710,345701,NSEI,57.063667,-134.717167,57.080833,-134.715333,636.4224,,,,,,,,,,Retained,,365
2025,611,1,710,37833,ILONA B,8/3/2025 14:37,5,19,710,345701,NSEI,57.063667,-134.717167,57.080833,-134.715333,636.4224,,,,,,,,,,Retained,,366
2025,611,1,710,37833,ILONA B,8/3/2025 14:37,5,19,710,345701,NSEI,57.063667,-134.717167,57.080833,-134.715333,636.4224,,,,,,,,,,Retained,,367
2025,611,1,710,37833,ILONA B,8/3/2025 14:37,5,19,710,345701,NSEI,57.063667,-134.717167,57.080833,-134.715333,636.4224,,,,,,,,,,Retained,,368
2025,611,1,710,37833,ILONA B,8/3/2025 14:37,5,19,710,345701,NSEI,57.063667,-134.717167,57.080833,-134.715333,636.4224,,,,,,,,,,Retained,,369
2025,611,1,710,37833,ILONA B,8/3/2025 14:37,5,19,710,345701,NSEI,57.063667,-134.717167,57.080833,-134.715333,636.4224,,,,,,,,,,Retained,,370
2025,611,1,710,37833,ILONA B,8/3/2025 14:37,5,19,710,345701,NSEI,57.063667,-134.717167,57.080833,-134.715333,636.4224,,,,,,,,,,Retained,,371
2025,611,1,710,37833,ILONA B,8/3/2025 14:37,5,19,710,345701,NSEI,57.063667,-134.717167,57.080833,-134.715333,636.4224,,,,,,,,,,Retained,,372
2025,611,1,710,37833,ILONA B,8/3/2025 14:37,5,19,710,345701,NSEI,57.063667,-134.717167,57.080833,-134.715333,636.4224,,,,,,,,,,Retained,,373
2025,611,1,710,37833,ILONA B,8/3/2025 14:37,5,19,710,345701,NSEI,57.063667,-134.717167,57.080833,-134.715333,636.4224,,,,,,,,,,Retained,,374
2025,611,1,710,37833,ILONA B,8/3/2025 14:37,5,19,710,345701,NSEI,57.063667,-134.717167,57.080833,-134.715333,636.4224,,,,,,,,,,Retained,,375
2025,611,1,710,37833,ILONA B,8/3/2025 14:37,5,19,710,345701,NSEI,57.063667,-134.717167,57.080833,-134.715333,636.4224,,,,,,,,,,Retained,,376
2025,611,1,710,37833,ILONA B,8/3/2025 14:37,5,19,710,345701,NSEI,57.063667,-134.717167,57.080833,-134.715333,636.4224,,,,,,,,,,Retained,,377
2025,611,1,710,37833,ILONA B,8/3/2025 14:37,5,19,710,345701,NSEI,57.063667,-134.717167,57.080833,-134.715333,636.4224,,,,,,,,,,Retained,,378
2025,611,1,710,37833,ILONA B,8/3/2025 14:37,5,19,710,345701,NSEI,57.063667,-134.717167,57.080833,-134.715333,636.4224,,,,,,,,,,Retained,,379
2025,611,1,710,37833,ILONA B,8/3/2025 14:37,5,19,710,345701,NSEI,57.063667,-134.717167,57.080833,-134.715333,636.4224,,,,,,,,,,Retained,,380
2025,611,1,710,37833,ILONA B,8/3/2025 14:37,5,19,710,345701,NSEI,57.063667,-134.717167,57.080833,-134.715333,636.4224,,,,,,,,,,Retained,,381
2025,611,1,710,37833,ILONA B,8/3/2025 14:37,5,19,710,345701,NSEI,57.063667,-134.717167,57.080833,-134.715333,636.4224,,,,,,,,,,Retained,,382
2025,611,1,710,37833,ILONA B,8/3/2025 14:37,5,19,710,345701,NSEI,57.063667,-134.717167,57.080833,-134.715333,636.4224,,,,,,,,,,Retained,,383
2025,611,1,710,37833,ILONA B,8/3/2025 14:37,5,19,710,345701,NSEI,57.063667,-134.717167,57.080833,-134.715333,636.4224,,,,,,,,,,Retained,,384
2025,611,1,710,37833,ILONA B,8/3/2025 14:37,5,19,710,345701,NSEI,57.063667,-134.717167,57.080833,-134.715333,636.4224,,,,,,,,,,Retained,,385
2025,611,1,710,37833,ILONA B,8/3/2025 14:37,5,19,710,345701,NSEI,57.063667,-134.717167,57.080833,-134.715333,636.4224,,,,,,,,,,Retained,,386
2025,611,1,710,37833,ILONA B,8/3/2025 14:37,5,19,710,345701,NSEI,57.063667,-134.717167,57.080833,-134.715333,636.4224,,,,,,,,,,Retained,,387
2025,611,1,710,37833,ILONA B,8/3/2025 14:37,5,19,710,345701,NSEI,57.063667,-134.717167,57.080833,-134.715333,636.4224,,,,,,,,,,Retained,,388
2025,611,1,710,37833,ILONA B,8/3/2025 14:37,5,19,710,345701,NSEI,57.063667,-134.717167,57.080833,-134.715333,636.4224,,,,,,,,,,Retained,,389
2025,611,1,710,37833,ILONA B,8/3/2025 14:37,5,19,710,345701,NSEI,57.063667,-134.717167,57.080833,-134.715333,636.4224,,,,,,,,,,Retained,,390
2025,611,1,710,37833,ILONA B,8/3/2025 14:37,5,19,710,345701,NSEI,57.063667,-134.717167,57.080833,-134.715333,636.4224,,,,,,,,,,Retained,,391
2025,611,1,710,37833,ILONA B,8/3/2025 14:37,5,19,710,345701,NSEI,57.063667,-134.717167,57.080833,-134.715333,636.4224,,,,,,,,,,Retained,,392
2025,611,1,710,37833,ILONA B,8/3/2025 14:37,5,19,710,345701,NSEI,57.063667,-134.717167,57.080833,-134.715333,636.4224,,,,,,,,,,Retained,,393
2025,611,1,710,37833,ILONA B,8/3/2025 14:37,5,19,710,345701,NSEI,57.063667,-134.717167,57.080833,-134.715333,636.4224,,,,,,,,,,Retained,,394
2025,611,1,710,37833,ILONA B,8/3/2025 14:37,5,19,710,345701,NSEI,57.063667,-134.717167,57.080833,-134.715333,636.4224,,,,,,,,,,Retained,,395
2025,611,1,710,37833,ILONA B,8/3/2025 14:37,5,19,710,345701,NSEI,57.063667,-134.717167,57.080833,-134.715333,636.4224,,,,,,,,,,Retained,,396
2025,611,1,710,37833,ILONA B,8/3/2025 14:37,5,19,710,345701,NSEI,57.063667,-134.717167,57.080833,-134.715333,636.4224,,,,,,,,,,Retained,,397
2025,611,1,710,37833,ILONA B,8/3/2025 14:37,5,19,710,345701,NSEI,57.063667,-134.717167,57.080833,-134.715333,636.4224,,,,,,,,,,Retained,,398
2025,611,1,710,37833,ILONA B,8/3/2025 14:37,5,19,710,345701,NSEI,57.063667,-134.717167,57.080833,-134.715333,636.4224,,,,,,,,,,Retained,,399
2025,611,1,710,37833,ILONA B,8/3/2025 14:37,5,19,710,345701,NSEI,57.063667,-134.717167,57.080833,-134.715333,636.4224,,,,,,,,,,Retained,,400
2025,611,1,710,37833,ILONA B,8/3/2025 14:37,5,19,710,345701,NSEI,57.063667,-134.717167,57.080833,-134.715333,636.4224,,,,,,,,,,Retained,,401
2025,611,1,710,37833,ILONA B,8/3/2025 14:37,5,19,710,345701,NSEI,57.063667,-134.717167,57.080833,-134.715333,636.4224,,,,,,,,,,Retained,,402
2025,611,1,710,37833,ILONA B,8/3/2025 14:37,5,19,710,345701,NSEI,57.063667,-134.717167,57.080833,-134.715333,636.4224,,,,,,,,,,Retained,,403
2025,611,1,710,37833,ILONA B,8/3/2025 14:37,5,19,710,345701,NSEI,57.063667,-134.717167,57.080833,-134.715333,636.4224,,,,,,,,,,Retained,,404
2025,611,1,710,37833,ILONA B,8/3/2025 14:37,5,19,710,345701,NSEI,57.063667,-134.717167,57.080833,-134.715333,636.4224,,,,,,,,,,Retained,,405
2025,611,1,710,37833,ILONA B,8/3/2025 14:37,5,19,710,345701,NSEI,57.063667,-134.717167,57.080833,-134.715333,636.4224,,,,,,,,,,Retained,,406
2025,611,1,710,37833,ILONA B,8/3/2025 14:37,5,19,710,345701,NSEI,57.063667,-134.717167,57.080833,-134.715333,636.4224,,,,,,,,,,Retained,,407
2025,611,1,710,37833,ILONA B,8/3/2025 14:37,5,19,710,345701,NSEI,57.063667,-134.717167,57.080833,-134.715333,636.4224,,,,,,,,,,Retained,,408
2025,611,1,710,37833,ILONA B,8/3/2025 14:37,5,19,710,345701,NSEI,57.063667,-134.717167,57.080833,-134.715333,636.4224,,,,,,,,,,Retained,,409
2025,611,1,710,37833,ILONA B,8/3/2025 14:37,5,19,710,345701,NSEI,57.063667,-134.717167,57.080833,-134.715333,636.4224,,,,,,,,,,Retained,,410
2025,611,1,710,37833,ILONA B,8/3/2025 14:37,5,19,710,345701,NSEI,57.063667,-134.717167,57.080833,-134.715333,636.4224,,,,,,,,,,Retained,,411
2025,611,1,710,37833,ILONA B,8/3/2025 14:37,5,19,710,345701,NSEI,57.063667,-134.717167,57.080833,-134.715333,636.4224,,,,,,,,,,Retained,,412
2025,611,1,710,37833,ILONA B,8/3/2025 14:37,5,19,710,345701,NSEI,57.063667,-134.717167,57.080833,-134.715333,636.4224,,,,,,,,,,Retained,,413
2025,611,1,710,37833,ILONA B,8/3/2025 14:37,5,19,710,345701,NSEI,57.063667,-134.717167,57.080833,-134.715333,636.4224,,,,,,,,,,Retained,,414
2025,611,1,710,37833,ILONA B,8/3/2025 14:37,5,19,710,345701,NSEI,57.063667,-134.717167,57.080833,-134.715333,636.4224,,,,,,,,,,Retained,,415
2025,611,1,710,37833,ILONA B,8/3/2025 14:37,5,19,710,345701,NSEI,57.063667,-134.717167,57.080833,-134.715333,636.4224,,,,,,,,,,Retained,,416
2025,611,1,710,37833,ILONA B,8/3/2025 14:37,5,19,710,345701,NSEI,57.063667,-134.717167,57.080833,-134.715333,636.4224,,,,,,,,,,Retained,,417
2025,611,1,710,37833,ILONA B,8/3/2025 14:37,5,19,710,345701,NSEI,57.063667,-134.717167,57.080833,-134.715333,636.4224,,,,,,,,,,Retained,,418
2025,611,1,710,37833,ILONA B,8/3/2025 14:37,5,19,710,345701,NSEI,57.063667,-134.717167,57.080833,-134.715333,636.4224,,,,,,,,,,Retained,,419
2025,611,1,710,37833,ILONA B,8/3/2025 14:37,5,19,710,345701,NSEI,57.063667,-134.717167,57.080833,-134.715333,636.4224,,,,,,,,,,Retained,,420
2025,611,1,710,37833,ILONA B,8/3/2025 14:37,5,19,710,345701,NSEI,57.063667,-134.717167,57.080833,-134.715333,636.4224,,,,,,,,,,Retained,,421
2025,611,1,710,37833,ILONA B,8/3/2025 14:37,5,19,710,345701,NSEI,57.063667,-134.717167,57.080833,-134.715333,636.4224,,,,,,,,,,Retained,,422
2025,611,1,710,37833,ILONA B,8/3/2025 14:37,5,19,710,345701,NSEI,57.063667,-134.717167,57.080833,-134.715333,636.4224,,,,,,,,,,Retained,,423
2025,611,1,710,37833,ILONA B,8/3/2025 14:37,5,19,710,345701,NSEI,57.063667,-134.717167,57.080833,-134.715333,636.4224,,,,,,,,,,Retained,,424
2025,611,1,710,37833,ILONA B,8/3/2025 14:37,5,19,710,345701,NSEI,57.063667,-134.717167,57.080833,-134.715333,636.4224,,,,,,,,,,Retained,,425
2025,611,1,710,37833,ILONA B,8/3/2025 14:37,5,19,710,345701,NSEI,57.063667,-134.717167,57.080833,-134.715333,636.4224,,,,,,,,,,Retained,,426
2025,611,1,710,37833,ILONA B,8/3/2025 14:37,5,19,710,345701,NSEI,57.063667,-134.717167,57.080833,-134.715333,636.4224,,,,,,,,,,Retained,,427
2025,611,1,710,37833,ILONA B,8/3/2025 14:37,5,19,710,345701,NSEI,57.063667,-134.717167,57.080833,-134.715333,636.4224,,,,,,,,,,Retained,,428
2025,611,1,710,37833,ILONA B,8/3/2025 14:37,5,19,710,345701,NSEI,57.063667,-134.717167,57.080833,-134.715333,636.4224,,,,,,,,,,Retained,,429
2025,611,1,710,37833,ILONA B,8/3/2025 14:37,5,19,710,345701,NSEI,57.063667,-134.717167,57.080833,-134.715333,636.4224,,,,,,,,,,Retained,,430
2025,611,1,710,37833,ILONA B,8/3/2025 14:37,5,19,710,345701,NSEI,57.063667,-134.717167,57.080833,-134.715333,636.4224,,,,,,,,,,Retained,,431
2025,611,1,710,37833,ILONA B,8/3/2025 14:37,5,19,710,345701,NSEI,57.063667,-134.717167,57.080833,-134.715333,636.4224,,,,,,,,,,Retained,,432
2025,611,1,710,37833,ILONA B,8/3/2025 14:37,5,19,710,345701,NSEI,57.063667,-134.717167,57.080833,-134.715333,636.4224,,,,,,,,,,Retained,,433
2025,611,1,710,37833,ILONA B,8/3/2025 14:37,5,19,710,345701,NSEI,57.063667,-134.717167,57.080833,-134.715333,636.4224,,,,,,,,,,Retained,,434
2025,611,1,710,37833,ILONA B,8/3/2025 14:37,5,19,710,345701,NSEI,57.063667,-134.717167,57.080833,-134.715333,636.4224,,,,,,,,,,Retained,,435
2025,611,1,710,37833,ILONA B,8/3/2025 14:37,5,19,710,345701,NSEI,57.063667,-134.717167,57.080833,-134.715333,636.4224,,,,,,,,,,Retained,,436
2025,611,1,710,37833,ILONA B,8/3/2025 14:37,5,19,710,345701,NSEI,57.063667,-134.717167,57.080833,-134.715333,636.4224,,,,,,,,,,Retained,,437
2025,611,1,710,37833,ILONA B,8/3/2025 14:37,5,19,710,345701,NSEI,57.063667,-134.717167,57.080833,-134.715333,636.4224,,,,,,,,,,Retained,,438
2025,611,1,710,37833,ILONA B,8/3/2025 14:37,5,19,710,345701,NSEI,57.063667,-134.717167,57.080833,-134.715333,636.4224,,,,,,,,,,Retained,,439
2025,611,1,710,37833,ILONA B,8/3/2025 14:37,5,19,710,345701,NSEI,57.063667,-134.717167,57.080833,-134.715333,636.4224,,,,,,,,,,Retained,,440
2025,611,1,710,37833,ILONA B,8/3/2025 14:37,5,19,710,345701,NSEI,57.063667,-134.717167,57.080833,-134.715333,636.4224,,,,,,,,,,Retained,,441
2025,611,1,710,37833,ILONA B,8/3/2025 14:37,5,19,710,345701,NSEI,57.063667,-134.717167,57.080833,-134.715333,636.4224,,,,,,,,,,Retained,,442
2025,611,1,710,37833,ILONA B,8/3/2025 14:37,5,19,710,345701,NSEI,57.063667,-134.717167,57.080833,-134.715333,636.4224,,,,,,,,,,Retained,,443
2025,611,1,710,37833,ILONA B,8/3/2025 14:37,5,19,710,345701,NSEI,57.063667,-134.717167,57.080833,-134.715333,636.4224,,,,,,,,,,Retained,,444
2025,611,1,710,37833,ILONA B,8/3/2025 14:37,5,19,710,345701,NSEI,57.063667,-134.717167,57.080833,-134.715333,636.4224,,,,,,,,,,Retained,,445
2025,611,1,710,37833,ILONA B,8/3/2025 14:37,5,19,710,345701,NSEI,57.063667,-134.717167,57.080833,-134.715333,636.4224,,,,,,,,,,Retained,,446
2025,611,1,710,37833,ILONA B,8/3/2025 14:37,5,19,710,345701,NSEI,57.063667,-134.717167,57.080833,-134.715333,636.4224,,,,,,,,,,Retained,,447
2025,611,1,710,37833,ILONA B,8/3/2025 14:37,5,19,710,345701,NSEI,57.063667,-134.717167,57.080833,-134.715333,636.4224,,,,,,,,,,Retained,,448
2025,611,1,710,37833,ILONA B,8/3/2025 14:37,5,19,710,345701,NSEI,57.063667,-134.717167,57.080833,-134.715333,636.4224,,,,,,,,,,Retained,,449
2025,611,1,710,37833,ILONA B,8/3/2025 14:37,5,19,710,345701,NSEI,57.063667,-134.717167,57.080833,-134.715333,636.4224,,,,,,,,,,Retained,,450
2025,611,1,710,37833,ILONA B,8/3/2025 14:37,5,19,710,345701,NSEI,57.063667,-134.717167,57.080833,-134.715333,636.4224,,,,,,,,,,Retained,,451
2025,611,1,710,37833,ILONA B,8/3/2025 14:37,5,19,710,345701,NSEI,57.063667,-134.717167,57.080833,-134.715333,636.4224,,,,,,,,,,Retained,,452
2025,611,1,710,37833,ILONA B,8/3/2025 14:37,5,19,710,345701,NSEI,57.063667,-134.717167,57.080833,-134.715333,636.4224,,,,,,,,,,Retained,,453
2025,611,1,710,37833,ILONA B,8/3/2025 14:37,5,19,710,345701,NSEI,57.063667,-134.717167,57.080833,-134.715333,636.4224,,,,,,,,,,Retained,,454
2025,611,1,710,37833,ILONA B,8/3/2025 14:37,5,19,710,345701,NSEI,57.063667,-134.717167,57.080833,-134.715333,636.4224,,,,,,,,,,Retained,,455
2025,611,1,710,37833,ILONA B,8/3/2025 14:37,5,19,710,345701,NSEI,57.063667,-134.717167,57.080833,-134.715333,636.4224,,,,,,,,,,Retained,,456
2025,611,1,710,37833,ILONA B,8/3/2025 14:37,5,19,710,345701,NSEI,57.063667,-134.717167,57.080833,-134.715333,636.4224,,,,,,,,,,Retained,,457
2025,611,1,710,37833,ILONA B,8/3/2025 14:37,5,19,710,345701,NSEI,57.063667,-134.717167,57.080833,-134.715333,636.4224,,,,,,,,,,Retained,,458
2025,611,1,710,37833,ILONA B,8/3/2025 14:37,5,19,710,345701,NSEI,57.063667,-134.717167,57.080833,-134.715333,636.4224,,,,,,,,,,Retained,,459
2025,611,1,710,37833,ILONA B,8/3/2025 14:37,5,19,710,345701,NSEI,57.063667,-134.717167,57.080833,-134.715333,636.4224,,,,,,,,,,Retained,,460
2025,611,1,710,37833,ILONA B,8/3/2025 14:37,5,19,710,345701,NSEI,57.063667,-134.717167,57.080833,-134.715333,636.4224,,,,,,,,,,Retained,,461
2025,611,1,710,37833,ILONA B,8/3/2025 17:30,6,21,710,345701,NSEI,57.114667,-134.7235,57.1315,-134.724333,636.4224,45,,,,,00,09,,,Retained,,73
2025,611,1,710,37833,ILONA B,8/3/2025 17:30,6,21,710,345701,NSEI,57.114667,-134.7235,57.1315,-134.724333,636.4224,46,,,,,00,09,,,Retained,,53
2025,611,1,710,37833,ILONA B,8/3/2025 17:30,6,21,710,345701,NSEI,57.114667,-134.7235,57.1315,-134.724333,636.4224,47,,,,,00,09,,,Retained,,2
2025,611,1,710,37833,ILONA B,8/3/2025 17:30,6,21,710,345701,NSEI,57.114667,-134.7235,57.1315,-134.724333,636.4224,48,,,,,00,09,,,Retained,,43
2025,611,1,710,37833,ILONA B,8/3/2025 17:30,6,21,710,345701,NSEI,57.114667,-134.7235,57.1315,-134.724333,636.4224,48,,,,,00,09,,,Retained,,48
2025,611,1,710,37833,ILONA B,8/3/2025 17:30,6,21,710,345701,NSEI,57.114667,-134.7235,57.1315,-134.724333,636.4224,49,,,,,00,09,,,Retained,,25
2025,611,1,710,37833,ILONA B,8/3/2025 17:30,6,21,710,345701,NSEI,57.114667,-134.7235,57.1315,-134.724333,636.4224,50,,,,,00,09,,,Retained,,9
2025,611,1,710,37833,ILONA B,8/3/2025 17:30,6,21,710,345701,NSEI,57.114667,-134.7235,57.1315,-134.724333,636.4224,50,,,,,00,09,,,Retained,,82
2025,611,1,710,37833,ILONA B,8/3/2025 17:30,6,21,710,345701,NSEI,57.114667,-134.7235,57.1315,-134.724333,636.4224,51,1.2,7,,02,01,01,,,Retained,,76
2025,611,1,710,37833,ILONA B,8/3/2025 17:30,6,21,710,345701,NSEI,57.114667,-134.7235,57.1315,-134.724333,636.4224,51,,,,,00,09,,,Retained,,20
2025,611,1,710,37833,ILONA B,8/3/2025 17:30,6,21,710,345701,NSEI,57.114667,-134.7235,57.1315,-134.724333,636.4224,51,,,,,00,09,,,Retained,,28
2025,611,1,710,37833,ILONA B,8/3/2025 17:30,6,21,710,345701,NSEI,57.114667,-134.7235,57.1315,-134.724333,636.4224,51,,,,,00,09,,,Retained,,93
2025,611,1,710,37833,ILONA B,8/3/2025 17:30,6,21,710,345701,NSEI,57.114667,-134.7235,57.1315,-134.724333,636.4224,51,,,,,00,09,,,Retained,,137
2025,611,1,710,37833,ILONA B,8/3/2025 17:30,6,21,710,345701,NSEI,57.114667,-134.7235,57.1315,-134.724333,636.4224,52,,,,,00,09,,,Retained,,94
2025,611,1,710,37833,ILONA B,8/3/2025 17:30,6,21,710,345701,NSEI,57.114667,-134.7235,57.1315,-134.724333,636.4224,53,1.5,6,,02,01,01,,,Retained,,11
2025,611,1,710,37833,ILONA B,8/3/2025 17:30,6,21,710,345701,NSEI,57.114667,-134.7235,57.1315,-134.724333,636.4224,53,,,,,00,09,,,Retained,,59
2025,611,1,710,37833,ILONA B,8/3/2025 17:30,6,21,710,345701,NSEI,57.114667,-134.7235,57.1315,-134.724333,636.4224,53,,,,,00,09,,,Retained,,62
2025,611,1,710,37833,ILONA B,8/3/2025 17:30,6,21,710,345701,NSEI,57.114667,-134.7235,57.1315,-134.724333,636.4224,53,,,,,00,09,,,Retained,,65
2025,611,1,710,37833,ILONA B,8/3/2025 17:30,6,21,710,345701,NSEI,57.114667,-134.7235,57.1315,-134.724333,636.4224,53,,,,,00,09,,,Retained,,97
2025,611,1,710,37833,ILONA B,8/3/2025 17:30,6,21,710,345701,NSEI,57.114667,-134.7235,57.1315,-134.724333,636.4224,53,,,,,00,09,,,Retained,,133
2025,611,1,710,37833,ILONA B,8/3/2025 17:30,6,21,710,345701,NSEI,57.114667,-134.7235,57.1315,-134.724333,636.4224,54,,,,,00,09,,,Retained,,13
2025,611,1,710,37833,ILONA B,8/3/2025 17:30,6,21,710,345701,NSEI,57.114667,-134.7235,57.1315,-134.724333,636.4224,54,,,,,00,09,,,Retained,,44
2025,611,1,710,37833,ILONA B,8/3/2025 17:30,6,21,710,345701,NSEI,57.114667,-134.7235,57.1315,-134.724333,636.4224,54,,,,,00,09,,,Retained,,122
2025,611,1,710,37833,ILONA B,8/3/2025 17:30,6,21,710,345701,NSEI,57.114667,-134.7235,57.1315,-134.724333,636.4224,55,,,,,00,09,,,Retained,,32
2025,611,1,710,37833,ILONA B,8/3/2025 17:30,6,21,710,345701,NSEI,57.114667,-134.7235,57.1315,-134.724333,636.4224,55,,,,,00,09,,,Retained,,49
2025,611,1,710,37833,ILONA B,8/3/2025 17:30,6,21,710,345701,NSEI,57.114667,-134.7235,57.1315,-134.724333,636.4224,55,,,,,00,09,,,Retained,,57
2025,611,1,710,37833,ILONA B,8/3/2025 17:30,6,21,710,345701,NSEI,57.114667,-134.7235,57.1315,-134.724333,636.4224,55,,,,,00,09,,,Retained,,87
2025,611,1,710,37833,ILONA B,8/3/2025 17:30,6,21,710,345701,NSEI,57.114667,-134.7235,57.1315,-134.724333,636.4224,55,,,,,00,09,,,Retained,,98
2025,611,1,710,37833,ILONA B,8/3/2025 17:30,6,21,710,345701,NSEI,57.114667,-134.7235,57.1315,-134.724333,636.4224,55,,,,,00,09,,,Retained,,99
2025,611,1,710,37833,ILONA B,8/3/2025 17:30,6,21,710,345701,NSEI,57.114667,-134.7235,57.1315,-134.724333,636.4224,55,,,,,00,09,,,Retained,,126
2025,611,1,710,37833,ILONA B,8/3/2025 17:30,6,21,710,345701,NSEI,57.114667,-134.7235,57.1315,-134.724333,636.4224,55,,,,,00,09,,,Retained,,131
2025,611,1,710,37833,ILONA B,8/3/2025 17:30,6,21,710,345701,NSEI,57.114667,-134.7235,57.1315,-134.724333,636.4224,56,1.7,5,,03,01,07,,,Retained,,135
2025,611,1,710,37833,ILONA B,8/3/2025 17:30,6,21,710,345701,NSEI,57.114667,-134.7235,57.1315,-134.724333,636.4224,56,,,,,00,09,,,Retained,,33
2025,611,1,710,37833,ILONA B,8/3/2025 17:30,6,21,710,345701,NSEI,57.114667,-134.7235,57.1315,-134.724333,636.4224,56,,,,,00,09,,,Retained,,39
2025,611,1,710,37833,ILONA B,8/3/2025 17:30,6,21,710,345701,NSEI,57.114667,-134.7235,57.1315,-134.724333,636.4224,56,,,,,00,09,,,Retained,,83
2025,611,1,710,37833,ILONA B,8/3/2025 17:30,6,21,710,345701,NSEI,57.114667,-134.7235,57.1315,-134.724333,636.4224,56,,,,,00,09,,,Retained,,123
2025,611,1,710,37833,ILONA B,8/3/2025 17:30,6,21,710,345701,NSEI,57.114667,-134.7235,57.1315,-134.724333,636.4224,56,,,,,00,09,,,Retained,,143
2025,611,1,710,37833,ILONA B,8/3/2025 17:30,6,21,710,345701,NSEI,57.114667,-134.7235,57.1315,-134.724333,636.4224,57,1.8,3,,01,01,01,,,Retained,,16
2025,611,1,710,37833,ILONA B,8/3/2025 17:30,6,21,710,345701,NSEI,57.114667,-134.7235,57.1315,-134.724333,636.4224,57,1.8,9,,03,01,07,,,Retained,,120
2025,611,1,710,37833,ILONA B,8/3/2025 17:30,6,21,710,345701,NSEI,57.114667,-134.7235,57.1315,-134.724333,636.4224,57,1.9,7,,02,02,01,,,Retained,,46
2025,611,1,710,37833,ILONA B,8/3/2025 17:30,6,21,710,345701,NSEI,57.114667,-134.7235,57.1315,-134.724333,636.4224,57,,,,,00,09,,,Retained,,22
2025,611,1,710,37833,ILONA B,8/3/2025 17:30,6,21,710,345701,NSEI,57.114667,-134.7235,57.1315,-134.724333,636.4224,57,,,,,00,09,,,Retained,,34
2025,611,1,710,37833,ILONA B,8/3/2025 17:30,6,21,710,345701,NSEI,57.114667,-134.7235,57.1315,-134.724333,636.4224,57,,,,,00,09,,,Retained,,68
2025,611,1,710,37833,ILONA B,8/3/2025 17:30,6,21,710,345701,NSEI,57.114667,-134.7235,57.1315,-134.724333,636.4224,57,,,,,00,09,,,Retained,,74
2025,611,1,710,37833,ILONA B,8/3/2025 17:30,6,21,710,345701,NSEI,57.114667,-134.7235,57.1315,-134.724333,636.4224,57,,,,,00,09,,,Retained,,85
2025,611,1,710,37833,ILONA B,8/3/2025 17:30,6,21,710,345701,NSEI,57.114667,-134.7235,57.1315,-134.724333,636.4224,57,,,,,00,09,,,Retained,,92
2025,611,1,710,37833,ILONA B,8/3/2025 17:30,6,21,710,345701,NSEI,57.114667,-134.7235,57.1315,-134.724333,636.4224,57,,,,,00,09,,,Retained,,96
2025,611,1,710,37833,ILONA B,8/3/2025 17:30,6,21,710,345701,NSEI,57.114667,-134.7235,57.1315,-134.724333,636.4224,57,,,,,00,09,,,Retained,,142
2025,611,1,710,37833,ILONA B,8/3/2025 17:30,6,21,710,345701,NSEI,57.114667,-134.7235,57.1315,-134.724333,636.4224,57,,,,,00,09,,,Retained,,144
2025,611,1,710,37833,ILONA B,8/3/2025 17:30,6,21,710,345701,NSEI,57.114667,-134.7235,57.1315,-134.724333,636.4224,58,2,6,,02,02,01,,,Retained,,66
2025,611,1,710,37833,ILONA B,8/3/2025 17:30,6,21,710,345701,NSEI,57.114667,-134.7235,57.1315,-134.724333,636.4224,58,,,,,00,09,,,Retained,,8
2025,611,1,710,37833,ILONA B,8/3/2025 17:30,6,21,710,345701,NSEI,57.114667,-134.7235,57.1315,-134.724333,636.4224,58,,,,,00,09,,,Retained,,10
2025,611,1,710,37833,ILONA B,8/3/2025 17:30,6,21,710,345701,NSEI,57.114667,-134.7235,57.1315,-134.724333,636.4224,58,,,,,00,09,,,Retained,,18
2025,611,1,710,37833,ILONA B,8/3/2025 17:30,6,21,710,345701,NSEI,57.114667,-134.7235,57.1315,-134.724333,636.4224,58,,,,,00,09,,,Retained,,40
2025,611,1,710,37833,ILONA B,8/3/2025 17:30,6,21,710,345701,NSEI,57.114667,-134.7235,57.1315,-134.724333,636.4224,58,,,,,00,09,,,Retained,,58
2025,611,1,710,37833,ILONA B,8/3/2025 17:30,6,21,710,345701,NSEI,57.114667,-134.7235,57.1315,-134.724333,636.4224,58,,,,,00,09,,,Retained,,89
2025,611,1,710,37833,ILONA B,8/3/2025 17:30,6,21,710,345701,NSEI,57.114667,-134.7235,57.1315,-134.724333,636.4224,58,,,,,00,09,,,Retained,,90
2025,611,1,710,37833,ILONA B,8/3/2025 17:30,6,21,710,345701,NSEI,57.114667,-134.7235,57.1315,-134.724333,636.4224,58,,,,,00,09,,,Retained,,139
2025,611,1,710,37833,ILONA B,8/3/2025 17:30,6,21,710,345701,NSEI,57.114667,-134.7235,57.1315,-134.724333,636.4224,59,2,7,,02,01,07,,,Retained,,1
2025,611,1,710,37833,ILONA B,8/3/2025 17:30,6,21,710,345701,NSEI,57.114667,-134.7235,57.1315,-134.724333,636.4224,59,2.2,5,,02,01,07,,,Retained,,41
2025,611,1,710,37833,ILONA B,8/3/2025 17:30,6,21,710,345701,NSEI,57.114667,-134.7235,57.1315,-134.724333,636.4224,59,2.2,5,,02,01,07,,,Retained,,61
2025,611,1,710,37833,ILONA B,8/3/2025 17:30,6,21,710,345701,NSEI,57.114667,-134.7235,57.1315,-134.724333,636.4224,59,,,,,00,09,,,Retained,,47
2025,611,1,710,37833,ILONA B,8/3/2025 17:30,6,21,710,345701,NSEI,57.114667,-134.7235,57.1315,-134.724333,636.4224,59,,,,,00,09,,,Retained,,52
2025,611,1,710,37833,ILONA B,8/3/2025 17:30,6,21,710,345701,NSEI,57.114667,-134.7235,57.1315,-134.724333,636.4224,59,,,,,00,09,,,Retained,,106
2025,611,1,710,37833,ILONA B,8/3/2025 17:30,6,21,710,345701,NSEI,57.114667,-134.7235,57.1315,-134.724333,636.4224,59,,,,,00,09,,,Retained,,109
2025,611,1,710,37833,ILONA B,8/3/2025 17:30,6,21,710,345701,NSEI,57.114667,-134.7235,57.1315,-134.724333,636.4224,59,,,,,00,09,,,Retained,,113
2025,611,1,710,37833,ILONA B,8/3/2025 17:30,6,21,710,345701,NSEI,57.114667,-134.7235,57.1315,-134.724333,636.4224,59,,,,,00,09,,,Retained,,116
2025,611,1,710,37833,ILONA B,8/3/2025 17:30,6,21,710,345701,NSEI,57.114667,-134.7235,57.1315,-134.724333,636.4224,60,2.3,7,,01,02,07,,,Retained,,6
2025,611,1,710,37833,ILONA B,8/3/2025 17:30,6,21,710,345701,NSEI,57.114667,-134.7235,57.1315,-134.724333,636.4224,60,,,,,00,09,,,Retained,,3
2025,611,1,710,37833,ILONA B,8/3/2025 17:30,6,21,710,345701,NSEI,57.114667,-134.7235,57.1315,-134.724333,636.4224,60,,,,,00,09,,,Retained,,4
2025,611,1,710,37833,ILONA B,8/3/2025 17:30,6,21,710,345701,NSEI,57.114667,-134.7235,57.1315,-134.724333,636.4224,60,,,,,00,09,,,Retained,,15
2025,611,1,710,37833,ILONA B,8/3/2025 17:30,6,21,710,345701,NSEI,57.114667,-134.7235,57.1315,-134.724333,636.4224,60,,,,,00,09,,,Retained,,27
2025,611,1,710,37833,ILONA B,8/3/2025 17:30,6,21,710,345701,NSEI,57.114667,-134.7235,57.1315,-134.724333,636.4224,60,,,,,00,09,,,Retained,,29
2025,611,1,710,37833,ILONA B,8/3/2025 17:30,6,21,710,345701,NSEI,57.114667,-134.7235,57.1315,-134.724333,636.4224,60,,,,,00,09,,,Retained,,50
2025,611,1,710,37833,ILONA B,8/3/2025 17:30,6,21,710,345701,NSEI,57.114667,-134.7235,57.1315,-134.724333,636.4224,60,,,,,00,09,,,Retained,,72
2025,611,1,710,37833,ILONA B,8/3/2025 17:30,6,21,710,345701,NSEI,57.114667,-134.7235,57.1315,-134.724333,636.4224,60,,,,,00,09,,,Retained,,77
2025,611,1,710,37833,ILONA B,8/3/2025 17:30,6,21,710,345701,NSEI,57.114667,-134.7235,57.1315,-134.724333,636.4224,60,,,,,00,09,,,Retained,,78
2025,611,1,710,37833,ILONA B,8/3/2025 17:30,6,21,710,345701,NSEI,57.114667,-134.7235,57.1315,-134.724333,636.4224,60,,,,,00,09,,,Retained,,102
2025,611,1,710,37833,ILONA B,8/3/2025 17:30,6,21,710,345701,NSEI,57.114667,-134.7235,57.1315,-134.724333,636.4224,60,,,,,00,09,,,Retained,,119
2025,611,1,710,37833,ILONA B,8/3/2025 17:30,6,21,710,345701,NSEI,57.114667,-134.7235,57.1315,-134.724333,636.4224,60,,,,,00,09,,,Retained,,127
2025,611,1,710,37833,ILONA B,8/3/2025 17:30,6,21,710,345701,NSEI,57.114667,-134.7235,57.1315,-134.724333,636.4224,60,,,,,00,09,,,Retained,,129
2025,611,1,710,37833,ILONA B,8/3/2025 17:30,6,21,710,345701,NSEI,57.114667,-134.7235,57.1315,-134.724333,636.4224,61,2,6,,02,01,07,,,Retained,,26
2025,611,1,710,37833,ILONA B,8/3/2025 17:30,6,21,710,345701,NSEI,57.114667,-134.7235,57.1315,-134.724333,636.4224,61,2.1,6,,03,02,07,,,Retained,,31
2025,611,1,710,37833,ILONA B,8/3/2025 17:30,6,21,710,345701,NSEI,57.114667,-134.7235,57.1315,-134.724333,636.4224,61,2.2,6,,02,02,01,,,Retained,,36
2025,611,1,710,37833,ILONA B,8/3/2025 17:30,6,21,710,345701,NSEI,57.114667,-134.7235,57.1315,-134.724333,636.4224,61,2.5,5,,02,01,07,,,Retained,,105
2025,611,1,710,37833,ILONA B,8/3/2025 17:30,6,21,710,345701,NSEI,57.114667,-134.7235,57.1315,-134.724333,636.4224,61,,,,,00,09,,,Retained,,12
2025,611,1,710,37833,ILONA B,8/3/2025 17:30,6,21,710,345701,NSEI,57.114667,-134.7235,57.1315,-134.724333,636.4224,61,,,,,00,09,,,Retained,,14
2025,611,1,710,37833,ILONA B,8/3/2025 17:30,6,21,710,345701,NSEI,57.114667,-134.7235,57.1315,-134.724333,636.4224,61,,,,,00,09,,,Retained,,69
2025,611,1,710,37833,ILONA B,8/3/2025 17:30,6,21,710,345701,NSEI,57.114667,-134.7235,57.1315,-134.724333,636.4224,61,,,,,00,09,,,Retained,,88
2025,611,1,710,37833,ILONA B,8/3/2025 17:30,6,21,710,345701,NSEI,57.114667,-134.7235,57.1315,-134.724333,636.4224,61,,,,,00,09,,,Retained,,101
2025,611,1,710,37833,ILONA B,8/3/2025 17:30,6,21,710,345701,NSEI,57.114667,-134.7235,57.1315,-134.724333,636.4224,61,,,,,00,09,,,Retained,,132
2025,611,1,710,37833,ILONA B,8/3/2025 17:30,6,21,710,345701,NSEI,57.114667,-134.7235,57.1315,-134.724333,636.4224,62,2.3,7,,02,02,07,,,Retained,,145
2025,611,1,710,37833,ILONA B,8/3/2025 17:30,6,21,710,345701,NSEI,57.114667,-134.7235,57.1315,-134.724333,636.4224,62,2.8,6,,02,02,07,,,Retained,,21
2025,611,1,710,37833,ILONA B,8/3/2025 17:30,6,21,710,345701,NSEI,57.114667,-134.7235,57.1315,-134.724333,636.4224,62,,,,,00,09,,,Retained,,5
2025,611,1,710,37833,ILONA B,8/3/2025 17:30,6,21,710,345701,NSEI,57.114667,-134.7235,57.1315,-134.724333,636.4224,62,,,,,00,09,,,Retained,,7
2025,611,1,710,37833,ILONA B,8/3/2025 17:30,6,21,710,345701,NSEI,57.114667,-134.7235,57.1315,-134.724333,636.4224,62,,,,,00,09,,,Retained,,37
2025,611,1,710,37833,ILONA B,8/3/2025 17:30,6,21,710,345701,NSEI,57.114667,-134.7235,57.1315,-134.724333,636.4224,62,,,,,00,09,,,Retained,,64
2025,611,1,710,37833,ILONA B,8/3/2025 17:30,6,21,710,345701,NSEI,57.114667,-134.7235,57.1315,-134.724333,636.4224,62,,,,,00,09,,,Retained,,70
2025,611,1,710,37833,ILONA B,8/3/2025 17:30,6,21,710,345701,NSEI,57.114667,-134.7235,57.1315,-134.724333,636.4224,62,,,,,00,09,,,Retained,,75
2025,611,1,710,37833,ILONA B,8/3/2025 17:30,6,21,710,345701,NSEI,57.114667,-134.7235,57.1315,-134.724333,636.4224,62,,,,,00,09,,,Retained,,79
2025,611,1,710,37833,ILONA B,8/3/2025 17:30,6,21,710,345701,NSEI,57.114667,-134.7235,57.1315,-134.724333,636.4224,62,,,,,00,09,,,Retained,,80
2025,611,1,710,37833,ILONA B,8/3/2025 17:30,6,21,710,345701,NSEI,57.114667,-134.7235,57.1315,-134.724333,636.4224,62,,,,,00,09,,,Retained,,112
2025,611,1,710,37833,ILONA B,8/3/2025 17:30,6,21,710,345701,NSEI,57.114667,-134.7235,57.1315,-134.724333,636.4224,62,,,,,00,09,,,Retained,,121
2025,611,1,710,37833,ILONA B,8/3/2025 17:30,6,21,710,345701,NSEI,57.114667,-134.7235,57.1315,-134.724333,636.4224,62,,,,,00,09,,,Retained,,128
2025,611,1,710,37833,ILONA B,8/3/2025 17:30,6,21,710,345701,NSEI,57.114667,-134.7235,57.1315,-134.724333,636.4224,63,2.6,6,,02,02,07,,,Retained,,51
2025,611,1,710,37833,ILONA B,8/3/2025 17:30,6,21,710,345701,NSEI,57.114667,-134.7235,57.1315,-134.724333,636.4224,63,2.6,7,,02,02,07,,,Retained,,110
2025,611,1,710,37833,ILONA B,8/3/2025 17:30,6,21,710,345701,NSEI,57.114667,-134.7235,57.1315,-134.724333,636.4224,63,2.7,5,,03,02,07,,,Retained,,81
2025,611,1,710,37833,ILONA B,8/3/2025 17:30,6,21,710,345701,NSEI,57.114667,-134.7235,57.1315,-134.724333,636.4224,63,2.8,6,,02,02,07,,,Retained,,86
2025,611,1,710,37833,ILONA B,8/3/2025 17:30,6,21,710,345701,NSEI,57.114667,-134.7235,57.1315,-134.724333,636.4224,63,2.9,6,,02,02,07,,,Retained,,95
2025,611,1,710,37833,ILONA B,8/3/2025 17:30,6,21,710,345701,NSEI,57.114667,-134.7235,57.1315,-134.724333,636.4224,63,,,,,00,09,,,Retained,,42
2025,611,1,710,37833,ILONA B,8/3/2025 17:30,6,21,710,345701,NSEI,57.114667,-134.7235,57.1315,-134.724333,636.4224,63,,,,,00,09,,,Retained,,45
2025,611,1,710,37833,ILONA B,8/3/2025 17:30,6,21,710,345701,NSEI,57.114667,-134.7235,57.1315,-134.724333,636.4224,63,,,,,00,09,,,Retained,,54
2025,611,1,710,37833,ILONA B,8/3/2025 17:30,6,21,710,345701,NSEI,57.114667,-134.7235,57.1315,-134.724333,636.4224,63,,,,,00,09,,,Retained,,55
2025,611,1,710,37833,ILONA B,8/3/2025 17:30,6,21,710,345701,NSEI,57.114667,-134.7235,57.1315,-134.724333,636.4224,63,,,,,00,09,,,Retained,,63
2025,611,1,710,37833,ILONA B,8/3/2025 17:30,6,21,710,345701,NSEI,57.114667,-134.7235,57.1315,-134.724333,636.4224,63,,,,,00,09,,,Retained,,107
2025,611,1,710,37833,ILONA B,8/3/2025 17:30,6,21,710,345701,NSEI,57.114667,-134.7235,57.1315,-134.724333,636.4224,63,,,,,00,09,,,Retained,,117
2025,611,1,710,37833,ILONA B,8/3/2025 17:30,6,21,710,345701,NSEI,57.114667,-134.7235,57.1315,-134.724333,636.4224,63,,,,,00,09,,,Retained,,118
2025,611,1,710,37833,ILONA B,8/3/2025 17:30,6,21,710,345701,NSEI,57.114667,-134.7235,57.1315,-134.724333,636.4224,64,,,,,00,09,,,Retained,,17
2025,611,1,710,37833,ILONA B,8/3/2025 17:30,6,21,710,345701,NSEI,57.114667,-134.7235,57.1315,-134.724333,636.4224,64,,,,,00,09,,,Retained,,103
2025,611,1,710,37833,ILONA B,8/3/2025 17:30,6,21,710,345701,NSEI,57.114667,-134.7235,57.1315,-134.724333,636.4224,64,,,,,00,09,,,Retained,,108
2025,611,1,710,37833,ILONA B,8/3/2025 17:30,6,21,710,345701,NSEI,57.114667,-134.7235,57.1315,-134.724333,636.4224,65,,,,,00,09,,,Retained,,24
2025,611,1,710,37833,ILONA B,8/3/2025 17:30,6,21,710,345701,NSEI,57.114667,-134.7235,57.1315,-134.724333,636.4224,65,,,,,00,09,,,Retained,,30
2025,611,1,710,37833,ILONA B,8/3/2025 17:30,6,21,710,345701,NSEI,57.114667,-134.7235,57.1315,-134.724333,636.4224,65,,,,,00,09,,,Retained,,60
2025,611,1,710,37833,ILONA B,8/3/2025 17:30,6,21,710,345701,NSEI,57.114667,-134.7235,57.1315,-134.724333,636.4224,65,,,,,00,09,,,Retained,,67
2025,611,1,710,37833,ILONA B,8/3/2025 17:30,6,21,710,345701,NSEI,57.114667,-134.7235,57.1315,-134.724333,636.4224,65,,,,,00,09,,,Retained,,114
2025,611,1,710,37833,ILONA B,8/3/2025 17:30,6,21,710,345701,NSEI,57.114667,-134.7235,57.1315,-134.724333,636.4224,65,,,,,00,09,,,Retained,,124
2025,611,1,710,37833,ILONA B,8/3/2025 17:30,6,21,710,345701,NSEI,57.114667,-134.7235,57.1315,-134.724333,636.4224,65,,,,,00,09,,,Retained,,136
2025,611,1,710,37833,ILONA B,8/3/2025 17:30,6,21,710,345701,NSEI,57.114667,-134.7235,57.1315,-134.724333,636.4224,66,3.2,6,,02,02,07,,,Retained,,91
2025,611,1,710,37833,ILONA B,8/3/2025 17:30,6,21,710,345701,NSEI,57.114667,-134.7235,57.1315,-134.724333,636.4224,66,3.2,8,,03,02,07,,,Retained,,115
2025,611,1,710,37833,ILONA B,8/3/2025 17:30,6,21,710,345701,NSEI,57.114667,-134.7235,57.1315,-134.724333,636.4224,66,,,,,00,09,,,Retained,,35
2025,611,1,710,37833,ILONA B,8/3/2025 17:30,6,21,710,345701,NSEI,57.114667,-134.7235,57.1315,-134.724333,636.4224,66,,,,,00,09,,,Retained,,111
2025,611,1,710,37833,ILONA B,8/3/2025 17:30,6,21,710,345701,NSEI,57.114667,-134.7235,57.1315,-134.724333,636.4224,66,,,,,00,09,,,Retained,,148
2025,611,1,710,37833,ILONA B,8/3/2025 17:30,6,21,710,345701,NSEI,57.114667,-134.7235,57.1315,-134.724333,636.4224,67,3.7,5,,02,02,07,,,Retained,,125
2025,611,1,710,37833,ILONA B,8/3/2025 17:30,6,21,710,345701,NSEI,57.114667,-134.7235,57.1315,-134.724333,636.4224,67,,,,,00,09,,,Retained,,19
2025,611,1,710,37833,ILONA B,8/3/2025 17:30,6,21,710,345701,NSEI,57.114667,-134.7235,57.1315,-134.724333,636.4224,67,,,,,00,09,,,Retained,,23
2025,611,1,710,37833,ILONA B,8/3/2025 17:30,6,21,710,345701,NSEI,57.114667,-134.7235,57.1315,-134.724333,636.4224,67,,,,,00,09,,,Retained,,84
2025,611,1,710,37833,ILONA B,8/3/2025 17:30,6,21,710,345701,NSEI,57.114667,-134.7235,57.1315,-134.724333,636.4224,67,,,,,00,09,,,Retained,,141
2025,611,1,710,37833,ILONA B,8/3/2025 17:30,6,21,710,345701,NSEI,57.114667,-134.7235,57.1315,-134.724333,636.4224,67,,,,,00,09,,,Retained,,146
2025,611,1,710,37833,ILONA B,8/3/2025 17:30,6,21,710,345701,NSEI,57.114667,-134.7235,57.1315,-134.724333,636.4224,68,3.1,9,,04,02,07,,,Retained,,56
2025,611,1,710,37833,ILONA B,8/3/2025 17:30,6,21,710,345701,NSEI,57.114667,-134.7235,57.1315,-134.724333,636.4224,68,3.3,7,,02,02,07,,,Retained,,140
2025,611,1,710,37833,ILONA B,8/3/2025 17:30,6,21,710,345701,NSEI,57.114667,-134.7235,57.1315,-134.724333,636.4224,69,,,,,00,09,,,Retained,,147
2025,611,1,710,37833,ILONA B,8/3/2025 17:30,6,21,710,345701,NSEI,57.114667,-134.7235,57.1315,-134.724333,636.4224,70,3.2,4,,02,02,07,,,Retained,,130
2025,611,1,710,37833,ILONA B,8/3/2025 17:30,6,21,710,345701,NSEI,57.114667,-134.7235,57.1315,-134.724333,636.4224,70,3.5,6,,01,02,07,,,Retained,,100
2025,611,1,710,37833,ILONA B,8/3/2025 17:30,6,21,710,345701,NSEI,57.114667,-134.7235,57.1315,-134.724333,636.4224,70,3.5,8,,03,02,07,,,Retained,,71
2025,611,1,710,37833,ILONA B,8/3/2025 17:30,6,21,710,345701,NSEI,57.114667,-134.7235,57.1315,-134.724333,636.4224,70,,,,,00,09,,,Retained,,38
2025,611,1,710,37833,ILONA B,8/3/2025 17:30,6,21,710,345701,NSEI,57.114667,-134.7235,57.1315,-134.724333,636.4224,70,,,,,00,09,,,Retained,,149
2025,611,1,710,37833,ILONA B,8/3/2025 17:30,6,21,710,345701,NSEI,57.114667,-134.7235,57.1315,-134.724333,636.4224,75,,,,,00,09,,,Retained,,134
2025,611,1,710,37833,ILONA B,8/3/2025 17:30,6,21,710,345701,NSEI,57.114667,-134.7235,57.1315,-134.724333,636.4224,76,,,,,00,09,,,Retained,,104
2025,611,1,710,37833,ILONA B,8/3/2025 17:30,6,21,710,345701,NSEI,57.114667,-134.7235,57.1315,-134.724333,636.4224,76,,,,,00,09,,,Retained,,138
2025,611,1,710,37833,ILONA B,8/3/2025 17:30,6,21,710,345701,NSEI,57.114667,-134.7235,57.1315,-134.724333,636.4224,,,,,,,,,,Retained,,150
2025,611,1,710,37833,ILONA B,8/3/2025 17:30,6,21,710,345701,NSEI,57.114667,-134.7235,57.1315,-134.724333,636.4224,,,,,,,,,,Retained,,151
2025,611,1,710,37833,ILONA B,8/3/2025 17:30,6,21,710,345701,NSEI,57.114667,-134.7235,57.1315,-134.724333,636.4224,,,,,,,,,,Retained,,152
2025,611,1,710,37833,ILONA B,8/3/2025 17:30,6,21,710,345701,NSEI,57.114667,-134.7235,57.1315,-134.724333,636.4224,,,,,,,,,,Retained,,153
2025,611,1,710,37833,ILONA B,8/3/2025 17:30,6,21,710,345701,NSEI,57.114667,-134.7235,57.1315,-134.724333,636.4224,,,,,,,,,,Retained,,154
2025,611,1,710,37833,ILONA B,8/3/2025 17:30,6,21,710,345701,NSEI,57.114667,-134.7235,57.1315,-134.724333,636.4224,,,,,,,,,,Retained,,155
2025,611,1,710,37833,ILONA B,8/3/2025 17:30,6,21,710,345701,NSEI,57.114667,-134.7235,57.1315,-134.724333,636.4224,,,,,,,,,,Retained,,156
2025,611,1,710,37833,ILONA B,8/3/2025 17:30,6,21,710,345701,NSEI,57.114667,-134.7235,57.1315,-134.724333,636.4224,,,,,,,,,,Retained,,157
2025,611,1,710,37833,ILONA B,8/3/2025 17:30,6,21,710,345701,NSEI,57.114667,-134.7235,57.1315,-134.724333,636.4224,,,,,,,,,,Retained,,158
2025,611,1,710,37833,ILONA B,8/3/2025 17:30,6,21,710,345701,NSEI,57.114667,-134.7235,57.1315,-134.724333,636.4224,,,,,,,,,,Retained,,159
2025,611,1,710,37833,ILONA B,8/3/2025 17:30,6,21,710,345701,NSEI,57.114667,-134.7235,57.1315,-134.724333,636.4224,,,,,,,,,,Retained,,160
2025,611,1,710,37833,ILONA B,8/3/2025 17:30,6,21,710,345701,NSEI,57.114667,-134.7235,57.1315,-134.724333,636.4224,,,,,,,,,,Retained,,161
2025,611,1,710,37833,ILONA B,8/3/2025 17:30,6,21,710,345701,NSEI,57.114667,-134.7235,57.1315,-134.724333,636.4224,,,,,,,,,,Retained,,162
2025,611,1,710,37833,ILONA B,8/3/2025 17:30,6,21,710,345701,NSEI,57.114667,-134.7235,57.1315,-134.724333,636.4224,,,,,,,,,,Retained,,163
2025,611,1,710,37833,ILONA B,8/3/2025 17:30,6,21,710,345701,NSEI,57.114667,-134.7235,57.1315,-134.724333,636.4224,,,,,,,,,,Retained,,164
2025,611,1,710,37833,ILONA B,8/3/2025 17:30,6,21,710,345701,NSEI,57.114667,-134.7235,57.1315,-134.724333,636.4224,,,,,,,,,,Retained,,165
2025,611,1,710,37833,ILONA B,8/3/2025 17:30,6,21,710,345701,NSEI,57.114667,-134.7235,57.1315,-134.724333,636.4224,,,,,,,,,,Retained,,166
2025,611,1,710,37833,ILONA B,8/3/2025 17:30,6,21,710,345701,NSEI,57.114667,-134.7235,57.1315,-134.724333,636.4224,,,,,,,,,,Retained,,167
2025,611,1,710,37833,ILONA B,8/3/2025 17:30,6,21,710,345701,NSEI,57.114667,-134.7235,57.1315,-134.724333,636.4224,,,,,,,,,,Retained,,168
2025,611,1,710,37833,ILONA B,8/3/2025 17:30,6,21,710,345701,NSEI,57.114667,-134.7235,57.1315,-134.724333,636.4224,,,,,,,,,,Retained,,169
2025,611,1,710,37833,ILONA B,8/3/2025 17:30,6,21,710,345701,NSEI,57.114667,-134.7235,57.1315,-134.724333,636.4224,,,,,,,,,,Retained,,170
2025,611,1,710,37833,ILONA B,8/3/2025 17:30,6,21,710,345701,NSEI,57.114667,-134.7235,57.1315,-134.724333,636.4224,,,,,,,,,,Retained,,171
2025,611,1,710,37833,ILONA B,8/3/2025 17:30,6,21,710,345701,NSEI,57.114667,-134.7235,57.1315,-134.724333,636.4224,,,,,,,,,,Retained,,172
2025,611,1,710,37833,ILONA B,8/3/2025 17:30,6,21,710,345701,NSEI,57.114667,-134.7235,57.1315,-134.724333,636.4224,,,,,,,,,,Retained,,173
2025,611,1,710,37833,ILONA B,8/3/2025 17:30,6,21,710,345701,NSEI,57.114667,-134.7235,57.1315,-134.724333,636.4224,,,,,,,,,,Retained,,174
2025,611,1,710,37833,ILONA B,8/3/2025 17:30,6,21,710,345701,NSEI,57.114667,-134.7235,57.1315,-134.724333,636.4224,,,,,,,,,,Retained,,175
2025,611,1,710,37833,ILONA B,8/3/2025 17:30,6,21,710,345701,NSEI,57.114667,-134.7235,57.1315,-134.724333,636.4224,,,,,,,,,,Retained,,176
2025,611,1,710,37833,ILONA B,8/3/2025 17:30,6,21,710,345701,NSEI,57.114667,-134.7235,57.1315,-134.724333,636.4224,,,,,,,,,,Retained,,177
2025,611,1,710,37833,ILONA B,8/3/2025 17:30,6,21,710,345701,NSEI,57.114667,-134.7235,57.1315,-134.724333,636.4224,,,,,,,,,,Retained,,178
2025,611,1,710,37833,ILONA B,8/3/2025 17:30,6,21,710,345701,NSEI,57.114667,-134.7235,57.1315,-134.724333,636.4224,,,,,,,,,,Retained,,179
2025,611,1,710,37833,ILONA B,8/3/2025 17:30,6,21,710,345701,NSEI,57.114667,-134.7235,57.1315,-134.724333,636.4224,,,,,,,,,,Retained,,180
2025,611,1,710,37833,ILONA B,8/3/2025 17:30,6,21,710,345701,NSEI,57.114667,-134.7235,57.1315,-134.724333,636.4224,,,,,,,,,,Retained,,181
2025,611,1,710,37833,ILONA B,8/3/2025 17:30,6,21,710,345701,NSEI,57.114667,-134.7235,57.1315,-134.724333,636.4224,,,,,,,,,,Retained,,182
2025,611,1,710,37833,ILONA B,8/3/2025 17:30,6,21,710,345701,NSEI,57.114667,-134.7235,57.1315,-134.724333,636.4224,,,,,,,,,,Retained,,183
2025,611,1,710,37833,ILONA B,8/3/2025 17:30,6,21,710,345701,NSEI,57.114667,-134.7235,57.1315,-134.724333,636.4224,,,,,,,,,,Retained,,184
2025,611,1,710,37833,ILONA B,8/3/2025 17:30,6,21,710,345701,NSEI,57.114667,-134.7235,57.1315,-134.724333,636.4224,,,,,,,,,,Retained,,185
2025,611,1,710,37833,ILONA B,8/3/2025 17:30,6,21,710,345701,NSEI,57.114667,-134.7235,57.1315,-134.724333,636.4224,,,,,,,,,,Retained,,186
2025,611,1,710,37833,ILONA B,8/3/2025 17:30,6,21,710,345701,NSEI,57.114667,-134.7235,57.1315,-134.724333,636.4224,,,,,,,,,,Retained,,187
2025,611,1,710,37833,ILONA B,8/3/2025 17:30,6,21,710,345701,NSEI,57.114667,-134.7235,57.1315,-134.724333,636.4224,,,,,,,,,,Retained,,188
2025,611,1,710,37833,ILONA B,8/3/2025 17:30,6,21,710,345701,NSEI,57.114667,-134.7235,57.1315,-134.724333,636.4224,,,,,,,,,,Retained,,189
2025,611,1,710,37833,ILONA B,8/3/2025 17:30,6,21,710,345701,NSEI,57.114667,-134.7235,57.1315,-134.724333,636.4224,,,,,,,,,,Retained,,190
2025,611,1,710,37833,ILONA B,8/3/2025 17:30,6,21,710,345701,NSEI,57.114667,-134.7235,57.1315,-134.724333,636.4224,,,,,,,,,,Retained,,191
2025,611,1,710,37833,ILONA B,8/3/2025 17:30,6,21,710,345701,NSEI,57.114667,-134.7235,57.1315,-134.724333,636.4224,,,,,,,,,,Retained,,192
2025,611,1,710,37833,ILONA B,8/3/2025 17:30,6,21,710,345701,NSEI,57.114667,-134.7235,57.1315,-134.724333,636.4224,,,,,,,,,,Retained,,193
2025,611,1,710,37833,ILONA B,8/3/2025 17:30,6,21,710,345701,NSEI,57.114667,-134.7235,57.1315,-134.724333,636.4224,,,,,,,,,,Retained,,194
2025,611,1,710,37833,ILONA B,8/3/2025 17:30,6,21,710,345701,NSEI,57.114667,-134.7235,57.1315,-134.724333,636.4224,,,,,,,,,,Retained,,195
2025,611,1,710,37833,ILONA B,8/3/2025 17:30,6,21,710,345701,NSEI,57.114667,-134.7235,57.1315,-134.724333,636.4224,,,,,,,,,,Retained,,196
2025,611,1,710,37833,ILONA B,8/3/2025 17:30,6,21,710,345701,NSEI,57.114667,-134.7235,57.1315,-134.724333,636.4224,,,,,,,,,,Retained,,197
2025,611,1,710,37833,ILONA B,8/3/2025 17:30,6,21,710,345701,NSEI,57.114667,-134.7235,57.1315,-134.724333,636.4224,,,,,,,,,,Retained,,198
2025,611,1,710,37833,ILONA B,8/3/2025 17:30,6,21,710,345701,NSEI,57.114667,-134.7235,57.1315,-134.724333,636.4224,,,,,,,,,,Retained,,199
2025,611,1,710,37833,ILONA B,8/3/2025 17:30,6,21,710,345701,NSEI,57.114667,-134.7235,57.1315,-134.724333,636.4224,,,,,,,,,,Retained,,200
2025,611,1,710,37833,ILONA B,8/3/2025 17:30,6,21,710,345701,NSEI,57.114667,-134.7235,57.1315,-134.724333,636.4224,,,,,,,,,,Retained,,201
2025,611,1,710,37833,ILONA B,8/3/2025 17:30,6,21,710,345701,NSEI,57.114667,-134.7235,57.1315,-134.724333,636.4224,,,,,,,,,,Retained,,202
2025,611,1,710,37833,ILONA B,8/3/2025 17:30,6,21,710,345701,NSEI,57.114667,-134.7235,57.1315,-134.724333,636.4224,,,,,,,,,,Retained,,203
2025,611,1,710,37833,ILONA B,8/3/2025 17:30,6,21,710,345701,NSEI,57.114667,-134.7235,57.1315,-134.724333,636.4224,,,,,,,,,,Retained,,204
2025,611,1,710,37833,ILONA B,8/3/2025 17:30,6,21,710,345701,NSEI,57.114667,-134.7235,57.1315,-134.724333,636.4224,,,,,,,,,,Retained,,205
2025,611,1,710,37833,ILONA B,8/3/2025 17:30,6,21,710,345701,NSEI,57.114667,-134.7235,57.1315,-134.724333,636.4224,,,,,,,,,,Retained,,206
2025,611,1,710,37833,ILONA B,8/3/2025 17:30,6,21,710,345701,NSEI,57.114667,-134.7235,57.1315,-134.724333,636.4224,,,,,,,,,,Retained,,207
2025,611,1,710,37833,ILONA B,8/3/2025 17:30,6,21,710,345701,NSEI,57.114667,-134.7235,57.1315,-134.724333,636.4224,,,,,,,,,,Retained,,208
2025,611,1,710,37833,ILONA B,8/3/2025 17:30,6,21,710,345701,NSEI,57.114667,-134.7235,57.1315,-134.724333,636.4224,,,,,,,,,,Retained,,209
2025,611,1,710,37833,ILONA B,8/3/2025 17:30,6,21,710,345701,NSEI,57.114667,-134.7235,57.1315,-134.724333,636.4224,,,,,,,,,,Retained,,210
2025,611,1,710,37833,ILONA B,8/3/2025 17:30,6,21,710,345701,NSEI,57.114667,-134.7235,57.1315,-134.724333,636.4224,,,,,,,,,,Retained,,211
2025,611,1,710,37833,ILONA B,8/3/2025 17:30,6,21,710,345701,NSEI,57.114667,-134.7235,57.1315,-134.724333,636.4224,,,,,,,,,,Retained,,212
2025,611,1,710,37833,ILONA B,8/3/2025 17:30,6,21,710,345701,NSEI,57.114667,-134.7235,57.1315,-134.724333,636.4224,,,,,,,,,,Retained,,213
2025,611,1,710,37833,ILONA B,8/3/2025 17:30,6,21,710,345701,NSEI,57.114667,-134.7235,57.1315,-134.724333,636.4224,,,,,,,,,,Retained,,214
2025,611,1,710,37833,ILONA B,8/3/2025 17:30,6,21,710,345701,NSEI,57.114667,-134.7235,57.1315,-134.724333,636.4224,,,,,,,,,,Retained,,215
2025,611,1,710,37833,ILONA B,8/3/2025 17:30,6,21,710,345701,NSEI,57.114667,-134.7235,57.1315,-134.724333,636.4224,,,,,,,,,,Retained,,216
2025,611,1,710,37833,ILONA B,8/3/2025 17:30,6,21,710,345701,NSEI,57.114667,-134.7235,57.1315,-134.724333,636.4224,,,,,,,,,,Retained,,217
2025,611,1,710,37833,ILONA B,8/3/2025 17:30,6,21,710,345701,NSEI,57.114667,-134.7235,57.1315,-134.724333,636.4224,,,,,,,,,,Retained,,218
2025,611,1,710,37833,ILONA B,8/3/2025 17:30,6,21,710,345701,NSEI,57.114667,-134.7235,57.1315,-134.724333,636.4224,,,,,,,,,,Retained,,219
2025,611,1,710,37833,ILONA B,8/3/2025 17:30,6,21,710,345701,NSEI,57.114667,-134.7235,57.1315,-134.724333,636.4224,,,,,,,,,,Retained,,220
2025,611,1,710,37833,ILONA B,8/3/2025 17:30,6,21,710,345701,NSEI,57.114667,-134.7235,57.1315,-134.724333,636.4224,,,,,,,,,,Retained,,221
2025,611,1,710,37833,ILONA B,8/3/2025 17:30,6,21,710,345701,NSEI,57.114667,-134.7235,57.1315,-134.724333,636.4224,,,,,,,,,,Retained,,222
2025,611,1,710,37833,ILONA B,8/3/2025 17:30,6,21,710,345701,NSEI,57.114667,-134.7235,57.1315,-134.724333,636.4224,,,,,,,,,,Retained,,223
2025,611,1,710,37833,ILONA B,8/3/2025 17:30,6,21,710,345701,NSEI,57.114667,-134.7235,57.1315,-134.724333,636.4224,,,,,,,,,,Retained,,224
2025,611,1,710,37833,ILONA B,8/3/2025 17:30,6,21,710,345701,NSEI,57.114667,-134.7235,57.1315,-134.724333,636.4224,,,,,,,,,,Retained,,225
2025,611,1,710,37833,ILONA B,8/3/2025 17:30,6,21,710,345701,NSEI,57.114667,-134.7235,57.1315,-134.724333,636.4224,,,,,,,,,,Retained,,226
2025,611,1,710,37833,ILONA B,8/3/2025 17:30,6,21,710,345701,NSEI,57.114667,-134.7235,57.1315,-134.724333,636.4224,,,,,,,,,,Retained,,227
2025,611,1,710,37833,ILONA B,8/3/2025 17:30,6,21,710,345701,NSEI,57.114667,-134.7235,57.1315,-134.724333,636.4224,,,,,,,,,,Retained,,228
2025,611,1,710,37833,ILONA B,8/3/2025 17:30,6,21,710,345701,NSEI,57.114667,-134.7235,57.1315,-134.724333,636.4224,,,,,,,,,,Retained,,229
2025,611,1,710,37833,ILONA B,8/3/2025 17:30,6,21,710,345701,NSEI,57.114667,-134.7235,57.1315,-134.724333,636.4224,,,,,,,,,,Retained,,230
2025,611,1,710,37833,ILONA B,8/3/2025 17:30,6,21,710,345701,NSEI,57.114667,-134.7235,57.1315,-134.724333,636.4224,,,,,,,,,,Retained,,231
2025,611,1,710,37833,ILONA B,8/3/2025 17:30,6,21,710,345701,NSEI,57.114667,-134.7235,57.1315,-134.724333,636.4224,,,,,,,,,,Retained,,232
2025,611,1,710,37833,ILONA B,8/3/2025 17:30,6,21,710,345701,NSEI,57.114667,-134.7235,57.1315,-134.724333,636.4224,,,,,,,,,,Retained,,233
2025,611,1,710,37833,ILONA B,8/3/2025 17:30,6,21,710,345701,NSEI,57.114667,-134.7235,57.1315,-134.724333,636.4224,,,,,,,,,,Retained,,234
2025,611,1,710,37833,ILONA B,8/3/2025 17:30,6,21,710,345701,NSEI,57.114667,-134.7235,57.1315,-134.724333,636.4224,,,,,,,,,,Retained,,235
2025,611,1,710,37833,ILONA B,8/3/2025 17:30,6,21,710,345701,NSEI,57.114667,-134.7235,57.1315,-134.724333,636.4224,,,,,,,,,,Retained,,236
2025,611,1,710,37833,ILONA B,8/3/2025 17:30,6,21,710,345701,NSEI,57.114667,-134.7235,57.1315,-134.724333,636.4224,,,,,,,,,,Retained,,237
2025,611,1,710,37833,ILONA B,8/3/2025 17:30,6,21,710,345701,NSEI,57.114667,-134.7235,57.1315,-134.724333,636.4224,,,,,,,,,,Retained,,238
2025,611,1,710,37833,ILONA B,8/3/2025 17:30,6,21,710,345701,NSEI,57.114667,-134.7235,57.1315,-134.724333,636.4224,,,,,,,,,,Retained,,239
2025,611,1,710,37833,ILONA B,8/3/2025 17:30,6,21,710,345701,NSEI,57.114667,-134.7235,57.1315,-134.724333,636.4224,,,,,,,,,,Retained,,240
2025,611,1,710,37833,ILONA B,8/3/2025 17:30,6,21,710,345701,NSEI,57.114667,-134.7235,57.1315,-134.724333,636.4224,,,,,,,,,,Retained,,241
2025,611,1,710,37833,ILONA B,8/3/2025 17:30,6,21,710,345701,NSEI,57.114667,-134.7235,57.1315,-134.724333,636.4224,,,,,,,,,,Retained,,242
2025,611,1,710,37833,ILONA B,8/3/2025 17:30,6,21,710,345701,NSEI,57.114667,-134.7235,57.1315,-134.724333,636.4224,,,,,,,,,,Retained,,243
2025,611,1,710,37833,ILONA B,8/3/2025 17:30,6,21,710,345701,NSEI,57.114667,-134.7235,57.1315,-134.724333,636.4224,,,,,,,,,,Retained,,244
2025,611,1,710,37833,ILONA B,8/3/2025 17:30,6,21,710,345701,NSEI,57.114667,-134.7235,57.1315,-134.724333,636.4224,,,,,,,,,,Retained,,245
2025,611,1,710,37833,ILONA B,8/3/2025 17:30,6,21,710,345701,NSEI,57.114667,-134.7235,57.1315,-134.724333,636.4224,,,,,,,,,,Retained,,246
2025,611,1,710,37833,ILONA B,8/3/2025 17:30,6,21,710,345701,NSEI,57.114667,-134.7235,57.1315,-134.724333,636.4224,,,,,,,,,,Retained,,247
2025,611,1,710,37833,ILONA B,8/3/2025 17:30,6,21,710,345701,NSEI,57.114667,-134.7235,57.1315,-134.724333,636.4224,,,,,,,,,,Retained,,248
2025,611,1,710,37833,ILONA B,8/3/2025 17:30,6,21,710,345701,NSEI,57.114667,-134.7235,57.1315,-134.724333,636.4224,,,,,,,,,,Retained,,249
2025,611,1,710,37833,ILONA B,8/3/2025 17:30,6,21,710,345701,NSEI,57.114667,-134.7235,57.1315,-134.724333,636.4224,,,,,,,,,,Retained,,250
2025,611,1,710,37833,ILONA B,8/3/2025 17:30,6,21,710,345701,NSEI,57.114667,-134.7235,57.1315,-134.724333,636.4224,,,,,,,,,,Retained,,251
2025,611,1,710,37833,ILONA B,8/3/2025 17:30,6,21,710,345701,NSEI,57.114667,-134.7235,57.1315,-134.724333,636.4224,,,,,,,,,,Retained,,252
2025,611,1,710,37833,ILONA B,8/3/2025 17:30,6,21,710,345701,NSEI,57.114667,-134.7235,57.1315,-134.724333,636.4224,,,,,,,,,,Retained,,253
2025,611,1,710,37833,ILONA B,8/3/2025 17:30,6,21,710,345701,NSEI,57.114667,-134.7235,57.1315,-134.724333,636.4224,,,,,,,,,,Retained,,254
2025,611,1,710,37833,ILONA B,8/3/2025 17:30,6,21,710,345701,NSEI,57.114667,-134.7235,57.1315,-134.724333,636.4224,,,,,,,,,,Retained,,255
2025,611,1,710,37833,ILONA B,8/3/2025 17:30,6,21,710,345701,NSEI,57.114667,-134.7235,57.1315,-134.724333,636.4224,,,,,,,,,,Retained,,256
2025,611,1,710,37833,ILONA B,8/3/2025 17:30,6,21,710,345701,NSEI,57.114667,-134.7235,57.1315,-134.724333,636.4224,,,,,,,,,,Retained,,257
2025,611,1,710,37833,ILONA B,8/3/2025 17:30,6,21,710,345701,NSEI,57.114667,-134.7235,57.1315,-134.724333,636.4224,,,,,,,,,,Retained,,258
2025,611,1,710,37833,ILONA B,8/3/2025 17:30,6,21,710,345701,NSEI,57.114667,-134.7235,57.1315,-134.724333,636.4224,,,,,,,,,,Retained,,259
2025,611,1,710,37833,ILONA B,8/3/2025 17:30,6,21,710,345701,NSEI,57.114667,-134.7235,57.1315,-134.724333,636.4224,,,,,,,,,,Retained,,260
2025,611,1,710,37833,ILONA B,8/3/2025 17:30,6,21,710,345701,NSEI,57.114667,-134.7235,57.1315,-134.724333,636.4224,,,,,,,,,,Retained,,261
2025,611,1,710,37833,ILONA B,8/3/2025 17:30,6,21,710,345701,NSEI,57.114667,-134.7235,57.1315,-134.724333,636.4224,,,,,,,,,,Retained,,262
2025,611,1,710,37833,ILONA B,8/3/2025 17:30,6,21,710,345701,NSEI,57.114667,-134.7235,57.1315,-134.724333,636.4224,,,,,,,,,,Retained,,263
2025,611,1,710,37833,ILONA B,8/3/2025 17:30,6,21,710,345701,NSEI,57.114667,-134.7235,57.1315,-134.724333,636.4224,,,,,,,,,,Retained,,264
2025,611,1,710,37833,ILONA B,8/3/2025 17:30,6,21,710,345701,NSEI,57.114667,-134.7235,57.1315,-134.724333,636.4224,,,,,,,,,,Retained,,265
2025,611,1,710,37833,ILONA B,8/3/2025 17:30,6,21,710,345701,NSEI,57.114667,-134.7235,57.1315,-134.724333,636.4224,,,,,,,,,,Retained,,266
2025,611,1,710,37833,ILONA B,8/3/2025 17:30,6,21,710,345701,NSEI,57.114667,-134.7235,57.1315,-134.724333,636.4224,,,,,,,,,,Retained,,267
2025,611,1,710,37833,ILONA B,8/3/2025 17:30,6,21,710,345701,NSEI,57.114667,-134.7235,57.1315,-134.724333,636.4224,,,,,,,,,,Retained,,268
2025,611,1,710,37833,ILONA B,8/3/2025 17:30,6,21,710,345701,NSEI,57.114667,-134.7235,57.1315,-134.724333,636.4224,,,,,,,,,,Retained,,269
2025,611,1,710,37833,ILONA B,8/3/2025 17:30,6,21,710,345701,NSEI,57.114667,-134.7235,57.1315,-134.724333,636.4224,,,,,,,,,,Retained,,270
2025,611,1,710,37833,ILONA B,8/3/2025 17:30,6,21,710,345701,NSEI,57.114667,-134.7235,57.1315,-134.724333,636.4224,,,,,,,,,,Retained,,271
2025,611,1,710,37833,ILONA B,8/3/2025 17:30,6,21,710,345701,NSEI,57.114667,-134.7235,57.1315,-134.724333,636.4224,,,,,,,,,,Retained,,272
2025,611,1,710,37833,ILONA B,8/3/2025 17:30,6,21,710,345701,NSEI,57.114667,-134.7235,57.1315,-134.724333,636.4224,,,,,,,,,,Retained,,273
2025,611,1,710,37833,ILONA B,8/3/2025 17:30,6,21,710,345701,NSEI,57.114667,-134.7235,57.1315,-134.724333,636.4224,,,,,,,,,,Retained,,274
2025,611,1,710,37833,ILONA B,8/3/2025 17:30,6,21,710,345701,NSEI,57.114667,-134.7235,57.1315,-134.724333,636.4224,,,,,,,,,,Retained,,275
2025,611,1,710,37833,ILONA B,8/3/2025 17:30,6,21,710,345701,NSEI,57.114667,-134.7235,57.1315,-134.724333,636.4224,,,,,,,,,,Retained,,276
2025,611,1,710,37833,ILONA B,8/3/2025 17:30,6,21,710,345701,NSEI,57.114667,-134.7235,57.1315,-134.724333,636.4224,,,,,,,,,,Retained,,277
2025,611,1,710,37833,ILONA B,8/3/2025 17:30,6,21,710,345701,NSEI,57.114667,-134.7235,57.1315,-134.724333,636.4224,,,,,,,,,,Retained,,278
2025,611,1,710,37833,ILONA B,8/3/2025 17:30,6,21,710,345701,NSEI,57.114667,-134.7235,57.1315,-134.724333,636.4224,,,,,,,,,,Retained,,279
2025,611,1,710,37833,ILONA B,8/3/2025 17:30,6,21,710,345701,NSEI,57.114667,-134.7235,57.1315,-134.724333,636.4224,,,,,,,,,,Retained,,280
2025,611,1,710,37833,ILONA B,8/3/2025 17:30,6,21,710,345701,NSEI,57.114667,-134.7235,57.1315,-134.724333,636.4224,,,,,,,,,,Retained,,281
2025,611,1,710,37833,ILONA B,8/3/2025 17:30,6,21,710,345701,NSEI,57.114667,-134.7235,57.1315,-134.724333,636.4224,,,,,,,,,,Retained,,282
2025,611,1,710,37833,ILONA B,8/3/2025 17:30,6,21,710,345701,NSEI,57.114667,-134.7235,57.1315,-134.724333,636.4224,,,,,,,,,,Retained,,283
2025,611,1,710,37833,ILONA B,8/3/2025 17:30,6,21,710,345701,NSEI,57.114667,-134.7235,57.1315,-134.724333,636.4224,,,,,,,,,,Retained,,284
2025,611,1,710,37833,ILONA B,8/3/2025 17:30,6,21,710,345701,NSEI,57.114667,-134.7235,57.1315,-134.724333,636.4224,,,,,,,,,,Retained,,285
2025,611,1,710,37833,ILONA B,8/3/2025 17:30,6,21,710,345701,NSEI,57.114667,-134.7235,57.1315,-134.724333,636.4224,,,,,,,,,,Retained,,286
2025,611,1,710,37833,ILONA B,8/3/2025 17:30,6,21,710,345701,NSEI,57.114667,-134.7235,57.1315,-134.724333,636.4224,,,,,,,,,,Retained,,287
2025,611,1,710,37833,ILONA B,8/3/2025 17:30,6,21,710,345701,NSEI,57.114667,-134.7235,57.1315,-134.724333,636.4224,,,,,,,,,,Retained,,288
2025,611,1,710,37833,ILONA B,8/3/2025 17:30,6,21,710,345701,NSEI,57.114667,-134.7235,57.1315,-134.724333,636.4224,,,,,,,,,,Retained,,289
2025,611,1,710,37833,ILONA B,8/3/2025 17:30,6,21,710,345701,NSEI,57.114667,-134.7235,57.1315,-134.724333,636.4224,,,,,,,,,,Retained,,290
2025,611,1,710,37833,ILONA B,8/3/2025 17:30,6,21,710,345701,NSEI,57.114667,-134.7235,57.1315,-134.724333,636.4224,,,,,,,,,,Retained,,291
2025,611,1,710,37833,ILONA B,8/3/2025 17:30,6,21,710,345701,NSEI,57.114667,-134.7235,57.1315,-134.724333,636.4224,,,,,,,,,,Retained,,292
2025,611,1,710,37833,ILONA B,8/3/2025 17:30,6,21,710,345701,NSEI,57.114667,-134.7235,57.1315,-134.724333,636.4224,,,,,,,,,,Retained,,293
2025,611,1,710,37833,ILONA B,8/3/2025 17:30,6,21,710,345701,NSEI,57.114667,-134.7235,57.1315,-134.724333,636.4224,,,,,,,,,,Retained,,294
2025,611,1,710,37833,ILONA B,8/3/2025 17:30,6,21,710,345701,NSEI,57.114667,-134.7235,57.1315,-134.724333,636.4224,,,,,,,,,,Retained,,295
2025,611,1,710,37833,ILONA B,8/3/2025 17:30,6,21,710,345701,NSEI,57.114667,-134.7235,57.1315,-134.724333,636.4224,,,,,,,,,,Retained,,296
2025,611,1,710,37833,ILONA B,8/3/2025 17:30,6,21,710,345701,NSEI,57.114667,-134.7235,57.1315,-134.724333,636.4224,,,,,,,,,,Retained,,297
2025,611,1,710,37833,ILONA B,8/3/2025 17:30,6,21,710,345701,NSEI,57.114667,-134.7235,57.1315,-134.724333,636.4224,,,,,,,,,,Retained,,298
2025,611,1,710,37833,ILONA B,8/3/2025 17:30,6,21,710,345701,NSEI,57.114667,-134.7235,57.1315,-134.724333,636.4224,,,,,,,,,,Retained,,299
2025,611,1,710,37833,ILONA B,8/3/2025 17:30,6,21,710,345701,NSEI,57.114667,-134.7235,57.1315,-134.724333,636.4224,,,,,,,,,,Retained,,300
2025,611,1,710,37833,ILONA B,8/3/2025 17:30,6,21,710,345701,NSEI,57.114667,-134.7235,57.1315,-134.724333,636.4224,,,,,,,,,,Retained,,301
2025,611,1,710,37833,ILONA B,8/3/2025 17:30,6,21,710,345701,NSEI,57.114667,-134.7235,57.1315,-134.724333,636.4224,,,,,,,,,,Retained,,302
2025,611,1,710,37833,ILONA B,8/3/2025 17:30,6,21,710,345701,NSEI,57.114667,-134.7235,57.1315,-134.724333,636.4224,,,,,,,,,,Retained,,303
2025,611,1,710,37833,ILONA B,8/3/2025 17:30,6,21,710,345701,NSEI,57.114667,-134.7235,57.1315,-134.724333,636.4224,,,,,,,,,,Retained,,304
2025,611,1,710,37833,ILONA B,8/3/2025 17:30,6,21,710,345701,NSEI,57.114667,-134.7235,57.1315,-134.724333,636.4224,,,,,,,,,,Retained,,305
2025,611,1,710,37833,ILONA B,8/3/2025 17:30,6,21,710,345701,NSEI,57.114667,-134.7235,57.1315,-134.724333,636.4224,,,,,,,,,,Retained,,306
2025,611,1,710,37833,ILONA B,8/3/2025 17:30,6,21,710,345701,NSEI,57.114667,-134.7235,57.1315,-134.724333,636.4224,,,,,,,,,,Retained,,307
2025,611,1,710,37833,ILONA B,8/3/2025 17:30,6,21,710,345701,NSEI,57.114667,-134.7235,57.1315,-134.724333,636.4224,,,,,,,,,,Retained,,308
2025,611,1,710,37833,ILONA B,8/3/2025 17:30,6,21,710,345701,NSEI,57.114667,-134.7235,57.1315,-134.724333,636.4224,,,,,,,,,,Retained,,309
2025,611,1,710,37833,ILONA B,8/3/2025 17:30,6,21,710,345701,NSEI,57.114667,-134.7235,57.1315,-134.724333,636.4224,,,,,,,,,,Retained,,310
2025,611,1,710,37833,ILONA B,8/3/2025 17:30,6,21,710,345701,NSEI,57.114667,-134.7235,57.1315,-134.724333,636.4224,,,,,,,,,,Retained,,311
2025,611,1,710,37833,ILONA B,8/3/2025 17:30,6,21,710,345701,NSEI,57.114667,-134.7235,57.1315,-134.724333,636.4224,,,,,,,,,,Retained,,312
2025,611,1,710,37833,ILONA B,8/3/2025 17:30,6,21,710,345701,NSEI,57.114667,-134.7235,57.1315,-134.724333,636.4224,,,,,,,,,,Retained,,313
2025,611,1,710,37833,ILONA B,8/3/2025 17:30,6,21,710,345701,NSEI,57.114667,-134.7235,57.1315,-134.724333,636.4224,,,,,,,,,,Retained,,314
2025,611,1,710,37833,ILONA B,8/3/2025 17:30,6,21,710,345701,NSEI,57.114667,-134.7235,57.1315,-134.724333,636.4224,,,,,,,,,,Retained,,315
2025,611,1,710,37833,ILONA B,8/3/2025 17:30,6,21,710,345701,NSEI,57.114667,-134.7235,57.1315,-134.724333,636.4224,,,,,,,,,,Retained,,316
2025,611,1,710,37833,ILONA B,8/3/2025 17:30,6,21,710,345701,NSEI,57.114667,-134.7235,57.1315,-134.724333,636.4224,,,,,,,,,,Retained,,317
2025,611,1,710,37833,ILONA B,8/3/2025 17:30,6,21,710,345701,NSEI,57.114667,-134.7235,57.1315,-134.724333,636.4224,,,,,,,,,,Retained,,318
2025,611,1,710,37833,ILONA B,8/3/2025 17:30,6,21,710,345701,NSEI,57.114667,-134.7235,57.1315,-134.724333,636.4224,,,,,,,,,,Retained,,319
2025,611,1,710,37833,ILONA B,8/3/2025 17:30,6,21,710,345701,NSEI,57.114667,-134.7235,57.1315,-134.724333,636.4224,,,,,,,,,,Retained,,320
2025,611,1,710,37833,ILONA B,8/3/2025 17:30,6,21,710,345701,NSEI,57.114667,-134.7235,57.1315,-134.724333,636.4224,,,,,,,,,,Retained,,321
2025,611,1,710,37833,ILONA B,8/3/2025 17:30,6,21,710,345701,NSEI,57.114667,-134.7235,57.1315,-134.724333,636.4224,,,,,,,,,,Retained,,322
2025,611,1,710,37833,ILONA B,8/3/2025 17:30,6,21,710,345701,NSEI,57.114667,-134.7235,57.1315,-134.724333,636.4224,,,,,,,,,,Retained,,323
2025,611,1,710,37833,ILONA B,8/3/2025 17:30,6,21,710,345701,NSEI,57.114667,-134.7235,57.1315,-134.724333,636.4224,,,,,,,,,,Retained,,324
2025,611,1,710,37833,ILONA B,8/3/2025 17:30,6,21,710,345701,NSEI,57.114667,-134.7235,57.1315,-134.724333,636.4224,,,,,,,,,,Retained,,325
2025,611,1,710,37833,ILONA B,8/3/2025 17:30,6,21,710,345701,NSEI,57.114667,-134.7235,57.1315,-134.724333,636.4224,,,,,,,,,,Retained,,326
2025,611,1,710,37833,ILONA B,8/3/2025 17:30,6,21,710,345701,NSEI,57.114667,-134.7235,57.1315,-134.724333,636.4224,,,,,,,,,,Retained,,327
2025,611,1,710,37833,ILONA B,8/3/2025 17:30,6,21,710,345701,NSEI,57.114667,-134.7235,57.1315,-134.724333,636.4224,,,,,,,,,,Retained,,328
2025,611,1,710,37833,ILONA B,8/3/2025 17:30,6,21,710,345701,NSEI,57.114667,-134.7235,57.1315,-134.724333,636.4224,,,,,,,,,,Retained,,329
2025,611,1,710,37833,ILONA B,8/3/2025 17:30,6,21,710,345701,NSEI,57.114667,-134.7235,57.1315,-134.724333,636.4224,,,,,,,,,,Retained,,330
2025,611,1,710,37833,ILONA B,8/3/2025 17:30,6,21,710,345701,NSEI,57.114667,-134.7235,57.1315,-134.724333,636.4224,,,,,,,,,,Retained,,331
2025,611,1,710,37833,ILONA B,8/3/2025 17:30,6,21,710,345701,NSEI,57.114667,-134.7235,57.1315,-134.724333,636.4224,,,,,,,,,,Retained,,332
2025,611,1,710,37833,ILONA B,8/3/2025 17:30,6,21,710,345701,NSEI,57.114667,-134.7235,57.1315,-134.724333,636.4224,,,,,,,,,,Retained,,333
2025,611,1,710,37833,ILONA B,8/3/2025 17:30,6,21,710,345701,NSEI,57.114667,-134.7235,57.1315,-134.724333,636.4224,,,,,,,,,,Retained,,334
2025,611,1,710,37833,ILONA B,8/3/2025 17:30,6,21,710,345701,NSEI,57.114667,-134.7235,57.1315,-134.724333,636.4224,,,,,,,,,,Retained,,335
2025,611,1,710,37833,ILONA B,8/3/2025 17:30,6,21,710,345701,NSEI,57.114667,-134.7235,57.1315,-134.724333,636.4224,,,,,,,,,,Retained,,336
2025,611,1,710,37833,ILONA B,8/3/2025 17:30,6,21,710,345701,NSEI,57.114667,-134.7235,57.1315,-134.724333,636.4224,,,,,,,,,,Retained,,337
2025,611,1,710,37833,ILONA B,8/3/2025 17:30,6,21,710,345701,NSEI,57.114667,-134.7235,57.1315,-134.724333,636.4224,,,,,,,,,,Retained,,338
2025,611,1,710,37833,ILONA B,8/3/2025 17:30,6,21,710,345701,NSEI,57.114667,-134.7235,57.1315,-134.724333,636.4224,,,,,,,,,,Retained,,339
2025,611,1,710,37833,ILONA B,8/3/2025 17:30,6,21,710,345701,NSEI,57.114667,-134.7235,57.1315,-134.724333,636.4224,,,,,,,,,,Retained,,340
2025,611,1,710,37833,ILONA B,8/3/2025 17:30,6,21,710,345701,NSEI,57.114667,-134.7235,57.1315,-134.724333,636.4224,,,,,,,,,,Retained,,341
2025,611,1,710,37833,ILONA B,8/3/2025 17:30,6,21,710,345701,NSEI,57.114667,-134.7235,57.1315,-134.724333,636.4224,,,,,,,,,,Retained,,342
2025,611,1,710,37833,ILONA B,8/3/2025 17:30,6,21,710,345701,NSEI,57.114667,-134.7235,57.1315,-134.724333,636.4224,,,,,,,,,,Retained,,343
2025,611,1,710,37833,ILONA B,8/3/2025 17:30,6,21,710,345701,NSEI,57.114667,-134.7235,57.1315,-134.724333,636.4224,,,,,,,,,,Retained,,344
2025,611,1,710,37833,ILONA B,8/3/2025 17:30,6,21,710,345701,NSEI,57.114667,-134.7235,57.1315,-134.724333,636.4224,,,,,,,,,,Retained,,345
2025,611,1,710,37833,ILONA B,8/3/2025 17:30,6,21,710,345701,NSEI,57.114667,-134.7235,57.1315,-134.724333,636.4224,,,,,,,,,,Retained,,346
2025,611,1,710,37833,ILONA B,8/3/2025 17:30,6,21,710,345701,NSEI,57.114667,-134.7235,57.1315,-134.724333,636.4224,,,,,,,,,,Retained,,347
2025,611,1,710,37833,ILONA B,8/3/2025 17:30,6,21,710,345701,NSEI,57.114667,-134.7235,57.1315,-134.724333,636.4224,,,,,,,,,,Retained,,348
2025,611,1,710,37833,ILONA B,8/3/2025 17:30,6,21,710,345701,NSEI,57.114667,-134.7235,57.1315,-134.724333,636.4224,,,,,,,,,,Retained,,349
2025,611,1,710,37833,ILONA B,8/3/2025 17:30,6,21,710,345701,NSEI,57.114667,-134.7235,57.1315,-134.724333,636.4224,,,,,,,,,,Retained,,350
2025,611,1,710,37833,ILONA B,8/3/2025 17:30,6,21,710,345701,NSEI,57.114667,-134.7235,57.1315,-134.724333,636.4224,,,,,,,,,,Retained,,351
2025,611,1,710,37833,ILONA B,8/3/2025 17:30,6,21,710,345701,NSEI,57.114667,-134.7235,57.1315,-134.724333,636.4224,,,,,,,,,,Retained,,352
2025,611,1,710,37833,ILONA B,8/3/2025 17:30,6,21,710,345701,NSEI,57.114667,-134.7235,57.1315,-134.724333,636.4224,,,,,,,,,,Retained,,353
2025,611,1,710,37833,ILONA B,8/3/2025 17:30,6,21,710,345701,NSEI,57.114667,-134.7235,57.1315,-134.724333,636.4224,,,,,,,,,,Retained,,354
2025,611,1,710,37833,ILONA B,8/3/2025 17:30,6,21,710,345701,NSEI,57.114667,-134.7235,57.1315,-134.724333,636.4224,,,,,,,,,,Retained,,355
2025,611,1,710,37833,ILONA B,8/3/2025 17:30,6,21,710,345701,NSEI,57.114667,-134.7235,57.1315,-134.724333,636.4224,,,,,,,,,,Retained,,356
2025,611,1,710,37833,ILONA B,8/3/2025 17:30,6,21,710,345701,NSEI,57.114667,-134.7235,57.1315,-134.724333,636.4224,,,,,,,,,,Retained,,357
2025,611,1,710,37833,ILONA B,8/3/2025 17:30,6,21,710,345701,NSEI,57.114667,-134.7235,57.1315,-134.724333,636.4224,,,,,,,,,,Retained,,358
2025,611,1,710,37833,ILONA B,8/3/2025 17:30,6,21,710,345701,NSEI,57.114667,-134.7235,57.1315,-134.724333,636.4224,,,,,,,,,,Retained,,359
2025,611,1,710,37833,ILONA B,8/3/2025 17:30,6,21,710,345701,NSEI,57.114667,-134.7235,57.1315,-134.724333,636.4224,,,,,,,,,,Retained,,360
2025,611,1,710,37833,ILONA B,8/3/2025 17:30,6,21,710,345701,NSEI,57.114667,-134.7235,57.1315,-134.724333,636.4224,,,,,,,,,,Retained,,361
2025,611,1,710,37833,ILONA B,8/3/2025 17:30,6,21,710,345701,NSEI,57.114667,-134.7235,57.1315,-134.724333,636.4224,,,,,,,,,,Retained,,362
2025,611,1,710,37833,ILONA B,8/3/2025 17:30,6,21,710,345701,NSEI,57.114667,-134.7235,57.1315,-134.724333,636.4224,,,,,,,,,,Retained,,363
2025,611,1,710,37833,ILONA B,8/3/2025 17:30,6,21,710,345701,NSEI,57.114667,-134.7235,57.1315,-134.724333,636.4224,,,,,,,,,,Retained,,364
2025,611,1,710,37833,ILONA B,8/3/2025 17:30,6,21,710,345701,NSEI,57.114667,-134.7235,57.1315,-134.724333,636.4224,,,,,,,,,,Retained,,365
2025,611,1,710,37833,ILONA B,8/3/2025 17:30,6,21,710,345701,NSEI,57.114667,-134.7235,57.1315,-134.724333,636.4224,,,,,,,,,,Retained,,366
2025,611,1,710,37833,ILONA B,8/3/2025 17:30,6,21,710,345701,NSEI,57.114667,-134.7235,57.1315,-134.724333,636.4224,,,,,,,,,,Retained,,367
2025,611,1,710,37833,ILONA B,8/3/2025 17:30,6,21,710,345701,NSEI,57.114667,-134.7235,57.1315,-134.724333,636.4224,,,,,,,,,,Retained,,368
2025,611,1,710,37833,ILONA B,8/3/2025 17:30,6,21,710,345701,NSEI,57.114667,-134.7235,57.1315,-134.724333,636.4224,,,,,,,,,,Retained,,369
2025,611,1,710,37833,ILONA B,8/3/2025 17:30,6,21,710,345701,NSEI,57.114667,-134.7235,57.1315,-134.724333,636.4224,,,,,,,,,,Retained,,370
2025,611,1,710,37833,ILONA B,8/3/2025 17:30,6,21,710,345701,NSEI,57.114667,-134.7235,57.1315,-134.724333,636.4224,,,,,,,,,,Retained,,371
2025,611,1,710,37833,ILONA B,8/3/2025 17:30,6,21,710,345701,NSEI,57.114667,-134.7235,57.1315,-134.724333,636.4224,,,,,,,,,,Retained,,372
2025,611,1,710,37833,ILONA B,8/3/2025 17:30,6,21,710,345701,NSEI,57.114667,-134.7235,57.1315,-134.724333,636.4224,,,,,,,,,,Retained,,373
2025,611,1,710,37833,ILONA B,8/3/2025 17:30,6,21,710,345701,NSEI,57.114667,-134.7235,57.1315,-134.724333,636.4224,,,,,,,,,,Retained,,374
2025,611,1,710,37833,ILONA B,8/3/2025 17:30,6,21,710,345701,NSEI,57.114667,-134.7235,57.1315,-134.724333,636.4224,,,,,,,,,,Retained,,375
2025,611,1,710,37833,ILONA B,8/3/2025 17:30,6,21,710,345701,NSEI,57.114667,-134.7235,57.1315,-134.724333,636.4224,,,,,,,,,,Retained,,376
2025,611,1,710,37833,ILONA B,8/3/2025 17:30,6,21,710,345701,NSEI,57.114667,-134.7235,57.1315,-134.724333,636.4224,,,,,,,,,,Retained,,377
2025,611,1,710,37833,ILONA B,8/3/2025 17:30,6,21,710,345701,NSEI,57.114667,-134.7235,57.1315,-134.724333,636.4224,,,,,,,,,,Retained,,378
2025,611,1,710,37833,ILONA B,8/3/2025 17:30,6,21,710,345701,NSEI,57.114667,-134.7235,57.1315,-134.724333,636.4224,,,,,,,,,,Retained,,379
2025,611,1,710,37833,ILONA B,8/3/2025 17:30,6,21,710,345701,NSEI,57.114667,-134.7235,57.1315,-134.724333,636.4224,,,,,,,,,,Retained,,380
2025,611,1,710,37833,ILONA B,8/3/2025 17:30,6,21,710,345701,NSEI,57.114667,-134.7235,57.1315,-134.724333,636.4224,,,,,,,,,,Retained,,381
2025,611,1,710,37833,ILONA B,8/3/2025 17:30,6,21,710,345701,NSEI,57.114667,-134.7235,57.1315,-134.724333,636.4224,,,,,,,,,,Retained,,382
2025,611,1,710,37833,ILONA B,8/3/2025 17:30,6,21,710,345701,NSEI,57.114667,-134.7235,57.1315,-134.724333,636.4224,,,,,,,,,,Retained,,383
2025,611,1,710,37833,ILONA B,8/3/2025 17:30,6,21,710,345701,NSEI,57.114667,-134.7235,57.1315,-134.724333,636.4224,,,,,,,,,,Retained,,384
2025,611,1,710,37833,ILONA B,8/3/2025 17:30,6,21,710,345701,NSEI,57.114667,-134.7235,57.1315,-134.724333,636.4224,,,,,,,,,,Retained,,385
2025,611,1,710,37833,ILONA B,8/3/2025 17:30,6,21,710,345701,NSEI,57.114667,-134.7235,57.1315,-134.724333,636.4224,,,,,,,,,,Retained,,386
2025,611,1,710,37833,ILONA B,8/3/2025 17:30,6,21,710,345701,NSEI,57.114667,-134.7235,57.1315,-134.724333,636.4224,,,,,,,,,,Retained,,387
2025,611,1,710,37833,ILONA B,8/3/2025 17:30,6,21,710,345701,NSEI,57.114667,-134.7235,57.1315,-134.724333,636.4224,,,,,,,,,,Retained,,388
2025,611,1,710,37833,ILONA B,8/3/2025 17:30,6,21,710,345701,NSEI,57.114667,-134.7235,57.1315,-134.724333,636.4224,,,,,,,,,,Retained,,389
2025,611,1,710,37833,ILONA B,8/3/2025 17:30,6,21,710,345701,NSEI,57.114667,-134.7235,57.1315,-134.724333,636.4224,,,,,,,,,,Retained,,390
2025,611,1,710,37833,ILONA B,8/3/2025 17:30,6,21,710,345701,NSEI,57.114667,-134.7235,57.1315,-134.724333,636.4224,,,,,,,,,,Retained,,391
2025,611,1,710,37833,ILONA B,8/3/2025 17:30,6,21,710,345701,NSEI,57.114667,-134.7235,57.1315,-134.724333,636.4224,,,,,,,,,,Retained,,392
2025,611,1,710,37833,ILONA B,8/3/2025 17:30,6,21,710,345701,NSEI,57.114667,-134.7235,57.1315,-134.724333,636.4224,,,,,,,,,,Retained,,393
2025,611,1,710,37833,ILONA B,8/3/2025 17:30,6,21,710,345701,NSEI,57.114667,-134.7235,57.1315,-134.724333,636.4224,,,,,,,,,,Retained,,394
2025,611,1,710,37833,ILONA B,8/3/2025 17:30,6,21,710,345701,NSEI,57.114667,-134.7235,57.1315,-134.724333,636.4224,,,,,,,,,,Retained,,395
2025,611,1,710,37833,ILONA B,8/3/2025 17:30,6,21,710,345701,NSEI,57.114667,-134.7235,57.1315,-134.724333,636.4224,,,,,,,,,,Retained,,396
2025,611,1,710,37833,ILONA B,8/3/2025 17:30,6,21,710,345701,NSEI,57.114667,-134.7235,57.1315,-134.724333,636.4224,,,,,,,,,,Retained,,397
2025,611,1,710,37833,ILONA B,8/3/2025 17:30,6,21,710,345701,NSEI,57.114667,-134.7235,57.1315,-134.724333,636.4224,,,,,,,,,,Retained,,398
2025,611,1,710,37833,ILONA B,8/3/2025 17:30,6,21,710,345701,NSEI,57.114667,-134.7235,57.1315,-134.724333,636.4224,,,,,,,,,,Retained,,399
2025,611,1,710,37833,ILONA B,8/3/2025 17:30,6,21,710,345701,NSEI,57.114667,-134.7235,57.1315,-134.724333,636.4224,,,,,,,,,,Retained,,400
2025,611,1,710,37833,ILONA B,8/3/2025 17:30,6,21,710,345701,NSEI,57.114667,-134.7235,57.1315,-134.724333,636.4224,,,,,,,,,,Retained,,401
2025,611,1,710,37833,ILONA B,8/3/2025 17:30,6,21,710,345701,NSEI,57.114667,-134.7235,57.1315,-134.724333,636.4224,,,,,,,,,,Retained,,402
2025,611,1,710,37833,ILONA B,8/3/2025 17:30,6,21,710,345701,NSEI,57.114667,-134.7235,57.1315,-134.724333,636.4224,,,,,,,,,,Retained,,403
2025,611,1,710,37833,ILONA B,8/3/2025 17:30,6,21,710,345701,NSEI,57.114667,-134.7235,57.1315,-134.724333,636.4224,,,,,,,,,,Retained,,404
2025,611,1,710,37833,ILONA B,8/3/2025 17:30,6,21,710,345701,NSEI,57.114667,-134.7235,57.1315,-134.724333,636.4224,,,,,,,,,,Retained,,405
2025,611,1,710,37833,ILONA B,8/3/2025 17:30,6,21,710,345701,NSEI,57.114667,-134.7235,57.1315,-134.724333,636.4224,,,,,,,,,,Retained,,406
2025,611,1,710,37833,ILONA B,8/3/2025 17:30,6,21,710,345701,NSEI,57.114667,-134.7235,57.1315,-134.724333,636.4224,,,,,,,,,,Retained,,407
2025,611,1,710,37833,ILONA B,8/3/2025 17:30,6,21,710,345701,NSEI,57.114667,-134.7235,57.1315,-134.724333,636.4224,,,,,,,,,,Retained,,408
2025,611,1,710,37833,ILONA B,8/3/2025 17:30,6,21,710,345701,NSEI,57.114667,-134.7235,57.1315,-134.724333,636.4224,,,,,,,,,,Retained,,409
2025,611,1,710,37833,ILONA B,8/3/2025 17:30,6,21,710,345701,NSEI,57.114667,-134.7235,57.1315,-134.724333,636.4224,,,,,,,,,,Retained,,410
2025,611,1,710,37833,ILONA B,8/3/2025 17:30,6,21,710,345701,NSEI,57.114667,-134.7235,57.1315,-134.724333,636.4224,,,,,,,,,,Retained,,411
2025,611,1,710,37833,ILONA B,8/3/2025 17:30,6,21,710,345701,NSEI,57.114667,-134.7235,57.1315,-134.724333,636.4224,,,,,,,,,,Retained,,412
2025,611,1,710,37833,ILONA B,8/3/2025 17:30,6,21,710,345701,NSEI,57.114667,-134.7235,57.1315,-134.724333,636.4224,,,,,,,,,,Retained,,413
2025,611,1,710,37833,ILONA B,8/3/2025 17:30,6,21,710,345701,NSEI,57.114667,-134.7235,57.1315,-134.724333,636.4224,,,,,,,,,,Retained,,414
2025,611,1,710,37833,ILONA B,8/3/2025 17:30,6,21,710,345701,NSEI,57.114667,-134.7235,57.1315,-134.724333,636.4224,,,,,,,,,,Retained,,415
2025,611,1,710,37833,ILONA B,8/3/2025 17:30,6,21,710,345701,NSEI,57.114667,-134.7235,57.1315,-134.724333,636.4224,,,,,,,,,,Retained,,416
2025,611,1,710,37833,ILONA B,8/3/2025 17:30,6,21,710,345701,NSEI,57.114667,-134.7235,57.1315,-134.724333,636.4224,,,,,,,,,,Retained,,417
2025,611,1,710,37833,ILONA B,8/3/2025 17:30,6,21,710,345701,NSEI,57.114667,-134.7235,57.1315,-134.724333,636.4224,,,,,,,,,,Retained,,418
2025,611,1,710,37833,ILONA B,8/3/2025 17:30,6,21,710,345701,NSEI,57.114667,-134.7235,57.1315,-134.724333,636.4224,,,,,,,,,,Retained,,419
2025,611,1,710,37833,ILONA B,8/3/2025 17:30,6,21,710,345701,NSEI,57.114667,-134.7235,57.1315,-134.724333,636.4224,,,,,,,,,,Retained,,420
2025,611,1,710,37833,ILONA B,8/3/2025 17:30,6,21,710,345701,NSEI,57.114667,-134.7235,57.1315,-134.724333,636.4224,,,,,,,,,,Retained,,421
2025,611,1,710,37833,ILONA B,8/3/2025 17:30,6,21,710,345701,NSEI,57.114667,-134.7235,57.1315,-134.724333,636.4224,,,,,,,,,,Retained,,422
2025,611,1,710,37833,ILONA B,8/3/2025 17:30,6,21,710,345701,NSEI,57.114667,-134.7235,57.1315,-134.724333,636.4224,,,,,,,,,,Retained,,423
2025,611,1,710,37833,ILONA B,8/3/2025 17:30,6,21,710,345701,NSEI,57.114667,-134.7235,57.1315,-134.724333,636.4224,,,,,,,,,,Retained,,424
2025,611,1,710,37833,ILONA B,8/3/2025 17:30,6,21,710,345701,NSEI,57.114667,-134.7235,57.1315,-134.724333,636.4224,,,,,,,,,,Retained,,425
2025,611,1,710,37833,ILONA B,8/3/2025 17:30,6,21,710,345701,NSEI,57.114667,-134.7235,57.1315,-134.724333,636.4224,,,,,,,,,,Retained,,426
2025,611,1,710,37833,ILONA B,8/3/2025 17:30,6,21,710,345701,NSEI,57.114667,-134.7235,57.1315,-134.724333,636.4224,,,,,,,,,,Retained,,427
2025,611,1,710,37833,ILONA B,8/3/2025 17:30,6,21,710,345701,NSEI,57.114667,-134.7235,57.1315,-134.724333,636.4224,,,,,,,,,,Retained,,428
2025,611,1,710,37833,ILONA B,8/3/2025 17:30,6,21,710,345701,NSEI,57.114667,-134.7235,57.1315,-134.724333,636.4224,,,,,,,,,,Retained,,429
2025,611,1,710,37833,ILONA B,8/3/2025 17:30,6,21,710,345701,NSEI,57.114667,-134.7235,57.1315,-134.724333,636.4224,,,,,,,,,,Retained,,430
2025,611,1,710,37833,ILONA B,8/3/2025 17:30,6,21,710,345701,NSEI,57.114667,-134.7235,57.1315,-134.724333,636.4224,,,,,,,,,,Retained,,431
2025,611,1,710,37833,ILONA B,8/3/2025 17:30,6,21,710,345701,NSEI,57.114667,-134.7235,57.1315,-134.724333,636.4224,,,,,,,,,,Retained,,432
2025,611,1,710,37833,ILONA B,8/3/2025 17:30,6,21,710,345701,NSEI,57.114667,-134.7235,57.1315,-134.724333,636.4224,,,,,,,,,,Retained,,433
2025,611,1,710,37833,ILONA B,8/3/2025 17:30,6,21,710,345701,NSEI,57.114667,-134.7235,57.1315,-134.724333,636.4224,,,,,,,,,,Retained,,434
2025,611,1,710,37833,ILONA B,8/3/2025 17:30,6,21,710,345701,NSEI,57.114667,-134.7235,57.1315,-134.724333,636.4224,,,,,,,,,,Retained,,435
2025,611,1,710,37833,ILONA B,8/3/2025 17:30,6,21,710,345701,NSEI,57.114667,-134.7235,57.1315,-134.724333,636.4224,,,,,,,,,,Retained,,436
2025,611,1,710,37833,ILONA B,8/3/2025 17:30,6,21,710,345701,NSEI,57.114667,-134.7235,57.1315,-134.724333,636.4224,,,,,,,,,,Retained,,437
2025,611,1,710,37833,ILONA B,8/3/2025 17:30,6,21,710,345701,NSEI,57.114667,-134.7235,57.1315,-134.724333,636.4224,,,,,,,,,,Retained,,438
2025,611,1,710,37833,ILONA B,8/3/2025 17:30,6,21,710,345701,NSEI,57.114667,-134.7235,57.1315,-134.724333,636.4224,,,,,,,,,,Retained,,439
2025,611,1,710,37833,ILONA B,8/3/2025 17:30,6,21,710,345701,NSEI,57.114667,-134.7235,57.1315,-134.724333,636.4224,,,,,,,,,,Retained,,440
2025,611,1,710,37833,ILONA B,8/3/2025 17:30,6,21,710,345701,NSEI,57.114667,-134.7235,57.1315,-134.724333,636.4224,,,,,,,,,,Retained,,441
2025,611,1,710,37833,ILONA B,8/3/2025 17:30,6,21,710,345701,NSEI,57.114667,-134.7235,57.1315,-134.724333,636.4224,,,,,,,,,,Retained,,442
2025,611,1,710,37833,ILONA B,8/3/2025 17:30,6,21,710,345701,NSEI,57.114667,-134.7235,57.1315,-134.724333,636.4224,,,,,,,,,,Retained,,443
2025,611,1,710,37833,ILONA B,8/3/2025 17:30,6,21,710,345701,NSEI,57.114667,-134.7235,57.1315,-134.724333,636.4224,,,,,,,,,,Retained,,444
2025,611,1,710,37833,ILONA B,8/3/2025 17:30,6,21,710,345701,NSEI,57.114667,-134.7235,57.1315,-134.724333,636.4224,,,,,,,,,,Retained,,445
2025,611,1,710,37833,ILONA B,8/3/2025 17:30,6,21,710,345701,NSEI,57.114667,-134.7235,57.1315,-134.724333,636.4224,,,,,,,,,,Retained,,446
2025,611,1,710,37833,ILONA B,8/3/2025 17:30,6,21,710,345701,NSEI,57.114667,-134.7235,57.1315,-134.724333,636.4224,,,,,,,,,,Retained,,447
2025,611,1,710,37833,ILONA B,8/3/2025 17:30,6,21,710,345701,NSEI,57.114667,-134.7235,57.1315,-134.724333,636.4224,,,,,,,,,,Retained,,448
2025,611,1,710,37833,ILONA B,8/3/2025 17:30,6,21,710,345701,NSEI,57.114667,-134.7235,57.1315,-134.724333,636.4224,,,,,,,,,,Retained,,449
2025,611,1,710,37833,ILONA B,8/3/2025 17:30,6,21,710,345701,NSEI,57.114667,-134.7235,57.1315,-134.724333,636.4224,,,,,,,,,,Retained,,450
2025,611,1,710,37833,ILONA B,8/3/2025 17:30,6,21,710,345701,NSEI,57.114667,-134.7235,57.1315,-134.724333,636.4224,,,,,,,,,,Retained,,451
2025,611,1,710,37833,ILONA B,8/3/2025 17:30,6,21,710,345701,NSEI,57.114667,-134.7235,57.1315,-134.724333,636.4224,,,,,,,,,,Retained,,452
2025,611,1,710,37833,ILONA B,8/3/2025 17:30,6,21,710,345701,NSEI,57.114667,-134.7235,57.1315,-134.724333,636.4224,,,,,,,,,,Retained,,453
2025,611,1,710,37833,ILONA B,8/3/2025 17:30,6,21,710,345701,NSEI,57.114667,-134.7235,57.1315,-134.724333,636.4224,,,,,,,,,,Retained,,454
2025,611,1,710,37833,ILONA B,8/3/2025 17:30,6,21,710,345701,NSEI,57.114667,-134.7235,57.1315,-134.724333,636.4224,,,,,,,,,,Retained,,455
2025,611,1,710,37833,ILONA B,8/3/2025 17:30,6,21,710,345701,NSEI,57.114667,-134.7235,57.1315,-134.724333,636.4224,,,,,,,,,,Retained,,456
2025,611,1,710,37833,ILONA B,8/3/2025 17:30,6,21,710,345701,NSEI,57.114667,-134.7235,57.1315,-134.724333,636.4224,,,,,,,,,,Retained,,457
2025,611,1,710,37833,ILONA B,8/3/2025 17:30,6,21,710,345701,NSEI,57.114667,-134.7235,57.1315,-134.724333,636.4224,,,,,,,,,,Retained,,458
2025,611,1,710,37833,ILONA B,8/3/2025 17:30,6,21,710,345701,NSEI,57.114667,-134.7235,57.1315,-134.724333,636.4224,,,,,,,,,,Retained,,459
2025,611,1,710,37833,ILONA B,8/3/2025 17:30,6,21,710,345701,NSEI,57.114667,-134.7235,57.1315,-134.724333,636.4224,,,,,,,,,,Retained,,460
2025,611,1,710,37833,ILONA B,8/3/2025 17:30,6,21,710,345701,NSEI,57.114667,-134.7235,57.1315,-134.724333,636.4224,,,,,,,,,,Retained,,461
2025,611,1,710,37833,ILONA B,8/3/2025 17:30,6,21,710,345701,NSEI,57.114667,-134.7235,57.1315,-134.724333,636.4224,,,,,,,,,,Retained,,462
2025,611,1,710,37833,ILONA B,8/3/2025 17:30,6,21,710,345701,NSEI,57.114667,-134.7235,57.1315,-134.724333,636.4224,,,,,,,,,,Retained,,463
2025,611,1,710,37833,ILONA B,8/3/2025 17:30,6,21,710,345701,NSEI,57.114667,-134.7235,57.1315,-134.724333,636.4224,,,,,,,,,,Retained,,464
2025,611,1,710,37833,ILONA B,8/3/2025 17:30,6,21,710,345701,NSEI,57.114667,-134.7235,57.1315,-134.724333,636.4224,,,,,,,,,,Retained,,465
2025,611,1,710,37833,ILONA B,8/3/2025 17:30,6,21,710,345701,NSEI,57.114667,-134.7235,57.1315,-134.724333,636.4224,,,,,,,,,,Retained,,466
2025,611,1,710,37833,ILONA B,8/3/2025 17:30,6,21,710,345701,NSEI,57.114667,-134.7235,57.1315,-134.724333,636.4224,,,,,,,,,,Retained,,467
2025,611,1,710,37833,ILONA B,8/3/2025 17:30,6,21,710,345701,NSEI,57.114667,-134.7235,57.1315,-134.724333,636.4224,,,,,,,,,,Retained,,468
2025,611,1,710,37833,ILONA B,8/3/2025 17:30,6,21,710,345701,NSEI,57.114667,-134.7235,57.1315,-134.724333,636.4224,,,,,,,,,,Retained,,469
2025,611,1,710,37833,ILONA B,8/3/2025 17:30,6,21,710,345701,NSEI,57.114667,-134.7235,57.1315,-134.724333,636.4224,,,,,,,,,,Retained,,470
2025,611,1,710,37833,ILONA B,8/3/2025 17:30,6,21,710,345701,NSEI,57.114667,-134.7235,57.1315,-134.724333,636.4224,,,,,,,,,,Retained,,471
2025,611,1,710,37833,ILONA B,8/3/2025 17:30,6,21,710,345701,NSEI,57.114667,-134.7235,57.1315,-134.724333,636.4224,,,,,,,,,,Retained,,472
2025,611,1,710,37833,ILONA B,8/3/2025 17:30,6,21,710,345701,NSEI,57.114667,-134.7235,57.1315,-134.724333,636.4224,,,,,,,,,,Retained,,473
2025,611,1,710,37833,ILONA B,8/3/2025 17:30,6,21,710,345701,NSEI,57.114667,-134.7235,57.1315,-134.724333,636.4224,,,,,,,,,,Retained,,474
2025,611,1,710,37833,ILONA B,8/4/2025 13:32,7,23,710,345701,NSEI,57.148,-134.6895,57.164667,-134.688333,665.6832,51,,,,,00,09,,,Retained,,125
2025,611,1,710,37833,ILONA B,8/4/2025 13:32,7,23,710,345701,NSEI,57.148,-134.6895,57.164667,-134.688333,665.6832,52,,,,,00,09,,,Retained,,24
2025,611,1,710,37833,ILONA B,8/4/2025 13:32,7,23,710,345701,NSEI,57.148,-134.6895,57.164667,-134.688333,665.6832,53,,,,,00,09,,,Retained,,71
2025,611,1,710,37833,ILONA B,8/4/2025 13:32,7,23,710,345701,NSEI,57.148,-134.6895,57.164667,-134.688333,665.6832,54,,,,,00,09,,,Retained,,65
2025,611,1,710,37833,ILONA B,8/4/2025 13:32,7,23,710,345701,NSEI,57.148,-134.6895,57.164667,-134.688333,665.6832,54,,,,,00,09,,,Retained,,97
2025,611,1,710,37833,ILONA B,8/4/2025 13:32,7,23,710,345701,NSEI,57.148,-134.6895,57.164667,-134.688333,665.6832,55,1.9,7,,02,02,01,,,Retained,,75
2025,611,1,710,37833,ILONA B,8/4/2025 13:32,7,23,710,345701,NSEI,57.148,-134.6895,57.164667,-134.688333,665.6832,55,,,,,00,09,,,Retained,,62
2025,611,1,710,37833,ILONA B,8/4/2025 13:32,7,23,710,345701,NSEI,57.148,-134.6895,57.164667,-134.688333,665.6832,55,,,,,00,09,,,Retained,,132
2025,611,1,710,37833,ILONA B,8/4/2025 13:32,7,23,710,345701,NSEI,57.148,-134.6895,57.164667,-134.688333,665.6832,56,2.1,6,,03,01,01,,,Retained,,82
2025,611,1,710,37833,ILONA B,8/4/2025 13:32,7,23,710,345701,NSEI,57.148,-134.6895,57.164667,-134.688333,665.6832,56,,,,,00,09,,,Retained,,29
2025,611,1,710,37833,ILONA B,8/4/2025 13:32,7,23,710,345701,NSEI,57.148,-134.6895,57.164667,-134.688333,665.6832,56,,,,,00,09,,,Retained,,37
2025,611,1,710,37833,ILONA B,8/4/2025 13:32,7,23,710,345701,NSEI,57.148,-134.6895,57.164667,-134.688333,665.6832,56,,,,,00,09,,,Retained,,66
2025,611,1,710,37833,ILONA B,8/4/2025 13:32,7,23,710,345701,NSEI,57.148,-134.6895,57.164667,-134.688333,665.6832,56,,,,,00,09,,,Retained,,110
2025,611,1,710,37833,ILONA B,8/4/2025 13:32,7,23,710,345701,NSEI,57.148,-134.6895,57.164667,-134.688333,665.6832,57,1.9,6,,02,01,01,,,Retained,,31
2025,611,1,710,37833,ILONA B,8/4/2025 13:32,7,23,710,345701,NSEI,57.148,-134.6895,57.164667,-134.688333,665.6832,57,2.1,7,,02,01,07,,,Retained,,41
2025,611,1,710,37833,ILONA B,8/4/2025 13:32,7,23,710,345701,NSEI,57.148,-134.6895,57.164667,-134.688333,665.6832,57,,,,,00,09,,,Retained,,23
2025,611,1,710,37833,ILONA B,8/4/2025 13:32,7,23,710,345701,NSEI,57.148,-134.6895,57.164667,-134.688333,665.6832,57,,,,,00,09,,,Retained,,32
2025,611,1,710,37833,ILONA B,8/4/2025 13:32,7,23,710,345701,NSEI,57.148,-134.6895,57.164667,-134.688333,665.6832,57,,,,,00,09,,,Retained,,40
2025,611,1,710,37833,ILONA B,8/4/2025 13:32,7,23,710,345701,NSEI,57.148,-134.6895,57.164667,-134.688333,665.6832,57,,,,,00,09,,,Retained,,103
2025,611,1,710,37833,ILONA B,8/4/2025 13:32,7,23,710,345701,NSEI,57.148,-134.6895,57.164667,-134.688333,665.6832,57,,,,,00,09,,,Retained,,121
2025,611,1,710,37833,ILONA B,8/4/2025 13:32,7,23,710,345701,NSEI,57.148,-134.6895,57.164667,-134.688333,665.6832,58,2.1,5,,02,02,07,,,Retained,,6
2025,611,1,710,37833,ILONA B,8/4/2025 13:32,7,23,710,345701,NSEI,57.148,-134.6895,57.164667,-134.688333,665.6832,58,2.4,6,,02,01,07,,,Retained,,133
2025,611,1,710,37833,ILONA B,8/4/2025 13:32,7,23,710,345701,NSEI,57.148,-134.6895,57.164667,-134.688333,665.6832,58,,,,,00,09,,,Retained,,52
2025,611,1,710,37833,ILONA B,8/4/2025 13:32,7,23,710,345701,NSEI,57.148,-134.6895,57.164667,-134.688333,665.6832,58,,,,,00,09,,,Retained,,59
2025,611,1,710,37833,ILONA B,8/4/2025 13:32,7,23,710,345701,NSEI,57.148,-134.6895,57.164667,-134.688333,665.6832,58,,,,,00,09,,,Retained,,80
2025,611,1,710,37833,ILONA B,8/4/2025 13:32,7,23,710,345701,NSEI,57.148,-134.6895,57.164667,-134.688333,665.6832,58,,,,,00,09,,,Retained,,85
2025,611,1,710,37833,ILONA B,8/4/2025 13:32,7,23,710,345701,NSEI,57.148,-134.6895,57.164667,-134.688333,665.6832,58,,,,,00,09,,,Retained,,98
2025,611,1,710,37833,ILONA B,8/4/2025 13:32,7,23,710,345701,NSEI,57.148,-134.6895,57.164667,-134.688333,665.6832,58,,,,,00,09,,,Retained,,102
2025,611,1,710,37833,ILONA B,8/4/2025 13:32,7,23,710,345701,NSEI,57.148,-134.6895,57.164667,-134.688333,665.6832,58,,,,,00,09,,,Retained,,136
2025,611,1,710,37833,ILONA B,8/4/2025 13:32,7,23,710,345701,NSEI,57.148,-134.6895,57.164667,-134.688333,665.6832,59,2.1,5,,02,01,07,,,Retained,,123
2025,611,1,710,37833,ILONA B,8/4/2025 13:32,7,23,710,345701,NSEI,57.148,-134.6895,57.164667,-134.688333,665.6832,59,,,,,00,09,,,Retained,,8
2025,611,1,710,37833,ILONA B,8/4/2025 13:32,7,23,710,345701,NSEI,57.148,-134.6895,57.164667,-134.688333,665.6832,59,,,,,00,09,,,Retained,,13
2025,611,1,710,37833,ILONA B,8/4/2025 13:32,7,23,710,345701,NSEI,57.148,-134.6895,57.164667,-134.688333,665.6832,59,,,,,00,09,,,Retained,,18
2025,611,1,710,37833,ILONA B,8/4/2025 13:32,7,23,710,345701,NSEI,57.148,-134.6895,57.164667,-134.688333,665.6832,59,,,,,00,09,,,Retained,,22
2025,611,1,710,37833,ILONA B,8/4/2025 13:32,7,23,710,345701,NSEI,57.148,-134.6895,57.164667,-134.688333,665.6832,59,,,,,00,09,,,Retained,,53
2025,611,1,710,37833,ILONA B,8/4/2025 13:32,7,23,710,345701,NSEI,57.148,-134.6895,57.164667,-134.688333,665.6832,59,,,,,00,09,,,Retained,,61
2025,611,1,710,37833,ILONA B,8/4/2025 13:32,7,23,710,345701,NSEI,57.148,-134.6895,57.164667,-134.688333,665.6832,59,,,,,00,09,,,Retained,,105
2025,611,1,710,37833,ILONA B,8/4/2025 13:32,7,23,710,345701,NSEI,57.148,-134.6895,57.164667,-134.688333,665.6832,59,,,,,00,09,,,Retained,,107
2025,611,1,710,37833,ILONA B,8/4/2025 13:32,7,23,710,345701,NSEI,57.148,-134.6895,57.164667,-134.688333,665.6832,59,,,,,00,09,,,Retained,,117
2025,611,1,710,37833,ILONA B,8/4/2025 13:32,7,23,710,345701,NSEI,57.148,-134.6895,57.164667,-134.688333,665.6832,60,2,6,,03,01,07,,,Retained,,118
2025,611,1,710,37833,ILONA B,8/4/2025 13:32,7,23,710,345701,NSEI,57.148,-134.6895,57.164667,-134.688333,665.6832,60,2.3,8,,02,01,07,,,Retained,,16
2025,611,1,710,37833,ILONA B,8/4/2025 13:32,7,23,710,345701,NSEI,57.148,-134.6895,57.164667,-134.688333,665.6832,60,,,,,00,09,,,Retained,,15
2025,611,1,710,37833,ILONA B,8/4/2025 13:32,7,23,710,345701,NSEI,57.148,-134.6895,57.164667,-134.688333,665.6832,60,,,,,00,09,,,Retained,,20
2025,611,1,710,37833,ILONA B,8/4/2025 13:32,7,23,710,345701,NSEI,57.148,-134.6895,57.164667,-134.688333,665.6832,60,,,,,00,09,,,Retained,,27
2025,611,1,710,37833,ILONA B,8/4/2025 13:32,7,23,710,345701,NSEI,57.148,-134.6895,57.164667,-134.688333,665.6832,60,,,,,00,09,,,Retained,,42
2025,611,1,710,37833,ILONA B,8/4/2025 13:32,7,23,710,345701,NSEI,57.148,-134.6895,57.164667,-134.688333,665.6832,60,,,,,00,09,,,Retained,,87
2025,611,1,710,37833,ILONA B,8/4/2025 13:32,7,23,710,345701,NSEI,57.148,-134.6895,57.164667,-134.688333,665.6832,60,,,,,00,09,,,Retained,,88
2025,611,1,710,37833,ILONA B,8/4/2025 13:32,7,23,710,345701,NSEI,57.148,-134.6895,57.164667,-134.688333,665.6832,60,,,,,00,09,,,Retained,,90
2025,611,1,710,37833,ILONA B,8/4/2025 13:32,7,23,710,345701,NSEI,57.148,-134.6895,57.164667,-134.688333,665.6832,61,2.5,8,,02,02,07,,,Retained,,56
2025,611,1,710,37833,ILONA B,8/4/2025 13:32,7,23,710,345701,NSEI,57.148,-134.6895,57.164667,-134.688333,665.6832,61,2.6,9,,02,01,07,,,Retained,,68
2025,611,1,710,37833,ILONA B,8/4/2025 13:32,7,23,710,345701,NSEI,57.148,-134.6895,57.164667,-134.688333,665.6832,61,2.6,9,,03,02,07,,,Retained,,36
2025,611,1,710,37833,ILONA B,8/4/2025 13:32,7,23,710,345701,NSEI,57.148,-134.6895,57.164667,-134.688333,665.6832,61,,,,,00,09,,,Retained,,4
2025,611,1,710,37833,ILONA B,8/4/2025 13:32,7,23,710,345701,NSEI,57.148,-134.6895,57.164667,-134.688333,665.6832,61,,,,,00,09,,,Retained,,44
2025,611,1,710,37833,ILONA B,8/4/2025 13:32,7,23,710,345701,NSEI,57.148,-134.6895,57.164667,-134.688333,665.6832,61,,,,,00,09,,,Retained,,67
2025,611,1,710,37833,ILONA B,8/4/2025 13:32,7,23,710,345701,NSEI,57.148,-134.6895,57.164667,-134.688333,665.6832,61,,,,,00,09,,,Retained,,94
2025,611,1,710,37833,ILONA B,8/4/2025 13:32,7,23,710,345701,NSEI,57.148,-134.6895,57.164667,-134.688333,665.6832,61,,,,,00,09,,,Retained,,99
2025,611,1,710,37833,ILONA B,8/4/2025 13:32,7,23,710,345701,NSEI,57.148,-134.6895,57.164667,-134.688333,665.6832,61,,,,,00,09,,,Retained,,109
2025,611,1,710,37833,ILONA B,8/4/2025 13:32,7,23,710,345701,NSEI,57.148,-134.6895,57.164667,-134.688333,665.6832,61,,,,,00,09,,,Retained,,119
2025,611,1,710,37833,ILONA B,8/4/2025 13:32,7,23,710,345701,NSEI,57.148,-134.6895,57.164667,-134.688333,665.6832,61,,,,,00,09,,,Retained,,129
2025,611,1,710,37833,ILONA B,8/4/2025 13:32,7,23,710,345701,NSEI,57.148,-134.6895,57.164667,-134.688333,665.6832,62,2.7,5,,02,02,07,,,Retained,,1
2025,611,1,710,37833,ILONA B,8/4/2025 13:32,7,23,710,345701,NSEI,57.148,-134.6895,57.164667,-134.688333,665.6832,62,2.7,7,,02,02,07,,,Retained,,104
2025,611,1,710,37833,ILONA B,8/4/2025 13:32,7,23,710,345701,NSEI,57.148,-134.6895,57.164667,-134.688333,665.6832,62,3.2,7,,02,01,07,,,Retained,,128
2025,611,1,710,37833,ILONA B,8/4/2025 13:32,7,23,710,345701,NSEI,57.148,-134.6895,57.164667,-134.688333,665.6832,62,,,,,00,09,,,Retained,,5
2025,611,1,710,37833,ILONA B,8/4/2025 13:32,7,23,710,345701,NSEI,57.148,-134.6895,57.164667,-134.688333,665.6832,62,,,,,00,09,,,Retained,,93
2025,611,1,710,37833,ILONA B,8/4/2025 13:32,7,23,710,345701,NSEI,57.148,-134.6895,57.164667,-134.688333,665.6832,62,,,,,00,09,,,Retained,,96
2025,611,1,710,37833,ILONA B,8/4/2025 13:32,7,23,710,345701,NSEI,57.148,-134.6895,57.164667,-134.688333,665.6832,63,2.4,9,,03,02,07,,,Retained,,100
2025,611,1,710,37833,ILONA B,8/4/2025 13:32,7,23,710,345701,NSEI,57.148,-134.6895,57.164667,-134.688333,665.6832,63,2.5,6,,02,02,01,,,Retained,,60
2025,611,1,710,37833,ILONA B,8/4/2025 13:32,7,23,710,345701,NSEI,57.148,-134.6895,57.164667,-134.688333,665.6832,63,2.7,7,,02,02,07,,,Retained,,113
2025,611,1,710,37833,ILONA B,8/4/2025 13:32,7,23,710,345701,NSEI,57.148,-134.6895,57.164667,-134.688333,665.6832,63,3,10,,02,02,07,,,Retained,,26
2025,611,1,710,37833,ILONA B,8/4/2025 13:32,7,23,710,345701,NSEI,57.148,-134.6895,57.164667,-134.688333,665.6832,63,,,,,00,09,,,Retained,,7
2025,611,1,710,37833,ILONA B,8/4/2025 13:32,7,23,710,345701,NSEI,57.148,-134.6895,57.164667,-134.688333,665.6832,63,,,,,00,09,,,Retained,,9
2025,611,1,710,37833,ILONA B,8/4/2025 13:32,7,23,710,345701,NSEI,57.148,-134.6895,57.164667,-134.688333,665.6832,63,,,,,00,09,,,Retained,,10
2025,611,1,710,37833,ILONA B,8/4/2025 13:32,7,23,710,345701,NSEI,57.148,-134.6895,57.164667,-134.688333,665.6832,63,,,,,00,09,,,Retained,,17
2025,611,1,710,37833,ILONA B,8/4/2025 13:32,7,23,710,345701,NSEI,57.148,-134.6895,57.164667,-134.688333,665.6832,63,,,,,00,09,,,Retained,,19
2025,611,1,710,37833,ILONA B,8/4/2025 13:32,7,23,710,345701,NSEI,57.148,-134.6895,57.164667,-134.688333,665.6832,63,,,,,00,09,,,Retained,,34
2025,611,1,710,37833,ILONA B,8/4/2025 13:32,7,23,710,345701,NSEI,57.148,-134.6895,57.164667,-134.688333,665.6832,63,,,,,00,09,,,Retained,,38
2025,611,1,710,37833,ILONA B,8/4/2025 13:32,7,23,710,345701,NSEI,57.148,-134.6895,57.164667,-134.688333,665.6832,63,,,,,00,09,,,Retained,,39
2025,611,1,710,37833,ILONA B,8/4/2025 13:32,7,23,710,345701,NSEI,57.148,-134.6895,57.164667,-134.688333,665.6832,63,,,,,00,09,,,Retained,,47
2025,611,1,710,37833,ILONA B,8/4/2025 13:32,7,23,710,345701,NSEI,57.148,-134.6895,57.164667,-134.688333,665.6832,63,,,,,00,09,,,Retained,,55
2025,611,1,710,37833,ILONA B,8/4/2025 13:32,7,23,710,345701,NSEI,57.148,-134.6895,57.164667,-134.688333,665.6832,63,,,,,00,09,,,Retained,,64
2025,611,1,710,37833,ILONA B,8/4/2025 13:32,7,23,710,345701,NSEI,57.148,-134.6895,57.164667,-134.688333,665.6832,63,,,,,00,09,,,Retained,,73
2025,611,1,710,37833,ILONA B,8/4/2025 13:32,7,23,710,345701,NSEI,57.148,-134.6895,57.164667,-134.688333,665.6832,63,,,,,00,09,,,Retained,,79
2025,611,1,710,37833,ILONA B,8/4/2025 13:32,7,23,710,345701,NSEI,57.148,-134.6895,57.164667,-134.688333,665.6832,64,2.6,8,,02,01,07,,,Retained,,63
2025,611,1,710,37833,ILONA B,8/4/2025 13:32,7,23,710,345701,NSEI,57.148,-134.6895,57.164667,-134.688333,665.6832,64,2.7,8,,02,01,07,,,Retained,,51
2025,611,1,710,37833,ILONA B,8/4/2025 13:32,7,23,710,345701,NSEI,57.148,-134.6895,57.164667,-134.688333,665.6832,64,2.9,7,,01,02,07,,,Retained,,86
2025,611,1,710,37833,ILONA B,8/4/2025 13:32,7,23,710,345701,NSEI,57.148,-134.6895,57.164667,-134.688333,665.6832,64,,,,,00,09,,,Retained,,3
2025,611,1,710,37833,ILONA B,8/4/2025 13:32,7,23,710,345701,NSEI,57.148,-134.6895,57.164667,-134.688333,665.6832,64,,,,,00,09,,,Retained,,12
2025,611,1,710,37833,ILONA B,8/4/2025 13:32,7,23,710,345701,NSEI,57.148,-134.6895,57.164667,-134.688333,665.6832,64,,,,,00,09,,,Retained,,48
2025,611,1,710,37833,ILONA B,8/4/2025 13:32,7,23,710,345701,NSEI,57.148,-134.6895,57.164667,-134.688333,665.6832,64,,,,,00,09,,,Retained,,106
2025,611,1,710,37833,ILONA B,8/4/2025 13:32,7,23,710,345701,NSEI,57.148,-134.6895,57.164667,-134.688333,665.6832,64,,,,,00,09,,,Retained,,122
2025,611,1,710,37833,ILONA B,8/4/2025 13:32,7,23,710,345701,NSEI,57.148,-134.6895,57.164667,-134.688333,665.6832,64,,,,,00,09,,,Retained,,124
2025,611,1,710,37833,ILONA B,8/4/2025 13:32,7,23,710,345701,NSEI,57.148,-134.6895,57.164667,-134.688333,665.6832,65,3,7,,02,02,07,,,Retained,,21
2025,611,1,710,37833,ILONA B,8/4/2025 13:32,7,23,710,345701,NSEI,57.148,-134.6895,57.164667,-134.688333,665.6832,65,3.1,6,,03,02,07,,,Retained,,11
2025,611,1,710,37833,ILONA B,8/4/2025 13:32,7,23,710,345701,NSEI,57.148,-134.6895,57.164667,-134.688333,665.6832,65,3.2,6,,03,02,07,,,Retained,,46
2025,611,1,710,37833,ILONA B,8/4/2025 13:32,7,23,710,345701,NSEI,57.148,-134.6895,57.164667,-134.688333,665.6832,65,3.3,6,,02,02,07,,,Retained,,70
2025,611,1,710,37833,ILONA B,8/4/2025 13:32,7,23,710,345701,NSEI,57.148,-134.6895,57.164667,-134.688333,665.6832,65,3.3,8,,02,02,07,,,Retained,,77
2025,611,1,710,37833,ILONA B,8/4/2025 13:32,7,23,710,345701,NSEI,57.148,-134.6895,57.164667,-134.688333,665.6832,65,3.5,7,,03,02,07,,,Retained,,91
2025,611,1,710,37833,ILONA B,8/4/2025 13:32,7,23,710,345701,NSEI,57.148,-134.6895,57.164667,-134.688333,665.6832,65,,,,,00,09,,,Retained,,89
2025,611,1,710,37833,ILONA B,8/4/2025 13:32,7,23,710,345701,NSEI,57.148,-134.6895,57.164667,-134.688333,665.6832,65,,,,,00,09,,,Retained,,120
2025,611,1,710,37833,ILONA B,8/4/2025 13:32,7,23,710,345701,NSEI,57.148,-134.6895,57.164667,-134.688333,665.6832,65,,,,,00,09,,,Retained,,131
2025,611,1,710,37833,ILONA B,8/4/2025 13:32,7,23,710,345701,NSEI,57.148,-134.6895,57.164667,-134.688333,665.6832,65,,,,,00,09,,,Retained,,134
2025,611,1,710,37833,ILONA B,8/4/2025 13:32,7,23,710,345701,NSEI,57.148,-134.6895,57.164667,-134.688333,665.6832,65,,,,,00,09,,,Retained,,137
2025,611,1,710,37833,ILONA B,8/4/2025 13:32,7,23,710,345701,NSEI,57.148,-134.6895,57.164667,-134.688333,665.6832,66,,,,,00,09,,,Retained,,2
2025,611,1,710,37833,ILONA B,8/4/2025 13:32,7,23,710,345701,NSEI,57.148,-134.6895,57.164667,-134.688333,665.6832,67,,,,,00,09,,,Retained,,14
2025,611,1,710,37833,ILONA B,8/4/2025 13:32,7,23,710,345701,NSEI,57.148,-134.6895,57.164667,-134.688333,665.6832,67,,,,,00,09,,,Retained,,30
2025,611,1,710,37833,ILONA B,8/4/2025 13:32,7,23,710,345701,NSEI,57.148,-134.6895,57.164667,-134.688333,665.6832,67,,,,,00,09,,,Retained,,45
2025,611,1,710,37833,ILONA B,8/4/2025 13:32,7,23,710,345701,NSEI,57.148,-134.6895,57.164667,-134.688333,665.6832,67,,,,,00,09,,,Retained,,57
2025,611,1,710,37833,ILONA B,8/4/2025 13:32,7,23,710,345701,NSEI,57.148,-134.6895,57.164667,-134.688333,665.6832,67,,,,,00,09,,,Retained,,58
2025,611,1,710,37833,ILONA B,8/4/2025 13:32,7,23,710,345701,NSEI,57.148,-134.6895,57.164667,-134.688333,665.6832,67,,,,,00,09,,,Retained,,76
2025,611,1,710,37833,ILONA B,8/4/2025 13:32,7,23,710,345701,NSEI,57.148,-134.6895,57.164667,-134.688333,665.6832,67,,,,,00,09,,,Retained,,84
2025,611,1,710,37833,ILONA B,8/4/2025 13:32,7,23,710,345701,NSEI,57.148,-134.6895,57.164667,-134.688333,665.6832,68,,,,,00,09,,,Retained,,25
2025,611,1,710,37833,ILONA B,8/4/2025 13:32,7,23,710,345701,NSEI,57.148,-134.6895,57.164667,-134.688333,665.6832,68,,,,,00,09,,,Retained,,35
2025,611,1,710,37833,ILONA B,8/4/2025 13:32,7,23,710,345701,NSEI,57.148,-134.6895,57.164667,-134.688333,665.6832,68,,,,,00,09,,,Retained,,43
2025,611,1,710,37833,ILONA B,8/4/2025 13:32,7,23,710,345701,NSEI,57.148,-134.6895,57.164667,-134.688333,665.6832,69,,,,,00,09,,,Retained,,49
2025,611,1,710,37833,ILONA B,8/4/2025 13:32,7,23,710,345701,NSEI,57.148,-134.6895,57.164667,-134.688333,665.6832,69,,,,,00,09,,,Retained,,50
2025,611,1,710,37833,ILONA B,8/4/2025 13:32,7,23,710,345701,NSEI,57.148,-134.6895,57.164667,-134.688333,665.6832,69,,,,,00,09,,,Retained,,78
2025,611,1,710,37833,ILONA B,8/4/2025 13:32,7,23,710,345701,NSEI,57.148,-134.6895,57.164667,-134.688333,665.6832,69,,,,,00,09,,,Retained,,81
2025,611,1,710,37833,ILONA B,8/4/2025 13:32,7,23,710,345701,NSEI,57.148,-134.6895,57.164667,-134.688333,665.6832,69,,,,,00,09,,,Retained,,116
2025,611,1,710,37833,ILONA B,8/4/2025 13:32,7,23,710,345701,NSEI,57.148,-134.6895,57.164667,-134.688333,665.6832,69,,,,,00,09,,,Retained,,126
2025,611,1,710,37833,ILONA B,8/4/2025 13:32,7,23,710,345701,NSEI,57.148,-134.6895,57.164667,-134.688333,665.6832,70,4,9,,01,02,07,,,Retained,,108
2025,611,1,710,37833,ILONA B,8/4/2025 13:32,7,23,710,345701,NSEI,57.148,-134.6895,57.164667,-134.688333,665.6832,70,,,,,00,09,,,Retained,,92
2025,611,1,710,37833,ILONA B,8/4/2025 13:32,7,23,710,345701,NSEI,57.148,-134.6895,57.164667,-134.688333,665.6832,71,,,,,00,09,,,Retained,,33
2025,611,1,710,37833,ILONA B,8/4/2025 13:32,7,23,710,345701,NSEI,57.148,-134.6895,57.164667,-134.688333,665.6832,71,,,,,00,09,,,Retained,,72
2025,611,1,710,37833,ILONA B,8/4/2025 13:32,7,23,710,345701,NSEI,57.148,-134.6895,57.164667,-134.688333,665.6832,71,,,,,00,09,,,Retained,,127
2025,611,1,710,37833,ILONA B,8/4/2025 13:32,7,23,710,345701,NSEI,57.148,-134.6895,57.164667,-134.688333,665.6832,71,,,,,00,09,,,Retained,,130
2025,611,1,710,37833,ILONA B,8/4/2025 13:32,7,23,710,345701,NSEI,57.148,-134.6895,57.164667,-134.688333,665.6832,71,,,,,00,09,,,Retained,,135
2025,611,1,710,37833,ILONA B,8/4/2025 13:32,7,23,710,345701,NSEI,57.148,-134.6895,57.164667,-134.688333,665.6832,72,,,,,00,09,,,Retained,,54
2025,611,1,710,37833,ILONA B,8/4/2025 13:32,7,23,710,345701,NSEI,57.148,-134.6895,57.164667,-134.688333,665.6832,72,,,,,00,09,,,Retained,,111
2025,611,1,710,37833,ILONA B,8/4/2025 13:32,7,23,710,345701,NSEI,57.148,-134.6895,57.164667,-134.688333,665.6832,72,,,,,00,09,,,Retained,,114
2025,611,1,710,37833,ILONA B,8/4/2025 13:32,7,23,710,345701,NSEI,57.148,-134.6895,57.164667,-134.688333,665.6832,72,,,,,00,09,,,Retained,,115
2025,611,1,710,37833,ILONA B,8/4/2025 13:32,7,23,710,345701,NSEI,57.148,-134.6895,57.164667,-134.688333,665.6832,73,,,,,00,09,,,Retained,,74
2025,611,1,710,37833,ILONA B,8/4/2025 13:32,7,23,710,345701,NSEI,57.148,-134.6895,57.164667,-134.688333,665.6832,74,4,10,,02,02,07,,,Retained,,95
2025,611,1,710,37833,ILONA B,8/4/2025 13:32,7,23,710,345701,NSEI,57.148,-134.6895,57.164667,-134.688333,665.6832,74,,,,,00,09,,,Retained,,28
2025,611,1,710,37833,ILONA B,8/4/2025 13:32,7,23,710,345701,NSEI,57.148,-134.6895,57.164667,-134.688333,665.6832,74,,,,,00,09,,,Retained,,101
2025,611,1,710,37833,ILONA B,8/4/2025 13:32,7,23,710,345701,NSEI,57.148,-134.6895,57.164667,-134.688333,665.6832,74,,,,,00,09,,,Retained,,112
2025,611,1,710,37833,ILONA B,8/4/2025 13:32,7,23,710,345701,NSEI,57.148,-134.6895,57.164667,-134.688333,665.6832,75,,,,,00,09,,,Retained,,69
2025,611,1,710,37833,ILONA B,8/4/2025 13:32,7,23,710,345701,NSEI,57.148,-134.6895,57.164667,-134.688333,665.6832,75,,,,,00,09,,,Retained,,83
2025,611,1,710,37833,ILONA B,8/4/2025 13:32,7,23,710,345701,NSEI,57.148,-134.6895,57.164667,-134.688333,665.6832,,,,,,,,,,Retained,,138
2025,611,1,710,37833,ILONA B,8/4/2025 13:32,7,23,710,345701,NSEI,57.148,-134.6895,57.164667,-134.688333,665.6832,,,,,,,,,,Retained,,139
2025,611,1,710,37833,ILONA B,8/4/2025 13:32,7,23,710,345701,NSEI,57.148,-134.6895,57.164667,-134.688333,665.6832,,,,,,,,,,Retained,,140
2025,611,1,710,37833,ILONA B,8/4/2025 13:32,7,23,710,345701,NSEI,57.148,-134.6895,57.164667,-134.688333,665.6832,,,,,,,,,,Retained,,141
2025,611,1,710,37833,ILONA B,8/4/2025 13:32,7,23,710,345701,NSEI,57.148,-134.6895,57.164667,-134.688333,665.6832,,,,,,,,,,Retained,,142
2025,611,1,710,37833,ILONA B,8/4/2025 13:32,7,23,710,345701,NSEI,57.148,-134.6895,57.164667,-134.688333,665.6832,,,,,,,,,,Retained,,143
2025,611,1,710,37833,ILONA B,8/4/2025 13:32,7,23,710,345701,NSEI,57.148,-134.6895,57.164667,-134.688333,665.6832,,,,,,,,,,Retained,,144
2025,611,1,710,37833,ILONA B,8/4/2025 13:32,7,23,710,345701,NSEI,57.148,-134.6895,57.164667,-134.688333,665.6832,,,,,,,,,,Retained,,145
2025,611,1,710,37833,ILONA B,8/4/2025 13:32,7,23,710,345701,NSEI,57.148,-134.6895,57.164667,-134.688333,665.6832,,,,,,,,,,Retained,,146
2025,611,1,710,37833,ILONA B,8/4/2025 13:32,7,23,710,345701,NSEI,57.148,-134.6895,57.164667,-134.688333,665.6832,,,,,,,,,,Retained,,147
2025,611,1,710,37833,ILONA B,8/4/2025 13:32,7,23,710,345701,NSEI,57.148,-134.6895,57.164667,-134.688333,665.6832,,,,,,,,,,Retained,,148
2025,611,1,710,37833,ILONA B,8/4/2025 13:32,7,23,710,345701,NSEI,57.148,-134.6895,57.164667,-134.688333,665.6832,,,,,,,,,,Retained,,149
2025,611,1,710,37833,ILONA B,8/4/2025 13:32,7,23,710,345701,NSEI,57.148,-134.6895,57.164667,-134.688333,665.6832,,,,,,,,,,Retained,,150
2025,611,1,710,37833,ILONA B,8/4/2025 13:32,7,23,710,345701,NSEI,57.148,-134.6895,57.164667,-134.688333,665.6832,,,,,,,,,,Retained,,151
2025,611,1,710,37833,ILONA B,8/4/2025 13:32,7,23,710,345701,NSEI,57.148,-134.6895,57.164667,-134.688333,665.6832,,,,,,,,,,Retained,,152
2025,611,1,710,37833,ILONA B,8/4/2025 13:32,7,23,710,345701,NSEI,57.148,-134.6895,57.164667,-134.688333,665.6832,,,,,,,,,,Retained,,153
2025,611,1,710,37833,ILONA B,8/4/2025 13:32,7,23,710,345701,NSEI,57.148,-134.6895,57.164667,-134.688333,665.6832,,,,,,,,,,Retained,,154
2025,611,1,710,37833,ILONA B,8/4/2025 13:32,7,23,710,345701,NSEI,57.148,-134.6895,57.164667,-134.688333,665.6832,,,,,,,,,,Retained,,155
2025,611,1,710,37833,ILONA B,8/4/2025 13:32,7,23,710,345701,NSEI,57.148,-134.6895,57.164667,-134.688333,665.6832,,,,,,,,,,Retained,,156
2025,611,1,710,37833,ILONA B,8/4/2025 13:32,7,23,710,345701,NSEI,57.148,-134.6895,57.164667,-134.688333,665.6832,,,,,,,,,,Retained,,157
2025,611,1,710,37833,ILONA B,8/4/2025 13:32,7,23,710,345701,NSEI,57.148,-134.6895,57.164667,-134.688333,665.6832,,,,,,,,,,Retained,,158
2025,611,1,710,37833,ILONA B,8/4/2025 13:32,7,23,710,345701,NSEI,57.148,-134.6895,57.164667,-134.688333,665.6832,,,,,,,,,,Retained,,159
2025,611,1,710,37833,ILONA B,8/4/2025 13:32,7,23,710,345701,NSEI,57.148,-134.6895,57.164667,-134.688333,665.6832,,,,,,,,,,Retained,,160
2025,611,1,710,37833,ILONA B,8/4/2025 13:32,7,23,710,345701,NSEI,57.148,-134.6895,57.164667,-134.688333,665.6832,,,,,,,,,,Retained,,161
2025,611,1,710,37833,ILONA B,8/4/2025 13:32,7,23,710,345701,NSEI,57.148,-134.6895,57.164667,-134.688333,665.6832,,,,,,,,,,Retained,,162
2025,611,1,710,37833,ILONA B,8/4/2025 13:32,7,23,710,345701,NSEI,57.148,-134.6895,57.164667,-134.688333,665.6832,,,,,,,,,,Retained,,163
2025,611,1,710,37833,ILONA B,8/4/2025 13:32,7,23,710,345701,NSEI,57.148,-134.6895,57.164667,-134.688333,665.6832,,,,,,,,,,Retained,,164
2025,611,1,710,37833,ILONA B,8/4/2025 13:32,7,23,710,345701,NSEI,57.148,-134.6895,57.164667,-134.688333,665.6832,,,,,,,,,,Retained,,165
2025,611,1,710,37833,ILONA B,8/4/2025 13:32,7,23,710,345701,NSEI,57.148,-134.6895,57.164667,-134.688333,665.6832,,,,,,,,,,Retained,,166
2025,611,1,710,37833,ILONA B,8/4/2025 13:32,7,23,710,345701,NSEI,57.148,-134.6895,57.164667,-134.688333,665.6832,,,,,,,,,,Retained,,167
2025,611,1,710,37833,ILONA B,8/4/2025 13:32,7,23,710,345701,NSEI,57.148,-134.6895,57.164667,-134.688333,665.6832,,,,,,,,,,Retained,,168
2025,611,1,710,37833,ILONA B,8/4/2025 13:32,7,23,710,345701,NSEI,57.148,-134.6895,57.164667,-134.688333,665.6832,,,,,,,,,,Retained,,169
2025,611,1,710,37833,ILONA B,8/4/2025 13:32,7,23,710,345701,NSEI,57.148,-134.6895,57.164667,-134.688333,665.6832,,,,,,,,,,Retained,,170
2025,611,1,710,37833,ILONA B,8/4/2025 13:32,7,23,710,345701,NSEI,57.148,-134.6895,57.164667,-134.688333,665.6832,,,,,,,,,,Retained,,171
2025,611,1,710,37833,ILONA B,8/4/2025 13:32,7,23,710,345701,NSEI,57.148,-134.6895,57.164667,-134.688333,665.6832,,,,,,,,,,Retained,,172
2025,611,1,710,37833,ILONA B,8/4/2025 13:32,7,23,710,345701,NSEI,57.148,-134.6895,57.164667,-134.688333,665.6832,,,,,,,,,,Retained,,173
2025,611,1,710,37833,ILONA B,8/4/2025 13:32,7,23,710,345701,NSEI,57.148,-134.6895,57.164667,-134.688333,665.6832,,,,,,,,,,Retained,,174
2025,611,1,710,37833,ILONA B,8/4/2025 13:32,7,23,710,345701,NSEI,57.148,-134.6895,57.164667,-134.688333,665.6832,,,,,,,,,,Retained,,175
2025,611,1,710,37833,ILONA B,8/4/2025 13:32,7,23,710,345701,NSEI,57.148,-134.6895,57.164667,-134.688333,665.6832,,,,,,,,,,Retained,,176
2025,611,1,710,37833,ILONA B,8/4/2025 13:32,7,23,710,345701,NSEI,57.148,-134.6895,57.164667,-134.688333,665.6832,,,,,,,,,,Retained,,177
2025,611,1,710,37833,ILONA B,8/4/2025 13:32,7,23,710,345701,NSEI,57.148,-134.6895,57.164667,-134.688333,665.6832,,,,,,,,,,Retained,,178
2025,611,1,710,37833,ILONA B,8/4/2025 13:32,7,23,710,345701,NSEI,57.148,-134.6895,57.164667,-134.688333,665.6832,,,,,,,,,,Retained,,179
2025,611,1,710,37833,ILONA B,8/4/2025 13:32,7,23,710,345701,NSEI,57.148,-134.6895,57.164667,-134.688333,665.6832,,,,,,,,,,Retained,,180
2025,611,1,710,37833,ILONA B,8/4/2025 13:32,7,23,710,345701,NSEI,57.148,-134.6895,57.164667,-134.688333,665.6832,,,,,,,,,,Retained,,181
2025,611,1,710,37833,ILONA B,8/4/2025 13:32,7,23,710,345701,NSEI,57.148,-134.6895,57.164667,-134.688333,665.6832,,,,,,,,,,Retained,,182
2025,611,1,710,37833,ILONA B,8/4/2025 13:32,7,23,710,345701,NSEI,57.148,-134.6895,57.164667,-134.688333,665.6832,,,,,,,,,,Retained,,183
2025,611,1,710,37833,ILONA B,8/4/2025 13:32,7,23,710,345701,NSEI,57.148,-134.6895,57.164667,-134.688333,665.6832,,,,,,,,,,Retained,,184
2025,611,1,710,37833,ILONA B,8/4/2025 13:32,7,23,710,345701,NSEI,57.148,-134.6895,57.164667,-134.688333,665.6832,,,,,,,,,,Retained,,185
2025,611,1,710,37833,ILONA B,8/4/2025 13:32,7,23,710,345701,NSEI,57.148,-134.6895,57.164667,-134.688333,665.6832,,,,,,,,,,Retained,,186
2025,611,1,710,37833,ILONA B,8/4/2025 13:32,7,23,710,345701,NSEI,57.148,-134.6895,57.164667,-134.688333,665.6832,,,,,,,,,,Retained,,187
2025,611,1,710,37833,ILONA B,8/4/2025 13:32,7,23,710,345701,NSEI,57.148,-134.6895,57.164667,-134.688333,665.6832,,,,,,,,,,Retained,,188
2025,611,1,710,37833,ILONA B,8/4/2025 13:32,7,23,710,345701,NSEI,57.148,-134.6895,57.164667,-134.688333,665.6832,,,,,,,,,,Retained,,189
2025,611,1,710,37833,ILONA B,8/4/2025 13:32,7,23,710,345701,NSEI,57.148,-134.6895,57.164667,-134.688333,665.6832,,,,,,,,,,Retained,,190
2025,611,1,710,37833,ILONA B,8/4/2025 13:32,7,23,710,345701,NSEI,57.148,-134.6895,57.164667,-134.688333,665.6832,,,,,,,,,,Retained,,191
2025,611,1,710,37833,ILONA B,8/4/2025 13:32,7,23,710,345701,NSEI,57.148,-134.6895,57.164667,-134.688333,665.6832,,,,,,,,,,Retained,,192
2025,611,1,710,37833,ILONA B,8/4/2025 13:32,7,23,710,345701,NSEI,57.148,-134.6895,57.164667,-134.688333,665.6832,,,,,,,,,,Retained,,193
2025,611,1,710,37833,ILONA B,8/4/2025 13:32,7,23,710,345701,NSEI,57.148,-134.6895,57.164667,-134.688333,665.6832,,,,,,,,,,Retained,,194
2025,611,1,710,37833,ILONA B,8/4/2025 13:32,7,23,710,345701,NSEI,57.148,-134.6895,57.164667,-134.688333,665.6832,,,,,,,,,,Retained,,195
2025,611,1,710,37833,ILONA B,8/4/2025 13:32,7,23,710,345701,NSEI,57.148,-134.6895,57.164667,-134.688333,665.6832,,,,,,,,,,Retained,,196
2025,611,1,710,37833,ILONA B,8/4/2025 13:32,7,23,710,345701,NSEI,57.148,-134.6895,57.164667,-134.688333,665.6832,,,,,,,,,,Retained,,197
2025,611,1,710,37833,ILONA B,8/4/2025 13:32,7,23,710,345701,NSEI,57.148,-134.6895,57.164667,-134.688333,665.6832,,,,,,,,,,Retained,,198
2025,611,1,710,37833,ILONA B,8/4/2025 13:32,7,23,710,345701,NSEI,57.148,-134.6895,57.164667,-134.688333,665.6832,,,,,,,,,,Retained,,199
2025,611,1,710,37833,ILONA B,8/4/2025 13:32,7,23,710,345701,NSEI,57.148,-134.6895,57.164667,-134.688333,665.6832,,,,,,,,,,Retained,,200
2025,611,1,710,37833,ILONA B,8/4/2025 13:32,7,23,710,345701,NSEI,57.148,-134.6895,57.164667,-134.688333,665.6832,,,,,,,,,,Retained,,201
2025,611,1,710,37833,ILONA B,8/4/2025 13:32,7,23,710,345701,NSEI,57.148,-134.6895,57.164667,-134.688333,665.6832,,,,,,,,,,Retained,,202
2025,611,1,710,37833,ILONA B,8/4/2025 13:32,7,23,710,345701,NSEI,57.148,-134.6895,57.164667,-134.688333,665.6832,,,,,,,,,,Retained,,203
2025,611,1,710,37833,ILONA B,8/4/2025 13:32,7,23,710,345701,NSEI,57.148,-134.6895,57.164667,-134.688333,665.6832,,,,,,,,,,Retained,,204
2025,611,1,710,37833,ILONA B,8/4/2025 13:32,7,23,710,345701,NSEI,57.148,-134.6895,57.164667,-134.688333,665.6832,,,,,,,,,,Retained,,205
2025,611,1,710,37833,ILONA B,8/4/2025 13:32,7,23,710,345701,NSEI,57.148,-134.6895,57.164667,-134.688333,665.6832,,,,,,,,,,Retained,,206
2025,611,1,710,37833,ILONA B,8/4/2025 13:32,7,23,710,345701,NSEI,57.148,-134.6895,57.164667,-134.688333,665.6832,,,,,,,,,,Retained,,207
2025,611,1,710,37833,ILONA B,8/4/2025 13:32,7,23,710,345701,NSEI,57.148,-134.6895,57.164667,-134.688333,665.6832,,,,,,,,,,Retained,,208
2025,611,1,710,37833,ILONA B,8/4/2025 13:32,7,23,710,345701,NSEI,57.148,-134.6895,57.164667,-134.688333,665.6832,,,,,,,,,,Retained,,209
2025,611,1,710,37833,ILONA B,8/4/2025 13:32,7,23,710,345701,NSEI,57.148,-134.6895,57.164667,-134.688333,665.6832,,,,,,,,,,Retained,,210
2025,611,1,710,37833,ILONA B,8/4/2025 13:32,7,23,710,345701,NSEI,57.148,-134.6895,57.164667,-134.688333,665.6832,,,,,,,,,,Retained,,211
2025,611,1,710,37833,ILONA B,8/4/2025 13:32,7,23,710,345701,NSEI,57.148,-134.6895,57.164667,-134.688333,665.6832,,,,,,,,,,Retained,,212
2025,611,1,710,37833,ILONA B,8/4/2025 13:32,7,23,710,345701,NSEI,57.148,-134.6895,57.164667,-134.688333,665.6832,,,,,,,,,,Retained,,213
2025,611,1,710,37833,ILONA B,8/4/2025 13:32,7,23,710,345701,NSEI,57.148,-134.6895,57.164667,-134.688333,665.6832,,,,,,,,,,Retained,,214
2025,611,1,710,37833,ILONA B,8/4/2025 13:32,7,23,710,345701,NSEI,57.148,-134.6895,57.164667,-134.688333,665.6832,,,,,,,,,,Retained,,215
2025,611,1,710,37833,ILONA B,8/4/2025 13:32,7,23,710,345701,NSEI,57.148,-134.6895,57.164667,-134.688333,665.6832,,,,,,,,,,Retained,,216
2025,611,1,710,37833,ILONA B,8/4/2025 13:32,7,23,710,345701,NSEI,57.148,-134.6895,57.164667,-134.688333,665.6832,,,,,,,,,,Retained,,217
2025,611,1,710,37833,ILONA B,8/4/2025 13:32,7,23,710,345701,NSEI,57.148,-134.6895,57.164667,-134.688333,665.6832,,,,,,,,,,Retained,,218
2025,611,1,710,37833,ILONA B,8/4/2025 13:32,7,23,710,345701,NSEI,57.148,-134.6895,57.164667,-134.688333,665.6832,,,,,,,,,,Retained,,219
2025,611,1,710,37833,ILONA B,8/4/2025 13:32,7,23,710,345701,NSEI,57.148,-134.6895,57.164667,-134.688333,665.6832,,,,,,,,,,Retained,,220
2025,611,1,710,37833,ILONA B,8/4/2025 13:32,7,23,710,345701,NSEI,57.148,-134.6895,57.164667,-134.688333,665.6832,,,,,,,,,,Retained,,221
2025,611,1,710,37833,ILONA B,8/4/2025 16:41,8,22,710,345701,NSEI,57.175833,-134.765,57.191667,-134.773833,598.0176,43,,,,,00,09,,,Retained,,10
2025,611,1,710,37833,ILONA B,8/4/2025 16:41,8,22,710,345701,NSEI,57.175833,-134.765,57.191667,-134.773833,598.0176,47,,,,,00,09,,,Retained,,17
2025,611,1,710,37833,ILONA B,8/4/2025 16:41,8,22,710,345701,NSEI,57.175833,-134.765,57.191667,-134.773833,598.0176,48,,,,,00,09,,,Retained,,75
2025,611,1,710,37833,ILONA B,8/4/2025 16:41,8,22,710,345701,NSEI,57.175833,-134.765,57.191667,-134.773833,598.0176,48,,,,,00,09,,,Retained,,89
2025,611,1,710,37833,ILONA B,8/4/2025 16:41,8,22,710,345701,NSEI,57.175833,-134.765,57.191667,-134.773833,598.0176,49,,,,,00,09,,,Retained,,35
2025,611,1,710,37833,ILONA B,8/4/2025 16:41,8,22,710,345701,NSEI,57.175833,-134.765,57.191667,-134.773833,598.0176,49,,,,,00,09,,,Retained,,52
2025,611,1,710,37833,ILONA B,8/4/2025 16:41,8,22,710,345701,NSEI,57.175833,-134.765,57.191667,-134.773833,598.0176,49,,,,,00,09,,,Retained,,62
2025,611,1,710,37833,ILONA B,8/4/2025 16:41,8,22,710,345701,NSEI,57.175833,-134.765,57.191667,-134.773833,598.0176,50,1.2,8,,03,01,01,,,Retained,,141
2025,611,1,710,37833,ILONA B,8/4/2025 16:41,8,22,710,345701,NSEI,57.175833,-134.765,57.191667,-134.773833,598.0176,50,,,,,00,09,,,Retained,,29
2025,611,1,710,37833,ILONA B,8/4/2025 16:41,8,22,710,345701,NSEI,57.175833,-134.765,57.191667,-134.773833,598.0176,50,,,,,00,09,,,Retained,,38
2025,611,1,710,37833,ILONA B,8/4/2025 16:41,8,22,710,345701,NSEI,57.175833,-134.765,57.191667,-134.773833,598.0176,50,,,,,00,09,,,Retained,,79
2025,611,1,710,37833,ILONA B,8/4/2025 16:41,8,22,710,345701,NSEI,57.175833,-134.765,57.191667,-134.773833,598.0176,51,1.3,6,,02,02,01,,,Retained,,41
2025,611,1,710,37833,ILONA B,8/4/2025 16:41,8,22,710,345701,NSEI,57.175833,-134.765,57.191667,-134.773833,598.0176,51,,,,,00,09,,,Retained,,59
2025,611,1,710,37833,ILONA B,8/4/2025 16:41,8,22,710,345701,NSEI,57.175833,-134.765,57.191667,-134.773833,598.0176,52,,,,,00,09,,,Retained,,24
2025,611,1,710,37833,ILONA B,8/4/2025 16:41,8,22,710,345701,NSEI,57.175833,-134.765,57.191667,-134.773833,598.0176,52,,,,,00,09,,,Retained,,50
2025,611,1,710,37833,ILONA B,8/4/2025 16:41,8,22,710,345701,NSEI,57.175833,-134.765,57.191667,-134.773833,598.0176,52,,,,,00,09,,,Retained,,90
2025,611,1,710,37833,ILONA B,8/4/2025 16:41,8,22,710,345701,NSEI,57.175833,-134.765,57.191667,-134.773833,598.0176,53,1.5,8,,04,01,01,,,Retained,,46
2025,611,1,710,37833,ILONA B,8/4/2025 16:41,8,22,710,345701,NSEI,57.175833,-134.765,57.191667,-134.773833,598.0176,54,1.6,4,,03,01,01,,,Retained,,16
2025,611,1,710,37833,ILONA B,8/4/2025 16:41,8,22,710,345701,NSEI,57.175833,-134.765,57.191667,-134.773833,598.0176,54,,,,,00,09,,,Retained,,19
2025,611,1,710,37833,ILONA B,8/4/2025 16:41,8,22,710,345701,NSEI,57.175833,-134.765,57.191667,-134.773833,598.0176,54,,,,,00,09,,,Retained,,34
2025,611,1,710,37833,ILONA B,8/4/2025 16:41,8,22,710,345701,NSEI,57.175833,-134.765,57.191667,-134.773833,598.0176,54,,,,,00,09,,,Retained,,53
2025,611,1,710,37833,ILONA B,8/4/2025 16:41,8,22,710,345701,NSEI,57.175833,-134.765,57.191667,-134.773833,598.0176,54,,,,,00,09,,,Retained,,139
2025,611,1,710,37833,ILONA B,8/4/2025 16:41,8,22,710,345701,NSEI,57.175833,-134.765,57.191667,-134.773833,598.0176,55,1.6,6,,02,01,01,,,Retained,,116
2025,611,1,710,37833,ILONA B,8/4/2025 16:41,8,22,710,345701,NSEI,57.175833,-134.765,57.191667,-134.773833,598.0176,55,,,,,00,09,,,Retained,,7
2025,611,1,710,37833,ILONA B,8/4/2025 16:41,8,22,710,345701,NSEI,57.175833,-134.765,57.191667,-134.773833,598.0176,55,,,,,00,09,,,Retained,,27
2025,611,1,710,37833,ILONA B,8/4/2025 16:41,8,22,710,345701,NSEI,57.175833,-134.765,57.191667,-134.773833,598.0176,55,,,,,00,09,,,Retained,,42
2025,611,1,710,37833,ILONA B,8/4/2025 16:41,8,22,710,345701,NSEI,57.175833,-134.765,57.191667,-134.773833,598.0176,55,,,,,00,09,,,Retained,,58
2025,611,1,710,37833,ILONA B,8/4/2025 16:41,8,22,710,345701,NSEI,57.175833,-134.765,57.191667,-134.773833,598.0176,55,,,,,00,09,,,Retained,,72
2025,611,1,710,37833,ILONA B,8/4/2025 16:41,8,22,710,345701,NSEI,57.175833,-134.765,57.191667,-134.773833,598.0176,55,,,,,00,09,,,Retained,,73
2025,611,1,710,37833,ILONA B,8/4/2025 16:41,8,22,710,345701,NSEI,57.175833,-134.765,57.191667,-134.773833,598.0176,55,,,,,00,09,,,Retained,,84
2025,611,1,710,37833,ILONA B,8/4/2025 16:41,8,22,710,345701,NSEI,57.175833,-134.765,57.191667,-134.773833,598.0176,55,,,,,00,09,,,Retained,,99
2025,611,1,710,37833,ILONA B,8/4/2025 16:41,8,22,710,345701,NSEI,57.175833,-134.765,57.191667,-134.773833,598.0176,55,,,,,00,09,,,Retained,,117
2025,611,1,710,37833,ILONA B,8/4/2025 16:41,8,22,710,345701,NSEI,57.175833,-134.765,57.191667,-134.773833,598.0176,55,,,,,00,09,,,Retained,,142
2025,611,1,710,37833,ILONA B,8/4/2025 16:41,8,22,710,345701,NSEI,57.175833,-134.765,57.191667,-134.773833,598.0176,56,,,,,00,09,,,Retained,,22
2025,611,1,710,37833,ILONA B,8/4/2025 16:41,8,22,710,345701,NSEI,57.175833,-134.765,57.191667,-134.773833,598.0176,56,,,,,00,09,,,Retained,,37
2025,611,1,710,37833,ILONA B,8/4/2025 16:41,8,22,710,345701,NSEI,57.175833,-134.765,57.191667,-134.773833,598.0176,56,,,,,00,09,,,Retained,,48
2025,611,1,710,37833,ILONA B,8/4/2025 16:41,8,22,710,345701,NSEI,57.175833,-134.765,57.191667,-134.773833,598.0176,56,,,,,00,09,,,Retained,,55
2025,611,1,710,37833,ILONA B,8/4/2025 16:41,8,22,710,345701,NSEI,57.175833,-134.765,57.191667,-134.773833,598.0176,56,,,,,00,09,,,Retained,,80
2025,611,1,710,37833,ILONA B,8/4/2025 16:41,8,22,710,345701,NSEI,57.175833,-134.765,57.191667,-134.773833,598.0176,56,,,,,00,09,,,Retained,,103
2025,611,1,710,37833,ILONA B,8/4/2025 16:41,8,22,710,345701,NSEI,57.175833,-134.765,57.191667,-134.773833,598.0176,56,,,,,00,09,,,Retained,,125
2025,611,1,710,37833,ILONA B,8/4/2025 16:41,8,22,710,345701,NSEI,57.175833,-134.765,57.191667,-134.773833,598.0176,56,,,,,00,09,,,Retained,,132
2025,611,1,710,37833,ILONA B,8/4/2025 16:41,8,22,710,345701,NSEI,57.175833,-134.765,57.191667,-134.773833,598.0176,56,,,,,00,09,,,Retained,,144
2025,611,1,710,37833,ILONA B,8/4/2025 16:41,8,22,710,345701,NSEI,57.175833,-134.765,57.191667,-134.773833,598.0176,57,1.7,5,,03,02,01,,,Retained,,81
2025,611,1,710,37833,ILONA B,8/4/2025 16:41,8,22,710,345701,NSEI,57.175833,-134.765,57.191667,-134.773833,598.0176,57,2,3,,01,01,01,,,Retained,,21
2025,611,1,710,37833,ILONA B,8/4/2025 16:41,8,22,710,345701,NSEI,57.175833,-134.765,57.191667,-134.773833,598.0176,57,2,6,,02,02,01,,,Retained,,56
2025,611,1,710,37833,ILONA B,8/4/2025 16:41,8,22,710,345701,NSEI,57.175833,-134.765,57.191667,-134.773833,598.0176,57,2,7,,03,02,01,,,Retained,,51
2025,611,1,710,37833,ILONA B,8/4/2025 16:41,8,22,710,345701,NSEI,57.175833,-134.765,57.191667,-134.773833,598.0176,57,,,,,00,09,,,Retained,,3
2025,611,1,710,37833,ILONA B,8/4/2025 16:41,8,22,710,345701,NSEI,57.175833,-134.765,57.191667,-134.773833,598.0176,57,,,,,00,09,,,Retained,,9
2025,611,1,710,37833,ILONA B,8/4/2025 16:41,8,22,710,345701,NSEI,57.175833,-134.765,57.191667,-134.773833,598.0176,57,,,,,00,09,,,Retained,,28
2025,611,1,710,37833,ILONA B,8/4/2025 16:41,8,22,710,345701,NSEI,57.175833,-134.765,57.191667,-134.773833,598.0176,57,,,,,00,09,,,Retained,,32
2025,611,1,710,37833,ILONA B,8/4/2025 16:41,8,22,710,345701,NSEI,57.175833,-134.765,57.191667,-134.773833,598.0176,57,,,,,00,09,,,Retained,,40
2025,611,1,710,37833,ILONA B,8/4/2025 16:41,8,22,710,345701,NSEI,57.175833,-134.765,57.191667,-134.773833,598.0176,57,,,,,00,09,,,Retained,,57
2025,611,1,710,37833,ILONA B,8/4/2025 16:41,8,22,710,345701,NSEI,57.175833,-134.765,57.191667,-134.773833,598.0176,57,,,,,00,09,,,Retained,,68
2025,611,1,710,37833,ILONA B,8/4/2025 16:41,8,22,710,345701,NSEI,57.175833,-134.765,57.191667,-134.773833,598.0176,57,,,,,00,09,,,Retained,,74
2025,611,1,710,37833,ILONA B,8/4/2025 16:41,8,22,710,345701,NSEI,57.175833,-134.765,57.191667,-134.773833,598.0176,57,,,,,00,09,,,Retained,,115
2025,611,1,710,37833,ILONA B,8/4/2025 16:41,8,22,710,345701,NSEI,57.175833,-134.765,57.191667,-134.773833,598.0176,57,,,,,00,09,,,Retained,,124
2025,611,1,710,37833,ILONA B,8/4/2025 16:41,8,22,710,345701,NSEI,57.175833,-134.765,57.191667,-134.773833,598.0176,57,,,,,00,09,,,Retained,,140
2025,611,1,710,37833,ILONA B,8/4/2025 16:41,8,22,710,345701,NSEI,57.175833,-134.765,57.191667,-134.773833,598.0176,58,1.9,6,,02,01,01,,,Retained,,76
2025,611,1,710,37833,ILONA B,8/4/2025 16:41,8,22,710,345701,NSEI,57.175833,-134.765,57.191667,-134.773833,598.0176,58,1.9,19,,03,01,01,,,Retained,,101
2025,611,1,710,37833,ILONA B,8/4/2025 16:41,8,22,710,345701,NSEI,57.175833,-134.765,57.191667,-134.773833,598.0176,58,2.1,7,,02,02,01,,,Retained,,106
2025,611,1,710,37833,ILONA B,8/4/2025 16:41,8,22,710,345701,NSEI,57.175833,-134.765,57.191667,-134.773833,598.0176,58,2.1,8,,04,01,07,,,Retained,,26
2025,611,1,710,37833,ILONA B,8/4/2025 16:41,8,22,710,345701,NSEI,57.175833,-134.765,57.191667,-134.773833,598.0176,58,2.2,12,,03,01,07,,,Retained,,131
2025,611,1,710,37833,ILONA B,8/4/2025 16:41,8,22,710,345701,NSEI,57.175833,-134.765,57.191667,-134.773833,598.0176,58,2.3,9,,01,01,07,,,Retained,,111
2025,611,1,710,37833,ILONA B,8/4/2025 16:41,8,22,710,345701,NSEI,57.175833,-134.765,57.191667,-134.773833,598.0176,58,,,,,00,09,,,Retained,,2
2025,611,1,710,37833,ILONA B,8/4/2025 16:41,8,22,710,345701,NSEI,57.175833,-134.765,57.191667,-134.773833,598.0176,58,,,,,00,09,,,Retained,,23
2025,611,1,710,37833,ILONA B,8/4/2025 16:41,8,22,710,345701,NSEI,57.175833,-134.765,57.191667,-134.773833,598.0176,58,,,,,00,09,,,Retained,,45
2025,611,1,710,37833,ILONA B,8/4/2025 16:41,8,22,710,345701,NSEI,57.175833,-134.765,57.191667,-134.773833,598.0176,58,,,,,00,09,,,Retained,,70
2025,611,1,710,37833,ILONA B,8/4/2025 16:41,8,22,710,345701,NSEI,57.175833,-134.765,57.191667,-134.773833,598.0176,58,,,,,00,09,,,Retained,,87
2025,611,1,710,37833,ILONA B,8/4/2025 16:41,8,22,710,345701,NSEI,57.175833,-134.765,57.191667,-134.773833,598.0176,58,,,,,00,09,,,Retained,,88
2025,611,1,710,37833,ILONA B,8/4/2025 16:41,8,22,710,345701,NSEI,57.175833,-134.765,57.191667,-134.773833,598.0176,58,,,,,00,09,,,Retained,,93
2025,611,1,710,37833,ILONA B,8/4/2025 16:41,8,22,710,345701,NSEI,57.175833,-134.765,57.191667,-134.773833,598.0176,58,,,,,00,09,,,Retained,,100
2025,611,1,710,37833,ILONA B,8/4/2025 16:41,8,22,710,345701,NSEI,57.175833,-134.765,57.191667,-134.773833,598.0176,58,,,,,00,09,,,Retained,,105
2025,611,1,710,37833,ILONA B,8/4/2025 16:41,8,22,710,345701,NSEI,57.175833,-134.765,57.191667,-134.773833,598.0176,58,,,,,00,09,,,Retained,,109
2025,611,1,710,37833,ILONA B,8/4/2025 16:41,8,22,710,345701,NSEI,57.175833,-134.765,57.191667,-134.773833,598.0176,58,,,,,00,09,,,Retained,,120
2025,611,1,710,37833,ILONA B,8/4/2025 16:41,8,22,710,345701,NSEI,57.175833,-134.765,57.191667,-134.773833,598.0176,58,,,,,00,09,,,Retained,,122
2025,611,1,710,37833,ILONA B,8/4/2025 16:41,8,22,710,345701,NSEI,57.175833,-134.765,57.191667,-134.773833,598.0176,58,,,,,00,09,,,Retained,,130
2025,611,1,710,37833,ILONA B,8/4/2025 16:41,8,22,710,345701,NSEI,57.175833,-134.765,57.191667,-134.773833,598.0176,58,,,,,00,09,,,Retained,,145
2025,611,1,710,37833,ILONA B,8/4/2025 16:41,8,22,710,345701,NSEI,57.175833,-134.765,57.191667,-134.773833,598.0176,59,2.1,4,,01,02,01,,,Retained,,61
2025,611,1,710,37833,ILONA B,8/4/2025 16:41,8,22,710,345701,NSEI,57.175833,-134.765,57.191667,-134.773833,598.0176,59,2.3,9,,02,01,07,,,Retained,,96
2025,611,1,710,37833,ILONA B,8/4/2025 16:41,8,22,710,345701,NSEI,57.175833,-134.765,57.191667,-134.773833,598.0176,59,,,,,00,09,,,Retained,,14
2025,611,1,710,37833,ILONA B,8/4/2025 16:41,8,22,710,345701,NSEI,57.175833,-134.765,57.191667,-134.773833,598.0176,59,,,,,00,09,,,Retained,,30
2025,611,1,710,37833,ILONA B,8/4/2025 16:41,8,22,710,345701,NSEI,57.175833,-134.765,57.191667,-134.773833,598.0176,59,,,,,00,09,,,Retained,,69
2025,611,1,710,37833,ILONA B,8/4/2025 16:41,8,22,710,345701,NSEI,57.175833,-134.765,57.191667,-134.773833,598.0176,59,,,,,00,09,,,Retained,,104
2025,611,1,710,37833,ILONA B,8/4/2025 16:41,8,22,710,345701,NSEI,57.175833,-134.765,57.191667,-134.773833,598.0176,59,,,,,00,09,,,Retained,,108
2025,611,1,710,37833,ILONA B,8/4/2025 16:41,8,22,710,345701,NSEI,57.175833,-134.765,57.191667,-134.773833,598.0176,59,,,,,00,09,,,Retained,,114
2025,611,1,710,37833,ILONA B,8/4/2025 16:41,8,22,710,345701,NSEI,57.175833,-134.765,57.191667,-134.773833,598.0176,59,,,,,00,09,,,Retained,,127
2025,611,1,710,37833,ILONA B,8/4/2025 16:41,8,22,710,345701,NSEI,57.175833,-134.765,57.191667,-134.773833,598.0176,59,,,,,00,09,,,Retained,,137
2025,611,1,710,37833,ILONA B,8/4/2025 16:41,8,22,710,345701,NSEI,57.175833,-134.765,57.191667,-134.773833,598.0176,60,2.1,5,,02,02,01,,,Retained,,126
2025,611,1,710,37833,ILONA B,8/4/2025 16:41,8,22,710,345701,NSEI,57.175833,-134.765,57.191667,-134.773833,598.0176,60,2.1,9,,02,01,07,,,Retained,,136
2025,611,1,710,37833,ILONA B,8/4/2025 16:41,8,22,710,345701,NSEI,57.175833,-134.765,57.191667,-134.773833,598.0176,60,,,,,00,09,,,Retained,,49
2025,611,1,710,37833,ILONA B,8/4/2025 16:41,8,22,710,345701,NSEI,57.175833,-134.765,57.191667,-134.773833,598.0176,60,,,,,00,09,,,Retained,,64
2025,611,1,710,37833,ILONA B,8/4/2025 16:41,8,22,710,345701,NSEI,57.175833,-134.765,57.191667,-134.773833,598.0176,60,,,,,00,09,,,Retained,,83
2025,611,1,710,37833,ILONA B,8/4/2025 16:41,8,22,710,345701,NSEI,57.175833,-134.765,57.191667,-134.773833,598.0176,60,,,,,00,09,,,Retained,,85
2025,611,1,710,37833,ILONA B,8/4/2025 16:41,8,22,710,345701,NSEI,57.175833,-134.765,57.191667,-134.773833,598.0176,60,,,,,00,09,,,Retained,,134
2025,611,1,710,37833,ILONA B,8/4/2025 16:41,8,22,710,345701,NSEI,57.175833,-134.765,57.191667,-134.773833,598.0176,60,,,,,00,09,,,Retained,,138
2025,611,1,710,37833,ILONA B,8/4/2025 16:41,8,22,710,345701,NSEI,57.175833,-134.765,57.191667,-134.773833,598.0176,61,2.4,7,,02,01,07,,,Retained,,91
2025,611,1,710,37833,ILONA B,8/4/2025 16:41,8,22,710,345701,NSEI,57.175833,-134.765,57.191667,-134.773833,598.0176,61,,,,,00,09,,,Retained,,13
2025,611,1,710,37833,ILONA B,8/4/2025 16:41,8,22,710,345701,NSEI,57.175833,-134.765,57.191667,-134.773833,598.0176,61,,,,,00,09,,,Retained,,33
2025,611,1,710,37833,ILONA B,8/4/2025 16:41,8,22,710,345701,NSEI,57.175833,-134.765,57.191667,-134.773833,598.0176,61,,,,,00,09,,,Retained,,44
2025,611,1,710,37833,ILONA B,8/4/2025 16:41,8,22,710,345701,NSEI,57.175833,-134.765,57.191667,-134.773833,598.0176,61,,,,,00,09,,,Retained,,54
2025,611,1,710,37833,ILONA B,8/4/2025 16:41,8,22,710,345701,NSEI,57.175833,-134.765,57.191667,-134.773833,598.0176,62,2.4,4,,03,02,07,,,Retained,,1
2025,611,1,710,37833,ILONA B,8/4/2025 16:41,8,22,710,345701,NSEI,57.175833,-134.765,57.191667,-134.773833,598.0176,62,2.7,10,,02,01,07,,,Retained,,11
2025,611,1,710,37833,ILONA B,8/4/2025 16:41,8,22,710,345701,NSEI,57.175833,-134.765,57.191667,-134.773833,598.0176,62,,,,,00,09,,,Retained,,18
2025,611,1,710,37833,ILONA B,8/4/2025 16:41,8,22,710,345701,NSEI,57.175833,-134.765,57.191667,-134.773833,598.0176,62,,,,,00,09,,,Retained,,20
2025,611,1,710,37833,ILONA B,8/4/2025 16:41,8,22,710,345701,NSEI,57.175833,-134.765,57.191667,-134.773833,598.0176,62,,,,,00,09,,,Retained,,25
2025,611,1,710,37833,ILONA B,8/4/2025 16:41,8,22,710,345701,NSEI,57.175833,-134.765,57.191667,-134.773833,598.0176,62,,,,,00,09,,,Retained,,47
2025,611,1,710,37833,ILONA B,8/4/2025 16:41,8,22,710,345701,NSEI,57.175833,-134.765,57.191667,-134.773833,598.0176,62,,,,,00,09,,,Retained,,60
2025,611,1,710,37833,ILONA B,8/4/2025 16:41,8,22,710,345701,NSEI,57.175833,-134.765,57.191667,-134.773833,598.0176,62,,,,,00,09,,,Retained,,63
2025,611,1,710,37833,ILONA B,8/4/2025 16:41,8,22,710,345701,NSEI,57.175833,-134.765,57.191667,-134.773833,598.0176,62,,,,,00,09,,,Retained,,67
2025,611,1,710,37833,ILONA B,8/4/2025 16:41,8,22,710,345701,NSEI,57.175833,-134.765,57.191667,-134.773833,598.0176,62,,,,,00,09,,,Retained,,98
2025,611,1,710,37833,ILONA B,8/4/2025 16:41,8,22,710,345701,NSEI,57.175833,-134.765,57.191667,-134.773833,598.0176,62,,,,,00,09,,,Retained,,107
2025,611,1,710,37833,ILONA B,8/4/2025 16:41,8,22,710,345701,NSEI,57.175833,-134.765,57.191667,-134.773833,598.0176,62,,,,,00,09,,,Retained,,110
2025,611,1,710,37833,ILONA B,8/4/2025 16:41,8,22,710,345701,NSEI,57.175833,-134.765,57.191667,-134.773833,598.0176,62,,,,,00,09,,,Retained,,113
2025,611,1,710,37833,ILONA B,8/4/2025 16:41,8,22,710,345701,NSEI,57.175833,-134.765,57.191667,-134.773833,598.0176,62,,,,,00,09,,,Retained,,123
2025,611,1,710,37833,ILONA B,8/4/2025 16:41,8,22,710,345701,NSEI,57.175833,-134.765,57.191667,-134.773833,598.0176,62,,,,,00,09,,,Retained,,128
2025,611,1,710,37833,ILONA B,8/4/2025 16:41,8,22,710,345701,NSEI,57.175833,-134.765,57.191667,-134.773833,598.0176,62,,,,,00,09,,,Retained,,133
2025,611,1,710,37833,ILONA B,8/4/2025 16:41,8,22,710,345701,NSEI,57.175833,-134.765,57.191667,-134.773833,598.0176,63,2.8,6,,02,02,07,,,Retained,,71
2025,611,1,710,37833,ILONA B,8/4/2025 16:41,8,22,710,345701,NSEI,57.175833,-134.765,57.191667,-134.773833,598.0176,63,,,,,00,09,,,Retained,,4
2025,611,1,710,37833,ILONA B,8/4/2025 16:41,8,22,710,345701,NSEI,57.175833,-134.765,57.191667,-134.773833,598.0176,63,,,,,00,09,,,Retained,,5
2025,611,1,710,37833,ILONA B,8/4/2025 16:41,8,22,710,345701,NSEI,57.175833,-134.765,57.191667,-134.773833,598.0176,63,,,,,00,09,,,Retained,,12
2025,611,1,710,37833,ILONA B,8/4/2025 16:41,8,22,710,345701,NSEI,57.175833,-134.765,57.191667,-134.773833,598.0176,63,,,,,00,09,,,Retained,,39
2025,611,1,710,37833,ILONA B,8/4/2025 16:41,8,22,710,345701,NSEI,57.175833,-134.765,57.191667,-134.773833,598.0176,63,,,,,00,09,,,Retained,,78
2025,611,1,710,37833,ILONA B,8/4/2025 16:41,8,22,710,345701,NSEI,57.175833,-134.765,57.191667,-134.773833,598.0176,63,,,,,00,09,,,Retained,,82
2025,611,1,710,37833,ILONA B,8/4/2025 16:41,8,22,710,345701,NSEI,57.175833,-134.765,57.191667,-134.773833,598.0176,63,,,,,00,09,,,Retained,,95
2025,611,1,710,37833,ILONA B,8/4/2025 16:41,8,22,710,345701,NSEI,57.175833,-134.765,57.191667,-134.773833,598.0176,63,,,,,00,09,,,Retained,,118
2025,611,1,710,37833,ILONA B,8/4/2025 16:41,8,22,710,345701,NSEI,57.175833,-134.765,57.191667,-134.773833,598.0176,64,2.5,7,,02,02,07,,,Retained,,36
2025,611,1,710,37833,ILONA B,8/4/2025 16:41,8,22,710,345701,NSEI,57.175833,-134.765,57.191667,-134.773833,598.0176,64,2.8,5,,01,02,07,,,Retained,,121
2025,611,1,710,37833,ILONA B,8/4/2025 16:41,8,22,710,345701,NSEI,57.175833,-134.765,57.191667,-134.773833,598.0176,64,2.8,8,,02,02,07,,,Retained,,66
2025,611,1,710,37833,ILONA B,8/4/2025 16:41,8,22,710,345701,NSEI,57.175833,-134.765,57.191667,-134.773833,598.0176,65,2.6,8,,02,02,07,,,Retained,,31
2025,611,1,710,37833,ILONA B,8/4/2025 16:41,8,22,710,345701,NSEI,57.175833,-134.765,57.191667,-134.773833,598.0176,65,,,,,00,09,,,Retained,,8
2025,611,1,710,37833,ILONA B,8/4/2025 16:41,8,22,710,345701,NSEI,57.175833,-134.765,57.191667,-134.773833,598.0176,65,,,,,00,09,,,Retained,,65
2025,611,1,710,37833,ILONA B,8/4/2025 16:41,8,22,710,345701,NSEI,57.175833,-134.765,57.191667,-134.773833,598.0176,65,,,,,00,09,,,Retained,,94
2025,611,1,710,37833,ILONA B,8/4/2025 16:41,8,22,710,345701,NSEI,57.175833,-134.765,57.191667,-134.773833,598.0176,65,,,,,00,09,,,Retained,,102
2025,611,1,710,37833,ILONA B,8/4/2025 16:41,8,22,710,345701,NSEI,57.175833,-134.765,57.191667,-134.773833,598.0176,65,,,,,00,09,,,Retained,,135
2025,611,1,710,37833,ILONA B,8/4/2025 16:41,8,22,710,345701,NSEI,57.175833,-134.765,57.191667,-134.773833,598.0176,66,2.8,6,,02,02,07,,,Retained,,86
2025,611,1,710,37833,ILONA B,8/4/2025 16:41,8,22,710,345701,NSEI,57.175833,-134.765,57.191667,-134.773833,598.0176,66,,,,,00,09,,,Retained,,15
2025,611,1,710,37833,ILONA B,8/4/2025 16:41,8,22,710,345701,NSEI,57.175833,-134.765,57.191667,-134.773833,598.0176,66,,,,,00,09,,,Retained,,119
2025,611,1,710,37833,ILONA B,8/4/2025 16:41,8,22,710,345701,NSEI,57.175833,-134.765,57.191667,-134.773833,598.0176,66,,,,,00,09,,,Retained,,129
2025,611,1,710,37833,ILONA B,8/4/2025 16:41,8,22,710,345701,NSEI,57.175833,-134.765,57.191667,-134.773833,598.0176,68,,,,,00,09,,,Retained,,112
2025,611,1,710,37833,ILONA B,8/4/2025 16:41,8,22,710,345701,NSEI,57.175833,-134.765,57.191667,-134.773833,598.0176,68,,,,,00,09,,,Retained,,143
2025,611,1,710,37833,ILONA B,8/4/2025 16:41,8,22,710,345701,NSEI,57.175833,-134.765,57.191667,-134.773833,598.0176,69,,,,,00,09,,,Retained,,43
2025,611,1,710,37833,ILONA B,8/4/2025 16:41,8,22,710,345701,NSEI,57.175833,-134.765,57.191667,-134.773833,598.0176,70,,,,,00,09,,,Retained,,92
2025,611,1,710,37833,ILONA B,8/4/2025 16:41,8,22,710,345701,NSEI,57.175833,-134.765,57.191667,-134.773833,598.0176,72,4.7,6,,02,02,07,,,Retained,,6
2025,611,1,710,37833,ILONA B,8/4/2025 16:41,8,22,710,345701,NSEI,57.175833,-134.765,57.191667,-134.773833,598.0176,75,,,,,00,09,,,Retained,,97
2025,611,1,710,37833,ILONA B,8/4/2025 16:41,8,22,710,345701,NSEI,57.175833,-134.765,57.191667,-134.773833,598.0176,76,,,,,00,09,,,Retained,,77
2025,611,1,710,37833,ILONA B,8/4/2025 16:41,8,22,710,345701,NSEI,57.175833,-134.765,57.191667,-134.773833,598.0176,,,,,,,,,,"Discarded, too small",01,146
2025,611,1,710,37833,ILONA B,8/4/2025 16:41,8,22,710,345701,NSEI,57.175833,-134.765,57.191667,-134.773833,598.0176,,,,,,,,,,"Discarded, too small",01,147
2025,611,1,710,37833,ILONA B,8/4/2025 16:41,8,22,710,345701,NSEI,57.175833,-134.765,57.191667,-134.773833,598.0176,,,,,,,,,,"Discarded, too small",01,148
2025,611,1,710,37833,ILONA B,8/4/2025 16:41,8,22,710,345701,NSEI,57.175833,-134.765,57.191667,-134.773833,598.0176,,,,,,,,,,"Discarded, too small",01,149
2025,611,1,710,37833,ILONA B,8/4/2025 16:41,8,22,710,345701,NSEI,57.175833,-134.765,57.191667,-134.773833,598.0176,,,,,,,,,,"Discarded, too small",01,150
2025,611,1,710,37833,ILONA B,8/4/2025 16:41,8,22,710,345701,NSEI,57.175833,-134.765,57.191667,-134.773833,598.0176,,,,,,,,,,"Discarded, too small",01,151
2025,611,1,710,37833,ILONA B,8/4/2025 16:41,8,22,710,345701,NSEI,57.175833,-134.765,57.191667,-134.773833,598.0176,,,,,,,,,,"Discarded, too small",01,152
2025,611,1,710,37833,ILONA B,8/4/2025 16:41,8,22,710,345701,NSEI,57.175833,-134.765,57.191667,-134.773833,598.0176,,,,,,,,,,"Discarded, too small",01,153
2025,611,1,710,37833,ILONA B,8/4/2025 16:41,8,22,710,345701,NSEI,57.175833,-134.765,57.191667,-134.773833,598.0176,,,,,,,,,,"Discarded, too small",01,154
2025,611,1,710,37833,ILONA B,8/4/2025 16:41,8,22,710,345701,NSEI,57.175833,-134.765,57.191667,-134.773833,598.0176,,,,,,,,,,"Discarded, too small",01,155
2025,611,1,710,37833,ILONA B,8/4/2025 16:41,8,22,710,345701,NSEI,57.175833,-134.765,57.191667,-134.773833,598.0176,,,,,,,,,,"Discarded, too small",01,156
2025,611,1,710,37833,ILONA B,8/4/2025 16:41,8,22,710,345701,NSEI,57.175833,-134.765,57.191667,-134.773833,598.0176,,,,,,,,,,Retained,,159
2025,611,1,710,37833,ILONA B,8/4/2025 16:41,8,22,710,345701,NSEI,57.175833,-134.765,57.191667,-134.773833,598.0176,,,,,,,,,,Retained,,160
2025,611,1,710,37833,ILONA B,8/4/2025 16:41,8,22,710,345701,NSEI,57.175833,-134.765,57.191667,-134.773833,598.0176,,,,,,,,,,Retained,,161
2025,611,1,710,37833,ILONA B,8/4/2025 16:41,8,22,710,345701,NSEI,57.175833,-134.765,57.191667,-134.773833,598.0176,,,,,,,,,,Retained,,162
2025,611,1,710,37833,ILONA B,8/4/2025 16:41,8,22,710,345701,NSEI,57.175833,-134.765,57.191667,-134.773833,598.0176,,,,,,,,,,Retained,,163
2025,611,1,710,37833,ILONA B,8/4/2025 16:41,8,22,710,345701,NSEI,57.175833,-134.765,57.191667,-134.773833,598.0176,,,,,,,,,,Retained,,164
2025,611,1,710,37833,ILONA B,8/4/2025 16:41,8,22,710,345701,NSEI,57.175833,-134.765,57.191667,-134.773833,598.0176,,,,,,,,,,Retained,,165
2025,611,1,710,37833,ILONA B,8/4/2025 16:41,8,22,710,345701,NSEI,57.175833,-134.765,57.191667,-134.773833,598.0176,,,,,,,,,,Retained,,166
2025,611,1,710,37833,ILONA B,8/4/2025 16:41,8,22,710,345701,NSEI,57.175833,-134.765,57.191667,-134.773833,598.0176,,,,,,,,,,Retained,,167
2025,611,1,710,37833,ILONA B,8/4/2025 16:41,8,22,710,345701,NSEI,57.175833,-134.765,57.191667,-134.773833,598.0176,,,,,,,,,,Retained,,168
2025,611,1,710,37833,ILONA B,8/4/2025 16:41,8,22,710,345701,NSEI,57.175833,-134.765,57.191667,-134.773833,598.0176,,,,,,,,,,Retained,,169
2025,611,1,710,37833,ILONA B,8/4/2025 16:41,8,22,710,345701,NSEI,57.175833,-134.765,57.191667,-134.773833,598.0176,,,,,,,,,,Retained,,170
2025,611,1,710,37833,ILONA B,8/4/2025 16:41,8,22,710,345701,NSEI,57.175833,-134.765,57.191667,-134.773833,598.0176,,,,,,,,,,Retained,,171
2025,611,1,710,37833,ILONA B,8/4/2025 16:41,8,22,710,345701,NSEI,57.175833,-134.765,57.191667,-134.773833,598.0176,,,,,,,,,,Retained,,172
2025,611,1,710,37833,ILONA B,8/4/2025 16:41,8,22,710,345701,NSEI,57.175833,-134.765,57.191667,-134.773833,598.0176,,,,,,,,,,Retained,,173
2025,611,1,710,37833,ILONA B,8/4/2025 16:41,8,22,710,345701,NSEI,57.175833,-134.765,57.191667,-134.773833,598.0176,,,,,,,,,,Retained,,174
2025,611,1,710,37833,ILONA B,8/4/2025 16:41,8,22,710,345701,NSEI,57.175833,-134.765,57.191667,-134.773833,598.0176,,,,,,,,,,Retained,,175
2025,611,1,710,37833,ILONA B,8/4/2025 16:41,8,22,710,345701,NSEI,57.175833,-134.765,57.191667,-134.773833,598.0176,,,,,,,,,,Retained,,176
2025,611,1,710,37833,ILONA B,8/4/2025 16:41,8,22,710,345701,NSEI,57.175833,-134.765,57.191667,-134.773833,598.0176,,,,,,,,,,Retained,,177
2025,611,1,710,37833,ILONA B,8/4/2025 16:41,8,22,710,345701,NSEI,57.175833,-134.765,57.191667,-134.773833,598.0176,,,,,,,,,,Retained,,178
2025,611,1,710,37833,ILONA B,8/4/2025 16:41,8,22,710,345701,NSEI,57.175833,-134.765,57.191667,-134.773833,598.0176,,,,,,,,,,Retained,,179
2025,611,1,710,37833,ILONA B,8/4/2025 16:41,8,22,710,345701,NSEI,57.175833,-134.765,57.191667,-134.773833,598.0176,,,,,,,,,,Retained,,180
2025,611,1,710,37833,ILONA B,8/4/2025 16:41,8,22,710,345701,NSEI,57.175833,-134.765,57.191667,-134.773833,598.0176,,,,,,,,,,Retained,,181
2025,611,1,710,37833,ILONA B,8/4/2025 16:41,8,22,710,345701,NSEI,57.175833,-134.765,57.191667,-134.773833,598.0176,,,,,,,,,,Retained,,182
2025,611,1,710,37833,ILONA B,8/4/2025 16:41,8,22,710,345701,NSEI,57.175833,-134.765,57.191667,-134.773833,598.0176,,,,,,,,,,Retained,,183
2025,611,1,710,37833,ILONA B,8/4/2025 16:41,8,22,710,345701,NSEI,57.175833,-134.765,57.191667,-134.773833,598.0176,,,,,,,,,,Retained,,184
2025,611,1,710,37833,ILONA B,8/4/2025 16:41,8,22,710,345701,NSEI,57.175833,-134.765,57.191667,-134.773833,598.0176,,,,,,,,,,Retained,,185
2025,611,1,710,37833,ILONA B,8/4/2025 16:41,8,22,710,345701,NSEI,57.175833,-134.765,57.191667,-134.773833,598.0176,,,,,,,,,,Retained,,186
2025,611,1,710,37833,ILONA B,8/4/2025 16:41,8,22,710,345701,NSEI,57.175833,-134.765,57.191667,-134.773833,598.0176,,,,,,,,,,Retained,,187
2025,611,1,710,37833,ILONA B,8/4/2025 16:41,8,22,710,345701,NSEI,57.175833,-134.765,57.191667,-134.773833,598.0176,,,,,,,,,,Retained,,188
2025,611,1,710,37833,ILONA B,8/4/2025 16:41,8,22,710,345701,NSEI,57.175833,-134.765,57.191667,-134.773833,598.0176,,,,,,,,,,Retained,,189
2025,611,1,710,37833,ILONA B,8/4/2025 16:41,8,22,710,345701,NSEI,57.175833,-134.765,57.191667,-134.773833,598.0176,,,,,,,,,,Retained,,190
2025,611,1,710,37833,ILONA B,8/4/2025 16:41,8,22,710,345701,NSEI,57.175833,-134.765,57.191667,-134.773833,598.0176,,,,,,,,,,Retained,,191
2025,611,1,710,37833,ILONA B,8/4/2025 16:41,8,22,710,345701,NSEI,57.175833,-134.765,57.191667,-134.773833,598.0176,,,,,,,,,,Retained,,192
2025,611,1,710,37833,ILONA B,8/4/2025 16:41,8,22,710,345701,NSEI,57.175833,-134.765,57.191667,-134.773833,598.0176,,,,,,,,,,Retained,,193
2025,611,1,710,37833,ILONA B,8/4/2025 16:41,8,22,710,345701,NSEI,57.175833,-134.765,57.191667,-134.773833,598.0176,,,,,,,,,,Retained,,194
2025,611,1,710,37833,ILONA B,8/4/2025 16:41,8,22,710,345701,NSEI,57.175833,-134.765,57.191667,-134.773833,598.0176,,,,,,,,,,Retained,,195
2025,611,1,710,37833,ILONA B,8/4/2025 16:41,8,22,710,345701,NSEI,57.175833,-134.765,57.191667,-134.773833,598.0176,,,,,,,,,,Retained,,196
2025,611,1,710,37833,ILONA B,8/4/2025 16:41,8,22,710,345701,NSEI,57.175833,-134.765,57.191667,-134.773833,598.0176,,,,,,,,,,Retained,,197
2025,611,1,710,37833,ILONA B,8/4/2025 16:41,8,22,710,345701,NSEI,57.175833,-134.765,57.191667,-134.773833,598.0176,,,,,,,,,,Retained,,198
2025,611,1,710,37833,ILONA B,8/4/2025 16:41,8,22,710,345701,NSEI,57.175833,-134.765,57.191667,-134.773833,598.0176,,,,,,,,,,Retained,,199
2025,611,1,710,37833,ILONA B,8/4/2025 16:41,8,22,710,345701,NSEI,57.175833,-134.765,57.191667,-134.773833,598.0176,,,,,,,,,,Retained,,200
2025,611,1,710,37833,ILONA B,8/4/2025 16:41,8,22,710,345701,NSEI,57.175833,-134.765,57.191667,-134.773833,598.0176,,,,,,,,,,Retained,,201
2025,611,1,710,37833,ILONA B,8/4/2025 16:41,8,22,710,345701,NSEI,57.175833,-134.765,57.191667,-134.773833,598.0176,,,,,,,,,,Retained,,202
2025,611,1,710,37833,ILONA B,8/4/2025 16:41,8,22,710,345701,NSEI,57.175833,-134.765,57.191667,-134.773833,598.0176,,,,,,,,,,Retained,,203
2025,611,1,710,37833,ILONA B,8/4/2025 16:41,8,22,710,345701,NSEI,57.175833,-134.765,57.191667,-134.773833,598.0176,,,,,,,,,,Retained,,204
2025,611,1,710,37833,ILONA B,8/4/2025 16:41,8,22,710,345701,NSEI,57.175833,-134.765,57.191667,-134.773833,598.0176,,,,,,,,,,Retained,,205
2025,611,1,710,37833,ILONA B,8/4/2025 16:41,8,22,710,345701,NSEI,57.175833,-134.765,57.191667,-134.773833,598.0176,,,,,,,,,,Retained,,206
2025,611,1,710,37833,ILONA B,8/4/2025 16:41,8,22,710,345701,NSEI,57.175833,-134.765,57.191667,-134.773833,598.0176,,,,,,,,,,Retained,,207
2025,611,1,710,37833,ILONA B,8/4/2025 16:41,8,22,710,345701,NSEI,57.175833,-134.765,57.191667,-134.773833,598.0176,,,,,,,,,,Retained,,208
2025,611,1,710,37833,ILONA B,8/4/2025 16:41,8,22,710,345701,NSEI,57.175833,-134.765,57.191667,-134.773833,598.0176,,,,,,,,,,Retained,,209
2025,611,1,710,37833,ILONA B,8/4/2025 16:41,8,22,710,345701,NSEI,57.175833,-134.765,57.191667,-134.773833,598.0176,,,,,,,,,,Retained,,210
2025,611,1,710,37833,ILONA B,8/4/2025 16:41,8,22,710,345701,NSEI,57.175833,-134.765,57.191667,-134.773833,598.0176,,,,,,,,,,Retained,,211
2025,611,1,710,37833,ILONA B,8/4/2025 16:41,8,22,710,345701,NSEI,57.175833,-134.765,57.191667,-134.773833,598.0176,,,,,,,,,,Retained,,212
2025,611,1,710,37833,ILONA B,8/4/2025 16:41,8,22,710,345701,NSEI,57.175833,-134.765,57.191667,-134.773833,598.0176,,,,,,,,,,Retained,,213
2025,611,1,710,37833,ILONA B,8/4/2025 16:41,8,22,710,345701,NSEI,57.175833,-134.765,57.191667,-134.773833,598.0176,,,,,,,,,,Retained,,214
2025,611,1,710,37833,ILONA B,8/4/2025 16:41,8,22,710,345701,NSEI,57.175833,-134.765,57.191667,-134.773833,598.0176,,,,,,,,,,Retained,,215
2025,611,1,710,37833,ILONA B,8/4/2025 16:41,8,22,710,345701,NSEI,57.175833,-134.765,57.191667,-134.773833,598.0176,,,,,,,,,,Retained,,216
2025,611,1,710,37833,ILONA B,8/4/2025 16:41,8,22,710,345701,NSEI,57.175833,-134.765,57.191667,-134.773833,598.0176,,,,,,,,,,Retained,,217
2025,611,1,710,37833,ILONA B,8/4/2025 16:41,8,22,710,345701,NSEI,57.175833,-134.765,57.191667,-134.773833,598.0176,,,,,,,,,,Retained,,218
2025,611,1,710,37833,ILONA B,8/4/2025 16:41,8,22,710,345701,NSEI,57.175833,-134.765,57.191667,-134.773833,598.0176,,,,,,,,,,Retained,,219
2025,611,1,710,37833,ILONA B,8/4/2025 16:41,8,22,710,345701,NSEI,57.175833,-134.765,57.191667,-134.773833,598.0176,,,,,,,,,,Retained,,220
2025,611,1,710,37833,ILONA B,8/4/2025 16:41,8,22,710,345701,NSEI,57.175833,-134.765,57.191667,-134.773833,598.0176,,,,,,,,,,Retained,,221
2025,611,1,710,37833,ILONA B,8/4/2025 16:41,8,22,710,345701,NSEI,57.175833,-134.765,57.191667,-134.773833,598.0176,,,,,,,,,,Retained,,222
2025,611,1,710,37833,ILONA B,8/4/2025 16:41,8,22,710,345701,NSEI,57.175833,-134.765,57.191667,-134.773833,598.0176,,,,,,,,,,Retained,,223
2025,611,1,710,37833,ILONA B,8/4/2025 16:41,8,22,710,345701,NSEI,57.175833,-134.765,57.191667,-134.773833,598.0176,,,,,,,,,,Retained,,224
2025,611,1,710,37833,ILONA B,8/4/2025 16:41,8,22,710,345701,NSEI,57.175833,-134.765,57.191667,-134.773833,598.0176,,,,,,,,,,Retained,,225
2025,611,1,710,37833,ILONA B,8/4/2025 16:41,8,22,710,345701,NSEI,57.175833,-134.765,57.191667,-134.773833,598.0176,,,,,,,,,,Retained,,226
2025,611,1,710,37833,ILONA B,8/4/2025 16:41,8,22,710,345701,NSEI,57.175833,-134.765,57.191667,-134.773833,598.0176,,,,,,,,,,Retained,,227
2025,611,1,710,37833,ILONA B,8/4/2025 16:41,8,22,710,345701,NSEI,57.175833,-134.765,57.191667,-134.773833,598.0176,,,,,,,,,,Retained,,228
2025,611,1,710,37833,ILONA B,8/4/2025 16:41,8,22,710,345701,NSEI,57.175833,-134.765,57.191667,-134.773833,598.0176,,,,,,,,,,Retained,,229
2025,611,1,710,37833,ILONA B,8/4/2025 16:41,8,22,710,345701,NSEI,57.175833,-134.765,57.191667,-134.773833,598.0176,,,,,,,,,,Retained,,230
2025,611,1,710,37833,ILONA B,8/4/2025 16:41,8,22,710,345701,NSEI,57.175833,-134.765,57.191667,-134.773833,598.0176,,,,,,,,,,Retained,,231
2025,611,1,710,37833,ILONA B,8/4/2025 16:41,8,22,710,345701,NSEI,57.175833,-134.765,57.191667,-134.773833,598.0176,,,,,,,,,,Retained,,232
2025,611,1,710,37833,ILONA B,8/4/2025 16:41,8,22,710,345701,NSEI,57.175833,-134.765,57.191667,-134.773833,598.0176,,,,,,,,,,Retained,,233
2025,611,1,710,37833,ILONA B,8/4/2025 16:41,8,22,710,345701,NSEI,57.175833,-134.765,57.191667,-134.773833,598.0176,,,,,,,,,,Retained,,234
2025,611,1,710,37833,ILONA B,8/4/2025 16:41,8,22,710,345701,NSEI,57.175833,-134.765,57.191667,-134.773833,598.0176,,,,,,,,,,Retained,,235
2025,611,1,710,37833,ILONA B,8/4/2025 16:41,8,22,710,345701,NSEI,57.175833,-134.765,57.191667,-134.773833,598.0176,,,,,,,,,,Retained,,236
2025,611,1,710,37833,ILONA B,8/4/2025 16:41,8,22,710,345701,NSEI,57.175833,-134.765,57.191667,-134.773833,598.0176,,,,,,,,,,Retained,,237
2025,611,1,710,37833,ILONA B,8/4/2025 16:41,8,22,710,345701,NSEI,57.175833,-134.765,57.191667,-134.773833,598.0176,,,,,,,,,,Retained,,238
2025,611,1,710,37833,ILONA B,8/4/2025 16:41,8,22,710,345701,NSEI,57.175833,-134.765,57.191667,-134.773833,598.0176,,,,,,,,,,Retained,,239
2025,611,1,710,37833,ILONA B,8/4/2025 16:41,8,22,710,345701,NSEI,57.175833,-134.765,57.191667,-134.773833,598.0176,,,,,,,,,,Retained,,240
2025,611,1,710,37833,ILONA B,8/4/2025 16:41,8,22,710,345701,NSEI,57.175833,-134.765,57.191667,-134.773833,598.0176,,,,,,,,,,Retained,,241
2025,611,1,710,37833,ILONA B,8/4/2025 16:41,8,22,710,345701,NSEI,57.175833,-134.765,57.191667,-134.773833,598.0176,,,,,,,,,,Retained,,242
2025,611,1,710,37833,ILONA B,8/4/2025 16:41,8,22,710,345701,NSEI,57.175833,-134.765,57.191667,-134.773833,598.0176,,,,,,,,,,Retained,,243
2025,611,1,710,37833,ILONA B,8/4/2025 16:41,8,22,710,345701,NSEI,57.175833,-134.765,57.191667,-134.773833,598.0176,,,,,,,,,,Retained,,244
2025,611,1,710,37833,ILONA B,8/4/2025 16:41,8,22,710,345701,NSEI,57.175833,-134.765,57.191667,-134.773833,598.0176,,,,,,,,,,Retained,,245
2025,611,1,710,37833,ILONA B,8/4/2025 16:41,8,22,710,345701,NSEI,57.175833,-134.765,57.191667,-134.773833,598.0176,,,,,,,,,,Retained,,246
2025,611,1,710,37833,ILONA B,8/4/2025 16:41,8,22,710,345701,NSEI,57.175833,-134.765,57.191667,-134.773833,598.0176,,,,,,,,,,Retained,,247
2025,611,1,710,37833,ILONA B,8/4/2025 16:41,8,22,710,345701,NSEI,57.175833,-134.765,57.191667,-134.773833,598.0176,,,,,,,,,,Retained,,248
2025,611,1,710,37833,ILONA B,8/4/2025 16:41,8,22,710,345701,NSEI,57.175833,-134.765,57.191667,-134.773833,598.0176,,,,,,,,,,Retained,,249
2025,611,1,710,37833,ILONA B,8/4/2025 16:41,8,22,710,345701,NSEI,57.175833,-134.765,57.191667,-134.773833,598.0176,,,,,,,,,,Retained,,250
2025,611,1,710,37833,ILONA B,8/4/2025 16:41,8,22,710,345701,NSEI,57.175833,-134.765,57.191667,-134.773833,598.0176,,,,,,,,,,Retained,,251
2025,611,1,710,37833,ILONA B,8/4/2025 16:41,8,22,710,345701,NSEI,57.175833,-134.765,57.191667,-134.773833,598.0176,,,,,,,,,,Retained,,252
2025,611,1,710,37833,ILONA B,8/4/2025 16:41,8,22,710,345701,NSEI,57.175833,-134.765,57.191667,-134.773833,598.0176,,,,,,,,,,Retained,,253
2025,611,1,710,37833,ILONA B,8/4/2025 16:41,8,22,710,345701,NSEI,57.175833,-134.765,57.191667,-134.773833,598.0176,,,,,,,,,,Retained,,254
2025,611,1,710,37833,ILONA B,8/4/2025 16:41,8,22,710,345701,NSEI,57.175833,-134.765,57.191667,-134.773833,598.0176,,,,,,,,,,Retained,,255
2025,611,1,710,37833,ILONA B,8/4/2025 16:41,8,22,710,345701,NSEI,57.175833,-134.765,57.191667,-134.773833,598.0176,,,,,,,,,,Retained,,256
2025,611,1,710,37833,ILONA B,8/4/2025 16:41,8,22,710,345701,NSEI,57.175833,-134.765,57.191667,-134.773833,598.0176,,,,,,,,,,Retained,,257
2025,611,1,710,37833,ILONA B,8/4/2025 16:41,8,22,710,345701,NSEI,57.175833,-134.765,57.191667,-134.773833,598.0176,,,,,,,,,,Retained,,258
2025,611,1,710,37833,ILONA B,8/4/2025 16:41,8,22,710,345701,NSEI,57.175833,-134.765,57.191667,-134.773833,598.0176,,,,,,,,,,Retained,,259
2025,611,1,710,37833,ILONA B,8/4/2025 16:41,8,22,710,345701,NSEI,57.175833,-134.765,57.191667,-134.773833,598.0176,,,,,,,,,,Retained,,260
2025,611,1,710,37833,ILONA B,8/4/2025 16:41,8,22,710,345701,NSEI,57.175833,-134.765,57.191667,-134.773833,598.0176,,,,,,,,,,Retained,,261
2025,611,1,710,37833,ILONA B,8/4/2025 16:41,8,22,710,345701,NSEI,57.175833,-134.765,57.191667,-134.773833,598.0176,,,,,,,,,,Retained,,262
2025,611,1,710,37833,ILONA B,8/4/2025 16:41,8,22,710,345701,NSEI,57.175833,-134.765,57.191667,-134.773833,598.0176,,,,,,,,,,Retained,,263
2025,611,1,710,37833,ILONA B,8/4/2025 16:41,8,22,710,345701,NSEI,57.175833,-134.765,57.191667,-134.773833,598.0176,,,,,,,,,,Retained,,264
2025,611,1,710,37833,ILONA B,8/4/2025 16:41,8,22,710,345701,NSEI,57.175833,-134.765,57.191667,-134.773833,598.0176,,,,,,,,,,Retained,,265
2025,611,1,710,37833,ILONA B,8/4/2025 16:41,8,22,710,345701,NSEI,57.175833,-134.765,57.191667,-134.773833,598.0176,,,,,,,,,,Retained,,266
2025,611,1,710,37833,ILONA B,8/4/2025 16:41,8,22,710,345701,NSEI,57.175833,-134.765,57.191667,-134.773833,598.0176,,,,,,,,,,Retained,,267
2025,611,1,710,37833,ILONA B,8/4/2025 16:41,8,22,710,345701,NSEI,57.175833,-134.765,57.191667,-134.773833,598.0176,,,,,,,,,,Retained,,268
2025,611,1,710,37833,ILONA B,8/4/2025 16:41,8,22,710,345701,NSEI,57.175833,-134.765,57.191667,-134.773833,598.0176,,,,,,,,,,Retained,,269
2025,611,1,710,37833,ILONA B,8/4/2025 16:41,8,22,710,345701,NSEI,57.175833,-134.765,57.191667,-134.773833,598.0176,,,,,,,,,,Retained,,270
2025,611,1,710,37833,ILONA B,8/4/2025 16:41,8,22,710,345701,NSEI,57.175833,-134.765,57.191667,-134.773833,598.0176,,,,,,,,,,Retained,,271
2025,611,1,710,37833,ILONA B,8/4/2025 16:41,8,22,710,345701,NSEI,57.175833,-134.765,57.191667,-134.773833,598.0176,,,,,,,,,,Retained,,272
2025,611,1,710,37833,ILONA B,8/4/2025 16:41,8,22,710,345701,NSEI,57.175833,-134.765,57.191667,-134.773833,598.0176,,,,,,,,,,Retained,,273
2025,611,1,710,37833,ILONA B,8/4/2025 16:41,8,22,710,345701,NSEI,57.175833,-134.765,57.191667,-134.773833,598.0176,,,,,,,,,,Retained,,274
2025,611,1,710,37833,ILONA B,8/4/2025 16:41,8,22,710,345701,NSEI,57.175833,-134.765,57.191667,-134.773833,598.0176,,,,,,,,,,Retained,,275
2025,611,1,710,37833,ILONA B,8/4/2025 16:41,8,22,710,345701,NSEI,57.175833,-134.765,57.191667,-134.773833,598.0176,,,,,,,,,,Retained,,276
2025,611,1,710,37833,ILONA B,8/4/2025 16:41,8,22,710,345701,NSEI,57.175833,-134.765,57.191667,-134.773833,598.0176,,,,,,,,,,Retained,,277
2025,611,1,710,37833,ILONA B,8/4/2025 16:41,8,22,710,345701,NSEI,57.175833,-134.765,57.191667,-134.773833,598.0176,,,,,,,,,,Retained,,278
2025,611,1,710,37833,ILONA B,8/4/2025 16:41,8,22,710,345701,NSEI,57.175833,-134.765,57.191667,-134.773833,598.0176,,,,,,,,,,Retained,,279
2025,611,1,710,37833,ILONA B,8/4/2025 16:41,8,22,710,345701,NSEI,57.175833,-134.765,57.191667,-134.773833,598.0176,,,,,,,,,,Retained,,280
2025,611,1,710,37833,ILONA B,8/4/2025 16:41,8,22,710,345701,NSEI,57.175833,-134.765,57.191667,-134.773833,598.0176,,,,,,,,,,Retained,,281
2025,611,1,710,37833,ILONA B,8/4/2025 16:41,8,22,710,345701,NSEI,57.175833,-134.765,57.191667,-134.773833,598.0176,,,,,,,,,,Retained,,282
2025,611,1,710,37833,ILONA B,8/4/2025 16:41,8,22,710,345701,NSEI,57.175833,-134.765,57.191667,-134.773833,598.0176,,,,,,,,,,Retained,,283
2025,611,1,710,37833,ILONA B,8/4/2025 16:41,8,22,710,345701,NSEI,57.175833,-134.765,57.191667,-134.773833,598.0176,,,,,,,,,,Retained,,284
2025,611,1,710,37833,ILONA B,8/4/2025 16:41,8,22,710,345701,NSEI,57.175833,-134.765,57.191667,-134.773833,598.0176,,,,,,,,,,Retained,,285
2025,611,1,710,37833,ILONA B,8/4/2025 16:41,8,22,710,345701,NSEI,57.175833,-134.765,57.191667,-134.773833,598.0176,,,,,,,,,,Retained,,286
2025,611,1,710,37833,ILONA B,8/4/2025 16:41,8,22,710,345701,NSEI,57.175833,-134.765,57.191667,-134.773833,598.0176,,,,,,,,,,Retained,,287
2025,611,1,710,37833,ILONA B,8/4/2025 16:41,8,22,710,345701,NSEI,57.175833,-134.765,57.191667,-134.773833,598.0176,,,,,,,,,,Retained,,288
2025,611,1,710,37833,ILONA B,8/4/2025 16:41,8,22,710,345701,NSEI,57.175833,-134.765,57.191667,-134.773833,598.0176,,,,,,,,,,Retained,,289
2025,611,1,710,37833,ILONA B,8/4/2025 16:41,8,22,710,345701,NSEI,57.175833,-134.765,57.191667,-134.773833,598.0176,,,,,,,,,,Retained,,290
2025,611,1,710,37833,ILONA B,8/4/2025 16:41,8,22,710,345701,NSEI,57.175833,-134.765,57.191667,-134.773833,598.0176,,,,,,,,,,Retained,,291
2025,611,1,710,37833,ILONA B,8/4/2025 16:41,8,22,710,345701,NSEI,57.175833,-134.765,57.191667,-134.773833,598.0176,,,,,,,,,,Retained,,292
2025,611,1,710,37833,ILONA B,8/4/2025 16:41,8,22,710,345701,NSEI,57.175833,-134.765,57.191667,-134.773833,598.0176,,,,,,,,,,Retained,,293
2025,611,1,710,37833,ILONA B,8/4/2025 16:41,8,22,710,345701,NSEI,57.175833,-134.765,57.191667,-134.773833,598.0176,,,,,,,,,,Retained,,294
2025,611,1,710,37833,ILONA B,8/4/2025 16:41,8,22,710,345701,NSEI,57.175833,-134.765,57.191667,-134.773833,598.0176,,,,,,,,,,Retained,,295
2025,611,1,710,37833,ILONA B,8/4/2025 16:41,8,22,710,345701,NSEI,57.175833,-134.765,57.191667,-134.773833,598.0176,,,,,,,,,,Retained,,296
2025,611,1,710,37833,ILONA B,8/4/2025 16:41,8,22,710,345701,NSEI,57.175833,-134.765,57.191667,-134.773833,598.0176,,,,,,,,,,Retained,,297
2025,611,1,710,37833,ILONA B,8/4/2025 16:41,8,22,710,345701,NSEI,57.175833,-134.765,57.191667,-134.773833,598.0176,,,,,,,,,,Retained,,298
2025,611,1,710,37833,ILONA B,8/4/2025 16:41,8,22,710,345701,NSEI,57.175833,-134.765,57.191667,-134.773833,598.0176,,,,,,,,,,Retained,,299
2025,611,1,710,37833,ILONA B,8/4/2025 16:41,8,22,710,345701,NSEI,57.175833,-134.765,57.191667,-134.773833,598.0176,,,,,,,,,,Retained,,300
2025,611,1,710,37833,ILONA B,8/4/2025 16:41,8,22,710,345701,NSEI,57.175833,-134.765,57.191667,-134.773833,598.0176,,,,,,,,,,Retained,,301
2025,611,1,710,37833,ILONA B,8/4/2025 16:41,8,22,710,345701,NSEI,57.175833,-134.765,57.191667,-134.773833,598.0176,,,,,,,,,,Retained,,302
2025,611,1,710,37833,ILONA B,8/4/2025 16:41,8,22,710,345701,NSEI,57.175833,-134.765,57.191667,-134.773833,598.0176,,,,,,,,,,Retained,,303
2025,611,1,710,37833,ILONA B,8/4/2025 16:41,8,22,710,345701,NSEI,57.175833,-134.765,57.191667,-134.773833,598.0176,,,,,,,,,,Retained,,304
2025,611,1,710,37833,ILONA B,8/4/2025 16:41,8,22,710,345701,NSEI,57.175833,-134.765,57.191667,-134.773833,598.0176,,,,,,,,,,Retained,,305
2025,611,1,710,37833,ILONA B,8/4/2025 16:41,8,22,710,345701,NSEI,57.175833,-134.765,57.191667,-134.773833,598.0176,,,,,,,,,,Retained,,306
2025,611,1,710,37833,ILONA B,8/4/2025 16:41,8,22,710,345701,NSEI,57.175833,-134.765,57.191667,-134.773833,598.0176,,,,,,,,,,Retained,,307
2025,611,1,710,37833,ILONA B,8/4/2025 16:41,8,22,710,345701,NSEI,57.175833,-134.765,57.191667,-134.773833,598.0176,,,,,,,,,,Retained,,308
2025,611,1,710,37833,ILONA B,8/4/2025 16:41,8,22,710,345701,NSEI,57.175833,-134.765,57.191667,-134.773833,598.0176,,,,,,,,,,Retained,,309
2025,611,1,710,37833,ILONA B,8/4/2025 16:41,8,22,710,345701,NSEI,57.175833,-134.765,57.191667,-134.773833,598.0176,,,,,,,,,,Retained,,310
2025,611,1,710,37833,ILONA B,8/4/2025 16:41,8,22,710,345701,NSEI,57.175833,-134.765,57.191667,-134.773833,598.0176,,,,,,,,,,Retained,,311
2025,611,1,710,37833,ILONA B,8/4/2025 16:41,8,22,710,345701,NSEI,57.175833,-134.765,57.191667,-134.773833,598.0176,,,,,,,,,,Retained,,312
2025,611,1,710,37833,ILONA B,8/4/2025 16:41,8,22,710,345701,NSEI,57.175833,-134.765,57.191667,-134.773833,598.0176,,,,,,,,,,Retained,,313
2025,611,1,710,37833,ILONA B,8/4/2025 16:41,8,22,710,345701,NSEI,57.175833,-134.765,57.191667,-134.773833,598.0176,,,,,,,,,,Retained,,314
2025,611,1,710,37833,ILONA B,8/4/2025 16:41,8,22,710,345701,NSEI,57.175833,-134.765,57.191667,-134.773833,598.0176,,,,,,,,,,Retained,,315
2025,611,1,710,37833,ILONA B,8/4/2025 16:41,8,22,710,345701,NSEI,57.175833,-134.765,57.191667,-134.773833,598.0176,,,,,,,,,,Retained,,316
2025,611,1,710,37833,ILONA B,8/4/2025 16:41,8,22,710,345701,NSEI,57.175833,-134.765,57.191667,-134.773833,598.0176,,,,,,,,,,Retained,,317
2025,611,1,710,37833,ILONA B,8/4/2025 16:41,8,22,710,345701,NSEI,57.175833,-134.765,57.191667,-134.773833,598.0176,,,,,,,,,,Retained,,318
2025,611,1,710,37833,ILONA B,8/4/2025 16:41,8,22,710,345701,NSEI,57.175833,-134.765,57.191667,-134.773833,598.0176,,,,,,,,,,Retained,,319
2025,611,1,710,37833,ILONA B,8/4/2025 16:41,8,22,710,345701,NSEI,57.175833,-134.765,57.191667,-134.773833,598.0176,,,,,,,,,,Retained,,320
2025,611,1,710,37833,ILONA B,8/4/2025 16:41,8,22,710,345701,NSEI,57.175833,-134.765,57.191667,-134.773833,598.0176,,,,,,,,,,Retained,,321
2025,611,1,710,37833,ILONA B,8/4/2025 16:41,8,22,710,345701,NSEI,57.175833,-134.765,57.191667,-134.773833,598.0176,,,,,,,,,,Retained,,322
2025,611,1,710,37833,ILONA B,8/4/2025 16:41,8,22,710,345701,NSEI,57.175833,-134.765,57.191667,-134.773833,598.0176,,,,,,,,,,Retained,,323
2025,611,1,710,37833,ILONA B,8/4/2025 16:41,8,22,710,345701,NSEI,57.175833,-134.765,57.191667,-134.773833,598.0176,,,,,,,,,,Retained,,324
2025,611,1,710,37833,ILONA B,8/4/2025 16:41,8,22,710,345701,NSEI,57.175833,-134.765,57.191667,-134.773833,598.0176,,,,,,,,,,Retained,,325
2025,611,1,710,37833,ILONA B,8/4/2025 16:41,8,22,710,345701,NSEI,57.175833,-134.765,57.191667,-134.773833,598.0176,,,,,,,,,,Retained,,326
2025,611,1,710,37833,ILONA B,8/4/2025 16:41,8,22,710,345701,NSEI,57.175833,-134.765,57.191667,-134.773833,598.0176,,,,,,,,,,Retained,,327
2025,611,1,710,37833,ILONA B,8/4/2025 16:41,8,22,710,345701,NSEI,57.175833,-134.765,57.191667,-134.773833,598.0176,,,,,,,,,,Retained,,328
2025,611,1,710,37833,ILONA B,8/4/2025 16:41,8,22,710,345701,NSEI,57.175833,-134.765,57.191667,-134.773833,598.0176,,,,,,,,,,Retained,,329
2025,611,1,710,37833,ILONA B,8/4/2025 16:41,8,22,710,345701,NSEI,57.175833,-134.765,57.191667,-134.773833,598.0176,,,,,,,,,,Retained,,330
2025,611,1,710,37833,ILONA B,8/4/2025 16:41,8,22,710,345701,NSEI,57.175833,-134.765,57.191667,-134.773833,598.0176,,,,,,,,,,Retained,,331
2025,611,1,710,37833,ILONA B,8/4/2025 16:41,8,22,710,345701,NSEI,57.175833,-134.765,57.191667,-134.773833,598.0176,,,,,,,,,,Retained,,332
2025,611,1,710,37833,ILONA B,8/4/2025 16:41,8,22,710,345701,NSEI,57.175833,-134.765,57.191667,-134.773833,598.0176,,,,,,,,,,Retained,,333
2025,611,1,710,37833,ILONA B,8/4/2025 16:41,8,22,710,345701,NSEI,57.175833,-134.765,57.191667,-134.773833,598.0176,,,,,,,,,,Retained,,334
2025,611,1,710,37833,ILONA B,8/4/2025 16:41,8,22,710,345701,NSEI,57.175833,-134.765,57.191667,-134.773833,598.0176,,,,,,,,,,Retained,,335
2025,611,1,710,37833,ILONA B,8/4/2025 16:41,8,22,710,345701,NSEI,57.175833,-134.765,57.191667,-134.773833,598.0176,,,,,,,,,,Retained,,336
2025,611,1,710,37833,ILONA B,8/4/2025 16:41,8,22,710,345701,NSEI,57.175833,-134.765,57.191667,-134.773833,598.0176,,,,,,,,,,Retained,,337
2025,611,1,710,37833,ILONA B,8/4/2025 16:41,8,22,710,345701,NSEI,57.175833,-134.765,57.191667,-134.773833,598.0176,,,,,,,,,,Retained,,338
2025,611,1,710,37833,ILONA B,8/4/2025 16:41,8,22,710,345701,NSEI,57.175833,-134.765,57.191667,-134.773833,598.0176,,,,,,,,,,Retained,,339
2025,611,1,710,37833,ILONA B,8/4/2025 16:41,8,22,710,345701,NSEI,57.175833,-134.765,57.191667,-134.773833,598.0176,,,,,,,,,,Retained,,340
2025,611,1,710,37833,ILONA B,8/4/2025 16:41,8,22,710,345701,NSEI,57.175833,-134.765,57.191667,-134.773833,598.0176,,,,,,,,,,Retained,,341
2025,611,1,710,37833,ILONA B,8/4/2025 16:41,8,22,710,345701,NSEI,57.175833,-134.765,57.191667,-134.773833,598.0176,,,,,,,,,,Retained,,342
2025,611,1,710,37833,ILONA B,8/4/2025 16:41,8,22,710,345701,NSEI,57.175833,-134.765,57.191667,-134.773833,598.0176,,,,,,,,,,Retained,,343
2025,611,1,710,37833,ILONA B,8/4/2025 16:41,8,22,710,345701,NSEI,57.175833,-134.765,57.191667,-134.773833,598.0176,,,,,,,,,,Retained,,344
2025,611,1,710,37833,ILONA B,8/4/2025 16:41,8,22,710,345701,NSEI,57.175833,-134.765,57.191667,-134.773833,598.0176,,,,,,,,,,Retained,,345
2025,611,1,710,37833,ILONA B,8/4/2025 16:41,8,22,710,345701,NSEI,57.175833,-134.765,57.191667,-134.773833,598.0176,,,,,,,,,,Retained,,346
2025,611,1,710,37833,ILONA B,8/4/2025 16:41,8,22,710,345701,NSEI,57.175833,-134.765,57.191667,-134.773833,598.0176,,,,,,,,,,Retained,,347
2025,611,1,710,37833,ILONA B,8/4/2025 16:41,8,22,710,345701,NSEI,57.175833,-134.765,57.191667,-134.773833,598.0176,,,,,,,,,,Retained,,348
2025,611,1,710,37833,ILONA B,8/4/2025 16:41,8,22,710,345701,NSEI,57.175833,-134.765,57.191667,-134.773833,598.0176,,,,,,,,,,Retained,,349
2025,611,1,710,37833,ILONA B,8/4/2025 16:41,8,22,710,345701,NSEI,57.175833,-134.765,57.191667,-134.773833,598.0176,,,,,,,,,,Retained,,350
2025,611,1,710,37833,ILONA B,8/4/2025 16:41,8,22,710,345701,NSEI,57.175833,-134.765,57.191667,-134.773833,598.0176,,,,,,,,,,Retained,,351
2025,611,1,710,37833,ILONA B,8/4/2025 16:41,8,22,710,345701,NSEI,57.175833,-134.765,57.191667,-134.773833,598.0176,,,,,,,,,,Retained,,352
2025,611,1,710,37833,ILONA B,8/4/2025 16:41,8,22,710,345701,NSEI,57.175833,-134.765,57.191667,-134.773833,598.0176,,,,,,,,,,Retained,,353
2025,611,1,710,37833,ILONA B,8/4/2025 16:41,8,22,710,345701,NSEI,57.175833,-134.765,57.191667,-134.773833,598.0176,,,,,,,,,,Retained,,354
2025,611,1,710,37833,ILONA B,8/4/2025 16:41,8,22,710,345701,NSEI,57.175833,-134.765,57.191667,-134.773833,598.0176,,,,,,,,,,Retained,,355
2025,611,1,710,37833,ILONA B,8/4/2025 16:41,8,22,710,345701,NSEI,57.175833,-134.765,57.191667,-134.773833,598.0176,,,,,,,,,,Retained,,356
2025,611,1,710,37833,ILONA B,8/4/2025 16:41,8,22,710,345701,NSEI,57.175833,-134.765,57.191667,-134.773833,598.0176,,,,,,,,,,Retained,,357
2025,611,1,710,37833,ILONA B,8/4/2025 16:41,8,22,710,345701,NSEI,57.175833,-134.765,57.191667,-134.773833,598.0176,,,,,,,,,,Retained,,358
2025,611,1,710,37833,ILONA B,8/4/2025 16:41,8,22,710,345701,NSEI,57.175833,-134.765,57.191667,-134.773833,598.0176,,,,,,,,,,Retained,,359
2025,611,1,710,37833,ILONA B,8/4/2025 16:41,8,22,710,345701,NSEI,57.175833,-134.765,57.191667,-134.773833,598.0176,,,,,,,,,,Retained,,360
2025,611,1,710,37833,ILONA B,8/4/2025 16:41,8,22,710,345701,NSEI,57.175833,-134.765,57.191667,-134.773833,598.0176,,,,,,,,,,Retained,,361
2025,611,1,710,37833,ILONA B,8/4/2025 16:41,8,22,710,345701,NSEI,57.175833,-134.765,57.191667,-134.773833,598.0176,,,,,,,,,,Retained,,362
2025,611,1,710,37833,ILONA B,8/4/2025 16:41,8,22,710,345701,NSEI,57.175833,-134.765,57.191667,-134.773833,598.0176,,,,,,,,,,Retained,,363
2025,611,1,710,37833,ILONA B,8/4/2025 16:41,8,22,710,345701,NSEI,57.175833,-134.765,57.191667,-134.773833,598.0176,,,,,,,,,,Retained,,364
2025,611,1,710,37833,ILONA B,8/4/2025 16:41,8,22,710,345701,NSEI,57.175833,-134.765,57.191667,-134.773833,598.0176,,,,,,,,,,Retained,,365
2025,611,1,710,37833,ILONA B,8/4/2025 16:41,8,22,710,345701,NSEI,57.175833,-134.765,57.191667,-134.773833,598.0176,,,,,,,,,,Retained,,366
2025,611,1,710,37833,ILONA B,8/4/2025 16:41,8,22,710,345701,NSEI,57.175833,-134.765,57.191667,-134.773833,598.0176,,,,,,,,,,Retained,,367
2025,611,1,710,37833,ILONA B,8/4/2025 16:41,8,22,710,345701,NSEI,57.175833,-134.765,57.191667,-134.773833,598.0176,,,,,,,,,,Retained,,368
2025,611,1,710,37833,ILONA B,8/4/2025 16:41,8,22,710,345701,NSEI,57.175833,-134.765,57.191667,-134.773833,598.0176,,,,,,,,,,Retained,,369
2025,611,1,710,37833,ILONA B,8/4/2025 16:41,8,22,710,345701,NSEI,57.175833,-134.765,57.191667,-134.773833,598.0176,,,,,,,,,,Retained,,370
2025,611,1,710,37833,ILONA B,8/4/2025 16:41,8,22,710,345701,NSEI,57.175833,-134.765,57.191667,-134.773833,598.0176,,,,,,,,,,Retained,,371
2025,611,1,710,37833,ILONA B,8/4/2025 16:41,8,22,710,345701,NSEI,57.175833,-134.765,57.191667,-134.773833,598.0176,,,,,,,,,,Retained,,372
2025,611,1,710,37833,ILONA B,8/4/2025 16:41,8,22,710,345701,NSEI,57.175833,-134.765,57.191667,-134.773833,598.0176,,,,,,,,,,Retained,,373
2025,611,1,710,37833,ILONA B,8/4/2025 16:41,8,22,710,345701,NSEI,57.175833,-134.765,57.191667,-134.773833,598.0176,,,,,,,,,,Retained,,374
2025,611,1,710,37833,ILONA B,8/4/2025 16:41,8,22,710,345701,NSEI,57.175833,-134.765,57.191667,-134.773833,598.0176,,,,,,,,,,Retained,,375
2025,611,1,710,37833,ILONA B,8/4/2025 16:41,8,22,710,345701,NSEI,57.175833,-134.765,57.191667,-134.773833,598.0176,,,,,,,,,,Retained,,376
2025,611,1,710,37833,ILONA B,8/4/2025 16:41,8,22,710,345701,NSEI,57.175833,-134.765,57.191667,-134.773833,598.0176,,,,,,,,,,Retained,,377
2025,611,1,710,37833,ILONA B,8/4/2025 16:41,8,22,710,345701,NSEI,57.175833,-134.765,57.191667,-134.773833,598.0176,,,,,,,,,,Retained,,378
2025,611,1,710,37833,ILONA B,8/4/2025 16:41,8,22,710,345701,NSEI,57.175833,-134.765,57.191667,-134.773833,598.0176,,,,,,,,,,Retained,,379
2025,611,1,710,37833,ILONA B,8/4/2025 16:41,8,22,710,345701,NSEI,57.175833,-134.765,57.191667,-134.773833,598.0176,,,,,,,,,,Retained,,380
2025,611,1,710,37833,ILONA B,8/4/2025 16:41,8,22,710,345701,NSEI,57.175833,-134.765,57.191667,-134.773833,598.0176,,,,,,,,,,Retained,,381
2025,611,1,710,37833,ILONA B,8/4/2025 16:41,8,22,710,345701,NSEI,57.175833,-134.765,57.191667,-134.773833,598.0176,,,,,,,,,,Retained,,382
2025,611,1,710,37833,ILONA B,8/4/2025 16:41,8,22,710,345701,NSEI,57.175833,-134.765,57.191667,-134.773833,598.0176,,,,,,,,,,Retained,,383
2025,611,1,710,37833,ILONA B,8/4/2025 16:41,8,22,710,345701,NSEI,57.175833,-134.765,57.191667,-134.773833,598.0176,,,,,,,,,,Retained,,384
2025,611,1,710,37833,ILONA B,8/4/2025 16:41,8,22,710,345701,NSEI,57.175833,-134.765,57.191667,-134.773833,598.0176,,,,,,,,,,Retained,,385
2025,611,1,710,37833,ILONA B,8/4/2025 16:41,8,22,710,345701,NSEI,57.175833,-134.765,57.191667,-134.773833,598.0176,,,,,,,,,,Retained,,386
2025,611,1,710,37833,ILONA B,8/4/2025 16:41,8,22,710,345701,NSEI,57.175833,-134.765,57.191667,-134.773833,598.0176,,,,,,,,,,Retained,,387
2025,611,1,710,37833,ILONA B,8/4/2025 16:41,8,22,710,345701,NSEI,57.175833,-134.765,57.191667,-134.773833,598.0176,,,,,,,,,,Retained,,388
2025,611,1,710,37833,ILONA B,8/4/2025 16:41,8,22,710,345701,NSEI,57.175833,-134.765,57.191667,-134.773833,598.0176,,,,,,,,,,Retained,,389
2025,611,1,710,37833,ILONA B,8/4/2025 16:41,8,22,710,345701,NSEI,57.175833,-134.765,57.191667,-134.773833,598.0176,,,,,,,,,,Retained,,390
2025,611,1,710,37833,ILONA B,8/4/2025 16:41,8,22,710,345701,NSEI,57.175833,-134.765,57.191667,-134.773833,598.0176,,,,,,,,,,Retained,,391
2025,611,1,710,37833,ILONA B,8/4/2025 16:41,8,22,710,345701,NSEI,57.175833,-134.765,57.191667,-134.773833,598.0176,,,,,,,,,,Retained,,392
2025,611,1,710,37833,ILONA B,8/4/2025 16:41,8,22,710,345701,NSEI,57.175833,-134.765,57.191667,-134.773833,598.0176,,,,,,,,,,Retained,,393
2025,611,1,710,37833,ILONA B,8/4/2025 16:41,8,22,710,345701,NSEI,57.175833,-134.765,57.191667,-134.773833,598.0176,,,,,,,,,,Retained,,394
2025,611,1,710,37833,ILONA B,8/4/2025 16:41,8,22,710,345701,NSEI,57.175833,-134.765,57.191667,-134.773833,598.0176,,,,,,,,,,Retained,,395
2025,611,1,710,37833,ILONA B,8/4/2025 16:41,8,22,710,345701,NSEI,57.175833,-134.765,57.191667,-134.773833,598.0176,,,,,,,,,,Retained,,396
2025,611,1,710,37833,ILONA B,8/4/2025 16:41,8,22,710,345701,NSEI,57.175833,-134.765,57.191667,-134.773833,598.0176,,,,,,,,,,Retained,,397
2025,611,1,710,37833,ILONA B,8/4/2025 16:41,8,22,710,345701,NSEI,57.175833,-134.765,57.191667,-134.773833,598.0176,,,,,,,,,,Retained,,398
2025,611,1,710,37833,ILONA B,8/4/2025 16:41,8,22,710,345701,NSEI,57.175833,-134.765,57.191667,-134.773833,598.0176,,,,,,,,,,Retained,,399
2025,611,1,710,37833,ILONA B,8/4/2025 16:41,8,22,710,345701,NSEI,57.175833,-134.765,57.191667,-134.773833,598.0176,,,,,,,,,,Retained,,400
2025,611,1,710,37833,ILONA B,8/4/2025 16:41,8,22,710,345701,NSEI,57.175833,-134.765,57.191667,-134.773833,598.0176,,,,,,,,,,Retained,,401
2025,611,1,710,37833,ILONA B,8/4/2025 16:41,8,22,710,345701,NSEI,57.175833,-134.765,57.191667,-134.773833,598.0176,,,,,,,,,,Retained,,402
2025,611,1,710,37833,ILONA B,8/4/2025 16:41,8,22,710,345701,NSEI,57.175833,-134.765,57.191667,-134.773833,598.0176,,,,,,,,,,Retained,,403
2025,611,1,710,37833,ILONA B,8/4/2025 16:41,8,22,710,345701,NSEI,57.175833,-134.765,57.191667,-134.773833,598.0176,,,,,,,,,,Retained,,404
2025,611,1,710,37833,ILONA B,8/4/2025 16:41,8,22,710,345701,NSEI,57.175833,-134.765,57.191667,-134.773833,598.0176,,,,,,,,,,Retained,,405
2025,611,1,710,37833,ILONA B,8/4/2025 16:41,8,22,710,345701,NSEI,57.175833,-134.765,57.191667,-134.773833,598.0176,,,,,,,,,,Retained,,406
2025,611,1,710,37833,ILONA B,8/4/2025 16:41,8,22,710,345701,NSEI,57.175833,-134.765,57.191667,-134.773833,598.0176,,,,,,,,,,Retained,,407
2025,611,1,710,37833,ILONA B,8/4/2025 16:41,8,22,710,345701,NSEI,57.175833,-134.765,57.191667,-134.773833,598.0176,,,,,,,,,,Retained,,408
2025,611,1,710,37833,ILONA B,8/4/2025 16:41,8,22,710,345701,NSEI,57.175833,-134.765,57.191667,-134.773833,598.0176,,,,,,,,,,Retained,,409
2025,611,1,710,37833,ILONA B,8/4/2025 16:41,8,22,710,345701,NSEI,57.175833,-134.765,57.191667,-134.773833,598.0176,,,,,,,,,,Retained,,410
2025,611,1,710,37833,ILONA B,8/4/2025 16:41,8,22,710,345701,NSEI,57.175833,-134.765,57.191667,-134.773833,598.0176,,,,,,,,,,Retained,,411
2025,611,1,710,37833,ILONA B,8/4/2025 16:41,8,22,710,345701,NSEI,57.175833,-134.765,57.191667,-134.773833,598.0176,,,,,,,,,,Retained,,412
2025,611,1,710,37833,ILONA B,8/4/2025 16:41,8,22,710,345701,NSEI,57.175833,-134.765,57.191667,-134.773833,598.0176,,,,,,,,,,Retained,,413
2025,611,1,710,37833,ILONA B,8/4/2025 16:41,8,22,710,345701,NSEI,57.175833,-134.765,57.191667,-134.773833,598.0176,,,,,,,,,,Retained,,414
2025,611,1,710,37833,ILONA B,8/4/2025 16:41,8,22,710,345701,NSEI,57.175833,-134.765,57.191667,-134.773833,598.0176,,,,,,,,,,Retained,,415
2025,611,1,710,37833,ILONA B,8/4/2025 16:41,8,22,710,345701,NSEI,57.175833,-134.765,57.191667,-134.773833,598.0176,,,,,,,,,,Retained,,416
2025,611,1,710,37833,ILONA B,8/4/2025 16:41,8,22,710,345701,NSEI,57.175833,-134.765,57.191667,-134.773833,598.0176,,,,,,,,,,Retained,,417
2025,611,1,710,37833,ILONA B,8/4/2025 16:41,8,22,710,345701,NSEI,57.175833,-134.765,57.191667,-134.773833,598.0176,,,,,,,,,,Retained,,418
2025,611,1,710,37833,ILONA B,8/4/2025 16:41,8,22,710,345701,NSEI,57.175833,-134.765,57.191667,-134.773833,598.0176,,,,,,,,,,Retained,,419
2025,611,1,710,37833,ILONA B,8/4/2025 16:41,8,22,710,345701,NSEI,57.175833,-134.765,57.191667,-134.773833,598.0176,,,,,,,,,,Retained,,420
2025,611,1,710,37833,ILONA B,8/4/2025 16:41,8,22,710,345701,NSEI,57.175833,-134.765,57.191667,-134.773833,598.0176,,,,,,,,,,Retained,,421
2025,611,1,710,37833,ILONA B,8/4/2025 16:41,8,22,710,345701,NSEI,57.175833,-134.765,57.191667,-134.773833,598.0176,,,,,,,,,,Retained,,422
2025,611,1,710,37833,ILONA B,8/4/2025 16:41,8,22,710,345701,NSEI,57.175833,-134.765,57.191667,-134.773833,598.0176,,,,,,,,,,Retained,,423
2025,611,1,710,37833,ILONA B,8/4/2025 16:41,8,22,710,345701,NSEI,57.175833,-134.765,57.191667,-134.773833,598.0176,,,,,,,,,,Retained,,424
2025,611,1,710,37833,ILONA B,8/4/2025 16:41,8,22,710,345701,NSEI,57.175833,-134.765,57.191667,-134.773833,598.0176,,,,,,,,,,Retained,,425
2025,611,1,710,37833,ILONA B,8/4/2025 16:41,8,22,710,345701,NSEI,57.175833,-134.765,57.191667,-134.773833,598.0176,,,,,,,,,,Retained,,426
2025,611,1,710,37833,ILONA B,8/4/2025 16:41,8,22,710,345701,NSEI,57.175833,-134.765,57.191667,-134.773833,598.0176,,,,,,,,,,Retained,,427
2025,611,1,710,37833,ILONA B,8/4/2025 16:41,8,22,710,345701,NSEI,57.175833,-134.765,57.191667,-134.773833,598.0176,,,,,,,,,,Retained,,428
2025,611,1,710,37833,ILONA B,8/4/2025 16:41,8,22,710,345701,NSEI,57.175833,-134.765,57.191667,-134.773833,598.0176,,,,,,,,,,Retained,,429
2025,611,1,710,37833,ILONA B,8/4/2025 16:41,8,22,710,345701,NSEI,57.175833,-134.765,57.191667,-134.773833,598.0176,,,,,,,,,,Retained,,430
2025,611,1,710,37833,ILONA B,8/4/2025 16:41,8,22,710,345701,NSEI,57.175833,-134.765,57.191667,-134.773833,598.0176,,,,,,,,,,Retained,,431
2025,611,1,710,37833,ILONA B,8/4/2025 16:41,8,22,710,345701,NSEI,57.175833,-134.765,57.191667,-134.773833,598.0176,,,,,,,,,,Retained,,432
2025,611,1,710,37833,ILONA B,8/4/2025 16:41,8,22,710,345701,NSEI,57.175833,-134.765,57.191667,-134.773833,598.0176,,,,,,,,,,Retained,,433
2025,611,1,710,37833,ILONA B,8/4/2025 16:41,8,22,710,345701,NSEI,57.175833,-134.765,57.191667,-134.773833,598.0176,,,,,,,,,,Retained,,434
2025,611,1,710,37833,ILONA B,8/4/2025 16:41,8,22,710,345701,NSEI,57.175833,-134.765,57.191667,-134.773833,598.0176,,,,,,,,,,Retained,,435
2025,611,1,710,37833,ILONA B,8/4/2025 16:41,8,22,710,345701,NSEI,57.175833,-134.765,57.191667,-134.773833,598.0176,,,,,,,,,,Retained,,436
2025,611,1,710,37833,ILONA B,8/4/2025 16:41,8,22,710,345701,NSEI,57.175833,-134.765,57.191667,-134.773833,598.0176,,,,,,,,,,Retained,,437
2025,611,1,710,37833,ILONA B,8/4/2025 16:41,8,22,710,345701,NSEI,57.175833,-134.765,57.191667,-134.773833,598.0176,,,,,,,,,,Retained,,438
2025,611,1,710,37833,ILONA B,8/4/2025 16:41,8,22,710,345701,NSEI,57.175833,-134.765,57.191667,-134.773833,598.0176,,,,,,,,,,Retained,,439
2025,611,1,710,37833,ILONA B,8/4/2025 16:41,8,22,710,345701,NSEI,57.175833,-134.765,57.191667,-134.773833,598.0176,,,,,,,,,,Retained,,440
2025,611,1,710,37833,ILONA B,8/4/2025 16:41,8,22,710,345701,NSEI,57.175833,-134.765,57.191667,-134.773833,598.0176,,,,,,,,,,Retained,,441
2025,611,1,710,37833,ILONA B,8/4/2025 16:41,8,22,710,345701,NSEI,57.175833,-134.765,57.191667,-134.773833,598.0176,,,,,,,,,,Retained,,442
2025,611,1,710,37833,ILONA B,8/4/2025 16:41,8,22,710,345701,NSEI,57.175833,-134.765,57.191667,-134.773833,598.0176,,,,,,,,,,Retained,,443
2025,611,1,710,37833,ILONA B,8/4/2025 16:41,8,22,710,345701,NSEI,57.175833,-134.765,57.191667,-134.773833,598.0176,,,,,,,,,,Retained,,444
2025,611,1,710,37833,ILONA B,8/4/2025 16:41,8,22,710,345701,NSEI,57.175833,-134.765,57.191667,-134.773833,598.0176,,,,,,,,,,Retained,,445
2025,611,1,710,37833,ILONA B,8/4/2025 16:41,8,22,710,345701,NSEI,57.175833,-134.765,57.191667,-134.773833,598.0176,,,,,,,,,,Retained,,446
2025,611,1,710,37833,ILONA B,8/4/2025 16:41,8,22,710,345701,NSEI,57.175833,-134.765,57.191667,-134.773833,598.0176,,,,,,,,,,Retained,,447
2025,611,1,710,37833,ILONA B,8/4/2025 16:41,8,22,710,345701,NSEI,57.175833,-134.765,57.191667,-134.773833,598.0176,,,,,,,,,,Retained,,448
2025,611,1,710,37833,ILONA B,8/4/2025 16:41,8,22,710,345701,NSEI,57.175833,-134.765,57.191667,-134.773833,598.0176,,,,,,,,,,Retained,,449
2025,611,1,710,37833,ILONA B,8/4/2025 16:41,8,22,710,345701,NSEI,57.175833,-134.765,57.191667,-134.773833,598.0176,,,,,,,,,,Retained,,450
2025,611,1,710,37833,ILONA B,8/4/2025 16:41,8,22,710,345701,NSEI,57.175833,-134.765,57.191667,-134.773833,598.0176,,,,,,,,,,Retained,,451
2025,611,1,710,37833,ILONA B,8/4/2025 16:41,8,22,710,345701,NSEI,57.175833,-134.765,57.191667,-134.773833,598.0176,,,,,,,,,,Retained,,452
2025,611,1,710,37833,ILONA B,8/4/2025 16:41,8,22,710,345701,NSEI,57.175833,-134.765,57.191667,-134.773833,598.0176,,,,,,,,,,Retained,,453
2025,611,1,710,37833,ILONA B,8/4/2025 16:41,8,22,710,345701,NSEI,57.175833,-134.765,57.191667,-134.773833,598.0176,,,,,,,,,,Retained,,454
2025,611,1,710,37833,ILONA B,8/4/2025 16:41,8,22,710,345701,NSEI,57.175833,-134.765,57.191667,-134.773833,598.0176,,,,,,,,,,Retained,,455
2025,611,1,710,37833,ILONA B,8/4/2025 16:41,8,22,710,345701,NSEI,57.175833,-134.765,57.191667,-134.773833,598.0176,,,,,,,,,,Retained,,456
2025,611,1,710,37833,ILONA B,8/4/2025 16:41,8,22,710,345701,NSEI,57.175833,-134.765,57.191667,-134.773833,598.0176,,,,,,,,,,Retained,,457
2025,611,1,710,37833,ILONA B,8/4/2025 16:41,8,22,710,345701,NSEI,57.175833,-134.765,57.191667,-134.773833,598.0176,,,,,,,,,,Retained,,458
2025,611,1,710,37833,ILONA B,8/4/2025 16:41,8,22,710,345701,NSEI,57.175833,-134.765,57.191667,-134.773833,598.0176,,,,,,,,,,Retained,,459
2025,611,1,710,37833,ILONA B,8/4/2025 16:41,8,22,710,345701,NSEI,57.175833,-134.765,57.191667,-134.773833,598.0176,,,,,,,,,,Retained,,460
2025,611,1,710,37833,ILONA B,8/4/2025 16:41,8,22,710,345701,NSEI,57.175833,-134.765,57.191667,-134.773833,598.0176,,,,,,,,,,Retained,,461
2025,611,1,710,37833,ILONA B,8/4/2025 16:41,8,22,710,345701,NSEI,57.175833,-134.765,57.191667,-134.773833,598.0176,,,,,,,,,,Retained,,462
2025,611,1,710,37833,ILONA B,8/4/2025 16:41,8,22,710,345701,NSEI,57.175833,-134.765,57.191667,-134.773833,598.0176,,,,,,,,,,Retained,,463
2025,611,1,710,37833,ILONA B,8/4/2025 16:41,8,22,710,345701,NSEI,57.175833,-134.765,57.191667,-134.773833,598.0176,,,,,,,,,,Retained,,464
2025,611,1,710,37833,ILONA B,8/4/2025 16:41,8,22,710,345701,NSEI,57.175833,-134.765,57.191667,-134.773833,598.0176,,,,,,,,,,Retained,,465
2025,611,1,710,37833,ILONA B,8/4/2025 16:41,8,22,710,345701,NSEI,57.175833,-134.765,57.191667,-134.773833,598.0176,,,,,,,,,,Retained,,466
2025,611,1,710,37833,ILONA B,8/4/2025 16:41,8,22,710,345701,NSEI,57.175833,-134.765,57.191667,-134.773833,598.0176,,,,,,,,,,Retained,,467
2025,611,1,710,37833,ILONA B,8/4/2025 16:41,8,22,710,345701,NSEI,57.175833,-134.765,57.191667,-134.773833,598.0176,,,,,,,,,,Retained,,468
2025,611,1,710,37833,ILONA B,8/4/2025 16:41,8,22,710,345701,NSEI,57.175833,-134.765,57.191667,-134.773833,598.0176,,,,,,,,,,Retained,,469
2025,611,1,710,37833,ILONA B,8/4/2025 16:41,8,22,710,345701,NSEI,57.175833,-134.765,57.191667,-134.773833,598.0176,,,,,,,,,,Retained,,470
2025,611,1,710,37833,ILONA B,8/4/2025 16:41,8,22,710,345701,NSEI,57.175833,-134.765,57.191667,-134.773833,598.0176,,,,,,,,,,Retained,,471
2025,611,1,710,37833,ILONA B,8/4/2025 16:41,8,22,710,345701,NSEI,57.175833,-134.765,57.191667,-134.773833,598.0176,,,,,,,,,,Retained,,472
2025,611,1,710,37833,ILONA B,8/4/2025 16:41,8,22,710,345701,NSEI,57.175833,-134.765,57.191667,-134.773833,598.0176,,,,,,,,,,Retained,,473
2025,611,1,710,37833,ILONA B,8/4/2025 16:41,8,22,710,345701,NSEI,57.175833,-134.765,57.191667,-134.773833,598.0176,,,,,,,,,,Retained,,474
2025,611,1,710,37833,ILONA B,8/4/2025 16:41,8,22,710,345701,NSEI,57.175833,-134.765,57.191667,-134.773833,598.0176,,,,,,,,,,Retained,,475
2025,611,1,710,37833,ILONA B,8/4/2025 16:41,8,22,710,345701,NSEI,57.175833,-134.765,57.191667,-134.773833,598.0176,,,,,,,,,,Retained,,476
2025,611,1,710,37833,ILONA B,8/4/2025 16:41,8,22,710,345701,NSEI,57.175833,-134.765,57.191667,-134.773833,598.0176,,,,,,,,,,Retained,,477
2025,611,1,710,37833,ILONA B,8/4/2025 16:41,8,22,710,345701,NSEI,57.175833,-134.765,57.191667,-134.773833,598.0176,,,,,,,,,,Retained,,478
2025,611,1,710,37833,ILONA B,8/4/2025 16:41,8,22,710,345701,NSEI,57.175833,-134.765,57.191667,-134.773833,598.0176,,,,,,,,,,Retained,,479
2025,611,1,710,37833,ILONA B,8/4/2025 16:41,8,22,710,345701,NSEI,57.175833,-134.765,57.191667,-134.773833,598.0176,,,,,,,,,,Retained,,480
2025,611,1,710,37833,ILONA B,8/4/2025 16:41,8,22,710,345701,NSEI,57.175833,-134.765,57.191667,-134.773833,598.0176,,,,,,,,,,Retained,,481
2025,611,1,710,37833,ILONA B,8/4/2025 16:41,8,22,710,345701,NSEI,57.175833,-134.765,57.191667,-134.773833,598.0176,,,,,,,,,,Retained,,482
2025,611,1,710,37833,ILONA B,8/4/2025 16:41,8,22,710,345701,NSEI,57.175833,-134.765,57.191667,-134.773833,598.0176,,,,,,,,,,Retained,,483
2025,611,1,710,37833,ILONA B,8/4/2025 16:41,8,22,710,345701,NSEI,57.175833,-134.765,57.191667,-134.773833,598.0176,,,,,,,,,,Retained,,484
2025,611,1,710,37833,ILONA B,8/4/2025 16:41,8,22,710,345701,NSEI,57.175833,-134.765,57.191667,-134.773833,598.0176,,,,,,,,,,Retained,,485
2025,611,1,710,37833,ILONA B,8/4/2025 16:41,8,22,710,345701,NSEI,57.175833,-134.765,57.191667,-134.773833,598.0176,,,,,,,,,,Retained,,486
2025,611,1,710,37833,ILONA B,8/4/2025 16:41,8,22,710,345701,NSEI,57.175833,-134.765,57.191667,-134.773833,598.0176,,,,,,,,,,Retained,,487
2025,611,1,710,37833,ILONA B,8/4/2025 16:41,8,22,710,345701,NSEI,57.175833,-134.765,57.191667,-134.773833,598.0176,,,,,,,,,,Retained,,488
2025,611,1,710,37833,ILONA B,8/4/2025 16:41,8,22,710,345701,NSEI,57.175833,-134.765,57.191667,-134.773833,598.0176,,,,,,,,,,Retained,,489
2025,611,1,710,37833,ILONA B,8/4/2025 16:41,8,22,710,345701,NSEI,57.175833,-134.765,57.191667,-134.773833,598.0176,,,,,,,,,,Retained,,490
2025,611,1,710,37833,ILONA B,8/4/2025 16:41,8,22,710,345701,NSEI,57.175833,-134.765,57.191667,-134.773833,598.0176,,,,,,,,,,Retained,,491
2025,611,1,710,37833,ILONA B,8/4/2025 16:41,8,22,710,345701,NSEI,57.175833,-134.765,57.191667,-134.773833,598.0176,,,,,,,,,,Retained,,492
2025,611,1,710,37833,ILONA B,8/4/2025 16:41,8,22,710,345701,NSEI,57.175833,-134.765,57.191667,-134.773833,598.0176,,,,,,,,,,Retained,,493
2025,611,1,710,37833,ILONA B,8/4/2025 16:41,8,22,710,345701,NSEI,57.175833,-134.765,57.191667,-134.773833,598.0176,,,,,,,,,,Retained,,494
2025,611,1,710,37833,ILONA B,8/4/2025 16:41,8,22,710,345701,NSEI,57.175833,-134.765,57.191667,-134.773833,598.0176,,,,,,,,,,Retained,,495
2025,611,1,710,37833,ILONA B,8/4/2025 16:41,8,22,710,345701,NSEI,57.175833,-134.765,57.191667,-134.773833,598.0176,,,,,,,,,,Retained,,496
2025,611,1,710,37833,ILONA B,8/4/2025 16:41,8,22,710,345701,NSEI,57.175833,-134.765,57.191667,-134.773833,598.0176,,,,,,,,,,Retained,,497
2025,611,1,710,37833,ILONA B,8/4/2025 16:41,8,22,710,345701,NSEI,57.175833,-134.765,57.191667,-134.773833,598.0176,,,,,,,,,,Retained,,498
2025,611,1,710,37833,ILONA B,8/4/2025 16:41,8,22,710,345701,NSEI,57.175833,-134.765,57.191667,-134.773833,598.0176,,,,,,,,,,Retained,,499
2025,611,1,710,37833,ILONA B,8/4/2025 16:41,8,22,710,345701,NSEI,57.175833,-134.765,57.191667,-134.773833,598.0176,,,,,,,,,,Retained,,500
2025,611,1,710,37833,ILONA B,8/4/2025 16:41,8,22,710,345701,NSEI,57.175833,-134.765,57.191667,-134.773833,598.0176,,,,,,,,,,Retained,,501
2025,611,1,710,37833,ILONA B,8/4/2025 16:41,8,22,710,345701,NSEI,57.175833,-134.765,57.191667,-134.773833,598.0176,,,,,,,,,,Retained,,502
2025,611,1,710,37833,ILONA B,8/4/2025 16:41,8,22,710,345701,NSEI,57.175833,-134.765,57.191667,-134.773833,598.0176,,,,,,,,,,Retained,,503
2025,611,1,710,37833,ILONA B,8/4/2025 16:41,8,22,710,345701,NSEI,57.175833,-134.765,57.191667,-134.773833,598.0176,,,,,,,,,,Retained,,504
2025,611,1,710,37833,ILONA B,8/4/2025 16:41,8,22,710,345701,NSEI,57.175833,-134.765,57.191667,-134.773833,598.0176,,,,,,,,,,Retained,,505
2025,611,1,710,37833,ILONA B,8/4/2025 16:41,8,22,710,345701,NSEI,57.175833,-134.765,57.191667,-134.773833,598.0176,,,,,,,,,,Retained,,506
2025,611,1,710,37833,ILONA B,8/4/2025 16:41,8,22,710,345701,NSEI,57.175833,-134.765,57.191667,-134.773833,598.0176,,,,,,,,,,Retained,,507
2025,611,1,710,37833,ILONA B,8/4/2025 16:41,8,22,710,345701,NSEI,57.175833,-134.765,57.191667,-134.773833,598.0176,,,,,,,,,,Retained,,508
2025,611,1,710,37833,ILONA B,8/4/2025 16:41,8,22,710,345701,NSEI,57.175833,-134.765,57.191667,-134.773833,598.0176,,,,,,,,,,Retained,,509
2025,611,1,710,37833,ILONA B,8/4/2025 16:41,8,22,710,345701,NSEI,57.175833,-134.765,57.191667,-134.773833,598.0176,,,,,,,,,,Retained,,510
2025,611,1,710,37833,ILONA B,8/4/2025 16:41,8,22,710,345701,NSEI,57.175833,-134.765,57.191667,-134.773833,598.0176,,,,,,,,,,Retained,,511
2025,611,1,710,37833,ILONA B,8/4/2025 16:41,8,22,710,345701,NSEI,57.175833,-134.765,57.191667,-134.773833,598.0176,,,,,,,,,,Retained,,512
2025,611,1,710,37833,ILONA B,8/4/2025 16:41,8,22,710,345701,NSEI,57.175833,-134.765,57.191667,-134.773833,598.0176,,,,,,,,,,Retained,,513
2025,611,1,710,37833,ILONA B,8/4/2025 16:41,8,22,710,345701,NSEI,57.175833,-134.765,57.191667,-134.773833,598.0176,,,,,,,,,,Retained,,514
2025,611,1,710,37833,ILONA B,8/4/2025 16:41,8,22,710,345701,NSEI,57.175833,-134.765,57.191667,-134.773833,598.0176,,,,,,,,,,Retained,,515
2025,611,1,710,37833,ILONA B,8/4/2025 16:41,8,22,710,345701,NSEI,57.175833,-134.765,57.191667,-134.773833,598.0176,,,,,,,,,,Retained,,516
2025,611,1,710,37833,ILONA B,8/4/2025 16:41,8,22,710,345701,NSEI,57.175833,-134.765,57.191667,-134.773833,598.0176,,,,,,,,,,Retained,,517
2025,611,1,710,37833,ILONA B,8/4/2025 16:41,8,22,710,345701,NSEI,57.175833,-134.765,57.191667,-134.773833,598.0176,,,,,,,,,,Retained,,518
2025,611,1,710,37833,ILONA B,8/4/2025 16:41,8,22,710,345701,NSEI,57.175833,-134.765,57.191667,-134.773833,598.0176,,,,,,,,,,Retained,,519
2025,611,1,710,37833,ILONA B,8/4/2025 16:41,8,22,710,345701,NSEI,57.175833,-134.765,57.191667,-134.773833,598.0176,,,,,,,,,,Retained,,520
2025,611,1,710,37833,ILONA B,8/4/2025 16:41,8,22,710,345701,NSEI,57.175833,-134.765,57.191667,-134.773833,598.0176,,,,,,,,,,Retained,,521
2025,611,1,710,37833,ILONA B,8/4/2025 16:41,8,22,710,345701,NSEI,57.175833,-134.765,57.191667,-134.773833,598.0176,,,,,,,,,,Retained,,522
2025,611,1,710,37833,ILONA B,8/4/2025 16:41,8,22,710,345701,NSEI,57.175833,-134.765,57.191667,-134.773833,598.0176,,,,,,,,,,Retained,,523
2025,611,1,710,37833,ILONA B,8/4/2025 16:41,8,22,710,345701,NSEI,57.175833,-134.765,57.191667,-134.773833,598.0176,,,,,,,,,,Retained,,524
2025,611,1,710,37833,ILONA B,8/4/2025 16:41,8,22,710,345701,NSEI,57.175833,-134.765,57.191667,-134.773833,598.0176,,,,,,,,,,Retained,,525
2025,611,1,710,37833,ILONA B,8/4/2025 16:41,8,22,710,345701,NSEI,57.175833,-134.765,57.191667,-134.773833,598.0176,,,,,,,,,,Retained,,526
2025,611,1,710,37833,ILONA B,8/4/2025 16:41,8,22,710,345701,NSEI,57.175833,-134.765,57.191667,-134.773833,598.0176,,,,,,,,,,Retained,,527
2025,611,1,710,37833,ILONA B,8/4/2025 16:41,8,22,710,345701,NSEI,57.175833,-134.765,57.191667,-134.773833,598.0176,,,,,,,,,,Retained,,528
2025,611,1,710,37833,ILONA B,8/4/2025 16:41,8,22,710,345701,NSEI,57.175833,-134.765,57.191667,-134.773833,598.0176,,,,,,,,,,Retained,,529
2025,611,1,710,37833,ILONA B,8/4/2025 16:41,8,22,710,345701,NSEI,57.175833,-134.765,57.191667,-134.773833,598.0176,,,,,,,,,,Retained,,530
2025,611,1,710,37833,ILONA B,8/4/2025 16:41,8,22,710,345701,NSEI,57.175833,-134.765,57.191667,-134.773833,598.0176,,,,,,,,,,Retained,,531
2025,611,1,710,37833,ILONA B,8/4/2025 16:41,8,22,710,345701,NSEI,57.175833,-134.765,57.191667,-134.773833,598.0176,,,,,,,,,,Retained,,532
2025,611,1,710,37833,ILONA B,8/4/2025 16:41,8,22,710,345701,NSEI,57.175833,-134.765,57.191667,-134.773833,598.0176,,,,,,,,,,Retained,,533
2025,611,1,710,37833,ILONA B,8/4/2025 16:41,8,22,710,345701,NSEI,57.175833,-134.765,57.191667,-134.773833,598.0176,,,,,,,,,,Retained,,534
2025,611,1,710,37833,ILONA B,8/4/2025 16:41,8,22,710,345701,NSEI,57.175833,-134.765,57.191667,-134.773833,598.0176,,,,,,,,,,Retained,,535
2025,611,1,710,37833,ILONA B,8/4/2025 16:41,8,22,710,345701,NSEI,57.175833,-134.765,57.191667,-134.773833,598.0176,,,,,,,,,,Retained,,536
2025,611,1,710,37833,ILONA B,8/4/2025 16:41,8,22,710,345701,NSEI,57.175833,-134.765,57.191667,-134.773833,598.0176,,,,,,,,,,Retained,,537
2025,611,1,710,37833,ILONA B,8/4/2025 16:41,8,22,710,345701,NSEI,57.175833,-134.765,57.191667,-134.773833,598.0176,,,,,,,,,,Retained,,538
2025,611,1,710,37833,ILONA B,8/4/2025 16:41,8,22,710,345701,NSEI,57.175833,-134.765,57.191667,-134.773833,598.0176,,,,,,,,,,Retained,,539
2025,611,1,710,37833,ILONA B,8/4/2025 16:41,8,22,710,345701,NSEI,57.175833,-134.765,57.191667,-134.773833,598.0176,,,,,,,,,,Retained,,540
2025,611,1,710,37833,ILONA B,8/4/2025 16:41,8,22,710,345701,NSEI,57.175833,-134.765,57.191667,-134.773833,598.0176,,,,,,,,,,Retained,,541
2025,611,1,710,37833,ILONA B,8/4/2025 16:41,8,22,710,345701,NSEI,57.175833,-134.765,57.191667,-134.773833,598.0176,,,,,,,,,,Retained,,542
2025,611,1,710,37833,ILONA B,8/4/2025 16:41,8,22,710,345701,NSEI,57.175833,-134.765,57.191667,-134.773833,598.0176,,,,,,,,,,Retained,,543
2025,611,1,710,37833,ILONA B,8/4/2025 16:41,8,22,710,345701,NSEI,57.175833,-134.765,57.191667,-134.773833,598.0176,,,,,,,,,,Retained,,544
2025,611,1,710,37833,ILONA B,8/4/2025 16:41,8,22,710,345701,NSEI,57.175833,-134.765,57.191667,-134.773833,598.0176,,,,,,,,,,Retained,,545
2025,611,1,710,37833,ILONA B,8/4/2025 16:41,8,22,710,345701,NSEI,57.175833,-134.765,57.191667,-134.773833,598.0176,,,,,,,,,,Retained,,546
2025,611,1,710,37833,ILONA B,8/4/2025 16:41,8,22,710,345701,NSEI,57.175833,-134.765,57.191667,-134.773833,598.0176,,,,,,,,,,Retained,,547
2025,611,1,710,37833,ILONA B,8/4/2025 16:41,8,22,710,345701,NSEI,57.175833,-134.765,57.191667,-134.773833,598.0176,,,,,,,,,,Retained,,548
2025,611,1,710,37833,ILONA B,8/4/2025 16:41,8,22,710,345701,NSEI,57.175833,-134.765,57.191667,-134.773833,598.0176,,,,,,,,,,Retained,,549
2025,611,1,710,37833,ILONA B,8/4/2025 16:41,8,22,710,345701,NSEI,57.175833,-134.765,57.191667,-134.773833,598.0176,,,,,,,,,,Retained,,550
2025,611,1,710,37833,ILONA B,8/4/2025 16:41,8,22,710,345701,NSEI,57.175833,-134.765,57.191667,-134.773833,598.0176,,,,,,,,,,Retained,,551
2025,611,1,710,37833,ILONA B,8/4/2025 16:41,8,22,710,345701,NSEI,57.175833,-134.765,57.191667,-134.773833,598.0176,,,,,,,,,,Retained,,552
2025,611,1,710,37833,ILONA B,8/4/2025 16:41,8,22,710,345701,NSEI,57.175833,-134.765,57.191667,-134.773833,598.0176,,,,,,,,,,Retained,,553
2025,611,1,710,37833,ILONA B,8/4/2025 16:41,8,22,710,345701,NSEI,57.175833,-134.765,57.191667,-134.773833,598.0176,,,,,,,,,,Retained,,554
2025,611,1,710,37833,ILONA B,8/4/2025 16:41,8,22,710,345701,NSEI,57.175833,-134.765,57.191667,-134.773833,598.0176,,,,,,,,,,Retained,,555
2025,611,1,710,37833,ILONA B,8/4/2025 16:41,8,22,710,345701,NSEI,57.175833,-134.765,57.191667,-134.773833,598.0176,,,,,,,,,,Retained,,556
2025,611,1,710,37833,ILONA B,8/4/2025 16:41,8,22,710,345701,NSEI,57.175833,-134.765,57.191667,-134.773833,598.0176,,,,,,,,,,Retained,,557
2025,611,1,710,37833,ILONA B,8/4/2025 16:41,8,22,710,345701,NSEI,57.175833,-134.765,57.191667,-134.773833,598.0176,,,,,,,,,,Retained,,558
2025,611,1,710,37833,ILONA B,8/4/2025 16:41,8,22,710,345701,NSEI,57.175833,-134.765,57.191667,-134.773833,598.0176,,,,,,,,,,Retained,,559
2025,611,1,710,37833,ILONA B,8/4/2025 16:41,8,22,710,345701,NSEI,57.175833,-134.765,57.191667,-134.773833,598.0176,,,,,,,,,,Retained,,560
2025,611,1,710,37833,ILONA B,8/4/2025 16:41,8,22,710,345701,NSEI,57.175833,-134.765,57.191667,-134.773833,598.0176,,,,,,,,,,Retained,,561
2025,611,1,710,37833,ILONA B,8/4/2025 16:41,8,22,710,345701,NSEI,57.175833,-134.765,57.191667,-134.773833,598.0176,,,,,,,,,,Retained,,562
2025,611,1,710,37833,ILONA B,8/4/2025 16:41,8,22,710,345701,NSEI,57.175833,-134.765,57.191667,-134.773833,598.0176,,,,,,,,,,Retained,,563
2025,611,1,710,37833,ILONA B,8/4/2025 16:41,8,22,710,345701,NSEI,57.175833,-134.765,57.191667,-134.773833,598.0176,,,,,,,,,,Retained,,564
2025,611,1,710,37833,ILONA B,8/4/2025 16:41,8,22,710,345701,NSEI,57.175833,-134.765,57.191667,-134.773833,598.0176,,,,,,,,,,Retained,,565
2025,611,1,710,37833,ILONA B,8/4/2025 16:41,8,22,710,345701,NSEI,57.175833,-134.765,57.191667,-134.773833,598.0176,,,,,,,,,,Retained,,566
2025,611,1,710,37833,ILONA B,8/4/2025 16:41,8,22,710,345701,NSEI,57.175833,-134.765,57.191667,-134.773833,598.0176,,,,,,,,,,Retained,,567
2025,611,1,710,37833,ILONA B,8/4/2025 16:41,8,22,710,345701,NSEI,57.175833,-134.765,57.191667,-134.773833,598.0176,,,,,,,,,,Retained,,568
2025,611,1,710,37833,ILONA B,8/4/2025 16:41,8,22,710,345701,NSEI,57.175833,-134.765,57.191667,-134.773833,598.0176,,,,,,,,,,Retained,,569
2025,611,1,710,37833,ILONA B,8/4/2025 16:41,8,22,710,345701,NSEI,57.175833,-134.765,57.191667,-134.773833,598.0176,,,,,,,,,,Retained,,570
2025,611,1,710,37833,ILONA B,8/4/2025 16:41,8,22,710,345701,NSEI,57.175833,-134.765,57.191667,-134.773833,598.0176,,,,,,,,,,Retained,,571
2025,611,1,710,37833,ILONA B,8/4/2025 16:41,8,22,710,345701,NSEI,57.175833,-134.765,57.191667,-134.773833,598.0176,,,,,,,,,,Retained,,572
2025,611,1,710,37833,ILONA B,8/4/2025 16:41,8,22,710,345701,NSEI,57.175833,-134.765,57.191667,-134.773833,598.0176,,,,,,,,,,Retained,,573
2025,611,1,710,37833,ILONA B,8/4/2025 16:41,8,22,710,345701,NSEI,57.175833,-134.765,57.191667,-134.773833,598.0176,,,,,,,,,,Retained,,574
2025,611,1,710,37833,ILONA B,8/4/2025 16:41,8,22,710,345701,NSEI,57.175833,-134.765,57.191667,-134.773833,598.0176,,,,,,,,,,Retained,,575
2025,611,1,710,37833,ILONA B,8/4/2025 16:41,8,22,710,345701,NSEI,57.175833,-134.765,57.191667,-134.773833,598.0176,,,,,,,,,,Retained,,576
2025,611,1,710,37833,ILONA B,8/4/2025 16:41,8,22,710,345701,NSEI,57.175833,-134.765,57.191667,-134.773833,598.0176,,,,,,,,,,Retained,,577
2025,611,1,710,37833,ILONA B,8/4/2025 16:41,8,22,710,345701,NSEI,57.175833,-134.765,57.191667,-134.773833,598.0176,,,,,,,,,,Retained,,578
2025,611,1,710,37833,ILONA B,8/4/2025 16:41,8,22,710,345701,NSEI,57.175833,-134.765,57.191667,-134.773833,598.0176,,,,,,,,,,Retained,,579
2025,611,1,710,37833,ILONA B,8/4/2025 16:41,8,22,710,345701,NSEI,57.175833,-134.765,57.191667,-134.773833,598.0176,,,,,,,,,,Retained,,580
2025,611,1,710,37833,ILONA B,8/4/2025 16:41,8,22,710,345701,NSEI,57.175833,-134.765,57.191667,-134.773833,598.0176,,,,,,,,,,Retained,,581
2025,611,1,710,37833,ILONA B,8/4/2025 16:41,8,22,710,345701,NSEI,57.175833,-134.765,57.191667,-134.773833,598.0176,,,,,,,,,,Retained,,582
2025,611,1,710,37833,ILONA B,8/4/2025 16:41,8,22,710,345701,NSEI,57.175833,-134.765,57.191667,-134.773833,598.0176,,,,,,,,,,Retained,,583
2025,611,1,710,37833,ILONA B,8/4/2025 16:41,8,22,710,345701,NSEI,57.175833,-134.765,57.191667,-134.773833,598.0176,,,,,,,,,,Retained,,584
2025,611,1,710,37833,ILONA B,8/4/2025 16:41,8,22,710,345701,NSEI,57.175833,-134.765,57.191667,-134.773833,598.0176,,,,,,,,,,Retained,,585
2025,611,1,710,37833,ILONA B,8/4/2025 16:41,8,22,710,345701,NSEI,57.175833,-134.765,57.191667,-134.773833,598.0176,,,,,,,,,,Retained,,586
2025,611,1,710,37833,ILONA B,8/4/2025 16:41,8,22,710,345701,NSEI,57.175833,-134.765,57.191667,-134.773833,598.0176,,,,,,,,,,Retained,,587
2025,611,1,710,37833,ILONA B,8/4/2025 16:41,8,22,710,345701,NSEI,57.175833,-134.765,57.191667,-134.773833,598.0176,,,,,,,,,,Retained,,588
2025,611,1,710,37833,ILONA B,8/4/2025 16:41,8,22,710,345701,NSEI,57.175833,-134.765,57.191667,-134.773833,598.0176,,,,,,,,,,Retained,,589
2025,611,1,710,37833,ILONA B,8/4/2025 16:41,8,22,710,345701,NSEI,57.175833,-134.765,57.191667,-134.773833,598.0176,,,,,,,,,,Retained,,590
2025,611,1,710,37833,ILONA B,8/4/2025 16:41,8,22,710,345701,NSEI,57.175833,-134.765,57.191667,-134.773833,598.0176,,,,,,,,,,Retained,,591
2025,611,1,710,37833,ILONA B,8/4/2025 16:41,8,22,710,345701,NSEI,57.175833,-134.765,57.191667,-134.773833,598.0176,,,,,,,,,,Retained,,592
2025,611,1,710,37833,ILONA B,8/4/2025 16:41,8,22,710,345701,NSEI,57.175833,-134.765,57.191667,-134.773833,598.0176,,,,,,,,,,Retained,,593
2025,611,1,710,37833,ILONA B,8/4/2025 16:41,8,22,710,345701,NSEI,57.175833,-134.765,57.191667,-134.773833,598.0176,,,,,,,,,,Retained,,594
2025,611,1,710,37833,ILONA B,8/4/2025 16:41,8,22,710,345701,NSEI,57.175833,-134.765,57.191667,-134.773833,598.0176,,,,,,,,,,Retained,,595
2025,611,1,710,37833,ILONA B,8/4/2025 16:41,8,22,710,345701,NSEI,57.175833,-134.765,57.191667,-134.773833,598.0176,,,,,,,,,,Retained,,596
2025,611,1,710,37833,ILONA B,8/4/2025 16:41,8,22,710,345701,NSEI,57.175833,-134.765,57.191667,-134.773833,598.0176,,,,,,,,,,Retained,,597
2025,611,1,710,37833,ILONA B,8/4/2025 16:41,8,22,710,345701,NSEI,57.175833,-134.765,57.191667,-134.773833,598.0176,,,,,,,,,,Retained,,598
2025,611,1,710,37833,ILONA B,8/4/2025 16:41,8,22,710,345701,NSEI,57.175833,-134.765,57.191667,-134.773833,598.0176,,,,,,,,,,Retained,,599
2025,611,1,710,37833,ILONA B,8/4/2025 16:41,8,22,710,345701,NSEI,57.175833,-134.765,57.191667,-134.773833,598.0176,,,,,,,,,,Retained,,600
2025,611,1,710,37833,ILONA B,8/4/2025 16:41,8,22,710,345701,NSEI,57.175833,-134.765,57.191667,-134.773833,598.0176,,,,,,,,,,Retained,,601
2025,611,1,710,37833,ILONA B,8/4/2025 16:41,8,22,710,345701,NSEI,57.175833,-134.765,57.191667,-134.773833,598.0176,,,,,,,,,,Retained,,602
2025,611,1,710,37833,ILONA B,8/4/2025 16:41,8,22,710,345701,NSEI,57.175833,-134.765,57.191667,-134.773833,598.0176,,,,,,,,,,Retained,,603
2025,611,1,710,37833,ILONA B,8/4/2025 16:41,8,22,710,345701,NSEI,57.175833,-134.765,57.191667,-134.773833,598.0176,,,,,,,,,,Retained,,604
2025,611,1,710,37833,ILONA B,8/4/2025 16:41,8,22,710,345701,NSEI,57.175833,-134.765,57.191667,-134.773833,598.0176,,,,,,,,,,Retained,,605
2025,611,1,710,37833,ILONA B,8/4/2025 16:41,8,22,710,345701,NSEI,57.175833,-134.765,57.191667,-134.773833,598.0176,,,,,,,,,,Retained,,606
2025,611,1,710,37833,ILONA B,8/4/2025 16:41,8,22,710,345701,NSEI,57.175833,-134.765,57.191667,-134.773833,598.0176,,,,,,,,,,Retained,,607
2025,611,1,710,37833,ILONA B,8/4/2025 16:41,8,22,710,345701,NSEI,57.175833,-134.765,57.191667,-134.773833,598.0176,,,,,,,,,,Retained,,608
2025,611,1,710,37833,ILONA B,8/4/2025 16:41,8,22,710,345701,NSEI,57.175833,-134.765,57.191667,-134.773833,598.0176,,,,,,,,,,Retained,,609
2025,611,1,710,37833,ILONA B,8/4/2025 16:41,8,22,710,345701,NSEI,57.175833,-134.765,57.191667,-134.773833,598.0176,,,,,,,,,,Retained,,610
2025,611,1,710,37833,ILONA B,8/4/2025 16:41,8,22,710,345701,NSEI,57.175833,-134.765,57.191667,-134.773833,598.0176,,,,,,,,,,Retained,,611
2025,611,1,710,37833,ILONA B,8/4/2025 16:41,8,22,710,345701,NSEI,57.175833,-134.765,57.191667,-134.773833,598.0176,,,,,,,,,,Retained,,612
2025,611,1,710,37833,ILONA B,8/4/2025 16:41,8,22,710,345701,NSEI,57.175833,-134.765,57.191667,-134.773833,598.0176,,,,,,,,,,Retained,,613
2025,611,1,710,37833,ILONA B,8/4/2025 16:41,8,22,710,345701,NSEI,57.175833,-134.765,57.191667,-134.773833,598.0176,,,,,,,,,,Retained,,614
2025,611,1,710,37833,ILONA B,8/4/2025 16:41,8,22,710,345701,NSEI,57.175833,-134.765,57.191667,-134.773833,598.0176,,,,,,,,,,Retained,,615
2025,611,1,710,37833,ILONA B,8/4/2025 16:41,8,22,710,345701,NSEI,57.175833,-134.765,57.191667,-134.773833,598.0176,,,,,,,,,,Retained,,616
2025,611,1,710,37833,ILONA B,8/4/2025 16:41,8,22,710,345701,NSEI,57.175833,-134.765,57.191667,-134.773833,598.0176,,,,,,,,,,Retained,,617
2025,611,1,710,37833,ILONA B,8/4/2025 16:41,8,22,710,345701,NSEI,57.175833,-134.765,57.191667,-134.773833,598.0176,,,,,,,,,,Retained,,618
2025,611,1,710,37833,ILONA B,8/4/2025 16:41,8,22,710,345701,NSEI,57.175833,-134.765,57.191667,-134.773833,598.0176,,,,,,,,,,Retained,,619
2025,611,1,710,37833,ILONA B,8/4/2025 16:41,8,22,710,345701,NSEI,57.175833,-134.765,57.191667,-134.773833,598.0176,,,,,,,,,,Retained,,620
2025,611,1,710,37833,ILONA B,8/4/2025 16:41,8,22,710,345701,NSEI,57.175833,-134.765,57.191667,-134.773833,598.0176,,,,,,,,,,Retained,,621
2025,611,1,710,37833,ILONA B,8/5/2025 14:00,9,30,710,345701,NSEI,57.3375,-134.678,57.352833,-134.674,616.3056,50,,,,,00,09,,,Retained,,52
2025,611,1,710,37833,ILONA B,8/5/2025 14:00,9,30,710,345701,NSEI,57.3375,-134.678,57.352833,-134.674,616.3056,51,,,,,00,09,,,Retained,,38
2025,611,1,710,37833,ILONA B,8/5/2025 14:00,9,30,710,345701,NSEI,57.3375,-134.678,57.352833,-134.674,616.3056,51,,,,,00,09,,,Retained,,70
2025,611,1,710,37833,ILONA B,8/5/2025 14:00,9,30,710,345701,NSEI,57.3375,-134.678,57.352833,-134.674,616.3056,53,,,,,00,09,,,Retained,,65
2025,611,1,710,37833,ILONA B,8/5/2025 14:00,9,30,710,345701,NSEI,57.3375,-134.678,57.352833,-134.674,616.3056,54,,,,,00,09,,,Retained,,15
2025,611,1,710,37833,ILONA B,8/5/2025 14:00,9,30,710,345701,NSEI,57.3375,-134.678,57.352833,-134.674,616.3056,54,,,,,00,09,,,Retained,,17
2025,611,1,710,37833,ILONA B,8/5/2025 14:00,9,30,710,345701,NSEI,57.3375,-134.678,57.352833,-134.674,616.3056,54,,,,,00,09,,,Retained,,44
2025,611,1,710,37833,ILONA B,8/5/2025 14:00,9,30,710,345701,NSEI,57.3375,-134.678,57.352833,-134.674,616.3056,54,,,,,00,09,,,Retained,,93
2025,611,1,710,37833,ILONA B,8/5/2025 14:00,9,30,710,345701,NSEI,57.3375,-134.678,57.352833,-134.674,616.3056,54,,,,,00,09,,,Retained,,133
2025,611,1,710,37833,ILONA B,8/5/2025 14:00,9,30,710,345701,NSEI,57.3375,-134.678,57.352833,-134.674,616.3056,55,,,,,00,09,,,Retained,,4
2025,611,1,710,37833,ILONA B,8/5/2025 14:00,9,30,710,345701,NSEI,57.3375,-134.678,57.352833,-134.674,616.3056,55,,,,,00,09,,,Retained,,23
2025,611,1,710,37833,ILONA B,8/5/2025 14:00,9,30,710,345701,NSEI,57.3375,-134.678,57.352833,-134.674,616.3056,55,,,,,00,09,,,Retained,,35
2025,611,1,710,37833,ILONA B,8/5/2025 14:00,9,30,710,345701,NSEI,57.3375,-134.678,57.352833,-134.674,616.3056,55,,,,,00,09,,,Retained,,55
2025,611,1,710,37833,ILONA B,8/5/2025 14:00,9,30,710,345701,NSEI,57.3375,-134.678,57.352833,-134.674,616.3056,55,,,,,00,09,,,Retained,,75
2025,611,1,710,37833,ILONA B,8/5/2025 14:00,9,30,710,345701,NSEI,57.3375,-134.678,57.352833,-134.674,616.3056,56,1.8,5,,02,02,01,,,Retained,,41
2025,611,1,710,37833,ILONA B,8/5/2025 14:00,9,30,710,345701,NSEI,57.3375,-134.678,57.352833,-134.674,616.3056,56,2,5,,02,02,07,,,Retained,,56
2025,611,1,710,37833,ILONA B,8/5/2025 14:00,9,30,710,345701,NSEI,57.3375,-134.678,57.352833,-134.674,616.3056,56,,,,,00,09,,,Retained,,67
2025,611,1,710,37833,ILONA B,8/5/2025 14:00,9,30,710,345701,NSEI,57.3375,-134.678,57.352833,-134.674,616.3056,56,,,,,00,09,,,Retained,,87
2025,611,1,710,37833,ILONA B,8/5/2025 14:00,9,30,710,345701,NSEI,57.3375,-134.678,57.352833,-134.674,616.3056,56,,,,,00,09,,,Retained,,97
2025,611,1,710,37833,ILONA B,8/5/2025 14:00,9,30,710,345701,NSEI,57.3375,-134.678,57.352833,-134.674,616.3056,56,,,,,00,09,,,Retained,,104
2025,611,1,710,37833,ILONA B,8/5/2025 14:00,9,30,710,345701,NSEI,57.3375,-134.678,57.352833,-134.674,616.3056,57,2,5,,02,02,07,,,Retained,,76
2025,611,1,710,37833,ILONA B,8/5/2025 14:00,9,30,710,345701,NSEI,57.3375,-134.678,57.352833,-134.674,616.3056,57,2.1,6,,03,01,07,,,Retained,,126
2025,611,1,710,37833,ILONA B,8/5/2025 14:00,9,30,710,345701,NSEI,57.3375,-134.678,57.352833,-134.674,616.3056,57,2.2,5,,02,01,01,,,Retained,,16
2025,611,1,710,37833,ILONA B,8/5/2025 14:00,9,30,710,345701,NSEI,57.3375,-134.678,57.352833,-134.674,616.3056,57,,,,,00,09,,,Retained,,2
2025,611,1,710,37833,ILONA B,8/5/2025 14:00,9,30,710,345701,NSEI,57.3375,-134.678,57.352833,-134.674,616.3056,57,,,,,00,09,,,Retained,,12
2025,611,1,710,37833,ILONA B,8/5/2025 14:00,9,30,710,345701,NSEI,57.3375,-134.678,57.352833,-134.674,616.3056,57,,,,,00,09,,,Retained,,20
2025,611,1,710,37833,ILONA B,8/5/2025 14:00,9,30,710,345701,NSEI,57.3375,-134.678,57.352833,-134.674,616.3056,57,,,,,00,09,,,Retained,,24
2025,611,1,710,37833,ILONA B,8/5/2025 14:00,9,30,710,345701,NSEI,57.3375,-134.678,57.352833,-134.674,616.3056,57,,,,,00,09,,,Retained,,25
2025,611,1,710,37833,ILONA B,8/5/2025 14:00,9,30,710,345701,NSEI,57.3375,-134.678,57.352833,-134.674,616.3056,57,,,,,00,09,,,Retained,,27
2025,611,1,710,37833,ILONA B,8/5/2025 14:00,9,30,710,345701,NSEI,57.3375,-134.678,57.352833,-134.674,616.3056,57,,,,,00,09,,,Retained,,47
2025,611,1,710,37833,ILONA B,8/5/2025 14:00,9,30,710,345701,NSEI,57.3375,-134.678,57.352833,-134.674,616.3056,57,,,,,00,09,,,Retained,,48
2025,611,1,710,37833,ILONA B,8/5/2025 14:00,9,30,710,345701,NSEI,57.3375,-134.678,57.352833,-134.674,616.3056,57,,,,,00,09,,,Retained,,64
2025,611,1,710,37833,ILONA B,8/5/2025 14:00,9,30,710,345701,NSEI,57.3375,-134.678,57.352833,-134.674,616.3056,57,,,,,00,09,,,Retained,,69
2025,611,1,710,37833,ILONA B,8/5/2025 14:00,9,30,710,345701,NSEI,57.3375,-134.678,57.352833,-134.674,616.3056,57,,,,,00,09,,,Retained,,73
2025,611,1,710,37833,ILONA B,8/5/2025 14:00,9,30,710,345701,NSEI,57.3375,-134.678,57.352833,-134.674,616.3056,57,,,,,00,09,,,Retained,,80
2025,611,1,710,37833,ILONA B,8/5/2025 14:00,9,30,710,345701,NSEI,57.3375,-134.678,57.352833,-134.674,616.3056,57,,,,,00,09,,,Retained,,89
2025,611,1,710,37833,ILONA B,8/5/2025 14:00,9,30,710,345701,NSEI,57.3375,-134.678,57.352833,-134.674,616.3056,57,,,,,00,09,,,Retained,,92
2025,611,1,710,37833,ILONA B,8/5/2025 14:00,9,30,710,345701,NSEI,57.3375,-134.678,57.352833,-134.674,616.3056,57,,,,,00,09,,,Retained,,110
2025,611,1,710,37833,ILONA B,8/5/2025 14:00,9,30,710,345701,NSEI,57.3375,-134.678,57.352833,-134.674,616.3056,57,,,,,00,09,,,Retained,,117
2025,611,1,710,37833,ILONA B,8/5/2025 14:00,9,30,710,345701,NSEI,57.3375,-134.678,57.352833,-134.674,616.3056,57,,,,,00,09,,,Retained,,137
2025,611,1,710,37833,ILONA B,8/5/2025 14:00,9,30,710,345701,NSEI,57.3375,-134.678,57.352833,-134.674,616.3056,58,2,8,,02,02,07,,,Retained,,131
2025,611,1,710,37833,ILONA B,8/5/2025 14:00,9,30,710,345701,NSEI,57.3375,-134.678,57.352833,-134.674,616.3056,58,2.1,7,,04,01,07,,,Retained,,146
2025,611,1,710,37833,ILONA B,8/5/2025 14:00,9,30,710,345701,NSEI,57.3375,-134.678,57.352833,-134.674,616.3056,58,,,,,00,09,,,Retained,,14
2025,611,1,710,37833,ILONA B,8/5/2025 14:00,9,30,710,345701,NSEI,57.3375,-134.678,57.352833,-134.674,616.3056,58,,,,,00,09,,,Retained,,22
2025,611,1,710,37833,ILONA B,8/5/2025 14:00,9,30,710,345701,NSEI,57.3375,-134.678,57.352833,-134.674,616.3056,58,,,,,00,09,,,Retained,,28
2025,611,1,710,37833,ILONA B,8/5/2025 14:00,9,30,710,345701,NSEI,57.3375,-134.678,57.352833,-134.674,616.3056,58,,,,,00,09,,,Retained,,34
2025,611,1,710,37833,ILONA B,8/5/2025 14:00,9,30,710,345701,NSEI,57.3375,-134.678,57.352833,-134.674,616.3056,58,,,,,00,09,,,Retained,,39
2025,611,1,710,37833,ILONA B,8/5/2025 14:00,9,30,710,345701,NSEI,57.3375,-134.678,57.352833,-134.674,616.3056,58,,,,,00,09,,,Retained,,54
2025,611,1,710,37833,ILONA B,8/5/2025 14:00,9,30,710,345701,NSEI,57.3375,-134.678,57.352833,-134.674,616.3056,58,,,,,00,09,,,Retained,,57
2025,611,1,710,37833,ILONA B,8/5/2025 14:00,9,30,710,345701,NSEI,57.3375,-134.678,57.352833,-134.674,616.3056,58,,,,,00,09,,,Retained,,59
2025,611,1,710,37833,ILONA B,8/5/2025 14:00,9,30,710,345701,NSEI,57.3375,-134.678,57.352833,-134.674,616.3056,58,,,,,00,09,,,Retained,,84
2025,611,1,710,37833,ILONA B,8/5/2025 14:00,9,30,710,345701,NSEI,57.3375,-134.678,57.352833,-134.674,616.3056,58,,,,,00,09,,,Retained,,90
2025,611,1,710,37833,ILONA B,8/5/2025 14:00,9,30,710,345701,NSEI,57.3375,-134.678,57.352833,-134.674,616.3056,58,,,,,00,09,,,Retained,,95
2025,611,1,710,37833,ILONA B,8/5/2025 14:00,9,30,710,345701,NSEI,57.3375,-134.678,57.352833,-134.674,616.3056,58,,,,,00,09,,,Retained,,118
2025,611,1,710,37833,ILONA B,8/5/2025 14:00,9,30,710,345701,NSEI,57.3375,-134.678,57.352833,-134.674,616.3056,58,,,,,00,09,,,Retained,,139
2025,611,1,710,37833,ILONA B,8/5/2025 14:00,9,30,710,345701,NSEI,57.3375,-134.678,57.352833,-134.674,616.3056,58,,,,,00,09,,,Retained,,140
2025,611,1,710,37833,ILONA B,8/5/2025 14:00,9,30,710,345701,NSEI,57.3375,-134.678,57.352833,-134.674,616.3056,59,2.2,9,,02,01,07,,,Retained,,6
2025,611,1,710,37833,ILONA B,8/5/2025 14:00,9,30,710,345701,NSEI,57.3375,-134.678,57.352833,-134.674,616.3056,59,2.3,6,,02,02,07,,,Retained,,21
2025,611,1,710,37833,ILONA B,8/5/2025 14:00,9,30,710,345701,NSEI,57.3375,-134.678,57.352833,-134.674,616.3056,59,,,,,00,09,,,Retained,,8
2025,611,1,710,37833,ILONA B,8/5/2025 14:00,9,30,710,345701,NSEI,57.3375,-134.678,57.352833,-134.674,616.3056,59,,,,,00,09,,,Retained,,10
2025,611,1,710,37833,ILONA B,8/5/2025 14:00,9,30,710,345701,NSEI,57.3375,-134.678,57.352833,-134.674,616.3056,59,,,,,00,09,,,Retained,,32
2025,611,1,710,37833,ILONA B,8/5/2025 14:00,9,30,710,345701,NSEI,57.3375,-134.678,57.352833,-134.674,616.3056,59,,,,,00,09,,,Retained,,40
2025,611,1,710,37833,ILONA B,8/5/2025 14:00,9,30,710,345701,NSEI,57.3375,-134.678,57.352833,-134.674,616.3056,59,,,,,00,09,,,Retained,,43
2025,611,1,710,37833,ILONA B,8/5/2025 14:00,9,30,710,345701,NSEI,57.3375,-134.678,57.352833,-134.674,616.3056,59,,,,,00,09,,,Retained,,45
2025,611,1,710,37833,ILONA B,8/5/2025 14:00,9,30,710,345701,NSEI,57.3375,-134.678,57.352833,-134.674,616.3056,59,,,,,00,09,,,Retained,,58
2025,611,1,710,37833,ILONA B,8/5/2025 14:00,9,30,710,345701,NSEI,57.3375,-134.678,57.352833,-134.674,616.3056,59,,,,,00,09,,,Retained,,60
2025,611,1,710,37833,ILONA B,8/5/2025 14:00,9,30,710,345701,NSEI,57.3375,-134.678,57.352833,-134.674,616.3056,59,,,,,00,09,,,Retained,,94
2025,611,1,710,37833,ILONA B,8/5/2025 14:00,9,30,710,345701,NSEI,57.3375,-134.678,57.352833,-134.674,616.3056,59,,,,,00,09,,,Retained,,98
2025,611,1,710,37833,ILONA B,8/5/2025 14:00,9,30,710,345701,NSEI,57.3375,-134.678,57.352833,-134.674,616.3056,59,,,,,00,09,,,Retained,,99
2025,611,1,710,37833,ILONA B,8/5/2025 14:00,9,30,710,345701,NSEI,57.3375,-134.678,57.352833,-134.674,616.3056,59,,,,,00,09,,,Retained,,102
2025,611,1,710,37833,ILONA B,8/5/2025 14:00,9,30,710,345701,NSEI,57.3375,-134.678,57.352833,-134.674,616.3056,59,,,,,00,09,,,Retained,,143
2025,611,1,710,37833,ILONA B,8/5/2025 14:00,9,30,710,345701,NSEI,57.3375,-134.678,57.352833,-134.674,616.3056,59,,,,,00,09,,,Retained,,144
2025,611,1,710,37833,ILONA B,8/5/2025 14:00,9,30,710,345701,NSEI,57.3375,-134.678,57.352833,-134.674,616.3056,59,,,,,00,09,,,Retained,,147
2025,611,1,710,37833,ILONA B,8/5/2025 14:00,9,30,710,345701,NSEI,57.3375,-134.678,57.352833,-134.674,616.3056,59,,,,,00,09,,,Retained,,149
2025,611,1,710,37833,ILONA B,8/5/2025 14:00,9,30,710,345701,NSEI,57.3375,-134.678,57.352833,-134.674,616.3056,60,2.2,5,,02,01,07,,,Retained,,66
2025,611,1,710,37833,ILONA B,8/5/2025 14:00,9,30,710,345701,NSEI,57.3375,-134.678,57.352833,-134.674,616.3056,60,2.3,4,,03,01,07,,,Retained,,111
2025,611,1,710,37833,ILONA B,8/5/2025 14:00,9,30,710,345701,NSEI,57.3375,-134.678,57.352833,-134.674,616.3056,60,2.3,6,,03,02,01,,,Retained,,36
2025,611,1,710,37833,ILONA B,8/5/2025 14:00,9,30,710,345701,NSEI,57.3375,-134.678,57.352833,-134.674,616.3056,60,2.3,8,,03,02,07,,,Retained,,86
2025,611,1,710,37833,ILONA B,8/5/2025 14:00,9,30,710,345701,NSEI,57.3375,-134.678,57.352833,-134.674,616.3056,60,2.4,7,,03,01,07,,,Retained,,1
2025,611,1,710,37833,ILONA B,8/5/2025 14:00,9,30,710,345701,NSEI,57.3375,-134.678,57.352833,-134.674,616.3056,60,2.6,6,,03,01,07,,,Retained,,61
2025,611,1,710,37833,ILONA B,8/5/2025 14:00,9,30,710,345701,NSEI,57.3375,-134.678,57.352833,-134.674,616.3056,60,,,,,00,09,,,Retained,,3
2025,611,1,710,37833,ILONA B,8/5/2025 14:00,9,30,710,345701,NSEI,57.3375,-134.678,57.352833,-134.674,616.3056,60,,,,,00,09,,,Retained,,5
2025,611,1,710,37833,ILONA B,8/5/2025 14:00,9,30,710,345701,NSEI,57.3375,-134.678,57.352833,-134.674,616.3056,60,,,,,00,09,,,Retained,,19
2025,611,1,710,37833,ILONA B,8/5/2025 14:00,9,30,710,345701,NSEI,57.3375,-134.678,57.352833,-134.674,616.3056,60,,,,,00,09,,,Retained,,29
2025,611,1,710,37833,ILONA B,8/5/2025 14:00,9,30,710,345701,NSEI,57.3375,-134.678,57.352833,-134.674,616.3056,60,,,,,00,09,,,Retained,,30
2025,611,1,710,37833,ILONA B,8/5/2025 14:00,9,30,710,345701,NSEI,57.3375,-134.678,57.352833,-134.674,616.3056,60,,,,,00,09,,,Retained,,53
2025,611,1,710,37833,ILONA B,8/5/2025 14:00,9,30,710,345701,NSEI,57.3375,-134.678,57.352833,-134.674,616.3056,60,,,,,00,09,,,Retained,,63
2025,611,1,710,37833,ILONA B,8/5/2025 14:00,9,30,710,345701,NSEI,57.3375,-134.678,57.352833,-134.674,616.3056,60,,,,,00,09,,,Retained,,103
2025,611,1,710,37833,ILONA B,8/5/2025 14:00,9,30,710,345701,NSEI,57.3375,-134.678,57.352833,-134.674,616.3056,60,,,,,00,09,,,Retained,,108
2025,611,1,710,37833,ILONA B,8/5/2025 14:00,9,30,710,345701,NSEI,57.3375,-134.678,57.352833,-134.674,616.3056,60,,,,,00,09,,,Retained,,109
2025,611,1,710,37833,ILONA B,8/5/2025 14:00,9,30,710,345701,NSEI,57.3375,-134.678,57.352833,-134.674,616.3056,60,,,,,00,09,,,Retained,,142
2025,611,1,710,37833,ILONA B,8/5/2025 14:00,9,30,710,345701,NSEI,57.3375,-134.678,57.352833,-134.674,616.3056,61,2.4,6,,02,01,07,,,Retained,,46
2025,611,1,710,37833,ILONA B,8/5/2025 14:00,9,30,710,345701,NSEI,57.3375,-134.678,57.352833,-134.674,616.3056,61,,,,,00,09,,,Retained,,7
2025,611,1,710,37833,ILONA B,8/5/2025 14:00,9,30,710,345701,NSEI,57.3375,-134.678,57.352833,-134.674,616.3056,61,,,,,00,09,,,Retained,,42
2025,611,1,710,37833,ILONA B,8/5/2025 14:00,9,30,710,345701,NSEI,57.3375,-134.678,57.352833,-134.674,616.3056,61,,,,,00,09,,,Retained,,50
2025,611,1,710,37833,ILONA B,8/5/2025 14:00,9,30,710,345701,NSEI,57.3375,-134.678,57.352833,-134.674,616.3056,61,,,,,00,09,,,Retained,,72
2025,611,1,710,37833,ILONA B,8/5/2025 14:00,9,30,710,345701,NSEI,57.3375,-134.678,57.352833,-134.674,616.3056,61,,,,,00,09,,,Retained,,77
2025,611,1,710,37833,ILONA B,8/5/2025 14:00,9,30,710,345701,NSEI,57.3375,-134.678,57.352833,-134.674,616.3056,61,,,,,00,09,,,Retained,,78
2025,611,1,710,37833,ILONA B,8/5/2025 14:00,9,30,710,345701,NSEI,57.3375,-134.678,57.352833,-134.674,616.3056,61,,,,,00,09,,,Retained,,113
2025,611,1,710,37833,ILONA B,8/5/2025 14:00,9,30,710,345701,NSEI,57.3375,-134.678,57.352833,-134.674,616.3056,61,,,,,00,09,,,Retained,,123
2025,611,1,710,37833,ILONA B,8/5/2025 14:00,9,30,710,345701,NSEI,57.3375,-134.678,57.352833,-134.674,616.3056,61,,,,,00,09,,,Retained,,127
2025,611,1,710,37833,ILONA B,8/5/2025 14:00,9,30,710,345701,NSEI,57.3375,-134.678,57.352833,-134.674,616.3056,61,,,,,00,09,,,Retained,,130
2025,611,1,710,37833,ILONA B,8/5/2025 14:00,9,30,710,345701,NSEI,57.3375,-134.678,57.352833,-134.674,616.3056,61,,,,,00,09,,,Retained,,150
2025,611,1,710,37833,ILONA B,8/5/2025 14:00,9,30,710,345701,NSEI,57.3375,-134.678,57.352833,-134.674,616.3056,62,2.2,5,,02,02,01,,,Retained,,31
2025,611,1,710,37833,ILONA B,8/5/2025 14:00,9,30,710,345701,NSEI,57.3375,-134.678,57.352833,-134.674,616.3056,62,2.6,10,,04,01,07,,,Retained,,26
2025,611,1,710,37833,ILONA B,8/5/2025 14:00,9,30,710,345701,NSEI,57.3375,-134.678,57.352833,-134.674,616.3056,62,2.8,8,,02,02,07,,,Retained,,11
2025,611,1,710,37833,ILONA B,8/5/2025 14:00,9,30,710,345701,NSEI,57.3375,-134.678,57.352833,-134.674,616.3056,62,,,,,00,09,,,Retained,,62
2025,611,1,710,37833,ILONA B,8/5/2025 14:00,9,30,710,345701,NSEI,57.3375,-134.678,57.352833,-134.674,616.3056,62,,,,,00,09,,,Retained,,88
2025,611,1,710,37833,ILONA B,8/5/2025 14:00,9,30,710,345701,NSEI,57.3375,-134.678,57.352833,-134.674,616.3056,62,,,,,00,09,,,Retained,,105
2025,611,1,710,37833,ILONA B,8/5/2025 14:00,9,30,710,345701,NSEI,57.3375,-134.678,57.352833,-134.674,616.3056,62,,,,,00,09,,,Retained,,112
2025,611,1,710,37833,ILONA B,8/5/2025 14:00,9,30,710,345701,NSEI,57.3375,-134.678,57.352833,-134.674,616.3056,62,,,,,00,09,,,Retained,,115
2025,611,1,710,37833,ILONA B,8/5/2025 14:00,9,30,710,345701,NSEI,57.3375,-134.678,57.352833,-134.674,616.3056,62,,,,,00,09,,,Retained,,124
2025,611,1,710,37833,ILONA B,8/5/2025 14:00,9,30,710,345701,NSEI,57.3375,-134.678,57.352833,-134.674,616.3056,62,,,,,00,09,,,Retained,,132
2025,611,1,710,37833,ILONA B,8/5/2025 14:00,9,30,710,345701,NSEI,57.3375,-134.678,57.352833,-134.674,616.3056,62,,,,,00,09,,,Retained,,135
2025,611,1,710,37833,ILONA B,8/5/2025 14:00,9,30,710,345701,NSEI,57.3375,-134.678,57.352833,-134.674,616.3056,62,,,,,00,09,,,Retained,,145
2025,611,1,710,37833,ILONA B,8/5/2025 14:00,9,30,710,345701,NSEI,57.3375,-134.678,57.352833,-134.674,616.3056,62,,,,,00,09,,,Retained,,148
2025,611,1,710,37833,ILONA B,8/5/2025 14:00,9,30,710,345701,NSEI,57.3375,-134.678,57.352833,-134.674,616.3056,63,2.6,5,,02,02,07,,,Retained,,116
2025,611,1,710,37833,ILONA B,8/5/2025 14:00,9,30,710,345701,NSEI,57.3375,-134.678,57.352833,-134.674,616.3056,63,2.7,9,,02,01,07,,,Retained,,121
2025,611,1,710,37833,ILONA B,8/5/2025 14:00,9,30,710,345701,NSEI,57.3375,-134.678,57.352833,-134.674,616.3056,63,,,,,00,09,,,Retained,,85
2025,611,1,710,37833,ILONA B,8/5/2025 14:00,9,30,710,345701,NSEI,57.3375,-134.678,57.352833,-134.674,616.3056,63,,,,,00,09,,,Retained,,120
2025,611,1,710,37833,ILONA B,8/5/2025 14:00,9,30,710,345701,NSEI,57.3375,-134.678,57.352833,-134.674,616.3056,63,,,,,00,09,,,Retained,,122
2025,611,1,710,37833,ILONA B,8/5/2025 14:00,9,30,710,345701,NSEI,57.3375,-134.678,57.352833,-134.674,616.3056,64,2.7,8,,02,02,07,,,Retained,,96
2025,611,1,710,37833,ILONA B,8/5/2025 14:00,9,30,710,345701,NSEI,57.3375,-134.678,57.352833,-134.674,616.3056,64,2.7,9,,02,02,07,,,Retained,,51
2025,611,1,710,37833,ILONA B,8/5/2025 14:00,9,30,710,345701,NSEI,57.3375,-134.678,57.352833,-134.674,616.3056,64,,,,,00,09,,,Retained,,37
2025,611,1,710,37833,ILONA B,8/5/2025 14:00,9,30,710,345701,NSEI,57.3375,-134.678,57.352833,-134.674,616.3056,64,,,,,00,09,,,Retained,,79
2025,611,1,710,37833,ILONA B,8/5/2025 14:00,9,30,710,345701,NSEI,57.3375,-134.678,57.352833,-134.674,616.3056,64,,,,,00,09,,,Retained,,114
2025,611,1,710,37833,ILONA B,8/5/2025 14:00,9,30,710,345701,NSEI,57.3375,-134.678,57.352833,-134.674,616.3056,64,,,,,00,09,,,Retained,,119
2025,611,1,710,37833,ILONA B,8/5/2025 14:00,9,30,710,345701,NSEI,57.3375,-134.678,57.352833,-134.674,616.3056,64,,,,,00,09,,,Retained,,128
2025,611,1,710,37833,ILONA B,8/5/2025 14:00,9,30,710,345701,NSEI,57.3375,-134.678,57.352833,-134.674,616.3056,64,,,,,00,09,,,Retained,,138
2025,611,1,710,37833,ILONA B,8/5/2025 14:00,9,30,710,345701,NSEI,57.3375,-134.678,57.352833,-134.674,616.3056,65,2.9,7,,02,02,07,,,Retained,,101
2025,611,1,710,37833,ILONA B,8/5/2025 14:00,9,30,710,345701,NSEI,57.3375,-134.678,57.352833,-134.674,616.3056,65,2.9,27,,02,01,07,,,Retained,,136
2025,611,1,710,37833,ILONA B,8/5/2025 14:00,9,30,710,345701,NSEI,57.3375,-134.678,57.352833,-134.674,616.3056,65,3.2,11,,02,02,07,,,Retained,,106
2025,611,1,710,37833,ILONA B,8/5/2025 14:00,9,30,710,345701,NSEI,57.3375,-134.678,57.352833,-134.674,616.3056,65,,,,,00,09,,,Retained,,18
2025,611,1,710,37833,ILONA B,8/5/2025 14:00,9,30,710,345701,NSEI,57.3375,-134.678,57.352833,-134.674,616.3056,65,,,,,00,09,,,Retained,,68
2025,611,1,710,37833,ILONA B,8/5/2025 14:00,9,30,710,345701,NSEI,57.3375,-134.678,57.352833,-134.674,616.3056,65,,,,,00,09,,,Retained,,107
2025,611,1,710,37833,ILONA B,8/5/2025 14:00,9,30,710,345701,NSEI,57.3375,-134.678,57.352833,-134.674,616.3056,66,3,7,,02,02,07,,,Retained,,71
2025,611,1,710,37833,ILONA B,8/5/2025 14:00,9,30,710,345701,NSEI,57.3375,-134.678,57.352833,-134.674,616.3056,66,3.1,6,,02,02,07,,,Retained,,91
2025,611,1,710,37833,ILONA B,8/5/2025 14:00,9,30,710,345701,NSEI,57.3375,-134.678,57.352833,-134.674,616.3056,66,,,,,00,09,,,Retained,,13
2025,611,1,710,37833,ILONA B,8/5/2025 14:00,9,30,710,345701,NSEI,57.3375,-134.678,57.352833,-134.674,616.3056,66,,,,,00,09,,,Retained,,125
2025,611,1,710,37833,ILONA B,8/5/2025 14:00,9,30,710,345701,NSEI,57.3375,-134.678,57.352833,-134.674,616.3056,67,,,,,00,09,,,Retained,,49
2025,611,1,710,37833,ILONA B,8/5/2025 14:00,9,30,710,345701,NSEI,57.3375,-134.678,57.352833,-134.674,616.3056,67,,,,,00,09,,,Retained,,74
2025,611,1,710,37833,ILONA B,8/5/2025 14:00,9,30,710,345701,NSEI,57.3375,-134.678,57.352833,-134.674,616.3056,67,,,,,00,09,,,Retained,,82
2025,611,1,710,37833,ILONA B,8/5/2025 14:00,9,30,710,345701,NSEI,57.3375,-134.678,57.352833,-134.674,616.3056,67,,,,,00,09,,,Retained,,83
2025,611,1,710,37833,ILONA B,8/5/2025 14:00,9,30,710,345701,NSEI,57.3375,-134.678,57.352833,-134.674,616.3056,67,,,,,00,09,,,Retained,,100
2025,611,1,710,37833,ILONA B,8/5/2025 14:00,9,30,710,345701,NSEI,57.3375,-134.678,57.352833,-134.674,616.3056,68,,,,,00,09,,,Retained,,9
2025,611,1,710,37833,ILONA B,8/5/2025 14:00,9,30,710,345701,NSEI,57.3375,-134.678,57.352833,-134.674,616.3056,68,,,,,00,09,,,Retained,,134
2025,611,1,710,37833,ILONA B,8/5/2025 14:00,9,30,710,345701,NSEI,57.3375,-134.678,57.352833,-134.674,616.3056,69,3.6,12,,02,02,07,,,Retained,,81
2025,611,1,710,37833,ILONA B,8/5/2025 14:00,9,30,710,345701,NSEI,57.3375,-134.678,57.352833,-134.674,616.3056,69,,,,,00,09,,,Retained,,33
2025,611,1,710,37833,ILONA B,8/5/2025 14:00,9,30,710,345701,NSEI,57.3375,-134.678,57.352833,-134.674,616.3056,70,,,,,00,09,,,Retained,,129
2025,611,1,710,37833,ILONA B,8/5/2025 14:00,9,30,710,345701,NSEI,57.3375,-134.678,57.352833,-134.674,616.3056,74,4.2,50,,02,01,07,,,Retained,,141
2025,611,1,710,37833,ILONA B,8/5/2025 14:00,9,30,710,345701,NSEI,57.3375,-134.678,57.352833,-134.674,616.3056,,,,,,,,,,Lost,01,151
2025,611,1,710,37833,ILONA B,8/5/2025 14:00,9,30,710,345701,NSEI,57.3375,-134.678,57.352833,-134.674,616.3056,,,,,,,,,,Lost,01,152
2025,611,1,710,37833,ILONA B,8/5/2025 14:00,9,30,710,345701,NSEI,57.3375,-134.678,57.352833,-134.674,616.3056,,,,,,,,,,Retained,,153
2025,611,1,710,37833,ILONA B,8/5/2025 14:00,9,30,710,345701,NSEI,57.3375,-134.678,57.352833,-134.674,616.3056,,,,,,,,,,Retained,,154
2025,611,1,710,37833,ILONA B,8/5/2025 14:00,9,30,710,345701,NSEI,57.3375,-134.678,57.352833,-134.674,616.3056,,,,,,,,,,Retained,,155
2025,611,1,710,37833,ILONA B,8/5/2025 14:00,9,30,710,345701,NSEI,57.3375,-134.678,57.352833,-134.674,616.3056,,,,,,,,,,Retained,,156
2025,611,1,710,37833,ILONA B,8/5/2025 14:00,9,30,710,345701,NSEI,57.3375,-134.678,57.352833,-134.674,616.3056,,,,,,,,,,Retained,,157
2025,611,1,710,37833,ILONA B,8/5/2025 14:00,9,30,710,345701,NSEI,57.3375,-134.678,57.352833,-134.674,616.3056,,,,,,,,,,Retained,,158
2025,611,1,710,37833,ILONA B,8/5/2025 14:00,9,30,710,345701,NSEI,57.3375,-134.678,57.352833,-134.674,616.3056,,,,,,,,,,Retained,,159
2025,611,1,710,37833,ILONA B,8/5/2025 14:00,9,30,710,345701,NSEI,57.3375,-134.678,57.352833,-134.674,616.3056,,,,,,,,,,Retained,,160
2025,611,1,710,37833,ILONA B,8/5/2025 14:00,9,30,710,345701,NSEI,57.3375,-134.678,57.352833,-134.674,616.3056,,,,,,,,,,Retained,,161
2025,611,1,710,37833,ILONA B,8/5/2025 14:00,9,30,710,345701,NSEI,57.3375,-134.678,57.352833,-134.674,616.3056,,,,,,,,,,Retained,,162
2025,611,1,710,37833,ILONA B,8/5/2025 14:00,9,30,710,345701,NSEI,57.3375,-134.678,57.352833,-134.674,616.3056,,,,,,,,,,Retained,,163
2025,611,1,710,37833,ILONA B,8/5/2025 14:00,9,30,710,345701,NSEI,57.3375,-134.678,57.352833,-134.674,616.3056,,,,,,,,,,Retained,,164
2025,611,1,710,37833,ILONA B,8/5/2025 14:00,9,30,710,345701,NSEI,57.3375,-134.678,57.352833,-134.674,616.3056,,,,,,,,,,Retained,,165
2025,611,1,710,37833,ILONA B,8/5/2025 14:00,9,30,710,345701,NSEI,57.3375,-134.678,57.352833,-134.674,616.3056,,,,,,,,,,Retained,,166
2025,611,1,710,37833,ILONA B,8/5/2025 14:00,9,30,710,345701,NSEI,57.3375,-134.678,57.352833,-134.674,616.3056,,,,,,,,,,Retained,,167
2025,611,1,710,37833,ILONA B,8/5/2025 14:00,9,30,710,345701,NSEI,57.3375,-134.678,57.352833,-134.674,616.3056,,,,,,,,,,Retained,,168
2025,611,1,710,37833,ILONA B,8/5/2025 14:00,9,30,710,345701,NSEI,57.3375,-134.678,57.352833,-134.674,616.3056,,,,,,,,,,Retained,,169
2025,611,1,710,37833,ILONA B,8/5/2025 14:00,9,30,710,345701,NSEI,57.3375,-134.678,57.352833,-134.674,616.3056,,,,,,,,,,Retained,,170
2025,611,1,710,37833,ILONA B,8/5/2025 14:00,9,30,710,345701,NSEI,57.3375,-134.678,57.352833,-134.674,616.3056,,,,,,,,,,Retained,,171
2025,611,1,710,37833,ILONA B,8/5/2025 14:00,9,30,710,345701,NSEI,57.3375,-134.678,57.352833,-134.674,616.3056,,,,,,,,,,Retained,,172
2025,611,1,710,37833,ILONA B,8/5/2025 14:00,9,30,710,345701,NSEI,57.3375,-134.678,57.352833,-134.674,616.3056,,,,,,,,,,Retained,,173
2025,611,1,710,37833,ILONA B,8/5/2025 14:00,9,30,710,345701,NSEI,57.3375,-134.678,57.352833,-134.674,616.3056,,,,,,,,,,Retained,,174
2025,611,1,710,37833,ILONA B,8/5/2025 14:00,9,30,710,345701,NSEI,57.3375,-134.678,57.352833,-134.674,616.3056,,,,,,,,,,Retained,,175
2025,611,1,710,37833,ILONA B,8/5/2025 14:00,9,30,710,345701,NSEI,57.3375,-134.678,57.352833,-134.674,616.3056,,,,,,,,,,Retained,,176
2025,611,1,710,37833,ILONA B,8/5/2025 14:00,9,30,710,345701,NSEI,57.3375,-134.678,57.352833,-134.674,616.3056,,,,,,,,,,Retained,,177
2025,611,1,710,37833,ILONA B,8/5/2025 14:00,9,30,710,345701,NSEI,57.3375,-134.678,57.352833,-134.674,616.3056,,,,,,,,,,Retained,,178
2025,611,1,710,37833,ILONA B,8/5/2025 14:00,9,30,710,345701,NSEI,57.3375,-134.678,57.352833,-134.674,616.3056,,,,,,,,,,Retained,,179
2025,611,1,710,37833,ILONA B,8/5/2025 14:00,9,30,710,345701,NSEI,57.3375,-134.678,57.352833,-134.674,616.3056,,,,,,,,,,Retained,,180
2025,611,1,710,37833,ILONA B,8/5/2025 14:00,9,30,710,345701,NSEI,57.3375,-134.678,57.352833,-134.674,616.3056,,,,,,,,,,Retained,,181
2025,611,1,710,37833,ILONA B,8/5/2025 14:00,9,30,710,345701,NSEI,57.3375,-134.678,57.352833,-134.674,616.3056,,,,,,,,,,Retained,,182
2025,611,1,710,37833,ILONA B,8/5/2025 14:00,9,30,710,345701,NSEI,57.3375,-134.678,57.352833,-134.674,616.3056,,,,,,,,,,Retained,,183
2025,611,1,710,37833,ILONA B,8/5/2025 14:00,9,30,710,345701,NSEI,57.3375,-134.678,57.352833,-134.674,616.3056,,,,,,,,,,Retained,,184
2025,611,1,710,37833,ILONA B,8/5/2025 14:00,9,30,710,345701,NSEI,57.3375,-134.678,57.352833,-134.674,616.3056,,,,,,,,,,Retained,,185
2025,611,1,710,37833,ILONA B,8/5/2025 14:00,9,30,710,345701,NSEI,57.3375,-134.678,57.352833,-134.674,616.3056,,,,,,,,,,Retained,,186
2025,611,1,710,37833,ILONA B,8/5/2025 14:00,9,30,710,345701,NSEI,57.3375,-134.678,57.352833,-134.674,616.3056,,,,,,,,,,Retained,,187
2025,611,1,710,37833,ILONA B,8/5/2025 14:00,9,30,710,345701,NSEI,57.3375,-134.678,57.352833,-134.674,616.3056,,,,,,,,,,Retained,,188
2025,611,1,710,37833,ILONA B,8/5/2025 14:00,9,30,710,345701,NSEI,57.3375,-134.678,57.352833,-134.674,616.3056,,,,,,,,,,Retained,,189
2025,611,1,710,37833,ILONA B,8/5/2025 14:00,9,30,710,345701,NSEI,57.3375,-134.678,57.352833,-134.674,616.3056,,,,,,,,,,Retained,,190
2025,611,1,710,37833,ILONA B,8/5/2025 14:00,9,30,710,345701,NSEI,57.3375,-134.678,57.352833,-134.674,616.3056,,,,,,,,,,Retained,,191
2025,611,1,710,37833,ILONA B,8/5/2025 14:00,9,30,710,345701,NSEI,57.3375,-134.678,57.352833,-134.674,616.3056,,,,,,,,,,Retained,,192
2025,611,1,710,37833,ILONA B,8/5/2025 14:00,9,30,710,345701,NSEI,57.3375,-134.678,57.352833,-134.674,616.3056,,,,,,,,,,Retained,,193
2025,611,1,710,37833,ILONA B,8/5/2025 14:00,9,30,710,345701,NSEI,57.3375,-134.678,57.352833,-134.674,616.3056,,,,,,,,,,Retained,,194
2025,611,1,710,37833,ILONA B,8/5/2025 14:00,9,30,710,345701,NSEI,57.3375,-134.678,57.352833,-134.674,616.3056,,,,,,,,,,Retained,,195
2025,611,1,710,37833,ILONA B,8/5/2025 14:00,9,30,710,345701,NSEI,57.3375,-134.678,57.352833,-134.674,616.3056,,,,,,,,,,Retained,,196
2025,611,1,710,37833,ILONA B,8/5/2025 14:00,9,30,710,345701,NSEI,57.3375,-134.678,57.352833,-134.674,616.3056,,,,,,,,,,Retained,,197
2025,611,1,710,37833,ILONA B,8/5/2025 14:00,9,30,710,345701,NSEI,57.3375,-134.678,57.352833,-134.674,616.3056,,,,,,,,,,Retained,,198
2025,611,1,710,37833,ILONA B,8/5/2025 14:00,9,30,710,345701,NSEI,57.3375,-134.678,57.352833,-134.674,616.3056,,,,,,,,,,Retained,,199
2025,611,1,710,37833,ILONA B,8/5/2025 14:00,9,30,710,345701,NSEI,57.3375,-134.678,57.352833,-134.674,616.3056,,,,,,,,,,Retained,,200
2025,611,1,710,37833,ILONA B,8/5/2025 14:00,9,30,710,345701,NSEI,57.3375,-134.678,57.352833,-134.674,616.3056,,,,,,,,,,Retained,,201
2025,611,1,710,37833,ILONA B,8/5/2025 14:00,9,30,710,345701,NSEI,57.3375,-134.678,57.352833,-134.674,616.3056,,,,,,,,,,Retained,,202
2025,611,1,710,37833,ILONA B,8/5/2025 14:00,9,30,710,345701,NSEI,57.3375,-134.678,57.352833,-134.674,616.3056,,,,,,,,,,Retained,,203
2025,611,1,710,37833,ILONA B,8/5/2025 14:00,9,30,710,345701,NSEI,57.3375,-134.678,57.352833,-134.674,616.3056,,,,,,,,,,Retained,,204
2025,611,1,710,37833,ILONA B,8/5/2025 14:00,9,30,710,345701,NSEI,57.3375,-134.678,57.352833,-134.674,616.3056,,,,,,,,,,Retained,,205
2025,611,1,710,37833,ILONA B,8/5/2025 14:00,9,30,710,345701,NSEI,57.3375,-134.678,57.352833,-134.674,616.3056,,,,,,,,,,Retained,,206
2025,611,1,710,37833,ILONA B,8/5/2025 14:00,9,30,710,345701,NSEI,57.3375,-134.678,57.352833,-134.674,616.3056,,,,,,,,,,Retained,,207
2025,611,1,710,37833,ILONA B,8/5/2025 14:00,9,30,710,345701,NSEI,57.3375,-134.678,57.352833,-134.674,616.3056,,,,,,,,,,Retained,,208
2025,611,1,710,37833,ILONA B,8/5/2025 14:00,9,30,710,345701,NSEI,57.3375,-134.678,57.352833,-134.674,616.3056,,,,,,,,,,Retained,,209
2025,611,1,710,37833,ILONA B,8/5/2025 14:00,9,30,710,345701,NSEI,57.3375,-134.678,57.352833,-134.674,616.3056,,,,,,,,,,Retained,,210
2025,611,1,710,37833,ILONA B,8/5/2025 14:00,9,30,710,345701,NSEI,57.3375,-134.678,57.352833,-134.674,616.3056,,,,,,,,,,Retained,,211
2025,611,1,710,37833,ILONA B,8/5/2025 14:00,9,30,710,345701,NSEI,57.3375,-134.678,57.352833,-134.674,616.3056,,,,,,,,,,Retained,,212
2025,611,1,710,37833,ILONA B,8/5/2025 14:00,9,30,710,345701,NSEI,57.3375,-134.678,57.352833,-134.674,616.3056,,,,,,,,,,Retained,,213
2025,611,1,710,37833,ILONA B,8/5/2025 14:00,9,30,710,345701,NSEI,57.3375,-134.678,57.352833,-134.674,616.3056,,,,,,,,,,Retained,,214
2025,611,1,710,37833,ILONA B,8/5/2025 14:00,9,30,710,345701,NSEI,57.3375,-134.678,57.352833,-134.674,616.3056,,,,,,,,,,Retained,,215
2025,611,1,710,37833,ILONA B,8/5/2025 14:00,9,30,710,345701,NSEI,57.3375,-134.678,57.352833,-134.674,616.3056,,,,,,,,,,Retained,,216
2025,611,1,710,37833,ILONA B,8/5/2025 14:00,9,30,710,345701,NSEI,57.3375,-134.678,57.352833,-134.674,616.3056,,,,,,,,,,Retained,,217
2025,611,1,710,37833,ILONA B,8/5/2025 14:00,9,30,710,345701,NSEI,57.3375,-134.678,57.352833,-134.674,616.3056,,,,,,,,,,Retained,,218
2025,611,1,710,37833,ILONA B,8/5/2025 14:00,9,30,710,345701,NSEI,57.3375,-134.678,57.352833,-134.674,616.3056,,,,,,,,,,Retained,,219
2025,611,1,710,37833,ILONA B,8/5/2025 14:00,9,30,710,345701,NSEI,57.3375,-134.678,57.352833,-134.674,616.3056,,,,,,,,,,Retained,,220
2025,611,1,710,37833,ILONA B,8/5/2025 14:00,9,30,710,345701,NSEI,57.3375,-134.678,57.352833,-134.674,616.3056,,,,,,,,,,Retained,,221
2025,611,1,710,37833,ILONA B,8/5/2025 14:00,9,30,710,345701,NSEI,57.3375,-134.678,57.352833,-134.674,616.3056,,,,,,,,,,Retained,,222
2025,611,1,710,37833,ILONA B,8/5/2025 14:00,9,30,710,345701,NSEI,57.3375,-134.678,57.352833,-134.674,616.3056,,,,,,,,,,Retained,,223
2025,611,1,710,37833,ILONA B,8/5/2025 14:00,9,30,710,345701,NSEI,57.3375,-134.678,57.352833,-134.674,616.3056,,,,,,,,,,Retained,,224
2025,611,1,710,37833,ILONA B,8/5/2025 14:00,9,30,710,345701,NSEI,57.3375,-134.678,57.352833,-134.674,616.3056,,,,,,,,,,Retained,,225
2025,611,1,710,37833,ILONA B,8/5/2025 14:00,9,30,710,345701,NSEI,57.3375,-134.678,57.352833,-134.674,616.3056,,,,,,,,,,Retained,,226
2025,611,1,710,37833,ILONA B,8/5/2025 14:00,9,30,710,345701,NSEI,57.3375,-134.678,57.352833,-134.674,616.3056,,,,,,,,,,Retained,,227
2025,611,1,710,37833,ILONA B,8/5/2025 14:00,9,30,710,345701,NSEI,57.3375,-134.678,57.352833,-134.674,616.3056,,,,,,,,,,Retained,,228
2025,611,1,710,37833,ILONA B,8/5/2025 14:00,9,30,710,345701,NSEI,57.3375,-134.678,57.352833,-134.674,616.3056,,,,,,,,,,Retained,,229
2025,611,1,710,37833,ILONA B,8/5/2025 14:00,9,30,710,345701,NSEI,57.3375,-134.678,57.352833,-134.674,616.3056,,,,,,,,,,Retained,,230
2025,611,1,710,37833,ILONA B,8/5/2025 14:00,9,30,710,345701,NSEI,57.3375,-134.678,57.352833,-134.674,616.3056,,,,,,,,,,Retained,,231
2025,611,1,710,37833,ILONA B,8/5/2025 14:00,9,30,710,345701,NSEI,57.3375,-134.678,57.352833,-134.674,616.3056,,,,,,,,,,Retained,,232
2025,611,1,710,37833,ILONA B,8/5/2025 14:00,9,30,710,345701,NSEI,57.3375,-134.678,57.352833,-134.674,616.3056,,,,,,,,,,Retained,,233
2025,611,1,710,37833,ILONA B,8/5/2025 14:00,9,30,710,345701,NSEI,57.3375,-134.678,57.352833,-134.674,616.3056,,,,,,,,,,Retained,,234
2025,611,1,710,37833,ILONA B,8/5/2025 14:00,9,30,710,345701,NSEI,57.3375,-134.678,57.352833,-134.674,616.3056,,,,,,,,,,Retained,,235
2025,611,1,710,37833,ILONA B,8/5/2025 14:00,9,30,710,345701,NSEI,57.3375,-134.678,57.352833,-134.674,616.3056,,,,,,,,,,Retained,,236
2025,611,1,710,37833,ILONA B,8/5/2025 14:00,9,30,710,345701,NSEI,57.3375,-134.678,57.352833,-134.674,616.3056,,,,,,,,,,Retained,,237
2025,611,1,710,37833,ILONA B,8/5/2025 14:00,9,30,710,345701,NSEI,57.3375,-134.678,57.352833,-134.674,616.3056,,,,,,,,,,Retained,,238
2025,611,1,710,37833,ILONA B,8/5/2025 14:00,9,30,710,345701,NSEI,57.3375,-134.678,57.352833,-134.674,616.3056,,,,,,,,,,Retained,,239
2025,611,1,710,37833,ILONA B,8/5/2025 14:00,9,30,710,345701,NSEI,57.3375,-134.678,57.352833,-134.674,616.3056,,,,,,,,,,Retained,,240
2025,611,1,710,37833,ILONA B,8/5/2025 14:00,9,30,710,345701,NSEI,57.3375,-134.678,57.352833,-134.674,616.3056,,,,,,,,,,Retained,,241
2025,611,1,710,37833,ILONA B,8/5/2025 14:00,9,30,710,345701,NSEI,57.3375,-134.678,57.352833,-134.674,616.3056,,,,,,,,,,Retained,,242
2025,611,1,710,37833,ILONA B,8/5/2025 14:00,9,30,710,345701,NSEI,57.3375,-134.678,57.352833,-134.674,616.3056,,,,,,,,,,Retained,,243
2025,611,1,710,37833,ILONA B,8/5/2025 14:00,9,30,710,345701,NSEI,57.3375,-134.678,57.352833,-134.674,616.3056,,,,,,,,,,Retained,,244
2025,611,1,710,37833,ILONA B,8/5/2025 14:00,9,30,710,345701,NSEI,57.3375,-134.678,57.352833,-134.674,616.3056,,,,,,,,,,Retained,,245
2025,611,1,710,37833,ILONA B,8/5/2025 14:00,9,30,710,345701,NSEI,57.3375,-134.678,57.352833,-134.674,616.3056,,,,,,,,,,Retained,,246
2025,611,1,710,37833,ILONA B,8/5/2025 14:00,9,30,710,345701,NSEI,57.3375,-134.678,57.352833,-134.674,616.3056,,,,,,,,,,Retained,,247
2025,611,1,710,37833,ILONA B,8/5/2025 14:00,9,30,710,345701,NSEI,57.3375,-134.678,57.352833,-134.674,616.3056,,,,,,,,,,Retained,,248
2025,611,1,710,37833,ILONA B,8/5/2025 14:00,9,30,710,345701,NSEI,57.3375,-134.678,57.352833,-134.674,616.3056,,,,,,,,,,Retained,,249
2025,611,1,710,37833,ILONA B,8/5/2025 14:00,9,30,710,345701,NSEI,57.3375,-134.678,57.352833,-134.674,616.3056,,,,,,,,,,Retained,,250
2025,611,1,710,37833,ILONA B,8/5/2025 14:00,9,30,710,345701,NSEI,57.3375,-134.678,57.352833,-134.674,616.3056,,,,,,,,,,Retained,,251
2025,611,1,710,37833,ILONA B,8/5/2025 14:00,9,30,710,345701,NSEI,57.3375,-134.678,57.352833,-134.674,616.3056,,,,,,,,,,Retained,,252
2025,611,1,710,37833,ILONA B,8/5/2025 14:00,9,30,710,345701,NSEI,57.3375,-134.678,57.352833,-134.674,616.3056,,,,,,,,,,Retained,,253
2025,611,1,710,37833,ILONA B,8/5/2025 14:00,9,30,710,345701,NSEI,57.3375,-134.678,57.352833,-134.674,616.3056,,,,,,,,,,Retained,,254
2025,611,1,710,37833,ILONA B,8/5/2025 14:00,9,30,710,345701,NSEI,57.3375,-134.678,57.352833,-134.674,616.3056,,,,,,,,,,Retained,,255
2025,611,1,710,37833,ILONA B,8/5/2025 14:00,9,30,710,345701,NSEI,57.3375,-134.678,57.352833,-134.674,616.3056,,,,,,,,,,Retained,,256
2025,611,1,710,37833,ILONA B,8/5/2025 14:00,9,30,710,345701,NSEI,57.3375,-134.678,57.352833,-134.674,616.3056,,,,,,,,,,Retained,,257
2025,611,1,710,37833,ILONA B,8/5/2025 14:00,9,30,710,345701,NSEI,57.3375,-134.678,57.352833,-134.674,616.3056,,,,,,,,,,Retained,,258
2025,611,1,710,37833,ILONA B,8/5/2025 14:00,9,30,710,345701,NSEI,57.3375,-134.678,57.352833,-134.674,616.3056,,,,,,,,,,Retained,,259
2025,611,1,710,37833,ILONA B,8/5/2025 14:00,9,30,710,345701,NSEI,57.3375,-134.678,57.352833,-134.674,616.3056,,,,,,,,,,Retained,,260
2025,611,1,710,37833,ILONA B,8/5/2025 14:00,9,30,710,345701,NSEI,57.3375,-134.678,57.352833,-134.674,616.3056,,,,,,,,,,Retained,,261
2025,611,1,710,37833,ILONA B,8/5/2025 14:00,9,30,710,345701,NSEI,57.3375,-134.678,57.352833,-134.674,616.3056,,,,,,,,,,Retained,,262
2025,611,1,710,37833,ILONA B,8/5/2025 14:00,9,30,710,345701,NSEI,57.3375,-134.678,57.352833,-134.674,616.3056,,,,,,,,,,Retained,,263
2025,611,1,710,37833,ILONA B,8/5/2025 14:00,9,30,710,345701,NSEI,57.3375,-134.678,57.352833,-134.674,616.3056,,,,,,,,,,Retained,,264
2025,611,1,710,37833,ILONA B,8/5/2025 14:00,9,30,710,345701,NSEI,57.3375,-134.678,57.352833,-134.674,616.3056,,,,,,,,,,Retained,,265
2025,611,1,710,37833,ILONA B,8/5/2025 14:00,9,30,710,345701,NSEI,57.3375,-134.678,57.352833,-134.674,616.3056,,,,,,,,,,Retained,,266
2025,611,1,710,37833,ILONA B,8/5/2025 14:00,9,30,710,345701,NSEI,57.3375,-134.678,57.352833,-134.674,616.3056,,,,,,,,,,Retained,,267
2025,611,1,710,37833,ILONA B,8/5/2025 14:00,9,30,710,345701,NSEI,57.3375,-134.678,57.352833,-134.674,616.3056,,,,,,,,,,Retained,,268
2025,611,1,710,37833,ILONA B,8/5/2025 14:00,9,30,710,345701,NSEI,57.3375,-134.678,57.352833,-134.674,616.3056,,,,,,,,,,Retained,,269
2025,611,1,710,37833,ILONA B,8/5/2025 14:00,9,30,710,345701,NSEI,57.3375,-134.678,57.352833,-134.674,616.3056,,,,,,,,,,Retained,,270
2025,611,1,710,37833,ILONA B,8/5/2025 14:00,9,30,710,345701,NSEI,57.3375,-134.678,57.352833,-134.674,616.3056,,,,,,,,,,Retained,,271
2025,611,1,710,37833,ILONA B,8/5/2025 14:00,9,30,710,345701,NSEI,57.3375,-134.678,57.352833,-134.674,616.3056,,,,,,,,,,Retained,,272
2025,611,1,710,37833,ILONA B,8/5/2025 14:00,9,30,710,345701,NSEI,57.3375,-134.678,57.352833,-134.674,616.3056,,,,,,,,,,Retained,,273
2025,611,1,710,37833,ILONA B,8/5/2025 14:00,9,30,710,345701,NSEI,57.3375,-134.678,57.352833,-134.674,616.3056,,,,,,,,,,Retained,,274
2025,611,1,710,37833,ILONA B,8/5/2025 14:00,9,30,710,345701,NSEI,57.3375,-134.678,57.352833,-134.674,616.3056,,,,,,,,,,Retained,,275
2025,611,1,710,37833,ILONA B,8/5/2025 14:00,9,30,710,345701,NSEI,57.3375,-134.678,57.352833,-134.674,616.3056,,,,,,,,,,Retained,,276
2025,611,1,710,37833,ILONA B,8/5/2025 14:00,9,30,710,345701,NSEI,57.3375,-134.678,57.352833,-134.674,616.3056,,,,,,,,,,Retained,,277
2025,611,1,710,37833,ILONA B,8/5/2025 14:00,9,30,710,345701,NSEI,57.3375,-134.678,57.352833,-134.674,616.3056,,,,,,,,,,Retained,,278
2025,611,1,710,37833,ILONA B,8/5/2025 14:00,9,30,710,345701,NSEI,57.3375,-134.678,57.352833,-134.674,616.3056,,,,,,,,,,Retained,,279
2025,611,1,710,37833,ILONA B,8/5/2025 14:00,9,30,710,345701,NSEI,57.3375,-134.678,57.352833,-134.674,616.3056,,,,,,,,,,Retained,,280
2025,611,1,710,37833,ILONA B,8/5/2025 14:00,9,30,710,345701,NSEI,57.3375,-134.678,57.352833,-134.674,616.3056,,,,,,,,,,Retained,,281
2025,611,1,710,37833,ILONA B,8/5/2025 14:00,9,30,710,345701,NSEI,57.3375,-134.678,57.352833,-134.674,616.3056,,,,,,,,,,Retained,,282
2025,611,1,710,37833,ILONA B,8/5/2025 14:00,9,30,710,345701,NSEI,57.3375,-134.678,57.352833,-134.674,616.3056,,,,,,,,,,Retained,,283
2025,611,1,710,37833,ILONA B,8/5/2025 14:00,9,30,710,345701,NSEI,57.3375,-134.678,57.352833,-134.674,616.3056,,,,,,,,,,Retained,,284
2025,611,1,710,37833,ILONA B,8/5/2025 14:00,9,30,710,345701,NSEI,57.3375,-134.678,57.352833,-134.674,616.3056,,,,,,,,,,Retained,,285
2025,611,1,710,37833,ILONA B,8/5/2025 14:00,9,30,710,345701,NSEI,57.3375,-134.678,57.352833,-134.674,616.3056,,,,,,,,,,Retained,,286
2025,611,1,710,37833,ILONA B,8/5/2025 14:00,9,30,710,345701,NSEI,57.3375,-134.678,57.352833,-134.674,616.3056,,,,,,,,,,Retained,,287
2025,611,1,710,37833,ILONA B,8/5/2025 14:00,9,30,710,345701,NSEI,57.3375,-134.678,57.352833,-134.674,616.3056,,,,,,,,,,Retained,,288
2025,611,1,710,37833,ILONA B,8/5/2025 14:00,9,30,710,345701,NSEI,57.3375,-134.678,57.352833,-134.674,616.3056,,,,,,,,,,Retained,,289
2025,611,1,710,37833,ILONA B,8/5/2025 14:00,9,30,710,345701,NSEI,57.3375,-134.678,57.352833,-134.674,616.3056,,,,,,,,,,Retained,,290
2025,611,1,710,37833,ILONA B,8/5/2025 14:00,9,30,710,345701,NSEI,57.3375,-134.678,57.352833,-134.674,616.3056,,,,,,,,,,Retained,,291
2025,611,1,710,37833,ILONA B,8/5/2025 14:00,9,30,710,345701,NSEI,57.3375,-134.678,57.352833,-134.674,616.3056,,,,,,,,,,Retained,,292
2025,611,1,710,37833,ILONA B,8/5/2025 14:00,9,30,710,345701,NSEI,57.3375,-134.678,57.352833,-134.674,616.3056,,,,,,,,,,Retained,,293
2025,611,1,710,37833,ILONA B,8/5/2025 14:00,9,30,710,345701,NSEI,57.3375,-134.678,57.352833,-134.674,616.3056,,,,,,,,,,Retained,,294
2025,611,1,710,37833,ILONA B,8/5/2025 14:00,9,30,710,345701,NSEI,57.3375,-134.678,57.352833,-134.674,616.3056,,,,,,,,,,Retained,,295
2025,611,1,710,37833,ILONA B,8/5/2025 14:00,9,30,710,345701,NSEI,57.3375,-134.678,57.352833,-134.674,616.3056,,,,,,,,,,Retained,,296
2025,611,1,710,37833,ILONA B,8/5/2025 14:00,9,30,710,345701,NSEI,57.3375,-134.678,57.352833,-134.674,616.3056,,,,,,,,,,Retained,,297
2025,611,1,710,37833,ILONA B,8/5/2025 14:00,9,30,710,345701,NSEI,57.3375,-134.678,57.352833,-134.674,616.3056,,,,,,,,,,Retained,,298
2025,611,1,710,37833,ILONA B,8/5/2025 14:00,9,30,710,345701,NSEI,57.3375,-134.678,57.352833,-134.674,616.3056,,,,,,,,,,Retained,,299
2025,611,1,710,37833,ILONA B,8/5/2025 14:00,9,30,710,345701,NSEI,57.3375,-134.678,57.352833,-134.674,616.3056,,,,,,,,,,Retained,,300
2025,611,1,710,37833,ILONA B,8/5/2025 14:00,9,30,710,345701,NSEI,57.3375,-134.678,57.352833,-134.674,616.3056,,,,,,,,,,Retained,,301
2025,611,1,710,37833,ILONA B,8/5/2025 14:00,9,30,710,345701,NSEI,57.3375,-134.678,57.352833,-134.674,616.3056,,,,,,,,,,Retained,,302
2025,611,1,710,37833,ILONA B,8/5/2025 14:00,9,30,710,345701,NSEI,57.3375,-134.678,57.352833,-134.674,616.3056,,,,,,,,,,Retained,,303
2025,611,1,710,37833,ILONA B,8/5/2025 14:00,9,30,710,345701,NSEI,57.3375,-134.678,57.352833,-134.674,616.3056,,,,,,,,,,Retained,,304
2025,611,1,710,37833,ILONA B,8/5/2025 14:00,9,30,710,345701,NSEI,57.3375,-134.678,57.352833,-134.674,616.3056,,,,,,,,,,Retained,,305
2025,611,1,710,37833,ILONA B,8/5/2025 14:00,9,30,710,345701,NSEI,57.3375,-134.678,57.352833,-134.674,616.3056,,,,,,,,,,Retained,,306
2025,611,1,710,37833,ILONA B,8/5/2025 14:00,9,30,710,345701,NSEI,57.3375,-134.678,57.352833,-134.674,616.3056,,,,,,,,,,Retained,,307
2025,611,1,710,37833,ILONA B,8/5/2025 14:00,9,30,710,345701,NSEI,57.3375,-134.678,57.352833,-134.674,616.3056,,,,,,,,,,Retained,,308
2025,611,1,710,37833,ILONA B,8/5/2025 14:00,9,30,710,345701,NSEI,57.3375,-134.678,57.352833,-134.674,616.3056,,,,,,,,,,Retained,,309
2025,611,1,710,37833,ILONA B,8/5/2025 14:00,9,30,710,345701,NSEI,57.3375,-134.678,57.352833,-134.674,616.3056,,,,,,,,,,Retained,,310
2025,611,1,710,37833,ILONA B,8/5/2025 14:00,9,30,710,345701,NSEI,57.3375,-134.678,57.352833,-134.674,616.3056,,,,,,,,,,Retained,,311
2025,611,1,710,37833,ILONA B,8/5/2025 14:00,9,30,710,345701,NSEI,57.3375,-134.678,57.352833,-134.674,616.3056,,,,,,,,,,Retained,,312
2025,611,1,710,37833,ILONA B,8/5/2025 14:00,9,30,710,345701,NSEI,57.3375,-134.678,57.352833,-134.674,616.3056,,,,,,,,,,Retained,,313
2025,611,1,710,37833,ILONA B,8/5/2025 14:00,9,30,710,345701,NSEI,57.3375,-134.678,57.352833,-134.674,616.3056,,,,,,,,,,Retained,,314
2025,611,1,710,37833,ILONA B,8/5/2025 14:00,9,30,710,345701,NSEI,57.3375,-134.678,57.352833,-134.674,616.3056,,,,,,,,,,Retained,,315
2025,611,1,710,37833,ILONA B,8/5/2025 14:00,9,30,710,345701,NSEI,57.3375,-134.678,57.352833,-134.674,616.3056,,,,,,,,,,Retained,,316
2025,611,1,710,37833,ILONA B,8/5/2025 14:00,9,30,710,345701,NSEI,57.3375,-134.678,57.352833,-134.674,616.3056,,,,,,,,,,Retained,,317
2025,611,1,710,37833,ILONA B,8/5/2025 14:00,9,30,710,345701,NSEI,57.3375,-134.678,57.352833,-134.674,616.3056,,,,,,,,,,Retained,,318
2025,611,1,710,37833,ILONA B,8/5/2025 14:00,9,30,710,345701,NSEI,57.3375,-134.678,57.352833,-134.674,616.3056,,,,,,,,,,Retained,,319
2025,611,1,710,37833,ILONA B,8/5/2025 14:00,9,30,710,345701,NSEI,57.3375,-134.678,57.352833,-134.674,616.3056,,,,,,,,,,Retained,,320
2025,611,1,710,37833,ILONA B,8/5/2025 14:00,9,30,710,345701,NSEI,57.3375,-134.678,57.352833,-134.674,616.3056,,,,,,,,,,Retained,,321
2025,611,1,710,37833,ILONA B,8/5/2025 14:00,9,30,710,345701,NSEI,57.3375,-134.678,57.352833,-134.674,616.3056,,,,,,,,,,Retained,,322
2025,611,1,710,37833,ILONA B,8/5/2025 14:00,9,30,710,345701,NSEI,57.3375,-134.678,57.352833,-134.674,616.3056,,,,,,,,,,Retained,,323
2025,611,1,710,37833,ILONA B,8/5/2025 14:00,9,30,710,345701,NSEI,57.3375,-134.678,57.352833,-134.674,616.3056,,,,,,,,,,Retained,,324
2025,611,1,710,37833,ILONA B,8/5/2025 14:00,9,30,710,345701,NSEI,57.3375,-134.678,57.352833,-134.674,616.3056,,,,,,,,,,Retained,,325
2025,611,1,710,37833,ILONA B,8/5/2025 14:00,9,30,710,345701,NSEI,57.3375,-134.678,57.352833,-134.674,616.3056,,,,,,,,,,Retained,,326
2025,611,1,710,37833,ILONA B,8/5/2025 14:00,9,30,710,345701,NSEI,57.3375,-134.678,57.352833,-134.674,616.3056,,,,,,,,,,Retained,,327
2025,611,1,710,37833,ILONA B,8/5/2025 14:00,9,30,710,345701,NSEI,57.3375,-134.678,57.352833,-134.674,616.3056,,,,,,,,,,Retained,,328
2025,611,1,710,37833,ILONA B,8/5/2025 14:00,9,30,710,345701,NSEI,57.3375,-134.678,57.352833,-134.674,616.3056,,,,,,,,,,Retained,,329
2025,611,1,710,37833,ILONA B,8/5/2025 14:00,9,30,710,345701,NSEI,57.3375,-134.678,57.352833,-134.674,616.3056,,,,,,,,,,Retained,,330
2025,611,1,710,37833,ILONA B,8/5/2025 14:00,9,30,710,345701,NSEI,57.3375,-134.678,57.352833,-134.674,616.3056,,,,,,,,,,Retained,,331
2025,611,1,710,37833,ILONA B,8/5/2025 14:00,9,30,710,345701,NSEI,57.3375,-134.678,57.352833,-134.674,616.3056,,,,,,,,,,Retained,,332
2025,611,1,710,37833,ILONA B,8/5/2025 14:00,9,30,710,345701,NSEI,57.3375,-134.678,57.352833,-134.674,616.3056,,,,,,,,,,Retained,,333
2025,611,1,710,37833,ILONA B,8/5/2025 14:00,9,30,710,345701,NSEI,57.3375,-134.678,57.352833,-134.674,616.3056,,,,,,,,,,Retained,,334
2025,611,1,710,37833,ILONA B,8/5/2025 14:00,9,30,710,345701,NSEI,57.3375,-134.678,57.352833,-134.674,616.3056,,,,,,,,,,Retained,,335
2025,611,1,710,37833,ILONA B,8/5/2025 14:00,9,30,710,345701,NSEI,57.3375,-134.678,57.352833,-134.674,616.3056,,,,,,,,,,Retained,,336
2025,611,1,710,37833,ILONA B,8/5/2025 14:00,9,30,710,345701,NSEI,57.3375,-134.678,57.352833,-134.674,616.3056,,,,,,,,,,Retained,,337
2025,611,1,710,37833,ILONA B,8/5/2025 14:00,9,30,710,345701,NSEI,57.3375,-134.678,57.352833,-134.674,616.3056,,,,,,,,,,Retained,,338
2025,611,1,710,37833,ILONA B,8/5/2025 14:00,9,30,710,345701,NSEI,57.3375,-134.678,57.352833,-134.674,616.3056,,,,,,,,,,Retained,,339
2025,611,1,710,37833,ILONA B,8/5/2025 14:00,9,30,710,345701,NSEI,57.3375,-134.678,57.352833,-134.674,616.3056,,,,,,,,,,Retained,,340
2025,611,1,710,37833,ILONA B,8/5/2025 14:00,9,30,710,345701,NSEI,57.3375,-134.678,57.352833,-134.674,616.3056,,,,,,,,,,Retained,,341
2025,611,1,710,37833,ILONA B,8/5/2025 14:00,9,30,710,345701,NSEI,57.3375,-134.678,57.352833,-134.674,616.3056,,,,,,,,,,Retained,,342
2025,611,1,710,37833,ILONA B,8/5/2025 14:00,9,30,710,345701,NSEI,57.3375,-134.678,57.352833,-134.674,616.3056,,,,,,,,,,Retained,,343
2025,611,1,710,37833,ILONA B,8/5/2025 14:00,9,30,710,345701,NSEI,57.3375,-134.678,57.352833,-134.674,616.3056,,,,,,,,,,Retained,,344
2025,611,1,710,37833,ILONA B,8/5/2025 14:00,9,30,710,345701,NSEI,57.3375,-134.678,57.352833,-134.674,616.3056,,,,,,,,,,Retained,,345
2025,611,1,710,37833,ILONA B,8/5/2025 14:00,9,30,710,345701,NSEI,57.3375,-134.678,57.352833,-134.674,616.3056,,,,,,,,,,Retained,,346
2025,611,1,710,37833,ILONA B,8/5/2025 14:00,9,30,710,345701,NSEI,57.3375,-134.678,57.352833,-134.674,616.3056,,,,,,,,,,Retained,,347
2025,611,1,710,37833,ILONA B,8/5/2025 14:00,9,30,710,345701,NSEI,57.3375,-134.678,57.352833,-134.674,616.3056,,,,,,,,,,Retained,,348
2025,611,1,710,37833,ILONA B,8/5/2025 14:00,9,30,710,345701,NSEI,57.3375,-134.678,57.352833,-134.674,616.3056,,,,,,,,,,Retained,,349
2025,611,1,710,37833,ILONA B,8/5/2025 14:00,9,30,710,345701,NSEI,57.3375,-134.678,57.352833,-134.674,616.3056,,,,,,,,,,Retained,,350
2025,611,1,710,37833,ILONA B,8/5/2025 14:00,9,30,710,345701,NSEI,57.3375,-134.678,57.352833,-134.674,616.3056,,,,,,,,,,Retained,,351
2025,611,1,710,37833,ILONA B,8/5/2025 14:00,9,30,710,345701,NSEI,57.3375,-134.678,57.352833,-134.674,616.3056,,,,,,,,,,Retained,,352
2025,611,1,710,37833,ILONA B,8/5/2025 14:00,9,30,710,345701,NSEI,57.3375,-134.678,57.352833,-134.674,616.3056,,,,,,,,,,Retained,,353
2025,611,1,710,37833,ILONA B,8/5/2025 14:00,9,30,710,345701,NSEI,57.3375,-134.678,57.352833,-134.674,616.3056,,,,,,,,,,Retained,,354
2025,611,1,710,37833,ILONA B,8/5/2025 14:00,9,30,710,345701,NSEI,57.3375,-134.678,57.352833,-134.674,616.3056,,,,,,,,,,Retained,,355
2025,611,1,710,37833,ILONA B,8/5/2025 14:00,9,30,710,345701,NSEI,57.3375,-134.678,57.352833,-134.674,616.3056,,,,,,,,,,Retained,,356
2025,611,1,710,37833,ILONA B,8/5/2025 14:00,9,30,710,345701,NSEI,57.3375,-134.678,57.352833,-134.674,616.3056,,,,,,,,,,Retained,,357
2025,611,1,710,37833,ILONA B,8/5/2025 14:00,9,30,710,345701,NSEI,57.3375,-134.678,57.352833,-134.674,616.3056,,,,,,,,,,Retained,,358
2025,611,1,710,37833,ILONA B,8/5/2025 14:00,9,30,710,345701,NSEI,57.3375,-134.678,57.352833,-134.674,616.3056,,,,,,,,,,Retained,,359
2025,611,1,710,37833,ILONA B,8/5/2025 14:00,9,30,710,345701,NSEI,57.3375,-134.678,57.352833,-134.674,616.3056,,,,,,,,,,Retained,,360
2025,611,1,710,37833,ILONA B,8/5/2025 14:00,9,30,710,345701,NSEI,57.3375,-134.678,57.352833,-134.674,616.3056,,,,,,,,,,Retained,,361
2025,611,1,710,37833,ILONA B,8/5/2025 14:00,9,30,710,345701,NSEI,57.3375,-134.678,57.352833,-134.674,616.3056,,,,,,,,,,Retained,,362
2025,611,1,710,37833,ILONA B,8/5/2025 14:00,9,30,710,345701,NSEI,57.3375,-134.678,57.352833,-134.674,616.3056,,,,,,,,,,Retained,,363
2025,611,1,710,37833,ILONA B,8/5/2025 14:00,9,30,710,345701,NSEI,57.3375,-134.678,57.352833,-134.674,616.3056,,,,,,,,,,Retained,,364
2025,611,1,710,37833,ILONA B,8/5/2025 14:00,9,30,710,345701,NSEI,57.3375,-134.678,57.352833,-134.674,616.3056,,,,,,,,,,Retained,,365
2025,611,1,710,37833,ILONA B,8/5/2025 14:00,9,30,710,345701,NSEI,57.3375,-134.678,57.352833,-134.674,616.3056,,,,,,,,,,Retained,,366
2025,611,1,710,37833,ILONA B,8/5/2025 14:00,9,30,710,345701,NSEI,57.3375,-134.678,57.352833,-134.674,616.3056,,,,,,,,,,Retained,,367
2025,611,1,710,37833,ILONA B,8/5/2025 14:00,9,30,710,345701,NSEI,57.3375,-134.678,57.352833,-134.674,616.3056,,,,,,,,,,Retained,,368
2025,611,1,710,37833,ILONA B,8/5/2025 14:00,9,30,710,345701,NSEI,57.3375,-134.678,57.352833,-134.674,616.3056,,,,,,,,,,Retained,,369
2025,611,1,710,37833,ILONA B,8/5/2025 14:00,9,30,710,345701,NSEI,57.3375,-134.678,57.352833,-134.674,616.3056,,,,,,,,,,Retained,,370
2025,611,1,710,37833,ILONA B,8/5/2025 14:00,9,30,710,345701,NSEI,57.3375,-134.678,57.352833,-134.674,616.3056,,,,,,,,,,Retained,,371
2025,611,1,710,37833,ILONA B,8/5/2025 14:00,9,30,710,345701,NSEI,57.3375,-134.678,57.352833,-134.674,616.3056,,,,,,,,,,Retained,,372
2025,611,1,710,37833,ILONA B,8/5/2025 14:00,9,30,710,345701,NSEI,57.3375,-134.678,57.352833,-134.674,616.3056,,,,,,,,,,Retained,,373
2025,611,1,710,37833,ILONA B,8/5/2025 14:00,9,30,710,345701,NSEI,57.3375,-134.678,57.352833,-134.674,616.3056,,,,,,,,,,Retained,,374
2025,611,1,710,37833,ILONA B,8/5/2025 14:00,9,30,710,345701,NSEI,57.3375,-134.678,57.352833,-134.674,616.3056,,,,,,,,,,Retained,,375
2025,611,1,710,37833,ILONA B,8/5/2025 14:00,9,30,710,345701,NSEI,57.3375,-134.678,57.352833,-134.674,616.3056,,,,,,,,,,Retained,,376
2025,611,1,710,37833,ILONA B,8/5/2025 14:00,9,30,710,345701,NSEI,57.3375,-134.678,57.352833,-134.674,616.3056,,,,,,,,,,Retained,,377
2025,611,1,710,37833,ILONA B,8/5/2025 14:00,9,30,710,345701,NSEI,57.3375,-134.678,57.352833,-134.674,616.3056,,,,,,,,,,Retained,,378
2025,611,1,710,37833,ILONA B,8/5/2025 14:00,9,30,710,345701,NSEI,57.3375,-134.678,57.352833,-134.674,616.3056,,,,,,,,,,Retained,,379
2025,611,1,710,37833,ILONA B,8/5/2025 14:00,9,30,710,345701,NSEI,57.3375,-134.678,57.352833,-134.674,616.3056,,,,,,,,,,Retained,,380
2025,611,1,710,37833,ILONA B,8/5/2025 14:00,9,30,710,345701,NSEI,57.3375,-134.678,57.352833,-134.674,616.3056,,,,,,,,,,Retained,,381
2025,611,1,710,37833,ILONA B,8/5/2025 14:00,9,30,710,345701,NSEI,57.3375,-134.678,57.352833,-134.674,616.3056,,,,,,,,,,Retained,,382
2025,611,1,710,37833,ILONA B,8/5/2025 14:00,9,30,710,345701,NSEI,57.3375,-134.678,57.352833,-134.674,616.3056,,,,,,,,,,Retained,,383
2025,611,1,710,37833,ILONA B,8/5/2025 14:00,9,30,710,345701,NSEI,57.3375,-134.678,57.352833,-134.674,616.3056,,,,,,,,,,Retained,,384
2025,611,1,710,37833,ILONA B,8/5/2025 14:00,9,30,710,345701,NSEI,57.3375,-134.678,57.352833,-134.674,616.3056,,,,,,,,,,Retained,,385
2025,611,1,710,37833,ILONA B,8/5/2025 14:00,9,30,710,345701,NSEI,57.3375,-134.678,57.352833,-134.674,616.3056,,,,,,,,,,Retained,,386
2025,611,1,710,37833,ILONA B,8/5/2025 14:00,9,30,710,345701,NSEI,57.3375,-134.678,57.352833,-134.674,616.3056,,,,,,,,,,Retained,,387
2025,611,1,710,37833,ILONA B,8/5/2025 14:00,9,30,710,345701,NSEI,57.3375,-134.678,57.352833,-134.674,616.3056,,,,,,,,,,Retained,,388
2025,611,1,710,37833,ILONA B,8/5/2025 14:00,9,30,710,345701,NSEI,57.3375,-134.678,57.352833,-134.674,616.3056,,,,,,,,,,Retained,,389
2025,611,1,710,37833,ILONA B,8/5/2025 14:00,9,30,710,345701,NSEI,57.3375,-134.678,57.352833,-134.674,616.3056,,,,,,,,,,Retained,,390
2025,611,1,710,37833,ILONA B,8/5/2025 14:00,9,30,710,345701,NSEI,57.3375,-134.678,57.352833,-134.674,616.3056,,,,,,,,,,Retained,,391
2025,611,1,710,37833,ILONA B,8/5/2025 14:00,9,30,710,345701,NSEI,57.3375,-134.678,57.352833,-134.674,616.3056,,,,,,,,,,Retained,,392
2025,611,1,710,37833,ILONA B,8/5/2025 14:00,9,30,710,345701,NSEI,57.3375,-134.678,57.352833,-134.674,616.3056,,,,,,,,,,Retained,,393
2025,611,1,710,37833,ILONA B,8/5/2025 14:00,9,30,710,345701,NSEI,57.3375,-134.678,57.352833,-134.674,616.3056,,,,,,,,,,Retained,,394
2025,611,1,710,37833,ILONA B,8/5/2025 14:00,9,30,710,345701,NSEI,57.3375,-134.678,57.352833,-134.674,616.3056,,,,,,,,,,Retained,,395
2025,611,1,710,37833,ILONA B,8/5/2025 14:00,9,30,710,345701,NSEI,57.3375,-134.678,57.352833,-134.674,616.3056,,,,,,,,,,Retained,,396
2025,611,1,710,37833,ILONA B,8/5/2025 14:00,9,30,710,345701,NSEI,57.3375,-134.678,57.352833,-134.674,616.3056,,,,,,,,,,Retained,,397
2025,611,1,710,37833,ILONA B,8/5/2025 14:00,9,30,710,345701,NSEI,57.3375,-134.678,57.352833,-134.674,616.3056,,,,,,,,,,Retained,,398
2025,611,1,710,37833,ILONA B,8/5/2025 14:00,9,30,710,345701,NSEI,57.3375,-134.678,57.352833,-134.674,616.3056,,,,,,,,,,Retained,,399
2025,611,1,710,37833,ILONA B,8/5/2025 14:00,9,30,710,345701,NSEI,57.3375,-134.678,57.352833,-134.674,616.3056,,,,,,,,,,Retained,,400
2025,611,1,710,37833,ILONA B,8/5/2025 14:00,9,30,710,345701,NSEI,57.3375,-134.678,57.352833,-134.674,616.3056,,,,,,,,,,Retained,,401
2025,611,1,710,37833,ILONA B,8/5/2025 14:00,9,30,710,345701,NSEI,57.3375,-134.678,57.352833,-134.674,616.3056,,,,,,,,,,Retained,,402
2025,611,1,710,37833,ILONA B,8/5/2025 14:00,9,30,710,345701,NSEI,57.3375,-134.678,57.352833,-134.674,616.3056,,,,,,,,,,Retained,,403
2025,611,1,710,37833,ILONA B,8/5/2025 14:00,9,30,710,345701,NSEI,57.3375,-134.678,57.352833,-134.674,616.3056,,,,,,,,,,Retained,,404
2025,611,1,710,37833,ILONA B,8/5/2025 14:00,9,30,710,345701,NSEI,57.3375,-134.678,57.352833,-134.674,616.3056,,,,,,,,,,Retained,,405
2025,611,1,710,37833,ILONA B,8/5/2025 14:00,9,30,710,345701,NSEI,57.3375,-134.678,57.352833,-134.674,616.3056,,,,,,,,,,Retained,,406
2025,611,1,710,37833,ILONA B,8/5/2025 14:00,9,30,710,345701,NSEI,57.3375,-134.678,57.352833,-134.674,616.3056,,,,,,,,,,Retained,,407
2025,611,1,710,37833,ILONA B,8/5/2025 14:00,9,30,710,345701,NSEI,57.3375,-134.678,57.352833,-134.674,616.3056,,,,,,,,,,Retained,,408
2025,611,1,710,37833,ILONA B,8/5/2025 14:00,9,30,710,345701,NSEI,57.3375,-134.678,57.352833,-134.674,616.3056,,,,,,,,,,Retained,,409
2025,611,1,710,37833,ILONA B,8/5/2025 14:00,9,30,710,345701,NSEI,57.3375,-134.678,57.352833,-134.674,616.3056,,,,,,,,,,Retained,,410
2025,611,1,710,37833,ILONA B,8/5/2025 14:00,9,30,710,345701,NSEI,57.3375,-134.678,57.352833,-134.674,616.3056,,,,,,,,,,Retained,,411
2025,611,1,710,37833,ILONA B,8/5/2025 14:00,9,30,710,345701,NSEI,57.3375,-134.678,57.352833,-134.674,616.3056,,,,,,,,,,Retained,,412
2025,611,1,710,37833,ILONA B,8/5/2025 14:00,9,30,710,345701,NSEI,57.3375,-134.678,57.352833,-134.674,616.3056,,,,,,,,,,Retained,,413
2025,611,1,710,37833,ILONA B,8/5/2025 14:00,9,30,710,345701,NSEI,57.3375,-134.678,57.352833,-134.674,616.3056,,,,,,,,,,Retained,,414
2025,611,1,710,37833,ILONA B,8/5/2025 14:00,9,30,710,345701,NSEI,57.3375,-134.678,57.352833,-134.674,616.3056,,,,,,,,,,Retained,,415
2025,611,1,710,37833,ILONA B,8/5/2025 14:00,9,30,710,345701,NSEI,57.3375,-134.678,57.352833,-134.674,616.3056,,,,,,,,,,Retained,,416
2025,611,1,710,37833,ILONA B,8/5/2025 14:00,9,30,710,345701,NSEI,57.3375,-134.678,57.352833,-134.674,616.3056,,,,,,,,,,Retained,,417
2025,611,1,710,37833,ILONA B,8/5/2025 14:00,9,30,710,345701,NSEI,57.3375,-134.678,57.352833,-134.674,616.3056,,,,,,,,,,Retained,,418
2025,611,1,710,37833,ILONA B,8/5/2025 14:00,9,30,710,345701,NSEI,57.3375,-134.678,57.352833,-134.674,616.3056,,,,,,,,,,Retained,,419
2025,611,1,710,37833,ILONA B,8/5/2025 14:00,9,30,710,345701,NSEI,57.3375,-134.678,57.352833,-134.674,616.3056,,,,,,,,,,Retained,,420
2025,611,1,710,37833,ILONA B,8/5/2025 14:00,9,30,710,345701,NSEI,57.3375,-134.678,57.352833,-134.674,616.3056,,,,,,,,,,Retained,,421
2025,611,1,710,37833,ILONA B,8/5/2025 14:00,9,30,710,345701,NSEI,57.3375,-134.678,57.352833,-134.674,616.3056,,,,,,,,,,Retained,,422
2025,611,1,710,37833,ILONA B,8/5/2025 14:00,9,30,710,345701,NSEI,57.3375,-134.678,57.352833,-134.674,616.3056,,,,,,,,,,Retained,,423
2025,611,1,710,37833,ILONA B,8/5/2025 14:00,9,30,710,345701,NSEI,57.3375,-134.678,57.352833,-134.674,616.3056,,,,,,,,,,Retained,,424
2025,611,1,710,37833,ILONA B,8/5/2025 14:00,9,30,710,345701,NSEI,57.3375,-134.678,57.352833,-134.674,616.3056,,,,,,,,,,Retained,,425
2025,611,1,710,37833,ILONA B,8/5/2025 14:00,9,30,710,345701,NSEI,57.3375,-134.678,57.352833,-134.674,616.3056,,,,,,,,,,Retained,,426
2025,611,1,710,37833,ILONA B,8/5/2025 14:00,9,30,710,345701,NSEI,57.3375,-134.678,57.352833,-134.674,616.3056,,,,,,,,,,Retained,,427
2025,611,1,710,37833,ILONA B,8/5/2025 14:00,9,30,710,345701,NSEI,57.3375,-134.678,57.352833,-134.674,616.3056,,,,,,,,,,Retained,,428
2025,611,1,710,37833,ILONA B,8/5/2025 14:00,9,30,710,345701,NSEI,57.3375,-134.678,57.352833,-134.674,616.3056,,,,,,,,,,Retained,,429
2025,611,1,710,37833,ILONA B,8/5/2025 14:00,9,30,710,345701,NSEI,57.3375,-134.678,57.352833,-134.674,616.3056,,,,,,,,,,Retained,,430
2025,611,1,710,37833,ILONA B,8/5/2025 14:00,9,30,710,345701,NSEI,57.3375,-134.678,57.352833,-134.674,616.3056,,,,,,,,,,Retained,,431
2025,611,1,710,37833,ILONA B,8/5/2025 14:00,9,30,710,345701,NSEI,57.3375,-134.678,57.352833,-134.674,616.3056,,,,,,,,,,Retained,,432
2025,611,1,710,37833,ILONA B,8/5/2025 14:00,9,30,710,345701,NSEI,57.3375,-134.678,57.352833,-134.674,616.3056,,,,,,,,,,Retained,,433
2025,611,1,710,37833,ILONA B,8/5/2025 14:00,9,30,710,345701,NSEI,57.3375,-134.678,57.352833,-134.674,616.3056,,,,,,,,,,Retained,,434
2025,611,1,710,37833,ILONA B,8/5/2025 14:00,9,30,710,345701,NSEI,57.3375,-134.678,57.352833,-134.674,616.3056,,,,,,,,,,Retained,,435
2025,611,1,710,37833,ILONA B,8/5/2025 14:00,9,30,710,345701,NSEI,57.3375,-134.678,57.352833,-134.674,616.3056,,,,,,,,,,Retained,,436
2025,611,1,710,37833,ILONA B,8/5/2025 14:00,9,30,710,345701,NSEI,57.3375,-134.678,57.352833,-134.674,616.3056,,,,,,,,,,Retained,,437
2025,611,1,710,37833,ILONA B,8/5/2025 14:00,9,30,710,345701,NSEI,57.3375,-134.678,57.352833,-134.674,616.3056,,,,,,,,,,Retained,,438
2025,611,1,710,37833,ILONA B,8/5/2025 14:00,9,30,710,345701,NSEI,57.3375,-134.678,57.352833,-134.674,616.3056,,,,,,,,,,Retained,,439
2025,611,1,710,37833,ILONA B,8/5/2025 14:00,9,30,710,345701,NSEI,57.3375,-134.678,57.352833,-134.674,616.3056,,,,,,,,,,Retained,,440
2025,611,1,710,37833,ILONA B,8/5/2025 14:00,9,30,710,345701,NSEI,57.3375,-134.678,57.352833,-134.674,616.3056,,,,,,,,,,Retained,,441
2025,611,1,710,37833,ILONA B,8/5/2025 14:00,9,30,710,345701,NSEI,57.3375,-134.678,57.352833,-134.674,616.3056,,,,,,,,,,Retained,,442
2025,611,1,710,37833,ILONA B,8/5/2025 14:00,9,30,710,345701,NSEI,57.3375,-134.678,57.352833,-134.674,616.3056,,,,,,,,,,Retained,,443
2025,611,1,710,37833,ILONA B,8/5/2025 14:00,9,30,710,345701,NSEI,57.3375,-134.678,57.352833,-134.674,616.3056,,,,,,,,,,Retained,,444
2025,611,1,710,37833,ILONA B,8/5/2025 14:00,9,30,710,345701,NSEI,57.3375,-134.678,57.352833,-134.674,616.3056,,,,,,,,,,Retained,,445
2025,611,1,710,37833,ILONA B,8/5/2025 14:00,9,30,710,345701,NSEI,57.3375,-134.678,57.352833,-134.674,616.3056,,,,,,,,,,Retained,,446
2025,611,1,710,37833,ILONA B,8/5/2025 14:00,9,30,710,345701,NSEI,57.3375,-134.678,57.352833,-134.674,616.3056,,,,,,,,,,Retained,,447
2025,611,1,710,37833,ILONA B,8/5/2025 14:00,9,30,710,345701,NSEI,57.3375,-134.678,57.352833,-134.674,616.3056,,,,,,,,,,Retained,,448
2025,611,1,710,37833,ILONA B,8/5/2025 14:00,9,30,710,345701,NSEI,57.3375,-134.678,57.352833,-134.674,616.3056,,,,,,,,,,Retained,,449
2025,611,1,710,37833,ILONA B,8/5/2025 14:00,9,30,710,345701,NSEI,57.3375,-134.678,57.352833,-134.674,616.3056,,,,,,,,,,Retained,,450
2025,611,1,710,37833,ILONA B,8/5/2025 14:00,9,30,710,345701,NSEI,57.3375,-134.678,57.352833,-134.674,616.3056,,,,,,,,,,Retained,,451
2025,611,1,710,37833,ILONA B,8/5/2025 14:00,9,30,710,345701,NSEI,57.3375,-134.678,57.352833,-134.674,616.3056,,,,,,,,,,Retained,,452
2025,611,1,710,37833,ILONA B,8/5/2025 14:00,9,30,710,345701,NSEI,57.3375,-134.678,57.352833,-134.674,616.3056,,,,,,,,,,Retained,,453
2025,611,1,710,37833,ILONA B,8/5/2025 14:00,9,30,710,345701,NSEI,57.3375,-134.678,57.352833,-134.674,616.3056,,,,,,,,,,Retained,,454
2025,611,1,710,37833,ILONA B,8/5/2025 14:00,9,30,710,345701,NSEI,57.3375,-134.678,57.352833,-134.674,616.3056,,,,,,,,,,Retained,,455
2025,611,1,710,37833,ILONA B,8/5/2025 14:00,9,30,710,345701,NSEI,57.3375,-134.678,57.352833,-134.674,616.3056,,,,,,,,,,Retained,,456
2025,611,1,710,37833,ILONA B,8/5/2025 14:00,9,30,710,345701,NSEI,57.3375,-134.678,57.352833,-134.674,616.3056,,,,,,,,,,Retained,,457
2025,611,1,710,37833,ILONA B,8/5/2025 14:00,9,30,710,345701,NSEI,57.3375,-134.678,57.352833,-134.674,616.3056,,,,,,,,,,Retained,,458
2025,611,1,710,37833,ILONA B,8/5/2025 14:00,9,30,710,345701,NSEI,57.3375,-134.678,57.352833,-134.674,616.3056,,,,,,,,,,Retained,,459
2025,611,1,710,37833,ILONA B,8/5/2025 14:00,9,30,710,345701,NSEI,57.3375,-134.678,57.352833,-134.674,616.3056,,,,,,,,,,Retained,,460
2025,611,1,710,37833,ILONA B,8/5/2025 14:00,9,30,710,345701,NSEI,57.3375,-134.678,57.352833,-134.674,616.3056,,,,,,,,,,Retained,,461
2025,611,1,710,37833,ILONA B,8/5/2025 14:00,9,30,710,345701,NSEI,57.3375,-134.678,57.352833,-134.674,616.3056,,,,,,,,,,Retained,,462
2025,611,1,710,37833,ILONA B,8/5/2025 14:00,9,30,710,345701,NSEI,57.3375,-134.678,57.352833,-134.674,616.3056,,,,,,,,,,Retained,,463
2025,611,1,710,37833,ILONA B,8/5/2025 14:00,9,30,710,345701,NSEI,57.3375,-134.678,57.352833,-134.674,616.3056,,,,,,,,,,Retained,,464
2025,611,1,710,37833,ILONA B,8/5/2025 14:00,9,30,710,345701,NSEI,57.3375,-134.678,57.352833,-134.674,616.3056,,,,,,,,,,Retained,,465
2025,611,1,710,37833,ILONA B,8/5/2025 14:00,9,30,710,345701,NSEI,57.3375,-134.678,57.352833,-134.674,616.3056,,,,,,,,,,Retained,,466
2025,611,1,710,37833,ILONA B,8/5/2025 14:00,9,30,710,345701,NSEI,57.3375,-134.678,57.352833,-134.674,616.3056,,,,,,,,,,Retained,,467
2025,611,1,710,37833,ILONA B,8/5/2025 14:00,9,30,710,345701,NSEI,57.3375,-134.678,57.352833,-134.674,616.3056,,,,,,,,,,Retained,,468
2025,611,1,710,37833,ILONA B,8/5/2025 14:00,9,30,710,345701,NSEI,57.3375,-134.678,57.352833,-134.674,616.3056,,,,,,,,,,Retained,,469
2025,611,1,710,37833,ILONA B,8/5/2025 14:00,9,30,710,345701,NSEI,57.3375,-134.678,57.352833,-134.674,616.3056,,,,,,,,,,Retained,,470
2025,611,1,710,37833,ILONA B,8/5/2025 14:00,9,30,710,345701,NSEI,57.3375,-134.678,57.352833,-134.674,616.3056,,,,,,,,,,Retained,,471
2025,611,1,710,37833,ILONA B,8/5/2025 14:00,9,30,710,345701,NSEI,57.3375,-134.678,57.352833,-134.674,616.3056,,,,,,,,,,Retained,,472
2025,611,1,710,37833,ILONA B,8/5/2025 14:00,9,30,710,345701,NSEI,57.3375,-134.678,57.352833,-134.674,616.3056,,,,,,,,,,Retained,,473
2025,611,1,710,37833,ILONA B,8/5/2025 14:00,9,30,710,345701,NSEI,57.3375,-134.678,57.352833,-134.674,616.3056,,,,,,,,,,Retained,,474
2025,611,1,710,37833,ILONA B,8/5/2025 14:00,9,30,710,345701,NSEI,57.3375,-134.678,57.352833,-134.674,616.3056,,,,,,,,,,Retained,,475
2025,611,1,710,37833,ILONA B,8/5/2025 14:00,9,30,710,345701,NSEI,57.3375,-134.678,57.352833,-134.674,616.3056,,,,,,,,,,Retained,,476
2025,611,1,710,37833,ILONA B,8/5/2025 14:00,9,30,710,345701,NSEI,57.3375,-134.678,57.352833,-134.674,616.3056,,,,,,,,,,Retained,,477
2025,611,1,710,37833,ILONA B,8/5/2025 14:00,9,30,710,345701,NSEI,57.3375,-134.678,57.352833,-134.674,616.3056,,,,,,,,,,Retained,,478
2025,611,1,710,37833,ILONA B,8/5/2025 14:00,9,30,710,345701,NSEI,57.3375,-134.678,57.352833,-134.674,616.3056,,,,,,,,,,Retained,,479
2025,611,1,710,37833,ILONA B,8/5/2025 14:00,9,30,710,345701,NSEI,57.3375,-134.678,57.352833,-134.674,616.3056,,,,,,,,,,Retained,,480
2025,611,1,710,37833,ILONA B,8/5/2025 14:00,9,30,710,345701,NSEI,57.3375,-134.678,57.352833,-134.674,616.3056,,,,,,,,,,Retained,,481
2025,611,1,710,37833,ILONA B,8/5/2025 14:00,9,30,710,345701,NSEI,57.3375,-134.678,57.352833,-134.674,616.3056,,,,,,,,,,Retained,,482
2025,611,1,710,37833,ILONA B,8/5/2025 14:00,9,30,710,345701,NSEI,57.3375,-134.678,57.352833,-134.674,616.3056,,,,,,,,,,Retained,,483
2025,611,1,710,37833,ILONA B,8/5/2025 14:00,9,30,710,345701,NSEI,57.3375,-134.678,57.352833,-134.674,616.3056,,,,,,,,,,Retained,,484
2025,611,1,710,37833,ILONA B,8/5/2025 14:00,9,30,710,345701,NSEI,57.3375,-134.678,57.352833,-134.674,616.3056,,,,,,,,,,Retained,,485
2025,611,1,710,37833,ILONA B,8/5/2025 14:00,9,30,710,345701,NSEI,57.3375,-134.678,57.352833,-134.674,616.3056,,,,,,,,,,Retained,,486
2025,611,1,710,37833,ILONA B,8/5/2025 14:00,9,30,710,345701,NSEI,57.3375,-134.678,57.352833,-134.674,616.3056,,,,,,,,,,Retained,,487
2025,611,1,710,37833,ILONA B,8/5/2025 14:00,9,30,710,345701,NSEI,57.3375,-134.678,57.352833,-134.674,616.3056,,,,,,,,,,Retained,,488
2025,611,1,710,37833,ILONA B,8/5/2025 14:00,9,30,710,345701,NSEI,57.3375,-134.678,57.352833,-134.674,616.3056,,,,,,,,,,Retained,,489
2025,611,1,710,37833,ILONA B,8/5/2025 14:00,9,30,710,345701,NSEI,57.3375,-134.678,57.352833,-134.674,616.3056,,,,,,,,,,Retained,,490
2025,611,1,710,37833,ILONA B,8/5/2025 14:00,9,30,710,345701,NSEI,57.3375,-134.678,57.352833,-134.674,616.3056,,,,,,,,,,Retained,,491
2025,611,1,710,37833,ILONA B,8/5/2025 14:00,9,30,710,345701,NSEI,57.3375,-134.678,57.352833,-134.674,616.3056,,,,,,,,,,Retained,,492
2025,611,1,710,37833,ILONA B,8/5/2025 14:00,9,30,710,345701,NSEI,57.3375,-134.678,57.352833,-134.674,616.3056,,,,,,,,,,Retained,,493
2025,611,1,710,37833,ILONA B,8/5/2025 14:00,9,30,710,345701,NSEI,57.3375,-134.678,57.352833,-134.674,616.3056,,,,,,,,,,Retained,,494
2025,611,1,710,37833,ILONA B,8/5/2025 14:00,9,30,710,345701,NSEI,57.3375,-134.678,57.352833,-134.674,616.3056,,,,,,,,,,Retained,,495
2025,611,1,710,37833,ILONA B,8/5/2025 14:00,9,30,710,345701,NSEI,57.3375,-134.678,57.352833,-134.674,616.3056,,,,,,,,,,Retained,,496
2025,611,1,710,37833,ILONA B,8/5/2025 14:00,9,30,710,345701,NSEI,57.3375,-134.678,57.352833,-134.674,616.3056,,,,,,,,,,Retained,,497
2025,611,1,710,37833,ILONA B,8/5/2025 14:00,9,30,710,345701,NSEI,57.3375,-134.678,57.352833,-134.674,616.3056,,,,,,,,,,Retained,,498
2025,611,1,710,37833,ILONA B,8/5/2025 14:00,9,30,710,345701,NSEI,57.3375,-134.678,57.352833,-134.674,616.3056,,,,,,,,,,Retained,,499
2025,611,1,710,37833,ILONA B,8/5/2025 14:00,9,30,710,345701,NSEI,57.3375,-134.678,57.352833,-134.674,616.3056,,,,,,,,,,Retained,,500
2025,611,1,710,37833,ILONA B,8/5/2025 14:00,9,30,710,345701,NSEI,57.3375,-134.678,57.352833,-134.674,616.3056,,,,,,,,,,Retained,,501
2025,611,1,710,37833,ILONA B,8/5/2025 14:00,9,30,710,345701,NSEI,57.3375,-134.678,57.352833,-134.674,616.3056,,,,,,,,,,Retained,,502
2025,611,1,710,37833,ILONA B,8/5/2025 14:00,9,30,710,345701,NSEI,57.3375,-134.678,57.352833,-134.674,616.3056,,,,,,,,,,Retained,,503
2025,611,1,710,37833,ILONA B,8/5/2025 14:00,9,30,710,345701,NSEI,57.3375,-134.678,57.352833,-134.674,616.3056,,,,,,,,,,Retained,,504
2025,611,1,710,37833,ILONA B,8/5/2025 14:00,9,30,710,345701,NSEI,57.3375,-134.678,57.352833,-134.674,616.3056,,,,,,,,,,Retained,,505
2025,611,1,710,37833,ILONA B,8/5/2025 14:00,9,30,710,345701,NSEI,57.3375,-134.678,57.352833,-134.674,616.3056,,,,,,,,,,Retained,,506
2025,611,1,710,37833,ILONA B,8/5/2025 14:00,9,30,710,345701,NSEI,57.3375,-134.678,57.352833,-134.674,616.3056,,,,,,,,,,Retained,,507
2025,611,1,710,37833,ILONA B,8/5/2025 14:00,9,30,710,345701,NSEI,57.3375,-134.678,57.352833,-134.674,616.3056,,,,,,,,,,Retained,,508
2025,611,1,710,37833,ILONA B,8/5/2025 14:00,9,30,710,345701,NSEI,57.3375,-134.678,57.352833,-134.674,616.3056,,,,,,,,,,Retained,,509
2025,611,1,710,37833,ILONA B,8/5/2025 14:00,9,30,710,345701,NSEI,57.3375,-134.678,57.352833,-134.674,616.3056,,,,,,,,,,Retained,,510
2025,611,1,710,37833,ILONA B,8/5/2025 14:00,9,30,710,345701,NSEI,57.3375,-134.678,57.352833,-134.674,616.3056,,,,,,,,,,Retained,,511
2025,611,1,710,37833,ILONA B,8/5/2025 14:00,9,30,710,345701,NSEI,57.3375,-134.678,57.352833,-134.674,616.3056,,,,,,,,,,Retained,,512
2025,611,1,710,37833,ILONA B,8/5/2025 14:00,9,30,710,345701,NSEI,57.3375,-134.678,57.352833,-134.674,616.3056,,,,,,,,,,Retained,,513
2025,611,1,710,37833,ILONA B,8/5/2025 14:00,9,30,710,345701,NSEI,57.3375,-134.678,57.352833,-134.674,616.3056,,,,,,,,,,Retained,,514
2025,611,1,710,37833,ILONA B,8/5/2025 14:00,9,30,710,345701,NSEI,57.3375,-134.678,57.352833,-134.674,616.3056,,,,,,,,,,Retained,,515
2025,611,1,710,37833,ILONA B,8/5/2025 14:00,9,30,710,345701,NSEI,57.3375,-134.678,57.352833,-134.674,616.3056,,,,,,,,,,Retained,,516
2025,611,1,710,37833,ILONA B,8/5/2025 14:00,9,30,710,345701,NSEI,57.3375,-134.678,57.352833,-134.674,616.3056,,,,,,,,,,Retained,,517
2025,611,1,710,37833,ILONA B,8/5/2025 14:00,9,30,710,345701,NSEI,57.3375,-134.678,57.352833,-134.674,616.3056,,,,,,,,,,Retained,,518
2025,611,1,710,37833,ILONA B,8/5/2025 14:00,9,30,710,345701,NSEI,57.3375,-134.678,57.352833,-134.674,616.3056,,,,,,,,,,Retained,,519
2025,611,1,710,37833,ILONA B,8/5/2025 14:00,9,30,710,345701,NSEI,57.3375,-134.678,57.352833,-134.674,616.3056,,,,,,,,,,Retained,,520
2025,611,1,710,37833,ILONA B,8/5/2025 14:00,9,30,710,345701,NSEI,57.3375,-134.678,57.352833,-134.674,616.3056,,,,,,,,,,Retained,,521
2025,611,1,710,37833,ILONA B,8/5/2025 14:00,9,30,710,345701,NSEI,57.3375,-134.678,57.352833,-134.674,616.3056,,,,,,,,,,Retained,,522
2025,611,1,710,37833,ILONA B,8/5/2025 14:00,9,30,710,345701,NSEI,57.3375,-134.678,57.352833,-134.674,616.3056,,,,,,,,,,Retained,,523
2025,611,1,710,37833,ILONA B,8/5/2025 14:00,9,30,710,345701,NSEI,57.3375,-134.678,57.352833,-134.674,616.3056,,,,,,,,,,Retained,,524
2025,611,1,710,37833,ILONA B,8/5/2025 14:00,9,30,710,345701,NSEI,57.3375,-134.678,57.352833,-134.674,616.3056,,,,,,,,,,Retained,,525
2025,611,1,710,37833,ILONA B,8/5/2025 14:00,9,30,710,345701,NSEI,57.3375,-134.678,57.352833,-134.674,616.3056,,,,,,,,,,Retained,,526
2025,611,1,710,37833,ILONA B,8/5/2025 14:00,9,30,710,345701,NSEI,57.3375,-134.678,57.352833,-134.674,616.3056,,,,,,,,,,Retained,,527
2025,611,1,710,37833,ILONA B,8/5/2025 14:00,9,30,710,345701,NSEI,57.3375,-134.678,57.352833,-134.674,616.3056,,,,,,,,,,Retained,,528
2025,611,1,710,37833,ILONA B,8/5/2025 14:00,9,30,710,345701,NSEI,57.3375,-134.678,57.352833,-134.674,616.3056,,,,,,,,,,Retained,,529
2025,611,1,710,37833,ILONA B,8/5/2025 14:00,9,30,710,345701,NSEI,57.3375,-134.678,57.352833,-134.674,616.3056,,,,,,,,,,Retained,,530
2025,611,1,710,37833,ILONA B,8/5/2025 14:00,9,30,710,345701,NSEI,57.3375,-134.678,57.352833,-134.674,616.3056,,,,,,,,,,Retained,,531
2025,611,1,710,37833,ILONA B,8/5/2025 14:00,9,30,710,345701,NSEI,57.3375,-134.678,57.352833,-134.674,616.3056,,,,,,,,,,Retained,,532
2025,611,1,710,37833,ILONA B,8/5/2025 14:00,9,30,710,345701,NSEI,57.3375,-134.678,57.352833,-134.674,616.3056,,,,,,,,,,Retained,,533
2025,611,1,710,37833,ILONA B,8/5/2025 14:00,9,30,710,345701,NSEI,57.3375,-134.678,57.352833,-134.674,616.3056,,,,,,,,,,Retained,,534
2025,611,1,710,37833,ILONA B,8/5/2025 14:00,9,30,710,345701,NSEI,57.3375,-134.678,57.352833,-134.674,616.3056,,,,,,,,,,Retained,,535
2025,611,1,710,37833,ILONA B,8/5/2025 14:00,9,30,710,345701,NSEI,57.3375,-134.678,57.352833,-134.674,616.3056,,,,,,,,,,Retained,,536
2025,611,1,710,37833,ILONA B,8/5/2025 14:00,9,30,710,345701,NSEI,57.3375,-134.678,57.352833,-134.674,616.3056,,,,,,,,,,Retained,,537
2025,611,1,710,37833,ILONA B,8/5/2025 14:00,9,30,710,345701,NSEI,57.3375,-134.678,57.352833,-134.674,616.3056,,,,,,,,,,Retained,,538
2025,611,1,710,37833,ILONA B,8/5/2025 14:00,9,30,710,345701,NSEI,57.3375,-134.678,57.352833,-134.674,616.3056,,,,,,,,,,Retained,,539
2025,611,1,710,37833,ILONA B,8/5/2025 14:00,9,30,710,345701,NSEI,57.3375,-134.678,57.352833,-134.674,616.3056,,,,,,,,,,Retained,,540
2025,611,1,710,37833,ILONA B,8/5/2025 14:00,9,30,710,345701,NSEI,57.3375,-134.678,57.352833,-134.674,616.3056,,,,,,,,,,Retained,,541
2025,611,1,710,37833,ILONA B,8/5/2025 14:00,9,30,710,345701,NSEI,57.3375,-134.678,57.352833,-134.674,616.3056,,,,,,,,,,Retained,,542
2025,611,1,710,37833,ILONA B,8/5/2025 14:00,9,30,710,345701,NSEI,57.3375,-134.678,57.352833,-134.674,616.3056,,,,,,,,,,Retained,,543
2025,611,1,710,37833,ILONA B,8/5/2025 14:00,9,30,710,345701,NSEI,57.3375,-134.678,57.352833,-134.674,616.3056,,,,,,,,,,Retained,,544
2025,611,1,710,37833,ILONA B,8/5/2025 14:00,9,30,710,345701,NSEI,57.3375,-134.678,57.352833,-134.674,616.3056,,,,,,,,,,Retained,,545
2025,611,1,710,37833,ILONA B,8/5/2025 14:00,9,30,710,345701,NSEI,57.3375,-134.678,57.352833,-134.674,616.3056,,,,,,,,,,Retained,,546
2025,611,1,710,37833,ILONA B,8/5/2025 14:00,9,30,710,345701,NSEI,57.3375,-134.678,57.352833,-134.674,616.3056,,,,,,,,,,Retained,,547
2025,611,1,710,37833,ILONA B,8/5/2025 14:00,9,30,710,345701,NSEI,57.3375,-134.678,57.352833,-134.674,616.3056,,,,,,,,,,Retained,,548
2025,611,1,710,37833,ILONA B,8/5/2025 14:00,9,30,710,345701,NSEI,57.3375,-134.678,57.352833,-134.674,616.3056,,,,,,,,,,Retained,,549
2025,611,1,710,37833,ILONA B,8/5/2025 14:00,9,30,710,345701,NSEI,57.3375,-134.678,57.352833,-134.674,616.3056,,,,,,,,,,Retained,,550
2025,611,1,710,37833,ILONA B,8/5/2025 14:00,9,30,710,345701,NSEI,57.3375,-134.678,57.352833,-134.674,616.3056,,,,,,,,,,Retained,,551
2025,611,1,710,37833,ILONA B,8/5/2025 14:00,9,30,710,345701,NSEI,57.3375,-134.678,57.352833,-134.674,616.3056,,,,,,,,,,Retained,,552
2025,611,1,710,37833,ILONA B,8/5/2025 14:00,9,30,710,345701,NSEI,57.3375,-134.678,57.352833,-134.674,616.3056,,,,,,,,,,Retained,,553
2025,611,1,710,37833,ILONA B,8/5/2025 14:00,9,30,710,345701,NSEI,57.3375,-134.678,57.352833,-134.674,616.3056,,,,,,,,,,Retained,,554
2025,611,1,710,37833,ILONA B,8/5/2025 14:00,9,30,710,345701,NSEI,57.3375,-134.678,57.352833,-134.674,616.3056,,,,,,,,,,Retained,,555
2025,611,1,710,37833,ILONA B,8/5/2025 14:00,9,30,710,345701,NSEI,57.3375,-134.678,57.352833,-134.674,616.3056,,,,,,,,,,Retained,,556
2025,611,1,710,37833,ILONA B,8/5/2025 14:00,9,30,710,345701,NSEI,57.3375,-134.678,57.352833,-134.674,616.3056,,,,,,,,,,Retained,,557
2025,611,1,710,37833,ILONA B,8/5/2025 14:00,9,30,710,345701,NSEI,57.3375,-134.678,57.352833,-134.674,616.3056,,,,,,,,,,Retained,,558
2025,611,1,710,37833,ILONA B,8/5/2025 14:00,9,30,710,345701,NSEI,57.3375,-134.678,57.352833,-134.674,616.3056,,,,,,,,,,Retained,,559
2025,611,1,710,37833,ILONA B,8/5/2025 14:00,9,30,710,345701,NSEI,57.3375,-134.678,57.352833,-134.674,616.3056,,,,,,,,,,Retained,,560
2025,611,1,710,37833,ILONA B,8/5/2025 14:00,9,30,710,345701,NSEI,57.3375,-134.678,57.352833,-134.674,616.3056,,,,,,,,,,Retained,,561
2025,611,1,710,37833,ILONA B,8/5/2025 14:00,9,30,710,345701,NSEI,57.3375,-134.678,57.352833,-134.674,616.3056,,,,,,,,,,Retained,,562
2025,611,1,710,37833,ILONA B,8/5/2025 14:00,9,30,710,345701,NSEI,57.3375,-134.678,57.352833,-134.674,616.3056,,,,,,,,,,Retained,,563
2025,611,1,710,37833,ILONA B,8/5/2025 14:00,9,30,710,345701,NSEI,57.3375,-134.678,57.352833,-134.674,616.3056,,,,,,,,,,Retained,,564
2025,611,1,710,37833,ILONA B,8/5/2025 14:00,9,30,710,345701,NSEI,57.3375,-134.678,57.352833,-134.674,616.3056,,,,,,,,,,Retained,,565
2025,611,1,710,37833,ILONA B,8/5/2025 14:00,9,30,710,345701,NSEI,57.3375,-134.678,57.352833,-134.674,616.3056,,,,,,,,,,Retained,,566
2025,611,1,710,37833,ILONA B,8/5/2025 14:00,9,30,710,345701,NSEI,57.3375,-134.678,57.352833,-134.674,616.3056,,,,,,,,,,Retained,,567
2025,611,1,710,37833,ILONA B,8/5/2025 14:00,9,30,710,345701,NSEI,57.3375,-134.678,57.352833,-134.674,616.3056,,,,,,,,,,Retained,,568
2025,611,1,710,37833,ILONA B,8/5/2025 14:00,9,30,710,345701,NSEI,57.3375,-134.678,57.352833,-134.674,616.3056,,,,,,,,,,Retained,,569
2025,611,1,710,37833,ILONA B,8/5/2025 14:00,9,30,710,345701,NSEI,57.3375,-134.678,57.352833,-134.674,616.3056,,,,,,,,,,Retained,,570
2025,611,1,710,37833,ILONA B,8/5/2025 14:00,9,30,710,345701,NSEI,57.3375,-134.678,57.352833,-134.674,616.3056,,,,,,,,,,Retained,,571
2025,611,1,710,37833,ILONA B,8/5/2025 14:00,9,30,710,345701,NSEI,57.3375,-134.678,57.352833,-134.674,616.3056,,,,,,,,,,Retained,,572
2025,611,1,710,37833,ILONA B,8/5/2025 14:00,9,30,710,345701,NSEI,57.3375,-134.678,57.352833,-134.674,616.3056,,,,,,,,,,Retained,,573
2025,611,1,710,37833,ILONA B,8/5/2025 14:00,9,30,710,345701,NSEI,57.3375,-134.678,57.352833,-134.674,616.3056,,,,,,,,,,Retained,,574
2025,611,1,710,37833,ILONA B,8/5/2025 14:00,9,30,710,345701,NSEI,57.3375,-134.678,57.352833,-134.674,616.3056,,,,,,,,,,Retained,,575
2025,611,1,710,37833,ILONA B,8/5/2025 14:00,9,30,710,345701,NSEI,57.3375,-134.678,57.352833,-134.674,616.3056,,,,,,,,,,Retained,,576
2025,611,1,710,37833,ILONA B,8/5/2025 14:00,9,30,710,345701,NSEI,57.3375,-134.678,57.352833,-134.674,616.3056,,,,,,,,,,Retained,,577
2025,611,1,710,37833,ILONA B,8/5/2025 14:00,9,30,710,345701,NSEI,57.3375,-134.678,57.352833,-134.674,616.3056,,,,,,,,,,Retained,,578
2025,611,1,710,37833,ILONA B,8/5/2025 14:00,9,30,710,345701,NSEI,57.3375,-134.678,57.352833,-134.674,616.3056,,,,,,,,,,Retained,,579
2025,611,1,710,37833,ILONA B,8/5/2025 14:00,9,30,710,345701,NSEI,57.3375,-134.678,57.352833,-134.674,616.3056,,,,,,,,,,Retained,,580
2025,611,1,710,37833,ILONA B,8/5/2025 14:00,9,30,710,345701,NSEI,57.3375,-134.678,57.352833,-134.674,616.3056,,,,,,,,,,Retained,,581
2025,611,1,710,37833,ILONA B,8/5/2025 14:00,9,30,710,345701,NSEI,57.3375,-134.678,57.352833,-134.674,616.3056,,,,,,,,,,Retained,,582
2025,611,1,710,37833,ILONA B,8/5/2025 14:00,9,30,710,345701,NSEI,57.3375,-134.678,57.352833,-134.674,616.3056,,,,,,,,,,Retained,,583
2025,611,1,710,37833,ILONA B,8/5/2025 14:00,9,30,710,345701,NSEI,57.3375,-134.678,57.352833,-134.674,616.3056,,,,,,,,,,Retained,,584
2025,611,1,710,37833,ILONA B,8/5/2025 14:00,9,30,710,345701,NSEI,57.3375,-134.678,57.352833,-134.674,616.3056,,,,,,,,,,Retained,,585
2025,611,1,710,37833,ILONA B,8/5/2025 14:00,9,30,710,345701,NSEI,57.3375,-134.678,57.352833,-134.674,616.3056,,,,,,,,,,Retained,,586
2025,611,1,710,37833,ILONA B,8/5/2025 14:00,9,30,710,345701,NSEI,57.3375,-134.678,57.352833,-134.674,616.3056,,,,,,,,,,Retained,,587
2025,611,1,710,37833,ILONA B,8/5/2025 14:00,9,30,710,345701,NSEI,57.3375,-134.678,57.352833,-134.674,616.3056,,,,,,,,,,Retained,,588
2025,611,1,710,37833,ILONA B,8/5/2025 14:00,9,30,710,345701,NSEI,57.3375,-134.678,57.352833,-134.674,616.3056,,,,,,,,,,Retained,,589
2025,611,1,710,37833,ILONA B,8/5/2025 14:00,9,30,710,345701,NSEI,57.3375,-134.678,57.352833,-134.674,616.3056,,,,,,,,,,Retained,,590
2025,611,1,710,37833,ILONA B,8/5/2025 14:00,9,30,710,345701,NSEI,57.3375,-134.678,57.352833,-134.674,616.3056,,,,,,,,,,Retained,,591
2025,611,1,710,37833,ILONA B,8/5/2025 14:00,9,30,710,345701,NSEI,57.3375,-134.678,57.352833,-134.674,616.3056,,,,,,,,,,Retained,,592
2025,611,1,710,37833,ILONA B,8/5/2025 14:00,9,30,710,345701,NSEI,57.3375,-134.678,57.352833,-134.674,616.3056,,,,,,,,,,Retained,,593
2025,611,1,710,37833,ILONA B,8/5/2025 14:00,9,30,710,345701,NSEI,57.3375,-134.678,57.352833,-134.674,616.3056,,,,,,,,,,Retained,,594
2025,611,1,710,37833,ILONA B,8/5/2025 14:00,9,30,710,345701,NSEI,57.3375,-134.678,57.352833,-134.674,616.3056,,,,,,,,,,Retained,,595
2025,611,1,710,37833,ILONA B,8/5/2025 14:00,9,30,710,345701,NSEI,57.3375,-134.678,57.352833,-134.674,616.3056,,,,,,,,,,Retained,,596
2025,611,1,710,37833,ILONA B,8/5/2025 14:00,9,30,710,345701,NSEI,57.3375,-134.678,57.352833,-134.674,616.3056,,,,,,,,,,Retained,,597
2025,611,1,710,37833,ILONA B,8/5/2025 14:00,9,30,710,345701,NSEI,57.3375,-134.678,57.352833,-134.674,616.3056,,,,,,,,,,Retained,,598
2025,611,1,710,37833,ILONA B,8/5/2025 14:00,9,30,710,345701,NSEI,57.3375,-134.678,57.352833,-134.674,616.3056,,,,,,,,,,Retained,,599
2025,611,1,710,37833,ILONA B,8/5/2025 14:00,9,30,710,345701,NSEI,57.3375,-134.678,57.352833,-134.674,616.3056,,,,,,,,,,Retained,,600
2025,611,1,710,37833,ILONA B,8/5/2025 14:00,9,30,710,345701,NSEI,57.3375,-134.678,57.352833,-134.674,616.3056,,,,,,,,,,Retained,,601
2025,611,1,710,37833,ILONA B,8/5/2025 14:00,9,30,710,345701,NSEI,57.3375,-134.678,57.352833,-134.674,616.3056,,,,,,,,,,Retained,,602
2025,611,1,710,37833,ILONA B,8/5/2025 14:00,9,30,710,345701,NSEI,57.3375,-134.678,57.352833,-134.674,616.3056,,,,,,,,,,Retained,,603
2025,611,1,710,37833,ILONA B,8/5/2025 14:00,9,30,710,345701,NSEI,57.3375,-134.678,57.352833,-134.674,616.3056,,,,,,,,,,Retained,,604
2025,611,1,710,37833,ILONA B,8/5/2025 14:00,9,30,710,345701,NSEI,57.3375,-134.678,57.352833,-134.674,616.3056,,,,,,,,,,Retained,,605
2025,611,1,710,37833,ILONA B,8/5/2025 14:00,9,30,710,345701,NSEI,57.3375,-134.678,57.352833,-134.674,616.3056,,,,,,,,,,Retained,,606
2025,611,1,710,37833,ILONA B,8/5/2025 14:00,9,30,710,345701,NSEI,57.3375,-134.678,57.352833,-134.674,616.3056,,,,,,,,,,Retained,,607
2025,611,1,710,37833,ILONA B,8/5/2025 14:00,9,30,710,345701,NSEI,57.3375,-134.678,57.352833,-134.674,616.3056,,,,,,,,,,Retained,,608
2025,611,1,710,37833,ILONA B,8/5/2025 14:00,9,30,710,345701,NSEI,57.3375,-134.678,57.352833,-134.674,616.3056,,,,,,,,,,Retained,,609
2025,611,1,710,37833,ILONA B,8/5/2025 14:00,9,30,710,345701,NSEI,57.3375,-134.678,57.352833,-134.674,616.3056,,,,,,,,,,Retained,,610
2025,611,1,710,37833,ILONA B,8/5/2025 14:00,9,30,710,345701,NSEI,57.3375,-134.678,57.352833,-134.674,616.3056,,,,,,,,,,Retained,,611
2025,611,1,710,37833,ILONA B,8/5/2025 14:00,9,30,710,345701,NSEI,57.3375,-134.678,57.352833,-134.674,616.3056,,,,,,,,,,Retained,,612
2025,611,1,710,37833,ILONA B,8/5/2025 14:00,9,30,710,345701,NSEI,57.3375,-134.678,57.352833,-134.674,616.3056,,,,,,,,,,Retained,,613
2025,611,1,710,37833,ILONA B,8/5/2025 14:00,9,30,710,345701,NSEI,57.3375,-134.678,57.352833,-134.674,616.3056,,,,,,,,,,Retained,,614
2025,611,1,710,37833,ILONA B,8/5/2025 14:00,9,30,710,345701,NSEI,57.3375,-134.678,57.352833,-134.674,616.3056,,,,,,,,,,Retained,,615
2025,611,1,710,37833,ILONA B,8/5/2025 14:00,9,30,710,345701,NSEI,57.3375,-134.678,57.352833,-134.674,616.3056,,,,,,,,,,Retained,,616
2025,611,1,710,37833,ILONA B,8/5/2025 14:00,9,30,710,345701,NSEI,57.3375,-134.678,57.352833,-134.674,616.3056,,,,,,,,,,Retained,,617
2025,611,1,710,37833,ILONA B,8/5/2025 14:00,9,30,710,345701,NSEI,57.3375,-134.678,57.352833,-134.674,616.3056,,,,,,,,,,Retained,,618
2025,611,1,710,37833,ILONA B,8/5/2025 14:00,9,30,710,345701,NSEI,57.3375,-134.678,57.352833,-134.674,616.3056,,,,,,,,,,Retained,,619
2025,611,1,710,37833,ILONA B,8/5/2025 14:00,9,30,710,345701,NSEI,57.3375,-134.678,57.352833,-134.674,616.3056,,,,,,,,,,Retained,,620
2025,611,1,710,37833,ILONA B,8/5/2025 14:00,9,30,710,345701,NSEI,57.3375,-134.678,57.352833,-134.674,616.3056,,,,,,,,,,Retained,,621
2025,611,1,710,37833,ILONA B,8/5/2025 14:00,9,30,710,345701,NSEI,57.3375,-134.678,57.352833,-134.674,616.3056,,,,,,,,,,Retained,,622
2025,611,1,710,37833,ILONA B,8/5/2025 14:00,9,30,710,345701,NSEI,57.3375,-134.678,57.352833,-134.674,616.3056,,,,,,,,,,Retained,,623
2025,611,1,710,37833,ILONA B,8/5/2025 14:00,9,30,710,345701,NSEI,57.3375,-134.678,57.352833,-134.674,616.3056,,,,,,,,,,Retained,,624
2025,611,1,710,37833,ILONA B,8/5/2025 14:00,9,30,710,345701,NSEI,57.3375,-134.678,57.352833,-134.674,616.3056,,,,,,,,,,Retained,,625
2025,611,1,710,37833,ILONA B,8/5/2025 14:00,9,30,710,345701,NSEI,57.3375,-134.678,57.352833,-134.674,616.3056,,,,,,,,,,Retained,,626
2025,611,1,710,37833,ILONA B,8/5/2025 14:00,9,30,710,345701,NSEI,57.3375,-134.678,57.352833,-134.674,616.3056,,,,,,,,,,Retained,,627
2025,611,1,710,37833,ILONA B,8/5/2025 14:00,9,30,710,345701,NSEI,57.3375,-134.678,57.352833,-134.674,616.3056,,,,,,,,,,Retained,,628
2025,611,1,710,37833,ILONA B,8/5/2025 14:00,9,30,710,345701,NSEI,57.3375,-134.678,57.352833,-134.674,616.3056,,,,,,,,,,Retained,,629
2025,611,1,710,37833,ILONA B,8/5/2025 14:00,9,30,710,345701,NSEI,57.3375,-134.678,57.352833,-134.674,616.3056,,,,,,,,,,Retained,,630
2025,611,1,710,37833,ILONA B,8/5/2025 14:00,9,30,710,345701,NSEI,57.3375,-134.678,57.352833,-134.674,616.3056,,,,,,,,,,Retained,,631
2025,611,1,710,37833,ILONA B,8/5/2025 14:00,9,30,710,345701,NSEI,57.3375,-134.678,57.352833,-134.674,616.3056,,,,,,,,,,Retained,,632
2025,611,1,710,37833,ILONA B,8/5/2025 14:00,9,30,710,345701,NSEI,57.3375,-134.678,57.352833,-134.674,616.3056,,,,,,,,,,Retained,,633
2025,611,1,710,37833,ILONA B,8/5/2025 14:00,9,30,710,345701,NSEI,57.3375,-134.678,57.352833,-134.674,616.3056,,,,,,,,,,Retained,,634
2025,611,1,710,37833,ILONA B,8/5/2025 14:00,9,30,710,345701,NSEI,57.3375,-134.678,57.352833,-134.674,616.3056,,,,,,,,,,Retained,,635
2025,611,1,710,37833,ILONA B,8/5/2025 14:00,9,30,710,345701,NSEI,57.3375,-134.678,57.352833,-134.674,616.3056,,,,,,,,,,Retained,,636
2025,611,1,710,37833,ILONA B,8/5/2025 14:00,9,30,710,345701,NSEI,57.3375,-134.678,57.352833,-134.674,616.3056,,,,,,,,,,Retained,,637
2025,611,1,710,37833,ILONA B,8/5/2025 14:00,9,30,710,345701,NSEI,57.3375,-134.678,57.352833,-134.674,616.3056,,,,,,,,,,Retained,,638
2025,611,1,710,37833,ILONA B,8/5/2025 14:00,9,30,710,345701,NSEI,57.3375,-134.678,57.352833,-134.674,616.3056,,,,,,,,,,Retained,,639
2025,611,1,710,37833,ILONA B,8/5/2025 14:00,9,30,710,345701,NSEI,57.3375,-134.678,57.352833,-134.674,616.3056,,,,,,,,,,Retained,,640
2025,611,1,710,37833,ILONA B,8/5/2025 14:00,9,30,710,345701,NSEI,57.3375,-134.678,57.352833,-134.674,616.3056,,,,,,,,,,Retained,,641
2025,611,1,710,37833,ILONA B,8/5/2025 14:00,9,30,710,345701,NSEI,57.3375,-134.678,57.352833,-134.674,616.3056,,,,,,,,,,Retained,,642
2025,611,1,710,37833,ILONA B,8/5/2025 14:00,9,30,710,345701,NSEI,57.3375,-134.678,57.352833,-134.674,616.3056,,,,,,,,,,Retained,,643
2025,611,1,710,37833,ILONA B,8/5/2025 14:00,9,30,710,345701,NSEI,57.3375,-134.678,57.352833,-134.674,616.3056,,,,,,,,,,Retained,,644
2025,611,1,710,37833,ILONA B,8/5/2025 14:00,9,30,710,345701,NSEI,57.3375,-134.678,57.352833,-134.674,616.3056,,,,,,,,,,Retained,,645
2025,611,1,710,37833,ILONA B,8/5/2025 14:00,9,30,710,345701,NSEI,57.3375,-134.678,57.352833,-134.674,616.3056,,,,,,,,,,Retained,,646
2025,611,1,710,37833,ILONA B,8/5/2025 14:00,9,30,710,345701,NSEI,57.3375,-134.678,57.352833,-134.674,616.3056,,,,,,,,,,Retained,,647
2025,611,1,710,37833,ILONA B,8/5/2025 14:00,9,30,710,345701,NSEI,57.3375,-134.678,57.352833,-134.674,616.3056,,,,,,,,,,Retained,,648
2025,611,1,710,37833,ILONA B,8/5/2025 14:00,9,30,710,345701,NSEI,57.3375,-134.678,57.352833,-134.674,616.3056,,,,,,,,,,Retained,,649
2025,611,1,710,37833,ILONA B,8/5/2025 14:00,9,30,710,345701,NSEI,57.3375,-134.678,57.352833,-134.674,616.3056,,,,,,,,,,Retained,,650
2025,611,1,710,37833,ILONA B,8/5/2025 14:00,9,30,710,345701,NSEI,57.3375,-134.678,57.352833,-134.674,616.3056,,,,,,,,,,Retained,,651
2025,611,1,710,37833,ILONA B,8/5/2025 14:00,9,30,710,345701,NSEI,57.3375,-134.678,57.352833,-134.674,616.3056,,,,,,,,,,Retained,,652
2025,611,1,710,37833,ILONA B,8/5/2025 14:00,9,30,710,345701,NSEI,57.3375,-134.678,57.352833,-134.674,616.3056,,,,,,,,,,Retained,,653
2025,611,1,710,37833,ILONA B,8/5/2025 14:00,9,30,710,345701,NSEI,57.3375,-134.678,57.352833,-134.674,616.3056,,,,,,,,,,Retained,,654
2025,611,1,710,37833,ILONA B,8/5/2025 14:00,9,30,710,345701,NSEI,57.3375,-134.678,57.352833,-134.674,616.3056,,,,,,,,,,Retained,,655
2025,611,1,710,37833,ILONA B,8/5/2025 14:00,9,30,710,345701,NSEI,57.3375,-134.678,57.352833,-134.674,616.3056,,,,,,,,,,Retained,,656
2025,611,1,710,37833,ILONA B,8/5/2025 14:00,9,30,710,345701,NSEI,57.3375,-134.678,57.352833,-134.674,616.3056,,,,,,,,,,Retained,,657
2025,611,1,710,37833,ILONA B,8/5/2025 14:00,9,30,710,345701,NSEI,57.3375,-134.678,57.352833,-134.674,616.3056,,,,,,,,,,Retained,,658
2025,611,1,710,37833,ILONA B,8/5/2025 14:00,9,30,710,345701,NSEI,57.3375,-134.678,57.352833,-134.674,616.3056,,,,,,,,,,Retained,,659
2025,611,1,710,37833,ILONA B,8/5/2025 14:00,9,30,710,345701,NSEI,57.3375,-134.678,57.352833,-134.674,616.3056,,,,,,,,,,Retained,,660
2025,611,1,710,37833,ILONA B,8/5/2025 14:00,9,30,710,345701,NSEI,57.3375,-134.678,57.352833,-134.674,616.3056,,,,,,,,,,Retained,,661
2025,611,1,710,37833,ILONA B,8/5/2025 14:00,9,30,710,345701,NSEI,57.3375,-134.678,57.352833,-134.674,616.3056,,,,,,,,,,Retained,,662
2025,611,1,710,37833,ILONA B,8/5/2025 14:00,9,30,710,345701,NSEI,57.3375,-134.678,57.352833,-134.674,616.3056,,,,,,,,,,Retained,,663
2025,611,1,710,37833,ILONA B,8/5/2025 14:00,9,30,710,345701,NSEI,57.3375,-134.678,57.352833,-134.674,616.3056,,,,,,,,,,Retained,,664
2025,611,1,710,37833,ILONA B,8/5/2025 14:00,9,30,710,345701,NSEI,57.3375,-134.678,57.352833,-134.674,616.3056,,,,,,,,,,Retained,,665
2025,611,1,710,37833,ILONA B,8/5/2025 14:00,9,30,710,345701,NSEI,57.3375,-134.678,57.352833,-134.674,616.3056,,,,,,,,,,Retained,,666
2025,611,1,710,37833,ILONA B,8/5/2025 14:00,9,30,710,345701,NSEI,57.3375,-134.678,57.352833,-134.674,616.3056,,,,,,,,,,Retained,,667
2025,611,1,710,37833,ILONA B,8/5/2025 14:00,9,30,710,345701,NSEI,57.3375,-134.678,57.352833,-134.674,616.3056,,,,,,,,,,Retained,,668
2025,611,1,710,37833,ILONA B,8/5/2025 14:00,9,30,710,345701,NSEI,57.3375,-134.678,57.352833,-134.674,616.3056,,,,,,,,,,Retained,,669
2025,611,1,710,37833,ILONA B,8/5/2025 14:00,9,30,710,345701,NSEI,57.3375,-134.678,57.352833,-134.674,616.3056,,,,,,,,,,Retained,,670
2025,611,1,710,37833,ILONA B,8/5/2025 14:00,9,30,710,345701,NSEI,57.3375,-134.678,57.352833,-134.674,616.3056,,,,,,,,,,Retained,,671
2025,611,1,710,37833,ILONA B,8/5/2025 14:00,9,30,710,345701,NSEI,57.3375,-134.678,57.352833,-134.674,616.3056,,,,,,,,,,Retained,,672
2025,611,1,710,37833,ILONA B,8/5/2025 14:00,9,30,710,345701,NSEI,57.3375,-134.678,57.352833,-134.674,616.3056,,,,,,,,,,Retained,,673
2025,611,1,710,37833,ILONA B,8/5/2025 14:00,9,30,710,345701,NSEI,57.3375,-134.678,57.352833,-134.674,616.3056,,,,,,,,,,Retained,,674
2025,611,1,710,37833,ILONA B,8/5/2025 14:00,9,30,710,345701,NSEI,57.3375,-134.678,57.352833,-134.674,616.3056,,,,,,,,,,Retained,,675
2025,611,1,710,37833,ILONA B,8/5/2025 14:00,9,30,710,345701,NSEI,57.3375,-134.678,57.352833,-134.674,616.3056,,,,,,,,,,Retained,,676
2025,611,1,710,37833,ILONA B,8/5/2025 14:00,9,30,710,345701,NSEI,57.3375,-134.678,57.352833,-134.674,616.3056,,,,,,,,,,Retained,,677
2025,611,1,710,37833,ILONA B,8/5/2025 14:00,9,30,710,345701,NSEI,57.3375,-134.678,57.352833,-134.674,616.3056,,,,,,,,,,Retained,,678
2025,611,1,710,37833,ILONA B,8/5/2025 14:00,9,30,710,345701,NSEI,57.3375,-134.678,57.352833,-134.674,616.3056,,,,,,,,,,Retained,,679
2025,611,1,710,37833,ILONA B,8/5/2025 14:00,9,30,710,345701,NSEI,57.3375,-134.678,57.352833,-134.674,616.3056,,,,,,,,,,Retained,,680
2025,611,1,710,37833,ILONA B,8/5/2025 14:00,9,30,710,345701,NSEI,57.3375,-134.678,57.352833,-134.674,616.3056,,,,,,,,,,Retained,,681
2025,611,1,710,37833,ILONA B,8/5/2025 14:00,9,30,710,345701,NSEI,57.3375,-134.678,57.352833,-134.674,616.3056,,,,,,,,,,Retained,,682
2025,611,1,710,37833,ILONA B,8/5/2025 14:00,9,30,710,345701,NSEI,57.3375,-134.678,57.352833,-134.674,616.3056,,,,,,,,,,Retained,,683
2025,611,1,710,37833,ILONA B,8/5/2025 14:00,9,30,710,345701,NSEI,57.3375,-134.678,57.352833,-134.674,616.3056,,,,,,,,,,Retained,,684
2025,611,1,710,37833,ILONA B,8/5/2025 14:00,9,30,710,345701,NSEI,57.3375,-134.678,57.352833,-134.674,616.3056,,,,,,,,,,Retained,,685
2025,611,1,710,37833,ILONA B,8/5/2025 14:00,9,30,710,345701,NSEI,57.3375,-134.678,57.352833,-134.674,616.3056,,,,,,,,,,Retained,,686
2025,611,1,710,37833,ILONA B,8/5/2025 14:00,9,30,710,345701,NSEI,57.3375,-134.678,57.352833,-134.674,616.3056,,,,,,,,,,Retained,,687
2025,611,1,710,37833,ILONA B,8/5/2025 14:00,9,30,710,345701,NSEI,57.3375,-134.678,57.352833,-134.674,616.3056,,,,,,,,,,Retained,,688
2025,611,1,710,37833,ILONA B,8/5/2025 14:00,9,30,710,345701,NSEI,57.3375,-134.678,57.352833,-134.674,616.3056,,,,,,,,,,Retained,,689
2025,611,1,710,37833,ILONA B,8/5/2025 14:00,9,30,710,345701,NSEI,57.3375,-134.678,57.352833,-134.674,616.3056,,,,,,,,,,Retained,,690
2025,611,1,710,37833,ILONA B,8/5/2025 14:00,9,30,710,345701,NSEI,57.3375,-134.678,57.352833,-134.674,616.3056,,,,,,,,,,Retained,,691
2025,611,1,710,37833,ILONA B,8/5/2025 14:00,9,30,710,345701,NSEI,57.3375,-134.678,57.352833,-134.674,616.3056,,,,,,,,,,Retained,,692
2025,611,1,710,37833,ILONA B,8/5/2025 14:00,9,30,710,345701,NSEI,57.3375,-134.678,57.352833,-134.674,616.3056,,,,,,,,,,Retained,,693
2025,611,1,710,37833,ILONA B,8/5/2025 14:00,9,30,710,345701,NSEI,57.3375,-134.678,57.352833,-134.674,616.3056,,,,,,,,,,Retained,,694
2025,611,1,710,37833,ILONA B,8/5/2025 14:00,9,30,710,345701,NSEI,57.3375,-134.678,57.352833,-134.674,616.3056,,,,,,,,,,Retained,,695
2025,611,1,710,37833,ILONA B,8/5/2025 14:00,9,30,710,345701,NSEI,57.3375,-134.678,57.352833,-134.674,616.3056,,,,,,,,,,Retained,,696
2025,611,1,710,37833,ILONA B,8/5/2025 14:00,9,30,710,345701,NSEI,57.3375,-134.678,57.352833,-134.674,616.3056,,,,,,,,,,Retained,,697
2025,611,1,710,37833,ILONA B,8/5/2025 14:00,9,30,710,345701,NSEI,57.3375,-134.678,57.352833,-134.674,616.3056,,,,,,,,,,Retained,,698
2025,611,1,710,37833,ILONA B,8/5/2025 14:00,9,30,710,345701,NSEI,57.3375,-134.678,57.352833,-134.674,616.3056,,,,,,,,,,Retained,,699
2025,611,1,710,37833,ILONA B,8/5/2025 14:00,9,30,710,345701,NSEI,57.3375,-134.678,57.352833,-134.674,616.3056,,,,,,,,,,Retained,,700
2025,611,1,710,37833,ILONA B,8/5/2025 14:00,9,30,710,345701,NSEI,57.3375,-134.678,57.352833,-134.674,616.3056,,,,,,,,,,Retained,,701
2025,611,1,710,37833,ILONA B,8/5/2025 14:00,9,30,710,345701,NSEI,57.3375,-134.678,57.352833,-134.674,616.3056,,,,,,,,,,Retained,,702
2025,611,1,710,37833,ILONA B,8/5/2025 14:00,9,30,710,345701,NSEI,57.3375,-134.678,57.352833,-134.674,616.3056,,,,,,,,,,Retained,,703
2025,611,1,710,37833,ILONA B,8/5/2025 14:00,9,30,710,345701,NSEI,57.3375,-134.678,57.352833,-134.674,616.3056,,,,,,,,,,Retained,,704
2025,611,1,710,37833,ILONA B,8/5/2025 14:00,9,30,710,345701,NSEI,57.3375,-134.678,57.352833,-134.674,616.3056,,,,,,,,,,Retained,,705
2025,611,1,710,37833,ILONA B,8/5/2025 14:00,9,30,710,345701,NSEI,57.3375,-134.678,57.352833,-134.674,616.3056,,,,,,,,,,Retained,,706
2025,611,1,710,37833,ILONA B,8/5/2025 14:00,9,30,710,345701,NSEI,57.3375,-134.678,57.352833,-134.674,616.3056,,,,,,,,,,Retained,,707
2025,611,1,710,37833,ILONA B,8/5/2025 14:00,9,30,710,345701,NSEI,57.3375,-134.678,57.352833,-134.674,616.3056,,,,,,,,,,Retained,,708
2025,611,1,710,37833,ILONA B,8/5/2025 14:00,9,30,710,345701,NSEI,57.3375,-134.678,57.352833,-134.674,616.3056,,,,,,,,,,Retained,,709
2025,611,1,710,37833,ILONA B,8/5/2025 14:00,9,30,710,345701,NSEI,57.3375,-134.678,57.352833,-134.674,616.3056,,,,,,,,,,Retained,,710
2025,611,1,710,37833,ILONA B,8/5/2025 14:00,9,30,710,345701,NSEI,57.3375,-134.678,57.352833,-134.674,616.3056,,,,,,,,,,Retained,,711
2025,611,1,710,37833,ILONA B,8/5/2025 14:00,9,30,710,345701,NSEI,57.3375,-134.678,57.352833,-134.674,616.3056,,,,,,,,,,Retained,,712
2025,611,1,710,37833,ILONA B,8/5/2025 14:00,9,30,710,345701,NSEI,57.3375,-134.678,57.352833,-134.674,616.3056,,,,,,,,,,Retained,,713
2025,611,1,710,37833,ILONA B,8/5/2025 14:00,9,30,710,345701,NSEI,57.3375,-134.678,57.352833,-134.674,616.3056,,,,,,,,,,Retained,,714
2025,611,1,710,37833,ILONA B,8/5/2025 14:00,9,30,710,345701,NSEI,57.3375,-134.678,57.352833,-134.674,616.3056,,,,,,,,,,Retained,,715
2025,611,1,710,37833,ILONA B,8/5/2025 14:00,9,30,710,345701,NSEI,57.3375,-134.678,57.352833,-134.674,616.3056,,,,,,,,,,Retained,,716
2025,611,1,710,37833,ILONA B,8/5/2025 14:00,9,30,710,345701,NSEI,57.3375,-134.678,57.352833,-134.674,616.3056,,,,,,,,,,Retained,,717
2025,611,1,710,37833,ILONA B,8/5/2025 14:00,9,30,710,345701,NSEI,57.3375,-134.678,57.352833,-134.674,616.3056,,,,,,,,,,Retained,,718
2025,611,1,710,37833,ILONA B,8/5/2025 14:00,9,30,710,345701,NSEI,57.3375,-134.678,57.352833,-134.674,616.3056,,,,,,,,,,Retained,,719
2025,611,1,710,37833,ILONA B,8/5/2025 14:00,9,30,710,345701,NSEI,57.3375,-134.678,57.352833,-134.674,616.3056,,,,,,,,,,Retained,,720
2025,611,1,710,37833,ILONA B,8/5/2025 14:00,9,30,710,345701,NSEI,57.3375,-134.678,57.352833,-134.674,616.3056,,,,,,,,,,Retained,,721
2025,611,1,710,37833,ILONA B,8/5/2025 14:00,9,30,710,345701,NSEI,57.3375,-134.678,57.352833,-134.674,616.3056,,,,,,,,,,Retained,,722
2025,611,1,710,37833,ILONA B,8/5/2025 14:00,9,30,710,345701,NSEI,57.3375,-134.678,57.352833,-134.674,616.3056,,,,,,,,,,Retained,,723
2025,611,1,710,37833,ILONA B,8/5/2025 14:00,9,30,710,345701,NSEI,57.3375,-134.678,57.352833,-134.674,616.3056,,,,,,,,,,Retained,,724
2025,611,1,710,37833,ILONA B,8/5/2025 14:00,9,30,710,345701,NSEI,57.3375,-134.678,57.352833,-134.674,616.3056,,,,,,,,,,Retained,,725
2025,611,1,710,37833,ILONA B,8/5/2025 14:00,9,30,710,345701,NSEI,57.3375,-134.678,57.352833,-134.674,616.3056,,,,,,,,,,Retained,,726
2025,611,1,710,37833,ILONA B,8/5/2025 14:00,9,30,710,345701,NSEI,57.3375,-134.678,57.352833,-134.674,616.3056,,,,,,,,,,Retained,,727
2025,611,1,710,37833,ILONA B,8/5/2025 17:00,10,33,710,345701,NSEI,57.416667,-134.718667,57.431333,-134.719167,605.3328,49,,,,,00,09,,,Retained,,68
2025,611,1,710,37833,ILONA B,8/5/2025 17:00,10,33,710,345701,NSEI,57.416667,-134.718667,57.431333,-134.719167,605.3328,52,,,,,00,09,,,Retained,,73
2025,611,1,710,37833,ILONA B,8/5/2025 17:00,10,33,710,345701,NSEI,57.416667,-134.718667,57.431333,-134.719167,605.3328,53,,,,,00,09,,,Retained,,23
2025,611,1,710,37833,ILONA B,8/5/2025 17:00,10,33,710,345701,NSEI,57.416667,-134.718667,57.431333,-134.719167,605.3328,53,,,,,00,09,,,Retained,,34
2025,611,1,710,37833,ILONA B,8/5/2025 17:00,10,33,710,345701,NSEI,57.416667,-134.718667,57.431333,-134.719167,605.3328,53,,,,,00,09,,,Retained,,37
2025,611,1,710,37833,ILONA B,8/5/2025 17:00,10,33,710,345701,NSEI,57.416667,-134.718667,57.431333,-134.719167,605.3328,53,,,,,00,09,,,Retained,,84
2025,611,1,710,37833,ILONA B,8/5/2025 17:00,10,33,710,345701,NSEI,57.416667,-134.718667,57.431333,-134.719167,605.3328,53,,,,,00,09,,,Retained,,128
2025,611,1,710,37833,ILONA B,8/5/2025 17:00,10,33,710,345701,NSEI,57.416667,-134.718667,57.431333,-134.719167,605.3328,54,,,,,00,09,,,Retained,,31
2025,611,1,710,37833,ILONA B,8/5/2025 17:00,10,33,710,345701,NSEI,57.416667,-134.718667,57.431333,-134.719167,605.3328,55,,,,,00,09,,,Retained,,18
2025,611,1,710,37833,ILONA B,8/5/2025 17:00,10,33,710,345701,NSEI,57.416667,-134.718667,57.431333,-134.719167,605.3328,55,,,,,00,09,,,Retained,,28
2025,611,1,710,37833,ILONA B,8/5/2025 17:00,10,33,710,345701,NSEI,57.416667,-134.718667,57.431333,-134.719167,605.3328,55,,,,,00,09,,,Retained,,66
2025,611,1,710,37833,ILONA B,8/5/2025 17:00,10,33,710,345701,NSEI,57.416667,-134.718667,57.431333,-134.719167,605.3328,55,,,,,00,09,,,Retained,,132
2025,611,1,710,37833,ILONA B,8/5/2025 17:00,10,33,710,345701,NSEI,57.416667,-134.718667,57.431333,-134.719167,605.3328,56,1.9,7,,02,01,07,,,Retained,,11
2025,611,1,710,37833,ILONA B,8/5/2025 17:00,10,33,710,345701,NSEI,57.416667,-134.718667,57.431333,-134.719167,605.3328,56,2,9,,01,01,07,,,Retained,,60
2025,611,1,710,37833,ILONA B,8/5/2025 17:00,10,33,710,345701,NSEI,57.416667,-134.718667,57.431333,-134.719167,605.3328,56,,,,,00,09,,,Retained,,2
2025,611,1,710,37833,ILONA B,8/5/2025 17:00,10,33,710,345701,NSEI,57.416667,-134.718667,57.431333,-134.719167,605.3328,56,,,,,00,09,,,Retained,,12
2025,611,1,710,37833,ILONA B,8/5/2025 17:00,10,33,710,345701,NSEI,57.416667,-134.718667,57.431333,-134.719167,605.3328,56,,,,,00,09,,,Retained,,63
2025,611,1,710,37833,ILONA B,8/5/2025 17:00,10,33,710,345701,NSEI,57.416667,-134.718667,57.431333,-134.719167,605.3328,56,,,,,00,09,,,Retained,,76
2025,611,1,710,37833,ILONA B,8/5/2025 17:00,10,33,710,345701,NSEI,57.416667,-134.718667,57.431333,-134.719167,605.3328,56,,,,,00,09,,,Retained,,126
2025,611,1,710,37833,ILONA B,8/5/2025 17:00,10,33,710,345701,NSEI,57.416667,-134.718667,57.431333,-134.719167,605.3328,56,,,,,00,09,,,Retained,,127
2025,611,1,710,37833,ILONA B,8/5/2025 17:00,10,33,710,345701,NSEI,57.416667,-134.718667,57.431333,-134.719167,605.3328,56,,,,,00,09,,,Retained,,129
2025,611,1,710,37833,ILONA B,8/5/2025 17:00,10,33,710,345701,NSEI,57.416667,-134.718667,57.431333,-134.719167,605.3328,57,1.9,11,,03,01,07,,,Retained,,65
2025,611,1,710,37833,ILONA B,8/5/2025 17:00,10,33,710,345701,NSEI,57.416667,-134.718667,57.431333,-134.719167,605.3328,57,2.1,6,,03,01,07,,,Retained,,80
2025,611,1,710,37833,ILONA B,8/5/2025 17:00,10,33,710,345701,NSEI,57.416667,-134.718667,57.431333,-134.719167,605.3328,57,,,,,00,09,,,Retained,,61
2025,611,1,710,37833,ILONA B,8/5/2025 17:00,10,33,710,345701,NSEI,57.416667,-134.718667,57.431333,-134.719167,605.3328,57,,,,,00,09,,,Retained,,114
2025,611,1,710,37833,ILONA B,8/5/2025 17:00,10,33,710,345701,NSEI,57.416667,-134.718667,57.431333,-134.719167,605.3328,58,1.9,9,,02,01,07,,,Retained,,20
2025,611,1,710,37833,ILONA B,8/5/2025 17:00,10,33,710,345701,NSEI,57.416667,-134.718667,57.431333,-134.719167,605.3328,58,2.1,6,,02,02,01,,,Retained,,120
2025,611,1,710,37833,ILONA B,8/5/2025 17:00,10,33,710,345701,NSEI,57.416667,-134.718667,57.431333,-134.719167,605.3328,58,2.2,7,,02,02,07,,,Retained,,30
2025,611,1,710,37833,ILONA B,8/5/2025 17:00,10,33,710,345701,NSEI,57.416667,-134.718667,57.431333,-134.719167,605.3328,58,,,,,00,09,,,Retained,,13
2025,611,1,710,37833,ILONA B,8/5/2025 17:00,10,33,710,345701,NSEI,57.416667,-134.718667,57.431333,-134.719167,605.3328,58,,,,,00,09,,,Retained,,19
2025,611,1,710,37833,ILONA B,8/5/2025 17:00,10,33,710,345701,NSEI,57.416667,-134.718667,57.431333,-134.719167,605.3328,58,,,,,00,09,,,Retained,,22
2025,611,1,710,37833,ILONA B,8/5/2025 17:00,10,33,710,345701,NSEI,57.416667,-134.718667,57.431333,-134.719167,605.3328,58,,,,,00,09,,,Retained,,53
2025,611,1,710,37833,ILONA B,8/5/2025 17:00,10,33,710,345701,NSEI,57.416667,-134.718667,57.431333,-134.719167,605.3328,58,,,,,00,09,,,Retained,,69
2025,611,1,710,37833,ILONA B,8/5/2025 17:00,10,33,710,345701,NSEI,57.416667,-134.718667,57.431333,-134.719167,605.3328,58,,,,,00,09,,,Retained,,103
2025,611,1,710,37833,ILONA B,8/5/2025 17:00,10,33,710,345701,NSEI,57.416667,-134.718667,57.431333,-134.719167,605.3328,58,,,,,00,09,,,Retained,,121
2025,611,1,710,37833,ILONA B,8/5/2025 17:00,10,33,710,345701,NSEI,57.416667,-134.718667,57.431333,-134.719167,605.3328,58,,,,,00,09,,,Retained,,122
2025,611,1,710,37833,ILONA B,8/5/2025 17:00,10,33,710,345701,NSEI,57.416667,-134.718667,57.431333,-134.719167,605.3328,58,,,,,00,09,,,Retained,,133
2025,611,1,710,37833,ILONA B,8/5/2025 17:00,10,33,710,345701,NSEI,57.416667,-134.718667,57.431333,-134.719167,605.3328,59,2.1,7,,03,02,01,,,Retained,,55
2025,611,1,710,37833,ILONA B,8/5/2025 17:00,10,33,710,345701,NSEI,57.416667,-134.718667,57.431333,-134.719167,605.3328,59,2.6,7,,02,01,01,,,Retained,,75
2025,611,1,710,37833,ILONA B,8/5/2025 17:00,10,33,710,345701,NSEI,57.416667,-134.718667,57.431333,-134.719167,605.3328,59,,,,,00,09,,,Retained,,4
2025,611,1,710,37833,ILONA B,8/5/2025 17:00,10,33,710,345701,NSEI,57.416667,-134.718667,57.431333,-134.719167,605.3328,59,,,,,00,09,,,Retained,,15
2025,611,1,710,37833,ILONA B,8/5/2025 17:00,10,33,710,345701,NSEI,57.416667,-134.718667,57.431333,-134.719167,605.3328,59,,,,,00,09,,,Retained,,44
2025,611,1,710,37833,ILONA B,8/5/2025 17:00,10,33,710,345701,NSEI,57.416667,-134.718667,57.431333,-134.719167,605.3328,59,,,,,00,09,,,Retained,,58
2025,611,1,710,37833,ILONA B,8/5/2025 17:00,10,33,710,345701,NSEI,57.416667,-134.718667,57.431333,-134.719167,605.3328,59,,,,,00,09,,,Retained,,72
2025,611,1,710,37833,ILONA B,8/5/2025 17:00,10,33,710,345701,NSEI,57.416667,-134.718667,57.431333,-134.719167,605.3328,59,,,,,00,09,,,Retained,,77
2025,611,1,710,37833,ILONA B,8/5/2025 17:00,10,33,710,345701,NSEI,57.416667,-134.718667,57.431333,-134.719167,605.3328,59,,,,,00,09,,,Retained,,107
2025,611,1,710,37833,ILONA B,8/5/2025 17:00,10,33,710,345701,NSEI,57.416667,-134.718667,57.431333,-134.719167,605.3328,59,,,,,00,09,,,Retained,,123
2025,611,1,710,37833,ILONA B,8/5/2025 17:00,10,33,710,345701,NSEI,57.416667,-134.718667,57.431333,-134.719167,605.3328,59,,,,,00,09,,,Retained,,124
2025,611,1,710,37833,ILONA B,8/5/2025 17:00,10,33,710,345701,NSEI,57.416667,-134.718667,57.431333,-134.719167,605.3328,60,2.2,8,,01,01,07,,,Retained,,90
2025,611,1,710,37833,ILONA B,8/5/2025 17:00,10,33,710,345701,NSEI,57.416667,-134.718667,57.431333,-134.719167,605.3328,60,,,,,00,09,,,Retained,,17
2025,611,1,710,37833,ILONA B,8/5/2025 17:00,10,33,710,345701,NSEI,57.416667,-134.718667,57.431333,-134.719167,605.3328,60,,,,,00,09,,,Retained,,21
2025,611,1,710,37833,ILONA B,8/5/2025 17:00,10,33,710,345701,NSEI,57.416667,-134.718667,57.431333,-134.719167,605.3328,60,,,,,00,09,,,Retained,,41
2025,611,1,710,37833,ILONA B,8/5/2025 17:00,10,33,710,345701,NSEI,57.416667,-134.718667,57.431333,-134.719167,605.3328,60,,,,,00,09,,,Retained,,62
2025,611,1,710,37833,ILONA B,8/5/2025 17:00,10,33,710,345701,NSEI,57.416667,-134.718667,57.431333,-134.719167,605.3328,60,,,,,00,09,,,Retained,,96
2025,611,1,710,37833,ILONA B,8/5/2025 17:00,10,33,710,345701,NSEI,57.416667,-134.718667,57.431333,-134.719167,605.3328,60,,,,,00,09,,,Retained,,99
2025,611,1,710,37833,ILONA B,8/5/2025 17:00,10,33,710,345701,NSEI,57.416667,-134.718667,57.431333,-134.719167,605.3328,60,,,,,00,09,,,Retained,,102
2025,611,1,710,37833,ILONA B,8/5/2025 17:00,10,33,710,345701,NSEI,57.416667,-134.718667,57.431333,-134.719167,605.3328,60,,,,,00,09,,,Retained,,108
2025,611,1,710,37833,ILONA B,8/5/2025 17:00,10,33,710,345701,NSEI,57.416667,-134.718667,57.431333,-134.719167,605.3328,60,,,,,00,09,,,Retained,,109
2025,611,1,710,37833,ILONA B,8/5/2025 17:00,10,33,710,345701,NSEI,57.416667,-134.718667,57.431333,-134.719167,605.3328,60,,,,,00,09,,,Retained,,113
2025,611,1,710,37833,ILONA B,8/5/2025 17:00,10,33,710,345701,NSEI,57.416667,-134.718667,57.431333,-134.719167,605.3328,60,,,,,00,09,,,Retained,,117
2025,611,1,710,37833,ILONA B,8/5/2025 17:00,10,33,710,345701,NSEI,57.416667,-134.718667,57.431333,-134.719167,605.3328,60,,,,,00,09,,,Retained,,134
2025,611,1,710,37833,ILONA B,8/5/2025 17:00,10,33,710,345701,NSEI,57.416667,-134.718667,57.431333,-134.719167,605.3328,60,,,,,00,09,,,Retained,,137
2025,611,1,710,37833,ILONA B,8/5/2025 17:00,10,33,710,345701,NSEI,57.416667,-134.718667,57.431333,-134.719167,605.3328,60,,,,,00,09,,,Retained,,138
2025,611,1,710,37833,ILONA B,8/5/2025 17:00,10,33,710,345701,NSEI,57.416667,-134.718667,57.431333,-134.719167,605.3328,60,,,,,00,09,,,Retained,,139
2025,611,1,710,37833,ILONA B,8/5/2025 17:00,10,33,710,345701,NSEI,57.416667,-134.718667,57.431333,-134.719167,605.3328,61,2,22,,03,01,07,,,Retained,,135
2025,611,1,710,37833,ILONA B,8/5/2025 17:00,10,33,710,345701,NSEI,57.416667,-134.718667,57.431333,-134.719167,605.3328,61,2.3,6,,02,02,07,,,Retained,,105
2025,611,1,710,37833,ILONA B,8/5/2025 17:00,10,33,710,345701,NSEI,57.416667,-134.718667,57.431333,-134.719167,605.3328,61,2.5,9,,02,02,07,,,Retained,,16
2025,611,1,710,37833,ILONA B,8/5/2025 17:00,10,33,710,345701,NSEI,57.416667,-134.718667,57.431333,-134.719167,605.3328,61,2.6,7,,02,01,07,,,Retained,,1
2025,611,1,710,37833,ILONA B,8/5/2025 17:00,10,33,710,345701,NSEI,57.416667,-134.718667,57.431333,-134.719167,605.3328,61,,,,,00,09,,,Retained,,3
2025,611,1,710,37833,ILONA B,8/5/2025 17:00,10,33,710,345701,NSEI,57.416667,-134.718667,57.431333,-134.719167,605.3328,61,,,,,00,09,,,Retained,,5
2025,611,1,710,37833,ILONA B,8/5/2025 17:00,10,33,710,345701,NSEI,57.416667,-134.718667,57.431333,-134.719167,605.3328,61,,,,,00,09,,,Retained,,7
2025,611,1,710,37833,ILONA B,8/5/2025 17:00,10,33,710,345701,NSEI,57.416667,-134.718667,57.431333,-134.719167,605.3328,61,,,,,00,09,,,Retained,,9
2025,611,1,710,37833,ILONA B,8/5/2025 17:00,10,33,710,345701,NSEI,57.416667,-134.718667,57.431333,-134.719167,605.3328,61,,,,,00,09,,,Retained,,59
2025,611,1,710,37833,ILONA B,8/5/2025 17:00,10,33,710,345701,NSEI,57.416667,-134.718667,57.431333,-134.719167,605.3328,61,,,,,00,09,,,Retained,,64
2025,611,1,710,37833,ILONA B,8/5/2025 17:00,10,33,710,345701,NSEI,57.416667,-134.718667,57.431333,-134.719167,605.3328,61,,,,,00,09,,,Retained,,67
2025,611,1,710,37833,ILONA B,8/5/2025 17:00,10,33,710,345701,NSEI,57.416667,-134.718667,57.431333,-134.719167,605.3328,61,,,,,00,09,,,Retained,,83
2025,611,1,710,37833,ILONA B,8/5/2025 17:00,10,33,710,345701,NSEI,57.416667,-134.718667,57.431333,-134.719167,605.3328,61,,,,,00,09,,,Retained,,87
2025,611,1,710,37833,ILONA B,8/5/2025 17:00,10,33,710,345701,NSEI,57.416667,-134.718667,57.431333,-134.719167,605.3328,61,,,,,00,09,,,Retained,,93
2025,611,1,710,37833,ILONA B,8/5/2025 17:00,10,33,710,345701,NSEI,57.416667,-134.718667,57.431333,-134.719167,605.3328,62,2.7,7,,01,01,07,,,Retained,,95
2025,611,1,710,37833,ILONA B,8/5/2025 17:00,10,33,710,345701,NSEI,57.416667,-134.718667,57.431333,-134.719167,605.3328,62,,,,,00,09,,,Retained,,10
2025,611,1,710,37833,ILONA B,8/5/2025 17:00,10,33,710,345701,NSEI,57.416667,-134.718667,57.431333,-134.719167,605.3328,62,,,,,00,09,,,Retained,,14
2025,611,1,710,37833,ILONA B,8/5/2025 17:00,10,33,710,345701,NSEI,57.416667,-134.718667,57.431333,-134.719167,605.3328,62,,,,,00,09,,,Retained,,27
2025,611,1,710,37833,ILONA B,8/5/2025 17:00,10,33,710,345701,NSEI,57.416667,-134.718667,57.431333,-134.719167,605.3328,62,,,,,00,09,,,Retained,,32
2025,611,1,710,37833,ILONA B,8/5/2025 17:00,10,33,710,345701,NSEI,57.416667,-134.718667,57.431333,-134.719167,605.3328,62,,,,,00,09,,,Retained,,42
2025,611,1,710,37833,ILONA B,8/5/2025 17:00,10,33,710,345701,NSEI,57.416667,-134.718667,57.431333,-134.719167,605.3328,62,,,,,00,09,,,Retained,,43
2025,611,1,710,37833,ILONA B,8/5/2025 17:00,10,33,710,345701,NSEI,57.416667,-134.718667,57.431333,-134.719167,605.3328,62,,,,,00,09,,,Retained,,47
2025,611,1,710,37833,ILONA B,8/5/2025 17:00,10,33,710,345701,NSEI,57.416667,-134.718667,57.431333,-134.719167,605.3328,62,,,,,00,09,,,Retained,,49
2025,611,1,710,37833,ILONA B,8/5/2025 17:00,10,33,710,345701,NSEI,57.416667,-134.718667,57.431333,-134.719167,605.3328,62,,,,,00,09,,,Retained,,54
2025,611,1,710,37833,ILONA B,8/5/2025 17:00,10,33,710,345701,NSEI,57.416667,-134.718667,57.431333,-134.719167,605.3328,62,,,,,00,09,,,Retained,,57
2025,611,1,710,37833,ILONA B,8/5/2025 17:00,10,33,710,345701,NSEI,57.416667,-134.718667,57.431333,-134.719167,605.3328,62,,,,,00,09,,,Retained,,101
2025,611,1,710,37833,ILONA B,8/5/2025 17:00,10,33,710,345701,NSEI,57.416667,-134.718667,57.431333,-134.719167,605.3328,63,2.5,6,,02,02,07,,,Retained,,25
2025,611,1,710,37833,ILONA B,8/5/2025 17:00,10,33,710,345701,NSEI,57.416667,-134.718667,57.431333,-134.719167,605.3328,63,2.6,8,,02,02,07,,,Retained,,45
2025,611,1,710,37833,ILONA B,8/5/2025 17:00,10,33,710,345701,NSEI,57.416667,-134.718667,57.431333,-134.719167,605.3328,63,2.6,8,,02,02,07,,,Retained,,50
2025,611,1,710,37833,ILONA B,8/5/2025 17:00,10,33,710,345701,NSEI,57.416667,-134.718667,57.431333,-134.719167,605.3328,63,2.7,7,,03,02,07,,,Retained,,100
2025,611,1,710,37833,ILONA B,8/5/2025 17:00,10,33,710,345701,NSEI,57.416667,-134.718667,57.431333,-134.719167,605.3328,63,2.7,8,,02,01,01,,,Retained,,115
2025,611,1,710,37833,ILONA B,8/5/2025 17:00,10,33,710,345701,NSEI,57.416667,-134.718667,57.431333,-134.719167,605.3328,63,3,7,,02,02,07,,,Retained,,40
2025,611,1,710,37833,ILONA B,8/5/2025 17:00,10,33,710,345701,NSEI,57.416667,-134.718667,57.431333,-134.719167,605.3328,63,,,,,00,09,,,Retained,,36
2025,611,1,710,37833,ILONA B,8/5/2025 17:00,10,33,710,345701,NSEI,57.416667,-134.718667,57.431333,-134.719167,605.3328,63,,,,,00,09,,,Retained,,39
2025,611,1,710,37833,ILONA B,8/5/2025 17:00,10,33,710,345701,NSEI,57.416667,-134.718667,57.431333,-134.719167,605.3328,63,,,,,00,09,,,Retained,,74
2025,611,1,710,37833,ILONA B,8/5/2025 17:00,10,33,710,345701,NSEI,57.416667,-134.718667,57.431333,-134.719167,605.3328,63,,,,,00,09,,,Retained,,98
2025,611,1,710,37833,ILONA B,8/5/2025 17:00,10,33,710,345701,NSEI,57.416667,-134.718667,57.431333,-134.719167,605.3328,64,2.7,7,,02,02,07,,,Retained,,125
2025,611,1,710,37833,ILONA B,8/5/2025 17:00,10,33,710,345701,NSEI,57.416667,-134.718667,57.431333,-134.719167,605.3328,64,,,,,00,09,,,Retained,,33
2025,611,1,710,37833,ILONA B,8/5/2025 17:00,10,33,710,345701,NSEI,57.416667,-134.718667,57.431333,-134.719167,605.3328,64,,,,,00,09,,,Retained,,48
2025,611,1,710,37833,ILONA B,8/5/2025 17:00,10,33,710,345701,NSEI,57.416667,-134.718667,57.431333,-134.719167,605.3328,64,,,,,00,09,,,Retained,,81
2025,611,1,710,37833,ILONA B,8/5/2025 17:00,10,33,710,345701,NSEI,57.416667,-134.718667,57.431333,-134.719167,605.3328,64,,,,,00,09,,,Retained,,106
2025,611,1,710,37833,ILONA B,8/5/2025 17:00,10,33,710,345701,NSEI,57.416667,-134.718667,57.431333,-134.719167,605.3328,64,,,,,00,09,,,Retained,,119
2025,611,1,710,37833,ILONA B,8/5/2025 17:00,10,33,710,345701,NSEI,57.416667,-134.718667,57.431333,-134.719167,605.3328,64,,,,,00,09,,,Retained,,131
2025,611,1,710,37833,ILONA B,8/5/2025 17:00,10,33,710,345701,NSEI,57.416667,-134.718667,57.431333,-134.719167,605.3328,65,3,7,,02,02,07,,,Retained,,85
2025,611,1,710,37833,ILONA B,8/5/2025 17:00,10,33,710,345701,NSEI,57.416667,-134.718667,57.431333,-134.719167,605.3328,65,3.2,9,,03,02,07,,,Retained,,70
2025,611,1,710,37833,ILONA B,8/5/2025 17:00,10,33,710,345701,NSEI,57.416667,-134.718667,57.431333,-134.719167,605.3328,65,,,,,00,09,,,Retained,,24
2025,611,1,710,37833,ILONA B,8/5/2025 17:00,10,33,710,345701,NSEI,57.416667,-134.718667,57.431333,-134.719167,605.3328,65,,,,,00,09,,,Retained,,38
2025,611,1,710,37833,ILONA B,8/5/2025 17:00,10,33,710,345701,NSEI,57.416667,-134.718667,57.431333,-134.719167,605.3328,65,,,,,00,09,,,Retained,,78
2025,611,1,710,37833,ILONA B,8/5/2025 17:00,10,33,710,345701,NSEI,57.416667,-134.718667,57.431333,-134.719167,605.3328,65,,,,,00,09,,,Retained,,89
2025,611,1,710,37833,ILONA B,8/5/2025 17:00,10,33,710,345701,NSEI,57.416667,-134.718667,57.431333,-134.719167,605.3328,66,,,,,00,09,,,Retained,,29
2025,611,1,710,37833,ILONA B,8/5/2025 17:00,10,33,710,345701,NSEI,57.416667,-134.718667,57.431333,-134.719167,605.3328,66,,,,,00,09,,,Retained,,56
2025,611,1,710,37833,ILONA B,8/5/2025 17:00,10,33,710,345701,NSEI,57.416667,-134.718667,57.431333,-134.719167,605.3328,66,,,,,00,09,,,Retained,,86
2025,611,1,710,37833,ILONA B,8/5/2025 17:00,10,33,710,345701,NSEI,57.416667,-134.718667,57.431333,-134.719167,605.3328,66,,,,,00,09,,,Retained,,104
2025,611,1,710,37833,ILONA B,8/5/2025 17:00,10,33,710,345701,NSEI,57.416667,-134.718667,57.431333,-134.719167,605.3328,67,3,8,,02,02,07,,,Retained,,6
2025,611,1,710,37833,ILONA B,8/5/2025 17:00,10,33,710,345701,NSEI,57.416667,-134.718667,57.431333,-134.719167,605.3328,67,,,,,00,09,,,Retained,,8
2025,611,1,710,37833,ILONA B,8/5/2025 17:00,10,33,710,345701,NSEI,57.416667,-134.718667,57.431333,-134.719167,605.3328,67,,,,,00,09,,,Retained,,94
2025,611,1,710,37833,ILONA B,8/5/2025 17:00,10,33,710,345701,NSEI,57.416667,-134.718667,57.431333,-134.719167,605.3328,67,,,,,00,09,,,Retained,,118
2025,611,1,710,37833,ILONA B,8/5/2025 17:00,10,33,710,345701,NSEI,57.416667,-134.718667,57.431333,-134.719167,605.3328,68,,,,,00,09,,,Retained,,46
2025,611,1,710,37833,ILONA B,8/5/2025 17:00,10,33,710,345701,NSEI,57.416667,-134.718667,57.431333,-134.719167,605.3328,68,,,,,00,09,,,Retained,,51
2025,611,1,710,37833,ILONA B,8/5/2025 17:00,10,33,710,345701,NSEI,57.416667,-134.718667,57.431333,-134.719167,605.3328,68,,,,,00,09,,,Retained,,79
2025,611,1,710,37833,ILONA B,8/5/2025 17:00,10,33,710,345701,NSEI,57.416667,-134.718667,57.431333,-134.719167,605.3328,68,,,,,00,09,,,Retained,,82
2025,611,1,710,37833,ILONA B,8/5/2025 17:00,10,33,710,345701,NSEI,57.416667,-134.718667,57.431333,-134.719167,605.3328,68,,,,,00,09,,,Retained,,88
2025,611,1,710,37833,ILONA B,8/5/2025 17:00,10,33,710,345701,NSEI,57.416667,-134.718667,57.431333,-134.719167,605.3328,68,,,,,00,09,,,Retained,,136
2025,611,1,710,37833,ILONA B,8/5/2025 17:00,10,33,710,345701,NSEI,57.416667,-134.718667,57.431333,-134.719167,605.3328,69,,,,,00,09,,,Retained,,116
2025,611,1,710,37833,ILONA B,8/5/2025 17:00,10,33,710,345701,NSEI,57.416667,-134.718667,57.431333,-134.719167,605.3328,70,3.6,6,,02,02,07,,,Retained,,110
2025,611,1,710,37833,ILONA B,8/5/2025 17:00,10,33,710,345701,NSEI,57.416667,-134.718667,57.431333,-134.719167,605.3328,70,,,,,00,09,,,Retained,,52
2025,611,1,710,37833,ILONA B,8/5/2025 17:00,10,33,710,345701,NSEI,57.416667,-134.718667,57.431333,-134.719167,605.3328,70,,,,,00,09,,,Retained,,112
2025,611,1,710,37833,ILONA B,8/5/2025 17:00,10,33,710,345701,NSEI,57.416667,-134.718667,57.431333,-134.719167,605.3328,71,3.5,6,,01,02,07,,,Retained,,130
2025,611,1,710,37833,ILONA B,8/5/2025 17:00,10,33,710,345701,NSEI,57.416667,-134.718667,57.431333,-134.719167,605.3328,72,,,,,00,09,,,Retained,,97
2025,611,1,710,37833,ILONA B,8/5/2025 17:00,10,33,710,345701,NSEI,57.416667,-134.718667,57.431333,-134.719167,605.3328,73,,,,,00,09,,,Retained,,91
2025,611,1,710,37833,ILONA B,8/5/2025 17:00,10,33,710,345701,NSEI,57.416667,-134.718667,57.431333,-134.719167,605.3328,74,,,,,00,09,,,Retained,,26
2025,611,1,710,37833,ILONA B,8/5/2025 17:00,10,33,710,345701,NSEI,57.416667,-134.718667,57.431333,-134.719167,605.3328,76,,,,,00,09,,,Retained,,92
2025,611,1,710,37833,ILONA B,8/5/2025 17:00,10,33,710,345701,NSEI,57.416667,-134.718667,57.431333,-134.719167,605.3328,78,,,,,00,09,,,Retained,,111
2025,611,1,710,37833,ILONA B,8/5/2025 17:00,10,33,710,345701,NSEI,57.416667,-134.718667,57.431333,-134.719167,605.3328,82,,,,,00,09,,,Retained,,71
2025,611,1,710,37833,ILONA B,8/5/2025 17:00,10,33,710,345701,NSEI,57.416667,-134.718667,57.431333,-134.719167,605.3328,,,7,,02,01,07,,,Retained,,35
2025,611,1,710,37833,ILONA B,8/5/2025 17:00,10,33,710,345701,NSEI,57.416667,-134.718667,57.431333,-134.719167,605.3328,,,,,,,,,,Retained,,140
2025,611,1,710,37833,ILONA B,8/5/2025 17:00,10,33,710,345701,NSEI,57.416667,-134.718667,57.431333,-134.719167,605.3328,,,,,,,,,,Retained,,141
2025,611,1,710,37833,ILONA B,8/5/2025 17:00,10,33,710,345701,NSEI,57.416667,-134.718667,57.431333,-134.719167,605.3328,,,,,,,,,,Retained,,142
2025,611,1,710,37833,ILONA B,8/5/2025 17:00,10,33,710,345701,NSEI,57.416667,-134.718667,57.431333,-134.719167,605.3328,,,,,,,,,,Retained,,143
2025,611,1,710,37833,ILONA B,8/5/2025 17:00,10,33,710,345701,NSEI,57.416667,-134.718667,57.431333,-134.719167,605.3328,,,,,,,,,,Retained,,144
2025,611,1,710,37833,ILONA B,8/5/2025 17:00,10,33,710,345701,NSEI,57.416667,-134.718667,57.431333,-134.719167,605.3328,,,,,,,,,,Retained,,145
2025,611,1,710,37833,ILONA B,8/5/2025 17:00,10,33,710,345701,NSEI,57.416667,-134.718667,57.431333,-134.719167,605.3328,,,,,,,,,,Retained,,146
2025,611,1,710,37833,ILONA B,8/5/2025 17:00,10,33,710,345701,NSEI,57.416667,-134.718667,57.431333,-134.719167,605.3328,,,,,,,,,,Retained,,147
2025,611,1,710,37833,ILONA B,8/5/2025 17:00,10,33,710,345701,NSEI,57.416667,-134.718667,57.431333,-134.719167,605.3328,,,,,,,,,,Retained,,148
2025,611,1,710,37833,ILONA B,8/5/2025 17:00,10,33,710,345701,NSEI,57.416667,-134.718667,57.431333,-134.719167,605.3328,,,,,,,,,,Retained,,149
2025,611,1,710,37833,ILONA B,8/5/2025 17:00,10,33,710,345701,NSEI,57.416667,-134.718667,57.431333,-134.719167,605.3328,,,,,,,,,,Retained,,150
2025,611,1,710,37833,ILONA B,8/5/2025 17:00,10,33,710,345701,NSEI,57.416667,-134.718667,57.431333,-134.719167,605.3328,,,,,,,,,,Retained,,151
2025,611,1,710,37833,ILONA B,8/5/2025 17:00,10,33,710,345701,NSEI,57.416667,-134.718667,57.431333,-134.719167,605.3328,,,,,,,,,,Retained,,152
2025,611,1,710,37833,ILONA B,8/5/2025 17:00,10,33,710,345701,NSEI,57.416667,-134.718667,57.431333,-134.719167,605.3328,,,,,,,,,,Retained,,153
2025,611,1,710,37833,ILONA B,8/5/2025 17:00,10,33,710,345701,NSEI,57.416667,-134.718667,57.431333,-134.719167,605.3328,,,,,,,,,,Retained,,154
2025,611,1,710,37833,ILONA B,8/5/2025 17:00,10,33,710,345701,NSEI,57.416667,-134.718667,57.431333,-134.719167,605.3328,,,,,,,,,,Retained,,155
2025,611,1,710,37833,ILONA B,8/5/2025 17:00,10,33,710,345701,NSEI,57.416667,-134.718667,57.431333,-134.719167,605.3328,,,,,,,,,,Retained,,156
2025,611,1,710,37833,ILONA B,8/5/2025 17:00,10,33,710,345701,NSEI,57.416667,-134.718667,57.431333,-134.719167,605.3328,,,,,,,,,,Retained,,157
2025,611,1,710,37833,ILONA B,8/5/2025 17:00,10,33,710,345701,NSEI,57.416667,-134.718667,57.431333,-134.719167,605.3328,,,,,,,,,,Retained,,158
2025,611,1,710,37833,ILONA B,8/5/2025 17:00,10,33,710,345701,NSEI,57.416667,-134.718667,57.431333,-134.719167,605.3328,,,,,,,,,,Retained,,159
2025,611,1,710,37833,ILONA B,8/5/2025 17:00,10,33,710,345701,NSEI,57.416667,-134.718667,57.431333,-134.719167,605.3328,,,,,,,,,,Retained,,160
2025,611,1,710,37833,ILONA B,8/5/2025 17:00,10,33,710,345701,NSEI,57.416667,-134.718667,57.431333,-134.719167,605.3328,,,,,,,,,,Retained,,161
2025,611,1,710,37833,ILONA B,8/5/2025 17:00,10,33,710,345701,NSEI,57.416667,-134.718667,57.431333,-134.719167,605.3328,,,,,,,,,,Retained,,162
2025,611,1,710,37833,ILONA B,8/5/2025 17:00,10,33,710,345701,NSEI,57.416667,-134.718667,57.431333,-134.719167,605.3328,,,,,,,,,,Retained,,163
2025,611,1,710,37833,ILONA B,8/5/2025 17:00,10,33,710,345701,NSEI,57.416667,-134.718667,57.431333,-134.719167,605.3328,,,,,,,,,,Retained,,164
2025,611,1,710,37833,ILONA B,8/5/2025 17:00,10,33,710,345701,NSEI,57.416667,-134.718667,57.431333,-134.719167,605.3328,,,,,,,,,,Retained,,165
2025,611,1,710,37833,ILONA B,8/5/2025 17:00,10,33,710,345701,NSEI,57.416667,-134.718667,57.431333,-134.719167,605.3328,,,,,,,,,,Retained,,166
2025,611,1,710,37833,ILONA B,8/5/2025 17:00,10,33,710,345701,NSEI,57.416667,-134.718667,57.431333,-134.719167,605.3328,,,,,,,,,,Retained,,167
2025,611,1,710,37833,ILONA B,8/5/2025 17:00,10,33,710,345701,NSEI,57.416667,-134.718667,57.431333,-134.719167,605.3328,,,,,,,,,,Retained,,168
2025,611,1,710,37833,ILONA B,8/5/2025 17:00,10,33,710,345701,NSEI,57.416667,-134.718667,57.431333,-134.719167,605.3328,,,,,,,,,,Retained,,169
2025,611,1,710,37833,ILONA B,8/5/2025 17:00,10,33,710,345701,NSEI,57.416667,-134.718667,57.431333,-134.719167,605.3328,,,,,,,,,,Retained,,170
2025,611,1,710,37833,ILONA B,8/5/2025 17:00,10,33,710,345701,NSEI,57.416667,-134.718667,57.431333,-134.719167,605.3328,,,,,,,,,,Retained,,171
2025,611,1,710,37833,ILONA B,8/5/2025 17:00,10,33,710,345701,NSEI,57.416667,-134.718667,57.431333,-134.719167,605.3328,,,,,,,,,,Retained,,172
2025,611,1,710,37833,ILONA B,8/5/2025 17:00,10,33,710,345701,NSEI,57.416667,-134.718667,57.431333,-134.719167,605.3328,,,,,,,,,,Retained,,173
2025,611,1,710,37833,ILONA B,8/5/2025 17:00,10,33,710,345701,NSEI,57.416667,-134.718667,57.431333,-134.719167,605.3328,,,,,,,,,,Retained,,174
2025,611,1,710,37833,ILONA B,8/5/2025 17:00,10,33,710,345701,NSEI,57.416667,-134.718667,57.431333,-134.719167,605.3328,,,,,,,,,,Retained,,175
2025,611,1,710,37833,ILONA B,8/5/2025 17:00,10,33,710,345701,NSEI,57.416667,-134.718667,57.431333,-134.719167,605.3328,,,,,,,,,,Retained,,176
2025,611,1,710,37833,ILONA B,8/5/2025 17:00,10,33,710,345701,NSEI,57.416667,-134.718667,57.431333,-134.719167,605.3328,,,,,,,,,,Retained,,177
2025,611,1,710,37833,ILONA B,8/5/2025 17:00,10,33,710,345701,NSEI,57.416667,-134.718667,57.431333,-134.719167,605.3328,,,,,,,,,,Retained,,178
2025,611,1,710,37833,ILONA B,8/5/2025 17:00,10,33,710,345701,NSEI,57.416667,-134.718667,57.431333,-134.719167,605.3328,,,,,,,,,,Retained,,179
2025,611,1,710,37833,ILONA B,8/5/2025 17:00,10,33,710,345701,NSEI,57.416667,-134.718667,57.431333,-134.719167,605.3328,,,,,,,,,,Retained,,180
2025,611,1,710,37833,ILONA B,8/5/2025 17:00,10,33,710,345701,NSEI,57.416667,-134.718667,57.431333,-134.719167,605.3328,,,,,,,,,,Retained,,181
2025,611,1,710,37833,ILONA B,8/5/2025 17:00,10,33,710,345701,NSEI,57.416667,-134.718667,57.431333,-134.719167,605.3328,,,,,,,,,,Retained,,182
2025,611,1,710,37833,ILONA B,8/5/2025 17:00,10,33,710,345701,NSEI,57.416667,-134.718667,57.431333,-134.719167,605.3328,,,,,,,,,,Retained,,183
2025,611,1,710,37833,ILONA B,8/5/2025 17:00,10,33,710,345701,NSEI,57.416667,-134.718667,57.431333,-134.719167,605.3328,,,,,,,,,,Retained,,184
2025,611,1,710,37833,ILONA B,8/5/2025 17:00,10,33,710,345701,NSEI,57.416667,-134.718667,57.431333,-134.719167,605.3328,,,,,,,,,,Retained,,185
2025,611,1,710,37833,ILONA B,8/5/2025 17:00,10,33,710,345701,NSEI,57.416667,-134.718667,57.431333,-134.719167,605.3328,,,,,,,,,,Retained,,186
2025,611,1,710,37833,ILONA B,8/5/2025 17:00,10,33,710,345701,NSEI,57.416667,-134.718667,57.431333,-134.719167,605.3328,,,,,,,,,,Retained,,187
2025,611,1,710,37833,ILONA B,8/5/2025 17:00,10,33,710,345701,NSEI,57.416667,-134.718667,57.431333,-134.719167,605.3328,,,,,,,,,,Retained,,188
2025,611,1,710,37833,ILONA B,8/5/2025 17:00,10,33,710,345701,NSEI,57.416667,-134.718667,57.431333,-134.719167,605.3328,,,,,,,,,,Retained,,189
2025,611,1,710,37833,ILONA B,8/5/2025 17:00,10,33,710,345701,NSEI,57.416667,-134.718667,57.431333,-134.719167,605.3328,,,,,,,,,,Retained,,190
2025,611,1,710,37833,ILONA B,8/5/2025 17:00,10,33,710,345701,NSEI,57.416667,-134.718667,57.431333,-134.719167,605.3328,,,,,,,,,,Retained,,191
2025,611,1,710,37833,ILONA B,8/5/2025 17:00,10,33,710,345701,NSEI,57.416667,-134.718667,57.431333,-134.719167,605.3328,,,,,,,,,,Retained,,192
2025,611,1,710,37833,ILONA B,8/5/2025 17:00,10,33,710,345701,NSEI,57.416667,-134.718667,57.431333,-134.719167,605.3328,,,,,,,,,,Retained,,193
2025,611,1,710,37833,ILONA B,8/5/2025 17:00,10,33,710,345701,NSEI,57.416667,-134.718667,57.431333,-134.719167,605.3328,,,,,,,,,,Retained,,194
2025,611,1,710,37833,ILONA B,8/5/2025 17:00,10,33,710,345701,NSEI,57.416667,-134.718667,57.431333,-134.719167,605.3328,,,,,,,,,,Retained,,195
2025,611,1,710,37833,ILONA B,8/5/2025 17:00,10,33,710,345701,NSEI,57.416667,-134.718667,57.431333,-134.719167,605.3328,,,,,,,,,,Retained,,196
2025,611,1,710,37833,ILONA B,8/5/2025 17:00,10,33,710,345701,NSEI,57.416667,-134.718667,57.431333,-134.719167,605.3328,,,,,,,,,,Retained,,197
2025,611,1,710,37833,ILONA B,8/5/2025 17:00,10,33,710,345701,NSEI,57.416667,-134.718667,57.431333,-134.719167,605.3328,,,,,,,,,,Retained,,198
2025,611,1,710,37833,ILONA B,8/5/2025 17:00,10,33,710,345701,NSEI,57.416667,-134.718667,57.431333,-134.719167,605.3328,,,,,,,,,,Retained,,199
2025,611,1,710,37833,ILONA B,8/5/2025 17:00,10,33,710,345701,NSEI,57.416667,-134.718667,57.431333,-134.719167,605.3328,,,,,,,,,,Retained,,200
2025,611,1,710,37833,ILONA B,8/5/2025 17:00,10,33,710,345701,NSEI,57.416667,-134.718667,57.431333,-134.719167,605.3328,,,,,,,,,,Retained,,201
2025,611,1,710,37833,ILONA B,8/5/2025 17:00,10,33,710,345701,NSEI,57.416667,-134.718667,57.431333,-134.719167,605.3328,,,,,,,,,,Retained,,202
2025,611,1,710,37833,ILONA B,8/5/2025 17:00,10,33,710,345701,NSEI,57.416667,-134.718667,57.431333,-134.719167,605.3328,,,,,,,,,,Retained,,203
2025,611,1,710,37833,ILONA B,8/5/2025 17:00,10,33,710,345701,NSEI,57.416667,-134.718667,57.431333,-134.719167,605.3328,,,,,,,,,,Retained,,204
2025,611,1,710,37833,ILONA B,8/5/2025 17:00,10,33,710,345701,NSEI,57.416667,-134.718667,57.431333,-134.719167,605.3328,,,,,,,,,,Retained,,205
2025,611,1,710,37833,ILONA B,8/5/2025 17:00,10,33,710,345701,NSEI,57.416667,-134.718667,57.431333,-134.719167,605.3328,,,,,,,,,,Retained,,206
2025,611,1,710,37833,ILONA B,8/5/2025 17:00,10,33,710,345701,NSEI,57.416667,-134.718667,57.431333,-134.719167,605.3328,,,,,,,,,,Retained,,207
2025,611,1,710,37833,ILONA B,8/5/2025 17:00,10,33,710,345701,NSEI,57.416667,-134.718667,57.431333,-134.719167,605.3328,,,,,,,,,,Retained,,208
2025,611,1,710,37833,ILONA B,8/5/2025 17:00,10,33,710,345701,NSEI,57.416667,-134.718667,57.431333,-134.719167,605.3328,,,,,,,,,,Retained,,209
2025,611,1,710,37833,ILONA B,8/5/2025 17:00,10,33,710,345701,NSEI,57.416667,-134.718667,57.431333,-134.719167,605.3328,,,,,,,,,,Retained,,210
2025,611,1,710,37833,ILONA B,8/5/2025 17:00,10,33,710,345701,NSEI,57.416667,-134.718667,57.431333,-134.719167,605.3328,,,,,,,,,,Retained,,211
2025,611,1,710,37833,ILONA B,8/5/2025 17:00,10,33,710,345701,NSEI,57.416667,-134.718667,57.431333,-134.719167,605.3328,,,,,,,,,,Retained,,212
2025,611,1,710,37833,ILONA B,8/5/2025 17:00,10,33,710,345701,NSEI,57.416667,-134.718667,57.431333,-134.719167,605.3328,,,,,,,,,,Retained,,213
2025,611,1,710,37833,ILONA B,8/5/2025 17:00,10,33,710,345701,NSEI,57.416667,-134.718667,57.431333,-134.719167,605.3328,,,,,,,,,,Retained,,214
2025,611,1,710,37833,ILONA B,8/5/2025 17:00,10,33,710,345701,NSEI,57.416667,-134.718667,57.431333,-134.719167,605.3328,,,,,,,,,,Retained,,215
2025,611,1,710,37833,ILONA B,8/5/2025 17:00,10,33,710,345701,NSEI,57.416667,-134.718667,57.431333,-134.719167,605.3328,,,,,,,,,,Retained,,216
2025,611,1,710,37833,ILONA B,8/5/2025 17:00,10,33,710,345701,NSEI,57.416667,-134.718667,57.431333,-134.719167,605.3328,,,,,,,,,,Retained,,217
2025,611,1,710,37833,ILONA B,8/5/2025 17:00,10,33,710,345701,NSEI,57.416667,-134.718667,57.431333,-134.719167,605.3328,,,,,,,,,,Retained,,218
2025,611,1,710,37833,ILONA B,8/5/2025 17:00,10,33,710,345701,NSEI,57.416667,-134.718667,57.431333,-134.719167,605.3328,,,,,,,,,,Retained,,219
2025,611,1,710,37833,ILONA B,8/5/2025 17:00,10,33,710,345701,NSEI,57.416667,-134.718667,57.431333,-134.719167,605.3328,,,,,,,,,,Retained,,220
2025,611,1,710,37833,ILONA B,8/5/2025 17:00,10,33,710,345701,NSEI,57.416667,-134.718667,57.431333,-134.719167,605.3328,,,,,,,,,,Retained,,221
2025,611,1,710,37833,ILONA B,8/5/2025 17:00,10,33,710,345701,NSEI,57.416667,-134.718667,57.431333,-134.719167,605.3328,,,,,,,,,,Retained,,222
2025,611,1,710,37833,ILONA B,8/5/2025 17:00,10,33,710,345701,NSEI,57.416667,-134.718667,57.431333,-134.719167,605.3328,,,,,,,,,,Retained,,223
2025,611,1,710,37833,ILONA B,8/5/2025 17:00,10,33,710,345701,NSEI,57.416667,-134.718667,57.431333,-134.719167,605.3328,,,,,,,,,,Retained,,224
2025,611,1,710,37833,ILONA B,8/5/2025 17:00,10,33,710,345701,NSEI,57.416667,-134.718667,57.431333,-134.719167,605.3328,,,,,,,,,,Retained,,225
2025,611,1,710,37833,ILONA B,8/5/2025 17:00,10,33,710,345701,NSEI,57.416667,-134.718667,57.431333,-134.719167,605.3328,,,,,,,,,,Retained,,226
2025,611,1,710,37833,ILONA B,8/5/2025 17:00,10,33,710,345701,NSEI,57.416667,-134.718667,57.431333,-134.719167,605.3328,,,,,,,,,,Retained,,227
2025,611,1,710,37833,ILONA B,8/5/2025 17:00,10,33,710,345701,NSEI,57.416667,-134.718667,57.431333,-134.719167,605.3328,,,,,,,,,,Retained,,228
2025,611,1,710,37833,ILONA B,8/5/2025 17:00,10,33,710,345701,NSEI,57.416667,-134.718667,57.431333,-134.719167,605.3328,,,,,,,,,,Retained,,229
2025,611,1,710,37833,ILONA B,8/5/2025 17:00,10,33,710,345701,NSEI,57.416667,-134.718667,57.431333,-134.719167,605.3328,,,,,,,,,,Retained,,230
2025,611,1,710,37833,ILONA B,8/5/2025 17:00,10,33,710,345701,NSEI,57.416667,-134.718667,57.431333,-134.719167,605.3328,,,,,,,,,,Retained,,231
2025,611,1,710,37833,ILONA B,8/5/2025 17:00,10,33,710,345701,NSEI,57.416667,-134.718667,57.431333,-134.719167,605.3328,,,,,,,,,,Retained,,232
2025,611,1,710,37833,ILONA B,8/5/2025 17:00,10,33,710,345701,NSEI,57.416667,-134.718667,57.431333,-134.719167,605.3328,,,,,,,,,,Retained,,233
2025,611,1,710,37833,ILONA B,8/5/2025 17:00,10,33,710,345701,NSEI,57.416667,-134.718667,57.431333,-134.719167,605.3328,,,,,,,,,,Retained,,234
2025,611,1,710,37833,ILONA B,8/5/2025 17:00,10,33,710,345701,NSEI,57.416667,-134.718667,57.431333,-134.719167,605.3328,,,,,,,,,,Retained,,235
2025,611,1,710,37833,ILONA B,8/5/2025 17:00,10,33,710,345701,NSEI,57.416667,-134.718667,57.431333,-134.719167,605.3328,,,,,,,,,,Retained,,236
2025,611,1,710,37833,ILONA B,8/5/2025 17:00,10,33,710,345701,NSEI,57.416667,-134.718667,57.431333,-134.719167,605.3328,,,,,,,,,,Retained,,237
2025,611,1,710,37833,ILONA B,8/5/2025 17:00,10,33,710,345701,NSEI,57.416667,-134.718667,57.431333,-134.719167,605.3328,,,,,,,,,,Retained,,238
2025,611,1,710,37833,ILONA B,8/5/2025 17:00,10,33,710,345701,NSEI,57.416667,-134.718667,57.431333,-134.719167,605.3328,,,,,,,,,,Retained,,239
2025,611,1,710,37833,ILONA B,8/5/2025 17:00,10,33,710,345701,NSEI,57.416667,-134.718667,57.431333,-134.719167,605.3328,,,,,,,,,,Retained,,240
2025,611,1,710,37833,ILONA B,8/5/2025 17:00,10,33,710,345701,NSEI,57.416667,-134.718667,57.431333,-134.719167,605.3328,,,,,,,,,,Retained,,241
2025,611,1,710,37833,ILONA B,8/5/2025 17:00,10,33,710,345701,NSEI,57.416667,-134.718667,57.431333,-134.719167,605.3328,,,,,,,,,,Retained,,242
2025,611,1,710,37833,ILONA B,8/5/2025 17:00,10,33,710,345701,NSEI,57.416667,-134.718667,57.431333,-134.719167,605.3328,,,,,,,,,,Retained,,243
2025,611,1,710,37833,ILONA B,8/5/2025 17:00,10,33,710,345701,NSEI,57.416667,-134.718667,57.431333,-134.719167,605.3328,,,,,,,,,,Retained,,244
2025,611,1,710,37833,ILONA B,8/5/2025 17:00,10,33,710,345701,NSEI,57.416667,-134.718667,57.431333,-134.719167,605.3328,,,,,,,,,,Retained,,245
2025,611,1,710,37833,ILONA B,8/5/2025 17:00,10,33,710,345701,NSEI,57.416667,-134.718667,57.431333,-134.719167,605.3328,,,,,,,,,,Retained,,246
2025,611,1,710,37833,ILONA B,8/5/2025 17:00,10,33,710,345701,NSEI,57.416667,-134.718667,57.431333,-134.719167,605.3328,,,,,,,,,,Retained,,247
2025,611,1,710,37833,ILONA B,8/5/2025 17:00,10,33,710,345701,NSEI,57.416667,-134.718667,57.431333,-134.719167,605.3328,,,,,,,,,,Retained,,248
2025,611,1,710,37833,ILONA B,8/5/2025 17:00,10,33,710,345701,NSEI,57.416667,-134.718667,57.431333,-134.719167,605.3328,,,,,,,,,,Retained,,249
2025,611,1,710,37833,ILONA B,8/5/2025 17:00,10,33,710,345701,NSEI,57.416667,-134.718667,57.431333,-134.719167,605.3328,,,,,,,,,,Retained,,250
2025,611,1,710,37833,ILONA B,8/5/2025 17:00,10,33,710,345701,NSEI,57.416667,-134.718667,57.431333,-134.719167,605.3328,,,,,,,,,,Retained,,251
2025,611,1,710,37833,ILONA B,8/5/2025 17:00,10,33,710,345701,NSEI,57.416667,-134.718667,57.431333,-134.719167,605.3328,,,,,,,,,,Retained,,252
2025,611,1,710,37833,ILONA B,8/5/2025 17:00,10,33,710,345701,NSEI,57.416667,-134.718667,57.431333,-134.719167,605.3328,,,,,,,,,,Retained,,253
2025,611,1,710,37833,ILONA B,8/5/2025 17:00,10,33,710,345701,NSEI,57.416667,-134.718667,57.431333,-134.719167,605.3328,,,,,,,,,,Retained,,254
2025,611,1,710,37833,ILONA B,8/5/2025 17:00,10,33,710,345701,NSEI,57.416667,-134.718667,57.431333,-134.719167,605.3328,,,,,,,,,,Retained,,255
2025,611,1,710,37833,ILONA B,8/5/2025 17:00,10,33,710,345701,NSEI,57.416667,-134.718667,57.431333,-134.719167,605.3328,,,,,,,,,,Retained,,256
2025,611,1,710,37833,ILONA B,8/5/2025 17:00,10,33,710,345701,NSEI,57.416667,-134.718667,57.431333,-134.719167,605.3328,,,,,,,,,,Retained,,257
2025,611,1,710,37833,ILONA B,8/5/2025 17:00,10,33,710,345701,NSEI,57.416667,-134.718667,57.431333,-134.719167,605.3328,,,,,,,,,,Retained,,258
2025,611,1,710,37833,ILONA B,8/5/2025 17:00,10,33,710,345701,NSEI,57.416667,-134.718667,57.431333,-134.719167,605.3328,,,,,,,,,,Retained,,259
2025,611,1,710,37833,ILONA B,8/5/2025 17:00,10,33,710,345701,NSEI,57.416667,-134.718667,57.431333,-134.719167,605.3328,,,,,,,,,,Retained,,260
2025,611,1,710,37833,ILONA B,8/5/2025 17:00,10,33,710,345701,NSEI,57.416667,-134.718667,57.431333,-134.719167,605.3328,,,,,,,,,,Retained,,261
2025,611,1,710,37833,ILONA B,8/5/2025 17:00,10,33,710,345701,NSEI,57.416667,-134.718667,57.431333,-134.719167,605.3328,,,,,,,,,,Retained,,262
2025,611,1,710,37833,ILONA B,8/5/2025 17:00,10,33,710,345701,NSEI,57.416667,-134.718667,57.431333,-134.719167,605.3328,,,,,,,,,,Retained,,263
2025,611,1,710,37833,ILONA B,8/5/2025 17:00,10,33,710,345701,NSEI,57.416667,-134.718667,57.431333,-134.719167,605.3328,,,,,,,,,,Retained,,264
2025,611,1,710,37833,ILONA B,8/5/2025 17:00,10,33,710,345701,NSEI,57.416667,-134.718667,57.431333,-134.719167,605.3328,,,,,,,,,,Retained,,265
2025,611,1,710,37833,ILONA B,8/5/2025 17:00,10,33,710,345701,NSEI,57.416667,-134.718667,57.431333,-134.719167,605.3328,,,,,,,,,,Retained,,266
2025,611,1,710,37833,ILONA B,8/5/2025 17:00,10,33,710,345701,NSEI,57.416667,-134.718667,57.431333,-134.719167,605.3328,,,,,,,,,,Retained,,267
2025,611,1,710,37833,ILONA B,8/5/2025 17:00,10,33,710,345701,NSEI,57.416667,-134.718667,57.431333,-134.719167,605.3328,,,,,,,,,,Retained,,268
2025,611,1,710,37833,ILONA B,8/5/2025 17:00,10,33,710,345701,NSEI,57.416667,-134.718667,57.431333,-134.719167,605.3328,,,,,,,,,,Retained,,269
2025,611,1,710,37833,ILONA B,8/5/2025 17:00,10,33,710,345701,NSEI,57.416667,-134.718667,57.431333,-134.719167,605.3328,,,,,,,,,,Retained,,270
2025,611,1,710,37833,ILONA B,8/5/2025 17:00,10,33,710,345701,NSEI,57.416667,-134.718667,57.431333,-134.719167,605.3328,,,,,,,,,,Retained,,271
2025,611,1,710,37833,ILONA B,8/5/2025 17:00,10,33,710,345701,NSEI,57.416667,-134.718667,57.431333,-134.719167,605.3328,,,,,,,,,,Retained,,272
2025,611,1,710,37833,ILONA B,8/5/2025 17:00,10,33,710,345701,NSEI,57.416667,-134.718667,57.431333,-134.719167,605.3328,,,,,,,,,,Retained,,273
2025,611,1,710,37833,ILONA B,8/5/2025 17:00,10,33,710,345701,NSEI,57.416667,-134.718667,57.431333,-134.719167,605.3328,,,,,,,,,,Retained,,274
2025,611,1,710,37833,ILONA B,8/5/2025 17:00,10,33,710,345701,NSEI,57.416667,-134.718667,57.431333,-134.719167,605.3328,,,,,,,,,,Retained,,275
2025,611,1,710,37833,ILONA B,8/5/2025 17:00,10,33,710,345701,NSEI,57.416667,-134.718667,57.431333,-134.719167,605.3328,,,,,,,,,,Retained,,276
2025,611,1,710,37833,ILONA B,8/5/2025 17:00,10,33,710,345701,NSEI,57.416667,-134.718667,57.431333,-134.719167,605.3328,,,,,,,,,,Retained,,277
2025,611,1,710,37833,ILONA B,8/5/2025 17:00,10,33,710,345701,NSEI,57.416667,-134.718667,57.431333,-134.719167,605.3328,,,,,,,,,,Retained,,278
2025,611,1,710,37833,ILONA B,8/5/2025 17:00,10,33,710,345701,NSEI,57.416667,-134.718667,57.431333,-134.719167,605.3328,,,,,,,,,,Retained,,279
2025,611,1,710,37833,ILONA B,8/5/2025 17:00,10,33,710,345701,NSEI,57.416667,-134.718667,57.431333,-134.719167,605.3328,,,,,,,,,,Retained,,280
2025,611,1,710,37833,ILONA B,8/5/2025 17:00,10,33,710,345701,NSEI,57.416667,-134.718667,57.431333,-134.719167,605.3328,,,,,,,,,,Retained,,281
2025,611,1,710,37833,ILONA B,8/5/2025 17:00,10,33,710,345701,NSEI,57.416667,-134.718667,57.431333,-134.719167,605.3328,,,,,,,,,,Retained,,282
2025,611,1,710,37833,ILONA B,8/5/2025 17:00,10,33,710,345701,NSEI,57.416667,-134.718667,57.431333,-134.719167,605.3328,,,,,,,,,,Retained,,283
2025,611,1,710,37833,ILONA B,8/5/2025 17:00,10,33,710,345701,NSEI,57.416667,-134.718667,57.431333,-134.719167,605.3328,,,,,,,,,,Retained,,284
2025,611,1,710,37833,ILONA B,8/5/2025 17:00,10,33,710,345701,NSEI,57.416667,-134.718667,57.431333,-134.719167,605.3328,,,,,,,,,,Retained,,285
2025,611,1,710,37833,ILONA B,8/5/2025 17:00,10,33,710,345701,NSEI,57.416667,-134.718667,57.431333,-134.719167,605.3328,,,,,,,,,,Retained,,286
2025,611,1,710,37833,ILONA B,8/5/2025 17:00,10,33,710,345701,NSEI,57.416667,-134.718667,57.431333,-134.719167,605.3328,,,,,,,,,,Retained,,287
2025,611,1,710,37833,ILONA B,8/5/2025 17:00,10,33,710,345701,NSEI,57.416667,-134.718667,57.431333,-134.719167,605.3328,,,,,,,,,,Retained,,288
2025,611,1,710,37833,ILONA B,8/5/2025 17:00,10,33,710,345701,NSEI,57.416667,-134.718667,57.431333,-134.719167,605.3328,,,,,,,,,,Retained,,289
2025,611,1,710,37833,ILONA B,8/5/2025 17:00,10,33,710,345701,NSEI,57.416667,-134.718667,57.431333,-134.719167,605.3328,,,,,,,,,,Retained,,290
2025,611,1,710,37833,ILONA B,8/5/2025 17:00,10,33,710,345701,NSEI,57.416667,-134.718667,57.431333,-134.719167,605.3328,,,,,,,,,,Retained,,291
2025,611,1,710,37833,ILONA B,8/5/2025 17:00,10,33,710,345701,NSEI,57.416667,-134.718667,57.431333,-134.719167,605.3328,,,,,,,,,,Retained,,292
2025,611,1,710,37833,ILONA B,8/5/2025 17:00,10,33,710,345701,NSEI,57.416667,-134.718667,57.431333,-134.719167,605.3328,,,,,,,,,,Retained,,293
2025,611,1,710,37833,ILONA B,8/5/2025 17:00,10,33,710,345701,NSEI,57.416667,-134.718667,57.431333,-134.719167,605.3328,,,,,,,,,,Retained,,294
2025,611,1,710,37833,ILONA B,8/5/2025 17:00,10,33,710,345701,NSEI,57.416667,-134.718667,57.431333,-134.719167,605.3328,,,,,,,,,,Retained,,295
2025,611,1,710,37833,ILONA B,8/5/2025 17:00,10,33,710,345701,NSEI,57.416667,-134.718667,57.431333,-134.719167,605.3328,,,,,,,,,,Retained,,296
2025,611,1,710,37833,ILONA B,8/5/2025 17:00,10,33,710,345701,NSEI,57.416667,-134.718667,57.431333,-134.719167,605.3328,,,,,,,,,,Retained,,297
2025,611,1,710,37833,ILONA B,8/5/2025 17:00,10,33,710,345701,NSEI,57.416667,-134.718667,57.431333,-134.719167,605.3328,,,,,,,,,,Retained,,298
2025,611,1,710,37833,ILONA B,8/5/2025 17:00,10,33,710,345701,NSEI,57.416667,-134.718667,57.431333,-134.719167,605.3328,,,,,,,,,,Retained,,299
2025,611,1,710,37833,ILONA B,8/5/2025 17:00,10,33,710,345701,NSEI,57.416667,-134.718667,57.431333,-134.719167,605.3328,,,,,,,,,,Retained,,300
2025,611,1,710,37833,ILONA B,8/5/2025 17:00,10,33,710,345701,NSEI,57.416667,-134.718667,57.431333,-134.719167,605.3328,,,,,,,,,,Retained,,301
2025,611,1,710,37833,ILONA B,8/5/2025 17:00,10,33,710,345701,NSEI,57.416667,-134.718667,57.431333,-134.719167,605.3328,,,,,,,,,,Retained,,302
2025,611,1,710,37833,ILONA B,8/5/2025 17:00,10,33,710,345701,NSEI,57.416667,-134.718667,57.431333,-134.719167,605.3328,,,,,,,,,,Retained,,303
2025,611,1,710,37833,ILONA B,8/5/2025 17:00,10,33,710,345701,NSEI,57.416667,-134.718667,57.431333,-134.719167,605.3328,,,,,,,,,,Retained,,304
2025,611,1,710,37833,ILONA B,8/5/2025 17:00,10,33,710,345701,NSEI,57.416667,-134.718667,57.431333,-134.719167,605.3328,,,,,,,,,,Retained,,305
2025,611,1,710,37833,ILONA B,8/5/2025 17:00,10,33,710,345701,NSEI,57.416667,-134.718667,57.431333,-134.719167,605.3328,,,,,,,,,,Retained,,306
2025,611,1,710,37833,ILONA B,8/5/2025 17:00,10,33,710,345701,NSEI,57.416667,-134.718667,57.431333,-134.719167,605.3328,,,,,,,,,,Retained,,307
2025,611,1,710,37833,ILONA B,8/5/2025 17:00,10,33,710,345701,NSEI,57.416667,-134.718667,57.431333,-134.719167,605.3328,,,,,,,,,,Retained,,308
2025,611,1,710,37833,ILONA B,8/5/2025 17:00,10,33,710,345701,NSEI,57.416667,-134.718667,57.431333,-134.719167,605.3328,,,,,,,,,,Retained,,309
2025,611,1,710,37833,ILONA B,8/5/2025 17:00,10,33,710,345701,NSEI,57.416667,-134.718667,57.431333,-134.719167,605.3328,,,,,,,,,,Retained,,310
2025,611,1,710,37833,ILONA B,8/5/2025 17:00,10,33,710,345701,NSEI,57.416667,-134.718667,57.431333,-134.719167,605.3328,,,,,,,,,,Retained,,311
2025,611,1,710,37833,ILONA B,8/5/2025 17:00,10,33,710,345701,NSEI,57.416667,-134.718667,57.431333,-134.719167,605.3328,,,,,,,,,,Retained,,312
2025,611,1,710,37833,ILONA B,8/5/2025 17:00,10,33,710,345701,NSEI,57.416667,-134.718667,57.431333,-134.719167,605.3328,,,,,,,,,,Retained,,313
2025,611,1,710,37833,ILONA B,8/5/2025 17:00,10,33,710,345701,NSEI,57.416667,-134.718667,57.431333,-134.719167,605.3328,,,,,,,,,,Retained,,314
2025,611,1,710,37833,ILONA B,8/5/2025 17:00,10,33,710,345701,NSEI,57.416667,-134.718667,57.431333,-134.719167,605.3328,,,,,,,,,,Retained,,315
2025,611,1,710,37833,ILONA B,8/5/2025 17:00,10,33,710,345701,NSEI,57.416667,-134.718667,57.431333,-134.719167,605.3328,,,,,,,,,,Retained,,316
2025,611,1,710,37833,ILONA B,8/5/2025 17:00,10,33,710,345701,NSEI,57.416667,-134.718667,57.431333,-134.719167,605.3328,,,,,,,,,,Retained,,317
2025,611,1,710,37833,ILONA B,8/5/2025 17:00,10,33,710,345701,NSEI,57.416667,-134.718667,57.431333,-134.719167,605.3328,,,,,,,,,,Retained,,318
2025,611,1,710,37833,ILONA B,8/5/2025 17:00,10,33,710,345701,NSEI,57.416667,-134.718667,57.431333,-134.719167,605.3328,,,,,,,,,,Retained,,319
2025,611,1,710,37833,ILONA B,8/5/2025 17:00,10,33,710,345701,NSEI,57.416667,-134.718667,57.431333,-134.719167,605.3328,,,,,,,,,,Retained,,320
2025,611,1,710,37833,ILONA B,8/5/2025 17:00,10,33,710,345701,NSEI,57.416667,-134.718667,57.431333,-134.719167,605.3328,,,,,,,,,,Retained,,321
2025,611,1,710,37833,ILONA B,8/5/2025 17:00,10,33,710,345701,NSEI,57.416667,-134.718667,57.431333,-134.719167,605.3328,,,,,,,,,,Retained,,322
2025,611,1,710,37833,ILONA B,8/5/2025 17:00,10,33,710,345701,NSEI,57.416667,-134.718667,57.431333,-134.719167,605.3328,,,,,,,,,,Retained,,323
2025,611,1,710,37833,ILONA B,8/5/2025 17:00,10,33,710,345701,NSEI,57.416667,-134.718667,57.431333,-134.719167,605.3328,,,,,,,,,,Retained,,324
2025,611,1,710,37833,ILONA B,8/5/2025 17:00,10,33,710,345701,NSEI,57.416667,-134.718667,57.431333,-134.719167,605.3328,,,,,,,,,,Retained,,325
2025,611,1,710,37833,ILONA B,8/5/2025 17:00,10,33,710,345701,NSEI,57.416667,-134.718667,57.431333,-134.719167,605.3328,,,,,,,,,,Retained,,326
2025,611,1,710,37833,ILONA B,8/5/2025 17:00,10,33,710,345701,NSEI,57.416667,-134.718667,57.431333,-134.719167,605.3328,,,,,,,,,,Retained,,327
2025,611,1,710,37833,ILONA B,8/5/2025 17:00,10,33,710,345701,NSEI,57.416667,-134.718667,57.431333,-134.719167,605.3328,,,,,,,,,,Retained,,328
2025,611,1,710,37833,ILONA B,8/5/2025 17:00,10,33,710,345701,NSEI,57.416667,-134.718667,57.431333,-134.719167,605.3328,,,,,,,,,,Retained,,329
2025,611,1,710,37833,ILONA B,8/5/2025 17:00,10,33,710,345701,NSEI,57.416667,-134.718667,57.431333,-134.719167,605.3328,,,,,,,,,,Retained,,330
2025,611,1,710,37833,ILONA B,8/5/2025 17:00,10,33,710,345701,NSEI,57.416667,-134.718667,57.431333,-134.719167,605.3328,,,,,,,,,,Retained,,331
2025,611,1,710,37833,ILONA B,8/5/2025 17:00,10,33,710,345701,NSEI,57.416667,-134.718667,57.431333,-134.719167,605.3328,,,,,,,,,,Retained,,332
2025,611,1,710,37833,ILONA B,8/5/2025 17:00,10,33,710,345701,NSEI,57.416667,-134.718667,57.431333,-134.719167,605.3328,,,,,,,,,,Retained,,333
2025,611,1,710,37833,ILONA B,8/5/2025 17:00,10,33,710,345701,NSEI,57.416667,-134.718667,57.431333,-134.719167,605.3328,,,,,,,,,,Retained,,334
2025,611,1,710,37833,ILONA B,8/5/2025 17:00,10,33,710,345701,NSEI,57.416667,-134.718667,57.431333,-134.719167,605.3328,,,,,,,,,,Retained,,335
2025,611,1,710,37833,ILONA B,8/5/2025 17:00,10,33,710,345701,NSEI,57.416667,-134.718667,57.431333,-134.719167,605.3328,,,,,,,,,,Retained,,336
2025,611,1,710,37833,ILONA B,8/5/2025 17:00,10,33,710,345701,NSEI,57.416667,-134.718667,57.431333,-134.719167,605.3328,,,,,,,,,,Retained,,337
2025,611,1,710,37833,ILONA B,8/5/2025 17:00,10,33,710,345701,NSEI,57.416667,-134.718667,57.431333,-134.719167,605.3328,,,,,,,,,,Retained,,338
2025,611,1,710,37833,ILONA B,8/5/2025 17:00,10,33,710,345701,NSEI,57.416667,-134.718667,57.431333,-134.719167,605.3328,,,,,,,,,,Retained,,339
2025,611,1,710,37833,ILONA B,8/5/2025 17:00,10,33,710,345701,NSEI,57.416667,-134.718667,57.431333,-134.719167,605.3328,,,,,,,,,,Retained,,340
2025,611,1,710,37833,ILONA B,8/5/2025 17:00,10,33,710,345701,NSEI,57.416667,-134.718667,57.431333,-134.719167,605.3328,,,,,,,,,,Retained,,341
2025,611,1,710,37833,ILONA B,8/5/2025 17:00,10,33,710,345701,NSEI,57.416667,-134.718667,57.431333,-134.719167,605.3328,,,,,,,,,,Retained,,342
2025,611,1,710,37833,ILONA B,8/5/2025 17:00,10,33,710,345701,NSEI,57.416667,-134.718667,57.431333,-134.719167,605.3328,,,,,,,,,,Retained,,343
2025,611,1,710,37833,ILONA B,8/5/2025 17:00,10,33,710,345701,NSEI,57.416667,-134.718667,57.431333,-134.719167,605.3328,,,,,,,,,,Retained,,344
2025,611,1,710,37833,ILONA B,8/5/2025 17:00,10,33,710,345701,NSEI,57.416667,-134.718667,57.431333,-134.719167,605.3328,,,,,,,,,,Retained,,345
2025,611,1,710,37833,ILONA B,8/5/2025 17:00,10,33,710,345701,NSEI,57.416667,-134.718667,57.431333,-134.719167,605.3328,,,,,,,,,,Retained,,346
2025,611,1,710,37833,ILONA B,8/5/2025 17:00,10,33,710,345701,NSEI,57.416667,-134.718667,57.431333,-134.719167,605.3328,,,,,,,,,,Retained,,347
2025,611,1,710,37833,ILONA B,8/5/2025 17:00,10,33,710,345701,NSEI,57.416667,-134.718667,57.431333,-134.719167,605.3328,,,,,,,,,,Retained,,348
2025,611,1,710,37833,ILONA B,8/5/2025 17:00,10,33,710,345701,NSEI,57.416667,-134.718667,57.431333,-134.719167,605.3328,,,,,,,,,,Retained,,349
2025,611,1,710,37833,ILONA B,8/5/2025 17:00,10,33,710,345701,NSEI,57.416667,-134.718667,57.431333,-134.719167,605.3328,,,,,,,,,,Retained,,350
2025,611,1,710,37833,ILONA B,8/5/2025 17:00,10,33,710,345701,NSEI,57.416667,-134.718667,57.431333,-134.719167,605.3328,,,,,,,,,,Retained,,351
2025,611,1,710,37833,ILONA B,8/5/2025 17:00,10,33,710,345701,NSEI,57.416667,-134.718667,57.431333,-134.719167,605.3328,,,,,,,,,,Retained,,352
2025,611,1,710,37833,ILONA B,8/5/2025 17:00,10,33,710,345701,NSEI,57.416667,-134.718667,57.431333,-134.719167,605.3328,,,,,,,,,,Retained,,353
2025,611,1,710,37833,ILONA B,8/5/2025 17:00,10,33,710,345701,NSEI,57.416667,-134.718667,57.431333,-134.719167,605.3328,,,,,,,,,,Retained,,354
2025,611,1,710,37833,ILONA B,8/5/2025 17:00,10,33,710,345701,NSEI,57.416667,-134.718667,57.431333,-134.719167,605.3328,,,,,,,,,,Retained,,355
2025,611,1,710,37833,ILONA B,8/5/2025 17:00,10,33,710,345701,NSEI,57.416667,-134.718667,57.431333,-134.719167,605.3328,,,,,,,,,,Retained,,356
2025,611,1,710,37833,ILONA B,8/5/2025 17:00,10,33,710,345701,NSEI,57.416667,-134.718667,57.431333,-134.719167,605.3328,,,,,,,,,,Retained,,357
2025,611,1,710,37833,ILONA B,8/5/2025 17:00,10,33,710,345701,NSEI,57.416667,-134.718667,57.431333,-134.719167,605.3328,,,,,,,,,,Retained,,358
2025,611,1,710,37833,ILONA B,8/5/2025 17:00,10,33,710,345701,NSEI,57.416667,-134.718667,57.431333,-134.719167,605.3328,,,,,,,,,,Retained,,359
2025,611,1,710,37833,ILONA B,8/5/2025 17:00,10,33,710,345701,NSEI,57.416667,-134.718667,57.431333,-134.719167,605.3328,,,,,,,,,,Retained,,360
2025,611,1,710,37833,ILONA B,8/5/2025 17:00,10,33,710,345701,NSEI,57.416667,-134.718667,57.431333,-134.719167,605.3328,,,,,,,,,,Retained,,361
2025,611,1,710,37833,ILONA B,8/5/2025 17:00,10,33,710,345701,NSEI,57.416667,-134.718667,57.431333,-134.719167,605.3328,,,,,,,,,,Retained,,362
2025,611,1,710,37833,ILONA B,8/5/2025 17:00,10,33,710,345701,NSEI,57.416667,-134.718667,57.431333,-134.719167,605.3328,,,,,,,,,,Retained,,363
2025,611,1,710,37833,ILONA B,8/5/2025 17:00,10,33,710,345701,NSEI,57.416667,-134.718667,57.431333,-134.719167,605.3328,,,,,,,,,,Retained,,364
2025,611,1,710,37833,ILONA B,8/5/2025 17:00,10,33,710,345701,NSEI,57.416667,-134.718667,57.431333,-134.719167,605.3328,,,,,,,,,,Retained,,365
2025,611,1,710,37833,ILONA B,8/5/2025 17:00,10,33,710,345701,NSEI,57.416667,-134.718667,57.431333,-134.719167,605.3328,,,,,,,,,,Retained,,366
2025,611,1,710,37833,ILONA B,8/5/2025 17:00,10,33,710,345701,NSEI,57.416667,-134.718667,57.431333,-134.719167,605.3328,,,,,,,,,,Retained,,367
2025,611,1,710,37833,ILONA B,8/5/2025 17:00,10,33,710,345701,NSEI,57.416667,-134.718667,57.431333,-134.719167,605.3328,,,,,,,,,,Retained,,368
2025,611,1,710,37833,ILONA B,8/5/2025 17:00,10,33,710,345701,NSEI,57.416667,-134.718667,57.431333,-134.719167,605.3328,,,,,,,,,,Retained,,369
2025,611,1,710,37833,ILONA B,8/5/2025 17:00,10,33,710,345701,NSEI,57.416667,-134.718667,57.431333,-134.719167,605.3328,,,,,,,,,,Retained,,370
2025,611,1,710,37833,ILONA B,8/5/2025 17:00,10,33,710,345701,NSEI,57.416667,-134.718667,57.431333,-134.719167,605.3328,,,,,,,,,,Retained,,371
2025,611,1,710,37833,ILONA B,8/5/2025 17:00,10,33,710,345701,NSEI,57.416667,-134.718667,57.431333,-134.719167,605.3328,,,,,,,,,,Retained,,372
2025,611,1,710,37833,ILONA B,8/5/2025 17:00,10,33,710,345701,NSEI,57.416667,-134.718667,57.431333,-134.719167,605.3328,,,,,,,,,,Retained,,373
2025,611,1,710,37833,ILONA B,8/5/2025 17:00,10,33,710,345701,NSEI,57.416667,-134.718667,57.431333,-134.719167,605.3328,,,,,,,,,,Retained,,374
2025,611,1,710,37833,ILONA B,8/5/2025 17:00,10,33,710,345701,NSEI,57.416667,-134.718667,57.431333,-134.719167,605.3328,,,,,,,,,,Retained,,375
2025,611,1,710,37833,ILONA B,8/5/2025 17:00,10,33,710,345701,NSEI,57.416667,-134.718667,57.431333,-134.719167,605.3328,,,,,,,,,,Retained,,376
2025,611,1,710,37833,ILONA B,8/5/2025 17:00,10,33,710,345701,NSEI,57.416667,-134.718667,57.431333,-134.719167,605.3328,,,,,,,,,,Retained,,377
2025,611,1,710,37833,ILONA B,8/5/2025 17:00,10,33,710,345701,NSEI,57.416667,-134.718667,57.431333,-134.719167,605.3328,,,,,,,,,,Retained,,378
2025,611,1,710,37833,ILONA B,8/5/2025 17:00,10,33,710,345701,NSEI,57.416667,-134.718667,57.431333,-134.719167,605.3328,,,,,,,,,,Retained,,379
2025,611,1,710,37833,ILONA B,8/5/2025 17:00,10,33,710,345701,NSEI,57.416667,-134.718667,57.431333,-134.719167,605.3328,,,,,,,,,,Retained,,380
2025,611,1,710,37833,ILONA B,8/5/2025 17:00,10,33,710,345701,NSEI,57.416667,-134.718667,57.431333,-134.719167,605.3328,,,,,,,,,,Retained,,381
2025,611,1,710,37833,ILONA B,8/5/2025 17:00,10,33,710,345701,NSEI,57.416667,-134.718667,57.431333,-134.719167,605.3328,,,,,,,,,,Retained,,382
2025,611,1,710,37833,ILONA B,8/5/2025 17:00,10,33,710,345701,NSEI,57.416667,-134.718667,57.431333,-134.719167,605.3328,,,,,,,,,,Retained,,383
2025,611,1,710,37833,ILONA B,8/5/2025 17:00,10,33,710,345701,NSEI,57.416667,-134.718667,57.431333,-134.719167,605.3328,,,,,,,,,,Retained,,384
2025,611,1,710,37833,ILONA B,8/5/2025 17:00,10,33,710,345701,NSEI,57.416667,-134.718667,57.431333,-134.719167,605.3328,,,,,,,,,,Retained,,385
2025,611,1,710,37833,ILONA B,8/5/2025 17:00,10,33,710,345701,NSEI,57.416667,-134.718667,57.431333,-134.719167,605.3328,,,,,,,,,,Retained,,386
2025,611,1,710,37833,ILONA B,8/5/2025 17:00,10,33,710,345701,NSEI,57.416667,-134.718667,57.431333,-134.719167,605.3328,,,,,,,,,,Retained,,387
2025,611,1,710,37833,ILONA B,8/5/2025 17:00,10,33,710,345701,NSEI,57.416667,-134.718667,57.431333,-134.719167,605.3328,,,,,,,,,,Retained,,388
2025,611,1,710,37833,ILONA B,8/5/2025 17:00,10,33,710,345701,NSEI,57.416667,-134.718667,57.431333,-134.719167,605.3328,,,,,,,,,,Retained,,389
2025,611,1,710,37833,ILONA B,8/5/2025 17:00,10,33,710,345701,NSEI,57.416667,-134.718667,57.431333,-134.719167,605.3328,,,,,,,,,,Retained,,390
2025,611,1,710,37833,ILONA B,8/5/2025 17:00,10,33,710,345701,NSEI,57.416667,-134.718667,57.431333,-134.719167,605.3328,,,,,,,,,,Retained,,391
2025,611,1,710,37833,ILONA B,8/5/2025 17:00,10,33,710,345701,NSEI,57.416667,-134.718667,57.431333,-134.719167,605.3328,,,,,,,,,,Retained,,392
2025,611,1,710,37833,ILONA B,8/5/2025 17:00,10,33,710,345701,NSEI,57.416667,-134.718667,57.431333,-134.719167,605.3328,,,,,,,,,,Retained,,393
2025,611,1,710,37833,ILONA B,8/5/2025 17:00,10,33,710,345701,NSEI,57.416667,-134.718667,57.431333,-134.719167,605.3328,,,,,,,,,,Retained,,394
2025,611,1,710,37833,ILONA B,8/5/2025 17:00,10,33,710,345701,NSEI,57.416667,-134.718667,57.431333,-134.719167,605.3328,,,,,,,,,,Retained,,395
2025,611,1,710,37833,ILONA B,8/5/2025 17:00,10,33,710,345701,NSEI,57.416667,-134.718667,57.431333,-134.719167,605.3328,,,,,,,,,,Retained,,396
2025,611,1,710,37833,ILONA B,8/5/2025 17:00,10,33,710,345701,NSEI,57.416667,-134.718667,57.431333,-134.719167,605.3328,,,,,,,,,,Retained,,397
2025,611,1,710,37833,ILONA B,8/5/2025 17:00,10,33,710,345701,NSEI,57.416667,-134.718667,57.431333,-134.719167,605.3328,,,,,,,,,,Retained,,398
2025,611,1,710,37833,ILONA B,8/5/2025 17:00,10,33,710,345701,NSEI,57.416667,-134.718667,57.431333,-134.719167,605.3328,,,,,,,,,,Retained,,399
2025,611,1,710,37833,ILONA B,8/5/2025 17:00,10,33,710,345701,NSEI,57.416667,-134.718667,57.431333,-134.719167,605.3328,,,,,,,,,,Retained,,400
2025,611,1,710,37833,ILONA B,8/5/2025 17:00,10,33,710,345701,NSEI,57.416667,-134.718667,57.431333,-134.719167,605.3328,,,,,,,,,,Retained,,401
2025,611,1,710,37833,ILONA B,8/5/2025 17:00,10,33,710,345701,NSEI,57.416667,-134.718667,57.431333,-134.719167,605.3328,,,,,,,,,,Retained,,402
2025,611,1,710,37833,ILONA B,8/5/2025 17:00,10,33,710,345701,NSEI,57.416667,-134.718667,57.431333,-134.719167,605.3328,,,,,,,,,,Retained,,403
2025,611,1,710,37833,ILONA B,8/5/2025 17:00,10,33,710,345701,NSEI,57.416667,-134.718667,57.431333,-134.719167,605.3328,,,,,,,,,,Retained,,404
2025,611,1,710,37833,ILONA B,8/5/2025 17:00,10,33,710,345701,NSEI,57.416667,-134.718667,57.431333,-134.719167,605.3328,,,,,,,,,,Retained,,405
2025,611,1,710,37833,ILONA B,8/5/2025 17:00,10,33,710,345701,NSEI,57.416667,-134.718667,57.431333,-134.719167,605.3328,,,,,,,,,,Retained,,406
2025,611,1,710,37833,ILONA B,8/5/2025 17:00,10,33,710,345701,NSEI,57.416667,-134.718667,57.431333,-134.719167,605.3328,,,,,,,,,,Retained,,407
2025,611,1,710,37833,ILONA B,8/5/2025 17:00,10,33,710,345701,NSEI,57.416667,-134.718667,57.431333,-134.719167,605.3328,,,,,,,,,,Retained,,408
2025,611,1,710,37833,ILONA B,8/5/2025 17:00,10,33,710,345701,NSEI,57.416667,-134.718667,57.431333,-134.719167,605.3328,,,,,,,,,,Retained,,409
2025,611,1,710,37833,ILONA B,8/5/2025 17:00,10,33,710,345701,NSEI,57.416667,-134.718667,57.431333,-134.719167,605.3328,,,,,,,,,,Retained,,410
2025,611,1,710,37833,ILONA B,8/5/2025 17:00,10,33,710,345701,NSEI,57.416667,-134.718667,57.431333,-134.719167,605.3328,,,,,,,,,,Retained,,411
2025,611,1,710,37833,ILONA B,8/5/2025 17:00,10,33,710,345701,NSEI,57.416667,-134.718667,57.431333,-134.719167,605.3328,,,,,,,,,,Retained,,412
2025,611,1,710,37833,ILONA B,8/5/2025 17:00,10,33,710,345701,NSEI,57.416667,-134.718667,57.431333,-134.719167,605.3328,,,,,,,,,,Retained,,413
2025,611,1,710,37833,ILONA B,8/5/2025 17:00,10,33,710,345701,NSEI,57.416667,-134.718667,57.431333,-134.719167,605.3328,,,,,,,,,,Retained,,414
2025,611,1,710,37833,ILONA B,8/5/2025 17:00,10,33,710,345701,NSEI,57.416667,-134.718667,57.431333,-134.719167,605.3328,,,,,,,,,,Retained,,415
2025,611,1,710,37833,ILONA B,8/5/2025 17:00,10,33,710,345701,NSEI,57.416667,-134.718667,57.431333,-134.719167,605.3328,,,,,,,,,,Retained,,416
2025,611,1,710,37833,ILONA B,8/5/2025 17:00,10,33,710,345701,NSEI,57.416667,-134.718667,57.431333,-134.719167,605.3328,,,,,,,,,,Retained,,417
2025,611,1,710,37833,ILONA B,8/5/2025 17:00,10,33,710,345701,NSEI,57.416667,-134.718667,57.431333,-134.719167,605.3328,,,,,,,,,,Retained,,418
2025,611,1,710,37833,ILONA B,8/5/2025 17:00,10,33,710,345701,NSEI,57.416667,-134.718667,57.431333,-134.719167,605.3328,,,,,,,,,,Retained,,419
2025,611,1,710,37833,ILONA B,8/5/2025 17:00,10,33,710,345701,NSEI,57.416667,-134.718667,57.431333,-134.719167,605.3328,,,,,,,,,,Retained,,420
2025,611,1,710,37833,ILONA B,8/5/2025 17:00,10,33,710,345701,NSEI,57.416667,-134.718667,57.431333,-134.719167,605.3328,,,,,,,,,,Retained,,421
2025,611,1,710,37833,ILONA B,8/5/2025 17:00,10,33,710,345701,NSEI,57.416667,-134.718667,57.431333,-134.719167,605.3328,,,,,,,,,,Retained,,422
2025,611,1,710,37833,ILONA B,8/5/2025 17:00,10,33,710,345701,NSEI,57.416667,-134.718667,57.431333,-134.719167,605.3328,,,,,,,,,,Retained,,423
2025,611,1,710,37833,ILONA B,8/5/2025 17:00,10,33,710,345701,NSEI,57.416667,-134.718667,57.431333,-134.719167,605.3328,,,,,,,,,,Retained,,424
2025,611,1,710,37833,ILONA B,8/5/2025 17:00,10,33,710,345701,NSEI,57.416667,-134.718667,57.431333,-134.719167,605.3328,,,,,,,,,,Retained,,425
2025,611,1,710,37833,ILONA B,8/5/2025 17:00,10,33,710,345701,NSEI,57.416667,-134.718667,57.431333,-134.719167,605.3328,,,,,,,,,,Retained,,426
2025,611,1,710,37833,ILONA B,8/5/2025 17:00,10,33,710,345701,NSEI,57.416667,-134.718667,57.431333,-134.719167,605.3328,,,,,,,,,,Retained,,427
2025,611,1,710,37833,ILONA B,8/5/2025 17:00,10,33,710,345701,NSEI,57.416667,-134.718667,57.431333,-134.719167,605.3328,,,,,,,,,,Retained,,428
2025,611,1,710,37833,ILONA B,8/5/2025 17:00,10,33,710,345701,NSEI,57.416667,-134.718667,57.431333,-134.719167,605.3328,,,,,,,,,,Retained,,429
2025,611,1,710,37833,ILONA B,8/5/2025 17:00,10,33,710,345701,NSEI,57.416667,-134.718667,57.431333,-134.719167,605.3328,,,,,,,,,,Retained,,430
2025,611,1,710,37833,ILONA B,8/5/2025 17:00,10,33,710,345701,NSEI,57.416667,-134.718667,57.431333,-134.719167,605.3328,,,,,,,,,,Retained,,431
2025,611,1,710,37833,ILONA B,8/5/2025 17:00,10,33,710,345701,NSEI,57.416667,-134.718667,57.431333,-134.719167,605.3328,,,,,,,,,,Retained,,432
2025,611,1,710,37833,ILONA B,8/5/2025 17:00,10,33,710,345701,NSEI,57.416667,-134.718667,57.431333,-134.719167,605.3328,,,,,,,,,,Retained,,433
2025,611,1,710,37833,ILONA B,8/5/2025 17:00,10,33,710,345701,NSEI,57.416667,-134.718667,57.431333,-134.719167,605.3328,,,,,,,,,,Retained,,434
2025,611,1,710,37833,ILONA B,8/5/2025 17:00,10,33,710,345701,NSEI,57.416667,-134.718667,57.431333,-134.719167,605.3328,,,,,,,,,,Retained,,435
2025,611,1,710,37833,ILONA B,8/5/2025 17:00,10,33,710,345701,NSEI,57.416667,-134.718667,57.431333,-134.719167,605.3328,,,,,,,,,,Retained,,436
2025,611,1,710,37833,ILONA B,8/5/2025 17:00,10,33,710,345701,NSEI,57.416667,-134.718667,57.431333,-134.719167,605.3328,,,,,,,,,,Retained,,437
2025,611,1,710,37833,ILONA B,8/5/2025 17:00,10,33,710,345701,NSEI,57.416667,-134.718667,57.431333,-134.719167,605.3328,,,,,,,,,,Retained,,438
2025,611,1,710,37833,ILONA B,8/5/2025 17:00,10,33,710,345701,NSEI,57.416667,-134.718667,57.431333,-134.719167,605.3328,,,,,,,,,,Retained,,439
2025,611,1,710,37833,ILONA B,8/5/2025 17:00,10,33,710,345701,NSEI,57.416667,-134.718667,57.431333,-134.719167,605.3328,,,,,,,,,,Retained,,440
2025,611,1,710,37833,ILONA B,8/5/2025 17:00,10,33,710,345701,NSEI,57.416667,-134.718667,57.431333,-134.719167,605.3328,,,,,,,,,,Retained,,441
2025,611,1,710,37833,ILONA B,8/5/2025 17:00,10,33,710,345701,NSEI,57.416667,-134.718667,57.431333,-134.719167,605.3328,,,,,,,,,,Retained,,442
2025,611,1,710,37833,ILONA B,8/5/2025 17:00,10,33,710,345701,NSEI,57.416667,-134.718667,57.431333,-134.719167,605.3328,,,,,,,,,,Retained,,443
2025,611,1,710,37833,ILONA B,8/5/2025 17:00,10,33,710,345701,NSEI,57.416667,-134.718667,57.431333,-134.719167,605.3328,,,,,,,,,,Retained,,444
2025,611,1,710,37833,ILONA B,8/5/2025 17:00,10,33,710,345701,NSEI,57.416667,-134.718667,57.431333,-134.719167,605.3328,,,,,,,,,,Retained,,445
2025,611,1,710,37833,ILONA B,8/5/2025 17:00,10,33,710,345701,NSEI,57.416667,-134.718667,57.431333,-134.719167,605.3328,,,,,,,,,,Retained,,446
2025,611,1,710,37833,ILONA B,8/5/2025 17:00,10,33,710,345701,NSEI,57.416667,-134.718667,57.431333,-134.719167,605.3328,,,,,,,,,,Retained,,447
2025,611,1,710,37833,ILONA B,8/5/2025 17:00,10,33,710,345701,NSEI,57.416667,-134.718667,57.431333,-134.719167,605.3328,,,,,,,,,,Retained,,448
2025,611,1,710,37833,ILONA B,8/5/2025 17:00,10,33,710,345701,NSEI,57.416667,-134.718667,57.431333,-134.719167,605.3328,,,,,,,,,,Retained,,449
2025,611,1,710,37833,ILONA B,8/5/2025 17:00,10,33,710,345701,NSEI,57.416667,-134.718667,57.431333,-134.719167,605.3328,,,,,,,,,,Retained,,450
2025,611,1,710,37833,ILONA B,8/5/2025 17:00,10,33,710,345701,NSEI,57.416667,-134.718667,57.431333,-134.719167,605.3328,,,,,,,,,,Retained,,451
2025,611,1,710,37833,ILONA B,8/5/2025 17:00,10,33,710,345701,NSEI,57.416667,-134.718667,57.431333,-134.719167,605.3328,,,,,,,,,,Retained,,452
2025,611,1,710,37833,ILONA B,8/5/2025 17:00,10,33,710,345701,NSEI,57.416667,-134.718667,57.431333,-134.719167,605.3328,,,,,,,,,,Retained,,453
2025,611,1,710,37833,ILONA B,8/5/2025 17:00,10,33,710,345701,NSEI,57.416667,-134.718667,57.431333,-134.719167,605.3328,,,,,,,,,,Retained,,454
2025,611,1,710,37833,ILONA B,8/5/2025 17:00,10,33,710,345701,NSEI,57.416667,-134.718667,57.431333,-134.719167,605.3328,,,,,,,,,,Retained,,455
2025,611,1,710,37833,ILONA B,8/5/2025 17:00,10,33,710,345701,NSEI,57.416667,-134.718667,57.431333,-134.719167,605.3328,,,,,,,,,,Retained,,456
2025,611,1,710,37833,ILONA B,8/5/2025 17:00,10,33,710,345701,NSEI,57.416667,-134.718667,57.431333,-134.719167,605.3328,,,,,,,,,,Retained,,457
2025,611,1,710,37833,ILONA B,8/5/2025 17:00,10,33,710,345701,NSEI,57.416667,-134.718667,57.431333,-134.719167,605.3328,,,,,,,,,,Retained,,458
2025,611,1,710,37833,ILONA B,8/5/2025 17:00,10,33,710,345701,NSEI,57.416667,-134.718667,57.431333,-134.719167,605.3328,,,,,,,,,,Retained,,459
2025,611,1,710,37833,ILONA B,8/5/2025 17:00,10,33,710,345701,NSEI,57.416667,-134.718667,57.431333,-134.719167,605.3328,,,,,,,,,,Retained,,460
2025,611,1,710,37833,ILONA B,8/5/2025 17:00,10,33,710,345701,NSEI,57.416667,-134.718667,57.431333,-134.719167,605.3328,,,,,,,,,,Retained,,461
2025,611,1,710,37833,ILONA B,8/5/2025 17:00,10,33,710,345701,NSEI,57.416667,-134.718667,57.431333,-134.719167,605.3328,,,,,,,,,,Retained,,462
2025,611,1,710,37833,ILONA B,8/5/2025 17:00,10,33,710,345701,NSEI,57.416667,-134.718667,57.431333,-134.719167,605.3328,,,,,,,,,,Retained,,463
2025,611,1,710,37833,ILONA B,8/5/2025 17:00,10,33,710,345701,NSEI,57.416667,-134.718667,57.431333,-134.719167,605.3328,,,,,,,,,,Retained,,464
2025,611,1,710,37833,ILONA B,8/5/2025 17:00,10,33,710,345701,NSEI,57.416667,-134.718667,57.431333,-134.719167,605.3328,,,,,,,,,,Retained,,465
2025,611,1,710,37833,ILONA B,8/5/2025 17:00,10,33,710,345701,NSEI,57.416667,-134.718667,57.431333,-134.719167,605.3328,,,,,,,,,,Retained,,466
2025,611,1,710,37833,ILONA B,8/5/2025 17:00,10,33,710,345701,NSEI,57.416667,-134.718667,57.431333,-134.719167,605.3328,,,,,,,,,,Retained,,467
2025,611,1,710,37833,ILONA B,8/5/2025 17:00,10,33,710,345701,NSEI,57.416667,-134.718667,57.431333,-134.719167,605.3328,,,,,,,,,,Retained,,468
2025,611,1,710,37833,ILONA B,8/5/2025 17:00,10,33,710,345701,NSEI,57.416667,-134.718667,57.431333,-134.719167,605.3328,,,,,,,,,,Retained,,469
2025,611,1,710,37833,ILONA B,8/5/2025 17:00,10,33,710,345701,NSEI,57.416667,-134.718667,57.431333,-134.719167,605.3328,,,,,,,,,,Retained,,470
2025,611,1,710,37833,ILONA B,8/5/2025 17:00,10,33,710,345701,NSEI,57.416667,-134.718667,57.431333,-134.719167,605.3328,,,,,,,,,,Retained,,471
2025,611,1,710,37833,ILONA B,8/5/2025 17:00,10,33,710,345701,NSEI,57.416667,-134.718667,57.431333,-134.719167,605.3328,,,,,,,,,,Retained,,472
2025,611,1,710,37833,ILONA B,8/5/2025 17:00,10,33,710,345701,NSEI,57.416667,-134.718667,57.431333,-134.719167,605.3328,,,,,,,,,,Retained,,473
2025,611,1,710,37833,ILONA B,8/5/2025 17:00,10,33,710,345701,NSEI,57.416667,-134.718667,57.431333,-134.719167,605.3328,,,,,,,,,,Retained,,474
2025,611,1,710,37833,ILONA B,8/5/2025 17:00,10,33,710,345701,NSEI,57.416667,-134.718667,57.431333,-134.719167,605.3328,,,,,,,,,,Retained,,475
2025,611,1,710,37833,ILONA B,8/5/2025 17:00,10,33,710,345701,NSEI,57.416667,-134.718667,57.431333,-134.719167,605.3328,,,,,,,,,,Retained,,476
2025,611,1,710,37833,ILONA B,8/5/2025 17:00,10,33,710,345701,NSEI,57.416667,-134.718667,57.431333,-134.719167,605.3328,,,,,,,,,,Retained,,477
2025,611,1,710,37833,ILONA B,8/5/2025 17:00,10,33,710,345701,NSEI,57.416667,-134.718667,57.431333,-134.719167,605.3328,,,,,,,,,,Retained,,478
2025,611,1,710,37833,ILONA B,8/5/2025 17:00,10,33,710,345701,NSEI,57.416667,-134.718667,57.431333,-134.719167,605.3328,,,,,,,,,,Retained,,479
2025,611,1,710,37833,ILONA B,8/5/2025 17:00,10,33,710,345701,NSEI,57.416667,-134.718667,57.431333,-134.719167,605.3328,,,,,,,,,,Retained,,480
2025,611,1,710,37833,ILONA B,8/5/2025 17:00,10,33,710,345701,NSEI,57.416667,-134.718667,57.431333,-134.719167,605.3328,,,,,,,,,,Retained,,481
2025,611,1,710,37833,ILONA B,8/5/2025 17:00,10,33,710,345701,NSEI,57.416667,-134.718667,57.431333,-134.719167,605.3328,,,,,,,,,,Retained,,482
2025,611,1,710,37833,ILONA B,8/5/2025 17:00,10,33,710,345701,NSEI,57.416667,-134.718667,57.431333,-134.719167,605.3328,,,,,,,,,,Retained,,483
2025,611,1,710,37833,ILONA B,8/5/2025 17:00,10,33,710,345701,NSEI,57.416667,-134.718667,57.431333,-134.719167,605.3328,,,,,,,,,,Retained,,484
2025,611,1,710,37833,ILONA B,8/5/2025 17:00,10,33,710,345701,NSEI,57.416667,-134.718667,57.431333,-134.719167,605.3328,,,,,,,,,,Retained,,485
2025,611,1,710,37833,ILONA B,8/5/2025 17:00,10,33,710,345701,NSEI,57.416667,-134.718667,57.431333,-134.719167,605.3328,,,,,,,,,,Retained,,486
2025,611,1,710,37833,ILONA B,8/5/2025 17:00,10,33,710,345701,NSEI,57.416667,-134.718667,57.431333,-134.719167,605.3328,,,,,,,,,,Retained,,487
2025,611,1,710,37833,ILONA B,8/5/2025 17:00,10,33,710,345701,NSEI,57.416667,-134.718667,57.431333,-134.719167,605.3328,,,,,,,,,,Retained,,488
2025,611,1,710,37833,ILONA B,8/5/2025 17:00,10,33,710,345701,NSEI,57.416667,-134.718667,57.431333,-134.719167,605.3328,,,,,,,,,,Retained,,489
2025,611,1,710,37833,ILONA B,8/5/2025 17:00,10,33,710,345701,NSEI,57.416667,-134.718667,57.431333,-134.719167,605.3328,,,,,,,,,,Retained,,490
2025,611,1,710,37833,ILONA B,8/5/2025 17:00,10,33,710,345701,NSEI,57.416667,-134.718667,57.431333,-134.719167,605.3328,,,,,,,,,,Retained,,491
2025,611,1,710,37833,ILONA B,8/5/2025 17:00,10,33,710,345701,NSEI,57.416667,-134.718667,57.431333,-134.719167,605.3328,,,,,,,,,,Retained,,492
2025,611,1,710,37833,ILONA B,8/5/2025 17:00,10,33,710,345701,NSEI,57.416667,-134.718667,57.431333,-134.719167,605.3328,,,,,,,,,,Retained,,493
2025,611,1,710,37833,ILONA B,8/5/2025 17:00,10,33,710,345701,NSEI,57.416667,-134.718667,57.431333,-134.719167,605.3328,,,,,,,,,,Retained,,494
2025,611,1,710,37833,ILONA B,8/5/2025 17:00,10,33,710,345701,NSEI,57.416667,-134.718667,57.431333,-134.719167,605.3328,,,,,,,,,,Retained,,495
2025,611,1,710,37833,ILONA B,8/5/2025 17:00,10,33,710,345701,NSEI,57.416667,-134.718667,57.431333,-134.719167,605.3328,,,,,,,,,,Retained,,496
2025,611,1,710,37833,ILONA B,8/5/2025 17:00,10,33,710,345701,NSEI,57.416667,-134.718667,57.431333,-134.719167,605.3328,,,,,,,,,,Retained,,497
2025,611,1,710,37833,ILONA B,8/5/2025 17:00,10,33,710,345701,NSEI,57.416667,-134.718667,57.431333,-134.719167,605.3328,,,,,,,,,,Retained,,498
2025,611,1,710,37833,ILONA B,8/5/2025 17:00,10,33,710,345701,NSEI,57.416667,-134.718667,57.431333,-134.719167,605.3328,,,,,,,,,,Retained,,499
2025,611,1,710,37833,ILONA B,8/5/2025 17:00,10,33,710,345701,NSEI,57.416667,-134.718667,57.431333,-134.719167,605.3328,,,,,,,,,,Retained,,500
2025,611,1,710,37833,ILONA B,8/5/2025 17:00,10,33,710,345701,NSEI,57.416667,-134.718667,57.431333,-134.719167,605.3328,,,,,,,,,,Retained,,501
2025,611,1,710,37833,ILONA B,8/5/2025 17:00,10,33,710,345701,NSEI,57.416667,-134.718667,57.431333,-134.719167,605.3328,,,,,,,,,,Retained,,502
2025,611,1,710,37833,ILONA B,8/5/2025 17:00,10,33,710,345701,NSEI,57.416667,-134.718667,57.431333,-134.719167,605.3328,,,,,,,,,,Retained,,503
2025,611,1,710,37833,ILONA B,8/5/2025 17:00,10,33,710,345701,NSEI,57.416667,-134.718667,57.431333,-134.719167,605.3328,,,,,,,,,,Retained,,504
2025,611,1,710,37833,ILONA B,8/5/2025 17:00,10,33,710,345701,NSEI,57.416667,-134.718667,57.431333,-134.719167,605.3328,,,,,,,,,,Retained,,505
2025,611,1,710,37833,ILONA B,8/5/2025 17:00,10,33,710,345701,NSEI,57.416667,-134.718667,57.431333,-134.719167,605.3328,,,,,,,,,,Retained,,506
2025,611,1,710,37833,ILONA B,8/5/2025 17:00,10,33,710,345701,NSEI,57.416667,-134.718667,57.431333,-134.719167,605.3328,,,,,,,,,,Retained,,507
2025,611,1,710,37833,ILONA B,8/5/2025 17:00,10,33,710,345701,NSEI,57.416667,-134.718667,57.431333,-134.719167,605.3328,,,,,,,,,,Retained,,508
2025,611,1,710,37833,ILONA B,8/5/2025 17:00,10,33,710,345701,NSEI,57.416667,-134.718667,57.431333,-134.719167,605.3328,,,,,,,,,,Retained,,509
2025,611,1,710,37833,ILONA B,8/5/2025 17:00,10,33,710,345701,NSEI,57.416667,-134.718667,57.431333,-134.719167,605.3328,,,,,,,,,,Retained,,510
2025,611,1,710,37833,ILONA B,8/5/2025 17:00,10,33,710,345701,NSEI,57.416667,-134.718667,57.431333,-134.719167,605.3328,,,,,,,,,,Retained,,511
2025,611,1,710,37833,ILONA B,8/5/2025 17:00,10,33,710,345701,NSEI,57.416667,-134.718667,57.431333,-134.719167,605.3328,,,,,,,,,,Retained,,512
2025,611,1,710,37833,ILONA B,8/5/2025 17:00,10,33,710,345701,NSEI,57.416667,-134.718667,57.431333,-134.719167,605.3328,,,,,,,,,,Retained,,513
2025,611,1,710,37833,ILONA B,8/5/2025 17:00,10,33,710,345701,NSEI,57.416667,-134.718667,57.431333,-134.719167,605.3328,,,,,,,,,,Retained,,514
2025,611,1,710,37833,ILONA B,8/5/2025 17:00,10,33,710,345701,NSEI,57.416667,-134.718667,57.431333,-134.719167,605.3328,,,,,,,,,,Retained,,515
2025,611,1,710,37833,ILONA B,8/5/2025 17:00,10,33,710,345701,NSEI,57.416667,-134.718667,57.431333,-134.719167,605.3328,,,,,,,,,,Retained,,516
2025,611,1,710,37833,ILONA B,8/5/2025 17:00,10,33,710,345701,NSEI,57.416667,-134.718667,57.431333,-134.719167,605.3328,,,,,,,,,,Retained,,517
2025,611,1,710,37833,ILONA B,8/5/2025 17:00,10,33,710,345701,NSEI,57.416667,-134.718667,57.431333,-134.719167,605.3328,,,,,,,,,,Retained,,518
2025,611,1,710,37833,ILONA B,8/5/2025 17:00,10,33,710,345701,NSEI,57.416667,-134.718667,57.431333,-134.719167,605.3328,,,,,,,,,,Retained,,519
2025,611,1,710,37833,ILONA B,8/5/2025 17:00,10,33,710,345701,NSEI,57.416667,-134.718667,57.431333,-134.719167,605.3328,,,,,,,,,,Retained,,520
2025,611,1,710,37833,ILONA B,8/5/2025 17:00,10,33,710,345701,NSEI,57.416667,-134.718667,57.431333,-134.719167,605.3328,,,,,,,,,,Retained,,521
2025,611,1,710,37833,ILONA B,8/5/2025 17:00,10,33,710,345701,NSEI,57.416667,-134.718667,57.431333,-134.719167,605.3328,,,,,,,,,,Retained,,522
2025,611,1,710,37833,ILONA B,8/5/2025 17:00,10,33,710,345701,NSEI,57.416667,-134.718667,57.431333,-134.719167,605.3328,,,,,,,,,,Retained,,523
2025,611,1,710,37833,ILONA B,8/5/2025 17:00,10,33,710,345701,NSEI,57.416667,-134.718667,57.431333,-134.719167,605.3328,,,,,,,,,,Retained,,524
2025,611,1,710,37833,ILONA B,8/5/2025 17:00,10,33,710,345701,NSEI,57.416667,-134.718667,57.431333,-134.719167,605.3328,,,,,,,,,,Retained,,525
2025,611,1,710,37833,ILONA B,8/5/2025 17:00,10,33,710,345701,NSEI,57.416667,-134.718667,57.431333,-134.719167,605.3328,,,,,,,,,,Retained,,526
2025,611,1,710,37833,ILONA B,8/5/2025 17:00,10,33,710,345701,NSEI,57.416667,-134.718667,57.431333,-134.719167,605.3328,,,,,,,,,,Retained,,527
2025,611,1,710,37833,ILONA B,8/5/2025 17:00,10,33,710,345701,NSEI,57.416667,-134.718667,57.431333,-134.719167,605.3328,,,,,,,,,,Retained,,528
2025,611,1,710,37833,ILONA B,8/5/2025 17:00,10,33,710,345701,NSEI,57.416667,-134.718667,57.431333,-134.719167,605.3328,,,,,,,,,,Retained,,529
2025,611,1,710,37833,ILONA B,8/5/2025 17:00,10,33,710,345701,NSEI,57.416667,-134.718667,57.431333,-134.719167,605.3328,,,,,,,,,,Retained,,530
2025,611,1,710,37833,ILONA B,8/5/2025 17:00,10,33,710,345701,NSEI,57.416667,-134.718667,57.431333,-134.719167,605.3328,,,,,,,,,,Retained,,531
2025,611,1,710,37833,ILONA B,8/5/2025 17:00,10,33,710,345701,NSEI,57.416667,-134.718667,57.431333,-134.719167,605.3328,,,,,,,,,,Retained,,532
2025,611,1,710,37833,ILONA B,8/5/2025 17:00,10,33,710,345701,NSEI,57.416667,-134.718667,57.431333,-134.719167,605.3328,,,,,,,,,,Retained,,533
2025,611,1,710,37833,ILONA B,8/5/2025 17:00,10,33,710,345701,NSEI,57.416667,-134.718667,57.431333,-134.719167,605.3328,,,,,,,,,,Retained,,534
2025,611,1,710,37833,ILONA B,8/5/2025 17:00,10,33,710,345701,NSEI,57.416667,-134.718667,57.431333,-134.719167,605.3328,,,,,,,,,,Retained,,535
