Year,Specimen Number,Project Code,Trip Number,Effort Number,Groundfish Management Area Code,Time Second Anchor Onboard,Groundfish Stat Area,Species Code,Length Millimeters,Tag Number,Tag Batch Number,Discard Status,Release Condition Code,Specimen Comments
2024,1,611,1,1,NSEI,8/9/2024 16:44,345631,710,630,,,Retained,,
2024,1,611,1,2,NSEI,8/9/2024 21:26,345631,710,600,,,Retained,,
2024,1,611,1,3,NSEI,8/10/2024 16:22,345631,710,520,,,Retained,,
2024,1,611,1,4,NSEI,8/10/2024 19:52,345631,710,560,,,Retained,,
2024,1,611,1,5,NSEI,8/11/2024 17:04,345701,710,680,,,Retained,,
2024,1,611,1,6,NSEI,8/11/2024 19:46,345701,710,570,,,Retained,,
2024,1,611,1,7,NSEI,8/12/2024 14:58,345701,710,580,,,Retained,,
2024,1,611,1,8,NSEI,8/12/2024 18:13,345701,710,610,,,Retained,,
2024,1,611,1,9,NSEI,8/13/2024 14:31,345701,710,540,,,Retained,,
2024,1,611,1,10,NSEI,8/13/2024 17:10,345701,710,670,,,Retained,,
2024,2,611,1,1,NSEI,8/9/2024 16:44,345631,710,560,,,Retained,,
2024,2,611,1,2,NSEI,8/9/2024 21:26,345631,710,600,,,Retained,,
2024,2,611,1,3,NSEI,8/10/2024 16:22,345631,710,540,,,Retained,,
2024,2,611,1,4,NSEI,8/10/2024 19:52,345631,710,580,,,Retained,,
2024,2,611,1,5,NSEI,8/11/2024 17:04,345701,710,670,,,Retained,,
2024,2,611,1,6,NSEI,8/11/2024 19:46,345701,710,560,,,Retained,,
2024,2,611,1,7,NSEI,8/12/2024 14:58,345701,710,550,,,Retained,,
2024,2,611,1,8,NSEI,8/12/2024 18:13,345701,710,700,,,Retained,,
2024,2,611,1,9,NSEI,8/13/2024 14:31,345701,710,580,,,Retained,,
2024,2,611,1,10,NSEI,8/13/2024 17:10,345701,710,570,,,Retained,,
2024,3,611,1,1,NSEI,8/9/2024 16:44,345631,710,640,,,Retained,,
2024,3,611,1,2,NSEI,8/9/2024 21:26,345631,710,590,,,Retained,,
2024,3,611,1,3,NSEI,8/10/2024 16:22,345631,710,590,,,Retained,,
2024,3,611,1,4,NSEI,8/10/2024 19:52,345631,710,550,,,Retained,,
2024,3,611,1,5,NSEI,8/11/2024 17:04,345701,710,560,,,Retained,,
2024,3,611,1,6,NSEI,8/11/2024 19:46,345701,710,650,,,Retained,,
2024,3,611,1,7,NSEI,8/12/2024 14:58,345701,710,560,,,Retained,,
2024,3,611,1,8,NSEI,8/12/2024 18:13,345701,710,660,,,Retained,,
2024,3,611,1,9,NSEI,8/13/2024 14:31,345701,710,560,,,Retained,,
2024,3,611,1,10,NSEI,8/13/2024 17:10,345701,710,550,,,Retained,,
2024,4,611,1,1,NSEI,8/9/2024 16:44,345631,710,560,,,Retained,,
2024,4,611,1,2,NSEI,8/9/2024 21:26,345631,710,640,,,Retained,,
2024,4,611,1,3,NSEI,8/10/2024 16:22,345631,710,560,,,Retained,,
2024,4,611,1,4,NSEI,8/10/2024 19:52,345631,710,560,,,Retained,,
2024,4,611,1,5,NSEI,8/11/2024 17:04,345701,710,550,,,Retained,,
2024,4,611,1,6,NSEI,8/11/2024 19:46,345701,710,610,,,Retained,,
2024,4,611,1,7,NSEI,8/12/2024 14:58,345701,710,560,,,Retained,,
2024,4,611,1,8,NSEI,8/12/2024 18:13,345701,710,610,,,Retained,,
2024,4,611,1,9,NSEI,8/13/2024 14:31,345701,710,650,,,Retained,,
2024,4,611,1,10,NSEI,8/13/2024 17:10,345701,710,530,,,Retained,,
2024,5,611,1,1,NSEI,8/9/2024 16:44,345631,710,520,,,Retained,,
2024,5,611,1,2,NSEI,8/9/2024 21:26,345631,710,590,,,Retained,,
2024,5,611,1,3,NSEI,8/10/2024 16:22,345631,710,560,,,Retained,,
2024,5,611,1,4,NSEI,8/10/2024 19:52,345631,710,550,,,Retained,,
2024,5,611,1,5,NSEI,8/11/2024 17:04,345701,710,560,,,Retained,,
2024,5,611,1,6,NSEI,8/11/2024 19:46,345701,710,590,,,Retained,,
2024,5,611,1,7,NSEI,8/12/2024 14:58,345701,710,640,,,Retained,,
2024,5,611,1,8,NSEI,8/12/2024 18:13,345701,710,690,,,Retained,,
2024,5,611,1,9,NSEI,8/13/2024 14:31,345701,710,550,,,Retained,,
2024,5,611,1,10,NSEI,8/13/2024 17:10,345701,710,550,,,Retained,,
2024,6,611,1,1,NSEI,8/9/2024 16:44,345631,710,550,,,Retained,,
2024,6,611,1,2,NSEI,8/9/2024 21:26,345631,710,620,,,Retained,,
2024,6,611,1,3,NSEI,8/10/2024 16:22,345631,710,650,,,Retained,,
2024,6,611,1,4,NSEI,8/10/2024 19:52,345631,710,590,,,Retained,,
2024,6,611,1,5,NSEI,8/11/2024 17:04,345701,710,610,,,Retained,,
2024,6,611,1,6,NSEI,8/11/2024 19:46,345701,710,640,,,Retained,,
2024,6,611,1,7,NSEI,8/12/2024 14:58,345701,710,570,,,Retained,,
2024,6,611,1,8,NSEI,8/12/2024 18:13,345701,710,590,,,Retained,,
2024,6,611,1,9,NSEI,8/13/2024 14:31,345701,710,540,,,Retained,,
2024,6,611,1,10,NSEI,8/13/2024 17:10,345701,710,550,,,Retained,,
2024,7,611,1,1,NSEI,8/9/2024 16:44,345631,710,540,,,Retained,,
2024,7,611,1,2,NSEI,8/9/2024 21:26,345631,710,570,,,Retained,,
2024,7,611,1,3,NSEI,8/10/2024 16:22,345631,710,530,,,Retained,,
2024,7,611,1,4,NSEI,8/10/2024 19:52,345631,710,600,,,Retained,,
2024,7,611,1,5,NSEI,8/11/2024 17:04,345701,710,550,,,Retained,,
2024,7,611,1,6,NSEI,8/11/2024 19:46,345701,710,580,,,Retained,,
2024,7,611,1,7,NSEI,8/12/2024 14:58,345701,710,690,,,Retained,,
2024,7,611,1,8,NSEI,8/12/2024 18:13,345701,710,690,,,Retained,,
2024,7,611,1,9,NSEI,8/13/2024 14:31,345701,710,540,,,Retained,,
2024,7,611,1,10,NSEI,8/13/2024 17:10,345701,710,670,,,Retained,,
2024,8,611,1,1,NSEI,8/9/2024 16:44,345631,710,540,,,Retained,,
2024,8,611,1,2,NSEI,8/9/2024 21:26,345631,710,540,,,Retained,,
2024,8,611,1,3,NSEI,8/10/2024 16:22,345631,710,570,,,Retained,,
2024,8,611,1,4,NSEI,8/10/2024 19:52,345631,710,530,,,Retained,,
2024,8,611,1,5,NSEI,8/11/2024 17:04,345701,710,490,,,Retained,,
2024,8,611,1,6,NSEI,8/11/2024 19:46,345701,710,600,,,Retained,,
2024,8,611,1,7,NSEI,8/12/2024 14:58,345701,710,600,,,Retained,,
2024,8,611,1,8,NSEI,8/12/2024 18:13,345701,710,590,,,Retained,,
2024,8,611,1,9,NSEI,8/13/2024 14:31,345701,710,590,,,Retained,,
2024,8,611,1,10,NSEI,8/13/2024 17:10,345701,710,570,,,Retained,,
2024,9,611,1,1,NSEI,8/9/2024 16:44,345631,710,620,,,Retained,,
2024,9,611,1,2,NSEI,8/9/2024 21:26,345631,710,570,,,Retained,,
2024,9,611,1,3,NSEI,8/10/2024 16:22,345631,710,600,,,Retained,,
2024,9,611,1,4,NSEI,8/10/2024 19:52,345631,710,640,,,Retained,,
2024,9,611,1,5,NSEI,8/11/2024 17:04,345701,710,570,,,Retained,,
2024,9,611,1,6,NSEI,8/11/2024 19:46,345701,710,590,,,Retained,,
2024,9,611,1,7,NSEI,8/12/2024 14:58,345701,710,560,,,Retained,,
2024,9,611,1,8,NSEI,8/12/2024 18:13,345701,710,640,,,Retained,,
2024,9,611,1,9,NSEI,8/13/2024 14:31,345701,710,590,,,Retained,,
2024,9,611,1,10,NSEI,8/13/2024 17:10,345701,710,710,,,Retained,,
2024,10,611,1,1,NSEI,8/9/2024 16:44,345631,710,570,,,Retained,,
2024,10,611,1,2,NSEI,8/9/2024 21:26,345631,710,500,,,Retained,,
2024,10,611,1,3,NSEI,8/10/2024 16:22,345631,710,600,,,Retained,,
2024,10,611,1,4,NSEI,8/10/2024 19:52,345631,710,550,,,Retained,,
2024,10,611,1,5,NSEI,8/11/2024 17:04,345701,710,600,,,Retained,,
2024,10,611,1,6,NSEI,8/11/2024 19:46,345701,710,530,,,Retained,,
2024,10,611,1,7,NSEI,8/12/2024 14:58,345701,710,580,,,Retained,,
2024,10,611,1,8,NSEI,8/12/2024 18:13,345701,710,560,,,Retained,,
2024,10,611,1,9,NSEI,8/13/2024 14:31,345701,710,590,,,Retained,,
2024,10,611,1,10,NSEI,8/13/2024 17:10,345701,710,590,,,Retained,,
2024,11,611,1,1,NSEI,8/9/2024 16:44,345631,710,670,,,Retained,,
2024,11,611,1,2,NSEI,8/9/2024 21:26,345631,710,590,,,Retained,,one oto crystallized
2024,11,611,1,3,NSEI,8/10/2024 16:22,345631,710,550,,,Retained,,
2024,11,611,1,4,NSEI,8/10/2024 19:52,345631,710,680,,,Retained,,
2024,11,611,1,5,NSEI,8/11/2024 17:04,345701,710,520,,,Retained,,
2024,11,611,1,6,NSEI,8/11/2024 19:46,345701,710,600,,,Retained,,
2024,11,611,1,7,NSEI,8/12/2024 14:58,345701,710,610,,,Retained,,
2024,11,611,1,8,NSEI,8/12/2024 18:13,345701,710,680,,,Retained,,
2024,11,611,1,9,NSEI,8/13/2024 14:31,345701,710,580,,,Retained,,
2024,11,611,1,10,NSEI,8/13/2024 17:10,345701,710,580,,,Retained,,
2024,12,611,1,1,NSEI,8/9/2024 16:44,345631,710,570,,,Retained,,
2024,12,611,1,2,NSEI,8/9/2024 21:26,345631,710,550,,,Retained,,
2024,12,611,1,3,NSEI,8/10/2024 16:22,345631,710,560,,,Retained,,
2024,12,611,1,4,NSEI,8/10/2024 19:52,345631,710,590,,,Retained,,
2024,12,611,1,5,NSEI,8/11/2024 17:04,345701,710,550,,,Retained,,
2024,12,611,1,6,NSEI,8/11/2024 19:46,345701,710,590,,,Retained,,
2024,12,611,1,7,NSEI,8/12/2024 14:58,345701,710,550,,,Retained,,
2024,12,611,1,8,NSEI,8/12/2024 18:13,345701,710,650,,,Retained,,
2024,12,611,1,9,NSEI,8/13/2024 14:31,345701,710,550,,,Retained,,
2024,12,611,1,10,NSEI,8/13/2024 17:10,345701,710,580,,,Retained,,
2024,13,611,1,1,NSEI,8/9/2024 16:44,345631,710,570,,,Retained,,
2024,13,611,1,2,NSEI,8/9/2024 21:26,345631,710,640,,,Retained,,
2024,13,611,1,3,NSEI,8/10/2024 16:22,345631,710,520,,,Retained,,
2024,13,611,1,4,NSEI,8/10/2024 19:52,345631,710,580,,,Retained,,
2024,13,611,1,5,NSEI,8/11/2024 17:04,345701,710,530,,,Retained,,
2024,13,611,1,6,NSEI,8/11/2024 19:46,345701,710,540,,,Retained,,
2024,13,611,1,7,NSEI,8/12/2024 14:58,345701,710,520,,,Retained,,
2024,13,611,1,8,NSEI,8/12/2024 18:13,345701,710,570,,,Retained,,
2024,13,611,1,9,NSEI,8/13/2024 14:31,345701,710,660,,,Retained,,
2024,13,611,1,10,NSEI,8/13/2024 17:10,345701,710,620,,,Retained,,
2024,14,611,1,1,NSEI,8/9/2024 16:44,345631,710,560,,,Retained,,
2024,14,611,1,2,NSEI,8/9/2024 21:26,345631,710,590,,,Retained,,
2024,14,611,1,3,NSEI,8/10/2024 16:22,345631,710,720,,,Retained,,
2024,14,611,1,4,NSEI,8/10/2024 19:52,345631,710,680,,,Retained,,
2024,14,611,1,5,NSEI,8/11/2024 17:04,345701,710,560,,,Retained,,
2024,14,611,1,6,NSEI,8/11/2024 19:46,345701,710,500,,,Retained,,
2024,14,611,1,7,NSEI,8/12/2024 14:58,345701,710,580,,,Retained,,
2024,14,611,1,8,NSEI,8/12/2024 18:13,345701,710,630,,,Retained,,
2024,14,611,1,9,NSEI,8/13/2024 14:31,345701,710,570,,,Retained,,
2024,14,611,1,10,NSEI,8/13/2024 17:10,345701,710,600,,,Retained,,
2024,15,611,1,1,NSEI,8/9/2024 16:44,345631,710,650,,,Retained,,
2024,15,611,1,2,NSEI,8/9/2024 21:26,345631,710,590,,,Retained,,
2024,15,611,1,3,NSEI,8/10/2024 16:22,345631,710,600,,,Retained,,
2024,15,611,1,4,NSEI,8/10/2024 19:52,345631,710,620,,,Retained,,
2024,15,611,1,5,NSEI,8/11/2024 17:04,345701,710,640,,,Retained,,
2024,15,611,1,6,NSEI,8/11/2024 19:46,345701,710,590,,,Retained,,
2024,15,611,1,7,NSEI,8/12/2024 14:58,345701,710,520,,,Retained,,
2024,15,611,1,8,NSEI,8/12/2024 18:13,345701,710,600,,,Retained,,
2024,15,611,1,9,NSEI,8/13/2024 14:31,345701,710,620,,,Retained,,
2024,15,611,1,10,NSEI,8/13/2024 17:10,345701,710,650,,,Retained,,
2024,16,611,1,1,NSEI,8/9/2024 16:44,345631,710,610,,,Retained,,
2024,16,611,1,2,NSEI,8/9/2024 21:26,345631,710,670,,,Retained,,
2024,16,611,1,3,NSEI,8/10/2024 16:22,345631,710,670,,,Retained,,
2024,16,611,1,4,NSEI,8/10/2024 19:52,345631,710,630,,,Retained,,
2024,16,611,1,5,NSEI,8/11/2024 17:04,345701,710,590,,,Retained,,
2024,16,611,1,6,NSEI,8/11/2024 19:46,345701,710,540,,,Retained,,
2024,16,611,1,7,NSEI,8/12/2024 14:58,345701,710,540,,,Retained,,
2024,16,611,1,8,NSEI,8/12/2024 18:13,345701,710,680,,,Retained,,
2024,16,611,1,9,NSEI,8/13/2024 14:31,345701,710,600,,,Retained,,
2024,16,611,1,10,NSEI,8/13/2024 17:10,345701,710,540,,,Retained,,
2024,17,611,1,1,NSEI,8/9/2024 16:44,345631,710,600,,,Retained,,
2024,17,611,1,2,NSEI,8/9/2024 21:26,345631,710,580,,,Retained,,
2024,17,611,1,3,NSEI,8/10/2024 16:22,345631,710,580,,,Retained,,
2024,17,611,1,4,NSEI,8/10/2024 19:52,345631,710,570,,,Retained,,
2024,17,611,1,5,NSEI,8/11/2024 17:04,345701,710,700,,,Retained,,
2024,17,611,1,6,NSEI,8/11/2024 19:46,345701,710,540,,,Retained,,
2024,17,611,1,7,NSEI,8/12/2024 14:58,345701,710,560,,,Retained,,
2024,17,611,1,8,NSEI,8/12/2024 18:13,345701,710,680,,,Retained,,
2024,17,611,1,9,NSEI,8/13/2024 14:31,345701,710,550,,,Retained,,
2024,17,611,1,10,NSEI,8/13/2024 17:10,345701,710,590,,,Retained,,
2024,18,611,1,1,NSEI,8/9/2024 16:44,345631,710,600,,,Retained,,
2024,18,611,1,2,NSEI,8/9/2024 21:26,345631,710,610,,,Retained,,
2024,18,611,1,3,NSEI,8/10/2024 16:22,345631,710,540,,,Retained,,
2024,18,611,1,4,NSEI,8/10/2024 19:52,345631,710,570,,,Retained,,
2024,18,611,1,5,NSEI,8/11/2024 17:04,345701,710,570,,,Retained,,
2024,18,611,1,6,NSEI,8/11/2024 19:46,345701,710,600,,,Retained,,
2024,18,611,1,7,NSEI,8/12/2024 14:58,345701,710,530,,,Retained,,
2024,18,611,1,8,NSEI,8/12/2024 18:13,345701,710,630,,,Retained,,
2024,18,611,1,9,NSEI,8/13/2024 14:31,345701,710,570,,,Retained,,
2024,18,611,1,10,NSEI,8/13/2024 17:10,345701,710,530,,,Retained,,
2024,19,611,1,1,NSEI,8/9/2024 16:44,345631,710,600,,,Retained,,
2024,19,611,1,2,NSEI,8/9/2024 21:26,345631,710,540,,,Retained,,
2024,19,611,1,3,NSEI,8/10/2024 16:22,345631,710,680,,,Retained,,
2024,19,611,1,4,NSEI,8/10/2024 19:52,345631,710,630,,,Retained,,
2024,19,611,1,5,NSEI,8/11/2024 17:04,345701,710,560,,,Retained,,
2024,19,611,1,6,NSEI,8/11/2024 19:46,345701,710,480,,,Retained,,
2024,19,611,1,7,NSEI,8/12/2024 14:58,345701,710,570,,,Retained,,
2024,19,611,1,8,NSEI,8/12/2024 18:13,345701,710,630,,,Retained,,
2024,19,611,1,9,NSEI,8/13/2024 14:31,345701,710,630,,,Retained,,
2024,19,611,1,10,NSEI,8/13/2024 17:10,345701,710,550,,,Retained,,
2024,20,611,1,1,NSEI,8/9/2024 16:44,345631,710,570,,,Retained,,
2024,20,611,1,2,NSEI,8/9/2024 21:26,345631,710,500,,,Retained,,
2024,20,611,1,3,NSEI,8/10/2024 16:22,345631,710,570,,,Retained,,
2024,20,611,1,4,NSEI,8/10/2024 19:52,345631,710,560,,,Retained,,
2024,20,611,1,5,NSEI,8/11/2024 17:04,345701,710,620,,,Retained,,
2024,20,611,1,6,NSEI,8/11/2024 19:46,345701,710,520,,,Retained,,
2024,20,611,1,7,NSEI,8/12/2024 14:58,345701,710,580,,,Retained,,
2024,20,611,1,8,NSEI,8/12/2024 18:13,345701,710,340,,,Retained,,
2024,20,611,1,9,NSEI,8/13/2024 14:31,345701,710,580,,,Retained,,
2024,20,611,1,10,NSEI,8/13/2024 17:10,345701,710,550,,,Retained,,
2024,21,611,1,1,NSEI,8/9/2024 16:44,345631,710,540,,,Retained,,
2024,21,611,1,2,NSEI,8/9/2024 21:26,345631,710,610,,,Retained,,
2024,21,611,1,3,NSEI,8/10/2024 16:22,345631,710,530,,,Retained,,
2024,21,611,1,4,NSEI,8/10/2024 19:52,345631,710,640,,,Retained,,
2024,21,611,1,5,NSEI,8/11/2024 17:04,345701,710,540,,,Retained,,
2024,21,611,1,6,NSEI,8/11/2024 19:46,345701,710,590,,,Retained,,
2024,21,611,1,7,NSEI,8/12/2024 14:58,345701,710,570,,,Retained,,
2024,21,611,1,8,NSEI,8/12/2024 18:13,345701,710,670,,,Retained,,
2024,21,611,1,9,NSEI,8/13/2024 14:31,345701,710,610,,,Retained,,
2024,21,611,1,10,NSEI,8/13/2024 17:10,345701,710,560,,,Retained,,
2024,22,611,1,1,NSEI,8/9/2024 16:44,345631,710,500,,,Retained,,
2024,22,611,1,2,NSEI,8/9/2024 21:26,345631,710,640,,,Retained,,
2024,22,611,1,3,NSEI,8/10/2024 16:22,345631,710,520,,,Retained,,
2024,22,611,1,4,NSEI,8/10/2024 19:52,345631,710,570,,,Retained,,
2024,22,611,1,5,NSEI,8/11/2024 17:04,345701,710,630,,,Retained,,
2024,22,611,1,6,NSEI,8/11/2024 19:46,345701,710,640,,,Retained,,
2024,22,611,1,7,NSEI,8/12/2024 14:58,345701,710,460,,,Retained,,
2024,22,611,1,8,NSEI,8/12/2024 18:13,345701,710,560,,,Retained,,
2024,22,611,1,9,NSEI,8/13/2024 14:31,345701,710,560,,,Retained,,
2024,22,611,1,10,NSEI,8/13/2024 17:10,345701,710,560,,,Retained,,
2024,23,611,1,1,NSEI,8/9/2024 16:44,345631,710,600,,,Retained,,
2024,23,611,1,2,NSEI,8/9/2024 21:26,345631,710,710,,,Retained,,
2024,23,611,1,3,NSEI,8/10/2024 16:22,345631,710,560,,,Retained,,
2024,23,611,1,4,NSEI,8/10/2024 19:52,345631,710,560,,,Retained,,
2024,23,611,1,5,NSEI,8/11/2024 17:04,345701,710,580,,,Retained,,
2024,23,611,1,6,NSEI,8/11/2024 19:46,345701,710,640,,,Retained,,
2024,23,611,1,7,NSEI,8/12/2024 14:58,345701,710,500,,,Retained,,
2024,23,611,1,8,NSEI,8/12/2024 18:13,345701,710,550,,,Retained,,
2024,23,611,1,9,NSEI,8/13/2024 14:31,345701,710,620,,,Retained,,
2024,23,611,1,10,NSEI,8/13/2024 17:10,345701,710,600,,,Retained,,
2024,24,611,1,1,NSEI,8/9/2024 16:44,345631,710,700,,,Retained,,
2024,24,611,1,2,NSEI,8/9/2024 21:26,345631,710,570,,,Retained,,
2024,24,611,1,3,NSEI,8/10/2024 16:22,345631,710,710,,,Retained,,
2024,24,611,1,4,NSEI,8/10/2024 19:52,345631,710,600,,,Retained,,
2024,24,611,1,5,NSEI,8/11/2024 17:04,345701,710,600,,,Retained,,
2024,24,611,1,6,NSEI,8/11/2024 19:46,345701,710,590,,,Retained,,
2024,24,611,1,7,NSEI,8/12/2024 14:58,345701,710,570,,,Retained,,
2024,24,611,1,8,NSEI,8/12/2024 18:13,345701,710,850,,,Retained,,
2024,24,611,1,9,NSEI,8/13/2024 14:31,345701,710,570,,,Retained,,
2024,24,611,1,10,NSEI,8/13/2024 17:10,345701,710,580,,,Retained,,
2024,25,611,1,1,NSEI,8/9/2024 16:44,345631,710,530,,,Retained,,
2024,25,611,1,2,NSEI,8/9/2024 21:26,345631,710,720,,,Retained,,
2024,25,611,1,3,NSEI,8/10/2024 16:22,345631,710,650,,,Retained,,
2024,25,611,1,4,NSEI,8/10/2024 19:52,345631,710,580,,,Retained,,
2024,25,611,1,5,NSEI,8/11/2024 17:04,345701,710,480,,,Retained,,
2024,25,611,1,6,NSEI,8/11/2024 19:46,345701,710,620,,,Retained,,
2024,25,611,1,7,NSEI,8/12/2024 14:58,345701,710,560,,,Retained,,
2024,25,611,1,8,NSEI,8/12/2024 18:13,345701,710,770,,,Retained,,
2024,25,611,1,9,NSEI,8/13/2024 14:31,345701,710,560,,,Retained,,
2024,25,611,1,10,NSEI,8/13/2024 17:10,345701,710,580,,,Retained,,
2024,26,611,1,1,NSEI,8/9/2024 16:44,345631,710,530,,,Retained,,
2024,26,611,1,2,NSEI,8/9/2024 21:26,345631,710,560,,,Retained,,
2024,26,611,1,3,NSEI,8/10/2024 16:22,345631,710,560,,,Retained,,
2024,26,611,1,4,NSEI,8/10/2024 19:52,345631,710,590,,,Retained,,
2024,26,611,1,5,NSEI,8/11/2024 17:04,345701,710,580,,,Retained,,
2024,26,611,1,6,NSEI,8/11/2024 19:46,345701,710,650,,,Retained,,
2024,26,611,1,7,NSEI,8/12/2024 14:58,345701,710,550,,,Retained,,
2024,26,611,1,8,NSEI,8/12/2024 18:13,345701,710,650,,,Retained,,
2024,26,611,1,9,NSEI,8/13/2024 14:31,345701,710,640,,,Retained,,
2024,26,611,1,10,NSEI,8/13/2024 17:10,345701,710,620,,,Retained,,
2024,27,611,1,1,NSEI,8/9/2024 16:44,345631,710,620,,,Retained,,
2024,27,611,1,2,NSEI,8/9/2024 21:26,345631,710,520,,,Retained,,
2024,27,611,1,3,NSEI,8/10/2024 16:22,345631,710,570,,,Retained,,
2024,27,611,1,4,NSEI,8/10/2024 19:52,345631,710,570,,,Retained,,
2024,27,611,1,5,NSEI,8/11/2024 17:04,345701,710,590,,,Retained,,
2024,27,611,1,6,NSEI,8/11/2024 19:46,345701,710,610,,,Retained,,
2024,27,611,1,7,NSEI,8/12/2024 14:58,345701,710,530,,,Retained,,
2024,27,611,1,8,NSEI,8/12/2024 18:13,345701,710,690,,,Retained,,
2024,27,611,1,9,NSEI,8/13/2024 14:31,345701,710,600,,,Retained,,
2024,27,611,1,10,NSEI,8/13/2024 17:10,345701,710,750,,,Retained,,
2024,28,611,1,1,NSEI,8/9/2024 16:44,345631,710,590,,,Retained,,
2024,28,611,1,2,NSEI,8/9/2024 21:26,345631,710,600,,,Retained,,
2024,28,611,1,3,NSEI,8/10/2024 16:22,345631,710,520,,,Retained,,
2024,28,611,1,4,NSEI,8/10/2024 19:52,345631,710,550,,,Retained,,
2024,28,611,1,5,NSEI,8/11/2024 17:04,345701,710,520,,,Retained,,
2024,28,611,1,6,NSEI,8/11/2024 19:46,345701,710,590,,,Retained,,
2024,28,611,1,7,NSEI,8/12/2024 14:58,345701,710,540,,,Retained,,
2024,28,611,1,8,NSEI,8/12/2024 18:13,345701,710,480,,,Retained,,
2024,28,611,1,9,NSEI,8/13/2024 14:31,345701,710,550,,,Retained,,
2024,28,611,1,10,NSEI,8/13/2024 17:10,345701,710,560,,,Retained,,
2024,29,611,1,1,NSEI,8/9/2024 16:44,345631,710,570,,,Retained,,
2024,29,611,1,2,NSEI,8/9/2024 21:26,345631,710,560,,,Retained,,
2024,29,611,1,3,NSEI,8/10/2024 16:22,345631,710,680,,,Retained,,
2024,29,611,1,4,NSEI,8/10/2024 19:52,345631,710,490,,,Retained,,
2024,29,611,1,5,NSEI,8/11/2024 17:04,345701,710,530,,,Retained,,
2024,29,611,1,6,NSEI,8/11/2024 19:46,345701,710,640,,,Retained,,
2024,29,611,1,7,NSEI,8/12/2024 14:58,345701,710,490,,,Retained,,
2024,29,611,1,8,NSEI,8/12/2024 18:13,345701,710,500,,,Retained,,
2024,29,611,1,9,NSEI,8/13/2024 14:31,345701,710,620,,,Retained,,
2024,29,611,1,10,NSEI,8/13/2024 17:10,345701,710,560,,,Retained,,
2024,30,611,1,1,NSEI,8/9/2024 16:44,345631,710,590,,,Retained,,
2024,30,611,1,2,NSEI,8/9/2024 21:26,345631,710,560,,,Retained,,
2024,30,611,1,3,NSEI,8/10/2024 16:22,345631,710,620,,,Retained,,
2024,30,611,1,4,NSEI,8/10/2024 19:52,345631,710,630,,,Retained,,
2024,30,611,1,5,NSEI,8/11/2024 17:04,345701,710,590,,,Retained,,
2024,30,611,1,6,NSEI,8/11/2024 19:46,345701,710,570,,,Retained,,
2024,30,611,1,7,NSEI,8/12/2024 14:58,345701,710,620,,,Retained,,
2024,30,611,1,8,NSEI,8/12/2024 18:13,345701,710,640,,,Retained,,
2024,30,611,1,9,NSEI,8/13/2024 14:31,345701,710,630,,,Retained,,
2024,30,611,1,10,NSEI,8/13/2024 17:10,345701,710,660,,,Retained,,
2024,31,611,1,1,NSEI,8/9/2024 16:44,345631,710,570,,,Retained,,
2024,31,611,1,2,NSEI,8/9/2024 21:26,345631,710,570,,,Retained,,
2024,31,611,1,3,NSEI,8/10/2024 16:22,345631,710,590,,,Retained,,
2024,31,611,1,4,NSEI,8/10/2024 19:52,345631,710,660,,,Retained,,
2024,31,611,1,5,NSEI,8/11/2024 17:04,345701,710,600,,,Retained,,
2024,31,611,1,6,NSEI,8/11/2024 19:46,345701,710,530,,,Retained,,
2024,31,611,1,7,NSEI,8/12/2024 14:58,345701,710,610,,,Retained,,
2024,31,611,1,8,NSEI,8/12/2024 18:13,345701,710,610,,,Retained,,
2024,31,611,1,9,NSEI,8/13/2024 14:31,345701,710,650,,,Retained,,
2024,31,611,1,10,NSEI,8/13/2024 17:10,345701,710,610,,,Retained,,
2024,32,611,1,1,NSEI,8/9/2024 16:44,345631,710,560,,,Retained,,
2024,32,611,1,2,NSEI,8/9/2024 21:26,345631,710,560,,,Retained,,
2024,32,611,1,3,NSEI,8/10/2024 16:22,345631,710,610,,,Retained,,
2024,32,611,1,4,NSEI,8/10/2024 19:52,345631,710,540,,,Retained,,
2024,32,611,1,5,NSEI,8/11/2024 17:04,345701,710,680,,,Retained,,
2024,32,611,1,6,NSEI,8/11/2024 19:46,345701,710,490,,,Retained,,
2024,32,611,1,7,NSEI,8/12/2024 14:58,345701,710,610,,,Retained,,
2024,32,611,1,8,NSEI,8/12/2024 18:13,345701,710,600,,,Retained,,
2024,32,611,1,9,NSEI,8/13/2024 14:31,345701,710,560,,,Retained,,
2024,32,611,1,10,NSEI,8/13/2024 17:10,345701,710,620,,,Retained,,
2024,33,611,1,1,NSEI,8/9/2024 16:44,345631,710,570,,,Retained,,
2024,33,611,1,2,NSEI,8/9/2024 21:26,345631,710,620,,,Retained,,
2024,33,611,1,3,NSEI,8/10/2024 16:22,345631,710,570,,,Retained,,
2024,33,611,1,4,NSEI,8/10/2024 19:52,345631,710,540,,,Retained,,
2024,33,611,1,5,NSEI,8/11/2024 17:04,345701,710,650,,,Retained,,
2024,33,611,1,6,NSEI,8/11/2024 19:46,345701,710,530,,,Retained,,
2024,33,611,1,7,NSEI,8/12/2024 14:58,345701,710,560,,,Retained,,
2024,33,611,1,8,NSEI,8/12/2024 18:13,345701,710,630,,,Retained,,
2024,33,611,1,9,NSEI,8/13/2024 14:31,345701,710,590,,,Retained,,
2024,33,611,1,10,NSEI,8/13/2024 17:10,345701,710,670,,,Retained,,
2024,34,611,1,1,NSEI,8/9/2024 16:44,345631,710,550,,,Retained,,
2024,34,611,1,2,NSEI,8/9/2024 21:26,345631,710,570,,,Retained,,
2024,34,611,1,3,NSEI,8/10/2024 16:22,345631,710,540,,,Retained,,
2024,34,611,1,4,NSEI,8/10/2024 19:52,345631,710,610,,,Retained,,
2024,34,611,1,5,NSEI,8/11/2024 17:04,345701,710,600,,,Retained,,
2024,34,611,1,6,NSEI,8/11/2024 19:46,345701,710,590,,,Retained,,
2024,34,611,1,7,NSEI,8/12/2024 14:58,345701,710,620,,,Retained,,
2024,34,611,1,8,NSEI,8/12/2024 18:13,345701,710,540,,,Retained,,
2024,34,611,1,9,NSEI,8/13/2024 14:31,345701,710,660,,,Retained,,
2024,34,611,1,10,NSEI,8/13/2024 17:10,345701,710,570,,,Retained,,
2024,35,611,1,1,NSEI,8/9/2024 16:44,345631,710,690,,,Retained,,
2024,35,611,1,2,NSEI,8/9/2024 21:26,345631,710,720,,,Retained,,
2024,35,611,1,3,NSEI,8/10/2024 16:22,345631,710,530,,,Retained,,
2024,35,611,1,4,NSEI,8/10/2024 19:52,345631,710,710,,,Retained,,
2024,35,611,1,5,NSEI,8/11/2024 17:04,345701,710,610,,,Retained,,
2024,35,611,1,6,NSEI,8/11/2024 19:46,345701,710,570,,,Retained,,
2024,35,611,1,7,NSEI,8/12/2024 14:58,345701,710,640,,,Retained,,
2024,35,611,1,8,NSEI,8/12/2024 18:13,345701,710,680,,,Retained,,
2024,35,611,1,9,NSEI,8/13/2024 14:31,345701,710,540,,,Retained,,
2024,35,611,1,10,NSEI,8/13/2024 17:10,345701,710,480,,,Retained,,
2024,36,611,1,1,NSEI,8/9/2024 16:44,345631,710,600,,,Retained,,
2024,36,611,1,2,NSEI,8/9/2024 21:26,345631,710,740,,,Retained,,
2024,36,611,1,3,NSEI,8/10/2024 16:22,345631,710,650,,,Retained,,
2024,36,611,1,4,NSEI,8/10/2024 19:52,345631,710,600,,,Retained,,
2024,36,611,1,5,NSEI,8/11/2024 17:04,345701,710,520,,,Retained,,
2024,36,611,1,6,NSEI,8/11/2024 19:46,345701,710,550,,,Retained,,
2024,36,611,1,7,NSEI,8/12/2024 14:58,345701,710,580,,,Retained,,
2024,36,611,1,8,NSEI,8/12/2024 18:13,345701,710,600,,,Retained,,
2024,36,611,1,9,NSEI,8/13/2024 14:31,345701,710,570,,,Retained,,
2024,36,611,1,10,NSEI,8/13/2024 17:10,345701,710,610,,,Retained,,
2024,37,611,1,1,NSEI,8/9/2024 16:44,345631,710,580,,,Retained,,
2024,37,611,1,2,NSEI,8/9/2024 21:26,345631,710,540,,,Retained,,
2024,37,611,1,3,NSEI,8/10/2024 16:22,345631,710,560,,,Retained,,
2024,37,611,1,4,NSEI,8/10/2024 19:52,345631,710,530,,,Retained,,
2024,37,611,1,5,NSEI,8/11/2024 17:04,345701,710,520,,,Retained,,
2024,37,611,1,6,NSEI,8/11/2024 19:46,345701,710,640,,,Retained,,
2024,37,611,1,7,NSEI,8/12/2024 14:58,345701,710,540,,,Retained,,
2024,37,611,1,8,NSEI,8/12/2024 18:13,345701,710,680,,,Retained,,
2024,37,611,1,9,NSEI,8/13/2024 14:31,345701,710,580,,,Retained,,
2024,37,611,1,10,NSEI,8/13/2024 17:10,345701,710,540,,,Retained,,
2024,38,611,1,1,NSEI,8/9/2024 16:44,345631,710,530,,,Retained,,
2024,38,611,1,2,NSEI,8/9/2024 21:26,345631,710,520,,,Retained,,
2024,38,611,1,3,NSEI,8/10/2024 16:22,345631,710,550,,,Retained,,
2024,38,611,1,4,NSEI,8/10/2024 19:52,345631,710,630,,,Retained,,
2024,38,611,1,5,NSEI,8/11/2024 17:04,345701,710,580,,,Retained,,
2024,38,611,1,6,NSEI,8/11/2024 19:46,345701,710,650,,,Retained,,
2024,38,611,1,7,NSEI,8/12/2024 14:58,345701,710,540,,,Retained,,
2024,38,611,1,8,NSEI,8/12/2024 18:13,345701,710,680,,,Retained,,
2024,38,611,1,9,NSEI,8/13/2024 14:31,345701,710,530,,,Retained,,
2024,38,611,1,10,NSEI,8/13/2024 17:10,345701,710,680,,,Retained,,
2024,39,611,1,1,NSEI,8/9/2024 16:44,345631,710,710,,,Retained,,
2024,39,611,1,2,NSEI,8/9/2024 21:26,345631,710,580,,,Retained,,
2024,39,611,1,3,NSEI,8/10/2024 16:22,345631,710,560,,,Retained,,
2024,39,611,1,4,NSEI,8/10/2024 19:52,345631,710,650,,,Retained,,
2024,39,611,1,5,NSEI,8/11/2024 17:04,345701,710,600,,,Retained,,
2024,39,611,1,6,NSEI,8/11/2024 19:46,345701,710,550,,,Retained,,
2024,39,611,1,7,NSEI,8/12/2024 14:58,345701,710,630,,,Retained,,
2024,39,611,1,8,NSEI,8/12/2024 18:13,345701,710,610,,,Retained,,
2024,39,611,1,9,NSEI,8/13/2024 14:31,345701,710,570,,,Retained,,
2024,39,611,1,10,NSEI,8/13/2024 17:10,345701,710,600,,,Retained,,
2024,40,611,1,1,NSEI,8/9/2024 16:44,345631,710,480,,,Retained,,
2024,40,611,1,2,NSEI,8/9/2024 21:26,345631,710,620,,,Retained,,
2024,40,611,1,3,NSEI,8/10/2024 16:22,345631,710,540,,,Retained,,
2024,40,611,1,4,NSEI,8/10/2024 19:52,345631,710,610,,,Retained,,
2024,40,611,1,5,NSEI,8/11/2024 17:04,345701,710,590,,,Retained,,
2024,40,611,1,6,NSEI,8/11/2024 19:46,345701,710,530,,,Retained,,
2024,40,611,1,7,NSEI,8/12/2024 14:58,345701,710,550,,,Retained,,
2024,40,611,1,8,NSEI,8/12/2024 18:13,345701,710,600,,,Retained,,
2024,40,611,1,9,NSEI,8/13/2024 14:31,345701,710,550,,,Retained,,
2024,40,611,1,10,NSEI,8/13/2024 17:10,345701,710,600,,,Retained,,
2024,41,611,1,1,NSEI,8/9/2024 16:44,345631,710,550,,,Retained,,
2024,41,611,1,2,NSEI,8/9/2024 21:26,345631,710,600,,,Retained,,
2024,41,611,1,3,NSEI,8/10/2024 16:22,345631,710,520,,,Retained,,
2024,41,611,1,4,NSEI,8/10/2024 19:52,345631,710,540,,,Retained,,
2024,41,611,1,5,NSEI,8/11/2024 17:04,345701,710,650,,,Retained,,
2024,41,611,1,6,NSEI,8/11/2024 19:46,345701,710,580,,,Retained,,
2024,41,611,1,7,NSEI,8/12/2024 14:58,345701,710,670,,,Retained,,
2024,41,611,1,8,NSEI,8/12/2024 18:13,345701,710,530,,,Retained,,
2024,41,611,1,9,NSEI,8/13/2024 14:31,345701,710,630,,,Retained,,
2024,41,611,1,10,NSEI,8/13/2024 17:10,345701,710,630,,,Retained,,
2024,42,611,1,1,NSEI,8/9/2024 16:44,345631,710,630,,,Retained,,
2024,42,611,1,2,NSEI,8/9/2024 21:26,345631,710,580,,,Retained,,
2024,42,611,1,3,NSEI,8/10/2024 16:22,345631,710,550,,,Retained,,
2024,42,611,1,4,NSEI,8/10/2024 19:52,345631,710,580,,,Retained,,
2024,42,611,1,5,NSEI,8/11/2024 17:04,345701,710,640,,,Retained,,
2024,42,611,1,6,NSEI,8/11/2024 19:46,345701,710,640,,,Retained,,
2024,42,611,1,7,NSEI,8/12/2024 14:58,345701,710,590,,,Retained,,
2024,42,611,1,8,NSEI,8/12/2024 18:13,345701,710,580,,,Retained,,
2024,42,611,1,9,NSEI,8/13/2024 14:31,345701,710,520,,,Retained,,
2024,42,611,1,10,NSEI,8/13/2024 17:10,345701,710,610,,,Retained,,
2024,43,611,1,1,NSEI,8/9/2024 16:44,345631,710,720,,,Retained,,
2024,43,611,1,2,NSEI,8/9/2024 21:26,345631,710,700,,,Retained,,
2024,43,611,1,3,NSEI,8/10/2024 16:22,345631,710,600,,,Retained,,
2024,43,611,1,4,NSEI,8/10/2024 19:52,345631,710,710,,,Retained,,
2024,43,611,1,5,NSEI,8/11/2024 17:04,345701,710,550,,,Retained,,
2024,43,611,1,6,NSEI,8/11/2024 19:46,345701,710,560,,,Retained,,
2024,43,611,1,7,NSEI,8/12/2024 14:58,345701,710,570,,,Retained,,
2024,43,611,1,8,NSEI,8/12/2024 18:13,345701,710,650,,,Retained,,
2024,43,611,1,9,NSEI,8/13/2024 14:31,345701,710,550,,,Retained,,
2024,43,611,1,10,NSEI,8/13/2024 17:10,345701,710,600,,,Retained,,
2024,44,611,1,1,NSEI,8/9/2024 16:44,345631,710,590,,,Retained,,
2024,44,611,1,2,NSEI,8/9/2024 21:26,345631,710,620,,,Retained,,
2024,44,611,1,3,NSEI,8/10/2024 16:22,345631,710,670,,,Retained,,
2024,44,611,1,4,NSEI,8/10/2024 19:52,345631,710,550,,,Retained,,
2024,44,611,1,5,NSEI,8/11/2024 17:04,345701,710,580,,,Retained,,
2024,44,611,1,6,NSEI,8/11/2024 19:46,345701,710,530,,,Retained,,
2024,44,611,1,7,NSEI,8/12/2024 14:58,345701,710,550,,,Retained,,
2024,44,611,1,8,NSEI,8/12/2024 18:13,345701,710,600,,,Retained,,
2024,44,611,1,9,NSEI,8/13/2024 14:31,345701,710,600,,,Retained,,
2024,44,611,1,10,NSEI,8/13/2024 17:10,345701,710,550,,,Retained,,
2024,45,611,1,1,NSEI,8/9/2024 16:44,345631,710,520,,,Retained,,
2024,45,611,1,2,NSEI,8/9/2024 21:26,345631,710,660,,,Retained,,
2024,45,611,1,3,NSEI,8/10/2024 16:22,345631,710,540,,,Retained,,
2024,45,611,1,4,NSEI,8/10/2024 19:52,345631,710,540,,,Retained,,
2024,45,611,1,5,NSEI,8/11/2024 17:04,345701,710,720,,,Retained,,
2024,45,611,1,6,NSEI,8/11/2024 19:46,345701,710,640,,,Retained,,
2024,45,611,1,7,NSEI,8/12/2024 14:58,345701,710,640,,,Retained,,
2024,45,611,1,8,NSEI,8/12/2024 18:13,345701,710,610,,,Retained,,
2024,45,611,1,9,NSEI,8/13/2024 14:31,345701,710,620,,,Retained,,
2024,45,611,1,10,NSEI,8/13/2024 17:10,345701,710,520,,,Retained,,
2024,46,611,1,1,NSEI,8/9/2024 16:44,345631,710,600,,,Retained,,
2024,46,611,1,2,NSEI,8/9/2024 21:26,345631,710,630,,,Retained,,
2024,46,611,1,3,NSEI,8/10/2024 16:22,345631,710,710,,,Retained,,
2024,46,611,1,4,NSEI,8/10/2024 19:52,345631,710,630,,,Retained,,
2024,46,611,1,5,NSEI,8/11/2024 17:04,345701,710,540,,,Retained,,
2024,46,611,1,6,NSEI,8/11/2024 19:46,345701,710,580,,,Retained,,
2024,46,611,1,7,NSEI,8/12/2024 14:58,345701,710,530,,,Retained,,
2024,46,611,1,8,NSEI,8/12/2024 18:13,345701,710,580,,,Retained,,
2024,46,611,1,9,NSEI,8/13/2024 14:31,345701,710,580,,,Retained,,
2024,46,611,1,10,NSEI,8/13/2024 17:10,345701,710,630,,,Retained,,
2024,47,611,1,1,NSEI,8/9/2024 16:44,345631,710,660,,,Retained,,
2024,47,611,1,2,NSEI,8/9/2024 21:26,345631,710,620,,,Retained,,
2024,47,611,1,3,NSEI,8/10/2024 16:22,345631,710,560,,,Retained,,
2024,47,611,1,4,NSEI,8/10/2024 19:52,345631,710,740,,,Retained,,
2024,47,611,1,5,NSEI,8/11/2024 17:04,345701,710,670,,,Retained,,
2024,47,611,1,6,NSEI,8/11/2024 19:46,345701,710,600,,,Retained,,
2024,47,611,1,7,NSEI,8/12/2024 14:58,345701,710,620,,,Retained,,
2024,47,611,1,8,NSEI,8/12/2024 18:13,345701,710,680,,,Retained,,
2024,47,611,1,9,NSEI,8/13/2024 14:31,345701,710,620,,,Retained,,
2024,47,611,1,10,NSEI,8/13/2024 17:10,345701,710,640,,,Retained,,
2024,48,611,1,1,NSEI,8/9/2024 16:44,345631,710,720,,,Retained,,
2024,48,611,1,2,NSEI,8/9/2024 21:26,345631,710,560,,,Retained,,
2024,48,611,1,3,NSEI,8/10/2024 16:22,345631,710,570,,,Retained,,
2024,48,611,1,4,NSEI,8/10/2024 19:52,345631,710,490,,,Retained,,
2024,48,611,1,5,NSEI,8/11/2024 17:04,345701,710,570,,,Retained,,
2024,48,611,1,6,NSEI,8/11/2024 19:46,345701,710,560,,,Retained,,
2024,48,611,1,7,NSEI,8/12/2024 14:58,345701,710,730,,,Retained,,
2024,48,611,1,8,NSEI,8/12/2024 18:13,345701,710,520,,,Retained,,
2024,48,611,1,9,NSEI,8/13/2024 14:31,345701,710,570,,,Retained,,
2024,48,611,1,10,NSEI,8/13/2024 17:10,345701,710,580,,,Retained,,
2024,49,611,1,1,NSEI,8/9/2024 16:44,345631,710,560,,,Retained,,
2024,49,611,1,2,NSEI,8/9/2024 21:26,345631,710,580,,,Retained,,
2024,49,611,1,3,NSEI,8/10/2024 16:22,345631,710,590,,,Retained,,
2024,49,611,1,4,NSEI,8/10/2024 19:52,345631,710,590,,,Retained,,
2024,49,611,1,5,NSEI,8/11/2024 17:04,345701,710,550,,,Retained,,
2024,49,611,1,6,NSEI,8/11/2024 19:46,345701,710,550,,,Retained,,
2024,49,611,1,7,NSEI,8/12/2024 14:58,345701,710,550,,,Retained,,
2024,49,611,1,8,NSEI,8/12/2024 18:13,345701,710,570,,,Retained,,
2024,49,611,1,9,NSEI,8/13/2024 14:31,345701,710,650,,,Retained,,
2024,49,611,1,10,NSEI,8/13/2024 17:10,345701,710,580,,,Retained,,
2024,50,611,1,1,NSEI,8/9/2024 16:44,345631,710,530,,,Retained,,
2024,50,611,1,2,NSEI,8/9/2024 21:26,345631,710,610,,,Retained,,
2024,50,611,1,3,NSEI,8/10/2024 16:22,345631,710,490,,,Retained,,
2024,50,611,1,4,NSEI,8/10/2024 19:52,345631,710,560,,,Retained,,
2024,50,611,1,5,NSEI,8/11/2024 17:04,345701,710,660,,,Retained,,
2024,50,611,1,6,NSEI,8/11/2024 19:46,345701,710,590,,,Retained,,
2024,50,611,1,7,NSEI,8/12/2024 14:58,345701,710,580,,,Retained,,
2024,50,611,1,8,NSEI,8/12/2024 18:13,345701,710,630,,,Retained,,
2024,50,611,1,9,NSEI,8/13/2024 14:31,345701,710,560,,,Retained,,
2024,50,611,1,10,NSEI,8/13/2024 17:10,345701,710,620,,,Retained,,
2024,51,611,1,1,NSEI,8/9/2024 16:44,345631,710,520,,,Retained,,
2024,51,611,1,2,NSEI,8/9/2024 21:26,345631,710,500,,,Retained,,
2024,51,611,1,3,NSEI,8/10/2024 16:22,345631,710,600,,,Retained,,
2024,51,611,1,4,NSEI,8/10/2024 19:52,345631,710,650,,,Retained,,
2024,51,611,1,5,NSEI,8/11/2024 17:04,345701,710,590,,,Retained,,
2024,51,611,1,6,NSEI,8/11/2024 19:46,345701,710,530,,,Retained,,
2024,51,611,1,7,NSEI,8/12/2024 14:58,345701,710,600,,,Retained,,
2024,51,611,1,8,NSEI,8/12/2024 18:13,345701,710,630,,,Retained,,
2024,51,611,1,9,NSEI,8/13/2024 14:31,345701,710,550,,,Retained,,
2024,51,611,1,10,NSEI,8/13/2024 17:10,345701,710,550,,,Retained,,
2024,52,611,1,1,NSEI,8/9/2024 16:44,345631,710,550,,,Retained,,
2024,52,611,1,2,NSEI,8/9/2024 21:26,345631,710,640,,,Retained,,
2024,52,611,1,3,NSEI,8/10/2024 16:22,345631,710,560,,,Retained,,
2024,52,611,1,4,NSEI,8/10/2024 19:52,345631,710,510,,,Retained,,
2024,52,611,1,5,NSEI,8/11/2024 17:04,345701,710,530,,,Retained,,
2024,52,611,1,6,NSEI,8/11/2024 19:46,345701,710,560,,,Retained,,
2024,52,611,1,7,NSEI,8/12/2024 14:58,345701,710,520,,,Retained,,
2024,52,611,1,8,NSEI,8/12/2024 18:13,345701,710,650,,,Retained,,
2024,52,611,1,9,NSEI,8/13/2024 14:31,345701,710,610,,,Retained,,
2024,52,611,1,10,NSEI,8/13/2024 17:10,345701,710,530,,,Retained,,
2024,53,611,1,1,NSEI,8/9/2024 16:44,345631,710,570,,,Retained,,
2024,53,611,1,2,NSEI,8/9/2024 21:26,345631,710,580,,,Retained,,
2024,53,611,1,3,NSEI,8/10/2024 16:22,345631,710,530,,,Retained,,
2024,53,611,1,4,NSEI,8/10/2024 19:52,345631,710,620,,,Retained,,
2024,53,611,1,5,NSEI,8/11/2024 17:04,345701,710,600,,,Retained,,
2024,53,611,1,6,NSEI,8/11/2024 19:46,345701,710,580,,,Retained,,
2024,53,611,1,7,NSEI,8/12/2024 14:58,345701,710,480,,,Retained,,
2024,53,611,1,8,NSEI,8/12/2024 18:13,345701,710,620,,,Retained,,
2024,53,611,1,9,NSEI,8/13/2024 14:31,345701,710,580,,,Retained,,
2024,53,611,1,10,NSEI,8/13/2024 17:10,345701,710,580,,,Retained,,
2024,54,611,1,1,NSEI,8/9/2024 16:44,345631,710,580,,,Retained,,
2024,54,611,1,2,NSEI,8/9/2024 21:26,345631,710,610,,,Retained,,
2024,54,611,1,3,NSEI,8/10/2024 16:22,345631,710,650,,,Retained,,
2024,54,611,1,4,NSEI,8/10/2024 19:52,345631,710,550,,,Retained,,
2024,54,611,1,5,NSEI,8/11/2024 17:04,345701,710,560,,,Retained,,
2024,54,611,1,6,NSEI,8/11/2024 19:46,345701,710,600,,,Retained,,
2024,54,611,1,7,NSEI,8/12/2024 14:58,345701,710,570,,,Retained,,
2024,54,611,1,8,NSEI,8/12/2024 18:13,345701,710,620,,,Retained,,
2024,54,611,1,9,NSEI,8/13/2024 14:31,345701,710,560,,,Retained,,
2024,54,611,1,10,NSEI,8/13/2024 17:10,345701,710,560,,,Retained,,
2024,55,611,1,1,NSEI,8/9/2024 16:44,345631,710,550,,,Retained,,
2024,55,611,1,2,NSEI,8/9/2024 21:26,345631,710,570,,,Retained,,Bad biotwine
2024,55,611,1,3,NSEI,8/10/2024 16:22,345631,710,520,,,Retained,,
2024,55,611,1,4,NSEI,8/10/2024 19:52,345631,710,620,,,Retained,,
2024,55,611,1,5,NSEI,8/11/2024 17:04,345701,710,580,,,Retained,,
2024,55,611,1,6,NSEI,8/11/2024 19:46,345701,710,610,,,Retained,,
2024,55,611,1,7,NSEI,8/12/2024 14:58,345701,710,640,,,Retained,,
2024,55,611,1,8,NSEI,8/12/2024 18:13,345701,710,580,,,Retained,,
2024,55,611,1,9,NSEI,8/13/2024 14:31,345701,710,590,,,Retained,,
2024,55,611,1,10,NSEI,8/13/2024 17:10,345701,710,590,,,Retained,,
2024,56,611,1,1,NSEI,8/9/2024 16:44,345631,710,640,,,Retained,,
2024,56,611,1,2,NSEI,8/9/2024 21:26,345631,710,570,,,Retained,,
2024,56,611,1,3,NSEI,8/10/2024 16:22,345631,710,630,,,Retained,,
2024,56,611,1,4,NSEI,8/10/2024 19:52,345631,710,600,,,Retained,,
2024,56,611,1,5,NSEI,8/11/2024 17:04,345701,710,590,,,Retained,,
2024,56,611,1,6,NSEI,8/11/2024 19:46,345701,710,610,,,Retained,,
2024,56,611,1,7,NSEI,8/12/2024 14:58,345701,710,620,,,Retained,,
2024,56,611,1,8,NSEI,8/12/2024 18:13,345701,710,660,,,Retained,,
2024,56,611,1,9,NSEI,8/13/2024 14:31,345701,710,570,,,Retained,,
2024,56,611,1,10,NSEI,8/13/2024 17:10,345701,710,580,,,Retained,,
2024,57,611,1,1,NSEI,8/9/2024 16:44,345631,710,570,,,Retained,,
2024,57,611,1,2,NSEI,8/9/2024 21:26,345631,710,690,,,Retained,,
2024,57,611,1,3,NSEI,8/10/2024 16:22,345631,710,560,,,Retained,,
2024,57,611,1,4,NSEI,8/10/2024 19:52,345631,710,560,,,Retained,,
2024,57,611,1,5,NSEI,8/11/2024 17:04,345701,710,570,,,Retained,,
2024,57,611,1,6,NSEI,8/11/2024 19:46,345701,710,560,,,Retained,,
2024,57,611,1,7,NSEI,8/12/2024 14:58,345701,710,610,,,Retained,,
2024,57,611,1,8,NSEI,8/12/2024 18:13,345701,710,640,,,Retained,,
2024,57,611,1,9,NSEI,8/13/2024 14:31,345701,710,640,,,Retained,,
2024,57,611,1,10,NSEI,8/13/2024 17:10,345701,710,610,,,Retained,,
2024,58,611,1,1,NSEI,8/9/2024 16:44,345631,710,690,,,Retained,,
2024,58,611,1,2,NSEI,8/9/2024 21:26,345631,710,570,,,Retained,,
2024,58,611,1,3,NSEI,8/10/2024 16:22,345631,710,550,,,Retained,,
2024,58,611,1,4,NSEI,8/10/2024 19:52,345631,710,650,,,Retained,,
2024,58,611,1,5,NSEI,8/11/2024 17:04,345701,710,570,,,Retained,,
2024,58,611,1,6,NSEI,8/11/2024 19:46,345701,710,630,,,Retained,,
2024,58,611,1,7,NSEI,8/12/2024 14:58,345701,710,510,,,Retained,,
2024,58,611,1,8,NSEI,8/12/2024 18:13,345701,710,580,,,Retained,,
2024,58,611,1,9,NSEI,8/13/2024 14:31,345701,710,530,,,Retained,,
2024,58,611,1,10,NSEI,8/13/2024 17:10,345701,710,610,,,Retained,,
2024,59,611,1,1,NSEI,8/9/2024 16:44,345631,710,560,,,Retained,,
2024,59,611,1,2,NSEI,8/9/2024 21:26,345631,710,580,,,Retained,,
2024,59,611,1,3,NSEI,8/10/2024 16:22,345631,710,540,,,Retained,,
2024,59,611,1,4,NSEI,8/10/2024 19:52,345631,710,580,,,Retained,,
2024,59,611,1,5,NSEI,8/11/2024 17:04,345701,710,630,,,Retained,,
2024,59,611,1,6,NSEI,8/11/2024 19:46,345701,710,610,,,Retained,,
2024,59,611,1,7,NSEI,8/12/2024 14:58,345701,710,520,,,Retained,,
2024,59,611,1,8,NSEI,8/12/2024 18:13,345701,710,710,,,Retained,,
2024,59,611,1,9,NSEI,8/13/2024 14:31,345701,710,600,,,Retained,,
2024,59,611,1,10,NSEI,8/13/2024 17:10,345701,710,540,,,Retained,,
2024,60,611,1,1,NSEI,8/9/2024 16:44,345631,710,550,,,Retained,,
2024,60,611,1,2,NSEI,8/9/2024 21:26,345631,710,630,,,Retained,,
2024,60,611,1,3,NSEI,8/10/2024 16:22,345631,710,680,,,Retained,,
2024,60,611,1,4,NSEI,8/10/2024 19:52,345631,710,600,,,Retained,,
2024,60,611,1,5,NSEI,8/11/2024 17:04,345701,710,610,,,Retained,,
2024,60,611,1,6,NSEI,8/11/2024 19:46,345701,710,570,,,Retained,,
2024,60,611,1,7,NSEI,8/12/2024 14:58,345701,710,560,,,Retained,,
2024,60,611,1,8,NSEI,8/12/2024 18:13,345701,710,590,,,Retained,,
2024,60,611,1,9,NSEI,8/13/2024 14:31,345701,710,650,,,Retained,,
2024,60,611,1,10,NSEI,8/13/2024 17:10,345701,710,650,,,Retained,,
2024,61,611,1,1,NSEI,8/9/2024 16:44,345631,710,580,,,Retained,,
2024,61,611,1,2,NSEI,8/9/2024 21:26,345631,710,570,,,Retained,,
2024,61,611,1,3,NSEI,8/10/2024 16:22,345631,710,760,,,Retained,,
2024,61,611,1,4,NSEI,8/10/2024 19:52,345631,710,770,,,Retained,,
2024,61,611,1,5,NSEI,8/11/2024 17:04,345701,710,550,,,Retained,,
2024,61,611,1,6,NSEI,8/11/2024 19:46,345701,710,580,,,Retained,,
2024,61,611,1,7,NSEI,8/12/2024 14:58,345701,710,690,,,Retained,,Gonads were immature looking.
2024,61,611,1,8,NSEI,8/12/2024 18:13,345701,710,520,,,Retained,,
2024,61,611,1,9,NSEI,8/13/2024 14:31,345701,710,580,,,Retained,,
2024,61,611,1,10,NSEI,8/13/2024 17:10,345701,710,580,,,Retained,,
2024,62,611,1,1,NSEI,8/9/2024 16:44,345631,710,550,,,Retained,,
2024,62,611,1,2,NSEI,8/9/2024 21:26,345631,710,550,,,Retained,,
2024,62,611,1,3,NSEI,8/10/2024 16:22,345631,710,630,,,Retained,,
2024,62,611,1,4,NSEI,8/10/2024 19:52,345631,710,610,,,Retained,,
2024,62,611,1,5,NSEI,8/11/2024 17:04,345701,710,520,,,Retained,,
2024,62,611,1,6,NSEI,8/11/2024 19:46,345701,710,480,,,Retained,,
2024,62,611,1,7,NSEI,8/12/2024 14:58,345701,710,690,,,Retained,,
2024,62,611,1,8,NSEI,8/12/2024 18:13,345701,710,540,,,Retained,,
2024,62,611,1,9,NSEI,8/13/2024 14:31,345701,710,540,,,Retained,,
2024,62,611,1,10,NSEI,8/13/2024 17:10,345701,710,530,,,Retained,,
2024,63,611,1,1,NSEI,8/9/2024 16:44,345631,710,590,,,Retained,,
2024,63,611,1,2,NSEI,8/9/2024 21:26,345631,710,670,,,Retained,,
2024,63,611,1,3,NSEI,8/10/2024 16:22,345631,710,570,,,Retained,,
2024,63,611,1,4,NSEI,8/10/2024 19:52,345631,710,620,,,Retained,,
2024,63,611,1,5,NSEI,8/11/2024 17:04,345701,710,650,,,Retained,,
2024,63,611,1,6,NSEI,8/11/2024 19:46,345701,710,490,,,Retained,,
2024,63,611,1,7,NSEI,8/12/2024 14:58,345701,710,580,,,Retained,,
2024,63,611,1,8,NSEI,8/12/2024 18:13,345701,710,540,,,Retained,,
2024,63,611,1,9,NSEI,8/13/2024 14:31,345701,710,570,,,Retained,,
2024,63,611,1,10,NSEI,8/13/2024 17:10,345701,710,640,,,Retained,,
2024,64,611,1,1,NSEI,8/9/2024 16:44,345631,710,660,,,Retained,,
2024,64,611,1,2,NSEI,8/9/2024 21:26,345631,710,630,,,Retained,,
2024,64,611,1,3,NSEI,8/10/2024 16:22,345631,710,570,,,Retained,,
2024,64,611,1,4,NSEI,8/10/2024 19:52,345631,710,560,,,Retained,,
2024,64,611,1,5,NSEI,8/11/2024 17:04,345701,710,630,,,Retained,,
2024,64,611,1,6,NSEI,8/11/2024 19:46,345701,710,510,,,Retained,,
2024,64,611,1,7,NSEI,8/12/2024 14:58,345701,710,550,,,Retained,,
2024,64,611,1,8,NSEI,8/12/2024 18:13,345701,710,590,,,Retained,,
2024,64,611,1,9,NSEI,8/13/2024 14:31,345701,710,580,,,Retained,,
2024,64,611,1,10,NSEI,8/13/2024 17:10,345701,710,610,,,Retained,,
2024,65,611,1,1,NSEI,8/9/2024 16:44,345631,710,650,,,Retained,,
2024,65,611,1,2,NSEI,8/9/2024 21:26,345631,710,600,,,Retained,,
2024,65,611,1,3,NSEI,8/10/2024 16:22,345631,710,540,,,Retained,,
2024,65,611,1,4,NSEI,8/10/2024 19:52,345631,710,540,,,Retained,,
2024,65,611,1,5,NSEI,8/11/2024 17:04,345701,710,580,,,Retained,,
2024,65,611,1,6,NSEI,8/11/2024 19:46,345701,710,640,,,Retained,,
2024,65,611,1,7,NSEI,8/12/2024 14:58,345701,710,700,,,Retained,,
2024,65,611,1,8,NSEI,8/12/2024 18:13,345701,710,540,,,Retained,,
2024,65,611,1,9,NSEI,8/13/2024 14:31,345701,710,580,,,Retained,,
2024,65,611,1,10,NSEI,8/13/2024 17:10,345701,710,670,,,Retained,,
2024,66,611,1,1,NSEI,8/9/2024 16:44,345631,710,660,,,Retained,,
2024,66,611,1,2,NSEI,8/9/2024 21:26,345631,710,590,,,Retained,,
2024,66,611,1,3,NSEI,8/10/2024 16:22,345631,710,660,,,Retained,,
2024,66,611,1,4,NSEI,8/10/2024 19:52,345631,710,550,,,Retained,,
2024,66,611,1,5,NSEI,8/11/2024 17:04,345701,710,650,,,Retained,,
2024,66,611,1,6,NSEI,8/11/2024 19:46,345701,710,560,,,Retained,,
2024,66,611,1,7,NSEI,8/12/2024 14:58,345701,710,630,,,Retained,,
2024,66,611,1,8,NSEI,8/12/2024 18:13,345701,710,490,,,Retained,,
2024,66,611,1,9,NSEI,8/13/2024 14:31,345701,710,650,,,Retained,,
2024,66,611,1,10,NSEI,8/13/2024 17:10,345701,710,580,,,Retained,,
2024,67,611,1,1,NSEI,8/9/2024 16:44,345631,710,570,,,Retained,,
2024,67,611,1,2,NSEI,8/9/2024 21:26,345631,710,600,,,Retained,,
2024,67,611,1,3,NSEI,8/10/2024 16:22,345631,710,580,,,Retained,,
2024,67,611,1,4,NSEI,8/10/2024 19:52,345631,710,640,,,Retained,,
2024,67,611,1,5,NSEI,8/11/2024 17:04,345701,710,500,,,Retained,,
2024,67,611,1,6,NSEI,8/11/2024 19:46,345701,710,660,,,Retained,,
2024,67,611,1,7,NSEI,8/12/2024 14:58,345701,710,550,,,Retained,,
2024,67,611,1,8,NSEI,8/12/2024 18:13,345701,710,740,,,Retained,,
2024,67,611,1,9,NSEI,8/13/2024 14:31,345701,710,560,,,Retained,,
2024,67,611,1,10,NSEI,8/13/2024 17:10,345701,710,570,,,Retained,,
2024,68,611,1,1,NSEI,8/9/2024 16:44,345631,710,710,,,Retained,,
2024,68,611,1,2,NSEI,8/9/2024 21:26,345631,710,600,,,Retained,,
2024,68,611,1,3,NSEI,8/10/2024 16:22,345631,710,520,,,Retained,,
2024,68,611,1,4,NSEI,8/10/2024 19:52,345631,710,560,,,Retained,,
2024,68,611,1,5,NSEI,8/11/2024 17:04,345701,710,570,,,Retained,,
2024,68,611,1,6,NSEI,8/11/2024 19:46,345701,710,590,,,Retained,,
2024,68,611,1,7,NSEI,8/12/2024 14:58,345701,710,480,,,Retained,,
2024,68,611,1,8,NSEI,8/12/2024 18:13,345701,710,670,,,Retained,,
2024,68,611,1,9,NSEI,8/13/2024 14:31,345701,710,550,,,Retained,,
2024,68,611,1,10,NSEI,8/13/2024 17:10,345701,710,540,,,Retained,,
2024,69,611,1,1,NSEI,8/9/2024 16:44,345631,710,570,,,Retained,,
2024,69,611,1,2,NSEI,8/9/2024 21:26,345631,710,640,,,Retained,,
2024,69,611,1,3,NSEI,8/10/2024 16:22,345631,710,630,,,Retained,,
2024,69,611,1,4,NSEI,8/10/2024 19:52,345631,710,540,,,Retained,,
2024,69,611,1,5,NSEI,8/11/2024 17:04,345701,710,580,,,Retained,,
2024,69,611,1,6,NSEI,8/11/2024 19:46,345701,710,550,,,Retained,,
2024,69,611,1,7,NSEI,8/12/2024 14:58,345701,710,620,,,Retained,,
2024,69,611,1,8,NSEI,8/12/2024 18:13,345701,710,640,,,Retained,,
2024,69,611,1,9,NSEI,8/13/2024 14:31,345701,710,510,,,Retained,,
2024,69,611,1,10,NSEI,8/13/2024 17:10,345701,710,640,,,Retained,,
2024,70,611,1,1,NSEI,8/9/2024 16:44,345631,710,530,,,Retained,,
2024,70,611,1,2,NSEI,8/9/2024 21:26,345631,710,570,,,Retained,,
2024,70,611,1,3,NSEI,8/10/2024 16:22,345631,710,560,,,Retained,,
2024,70,611,1,4,NSEI,8/10/2024 19:52,345631,710,610,,,Retained,,
2024,70,611,1,5,NSEI,8/11/2024 17:04,345701,710,540,,,Retained,,
2024,70,611,1,6,NSEI,8/11/2024 19:46,345701,710,530,,,Retained,,
2024,70,611,1,7,NSEI,8/12/2024 14:58,345701,710,680,,,Retained,,
2024,70,611,1,8,NSEI,8/12/2024 18:13,345701,710,650,,,Retained,,
2024,70,611,1,9,NSEI,8/13/2024 14:31,345701,710,580,,,Retained,,
2024,70,611,1,10,NSEI,8/13/2024 17:10,345701,710,570,,,Retained,,
2024,71,611,1,1,NSEI,8/9/2024 16:44,345631,710,600,,,Retained,,"3 otos in cell, one belongs to #16 - WORKED OUT OKAY"
2024,71,611,1,2,NSEI,8/9/2024 21:26,345631,710,640,,,Retained,,
2024,71,611,1,3,NSEI,8/10/2024 16:22,345631,710,590,,,Retained,,
2024,71,611,1,4,NSEI,8/10/2024 19:52,345631,710,610,,,Retained,,
2024,71,611,1,5,NSEI,8/11/2024 17:04,345701,710,590,,,Retained,,
2024,71,611,1,6,NSEI,8/11/2024 19:46,345701,710,550,,,Retained,,
2024,71,611,1,7,NSEI,8/12/2024 14:58,345701,710,540,,,Retained,,
2024,71,611,1,8,NSEI,8/12/2024 18:13,345701,710,670,,,Retained,,
2024,71,611,1,9,NSEI,8/13/2024 14:31,345701,710,550,,,Retained,,
2024,71,611,1,10,NSEI,8/13/2024 17:10,345701,710,520,,,Retained,,
2024,72,611,1,1,NSEI,8/9/2024 16:44,345631,710,590,,,Retained,,
2024,72,611,1,2,NSEI,8/9/2024 21:26,345631,710,560,,,Retained,,
2024,72,611,1,3,NSEI,8/10/2024 16:22,345631,710,610,,,Retained,,
2024,72,611,1,4,NSEI,8/10/2024 19:52,345631,710,700,,,Retained,,
2024,72,611,1,5,NSEI,8/11/2024 17:04,345701,710,680,,,Retained,,
2024,72,611,1,6,NSEI,8/11/2024 19:46,345701,710,510,,,Retained,,
2024,72,611,1,7,NSEI,8/12/2024 14:58,345701,710,610,,,Retained,,
2024,72,611,1,8,NSEI,8/12/2024 18:13,345701,710,610,,,Retained,,
2024,72,611,1,9,NSEI,8/13/2024 14:31,345701,710,600,,,Retained,,
2024,72,611,1,10,NSEI,8/13/2024 17:10,345701,710,550,,,Retained,,
2024,73,611,1,1,NSEI,8/9/2024 16:44,345631,710,580,,,Retained,,
2024,73,611,1,2,NSEI,8/9/2024 21:26,345631,710,680,,,Retained,,
2024,73,611,1,3,NSEI,8/10/2024 16:22,345631,710,500,,,Retained,,
2024,73,611,1,4,NSEI,8/10/2024 19:52,345631,710,610,,,Retained,,
2024,73,611,1,5,NSEI,8/11/2024 17:04,345701,710,440,,,Retained,,
2024,73,611,1,6,NSEI,8/11/2024 19:46,345701,710,540,,,Retained,,
2024,73,611,1,7,NSEI,8/12/2024 14:58,345701,710,600,,,Retained,,
2024,73,611,1,8,NSEI,8/12/2024 18:13,345701,710,610,,,Retained,,
2024,73,611,1,9,NSEI,8/13/2024 14:31,345701,710,590,,,Retained,,
2024,73,611,1,10,NSEI,8/13/2024 17:10,345701,710,500,,,Retained,,
2024,74,611,1,1,NSEI,8/9/2024 16:44,345631,710,640,,,Retained,,
2024,74,611,1,2,NSEI,8/9/2024 21:26,345631,710,640,,,Retained,,
2024,74,611,1,3,NSEI,8/10/2024 16:22,345631,710,610,,,Retained,,
2024,74,611,1,4,NSEI,8/10/2024 19:52,345631,710,570,,,Retained,,
2024,74,611,1,5,NSEI,8/11/2024 17:04,345701,710,500,,,Retained,,
2024,74,611,1,6,NSEI,8/11/2024 19:46,345701,710,520,,,Retained,,
2024,74,611,1,7,NSEI,8/12/2024 14:58,345701,710,550,,,Retained,,
2024,74,611,1,8,NSEI,8/12/2024 18:13,345701,710,660,,,Retained,,
2024,74,611,1,9,NSEI,8/13/2024 14:31,345701,710,550,,,Retained,,
2024,74,611,1,10,NSEI,8/13/2024 17:10,345701,710,510,,,Retained,,
2024,75,611,1,1,NSEI,8/9/2024 16:44,345631,710,660,,,Retained,,
2024,75,611,1,2,NSEI,8/9/2024 21:26,345631,710,560,,,Retained,,
2024,75,611,1,3,NSEI,8/10/2024 16:22,345631,710,560,,,Retained,,
2024,75,611,1,4,NSEI,8/10/2024 19:52,345631,710,610,,,Retained,,
2024,75,611,1,5,NSEI,8/11/2024 17:04,345701,710,560,,,Retained,,
2024,75,611,1,6,NSEI,8/11/2024 19:46,345701,710,620,,,Retained,,
2024,75,611,1,7,NSEI,8/12/2024 14:58,345701,710,620,,,Retained,,
2024,75,611,1,8,NSEI,8/12/2024 18:13,345701,710,610,,,Retained,,
2024,75,611,1,9,NSEI,8/13/2024 14:31,345701,710,620,,,Retained,,
2024,75,611,1,10,NSEI,8/13/2024 17:10,345701,710,540,,,Retained,,
2024,76,611,1,1,NSEI,8/9/2024 16:44,345631,710,640,,,Retained,,"1 oto in cell, second is in cell #15 - WORKED OUT OKAY"
2024,76,611,1,2,NSEI,8/9/2024 21:26,345631,710,640,,,Retained,,
2024,76,611,1,3,NSEI,8/10/2024 16:22,345631,710,580,,,Retained,,
2024,76,611,1,4,NSEI,8/10/2024 19:52,345631,710,630,,,Retained,,
2024,76,611,1,5,NSEI,8/11/2024 17:04,345701,710,590,,,Retained,,
2024,76,611,1,6,NSEI,8/11/2024 19:46,345701,710,620,,,Retained,,
2024,76,611,1,7,NSEI,8/12/2024 14:58,345701,710,600,,,Retained,,
2024,76,611,1,8,NSEI,8/12/2024 18:13,345701,710,690,,,Retained,,
2024,76,611,1,9,NSEI,8/13/2024 14:31,345701,710,590,,,Retained,,
2024,76,611,1,10,NSEI,8/13/2024 17:10,345701,710,660,,,Retained,,
2024,77,611,1,1,NSEI,8/9/2024 16:44,345631,710,600,,,Retained,,
2024,77,611,1,2,NSEI,8/9/2024 21:26,345631,710,540,,,Retained,,
2024,77,611,1,3,NSEI,8/10/2024 16:22,345631,710,690,,,Retained,,
2024,77,611,1,4,NSEI,8/10/2024 19:52,345631,710,640,,,Retained,,
2024,77,611,1,5,NSEI,8/11/2024 17:04,345701,710,650,,,Retained,,
2024,77,611,1,6,NSEI,8/11/2024 19:46,345701,710,610,,,Retained,,
2024,77,611,1,7,NSEI,8/12/2024 14:58,345701,710,560,,,Retained,,
2024,77,611,1,8,NSEI,8/12/2024 18:13,345701,710,600,,,Retained,,
2024,77,611,1,9,NSEI,8/13/2024 14:31,345701,710,610,,,Retained,,
2024,77,611,1,10,NSEI,8/13/2024 17:10,345701,710,550,,,Retained,,
2024,78,611,1,1,NSEI,8/9/2024 16:44,345631,710,590,,,Retained,,
2024,78,611,1,2,NSEI,8/9/2024 21:26,345631,710,530,,,Retained,,
2024,78,611,1,3,NSEI,8/10/2024 16:22,345631,710,570,,,Retained,,
2024,78,611,1,4,NSEI,8/10/2024 19:52,345631,710,570,,,Retained,,
2024,78,611,1,5,NSEI,8/11/2024 17:04,345701,710,570,,,Retained,,
2024,78,611,1,6,NSEI,8/11/2024 19:46,345701,710,680,,,Retained,,
2024,78,611,1,7,NSEI,8/12/2024 14:58,345701,710,580,,,Retained,,
2024,78,611,1,8,NSEI,8/12/2024 18:13,345701,710,640,,,Retained,,
2024,78,611,1,9,NSEI,8/13/2024 14:31,345701,710,580,,,Retained,,
2024,78,611,1,10,NSEI,8/13/2024 17:10,345701,710,540,,,Retained,,
2024,79,611,1,1,NSEI,8/9/2024 16:44,345631,710,530,,,Retained,,
2024,79,611,1,2,NSEI,8/9/2024 21:26,345631,710,610,,,Retained,,
2024,79,611,1,3,NSEI,8/10/2024 16:22,345631,710,610,,,Retained,,
2024,79,611,1,4,NSEI,8/10/2024 19:52,345631,710,790,,,Retained,,
2024,79,611,1,5,NSEI,8/11/2024 17:04,345701,710,570,,,Retained,,
2024,79,611,1,6,NSEI,8/11/2024 19:46,345701,710,540,,,Retained,,
2024,79,611,1,7,NSEI,8/12/2024 14:58,345701,710,490,,,Retained,,
2024,79,611,1,8,NSEI,8/12/2024 18:13,345701,710,640,,,Retained,,
2024,79,611,1,9,NSEI,8/13/2024 14:31,345701,710,550,,,Retained,,
2024,79,611,1,10,NSEI,8/13/2024 17:10,345701,710,580,,,Retained,,
2024,80,611,1,1,NSEI,8/9/2024 16:44,345631,710,720,,,Retained,,
2024,80,611,1,2,NSEI,8/9/2024 21:26,345631,710,780,,,Retained,,
2024,80,611,1,3,NSEI,8/10/2024 16:22,345631,710,540,,,Retained,,
2024,80,611,1,4,NSEI,8/10/2024 19:52,345631,710,540,,,Retained,,
2024,80,611,1,5,NSEI,8/11/2024 17:04,345701,710,570,,,Retained,,
2024,80,611,1,6,NSEI,8/11/2024 19:46,345701,710,570,,,Retained,,
2024,80,611,1,7,NSEI,8/12/2024 14:58,345701,710,620,,,Retained,,
2024,80,611,1,8,NSEI,8/12/2024 18:13,345701,710,590,,,Retained,,
2024,80,611,1,9,NSEI,8/13/2024 14:31,345701,710,580,,,Retained,,
2024,80,611,1,10,NSEI,8/13/2024 17:10,345701,710,580,,,Retained,,
2024,81,611,1,1,NSEI,8/9/2024 16:44,345631,710,570,,,Retained,,
2024,81,611,1,2,NSEI,8/9/2024 21:26,345631,710,540,,,Retained,,
2024,81,611,1,3,NSEI,8/10/2024 16:22,345631,710,650,,,Retained,,
2024,81,611,1,4,NSEI,8/10/2024 19:52,345631,710,590,,,Retained,,
2024,81,611,1,5,NSEI,8/11/2024 17:04,345701,710,560,,,Retained,,
2024,81,611,1,6,NSEI,8/11/2024 19:46,345701,710,590,,,Retained,,
2024,81,611,1,7,NSEI,8/12/2024 14:58,345701,710,640,,,Retained,,
2024,81,611,1,8,NSEI,8/12/2024 18:13,345701,710,590,,,Retained,,
2024,81,611,1,9,NSEI,8/13/2024 14:31,345701,710,610,,,Retained,,
2024,81,611,1,10,NSEI,8/13/2024 17:10,345701,710,680,,,Retained,,
2024,82,611,1,1,NSEI,8/9/2024 16:44,345631,710,590,,,Retained,,
2024,82,611,1,2,NSEI,8/9/2024 21:26,345631,710,590,,,Retained,,
2024,82,611,1,3,NSEI,8/10/2024 16:22,345631,710,580,,,Retained,,
2024,82,611,1,4,NSEI,8/10/2024 19:52,345631,710,630,,,Retained,,
2024,82,611,1,5,NSEI,8/11/2024 17:04,345701,710,630,,,Retained,,
2024,82,611,1,6,NSEI,8/11/2024 19:46,345701,710,560,,,Retained,,
2024,82,611,1,7,NSEI,8/12/2024 14:58,345701,710,610,,,Retained,,
2024,82,611,1,8,NSEI,8/12/2024 18:13,345701,710,710,,,Retained,,
2024,82,611,1,9,NSEI,8/13/2024 14:31,345701,710,580,,,Retained,,
2024,82,611,1,10,NSEI,8/13/2024 17:10,345701,710,660,,,Retained,,
2024,83,611,1,1,NSEI,8/9/2024 16:44,345631,710,520,,,Retained,,
2024,83,611,1,2,NSEI,8/9/2024 21:26,345631,710,620,,,Retained,,
2024,83,611,1,3,NSEI,8/10/2024 16:22,345631,710,610,,,Retained,,
2024,83,611,1,4,NSEI,8/10/2024 19:52,345631,710,520,,,Retained,,
2024,83,611,1,5,NSEI,8/11/2024 17:04,345701,710,600,,,Retained,,
2024,83,611,1,6,NSEI,8/11/2024 19:46,345701,710,550,,,Retained,,
2024,83,611,1,7,NSEI,8/12/2024 14:58,345701,710,600,,,Retained,,
2024,83,611,1,8,NSEI,8/12/2024 18:13,345701,710,650,,,Retained,,
2024,83,611,1,9,NSEI,8/13/2024 14:31,345701,710,530,,,Retained,,
2024,83,611,1,10,NSEI,8/13/2024 17:10,345701,710,600,,,Retained,,
2024,84,611,1,1,NSEI,8/9/2024 16:44,345631,710,600,,,Retained,,
2024,84,611,1,2,NSEI,8/9/2024 21:26,345631,710,470,,,Retained,,
2024,84,611,1,3,NSEI,8/10/2024 16:22,345631,710,700,,,Retained,,
2024,84,611,1,4,NSEI,8/10/2024 19:52,345631,710,540,,,Retained,,
2024,84,611,1,5,NSEI,8/11/2024 17:04,345701,710,680,,,Retained,,
2024,84,611,1,6,NSEI,8/11/2024 19:46,345701,710,590,,,Retained,,
2024,84,611,1,7,NSEI,8/12/2024 14:58,345701,710,560,,,Retained,,
2024,84,611,1,8,NSEI,8/12/2024 18:13,345701,710,610,,,Retained,,
2024,84,611,1,9,NSEI,8/13/2024 14:31,345701,710,710,,,Retained,,
2024,84,611,1,10,NSEI,8/13/2024 17:10,345701,710,640,,,Retained,,
2024,85,611,1,1,NSEI,8/9/2024 16:44,345631,710,560,,,Retained,,
2024,85,611,1,2,NSEI,8/9/2024 21:26,345631,710,620,,,Retained,,
2024,85,611,1,3,NSEI,8/10/2024 16:22,345631,710,540,,,Retained,,
2024,85,611,1,4,NSEI,8/10/2024 19:52,345631,710,530,,,Retained,,
2024,85,611,1,5,NSEI,8/11/2024 17:04,345701,710,730,,,Retained,,
2024,85,611,1,6,NSEI,8/11/2024 19:46,345701,710,600,,,Retained,,
2024,85,611,1,7,NSEI,8/12/2024 14:58,345701,710,540,,,Retained,,
2024,85,611,1,8,NSEI,8/12/2024 18:13,345701,710,670,,,Retained,,
2024,85,611,1,9,NSEI,8/13/2024 14:31,345701,710,570,,,Retained,,
2024,85,611,1,10,NSEI,8/13/2024 17:10,345701,710,640,,,Retained,,
2024,86,611,1,1,NSEI,8/9/2024 16:44,345631,710,660,,,Retained,,
2024,86,611,1,2,NSEI,8/9/2024 21:26,345631,710,620,,,Retained,,
2024,86,611,1,3,NSEI,8/10/2024 16:22,345631,710,530,,,Retained,,
2024,86,611,1,4,NSEI,8/10/2024 19:52,345631,710,630,,,Retained,,
2024,86,611,1,5,NSEI,8/11/2024 17:04,345701,710,600,,,Retained,,
2024,86,611,1,6,NSEI,8/11/2024 19:46,345701,710,600,,,Retained,,
2024,86,611,1,7,NSEI,8/12/2024 14:58,345701,710,590,,,Retained,,
2024,86,611,1,8,NSEI,8/12/2024 18:13,345701,710,690,,,Retained,,
2024,86,611,1,9,NSEI,8/13/2024 14:31,345701,710,700,,,Retained,,
2024,86,611,1,10,NSEI,8/13/2024 17:10,345701,710,560,,,Retained,,
2024,87,611,1,1,NSEI,8/9/2024 16:44,345631,710,530,,,Retained,,
2024,87,611,1,2,NSEI,8/9/2024 21:26,345631,710,650,,,Retained,,
2024,87,611,1,3,NSEI,8/10/2024 16:22,345631,710,540,,,Retained,,
2024,87,611,1,4,NSEI,8/10/2024 19:52,345631,710,580,,,Retained,,
2024,87,611,1,5,NSEI,8/11/2024 17:04,345701,710,610,,,Retained,,
2024,87,611,1,6,NSEI,8/11/2024 19:46,345701,710,550,,,Retained,,
2024,87,611,1,7,NSEI,8/12/2024 14:58,345701,710,570,,,Retained,,
2024,87,611,1,8,NSEI,8/12/2024 18:13,345701,710,600,,,Retained,,
2024,87,611,1,9,NSEI,8/13/2024 14:31,345701,710,580,,,Retained,,
2024,87,611,1,10,NSEI,8/13/2024 17:10,345701,710,530,,,Retained,,
2024,88,611,1,1,NSEI,8/9/2024 16:44,345631,710,510,,,Retained,,
2024,88,611,1,2,NSEI,8/9/2024 21:26,345631,710,530,,,Retained,,
2024,88,611,1,3,NSEI,8/10/2024 16:22,345631,710,670,,,Retained,,
2024,88,611,1,4,NSEI,8/10/2024 19:52,345631,710,580,,,Retained,,
2024,88,611,1,5,NSEI,8/11/2024 17:04,345701,710,530,,,Retained,,
2024,88,611,1,6,NSEI,8/11/2024 19:46,345701,710,570,,,Retained,,
2024,88,611,1,7,NSEI,8/12/2024 14:58,345701,710,570,,,Retained,,
2024,88,611,1,8,NSEI,8/12/2024 18:13,345701,710,640,,,Retained,,
2024,88,611,1,9,NSEI,8/13/2024 14:31,345701,710,560,,,Retained,,
2024,88,611,1,10,NSEI,8/13/2024 17:10,345701,710,590,,,Retained,,
2024,89,611,1,1,NSEI,8/9/2024 16:44,345631,710,580,,,Retained,,
2024,89,611,1,2,NSEI,8/9/2024 21:26,345631,710,570,,,Retained,,
2024,89,611,1,3,NSEI,8/10/2024 16:22,345631,710,530,,,Retained,,
2024,89,611,1,4,NSEI,8/10/2024 19:52,345631,710,600,,,Retained,,
2024,89,611,1,5,NSEI,8/11/2024 17:04,345701,710,560,,,Retained,,
2024,89,611,1,6,NSEI,8/11/2024 19:46,345701,710,650,,,Retained,,
2024,89,611,1,7,NSEI,8/12/2024 14:58,345701,710,540,,,Retained,,
2024,89,611,1,8,NSEI,8/12/2024 18:13,345701,710,590,,,Retained,,
2024,89,611,1,9,NSEI,8/13/2024 14:31,345701,710,640,,,Retained,,
2024,89,611,1,10,NSEI,8/13/2024 17:10,345701,710,580,,,Retained,,
2024,90,611,1,1,NSEI,8/9/2024 16:44,345631,710,630,,,Retained,,
2024,90,611,1,2,NSEI,8/9/2024 21:26,345631,710,640,,,Retained,,
2024,90,611,1,3,NSEI,8/10/2024 16:22,345631,710,570,,,Retained,,
2024,90,611,1,4,NSEI,8/10/2024 19:52,345631,710,650,,,Retained,,
2024,90,611,1,5,NSEI,8/11/2024 17:04,345701,710,540,,,Retained,,
2024,90,611,1,6,NSEI,8/11/2024 19:46,345701,710,500,,,Retained,,
2024,90,611,1,7,NSEI,8/12/2024 14:58,345701,710,590,,,Retained,,
2024,90,611,1,8,NSEI,8/12/2024 18:13,345701,710,630,,,Retained,,
2024,90,611,1,9,NSEI,8/13/2024 14:31,345701,710,530,,,Retained,,
2024,90,611,1,10,NSEI,8/13/2024 17:10,345701,710,470,,,Retained,,
2024,91,611,1,1,NSEI,8/9/2024 16:44,345631,710,560,,,Retained,,
2024,91,611,1,2,NSEI,8/9/2024 21:26,345631,710,530,,,Retained,,
2024,91,611,1,3,NSEI,8/10/2024 16:22,345631,710,620,,,Retained,,
2024,91,611,1,4,NSEI,8/10/2024 19:52,345631,710,670,,,Retained,,
2024,91,611,1,5,NSEI,8/11/2024 17:04,345701,710,620,,,Retained,,
2024,91,611,1,6,NSEI,8/11/2024 19:46,345701,710,510,,,Retained,,
2024,91,611,1,7,NSEI,8/12/2024 14:58,345701,710,570,,,Retained,,
2024,91,611,1,8,NSEI,8/12/2024 18:13,345701,710,550,,,Retained,,
2024,91,611,1,9,NSEI,8/13/2024 14:31,345701,710,540,,,Retained,,
2024,91,611,1,10,NSEI,8/13/2024 17:10,345701,710,530,,,Retained,,
2024,92,611,1,1,NSEI,8/9/2024 16:44,345631,710,530,,,Retained,,
2024,92,611,1,2,NSEI,8/9/2024 21:26,345631,710,560,,,Retained,,
2024,92,611,1,3,NSEI,8/10/2024 16:22,345631,710,510,,,Retained,,
2024,92,611,1,4,NSEI,8/10/2024 19:52,345631,710,590,,,Retained,,
2024,92,611,1,5,NSEI,8/11/2024 17:04,345701,710,610,,,Retained,,
2024,92,611,1,6,NSEI,8/11/2024 19:46,345701,710,540,,,Retained,,
2024,92,611,1,7,NSEI,8/12/2024 14:58,345701,710,680,,,Retained,,
2024,92,611,1,8,NSEI,8/12/2024 18:13,345701,710,510,,,Retained,,
2024,92,611,1,9,NSEI,8/13/2024 14:31,345701,710,600,,,Retained,,
2024,92,611,1,10,NSEI,8/13/2024 17:10,345701,710,610,,,Retained,,
2024,93,611,1,1,NSEI,8/9/2024 16:44,345631,710,540,,,Retained,,
2024,93,611,1,2,NSEI,8/9/2024 21:26,345631,710,630,,,Retained,,
2024,93,611,1,3,NSEI,8/10/2024 16:22,345631,710,570,,,Retained,,
2024,93,611,1,4,NSEI,8/10/2024 19:52,345631,710,630,,,Retained,,
2024,93,611,1,5,NSEI,8/11/2024 17:04,345701,710,670,,,Retained,,
2024,93,611,1,6,NSEI,8/11/2024 19:46,345701,710,520,,,Retained,,
2024,93,611,1,7,NSEI,8/12/2024 14:58,345701,710,570,,,Retained,,
2024,93,611,1,8,NSEI,8/12/2024 18:13,345701,710,560,,,Retained,,
2024,93,611,1,9,NSEI,8/13/2024 14:31,345701,710,650,,,Retained,,
2024,93,611,1,10,NSEI,8/13/2024 17:10,345701,710,600,,,Retained,,
2024,94,611,1,1,NSEI,8/9/2024 16:44,345631,710,600,,,Retained,,
2024,94,611,1,2,NSEI,8/9/2024 21:26,345631,710,620,,,Retained,,
2024,94,611,1,3,NSEI,8/10/2024 16:22,345631,710,690,,,Retained,,
2024,94,611,1,4,NSEI,8/10/2024 19:52,345631,710,580,,,Retained,,
2024,94,611,1,5,NSEI,8/11/2024 17:04,345701,710,510,,,Retained,,
2024,94,611,1,6,NSEI,8/11/2024 19:46,345701,710,560,,,Retained,,
2024,94,611,1,7,NSEI,8/12/2024 14:58,345701,710,550,,,Retained,,
2024,94,611,1,8,NSEI,8/12/2024 18:13,345701,710,590,,,Retained,,
2024,94,611,1,9,NSEI,8/13/2024 14:31,345701,710,550,,,Retained,,
2024,94,611,1,10,NSEI,8/13/2024 17:10,345701,710,640,,,Retained,,
2024,95,611,1,1,NSEI,8/9/2024 16:44,345631,710,570,,,Retained,,
2024,95,611,1,2,NSEI,8/9/2024 21:26,345631,710,670,,,Retained,,
2024,95,611,1,3,NSEI,8/10/2024 16:22,345631,710,720,,,Retained,,
2024,95,611,1,4,NSEI,8/10/2024 19:52,345631,710,620,,,Retained,,
2024,95,611,1,5,NSEI,8/11/2024 17:04,345701,710,680,,,Retained,,
2024,95,611,1,6,NSEI,8/11/2024 19:46,345701,710,590,,,Retained,,
2024,95,611,1,7,NSEI,8/12/2024 14:58,345701,710,580,,,Retained,,
2024,95,611,1,8,NSEI,8/12/2024 18:13,345701,710,540,,,Retained,,
2024,95,611,1,9,NSEI,8/13/2024 14:31,345701,710,560,,,Retained,,
2024,95,611,1,10,NSEI,8/13/2024 17:10,345701,710,520,,,Retained,,
2024,96,611,1,1,NSEI,8/9/2024 16:44,345631,710,650,,,Retained,,
2024,96,611,1,2,NSEI,8/9/2024 21:26,345631,710,600,,,Retained,,
2024,96,611,1,3,NSEI,8/10/2024 16:22,345631,710,530,,,Retained,,
2024,96,611,1,4,NSEI,8/10/2024 19:52,345631,710,630,,,Retained,,
2024,96,611,1,5,NSEI,8/11/2024 17:04,345701,710,560,,,Retained,,
2024,96,611,1,6,NSEI,8/11/2024 19:46,345701,710,510,,,Retained,,
2024,96,611,1,7,NSEI,8/12/2024 14:58,345701,710,570,,,Retained,,
2024,96,611,1,8,NSEI,8/12/2024 18:13,345701,710,600,,,Retained,,
2024,96,611,1,9,NSEI,8/13/2024 14:31,345701,710,580,,,Retained,,
2024,96,611,1,10,NSEI,8/13/2024 17:10,345701,710,540,,,Retained,,
2024,97,611,1,1,NSEI,8/9/2024 16:44,345631,710,640,,,Retained,,
2024,97,611,1,2,NSEI,8/9/2024 21:26,345631,710,600,,,Retained,,
2024,97,611,1,3,NSEI,8/10/2024 16:22,345631,710,550,,,Retained,,
2024,97,611,1,4,NSEI,8/10/2024 19:52,345631,710,530,,,Retained,,
2024,97,611,1,5,NSEI,8/11/2024 17:04,345701,710,620,,,Retained,,
2024,97,611,1,6,NSEI,8/11/2024 19:46,345701,710,680,,,Retained,,
2024,97,611,1,7,NSEI,8/12/2024 14:58,345701,710,620,,,Retained,,
2024,97,611,1,8,NSEI,8/12/2024 18:13,345701,710,600,,,Retained,,
2024,97,611,1,9,NSEI,8/13/2024 14:31,345701,710,630,,,Retained,,
2024,97,611,1,10,NSEI,8/13/2024 17:10,345701,710,560,,,Retained,,
2024,98,611,1,1,NSEI,8/9/2024 16:44,345631,710,540,,,Retained,,
2024,98,611,1,2,NSEI,8/9/2024 21:26,345631,710,560,,,Retained,,
2024,98,611,1,3,NSEI,8/10/2024 16:22,345631,710,620,,,Retained,,
2024,98,611,1,4,NSEI,8/10/2024 19:52,345631,710,590,,,Retained,,
2024,98,611,1,5,NSEI,8/11/2024 17:04,345701,710,530,,,Retained,,
2024,98,611,1,6,NSEI,8/11/2024 19:46,345701,710,560,,,Retained,,
2024,98,611,1,7,NSEI,8/12/2024 14:58,345701,710,540,,,Retained,,
2024,98,611,1,8,NSEI,8/12/2024 18:13,345701,710,560,,,Retained,,
2024,98,611,1,9,NSEI,8/13/2024 14:31,345701,710,510,,,Retained,,
2024,98,611,1,10,NSEI,8/13/2024 17:10,345701,710,560,,,Retained,,
2024,99,611,1,1,NSEI,8/9/2024 16:44,345631,710,680,,,Retained,,
2024,99,611,1,2,NSEI,8/9/2024 21:26,345631,710,620,,,Retained,,
2024,99,611,1,3,NSEI,8/10/2024 16:22,345631,710,540,,,Retained,,
2024,99,611,1,4,NSEI,8/10/2024 19:52,345631,710,500,,,Retained,,
2024,99,611,1,5,NSEI,8/11/2024 17:04,345701,710,560,,,Retained,,
2024,99,611,1,6,NSEI,8/11/2024 19:46,345701,710,570,,,Retained,,
2024,99,611,1,7,NSEI,8/12/2024 14:58,345701,710,590,,,Retained,,
2024,99,611,1,8,NSEI,8/12/2024 18:13,345701,710,610,,,Retained,,
2024,99,611,1,9,NSEI,8/13/2024 14:31,345701,710,510,,,Retained,,
2024,99,611,1,10,NSEI,8/13/2024 17:10,345701,710,640,,,Retained,,
2024,100,611,1,1,NSEI,8/9/2024 16:44,345631,710,610,,,Retained,,
2024,100,611,1,2,NSEI,8/9/2024 21:26,345631,710,550,,,Retained,,
2024,100,611,1,3,NSEI,8/10/2024 16:22,345631,710,650,,,Retained,,
2024,100,611,1,4,NSEI,8/10/2024 19:52,345631,710,580,,,Retained,,
2024,100,611,1,5,NSEI,8/11/2024 17:04,345701,710,500,,,Retained,,
2024,100,611,1,6,NSEI,8/11/2024 19:46,345701,710,570,,,Retained,,
2024,100,611,1,7,NSEI,8/12/2024 14:58,345701,710,760,,,Retained,,
2024,100,611,1,8,NSEI,8/12/2024 18:13,345701,710,600,,,Retained,,
2024,100,611,1,9,NSEI,8/13/2024 14:31,345701,710,640,,,Retained,,
2024,100,611,1,10,NSEI,8/13/2024 17:10,345701,710,540,,,Retained,,
2024,101,611,1,1,NSEI,8/9/2024 16:44,345631,710,670,,,Retained,,
2024,101,611,1,2,NSEI,8/9/2024 21:26,345631,710,600,,,Retained,,
2024,101,611,1,3,NSEI,8/10/2024 16:22,345631,710,580,,,Retained,,
2024,101,611,1,4,NSEI,8/10/2024 19:52,345631,710,570,,,Retained,,
2024,101,611,1,5,NSEI,8/11/2024 17:04,345701,710,570,,,Retained,,
2024,101,611,1,6,NSEI,8/11/2024 19:46,345701,710,500,,,Retained,,
2024,101,611,1,7,NSEI,8/12/2024 14:58,345701,710,620,,,Retained,,
2024,101,611,1,8,NSEI,8/12/2024 18:13,345701,710,570,,,Retained,,
2024,101,611,1,9,NSEI,8/13/2024 14:31,345701,710,500,,,Retained,,
2024,101,611,1,10,NSEI,8/13/2024 17:10,345701,710,580,,,Retained,,
2024,102,611,1,1,NSEI,8/9/2024 16:44,345631,710,550,,,Retained,,
2024,102,611,1,2,NSEI,8/9/2024 21:26,345631,710,710,,,Retained,,
2024,102,611,1,3,NSEI,8/10/2024 16:22,345631,710,520,,,Retained,,
2024,102,611,1,4,NSEI,8/10/2024 19:52,345631,710,590,,,Retained,,
2024,102,611,1,5,NSEI,8/11/2024 17:04,345701,710,630,,,Retained,,
2024,102,611,1,6,NSEI,8/11/2024 19:46,345701,710,670,,,Retained,,
2024,102,611,1,7,NSEI,8/12/2024 14:58,345701,710,560,,,Retained,,
2024,102,611,1,8,NSEI,8/12/2024 18:13,345701,710,690,,,Retained,,
2024,102,611,1,9,NSEI,8/13/2024 14:31,345701,710,580,,,Retained,,
2024,102,611,1,10,NSEI,8/13/2024 17:10,345701,710,580,,,Retained,,
2024,103,611,1,1,NSEI,8/9/2024 16:44,345631,710,600,,,Retained,,
2024,103,611,1,2,NSEI,8/9/2024 21:26,345631,710,670,,,Retained,,
2024,103,611,1,3,NSEI,8/10/2024 16:22,345631,710,560,,,Retained,,
2024,103,611,1,4,NSEI,8/10/2024 19:52,345631,710,620,,,Retained,,
2024,103,611,1,5,NSEI,8/11/2024 17:04,345701,710,560,,,Retained,,
2024,103,611,1,6,NSEI,8/11/2024 19:46,345701,710,580,,,Retained,,
2024,103,611,1,7,NSEI,8/12/2024 14:58,345701,710,530,,,Retained,,
2024,103,611,1,8,NSEI,8/12/2024 18:13,345701,710,610,,,Retained,,
2024,103,611,1,9,NSEI,8/13/2024 14:31,345701,710,580,,,Retained,,
2024,103,611,1,10,NSEI,8/13/2024 17:10,345701,710,560,,,Retained,,
2024,104,611,1,1,NSEI,8/9/2024 16:44,345631,710,530,,,Retained,,
2024,104,611,1,2,NSEI,8/9/2024 21:26,345631,710,540,,,Retained,,
2024,104,611,1,3,NSEI,8/10/2024 16:22,345631,710,520,,,Retained,,
2024,104,611,1,4,NSEI,8/10/2024 19:52,345631,710,650,,,Retained,,
2024,104,611,1,5,NSEI,8/11/2024 17:04,345701,710,460,,,Retained,,
2024,104,611,1,6,NSEI,8/11/2024 19:46,345701,710,580,,,Retained,,
2024,104,611,1,7,NSEI,8/12/2024 14:58,345701,710,590,,,Retained,,
2024,104,611,1,8,NSEI,8/12/2024 18:13,345701,710,580,,,Retained,,
2024,104,611,1,9,NSEI,8/13/2024 14:31,345701,710,700,,,Retained,,
2024,104,611,1,10,NSEI,8/13/2024 17:10,345701,710,510,,,Retained,,
2024,105,611,1,1,NSEI,8/9/2024 16:44,345631,710,700,,,Retained,,
2024,105,611,1,2,NSEI,8/9/2024 21:26,345631,710,630,,,Retained,,
2024,105,611,1,3,NSEI,8/10/2024 16:22,345631,710,560,,,Retained,,
2024,105,611,1,4,NSEI,8/10/2024 19:52,345631,710,560,,,Retained,,
2024,105,611,1,5,NSEI,8/11/2024 17:04,345701,710,620,,,Retained,,
2024,105,611,1,6,NSEI,8/11/2024 19:46,345701,710,560,,,Retained,,
2024,105,611,1,7,NSEI,8/12/2024 14:58,345701,710,650,,,Retained,,
2024,105,611,1,8,NSEI,8/12/2024 18:13,345701,710,550,,,Retained,,
2024,105,611,1,9,NSEI,8/13/2024 14:31,345701,710,680,,,Retained,,
2024,105,611,1,10,NSEI,8/13/2024 17:10,345701,710,570,,,Retained,,
2024,106,611,1,1,NSEI,8/9/2024 16:44,345631,710,660,,,Retained,,Gear parted line; lost pots 22-24.
2024,106,611,1,2,NSEI,8/9/2024 21:26,345631,710,540,,,Retained,,
2024,106,611,1,3,NSEI,8/10/2024 16:22,345631,710,550,,,Retained,,
2024,106,611,1,4,NSEI,8/10/2024 19:52,345631,710,580,,,Retained,,
2024,106,611,1,5,NSEI,8/11/2024 17:04,345701,710,630,,,Retained,,
2024,106,611,1,6,NSEI,8/11/2024 19:46,345701,710,630,,,Retained,,
2024,106,611,1,7,NSEI,8/12/2024 14:58,345701,710,560,,,Retained,,
2024,106,611,1,8,NSEI,8/12/2024 18:13,345701,710,540,,,Retained,,
2024,106,611,1,9,NSEI,8/13/2024 14:31,345701,710,660,,,Retained,,
2024,106,611,1,10,NSEI,8/13/2024 17:10,345701,710,660,,,Retained,,
2024,107,611,1,1,NSEI,8/9/2024 16:44,345631,710,530,,,Retained,,
2024,107,611,1,2,NSEI,8/9/2024 21:26,345631,710,900,,,Retained,,
2024,107,611,1,3,NSEI,8/10/2024 16:22,345631,710,630,,,Retained,,
2024,107,611,1,4,NSEI,8/10/2024 19:52,345631,710,530,,,Retained,,
2024,107,611,1,5,NSEI,8/11/2024 17:04,345701,710,630,,,Retained,,
2024,107,611,1,6,NSEI,8/11/2024 19:46,345701,710,550,,,Retained,,
2024,107,611,1,7,NSEI,8/12/2024 14:58,345701,710,590,,,Retained,,
2024,107,611,1,8,NSEI,8/12/2024 18:13,345701,710,570,,,Retained,,
2024,107,611,1,9,NSEI,8/13/2024 14:31,345701,710,580,,,Retained,,
2024,107,611,1,10,NSEI,8/13/2024 17:10,345701,710,510,,,Retained,,
2024,108,611,1,1,NSEI,8/9/2024 16:44,345631,710,630,,,Retained,,
2024,108,611,1,2,NSEI,8/9/2024 21:26,345631,710,550,,,Retained,,
2024,108,611,1,3,NSEI,8/10/2024 16:22,345631,710,520,,,Retained,,
2024,108,611,1,4,NSEI,8/10/2024 19:52,345631,710,480,,,Retained,,
2024,108,611,1,5,NSEI,8/11/2024 17:04,345701,710,680,,,Retained,,
2024,108,611,1,6,NSEI,8/11/2024 19:46,345701,710,620,,,Retained,,
2024,108,611,1,7,NSEI,8/12/2024 14:58,345701,710,520,,,Retained,,
2024,108,611,1,8,NSEI,8/12/2024 18:13,345701,710,690,,,Retained,,
2024,108,611,1,9,NSEI,8/13/2024 14:31,345701,710,610,,,Retained,,
2024,108,611,1,10,NSEI,8/13/2024 17:10,345701,710,540,,,Retained,,
2024,109,611,1,1,NSEI,8/9/2024 16:44,345631,710,590,,,Retained,,
2024,109,611,1,2,NSEI,8/9/2024 21:26,345631,710,580,,,Retained,,
2024,109,611,1,3,NSEI,8/10/2024 16:22,345631,710,580,,,Retained,,
2024,109,611,1,4,NSEI,8/10/2024 19:52,345631,710,670,,,Retained,,
2024,109,611,1,5,NSEI,8/11/2024 17:04,345701,710,560,,,Retained,,
2024,109,611,1,6,NSEI,8/11/2024 19:46,345701,710,660,,,Retained,,
2024,109,611,1,7,NSEI,8/12/2024 14:58,345701,710,670,,,Retained,,
2024,109,611,1,8,NSEI,8/12/2024 18:13,345701,710,670,,,Retained,,
2024,109,611,1,9,NSEI,8/13/2024 14:31,345701,710,580,,,Retained,,
2024,109,611,1,10,NSEI,8/13/2024 17:10,345701,710,540,,,Retained,,
2024,110,611,1,1,NSEI,8/9/2024 16:44,345631,710,610,,,Retained,,
2024,110,611,1,2,NSEI,8/9/2024 21:26,345631,710,650,,,Retained,,
2024,110,611,1,3,NSEI,8/10/2024 16:22,345631,710,650,,,Retained,,
2024,110,611,1,4,NSEI,8/10/2024 19:52,345631,710,570,,,Retained,,
2024,110,611,1,5,NSEI,8/11/2024 17:04,345701,710,550,,,Retained,,
2024,110,611,1,6,NSEI,8/11/2024 19:46,345701,710,570,,,Retained,,
2024,110,611,1,7,NSEI,8/12/2024 14:58,345701,710,490,,,Retained,,
2024,110,611,1,8,NSEI,8/12/2024 18:13,345701,710,610,,,Retained,,
2024,110,611,1,9,NSEI,8/13/2024 14:31,345701,710,600,,,Retained,,
2024,110,611,1,10,NSEI,8/13/2024 17:10,345701,710,490,,,Retained,,
2024,111,611,1,1,NSEI,8/9/2024 16:44,345631,710,630,,,Retained,,
2024,111,611,1,2,NSEI,8/9/2024 21:26,345631,710,600,,,Retained,,
2024,111,611,1,3,NSEI,8/10/2024 16:22,345631,710,730,,,Retained,,
2024,111,611,1,4,NSEI,8/10/2024 19:52,345631,710,640,,,Retained,,
2024,111,611,1,5,NSEI,8/11/2024 17:04,345701,710,630,,,Retained,,
2024,111,611,1,6,NSEI,8/11/2024 19:46,345701,710,640,,,Retained,,
2024,111,611,1,7,NSEI,8/12/2024 14:58,345701,710,540,,,Retained,,
2024,111,611,1,8,NSEI,8/12/2024 18:13,345701,710,690,,,Retained,,
2024,111,611,1,9,NSEI,8/13/2024 14:31,345701,710,560,,,Retained,,
2024,111,611,1,10,NSEI,8/13/2024 17:10,345701,710,620,,,Retained,,
2024,112,611,1,1,NSEI,8/9/2024 16:44,345631,710,480,,,Retained,,
2024,112,611,1,2,NSEI,8/9/2024 21:26,345631,710,580,,,Retained,,
2024,112,611,1,3,NSEI,8/10/2024 16:22,345631,710,550,,,Retained,,
2024,112,611,1,4,NSEI,8/10/2024 19:52,345631,710,590,,,Retained,,
2024,112,611,1,5,NSEI,8/11/2024 17:04,345701,710,590,,,Retained,,
2024,112,611,1,6,NSEI,8/11/2024 19:46,345701,710,530,,,Retained,,
2024,112,611,1,7,NSEI,8/12/2024 14:58,345701,710,670,,,Retained,,
2024,112,611,1,8,NSEI,8/12/2024 18:13,345701,710,650,,,Retained,,
2024,112,611,1,9,NSEI,8/13/2024 14:31,345701,710,620,,,Retained,,
2024,112,611,1,10,NSEI,8/13/2024 17:10,345701,710,640,,,Retained,,
2024,113,611,1,1,NSEI,8/9/2024 16:44,345631,710,580,,,Retained,,
2024,113,611,1,2,NSEI,8/9/2024 21:26,345631,710,870,,,Retained,,
2024,113,611,1,3,NSEI,8/10/2024 16:22,345631,710,580,,,Retained,,
2024,113,611,1,4,NSEI,8/10/2024 19:52,345631,710,530,,,Retained,,
2024,113,611,1,5,NSEI,8/11/2024 17:04,345701,710,560,,,Retained,,
2024,113,611,1,6,NSEI,8/11/2024 19:46,345701,710,530,,,Retained,,
2024,113,611,1,7,NSEI,8/12/2024 14:58,345701,710,520,,,Retained,,
2024,113,611,1,8,NSEI,8/12/2024 18:13,345701,710,640,,,Retained,,
2024,113,611,1,9,NSEI,8/13/2024 14:31,345701,710,570,,,Retained,,
2024,113,611,1,10,NSEI,8/13/2024 17:10,345701,710,600,,,Retained,,
2024,114,611,1,1,NSEI,8/9/2024 16:44,345631,710,870,,,Retained,,
2024,114,611,1,2,NSEI,8/9/2024 21:26,345631,710,620,,,Retained,,
2024,114,611,1,3,NSEI,8/10/2024 16:22,345631,710,730,,,Retained,,
2024,114,611,1,4,NSEI,8/10/2024 19:52,345631,710,560,,,Retained,,
2024,114,611,1,5,NSEI,8/11/2024 17:04,345701,710,530,,,Retained,,
2024,114,611,1,6,NSEI,8/11/2024 19:46,345701,710,470,,,Retained,,
2024,114,611,1,7,NSEI,8/12/2024 14:58,345701,710,560,,,Retained,,
2024,114,611,1,8,NSEI,8/12/2024 18:13,345701,710,610,,,Retained,,
2024,114,611,1,9,NSEI,8/13/2024 14:31,345701,710,560,,,Retained,,
2024,114,611,1,10,NSEI,8/13/2024 17:10,345701,710,520,,,Retained,,
2024,115,611,1,1,NSEI,8/9/2024 16:44,345631,710,490,,,Retained,,
2024,115,611,1,2,NSEI,8/9/2024 21:26,345631,710,560,,,Retained,,
2024,115,611,1,3,NSEI,8/10/2024 16:22,345631,710,490,,,Retained,,
2024,115,611,1,4,NSEI,8/10/2024 19:52,345631,710,570,,,Retained,,
2024,115,611,1,5,NSEI,8/11/2024 17:04,345701,710,530,,,Retained,,
2024,115,611,1,6,NSEI,8/11/2024 19:46,345701,710,730,,,Retained,,
2024,115,611,1,7,NSEI,8/12/2024 14:58,345701,710,640,,,Retained,,
2024,115,611,1,8,NSEI,8/12/2024 18:13,345701,710,630,,,Retained,,
2024,115,611,1,9,NSEI,8/13/2024 14:31,345701,710,530,,,Retained,,
2024,115,611,1,10,NSEI,8/13/2024 17:10,345701,710,600,,,Retained,,
2024,116,611,1,1,NSEI,8/9/2024 16:44,345631,710,600,,,Retained,,
2024,116,611,1,2,NSEI,8/9/2024 21:26,345631,710,650,,,Retained,,
2024,116,611,1,3,NSEI,8/10/2024 16:22,345631,710,550,,,Retained,,
2024,116,611,1,4,NSEI,8/10/2024 19:52,345631,710,580,,,Retained,,
2024,116,611,1,5,NSEI,8/11/2024 17:04,345701,710,560,,,Retained,,
2024,116,611,1,6,NSEI,8/11/2024 19:46,345701,710,560,,,Retained,,
2024,116,611,1,7,NSEI,8/12/2024 14:58,345701,710,560,,,Retained,,
2024,116,611,1,8,NSEI,8/12/2024 18:13,345701,710,540,,,Retained,,
2024,116,611,1,9,NSEI,8/13/2024 14:31,345701,710,570,,,Retained,,
2024,116,611,1,10,NSEI,8/13/2024 17:10,345701,710,590,,,Retained,,
2024,117,611,1,1,NSEI,8/9/2024 16:44,345631,710,550,,,Retained,,
2024,117,611,1,2,NSEI,8/9/2024 21:26,345631,710,580,,,Retained,,
2024,117,611,1,3,NSEI,8/10/2024 16:22,345631,710,650,,,Retained,,
2024,117,611,1,4,NSEI,8/10/2024 19:52,345631,710,590,,,Retained,,
2024,117,611,1,5,NSEI,8/11/2024 17:04,345701,710,620,,,Retained,,
2024,117,611,1,6,NSEI,8/11/2024 19:46,345701,710,560,,,Retained,,
2024,117,611,1,7,NSEI,8/12/2024 14:58,345701,710,580,,,Retained,,
2024,117,611,1,8,NSEI,8/12/2024 18:13,345701,710,650,,,Retained,,
2024,117,611,1,9,NSEI,8/13/2024 14:31,345701,710,650,,,Retained,,
2024,117,611,1,10,NSEI,8/13/2024 17:10,345701,710,680,,,Retained,,
2024,118,611,1,1,NSEI,8/9/2024 16:44,345631,710,690,,,Retained,,
2024,118,611,1,2,NSEI,8/9/2024 21:26,345631,710,560,,,Retained,,Bad biotwine
2024,118,611,1,3,NSEI,8/10/2024 16:22,345631,710,670,,,Retained,,
2024,118,611,1,4,NSEI,8/10/2024 19:52,345631,710,650,,,Retained,,
2024,118,611,1,5,NSEI,8/11/2024 17:04,345701,710,580,,,Retained,,
2024,118,611,1,6,NSEI,8/11/2024 19:46,345701,710,580,,,Retained,,
2024,118,611,1,7,NSEI,8/12/2024 14:58,345701,710,570,,,Retained,,
2024,118,611,1,8,NSEI,8/12/2024 18:13,345701,710,,,,Retained,,
2024,118,611,1,9,NSEI,8/13/2024 14:31,345701,710,700,,,Retained,,
2024,118,611,1,10,NSEI,8/13/2024 17:10,345701,710,590,,,Retained,,
2024,119,611,1,1,NSEI,8/9/2024 16:44,345631,710,590,,,Retained,,
2024,119,611,1,2,NSEI,8/9/2024 21:26,345631,710,710,,,Retained,,
2024,119,611,1,3,NSEI,8/10/2024 16:22,345631,710,670,,,Retained,,
2024,119,611,1,4,NSEI,8/10/2024 19:52,345631,710,630,,,Retained,,
2024,119,611,1,5,NSEI,8/11/2024 17:04,345701,710,530,,,Retained,,
2024,119,611,1,6,NSEI,8/11/2024 19:46,345701,710,620,,,Retained,,
2024,119,611,1,7,NSEI,8/12/2024 14:58,345701,710,570,,,Retained,,
2024,119,611,1,8,NSEI,8/12/2024 18:13,345701,710,,,,Retained,,
2024,119,611,1,9,NSEI,8/13/2024 14:31,345701,710,610,,,Retained,,
2024,119,611,1,10,NSEI,8/13/2024 17:10,345701,710,630,,,Retained,,
2024,120,611,1,1,NSEI,8/9/2024 16:44,345631,710,580,,,Retained,,
2024,120,611,1,2,NSEI,8/9/2024 21:26,345631,710,620,,,Retained,,
2024,120,611,1,3,NSEI,8/10/2024 16:22,345631,710,550,,,Retained,,
2024,120,611,1,4,NSEI,8/10/2024 19:52,345631,710,590,,,Retained,,
2024,120,611,1,5,NSEI,8/11/2024 17:04,345701,710,570,,,Retained,,
2024,120,611,1,6,NSEI,8/11/2024 19:46,345701,710,620,,,Retained,,
2024,120,611,1,7,NSEI,8/12/2024 14:58,345701,710,530,,,Retained,,
2024,120,611,1,8,NSEI,8/12/2024 18:13,345701,710,,,,Retained,,
2024,120,611,1,9,NSEI,8/13/2024 14:31,345701,710,620,,,Retained,,
2024,120,611,1,10,NSEI,8/13/2024 17:10,345701,710,600,,,Retained,,
2024,121,611,1,1,NSEI,8/9/2024 16:44,345631,710,610,,,Retained,,
2024,121,611,1,2,NSEI,8/9/2024 21:26,345631,710,700,,,Retained,,
2024,121,611,1,3,NSEI,8/10/2024 16:22,345631,710,590,,,Retained,,
2024,121,611,1,4,NSEI,8/10/2024 19:52,345631,710,640,,,Retained,,
2024,121,611,1,5,NSEI,8/11/2024 17:04,345701,710,620,,,Retained,,
2024,121,611,1,6,NSEI,8/11/2024 19:46,345701,710,580,,,Retained,,
2024,121,611,1,7,NSEI,8/12/2024 14:58,345701,710,560,,,Retained,,
2024,121,611,1,8,NSEI,8/12/2024 18:13,345701,710,,,,Retained,,
2024,121,611,1,9,NSEI,8/13/2024 14:31,345701,710,590,,,Retained,,
2024,121,611,1,10,NSEI,8/13/2024 17:10,345701,710,580,,,Retained,,
2024,122,611,1,1,NSEI,8/9/2024 16:44,345631,710,560,,,Retained,,
2024,122,611,1,2,NSEI,8/9/2024 21:26,345631,710,560,,,Retained,,
2024,122,611,1,3,NSEI,8/10/2024 16:22,345631,710,560,,,Retained,,
2024,122,611,1,4,NSEI,8/10/2024 19:52,345631,710,620,,,Retained,,
2024,122,611,1,5,NSEI,8/11/2024 17:04,345701,710,550,,,Retained,,
2024,122,611,1,6,NSEI,8/11/2024 19:46,345701,710,580,,,Retained,,
2024,122,611,1,7,NSEI,8/12/2024 14:58,345701,710,570,,,Retained,,
2024,122,611,1,8,NSEI,8/12/2024 18:13,345701,710,,,,Retained,,
2024,122,611,1,9,NSEI,8/13/2024 14:31,345701,710,660,,,Retained,,
2024,122,611,1,10,NSEI,8/13/2024 17:10,345701,710,580,,,Retained,,
2024,123,611,1,1,NSEI,8/9/2024 16:44,345631,710,590,,,Retained,,
2024,123,611,1,2,NSEI,8/9/2024 21:26,345631,710,580,,,Retained,,
2024,123,611,1,3,NSEI,8/10/2024 16:22,345631,710,630,,,Retained,,
2024,123,611,1,4,NSEI,8/10/2024 19:52,345631,710,660,,,Retained,,
2024,123,611,1,5,NSEI,8/11/2024 17:04,345701,710,460,,,Retained,,
2024,123,611,1,6,NSEI,8/11/2024 19:46,345701,710,670,,,Retained,,
2024,123,611,1,7,NSEI,8/12/2024 14:58,345701,710,570,,,Retained,,
2024,123,611,1,8,NSEI,8/12/2024 18:13,345701,710,,,,Retained,,
2024,123,611,1,9,NSEI,8/13/2024 14:31,345701,710,550,,,Retained,,
2024,123,611,1,10,NSEI,8/13/2024 17:10,345701,710,600,,,Retained,,
2024,124,611,1,1,NSEI,8/9/2024 16:44,345631,710,530,,,Retained,,
2024,124,611,1,2,NSEI,8/9/2024 21:26,345631,710,570,,,Retained,,
2024,124,611,1,3,NSEI,8/10/2024 16:22,345631,710,660,,,Retained,,
2024,124,611,1,4,NSEI,8/10/2024 19:52,345631,710,630,,,Retained,,
2024,124,611,1,5,NSEI,8/11/2024 17:04,345701,710,570,,,Retained,,
2024,124,611,1,6,NSEI,8/11/2024 19:46,345701,710,590,,,Retained,,
2024,124,611,1,7,NSEI,8/12/2024 14:58,345701,710,570,,,Retained,,
2024,124,611,1,8,NSEI,8/12/2024 18:13,345701,710,,,,Retained,,
2024,124,611,1,9,NSEI,8/13/2024 14:31,345701,710,610,,,Retained,,
2024,124,611,1,10,NSEI,8/13/2024 17:10,345701,710,660,,,Retained,,
2024,125,611,1,1,NSEI,8/9/2024 16:44,345631,710,580,,,Retained,,
2024,125,611,1,2,NSEI,8/9/2024 21:26,345631,710,560,,,Retained,,
2024,125,611,1,3,NSEI,8/10/2024 16:22,345631,710,620,,,Retained,,
2024,125,611,1,4,NSEI,8/10/2024 19:52,345631,710,620,,,Retained,,
2024,125,611,1,5,NSEI,8/11/2024 17:04,345701,710,630,,,Retained,,
2024,125,611,1,6,NSEI,8/11/2024 19:46,345701,710,590,,,Retained,,
2024,125,611,1,7,NSEI,8/12/2024 14:58,345701,710,720,,,Retained,,
2024,125,611,1,8,NSEI,8/12/2024 18:13,345701,710,,,,Retained,,
2024,125,611,1,9,NSEI,8/13/2024 14:31,345701,710,590,,,Retained,,
2024,125,611,1,10,NSEI,8/13/2024 17:10,345701,710,600,,,Retained,,
2024,126,611,1,1,NSEI,8/9/2024 16:44,345631,710,630,,,Retained,,
2024,126,611,1,2,NSEI,8/9/2024 21:26,345631,710,600,,,Retained,,
2024,126,611,1,3,NSEI,8/10/2024 16:22,345631,710,,,,Retained,,
2024,126,611,1,4,NSEI,8/10/2024 19:52,345631,710,550,,,Retained,,
2024,126,611,1,5,NSEI,8/11/2024 17:04,345701,710,570,,,Retained,,
2024,126,611,1,6,NSEI,8/11/2024 19:46,345701,710,610,,,Retained,,
2024,126,611,1,7,NSEI,8/12/2024 14:58,345701,710,560,,,Retained,,
2024,126,611,1,8,NSEI,8/12/2024 18:13,345701,710,,,,Retained,,
2024,126,611,1,9,NSEI,8/13/2024 14:31,345701,710,530,,,Retained,,
2024,126,611,1,10,NSEI,8/13/2024 17:10,345701,710,600,,,Retained,,
2024,127,611,1,1,NSEI,8/9/2024 16:44,345631,710,610,,,Retained,,
2024,127,611,1,2,NSEI,8/9/2024 21:26,345631,710,580,,,Retained,,
2024,127,611,1,3,NSEI,8/10/2024 16:22,345631,710,,,,Retained,,
2024,127,611,1,4,NSEI,8/10/2024 19:52,345631,710,530,,,Retained,,
2024,127,611,1,5,NSEI,8/11/2024 17:04,345701,710,640,,,Retained,,
2024,127,611,1,6,NSEI,8/11/2024 19:46,345701,710,670,,,Retained,,
2024,127,611,1,7,NSEI,8/12/2024 14:58,345701,710,570,,,Retained,,
2024,127,611,1,8,NSEI,8/12/2024 18:13,345701,710,,,,Retained,,
2024,127,611,1,9,NSEI,8/13/2024 14:31,345701,710,520,,,Retained,,
2024,127,611,1,10,NSEI,8/13/2024 17:10,345701,710,640,,,Retained,,
2024,128,611,1,1,NSEI,8/9/2024 16:44,345631,710,530,,,Retained,,
2024,128,611,1,2,NSEI,8/9/2024 21:26,345631,710,540,,,Retained,,
2024,128,611,1,3,NSEI,8/10/2024 16:22,345631,710,,,,Retained,,
2024,128,611,1,4,NSEI,8/10/2024 19:52,345631,710,570,,,Retained,,
2024,128,611,1,5,NSEI,8/11/2024 17:04,345701,710,640,,,Retained,,
2024,128,611,1,6,NSEI,8/11/2024 19:46,345701,710,570,,,Retained,,
2024,128,611,1,7,NSEI,8/12/2024 14:58,345701,710,640,,,Retained,,
2024,128,611,1,8,NSEI,8/12/2024 18:13,345701,710,,,,Retained,,
2024,128,611,1,9,NSEI,8/13/2024 14:31,345701,710,570,,,Retained,,
2024,128,611,1,10,NSEI,8/13/2024 17:10,345701,710,580,,,Retained,,
2024,129,611,1,1,NSEI,8/9/2024 16:44,345631,710,610,,,Retained,,
2024,129,611,1,2,NSEI,8/9/2024 21:26,345631,710,660,,,Retained,,Bad biotwine
2024,129,611,1,3,NSEI,8/10/2024 16:22,345631,710,,,,Retained,,
2024,129,611,1,4,NSEI,8/10/2024 19:52,345631,710,530,,,Retained,,
2024,129,611,1,5,NSEI,8/11/2024 17:04,345701,710,660,,,Retained,,
2024,129,611,1,6,NSEI,8/11/2024 19:46,345701,710,540,,,Retained,,
2024,129,611,1,7,NSEI,8/12/2024 14:58,345701,710,520,,,Retained,,
2024,129,611,1,8,NSEI,8/12/2024 18:13,345701,710,,,,Retained,,
2024,129,611,1,9,NSEI,8/13/2024 14:31,345701,710,500,,,Retained,,
2024,129,611,1,10,NSEI,8/13/2024 17:10,345701,710,610,,,Retained,,
2024,130,611,1,1,NSEI,8/9/2024 16:44,345631,710,500,,,Retained,,
2024,130,611,1,2,NSEI,8/9/2024 21:26,345631,710,530,,,Retained,,
2024,130,611,1,3,NSEI,8/10/2024 16:22,345631,710,,,,Retained,,
2024,130,611,1,4,NSEI,8/10/2024 19:52,345631,710,610,,,Retained,,
2024,130,611,1,5,NSEI,8/11/2024 17:04,345701,710,620,,,Retained,,
2024,130,611,1,6,NSEI,8/11/2024 19:46,345701,710,610,,,Retained,,
2024,130,611,1,7,NSEI,8/12/2024 14:58,345701,710,590,,,Retained,,
2024,130,611,1,8,NSEI,8/12/2024 18:13,345701,710,,,,Retained,,
2024,130,611,1,9,NSEI,8/13/2024 14:31,345701,710,500,,,Retained,,
2024,130,611,1,10,NSEI,8/13/2024 17:10,345701,710,740,,,Retained,,
2024,131,611,1,1,NSEI,8/9/2024 16:44,345631,710,590,,,Retained,,
2024,131,611,1,2,NSEI,8/9/2024 21:26,345631,710,660,,,Retained,,
2024,131,611,1,3,NSEI,8/10/2024 16:22,345631,710,,,,Retained,,
2024,131,611,1,4,NSEI,8/10/2024 19:52,345631,710,650,,,Retained,,
2024,131,611,1,5,NSEI,8/11/2024 17:04,345701,710,,,,Retained,,
2024,131,611,1,6,NSEI,8/11/2024 19:46,345701,710,660,,,Retained,,
2024,131,611,1,7,NSEI,8/12/2024 14:58,345701,710,600,,,Retained,,
2024,131,611,1,8,NSEI,8/12/2024 18:13,345701,710,,,,Retained,,
2024,131,611,1,9,NSEI,8/13/2024 14:31,345701,710,610,,,Retained,,
2024,131,611,1,10,NSEI,8/13/2024 17:10,345701,710,,,,Retained,,
2024,132,611,1,1,NSEI,8/9/2024 16:44,345631,710,570,,,Retained,,
2024,132,611,1,2,NSEI,8/9/2024 21:26,345631,710,550,,,Retained,,
2024,132,611,1,3,NSEI,8/10/2024 16:22,345631,710,,,,Retained,,
2024,132,611,1,4,NSEI,8/10/2024 19:52,345631,710,680,,,Retained,,
2024,132,611,1,5,NSEI,8/11/2024 17:04,345701,710,,,,Retained,,
2024,132,611,1,6,NSEI,8/11/2024 19:46,345701,710,620,,,Retained,,
2024,132,611,1,7,NSEI,8/12/2024 14:58,345701,710,570,,,Retained,,
2024,132,611,1,8,NSEI,8/12/2024 18:13,345701,710,,,,Retained,,
2024,132,611,1,9,NSEI,8/13/2024 14:31,345701,710,520,,,Retained,,
2024,132,611,1,10,NSEI,8/13/2024 17:10,345701,710,,,,Retained,,
2024,133,611,1,1,NSEI,8/9/2024 16:44,345631,710,540,,,Retained,,
2024,133,611,1,2,NSEI,8/9/2024 21:26,345631,710,590,,,Retained,,
2024,133,611,1,3,NSEI,8/10/2024 16:22,345631,710,,,,Retained,,
2024,133,611,1,4,NSEI,8/10/2024 19:52,345631,710,600,,,Retained,,
2024,133,611,1,5,NSEI,8/11/2024 17:04,345701,710,,,,Retained,,
2024,133,611,1,6,NSEI,8/11/2024 19:46,345701,710,560,,,Retained,,
2024,133,611,1,7,NSEI,8/12/2024 14:58,345701,710,650,,,Retained,,
2024,133,611,1,8,NSEI,8/12/2024 18:13,345701,710,,,,Retained,,
2024,133,611,1,9,NSEI,8/13/2024 14:31,345701,710,650,,,Retained,,
2024,133,611,1,10,NSEI,8/13/2024 17:10,345701,710,,,,Retained,,
2024,134,611,1,1,NSEI,8/9/2024 16:44,345631,710,580,,,Retained,,
2024,134,611,1,2,NSEI,8/9/2024 21:26,345631,710,650,,,Retained,,
2024,134,611,1,3,NSEI,8/10/2024 16:22,345631,710,,,,Retained,,
2024,134,611,1,4,NSEI,8/10/2024 19:52,345631,710,570,,,Retained,,
2024,134,611,1,5,NSEI,8/11/2024 17:04,345701,710,,,,Retained,,
2024,134,611,1,6,NSEI,8/11/2024 19:46,345701,710,630,,,Retained,,
2024,134,611,1,7,NSEI,8/12/2024 14:58,345701,710,550,,,Retained,,
2024,134,611,1,8,NSEI,8/12/2024 18:13,345701,710,,,,Retained,,
2024,134,611,1,9,NSEI,8/13/2024 14:31,345701,710,580,,,Retained,,
2024,134,611,1,10,NSEI,8/13/2024 17:10,345701,710,,,,Retained,,
2024,135,611,1,1,NSEI,8/9/2024 16:44,345631,710,620,,,Retained,,
2024,135,611,1,2,NSEI,8/9/2024 21:26,345631,710,580,,,Retained,,
2024,135,611,1,3,NSEI,8/10/2024 16:22,345631,710,,,,Retained,,
2024,135,611,1,4,NSEI,8/10/2024 19:52,345631,710,660,,,Retained,,
2024,135,611,1,5,NSEI,8/11/2024 17:04,345701,710,,,,Retained,,
2024,135,611,1,6,NSEI,8/11/2024 19:46,345701,710,500,,,Retained,,
2024,135,611,1,7,NSEI,8/12/2024 14:58,345701,710,560,,,Retained,,
2024,135,611,1,8,NSEI,8/12/2024 18:13,345701,710,,,,Retained,,
2024,135,611,1,9,NSEI,8/13/2024 14:31,345701,710,610,,,Retained,,
2024,135,611,1,10,NSEI,8/13/2024 17:10,345701,710,,,,Retained,,
2024,136,611,1,1,NSEI,8/9/2024 16:44,345631,710,,,,Retained,,
2024,136,611,1,2,NSEI,8/9/2024 21:26,345631,710,590,,,Retained,,
2024,136,611,1,3,NSEI,8/10/2024 16:22,345631,710,,,,Retained,,
2024,136,611,1,4,NSEI,8/10/2024 19:52,345631,710,660,,,Retained,,
2024,136,611,1,5,NSEI,8/11/2024 17:04,345701,710,,,,Retained,,
2024,136,611,1,6,NSEI,8/11/2024 19:46,345701,710,580,,,Retained,,
2024,136,611,1,7,NSEI,8/12/2024 14:58,345701,710,520,,,Retained,,
2024,136,611,1,8,NSEI,8/12/2024 18:13,345701,710,,,,Retained,,
2024,136,611,1,9,NSEI,8/13/2024 14:31,345701,710,530,,,Retained,,
2024,136,611,1,10,NSEI,8/13/2024 17:10,345701,710,,,,Retained,,
2024,137,611,1,1,NSEI,8/9/2024 16:44,345631,710,,,,Retained,,
2024,137,611,1,2,NSEI,8/9/2024 21:26,345631,710,600,,,Retained,,
2024,137,611,1,3,NSEI,8/10/2024 16:22,345631,710,,,,Retained,,
2024,137,611,1,4,NSEI,8/10/2024 19:52,345631,710,570,,,Retained,,
2024,137,611,1,5,NSEI,8/11/2024 17:04,345701,710,,,,Retained,,
2024,137,611,1,6,NSEI,8/11/2024 19:46,345701,710,590,,,Retained,,
2024,137,611,1,7,NSEI,8/12/2024 14:58,345701,710,570,,,Retained,,
2024,137,611,1,8,NSEI,8/12/2024 18:13,345701,710,,,,Retained,,
2024,137,611,1,9,NSEI,8/13/2024 14:31,345701,710,630,,,Retained,,
2024,137,611,1,10,NSEI,8/13/2024 17:10,345701,710,,,,Retained,,
2024,138,611,1,1,NSEI,8/9/2024 16:44,345631,710,,,,Retained,,
2024,138,611,1,2,NSEI,8/9/2024 21:26,345631,710,580,,,Retained,,
2024,138,611,1,3,NSEI,8/10/2024 16:22,345631,710,,,,Retained,,
2024,138,611,1,4,NSEI,8/10/2024 19:52,345631,710,560,,,Retained,,
2024,138,611,1,5,NSEI,8/11/2024 17:04,345701,710,,,,Retained,,
2024,138,611,1,6,NSEI,8/11/2024 19:46,345701,710,640,,,Retained,,
2024,138,611,1,7,NSEI,8/12/2024 14:58,345701,710,550,,,Retained,,
2024,138,611,1,8,NSEI,8/12/2024 18:13,345701,710,,,,Retained,,
2024,138,611,1,9,NSEI,8/13/2024 14:31,345701,710,630,,,Retained,,
2024,138,611,1,10,NSEI,8/13/2024 17:10,345701,710,,,,Retained,,
2024,139,611,1,1,NSEI,8/9/2024 16:44,345631,710,,,,Retained,,
2024,139,611,1,2,NSEI,8/9/2024 21:26,345631,710,,,,Retained,,
2024,139,611,1,3,NSEI,8/10/2024 16:22,345631,710,,,,Retained,,
2024,139,611,1,4,NSEI,8/10/2024 19:52,345631,710,560,,,Retained,,
2024,139,611,1,5,NSEI,8/11/2024 17:04,345701,710,,,,Retained,,
2024,139,611,1,6,NSEI,8/11/2024 19:46,345701,710,540,,,Retained,,
2024,139,611,1,7,NSEI,8/12/2024 14:58,345701,710,570,,,Retained,,
2024,139,611,1,8,NSEI,8/12/2024 18:13,345701,710,,,,Retained,,
2024,139,611,1,9,NSEI,8/13/2024 14:31,345701,710,630,,,Retained,,
2024,139,611,1,10,NSEI,8/13/2024 17:10,345701,710,,,,Retained,,
2024,140,611,1,1,NSEI,8/9/2024 16:44,345631,710,,,,Retained,,
2024,140,611,1,2,NSEI,8/9/2024 21:26,345631,710,,,,Retained,,
2024,140,611,1,3,NSEI,8/10/2024 16:22,345631,710,,,,Retained,,
2024,140,611,1,4,NSEI,8/10/2024 19:52,345631,710,590,,,Retained,,
2024,140,611,1,5,NSEI,8/11/2024 17:04,345701,710,,,,Retained,,
2024,140,611,1,6,NSEI,8/11/2024 19:46,345701,710,630,,,Retained,,
2024,140,611,1,7,NSEI,8/12/2024 14:58,345701,710,540,,,Retained,,
2024,140,611,1,8,NSEI,8/12/2024 18:13,345701,710,,,,Retained,,
2024,140,611,1,9,NSEI,8/13/2024 14:31,345701,710,600,,,Retained,,
2024,140,611,1,10,NSEI,8/13/2024 17:10,345701,710,,,,Retained,,
2024,141,611,1,1,NSEI,8/9/2024 16:44,345631,710,,,,Retained,,
2024,141,611,1,2,NSEI,8/9/2024 21:26,345631,710,,,,Retained,,
2024,141,611,1,3,NSEI,8/10/2024 16:22,345631,710,,,,Retained,,
2024,141,611,1,4,NSEI,8/10/2024 19:52,345631,710,570,,,Retained,,
2024,141,611,1,5,NSEI,8/11/2024 17:04,345701,710,,,,Retained,,
2024,141,611,1,6,NSEI,8/11/2024 19:46,345701,710,600,,,Retained,,
2024,141,611,1,7,NSEI,8/12/2024 14:58,345701,710,650,,,Retained,,
2024,141,611,1,8,NSEI,8/12/2024 18:13,345701,710,,,,Retained,,
2024,141,611,1,9,NSEI,8/13/2024 14:31,345701,710,590,,,Retained,,
2024,141,611,1,10,NSEI,8/13/2024 17:10,345701,710,,,,Retained,,
2024,142,611,1,1,NSEI,8/9/2024 16:44,345631,710,,,,Retained,,
2024,142,611,1,2,NSEI,8/9/2024 21:26,345631,710,,,,Retained,,
2024,142,611,1,3,NSEI,8/10/2024 16:22,345631,710,,,,Retained,,
2024,142,611,1,4,NSEI,8/10/2024 19:52,345631,710,540,,,Retained,,
2024,142,611,1,5,NSEI,8/11/2024 17:04,345701,710,,,,Retained,,
2024,142,611,1,6,NSEI,8/11/2024 19:46,345701,710,600,,,Retained,,
2024,142,611,1,7,NSEI,8/12/2024 14:58,345701,710,530,,,Retained,,
2024,142,611,1,8,NSEI,8/12/2024 18:13,345701,710,,,,Retained,,
2024,142,611,1,9,NSEI,8/13/2024 14:31,345701,710,540,,,Retained,,
2024,142,611,1,10,NSEI,8/13/2024 17:10,345701,710,,,,Retained,,
2024,143,611,1,1,NSEI,8/9/2024 16:44,345631,710,,,,Retained,,
2024,143,611,1,2,NSEI,8/9/2024 21:26,345631,710,,,,Retained,,
2024,143,611,1,3,NSEI,8/10/2024 16:22,345631,710,,,,Retained,,
2024,143,611,1,4,NSEI,8/10/2024 19:52,345631,710,670,,,Retained,,
2024,143,611,1,5,NSEI,8/11/2024 17:04,345701,710,,,,Retained,,
2024,143,611,1,6,NSEI,8/11/2024 19:46,345701,710,640,,,Retained,,
2024,143,611,1,7,NSEI,8/12/2024 14:58,345701,710,560,,,Retained,,
2024,143,611,1,8,NSEI,8/12/2024 18:13,345701,710,,,,Retained,,
2024,143,611,1,9,NSEI,8/13/2024 14:31,345701,710,630,,,Retained,,
2024,143,611,1,10,NSEI,8/13/2024 17:10,345701,710,,,,Retained,,
2024,144,611,1,1,NSEI,8/9/2024 16:44,345631,710,,,,Retained,,
2024,144,611,1,2,NSEI,8/9/2024 21:26,345631,710,,,,Retained,,
2024,144,611,1,3,NSEI,8/10/2024 16:22,345631,710,,,,Retained,,
2024,144,611,1,4,NSEI,8/10/2024 19:52,345631,710,560,,,Retained,,
2024,144,611,1,5,NSEI,8/11/2024 17:04,345701,710,,,,Retained,,
2024,144,611,1,6,NSEI,8/11/2024 19:46,345701,710,610,,,Retained,,
2024,144,611,1,7,NSEI,8/12/2024 14:58,345701,710,640,,,Retained,,
2024,144,611,1,8,NSEI,8/12/2024 18:13,345701,710,,,,Retained,,
2024,144,611,1,9,NSEI,8/13/2024 14:31,345701,710,730,,,Retained,,
2024,144,611,1,10,NSEI,8/13/2024 17:10,345701,710,,,,Retained,,
2024,145,611,1,1,NSEI,8/9/2024 16:44,345631,710,,,,Retained,,
2024,145,611,1,2,NSEI,8/9/2024 21:26,345631,710,,,,Retained,,
2024,145,611,1,3,NSEI,8/10/2024 16:22,345631,710,,,,Retained,,
2024,145,611,1,4,NSEI,8/10/2024 19:52,345631,710,710,,,Retained,,
2024,145,611,1,5,NSEI,8/11/2024 17:04,345701,710,,,,Retained,,
2024,145,611,1,6,NSEI,8/11/2024 19:46,345701,710,540,,,Retained,,
2024,145,611,1,7,NSEI,8/12/2024 14:58,345701,710,650,,,Retained,,
2024,145,611,1,8,NSEI,8/12/2024 18:13,345701,710,,,,Retained,,
2024,145,611,1,9,NSEI,8/13/2024 14:31,345701,710,620,,,Retained,,
2024,145,611,1,10,NSEI,8/13/2024 17:10,345701,710,,,,Retained,,
2024,146,611,1,1,NSEI,8/9/2024 16:44,345631,710,,,,Retained,,
2024,146,611,1,2,NSEI,8/9/2024 21:26,345631,710,,,,Retained,,
2024,146,611,1,3,NSEI,8/10/2024 16:22,345631,710,,,,Retained,,
2024,146,611,1,4,NSEI,8/10/2024 19:52,345631,710,610,,,Retained,,
2024,146,611,1,5,NSEI,8/11/2024 17:04,345701,710,,,,Retained,,
2024,146,611,1,6,NSEI,8/11/2024 19:46,345701,710,610,,,Retained,,
2024,146,611,1,7,NSEI,8/12/2024 14:58,345701,710,,,,Retained,,
2024,146,611,1,8,NSEI,8/12/2024 18:13,345701,710,,,,Retained,,
2024,146,611,1,9,NSEI,8/13/2024 14:31,345701,710,570,,,Retained,,
2024,146,611,1,10,NSEI,8/13/2024 17:10,345701,710,,,,Retained,,
2024,147,611,1,1,NSEI,8/9/2024 16:44,345631,710,,,,Retained,,
2024,147,611,1,2,NSEI,8/9/2024 21:26,345631,710,,,,Retained,,
2024,147,611,1,3,NSEI,8/10/2024 16:22,345631,710,,,,Retained,,
2024,147,611,1,4,NSEI,8/10/2024 19:52,345631,710,600,,,Retained,,
2024,147,611,1,5,NSEI,8/11/2024 17:04,345701,710,,,,Retained,,
2024,147,611,1,6,NSEI,8/11/2024 19:46,345701,710,640,,,Retained,,
2024,147,611,1,7,NSEI,8/12/2024 14:58,345701,710,,,,Retained,,
2024,147,611,1,8,NSEI,8/12/2024 18:13,345701,710,,,,Retained,,
2024,147,611,1,9,NSEI,8/13/2024 14:31,345701,710,560,,,Retained,,
2024,147,611,1,10,NSEI,8/13/2024 17:10,345701,710,,,,Retained,,
2024,148,611,1,1,NSEI,8/9/2024 16:44,345631,710,,,,Retained,,
2024,148,611,1,2,NSEI,8/9/2024 21:26,345631,710,,,,Retained,,
2024,148,611,1,3,NSEI,8/10/2024 16:22,345631,710,,,,Retained,,
2024,148,611,1,4,NSEI,8/10/2024 19:52,345631,710,590,,,Retained,,
2024,148,611,1,5,NSEI,8/11/2024 17:04,345701,710,,,,Retained,,
2024,148,611,1,6,NSEI,8/11/2024 19:46,345701,710,580,,,Retained,,
2024,148,611,1,7,NSEI,8/12/2024 14:58,345701,710,,,,Retained,,
2024,148,611,1,8,NSEI,8/12/2024 18:13,345701,710,,,,Retained,,
2024,148,611,1,9,NSEI,8/13/2024 14:31,345701,710,510,,,Retained,,
2024,148,611,1,10,NSEI,8/13/2024 17:10,345701,710,,,,Retained,,
2024,149,611,1,1,NSEI,8/9/2024 16:44,345631,710,,,,Retained,,
2024,149,611,1,2,NSEI,8/9/2024 21:26,345631,710,,,,Retained,,
2024,149,611,1,3,NSEI,8/10/2024 16:22,345631,710,,,,Retained,,
2024,149,611,1,4,NSEI,8/10/2024 19:52,345631,710,630,,,Retained,,
2024,149,611,1,5,NSEI,8/11/2024 17:04,345701,710,,,,Retained,,
2024,149,611,1,6,NSEI,8/11/2024 19:46,345701,710,600,,,Retained,,
2024,149,611,1,7,NSEI,8/12/2024 14:58,345701,710,,,,Retained,,
2024,149,611,1,8,NSEI,8/12/2024 18:13,345701,710,,,,Retained,,
2024,149,611,1,9,NSEI,8/13/2024 14:31,345701,710,590,,,Retained,,
2024,149,611,1,10,NSEI,8/13/2024 17:10,345701,710,,,,Retained,,
2024,150,611,1,1,NSEI,8/9/2024 16:44,345631,710,,,,Retained,,
2024,150,611,1,2,NSEI,8/9/2024 21:26,345631,710,,,,Retained,,
2024,150,611,1,3,NSEI,8/10/2024 16:22,345631,710,,,,Retained,,
2024,150,611,1,4,NSEI,8/10/2024 19:52,345631,710,580,,,Retained,,
2024,150,611,1,5,NSEI,8/11/2024 17:04,345701,710,,,,Retained,,
2024,150,611,1,6,NSEI,8/11/2024 19:46,345701,710,,,,Retained,,
2024,150,611,1,7,NSEI,8/12/2024 14:58,345701,710,,,,Retained,,
2024,150,611,1,8,NSEI,8/12/2024 18:13,345701,710,,,,Retained,,
2024,150,611,1,9,NSEI,8/13/2024 14:31,345701,710,,,,Retained,,
2024,150,611,1,10,NSEI,8/13/2024 17:10,345701,710,,,,Retained,,
2024,151,611,1,1,NSEI,8/9/2024 16:44,345631,710,,,,Retained,,
2024,151,611,1,2,NSEI,8/9/2024 21:26,345631,710,,,,Retained,,
2024,151,611,1,3,NSEI,8/10/2024 16:22,345631,710,,,,Retained,,
2024,151,611,1,4,NSEI,8/10/2024 19:52,345631,710,,,,Retained,,
2024,151,611,1,5,NSEI,8/11/2024 17:04,345701,710,,,,Retained,,
2024,151,611,1,6,NSEI,8/11/2024 19:46,345701,710,,,,Retained,,
2024,151,611,1,7,NSEI,8/12/2024 14:58,345701,710,,,,Retained,,
2024,151,611,1,8,NSEI,8/12/2024 18:13,345701,710,,,,Retained,,
2024,151,611,1,9,NSEI,8/13/2024 14:31,345701,710,,,,Retained,,
2024,151,611,1,10,NSEI,8/13/2024 17:10,345701,710,,,,Retained,,
2024,152,611,1,1,NSEI,8/9/2024 16:44,345631,710,,,,Retained,,
2024,152,611,1,2,NSEI,8/9/2024 21:26,345631,710,,,,Retained,,
2024,152,611,1,3,NSEI,8/10/2024 16:22,345631,710,,,,Retained,,
2024,152,611,1,4,NSEI,8/10/2024 19:52,345631,710,,,,Retained,,
2024,152,611,1,5,NSEI,8/11/2024 17:04,345701,710,,,,Retained,,
2024,152,611,1,6,NSEI,8/11/2024 19:46,345701,710,,,,Retained,,
2024,152,611,1,7,NSEI,8/12/2024 14:58,345701,710,,,,Retained,,
2024,152,611,1,8,NSEI,8/12/2024 18:13,345701,710,,,,Retained,,
2024,152,611,1,9,NSEI,8/13/2024 14:31,345701,710,,,,Retained,,
2024,152,611,1,10,NSEI,8/13/2024 17:10,345701,710,,,,Retained,,
2024,153,611,1,1,NSEI,8/9/2024 16:44,345631,710,,,,Retained,,
2024,153,611,1,2,NSEI,8/9/2024 21:26,345631,710,,,,Retained,,
2024,153,611,1,3,NSEI,8/10/2024 16:22,345631,710,,,,Retained,,
2024,153,611,1,4,NSEI,8/10/2024 19:52,345631,710,,,,Retained,,
2024,153,611,1,5,NSEI,8/11/2024 17:04,345701,710,,,,Retained,,
2024,153,611,1,6,NSEI,8/11/2024 19:46,345701,710,,,,Retained,,
2024,153,611,1,7,NSEI,8/12/2024 14:58,345701,710,,,,Retained,,
2024,153,611,1,8,NSEI,8/12/2024 18:13,345701,710,,,,Retained,,
2024,153,611,1,9,NSEI,8/13/2024 14:31,345701,710,,,,Retained,,
2024,153,611,1,10,NSEI,8/13/2024 17:10,345701,710,,,,Retained,,
2024,154,611,1,1,NSEI,8/9/2024 16:44,345631,710,,,,Retained,,
2024,154,611,1,2,NSEI,8/9/2024 21:26,345631,710,,,,Retained,,
2024,154,611,1,3,NSEI,8/10/2024 16:22,345631,710,,,,Retained,,
2024,154,611,1,4,NSEI,8/10/2024 19:52,345631,710,,,,Retained,,
2024,154,611,1,5,NSEI,8/11/2024 17:04,345701,710,,,,Retained,,
2024,154,611,1,6,NSEI,8/11/2024 19:46,345701,710,,,,Retained,,
2024,154,611,1,7,NSEI,8/12/2024 14:58,345701,710,,,,Retained,,
2024,154,611,1,8,NSEI,8/12/2024 18:13,345701,710,,,,Retained,,
2024,154,611,1,9,NSEI,8/13/2024 14:31,345701,710,,,,Retained,,
2024,154,611,1,10,NSEI,8/13/2024 17:10,345701,710,,,,Retained,,
2024,155,611,1,1,NSEI,8/9/2024 16:44,345631,710,,,,Retained,,
2024,155,611,1,2,NSEI,8/9/2024 21:26,345631,710,,,,Retained,,
2024,155,611,1,3,NSEI,8/10/2024 16:22,345631,710,,,,Retained,,
2024,155,611,1,4,NSEI,8/10/2024 19:52,345631,710,,,,Retained,,
2024,155,611,1,5,NSEI,8/11/2024 17:04,345701,710,,,,Retained,,
2024,155,611,1,6,NSEI,8/11/2024 19:46,345701,710,,,,Retained,,
2024,155,611,1,7,NSEI,8/12/2024 14:58,345701,710,,,,Retained,,
2024,155,611,1,8,NSEI,8/12/2024 18:13,345701,710,,,,Retained,,
2024,155,611,1,9,NSEI,8/13/2024 14:31,345701,710,,,,Retained,,
2024,155,611,1,10,NSEI,8/13/2024 17:10,345701,710,,,,Retained,,
2024,156,611,1,1,NSEI,8/9/2024 16:44,345631,710,,,,Retained,,
2024,156,611,1,2,NSEI,8/9/2024 21:26,345631,710,,,,Retained,,
2024,156,611,1,3,NSEI,8/10/2024 16:22,345631,710,,,,Retained,,
2024,156,611,1,4,NSEI,8/10/2024 19:52,345631,710,,,,Retained,,
2024,156,611,1,5,NSEI,8/11/2024 17:04,345701,710,,,,Retained,,
2024,156,611,1,6,NSEI,8/11/2024 19:46,345701,710,,,,Retained,,
2024,156,611,1,7,NSEI,8/12/2024 14:58,345701,710,,,,Retained,,
2024,156,611,1,8,NSEI,8/12/2024 18:13,345701,710,,,,Retained,,
2024,156,611,1,9,NSEI,8/13/2024 14:31,345701,710,,,,Retained,,
2024,156,611,1,10,NSEI,8/13/2024 17:10,345701,710,,,,Retained,,
2024,157,611,1,1,NSEI,8/9/2024 16:44,345631,710,,,,Retained,,
2024,157,611,1,2,NSEI,8/9/2024 21:26,345631,710,,,,Retained,,
2024,157,611,1,3,NSEI,8/10/2024 16:22,345631,710,,,,Retained,,
2024,157,611,1,4,NSEI,8/10/2024 19:52,345631,710,,,,Retained,,
2024,157,611,1,5,NSEI,8/11/2024 17:04,345701,710,,,,Retained,,
2024,157,611,1,6,NSEI,8/11/2024 19:46,345701,710,,,,Retained,,
2024,157,611,1,7,NSEI,8/12/2024 14:58,345701,710,,,,Retained,,
2024,157,611,1,8,NSEI,8/12/2024 18:13,345701,710,,,,Retained,,
2024,157,611,1,9,NSEI,8/13/2024 14:31,345701,710,,,,Retained,,
2024,157,611,1,10,NSEI,8/13/2024 17:10,345701,710,,,,Retained,,
2024,158,611,1,1,NSEI,8/9/2024 16:44,345631,710,,,,Retained,,
2024,158,611,1,2,NSEI,8/9/2024 21:26,345631,710,,,,Retained,,
2024,158,611,1,3,NSEI,8/10/2024 16:22,345631,710,,,,Retained,,
2024,158,611,1,4,NSEI,8/10/2024 19:52,345631,710,,,,Retained,,
2024,158,611,1,5,NSEI,8/11/2024 17:04,345701,710,,,,Retained,,
2024,158,611,1,6,NSEI,8/11/2024 19:46,345701,710,,,,Retained,,
2024,158,611,1,7,NSEI,8/12/2024 14:58,345701,710,,,,Retained,,
2024,158,611,1,8,NSEI,8/12/2024 18:13,345701,710,,,,Retained,,
2024,158,611,1,9,NSEI,8/13/2024 14:31,345701,710,,,,Retained,,
2024,158,611,1,10,NSEI,8/13/2024 17:10,345701,710,,,,Retained,,
2024,159,611,1,1,NSEI,8/9/2024 16:44,345631,710,,,,Retained,,
2024,159,611,1,2,NSEI,8/9/2024 21:26,345631,710,,,,Retained,,
2024,159,611,1,3,NSEI,8/10/2024 16:22,345631,710,,,,Retained,,
2024,159,611,1,4,NSEI,8/10/2024 19:52,345631,710,,,,Retained,,
2024,159,611,1,5,NSEI,8/11/2024 17:04,345701,710,,,,Retained,,
2024,159,611,1,6,NSEI,8/11/2024 19:46,345701,710,,,,Retained,,
2024,159,611,1,7,NSEI,8/12/2024 14:58,345701,710,,,,Retained,,
2024,159,611,1,8,NSEI,8/12/2024 18:13,345701,710,,,,Retained,,
2024,159,611,1,9,NSEI,8/13/2024 14:31,345701,710,,,,Retained,,
2024,159,611,1,10,NSEI,8/13/2024 17:10,345701,710,,,,Retained,,
2024,160,611,1,1,NSEI,8/9/2024 16:44,345631,710,,,,Retained,,
2024,160,611,1,2,NSEI,8/9/2024 21:26,345631,710,,,,Retained,,
2024,160,611,1,3,NSEI,8/10/2024 16:22,345631,710,,,,Retained,,
2024,160,611,1,4,NSEI,8/10/2024 19:52,345631,710,,,,Retained,,
2024,160,611,1,5,NSEI,8/11/2024 17:04,345701,710,,,,Retained,,
2024,160,611,1,6,NSEI,8/11/2024 19:46,345701,710,,,,Retained,,
2024,160,611,1,7,NSEI,8/12/2024 14:58,345701,710,,,,Retained,,
2024,160,611,1,8,NSEI,8/12/2024 18:13,345701,710,,,,Retained,,
2024,160,611,1,9,NSEI,8/13/2024 14:31,345701,710,,,,Retained,,
2024,160,611,1,10,NSEI,8/13/2024 17:10,345701,710,,,,Retained,,
2024,161,611,1,1,NSEI,8/9/2024 16:44,345631,710,,,,Retained,,
2024,161,611,1,2,NSEI,8/9/2024 21:26,345631,710,,,,Retained,,
2024,161,611,1,3,NSEI,8/10/2024 16:22,345631,710,,,,Retained,,
2024,161,611,1,4,NSEI,8/10/2024 19:52,345631,710,,,,Retained,,
2024,161,611,1,5,NSEI,8/11/2024 17:04,345701,710,,,,Retained,,
2024,161,611,1,6,NSEI,8/11/2024 19:46,345701,710,,,,Retained,,
2024,161,611,1,7,NSEI,8/12/2024 14:58,345701,710,,,,Retained,,
2024,161,611,1,8,NSEI,8/12/2024 18:13,345701,710,,,,Retained,,
2024,161,611,1,9,NSEI,8/13/2024 14:31,345701,710,,,,Retained,,
2024,161,611,1,10,NSEI,8/13/2024 17:10,345701,710,,,,Retained,,
2024,162,611,1,1,NSEI,8/9/2024 16:44,345631,710,,,,Retained,,
2024,162,611,1,2,NSEI,8/9/2024 21:26,345631,710,,,,Retained,,
2024,162,611,1,3,NSEI,8/10/2024 16:22,345631,710,,,,Retained,,
2024,162,611,1,4,NSEI,8/10/2024 19:52,345631,710,,,,Retained,,
2024,162,611,1,5,NSEI,8/11/2024 17:04,345701,710,,,,Retained,,
2024,162,611,1,6,NSEI,8/11/2024 19:46,345701,710,,,,"Discarded, too small",,
2024,162,611,1,7,NSEI,8/12/2024 14:58,345701,710,,,,Retained,,
2024,162,611,1,8,NSEI,8/12/2024 18:13,345701,710,,,,Retained,,
2024,162,611,1,9,NSEI,8/13/2024 14:31,345701,710,,,,Retained,,
2024,162,611,1,10,NSEI,8/13/2024 17:10,345701,710,,,,Retained,,
2024,163,611,1,1,NSEI,8/9/2024 16:44,345631,710,,,,Retained,,
2024,163,611,1,2,NSEI,8/9/2024 21:26,345631,710,,,,Retained,,
2024,163,611,1,3,NSEI,8/10/2024 16:22,345631,710,,,,Retained,,
2024,163,611,1,4,NSEI,8/10/2024 19:52,345631,710,,,,Retained,,
2024,163,611,1,5,NSEI,8/11/2024 17:04,345701,710,,,,Retained,,
2024,163,611,1,6,NSEI,8/11/2024 19:46,345701,710,,,,Retained,,
2024,163,611,1,7,NSEI,8/12/2024 14:58,345701,710,,,,Retained,,
2024,163,611,1,8,NSEI,8/12/2024 18:13,345701,710,,,,Retained,,
2024,163,611,1,9,NSEI,8/13/2024 14:31,345701,710,,,,Retained,,
2024,163,611,1,10,NSEI,8/13/2024 17:10,345701,710,,,,Retained,,
2024,164,611,1,1,NSEI,8/9/2024 16:44,345631,710,,,,Retained,,
2024,164,611,1,2,NSEI,8/9/2024 21:26,345631,710,,,,Retained,,
2024,164,611,1,3,NSEI,8/10/2024 16:22,345631,710,,,,Retained,,
2024,164,611,1,4,NSEI,8/10/2024 19:52,345631,710,,,,Retained,,
2024,164,611,1,5,NSEI,8/11/2024 17:04,345701,710,,,,Retained,,
2024,164,611,1,6,NSEI,8/11/2024 19:46,345701,710,,,,Retained,,
2024,164,611,1,7,NSEI,8/12/2024 14:58,345701,710,,,,Retained,,
2024,164,611,1,8,NSEI,8/12/2024 18:13,345701,710,,,,Retained,,
2024,164,611,1,9,NSEI,8/13/2024 14:31,345701,710,,,,Retained,,
2024,164,611,1,10,NSEI,8/13/2024 17:10,345701,710,,,,Retained,,
2024,165,611,1,1,NSEI,8/9/2024 16:44,345631,710,,,,Retained,,
2024,165,611,1,2,NSEI,8/9/2024 21:26,345631,710,,,,Retained,,
2024,165,611,1,3,NSEI,8/10/2024 16:22,345631,710,,,,Retained,,
2024,165,611,1,4,NSEI,8/10/2024 19:52,345631,710,,,,Retained,,
2024,165,611,1,5,NSEI,8/11/2024 17:04,345701,710,,,,Retained,,
2024,165,611,1,6,NSEI,8/11/2024 19:46,345701,710,,,,Retained,,
2024,165,611,1,7,NSEI,8/12/2024 14:58,345701,710,,,,Retained,,
2024,165,611,1,8,NSEI,8/12/2024 18:13,345701,710,,,,Retained,,
2024,165,611,1,9,NSEI,8/13/2024 14:31,345701,710,,,,Retained,,
2024,165,611,1,10,NSEI,8/13/2024 17:10,345701,710,,,,Retained,,
2024,166,611,1,1,NSEI,8/9/2024 16:44,345631,710,,,,Retained,,
2024,166,611,1,2,NSEI,8/9/2024 21:26,345631,710,,,,Retained,,
2024,166,611,1,3,NSEI,8/10/2024 16:22,345631,710,,,,Retained,,
2024,166,611,1,4,NSEI,8/10/2024 19:52,345631,710,,,,Retained,,
2024,166,611,1,5,NSEI,8/11/2024 17:04,345701,710,,,,Retained,,
2024,166,611,1,6,NSEI,8/11/2024 19:46,345701,710,,,,Retained,,
2024,166,611,1,7,NSEI,8/12/2024 14:58,345701,710,,,,Retained,,
2024,166,611,1,8,NSEI,8/12/2024 18:13,345701,710,,,,Retained,,
2024,166,611,1,9,NSEI,8/13/2024 14:31,345701,710,,,,Retained,,
2024,166,611,1,10,NSEI,8/13/2024 17:10,345701,710,,,,Retained,,
2024,167,611,1,1,NSEI,8/9/2024 16:44,345631,710,,,,Retained,,
2024,167,611,1,2,NSEI,8/9/2024 21:26,345631,710,,,,Retained,,
2024,167,611,1,3,NSEI,8/10/2024 16:22,345631,710,,,,Retained,,
2024,167,611,1,4,NSEI,8/10/2024 19:52,345631,710,,,,Retained,,
2024,167,611,1,5,NSEI,8/11/2024 17:04,345701,710,,,,Retained,,
2024,167,611,1,6,NSEI,8/11/2024 19:46,345701,710,,,,"Discarded, too small",,
2024,167,611,1,7,NSEI,8/12/2024 14:58,345701,710,,,,Retained,,
2024,167,611,1,8,NSEI,8/12/2024 18:13,345701,710,,,,Retained,,
2024,167,611,1,9,NSEI,8/13/2024 14:31,345701,710,,,,Retained,,
2024,167,611,1,10,NSEI,8/13/2024 17:10,345701,710,,,,Retained,,
2024,168,611,1,1,NSEI,8/9/2024 16:44,345631,710,,,,Retained,,
2024,168,611,1,2,NSEI,8/9/2024 21:26,345631,710,,,,Retained,,
2024,168,611,1,3,NSEI,8/10/2024 16:22,345631,710,,,,Retained,,
2024,168,611,1,4,NSEI,8/10/2024 19:52,345631,710,,,,Retained,,
2024,168,611,1,5,NSEI,8/11/2024 17:04,345701,710,,,,Retained,,
2024,168,611,1,6,NSEI,8/11/2024 19:46,345701,710,,,,Retained,,
2024,168,611,1,7,NSEI,8/12/2024 14:58,345701,710,,,,Retained,,
2024,168,611,1,8,NSEI,8/12/2024 18:13,345701,710,,,,Retained,,
2024,168,611,1,9,NSEI,8/13/2024 14:31,345701,710,,,,Retained,,
2024,168,611,1,10,NSEI,8/13/2024 17:10,345701,710,,,,Retained,,
2024,169,611,1,1,NSEI,8/9/2024 16:44,345631,710,,,,Retained,,
2024,169,611,1,2,NSEI,8/9/2024 21:26,345631,710,,,,Retained,,
2024,169,611,1,3,NSEI,8/10/2024 16:22,345631,710,,,,Retained,,
2024,169,611,1,4,NSEI,8/10/2024 19:52,345631,710,,,,Retained,,
2024,169,611,1,5,NSEI,8/11/2024 17:04,345701,710,,,,Retained,,
2024,169,611,1,6,NSEI,8/11/2024 19:46,345701,710,,,,Retained,,
2024,169,611,1,7,NSEI,8/12/2024 14:58,345701,710,,,,Retained,,
2024,169,611,1,8,NSEI,8/12/2024 18:13,345701,710,,,,Retained,,
2024,169,611,1,9,NSEI,8/13/2024 14:31,345701,710,,,,Retained,,
2024,169,611,1,10,NSEI,8/13/2024 17:10,345701,710,,,,Retained,,
2024,170,611,1,1,NSEI,8/9/2024 16:44,345631,710,,,,Retained,,
2024,170,611,1,2,NSEI,8/9/2024 21:26,345631,710,,,,Retained,,
2024,170,611,1,3,NSEI,8/10/2024 16:22,345631,710,,,,Retained,,
2024,170,611,1,4,NSEI,8/10/2024 19:52,345631,710,,,,Retained,,
2024,170,611,1,5,NSEI,8/11/2024 17:04,345701,710,,,,Retained,,
2024,170,611,1,6,NSEI,8/11/2024 19:46,345701,710,,,,Retained,,
2024,170,611,1,7,NSEI,8/12/2024 14:58,345701,710,,,,Retained,,
2024,170,611,1,8,NSEI,8/12/2024 18:13,345701,710,,,,Retained,,
2024,170,611,1,9,NSEI,8/13/2024 14:31,345701,710,,,,Retained,,
2024,170,611,1,10,NSEI,8/13/2024 17:10,345701,710,,,,Retained,,
2024,171,611,1,1,NSEI,8/9/2024 16:44,345631,710,,,,Retained,,
2024,171,611,1,2,NSEI,8/9/2024 21:26,345631,710,,,,Retained,,
2024,171,611,1,3,NSEI,8/10/2024 16:22,345631,710,,,,Retained,,
2024,171,611,1,4,NSEI,8/10/2024 19:52,345631,710,,,,Retained,,
2024,171,611,1,5,NSEI,8/11/2024 17:04,345701,710,,,,Retained,,
2024,171,611,1,6,NSEI,8/11/2024 19:46,345701,710,,,,Retained,,
2024,171,611,1,7,NSEI,8/12/2024 14:58,345701,710,,,,Retained,,
2024,171,611,1,8,NSEI,8/12/2024 18:13,345701,710,,,,Retained,,
2024,171,611,1,9,NSEI,8/13/2024 14:31,345701,710,,,,Retained,,
2024,171,611,1,10,NSEI,8/13/2024 17:10,345701,710,,,,Retained,,
2024,172,611,1,1,NSEI,8/9/2024 16:44,345631,710,,,,Retained,,
2024,172,611,1,2,NSEI,8/9/2024 21:26,345631,710,,,,Retained,,
2024,172,611,1,3,NSEI,8/10/2024 16:22,345631,710,,,,Retained,,
2024,172,611,1,4,NSEI,8/10/2024 19:52,345631,710,,,,Retained,,
2024,172,611,1,5,NSEI,8/11/2024 17:04,345701,710,,,,Retained,,
2024,172,611,1,6,NSEI,8/11/2024 19:46,345701,710,,,,Retained,,
2024,172,611,1,7,NSEI,8/12/2024 14:58,345701,710,,,,"Discarded, too small",,
2024,172,611,1,8,NSEI,8/12/2024 18:13,345701,710,,,,Retained,,
2024,172,611,1,9,NSEI,8/13/2024 14:31,345701,710,,,,Retained,,
2024,172,611,1,10,NSEI,8/13/2024 17:10,345701,710,,,,Retained,,
2024,173,611,1,1,NSEI,8/9/2024 16:44,345631,710,,,,Retained,,
2024,173,611,1,2,NSEI,8/9/2024 21:26,345631,710,,,,Retained,,
2024,173,611,1,3,NSEI,8/10/2024 16:22,345631,710,,,,Retained,,
2024,173,611,1,4,NSEI,8/10/2024 19:52,345631,710,,,,Retained,,
2024,173,611,1,5,NSEI,8/11/2024 17:04,345701,710,,,,Retained,,
2024,173,611,1,6,NSEI,8/11/2024 19:46,345701,710,,,,Retained,,
2024,173,611,1,7,NSEI,8/12/2024 14:58,345701,710,,,,"Discarded, too small",,
2024,173,611,1,8,NSEI,8/12/2024 18:13,345701,710,,,,Retained,,
2024,173,611,1,9,NSEI,8/13/2024 14:31,345701,710,,,,Retained,,
2024,173,611,1,10,NSEI,8/13/2024 17:10,345701,710,,,,Retained,,
2024,174,611,1,1,NSEI,8/9/2024 16:44,345631,710,,,,Retained,,
2024,174,611,1,2,NSEI,8/9/2024 21:26,345631,710,,,,Retained,,
2024,174,611,1,3,NSEI,8/10/2024 16:22,345631,710,,,,Retained,,
2024,174,611,1,4,NSEI,8/10/2024 19:52,345631,710,,,,Retained,,
2024,174,611,1,5,NSEI,8/11/2024 17:04,345701,710,,,,Retained,,
2024,174,611,1,6,NSEI,8/11/2024 19:46,345701,710,,,,Retained,,
2024,174,611,1,7,NSEI,8/12/2024 14:58,345701,710,,,,Retained,,
2024,174,611,1,8,NSEI,8/12/2024 18:13,345701,710,,,,Retained,,
2024,174,611,1,9,NSEI,8/13/2024 14:31,345701,710,,,,Retained,,
2024,174,611,1,10,NSEI,8/13/2024 17:10,345701,710,,,,Retained,,
2024,175,611,1,1,NSEI,8/9/2024 16:44,345631,710,,,,Retained,,
2024,175,611,1,2,NSEI,8/9/2024 21:26,345631,710,,,,Retained,,
2024,175,611,1,3,NSEI,8/10/2024 16:22,345631,710,,,,Retained,,
2024,175,611,1,4,NSEI,8/10/2024 19:52,345631,710,,,,Retained,,
2024,175,611,1,5,NSEI,8/11/2024 17:04,345701,710,,,,Retained,,
2024,175,611,1,6,NSEI,8/11/2024 19:46,345701,710,,,,Retained,,
2024,175,611,1,7,NSEI,8/12/2024 14:58,345701,710,,,,Retained,,
2024,175,611,1,8,NSEI,8/12/2024 18:13,345701,710,,,,Retained,,
2024,175,611,1,9,NSEI,8/13/2024 14:31,345701,710,,,,Retained,,
2024,175,611,1,10,NSEI,8/13/2024 17:10,345701,710,,,,Retained,,
2024,176,611,1,1,NSEI,8/9/2024 16:44,345631,710,,,,Retained,,
2024,176,611,1,2,NSEI,8/9/2024 21:26,345631,710,,,,Retained,,
2024,176,611,1,3,NSEI,8/10/2024 16:22,345631,710,,,,Retained,,
2024,176,611,1,4,NSEI,8/10/2024 19:52,345631,710,,,,Retained,,
2024,176,611,1,5,NSEI,8/11/2024 17:04,345701,710,,,,Retained,,
2024,176,611,1,6,NSEI,8/11/2024 19:46,345701,710,,,,Retained,,
2024,176,611,1,7,NSEI,8/12/2024 14:58,345701,710,,,,Retained,,
2024,176,611,1,8,NSEI,8/12/2024 18:13,345701,710,,,,Retained,,
2024,176,611,1,9,NSEI,8/13/2024 14:31,345701,710,,,,Retained,,
2024,176,611,1,10,NSEI,8/13/2024 17:10,345701,710,,,,Retained,,
2024,177,611,1,1,NSEI,8/9/2024 16:44,345631,710,,,,Retained,,
2024,177,611,1,2,NSEI,8/9/2024 21:26,345631,710,,,,Retained,,
2024,177,611,1,3,NSEI,8/10/2024 16:22,345631,710,,,,Retained,,
2024,177,611,1,4,NSEI,8/10/2024 19:52,345631,710,,,,Retained,,
2024,177,611,1,5,NSEI,8/11/2024 17:04,345701,710,,,,Retained,,
2024,177,611,1,6,NSEI,8/11/2024 19:46,345701,710,,,,Retained,,
2024,177,611,1,7,NSEI,8/12/2024 14:58,345701,710,,,,Retained,,
2024,177,611,1,8,NSEI,8/12/2024 18:13,345701,710,,,,Retained,,
2024,177,611,1,9,NSEI,8/13/2024 14:31,345701,710,,,,Retained,,
2024,177,611,1,10,NSEI,8/13/2024 17:10,345701,710,,,,Retained,,
2024,178,611,1,1,NSEI,8/9/2024 16:44,345631,710,,,,Retained,,
2024,178,611,1,2,NSEI,8/9/2024 21:26,345631,710,,,,Retained,,
2024,178,611,1,3,NSEI,8/10/2024 16:22,345631,710,,,,Retained,,
2024,178,611,1,4,NSEI,8/10/2024 19:52,345631,710,,,,Retained,,
2024,178,611,1,5,NSEI,8/11/2024 17:04,345701,710,,,,Retained,,
2024,178,611,1,6,NSEI,8/11/2024 19:46,345701,710,,,,Retained,,
2024,178,611,1,7,NSEI,8/12/2024 14:58,345701,710,,,,Retained,,
2024,178,611,1,8,NSEI,8/12/2024 18:13,345701,710,,,,Retained,,
2024,178,611,1,9,NSEI,8/13/2024 14:31,345701,710,,,,Retained,,
2024,178,611,1,10,NSEI,8/13/2024 17:10,345701,710,,,,Retained,,
2024,179,611,1,1,NSEI,8/9/2024 16:44,345631,710,,,,Retained,,
2024,179,611,1,2,NSEI,8/9/2024 21:26,345631,710,,,,Retained,,
2024,179,611,1,3,NSEI,8/10/2024 16:22,345631,710,,,,Retained,,
2024,179,611,1,4,NSEI,8/10/2024 19:52,345631,710,,,,Retained,,
2024,179,611,1,5,NSEI,8/11/2024 17:04,345701,710,,,,Retained,,
2024,179,611,1,6,NSEI,8/11/2024 19:46,345701,710,,,,Retained,,
2024,179,611,1,7,NSEI,8/12/2024 14:58,345701,710,,,,Retained,,
2024,179,611,1,8,NSEI,8/12/2024 18:13,345701,710,,,,Retained,,
2024,179,611,1,9,NSEI,8/13/2024 14:31,345701,710,,,,Retained,,
2024,179,611,1,10,NSEI,8/13/2024 17:10,345701,710,,,,Retained,,
2024,180,611,1,1,NSEI,8/9/2024 16:44,345631,710,,,,Retained,,
2024,180,611,1,2,NSEI,8/9/2024 21:26,345631,710,,,,Retained,,
2024,180,611,1,3,NSEI,8/10/2024 16:22,345631,710,,,,Retained,,
2024,180,611,1,4,NSEI,8/10/2024 19:52,345631,710,,,,Retained,,
2024,180,611,1,5,NSEI,8/11/2024 17:04,345701,710,,,,Retained,,
2024,180,611,1,6,NSEI,8/11/2024 19:46,345701,710,,,,Retained,,
2024,180,611,1,7,NSEI,8/12/2024 14:58,345701,710,,,,Retained,,
2024,180,611,1,8,NSEI,8/12/2024 18:13,345701,710,,,,Retained,,
2024,180,611,1,9,NSEI,8/13/2024 14:31,345701,710,,,,Retained,,
2024,180,611,1,10,NSEI,8/13/2024 17:10,345701,710,,,,Retained,,
2024,181,611,1,1,NSEI,8/9/2024 16:44,345631,710,,,,Retained,,
2024,181,611,1,2,NSEI,8/9/2024 21:26,345631,710,,,,Retained,,
2024,181,611,1,3,NSEI,8/10/2024 16:22,345631,710,,,,Retained,,
2024,181,611,1,4,NSEI,8/10/2024 19:52,345631,710,,,,Retained,,
2024,181,611,1,5,NSEI,8/11/2024 17:04,345701,710,,,,Retained,,
2024,181,611,1,6,NSEI,8/11/2024 19:46,345701,710,,,,Retained,,
2024,181,611,1,7,NSEI,8/12/2024 14:58,345701,710,,,,Retained,,
2024,181,611,1,8,NSEI,8/12/2024 18:13,345701,710,,,,Retained,,
2024,181,611,1,9,NSEI,8/13/2024 14:31,345701,710,,,,Retained,,
2024,181,611,1,10,NSEI,8/13/2024 17:10,345701,710,,,,Retained,,
2024,182,611,1,1,NSEI,8/9/2024 16:44,345631,710,,,,Retained,,
2024,182,611,1,2,NSEI,8/9/2024 21:26,345631,710,,,,Retained,,
2024,182,611,1,3,NSEI,8/10/2024 16:22,345631,710,,,,Retained,,
2024,182,611,1,4,NSEI,8/10/2024 19:52,345631,710,,,,Retained,,
2024,182,611,1,5,NSEI,8/11/2024 17:04,345701,710,,,,Retained,,
2024,182,611,1,6,NSEI,8/11/2024 19:46,345701,710,,,,Retained,,
2024,182,611,1,7,NSEI,8/12/2024 14:58,345701,710,,,,Retained,,
2024,182,611,1,8,NSEI,8/12/2024 18:13,345701,710,,,,Retained,,
2024,182,611,1,9,NSEI,8/13/2024 14:31,345701,710,,,,Retained,,
2024,182,611,1,10,NSEI,8/13/2024 17:10,345701,710,,,,Retained,,
2024,183,611,1,1,NSEI,8/9/2024 16:44,345631,710,,,,Retained,,
2024,183,611,1,2,NSEI,8/9/2024 21:26,345631,710,,,,Retained,,
2024,183,611,1,3,NSEI,8/10/2024 16:22,345631,710,,,,Retained,,
2024,183,611,1,4,NSEI,8/10/2024 19:52,345631,710,,,,Retained,,
2024,183,611,1,5,NSEI,8/11/2024 17:04,345701,710,,,,Retained,,
2024,183,611,1,6,NSEI,8/11/2024 19:46,345701,710,,,,Retained,,
2024,183,611,1,7,NSEI,8/12/2024 14:58,345701,710,,,,Retained,,
2024,183,611,1,8,NSEI,8/12/2024 18:13,345701,710,,,,Retained,,
2024,183,611,1,9,NSEI,8/13/2024 14:31,345701,710,,,,Retained,,
2024,183,611,1,10,NSEI,8/13/2024 17:10,345701,710,,,,Retained,,
2024,184,611,1,1,NSEI,8/9/2024 16:44,345631,710,,,,Retained,,
2024,184,611,1,2,NSEI,8/9/2024 21:26,345631,710,,,,Retained,,
2024,184,611,1,3,NSEI,8/10/2024 16:22,345631,710,,,,Retained,,
2024,184,611,1,4,NSEI,8/10/2024 19:52,345631,710,,,,Retained,,
2024,184,611,1,5,NSEI,8/11/2024 17:04,345701,710,,,,Retained,,
2024,184,611,1,6,NSEI,8/11/2024 19:46,345701,710,,,,Retained,,
2024,184,611,1,7,NSEI,8/12/2024 14:58,345701,710,,,,Retained,,
2024,184,611,1,8,NSEI,8/12/2024 18:13,345701,710,,,,Retained,,
2024,184,611,1,9,NSEI,8/13/2024 14:31,345701,710,,,,Retained,,
2024,184,611,1,10,NSEI,8/13/2024 17:10,345701,710,,,,Retained,,
2024,185,611,1,1,NSEI,8/9/2024 16:44,345631,710,,,,Retained,,
2024,185,611,1,2,NSEI,8/9/2024 21:26,345631,710,,,,Retained,,
2024,185,611,1,3,NSEI,8/10/2024 16:22,345631,710,,,,Retained,,
2024,185,611,1,4,NSEI,8/10/2024 19:52,345631,710,,,,Retained,,
2024,185,611,1,5,NSEI,8/11/2024 17:04,345701,710,,,,Retained,,
2024,185,611,1,6,NSEI,8/11/2024 19:46,345701,710,,,,Retained,,
2024,185,611,1,7,NSEI,8/12/2024 14:58,345701,710,,,,Retained,,
2024,185,611,1,8,NSEI,8/12/2024 18:13,345701,710,,,,Retained,,
2024,185,611,1,9,NSEI,8/13/2024 14:31,345701,710,,,,Retained,,
2024,185,611,1,10,NSEI,8/13/2024 17:10,345701,710,,,,Retained,,
2024,186,611,1,1,NSEI,8/9/2024 16:44,345631,710,,,,Retained,,
2024,186,611,1,2,NSEI,8/9/2024 21:26,345631,710,,,,Retained,,
2024,186,611,1,3,NSEI,8/10/2024 16:22,345631,710,,,,Retained,,
2024,186,611,1,4,NSEI,8/10/2024 19:52,345631,710,,,,Retained,,
2024,186,611,1,5,NSEI,8/11/2024 17:04,345701,710,,,,Retained,,
2024,186,611,1,6,NSEI,8/11/2024 19:46,345701,710,,,,Retained,,
2024,186,611,1,7,NSEI,8/12/2024 14:58,345701,710,,,,Retained,,
2024,186,611,1,8,NSEI,8/12/2024 18:13,345701,710,,,,Retained,,
2024,186,611,1,9,NSEI,8/13/2024 14:31,345701,710,,,,Retained,,
2024,186,611,1,10,NSEI,8/13/2024 17:10,345701,710,,,,Retained,,
2024,187,611,1,1,NSEI,8/9/2024 16:44,345631,710,,,,Retained,,
2024,187,611,1,2,NSEI,8/9/2024 21:26,345631,710,,,,Retained,,
2024,187,611,1,3,NSEI,8/10/2024 16:22,345631,710,,,,Retained,,
2024,187,611,1,4,NSEI,8/10/2024 19:52,345631,710,,,,Retained,,
2024,187,611,1,5,NSEI,8/11/2024 17:04,345701,710,,,,Retained,,
2024,187,611,1,6,NSEI,8/11/2024 19:46,345701,710,,,,Retained,,
2024,187,611,1,7,NSEI,8/12/2024 14:58,345701,710,,,,Retained,,
2024,187,611,1,8,NSEI,8/12/2024 18:13,345701,710,,,,Retained,,
2024,187,611,1,9,NSEI,8/13/2024 14:31,345701,710,,,,Retained,,
2024,187,611,1,10,NSEI,8/13/2024 17:10,345701,710,,,,Retained,,
2024,188,611,1,1,NSEI,8/9/2024 16:44,345631,710,,,,Retained,,
2024,188,611,1,2,NSEI,8/9/2024 21:26,345631,710,,,,Retained,,
2024,188,611,1,3,NSEI,8/10/2024 16:22,345631,710,,,,Retained,,
2024,188,611,1,4,NSEI,8/10/2024 19:52,345631,710,,,,Retained,,
2024,188,611,1,5,NSEI,8/11/2024 17:04,345701,710,,,,Retained,,
2024,188,611,1,6,NSEI,8/11/2024 19:46,345701,710,,,,Retained,,
2024,188,611,1,7,NSEI,8/12/2024 14:58,345701,710,,,,Retained,,
2024,188,611,1,8,NSEI,8/12/2024 18:13,345701,710,,,,Retained,,
2024,188,611,1,9,NSEI,8/13/2024 14:31,345701,710,,,,Retained,,
2024,188,611,1,10,NSEI,8/13/2024 17:10,345701,710,,,,Retained,,
2024,189,611,1,1,NSEI,8/9/2024 16:44,345631,710,,,,Retained,,
2024,189,611,1,2,NSEI,8/9/2024 21:26,345631,710,,,,Retained,,
2024,189,611,1,3,NSEI,8/10/2024 16:22,345631,710,,,,Retained,,
2024,189,611,1,4,NSEI,8/10/2024 19:52,345631,710,,,,Retained,,
2024,189,611,1,5,NSEI,8/11/2024 17:04,345701,710,,,,Retained,,
2024,189,611,1,6,NSEI,8/11/2024 19:46,345701,710,,,,Retained,,
2024,189,611,1,7,NSEI,8/12/2024 14:58,345701,710,,,,Retained,,
2024,189,611,1,8,NSEI,8/12/2024 18:13,345701,710,,,,Retained,,
2024,189,611,1,9,NSEI,8/13/2024 14:31,345701,710,,,,Retained,,
2024,189,611,1,10,NSEI,8/13/2024 17:10,345701,710,,,,Retained,,
2024,190,611,1,1,NSEI,8/9/2024 16:44,345631,710,,,,Retained,,
2024,190,611,1,2,NSEI,8/9/2024 21:26,345631,710,,,,Retained,,
2024,190,611,1,3,NSEI,8/10/2024 16:22,345631,710,,,,Retained,,
2024,190,611,1,4,NSEI,8/10/2024 19:52,345631,710,,,,Retained,,
2024,190,611,1,5,NSEI,8/11/2024 17:04,345701,710,,,,Retained,,
2024,190,611,1,6,NSEI,8/11/2024 19:46,345701,710,,,,Retained,,
2024,190,611,1,7,NSEI,8/12/2024 14:58,345701,710,,,,Retained,,
2024,190,611,1,8,NSEI,8/12/2024 18:13,345701,710,,,,Retained,,
2024,190,611,1,9,NSEI,8/13/2024 14:31,345701,710,,,,Retained,,
2024,190,611,1,10,NSEI,8/13/2024 17:10,345701,710,,,,Retained,,
2024,191,611,1,1,NSEI,8/9/2024 16:44,345631,710,,,,Retained,,
2024,191,611,1,2,NSEI,8/9/2024 21:26,345631,710,,,,Retained,,
2024,191,611,1,3,NSEI,8/10/2024 16:22,345631,710,,,,Retained,,
2024,191,611,1,4,NSEI,8/10/2024 19:52,345631,710,,,,Retained,,
2024,191,611,1,5,NSEI,8/11/2024 17:04,345701,710,,,,Retained,,
2024,191,611,1,6,NSEI,8/11/2024 19:46,345701,710,,,,Retained,,
2024,191,611,1,7,NSEI,8/12/2024 14:58,345701,710,,,,Retained,,
2024,191,611,1,8,NSEI,8/12/2024 18:13,345701,710,,,,Retained,,
2024,191,611,1,9,NSEI,8/13/2024 14:31,345701,710,,,,Retained,,
2024,191,611,1,10,NSEI,8/13/2024 17:10,345701,710,,,,Retained,,
2024,192,611,1,1,NSEI,8/9/2024 16:44,345631,710,,,,Retained,,
2024,192,611,1,2,NSEI,8/9/2024 21:26,345631,710,,,,Retained,,
2024,192,611,1,3,NSEI,8/10/2024 16:22,345631,710,,,,Retained,,
2024,192,611,1,4,NSEI,8/10/2024 19:52,345631,710,,,,Retained,,
2024,192,611,1,5,NSEI,8/11/2024 17:04,345701,710,,,,Retained,,
2024,192,611,1,6,NSEI,8/11/2024 19:46,345701,710,,,,Retained,,
2024,192,611,1,7,NSEI,8/12/2024 14:58,345701,710,,,,Retained,,
2024,192,611,1,8,NSEI,8/12/2024 18:13,345701,710,,,,Retained,,
2024,192,611,1,9,NSEI,8/13/2024 14:31,345701,710,,,,Retained,,
2024,192,611,1,10,NSEI,8/13/2024 17:10,345701,710,,,,Retained,,
2024,193,611,1,1,NSEI,8/9/2024 16:44,345631,710,,,,Retained,,
2024,193,611,1,2,NSEI,8/9/2024 21:26,345631,710,,,,Retained,,
2024,193,611,1,3,NSEI,8/10/2024 16:22,345631,710,,,,Retained,,
2024,193,611,1,4,NSEI,8/10/2024 19:52,345631,710,,,,Retained,,
2024,193,611,1,5,NSEI,8/11/2024 17:04,345701,710,,,,Retained,,
2024,193,611,1,6,NSEI,8/11/2024 19:46,345701,710,,,,Retained,,
2024,193,611,1,7,NSEI,8/12/2024 14:58,345701,710,,,,Retained,,
2024,193,611,1,8,NSEI,8/12/2024 18:13,345701,710,,,,Retained,,
2024,193,611,1,9,NSEI,8/13/2024 14:31,345701,710,,,,Retained,,
2024,193,611,1,10,NSEI,8/13/2024 17:10,345701,710,,,,Retained,,
2024,194,611,1,1,NSEI,8/9/2024 16:44,345631,710,,,,Retained,,
2024,194,611,1,2,NSEI,8/9/2024 21:26,345631,710,,,,Retained,,
2024,194,611,1,3,NSEI,8/10/2024 16:22,345631,710,,,,Retained,,
2024,194,611,1,4,NSEI,8/10/2024 19:52,345631,710,,,,Retained,,
2024,194,611,1,5,NSEI,8/11/2024 17:04,345701,710,,,,Retained,,
2024,194,611,1,6,NSEI,8/11/2024 19:46,345701,710,,,,Retained,,
2024,194,611,1,7,NSEI,8/12/2024 14:58,345701,710,,,,Retained,,
2024,194,611,1,8,NSEI,8/12/2024 18:13,345701,710,,,,Retained,,
2024,194,611,1,9,NSEI,8/13/2024 14:31,345701,710,,,,Retained,,
2024,194,611,1,10,NSEI,8/13/2024 17:10,345701,710,,,,Retained,,
2024,195,611,1,1,NSEI,8/9/2024 16:44,345631,710,,,,Retained,,
2024,195,611,1,2,NSEI,8/9/2024 21:26,345631,710,,,,Retained,,
2024,195,611,1,3,NSEI,8/10/2024 16:22,345631,710,,,,Retained,,
2024,195,611,1,4,NSEI,8/10/2024 19:52,345631,710,,,,Retained,,
2024,195,611,1,5,NSEI,8/11/2024 17:04,345701,710,,,,Retained,,
2024,195,611,1,6,NSEI,8/11/2024 19:46,345701,710,,,,Retained,,
2024,195,611,1,7,NSEI,8/12/2024 14:58,345701,710,,,,Retained,,
2024,195,611,1,8,NSEI,8/12/2024 18:13,345701,710,,,,Retained,,
2024,195,611,1,9,NSEI,8/13/2024 14:31,345701,710,,,,Retained,,
2024,195,611,1,10,NSEI,8/13/2024 17:10,345701,710,,,,Retained,,
2024,196,611,1,1,NSEI,8/9/2024 16:44,345631,710,,,,Retained,,
2024,196,611,1,2,NSEI,8/9/2024 21:26,345631,710,,,,Retained,,
2024,196,611,1,3,NSEI,8/10/2024 16:22,345631,710,,,,Retained,,
2024,196,611,1,4,NSEI,8/10/2024 19:52,345631,710,,,,Retained,,
2024,196,611,1,5,NSEI,8/11/2024 17:04,345701,710,,,,Retained,,
2024,196,611,1,6,NSEI,8/11/2024 19:46,345701,710,,,,Retained,,
2024,196,611,1,7,NSEI,8/12/2024 14:58,345701,710,,,,Retained,,
2024,196,611,1,8,NSEI,8/12/2024 18:13,345701,710,,,,Retained,,
2024,196,611,1,9,NSEI,8/13/2024 14:31,345701,710,,,,Retained,,
2024,196,611,1,10,NSEI,8/13/2024 17:10,345701,710,,,,Retained,,
2024,197,611,1,1,NSEI,8/9/2024 16:44,345631,710,,,,Retained,,
2024,197,611,1,2,NSEI,8/9/2024 21:26,345631,710,,,,Retained,,
2024,197,611,1,3,NSEI,8/10/2024 16:22,345631,710,,,,Retained,,
2024,197,611,1,4,NSEI,8/10/2024 19:52,345631,710,,,,Retained,,
2024,197,611,1,5,NSEI,8/11/2024 17:04,345701,710,,,,Retained,,
2024,197,611,1,6,NSEI,8/11/2024 19:46,345701,710,,,,Retained,,
2024,197,611,1,7,NSEI,8/12/2024 14:58,345701,710,,,,Retained,,
2024,197,611,1,8,NSEI,8/12/2024 18:13,345701,710,,,,Retained,,
2024,197,611,1,9,NSEI,8/13/2024 14:31,345701,710,,,,Retained,,
2024,197,611,1,10,NSEI,8/13/2024 17:10,345701,710,,,,Retained,,
2024,198,611,1,1,NSEI,8/9/2024 16:44,345631,710,,,,Retained,,
2024,198,611,1,2,NSEI,8/9/2024 21:26,345631,710,,,,Retained,,
2024,198,611,1,3,NSEI,8/10/2024 16:22,345631,710,,,,Retained,,
2024,198,611,1,4,NSEI,8/10/2024 19:52,345631,710,,,,Retained,,
2024,198,611,1,5,NSEI,8/11/2024 17:04,345701,710,,,,Retained,,
2024,198,611,1,6,NSEI,8/11/2024 19:46,345701,710,,,,Retained,,
2024,198,611,1,7,NSEI,8/12/2024 14:58,345701,710,,,,Retained,,
2024,198,611,1,8,NSEI,8/12/2024 18:13,345701,710,,,,Retained,,
2024,198,611,1,9,NSEI,8/13/2024 14:31,345701,710,,,,Retained,,
2024,198,611,1,10,NSEI,8/13/2024 17:10,345701,710,,,,Retained,,
2024,199,611,1,1,NSEI,8/9/2024 16:44,345631,710,,,,Retained,,
2024,199,611,1,2,NSEI,8/9/2024 21:26,345631,710,,,,Retained,,
2024,199,611,1,3,NSEI,8/10/2024 16:22,345631,710,,,,Retained,,
2024,199,611,1,4,NSEI,8/10/2024 19:52,345631,710,,,,Retained,,
2024,199,611,1,5,NSEI,8/11/2024 17:04,345701,710,,,,Retained,,
2024,199,611,1,6,NSEI,8/11/2024 19:46,345701,710,,,,Retained,,
2024,199,611,1,7,NSEI,8/12/2024 14:58,345701,710,,,,Retained,,
2024,199,611,1,8,NSEI,8/12/2024 18:13,345701,710,,,,Retained,,
2024,199,611,1,9,NSEI,8/13/2024 14:31,345701,710,,,,Retained,,
2024,199,611,1,10,NSEI,8/13/2024 17:10,345701,710,,,,Retained,,
2024,200,611,1,1,NSEI,8/9/2024 16:44,345631,710,,,,Retained,,
2024,200,611,1,2,NSEI,8/9/2024 21:26,345631,710,,,,Retained,,
2024,200,611,1,3,NSEI,8/10/2024 16:22,345631,710,,,,Retained,,
2024,200,611,1,4,NSEI,8/10/2024 19:52,345631,710,,,,Retained,,
2024,200,611,1,5,NSEI,8/11/2024 17:04,345701,710,,,,Retained,,
2024,200,611,1,6,NSEI,8/11/2024 19:46,345701,710,,,,Retained,,
2024,200,611,1,7,NSEI,8/12/2024 14:58,345701,710,,,,Retained,,
2024,200,611,1,8,NSEI,8/12/2024 18:13,345701,710,,,,Retained,,
2024,200,611,1,9,NSEI,8/13/2024 14:31,345701,710,,,,Retained,,
2024,200,611,1,10,NSEI,8/13/2024 17:10,345701,710,,,,Retained,,
2024,201,611,1,1,NSEI,8/9/2024 16:44,345631,710,,,,Retained,,
2024,201,611,1,2,NSEI,8/9/2024 21:26,345631,710,,,,Retained,,
2024,201,611,1,3,NSEI,8/10/2024 16:22,345631,710,,,,Retained,,
2024,201,611,1,4,NSEI,8/10/2024 19:52,345631,710,,,,Retained,,
2024,201,611,1,5,NSEI,8/11/2024 17:04,345701,710,,,,Retained,,
2024,201,611,1,6,NSEI,8/11/2024 19:46,345701,710,,,,Retained,,
2024,201,611,1,7,NSEI,8/12/2024 14:58,345701,710,,,,Retained,,
2024,201,611,1,8,NSEI,8/12/2024 18:13,345701,710,,,,Retained,,
2024,201,611,1,9,NSEI,8/13/2024 14:31,345701,710,,,,Retained,,
2024,201,611,1,10,NSEI,8/13/2024 17:10,345701,710,,,,Retained,,
2024,202,611,1,1,NSEI,8/9/2024 16:44,345631,710,,,,Retained,,
2024,202,611,1,2,NSEI,8/9/2024 21:26,345631,710,,,,Retained,,
2024,202,611,1,3,NSEI,8/10/2024 16:22,345631,710,,,,Retained,,
2024,202,611,1,4,NSEI,8/10/2024 19:52,345631,710,,,,Retained,,
2024,202,611,1,5,NSEI,8/11/2024 17:04,345701,710,,,,Retained,,
2024,202,611,1,6,NSEI,8/11/2024 19:46,345701,710,,,,Retained,,
2024,202,611,1,7,NSEI,8/12/2024 14:58,345701,710,,,,Retained,,
2024,202,611,1,8,NSEI,8/12/2024 18:13,345701,710,,,,Retained,,
2024,202,611,1,9,NSEI,8/13/2024 14:31,345701,710,,,,Retained,,
2024,202,611,1,10,NSEI,8/13/2024 17:10,345701,710,,,,Retained,,
2024,203,611,1,1,NSEI,8/9/2024 16:44,345631,710,,,,Retained,,
2024,203,611,1,2,NSEI,8/9/2024 21:26,345631,710,,,,Retained,,
2024,203,611,1,3,NSEI,8/10/2024 16:22,345631,710,,,,Retained,,
2024,203,611,1,4,NSEI,8/10/2024 19:52,345631,710,,,,Retained,,
2024,203,611,1,5,NSEI,8/11/2024 17:04,345701,710,,,,Retained,,
2024,203,611,1,6,NSEI,8/11/2024 19:46,345701,710,,,,Retained,,
2024,203,611,1,7,NSEI,8/12/2024 14:58,345701,710,,,,Retained,,
2024,203,611,1,8,NSEI,8/12/2024 18:13,345701,710,,,,Retained,,
2024,203,611,1,9,NSEI,8/13/2024 14:31,345701,710,,,,Retained,,
2024,203,611,1,10,NSEI,8/13/2024 17:10,345701,710,,,,Retained,,
2024,204,611,1,1,NSEI,8/9/2024 16:44,345631,710,,,,Retained,,
2024,204,611,1,2,NSEI,8/9/2024 21:26,345631,710,,,,Retained,,
2024,204,611,1,3,NSEI,8/10/2024 16:22,345631,710,,,,Retained,,
2024,204,611,1,4,NSEI,8/10/2024 19:52,345631,710,,,,Retained,,
2024,204,611,1,5,NSEI,8/11/2024 17:04,345701,710,,,,Retained,,
2024,204,611,1,6,NSEI,8/11/2024 19:46,345701,710,,,,Retained,,
2024,204,611,1,7,NSEI,8/12/2024 14:58,345701,710,,,,Retained,,
2024,204,611,1,8,NSEI,8/12/2024 18:13,345701,710,,,,Retained,,
2024,204,611,1,9,NSEI,8/13/2024 14:31,345701,710,,,,Retained,,
2024,204,611,1,10,NSEI,8/13/2024 17:10,345701,710,,,,Retained,,
2024,205,611,1,1,NSEI,8/9/2024 16:44,345631,710,,,,Retained,,
2024,205,611,1,2,NSEI,8/9/2024 21:26,345631,710,,,,Retained,,
2024,205,611,1,3,NSEI,8/10/2024 16:22,345631,710,,,,Retained,,
2024,205,611,1,4,NSEI,8/10/2024 19:52,345631,710,,,,Retained,,
2024,205,611,1,5,NSEI,8/11/2024 17:04,345701,710,,,,Retained,,
2024,205,611,1,6,NSEI,8/11/2024 19:46,345701,710,,,,Retained,,
2024,205,611,1,7,NSEI,8/12/2024 14:58,345701,710,,,,Retained,,
2024,205,611,1,8,NSEI,8/12/2024 18:13,345701,710,,,,Retained,,
2024,205,611,1,9,NSEI,8/13/2024 14:31,345701,710,,,,Retained,,
2024,205,611,1,10,NSEI,8/13/2024 17:10,345701,710,,,,Retained,,
2024,206,611,1,1,NSEI,8/9/2024 16:44,345631,710,,,,Retained,,
2024,206,611,1,2,NSEI,8/9/2024 21:26,345631,710,,,,Retained,,
2024,206,611,1,3,NSEI,8/10/2024 16:22,345631,710,,,,Retained,,
2024,206,611,1,4,NSEI,8/10/2024 19:52,345631,710,,,,Retained,,
2024,206,611,1,5,NSEI,8/11/2024 17:04,345701,710,,,,Retained,,
2024,206,611,1,6,NSEI,8/11/2024 19:46,345701,710,,,,Retained,,
2024,206,611,1,7,NSEI,8/12/2024 14:58,345701,710,,,,Retained,,
2024,206,611,1,8,NSEI,8/12/2024 18:13,345701,710,,,,Retained,,
2024,206,611,1,9,NSEI,8/13/2024 14:31,345701,710,,,,Retained,,
2024,206,611,1,10,NSEI,8/13/2024 17:10,345701,710,,,,Retained,,
2024,207,611,1,1,NSEI,8/9/2024 16:44,345631,710,,,,Retained,,
2024,207,611,1,2,NSEI,8/9/2024 21:26,345631,710,,,,Retained,,
2024,207,611,1,3,NSEI,8/10/2024 16:22,345631,710,,,,Retained,,
2024,207,611,1,4,NSEI,8/10/2024 19:52,345631,710,,,,Retained,,
2024,207,611,1,5,NSEI,8/11/2024 17:04,345701,710,,,,Retained,,
2024,207,611,1,6,NSEI,8/11/2024 19:46,345701,710,,,,Retained,,
2024,207,611,1,7,NSEI,8/12/2024 14:58,345701,710,,,,Retained,,
2024,207,611,1,8,NSEI,8/12/2024 18:13,345701,710,,,,Retained,,
2024,207,611,1,9,NSEI,8/13/2024 14:31,345701,710,,,,Retained,,
2024,207,611,1,10,NSEI,8/13/2024 17:10,345701,710,,,,Retained,,
2024,208,611,1,1,NSEI,8/9/2024 16:44,345631,710,,,,Retained,,
2024,208,611,1,2,NSEI,8/9/2024 21:26,345631,710,,,,Retained,,
2024,208,611,1,3,NSEI,8/10/2024 16:22,345631,710,,,,Retained,,
2024,208,611,1,4,NSEI,8/10/2024 19:52,345631,710,,,,Retained,,
2024,208,611,1,5,NSEI,8/11/2024 17:04,345701,710,,,,Retained,,
2024,208,611,1,6,NSEI,8/11/2024 19:46,345701,710,,,,Retained,,
2024,208,611,1,7,NSEI,8/12/2024 14:58,345701,710,,,,Retained,,
2024,208,611,1,8,NSEI,8/12/2024 18:13,345701,710,,,,Retained,,
2024,208,611,1,9,NSEI,8/13/2024 14:31,345701,710,,,,Retained,,
2024,208,611,1,10,NSEI,8/13/2024 17:10,345701,710,,,,Retained,,
2024,209,611,1,1,NSEI,8/9/2024 16:44,345631,710,,,,Retained,,
2024,209,611,1,2,NSEI,8/9/2024 21:26,345631,710,,,,Retained,,
2024,209,611,1,3,NSEI,8/10/2024 16:22,345631,710,,,,Retained,,
2024,209,611,1,4,NSEI,8/10/2024 19:52,345631,710,,,,Retained,,
2024,209,611,1,5,NSEI,8/11/2024 17:04,345701,710,,,,Retained,,
2024,209,611,1,6,NSEI,8/11/2024 19:46,345701,710,,,,Retained,,
2024,209,611,1,7,NSEI,8/12/2024 14:58,345701,710,,,,Retained,,
2024,209,611,1,8,NSEI,8/12/2024 18:13,345701,710,,,,Retained,,
2024,209,611,1,9,NSEI,8/13/2024 14:31,345701,710,,,,Retained,,
2024,209,611,1,10,NSEI,8/13/2024 17:10,345701,710,,,,Retained,,
2024,210,611,1,1,NSEI,8/9/2024 16:44,345631,710,,,,Retained,,
2024,210,611,1,2,NSEI,8/9/2024 21:26,345631,710,,,,Retained,,
2024,210,611,1,3,NSEI,8/10/2024 16:22,345631,710,,,,Retained,,
2024,210,611,1,4,NSEI,8/10/2024 19:52,345631,710,,,,Retained,,
2024,210,611,1,5,NSEI,8/11/2024 17:04,345701,710,,,,Retained,,
2024,210,611,1,6,NSEI,8/11/2024 19:46,345701,710,,,,Retained,,
2024,210,611,1,7,NSEI,8/12/2024 14:58,345701,710,,,,Retained,,
2024,210,611,1,8,NSEI,8/12/2024 18:13,345701,710,,,,Retained,,
2024,210,611,1,9,NSEI,8/13/2024 14:31,345701,710,,,,Retained,,
2024,210,611,1,10,NSEI,8/13/2024 17:10,345701,710,,,,Retained,,
2024,211,611,1,1,NSEI,8/9/2024 16:44,345631,710,,,,Retained,,
2024,211,611,1,2,NSEI,8/9/2024 21:26,345631,710,,,,Retained,,
2024,211,611,1,3,NSEI,8/10/2024 16:22,345631,710,,,,Retained,,
2024,211,611,1,4,NSEI,8/10/2024 19:52,345631,710,,,,Retained,,
2024,211,611,1,5,NSEI,8/11/2024 17:04,345701,710,,,,Retained,,
2024,211,611,1,6,NSEI,8/11/2024 19:46,345701,710,,,,Retained,,
2024,211,611,1,7,NSEI,8/12/2024 14:58,345701,710,,,,Retained,,
2024,211,611,1,8,NSEI,8/12/2024 18:13,345701,710,,,,Retained,,
2024,211,611,1,9,NSEI,8/13/2024 14:31,345701,710,,,,Retained,,
2024,211,611,1,10,NSEI,8/13/2024 17:10,345701,710,,,,Retained,,
2024,212,611,1,1,NSEI,8/9/2024 16:44,345631,710,,,,Retained,,
2024,212,611,1,2,NSEI,8/9/2024 21:26,345631,710,,,,Retained,,
2024,212,611,1,3,NSEI,8/10/2024 16:22,345631,710,,,,Retained,,
2024,212,611,1,4,NSEI,8/10/2024 19:52,345631,710,,,,Retained,,
2024,212,611,1,5,NSEI,8/11/2024 17:04,345701,710,,,,Retained,,
2024,212,611,1,6,NSEI,8/11/2024 19:46,345701,710,,,,Retained,,
2024,212,611,1,7,NSEI,8/12/2024 14:58,345701,710,,,,Retained,,
2024,212,611,1,8,NSEI,8/12/2024 18:13,345701,710,,,,Retained,,
2024,212,611,1,9,NSEI,8/13/2024 14:31,345701,710,,,,Retained,,
2024,212,611,1,10,NSEI,8/13/2024 17:10,345701,710,,,,Retained,,
2024,213,611,1,1,NSEI,8/9/2024 16:44,345631,710,,,,Retained,,
2024,213,611,1,2,NSEI,8/9/2024 21:26,345631,710,,,,Retained,,
2024,213,611,1,3,NSEI,8/10/2024 16:22,345631,710,,,,Retained,,
2024,213,611,1,4,NSEI,8/10/2024 19:52,345631,710,,,,Retained,,
2024,213,611,1,5,NSEI,8/11/2024 17:04,345701,710,,,,Retained,,
2024,213,611,1,6,NSEI,8/11/2024 19:46,345701,710,,,,Retained,,
2024,213,611,1,7,NSEI,8/12/2024 14:58,345701,710,,,,Retained,,
2024,213,611,1,8,NSEI,8/12/2024 18:13,345701,710,,,,Retained,,
2024,213,611,1,9,NSEI,8/13/2024 14:31,345701,710,,,,Retained,,
2024,213,611,1,10,NSEI,8/13/2024 17:10,345701,710,,,,Retained,,
2024,214,611,1,1,NSEI,8/9/2024 16:44,345631,710,,,,Retained,,
2024,214,611,1,2,NSEI,8/9/2024 21:26,345631,710,,,,Retained,,
2024,214,611,1,3,NSEI,8/10/2024 16:22,345631,710,,,,Retained,,
2024,214,611,1,4,NSEI,8/10/2024 19:52,345631,710,,,,Retained,,
2024,214,611,1,5,NSEI,8/11/2024 17:04,345701,710,,,,Retained,,
2024,214,611,1,6,NSEI,8/11/2024 19:46,345701,710,,,,Retained,,
2024,214,611,1,7,NSEI,8/12/2024 14:58,345701,710,,,,Retained,,
2024,214,611,1,8,NSEI,8/12/2024 18:13,345701,710,,,,Retained,,
2024,214,611,1,9,NSEI,8/13/2024 14:31,345701,710,,,,Retained,,
2024,214,611,1,10,NSEI,8/13/2024 17:10,345701,710,,,,Retained,,
2024,215,611,1,1,NSEI,8/9/2024 16:44,345631,710,,,,Retained,,
2024,215,611,1,2,NSEI,8/9/2024 21:26,345631,710,,,,Retained,,
2024,215,611,1,3,NSEI,8/10/2024 16:22,345631,710,,,,Retained,,
2024,215,611,1,4,NSEI,8/10/2024 19:52,345631,710,,,,Retained,,
2024,215,611,1,5,NSEI,8/11/2024 17:04,345701,710,,,,Retained,,
2024,215,611,1,6,NSEI,8/11/2024 19:46,345701,710,,,,Retained,,
2024,215,611,1,7,NSEI,8/12/2024 14:58,345701,710,,,,Retained,,
2024,215,611,1,8,NSEI,8/12/2024 18:13,345701,710,,,,Retained,,
2024,215,611,1,9,NSEI,8/13/2024 14:31,345701,710,,,,Retained,,
2024,215,611,1,10,NSEI,8/13/2024 17:10,345701,710,,,,Retained,,
2024,216,611,1,1,NSEI,8/9/2024 16:44,345631,710,,,,Retained,,
2024,216,611,1,2,NSEI,8/9/2024 21:26,345631,710,,,,Retained,,
2024,216,611,1,3,NSEI,8/10/2024 16:22,345631,710,,,,Retained,,
2024,216,611,1,4,NSEI,8/10/2024 19:52,345631,710,,,,Retained,,
2024,216,611,1,5,NSEI,8/11/2024 17:04,345701,710,,,,Retained,,
2024,216,611,1,6,NSEI,8/11/2024 19:46,345701,710,,,,Retained,,
2024,216,611,1,7,NSEI,8/12/2024 14:58,345701,710,,,,Retained,,
2024,216,611,1,8,NSEI,8/12/2024 18:13,345701,710,,,,Retained,,
2024,216,611,1,9,NSEI,8/13/2024 14:31,345701,710,,,,Retained,,
2024,216,611,1,10,NSEI,8/13/2024 17:10,345701,710,,,,Retained,,
2024,217,611,1,1,NSEI,8/9/2024 16:44,345631,710,,,,Retained,,
2024,217,611,1,2,NSEI,8/9/2024 21:26,345631,710,,,,Retained,,
2024,217,611,1,3,NSEI,8/10/2024 16:22,345631,710,,,,Retained,,
2024,217,611,1,4,NSEI,8/10/2024 19:52,345631,710,,,,Retained,,
2024,217,611,1,5,NSEI,8/11/2024 17:04,345701,710,,,,Retained,,
2024,217,611,1,6,NSEI,8/11/2024 19:46,345701,710,,,,Retained,,
2024,217,611,1,7,NSEI,8/12/2024 14:58,345701,710,,,,Retained,,
2024,217,611,1,8,NSEI,8/12/2024 18:13,345701,710,,,,Retained,,
2024,217,611,1,9,NSEI,8/13/2024 14:31,345701,710,,,,Retained,,
2024,217,611,1,10,NSEI,8/13/2024 17:10,345701,710,,,,Retained,,
2024,218,611,1,1,NSEI,8/9/2024 16:44,345631,710,,,,Retained,,
2024,218,611,1,2,NSEI,8/9/2024 21:26,345631,710,,,,Retained,,
2024,218,611,1,3,NSEI,8/10/2024 16:22,345631,710,,,,Retained,,
2024,218,611,1,4,NSEI,8/10/2024 19:52,345631,710,,,,Retained,,
2024,218,611,1,5,NSEI,8/11/2024 17:04,345701,710,,,,Retained,,
2024,218,611,1,6,NSEI,8/11/2024 19:46,345701,710,,,,"Discarded, too small",,
2024,218,611,1,7,NSEI,8/12/2024 14:58,345701,710,,,,Retained,,
2024,218,611,1,8,NSEI,8/12/2024 18:13,345701,710,,,,Retained,,
2024,218,611,1,9,NSEI,8/13/2024 14:31,345701,710,,,,Retained,,
2024,218,611,1,10,NSEI,8/13/2024 17:10,345701,710,,,,Retained,,
2024,219,611,1,1,NSEI,8/9/2024 16:44,345631,710,,,,Retained,,
2024,219,611,1,2,NSEI,8/9/2024 21:26,345631,710,,,,Retained,,
2024,219,611,1,3,NSEI,8/10/2024 16:22,345631,710,,,,Retained,,
2024,219,611,1,4,NSEI,8/10/2024 19:52,345631,710,,,,Retained,,
2024,219,611,1,5,NSEI,8/11/2024 17:04,345701,710,,,,Retained,,
2024,219,611,1,6,NSEI,8/11/2024 19:46,345701,710,,,,Retained,,
2024,219,611,1,7,NSEI,8/12/2024 14:58,345701,710,,,,Retained,,
2024,219,611,1,8,NSEI,8/12/2024 18:13,345701,710,,,,Retained,,
2024,219,611,1,9,NSEI,8/13/2024 14:31,345701,710,,,,Retained,,
2024,219,611,1,10,NSEI,8/13/2024 17:10,345701,710,,,,Retained,,
2024,220,611,1,1,NSEI,8/9/2024 16:44,345631,710,,,,Retained,,
2024,220,611,1,2,NSEI,8/9/2024 21:26,345631,710,,,,Retained,,
2024,220,611,1,3,NSEI,8/10/2024 16:22,345631,710,,,,Retained,,
2024,220,611,1,4,NSEI,8/10/2024 19:52,345631,710,,,,Retained,,
2024,220,611,1,5,NSEI,8/11/2024 17:04,345701,710,,,,Retained,,
2024,220,611,1,6,NSEI,8/11/2024 19:46,345701,710,,,,Retained,,
2024,220,611,1,7,NSEI,8/12/2024 14:58,345701,710,,,,Retained,,
2024,220,611,1,8,NSEI,8/12/2024 18:13,345701,710,,,,Retained,,
2024,220,611,1,9,NSEI,8/13/2024 14:31,345701,710,,,,Retained,,
2024,220,611,1,10,NSEI,8/13/2024 17:10,345701,710,,,,Retained,,
2024,221,611,1,1,NSEI,8/9/2024 16:44,345631,710,,,,Retained,,
2024,221,611,1,2,NSEI,8/9/2024 21:26,345631,710,,,,Retained,,
2024,221,611,1,3,NSEI,8/10/2024 16:22,345631,710,,,,Retained,,
2024,221,611,1,4,NSEI,8/10/2024 19:52,345631,710,,,,Retained,,
2024,221,611,1,5,NSEI,8/11/2024 17:04,345701,710,,,,Retained,,
2024,221,611,1,6,NSEI,8/11/2024 19:46,345701,710,,,,Retained,,
2024,221,611,1,7,NSEI,8/12/2024 14:58,345701,710,,,,Retained,,
2024,221,611,1,8,NSEI,8/12/2024 18:13,345701,710,,,,Retained,,
2024,221,611,1,9,NSEI,8/13/2024 14:31,345701,710,,,,Retained,,
2024,221,611,1,10,NSEI,8/13/2024 17:10,345701,710,,,,Retained,,
2024,222,611,1,1,NSEI,8/9/2024 16:44,345631,710,,,,Retained,,
2024,222,611,1,2,NSEI,8/9/2024 21:26,345631,710,,,,Retained,,
2024,222,611,1,3,NSEI,8/10/2024 16:22,345631,710,,,,Retained,,
2024,222,611,1,4,NSEI,8/10/2024 19:52,345631,710,,,,Retained,,
2024,222,611,1,5,NSEI,8/11/2024 17:04,345701,710,,,,Retained,,
2024,222,611,1,6,NSEI,8/11/2024 19:46,345701,710,,,,Retained,,
2024,222,611,1,7,NSEI,8/12/2024 14:58,345701,710,,,,Retained,,
2024,222,611,1,8,NSEI,8/12/2024 18:13,345701,710,,,,Retained,,
2024,222,611,1,9,NSEI,8/13/2024 14:31,345701,710,,,,Retained,,
2024,222,611,1,10,NSEI,8/13/2024 17:10,345701,710,,,,Retained,,
2024,223,611,1,1,NSEI,8/9/2024 16:44,345631,710,,,,Retained,,
2024,223,611,1,2,NSEI,8/9/2024 21:26,345631,710,,,,Retained,,
2024,223,611,1,3,NSEI,8/10/2024 16:22,345631,710,,,,Retained,,
2024,223,611,1,4,NSEI,8/10/2024 19:52,345631,710,,,,Retained,,
2024,223,611,1,5,NSEI,8/11/2024 17:04,345701,710,,,,Retained,,
2024,223,611,1,6,NSEI,8/11/2024 19:46,345701,710,,,,Retained,,
2024,223,611,1,7,NSEI,8/12/2024 14:58,345701,710,,,,Retained,,
2024,223,611,1,8,NSEI,8/12/2024 18:13,345701,710,,,,Retained,,
2024,223,611,1,9,NSEI,8/13/2024 14:31,345701,710,,,,Retained,,
2024,223,611,1,10,NSEI,8/13/2024 17:10,345701,710,,,,Retained,,
2024,224,611,1,1,NSEI,8/9/2024 16:44,345631,710,,,,Retained,,
2024,224,611,1,2,NSEI,8/9/2024 21:26,345631,710,,,,Retained,,
2024,224,611,1,3,NSEI,8/10/2024 16:22,345631,710,,,,Retained,,
2024,224,611,1,4,NSEI,8/10/2024 19:52,345631,710,,,,Retained,,
2024,224,611,1,5,NSEI,8/11/2024 17:04,345701,710,,,,Retained,,
2024,224,611,1,6,NSEI,8/11/2024 19:46,345701,710,,,,Retained,,
2024,224,611,1,7,NSEI,8/12/2024 14:58,345701,710,,,,Retained,,
2024,224,611,1,8,NSEI,8/12/2024 18:13,345701,710,,,,Retained,,
2024,224,611,1,9,NSEI,8/13/2024 14:31,345701,710,,,,Retained,,
2024,224,611,1,10,NSEI,8/13/2024 17:10,345701,710,,,,Retained,,
2024,225,611,1,1,NSEI,8/9/2024 16:44,345631,710,,,,Retained,,
2024,225,611,1,2,NSEI,8/9/2024 21:26,345631,710,,,,Retained,,
2024,225,611,1,3,NSEI,8/10/2024 16:22,345631,710,,,,Retained,,
2024,225,611,1,4,NSEI,8/10/2024 19:52,345631,710,,,,Retained,,
2024,225,611,1,5,NSEI,8/11/2024 17:04,345701,710,,,,Retained,,
2024,225,611,1,6,NSEI,8/11/2024 19:46,345701,710,,,,Retained,,
2024,225,611,1,7,NSEI,8/12/2024 14:58,345701,710,,,,Retained,,
2024,225,611,1,8,NSEI,8/12/2024 18:13,345701,710,,,,Retained,,
2024,225,611,1,9,NSEI,8/13/2024 14:31,345701,710,,,,Retained,,
2024,225,611,1,10,NSEI,8/13/2024 17:10,345701,710,,,,Retained,,
2024,226,611,1,1,NSEI,8/9/2024 16:44,345631,710,,,,Retained,,
2024,226,611,1,2,NSEI,8/9/2024 21:26,345631,710,,,,Retained,,
2024,226,611,1,3,NSEI,8/10/2024 16:22,345631,710,,,,Retained,,
2024,226,611,1,4,NSEI,8/10/2024 19:52,345631,710,,,,Retained,,
2024,226,611,1,5,NSEI,8/11/2024 17:04,345701,710,,,,Retained,,
2024,226,611,1,6,NSEI,8/11/2024 19:46,345701,710,,,,Retained,,
2024,226,611,1,7,NSEI,8/12/2024 14:58,345701,710,,,,Retained,,
2024,226,611,1,8,NSEI,8/12/2024 18:13,345701,710,,,,Retained,,
2024,226,611,1,9,NSEI,8/13/2024 14:31,345701,710,,,,Retained,,
2024,226,611,1,10,NSEI,8/13/2024 17:10,345701,710,,,,Retained,,
2024,227,611,1,1,NSEI,8/9/2024 16:44,345631,710,,,,Retained,,
2024,227,611,1,2,NSEI,8/9/2024 21:26,345631,710,,,,Retained,,
2024,227,611,1,3,NSEI,8/10/2024 16:22,345631,710,,,,Retained,,
2024,227,611,1,4,NSEI,8/10/2024 19:52,345631,710,,,,Retained,,
2024,227,611,1,5,NSEI,8/11/2024 17:04,345701,710,,,,Retained,,
2024,227,611,1,6,NSEI,8/11/2024 19:46,345701,710,,,,Retained,,
2024,227,611,1,7,NSEI,8/12/2024 14:58,345701,710,,,,Retained,,
2024,227,611,1,8,NSEI,8/12/2024 18:13,345701,710,,,,Retained,,
2024,227,611,1,9,NSEI,8/13/2024 14:31,345701,710,,,,Retained,,
2024,227,611,1,10,NSEI,8/13/2024 17:10,345701,710,,,,Retained,,
2024,228,611,1,1,NSEI,8/9/2024 16:44,345631,710,,,,Retained,,
2024,228,611,1,2,NSEI,8/9/2024 21:26,345631,710,,,,Retained,,
2024,228,611,1,3,NSEI,8/10/2024 16:22,345631,710,,,,Retained,,
2024,228,611,1,4,NSEI,8/10/2024 19:52,345631,710,,,,Retained,,
2024,228,611,1,5,NSEI,8/11/2024 17:04,345701,710,,,,Retained,,
2024,228,611,1,6,NSEI,8/11/2024 19:46,345701,710,,,,Retained,,
2024,228,611,1,7,NSEI,8/12/2024 14:58,345701,710,,,,Retained,,
2024,228,611,1,8,NSEI,8/12/2024 18:13,345701,710,,,,Retained,,
2024,228,611,1,9,NSEI,8/13/2024 14:31,345701,710,,,,Retained,,
2024,228,611,1,10,NSEI,8/13/2024 17:10,345701,710,,,,Retained,,
2024,229,611,1,1,NSEI,8/9/2024 16:44,345631,710,,,,Retained,,
2024,229,611,1,2,NSEI,8/9/2024 21:26,345631,710,,,,Retained,,
2024,229,611,1,3,NSEI,8/10/2024 16:22,345631,710,,,,Retained,,
2024,229,611,1,4,NSEI,8/10/2024 19:52,345631,710,,,,Retained,,
2024,229,611,1,5,NSEI,8/11/2024 17:04,345701,710,,,,Retained,,
2024,229,611,1,6,NSEI,8/11/2024 19:46,345701,710,,,,Retained,,
2024,229,611,1,7,NSEI,8/12/2024 14:58,345701,710,,,,Retained,,
2024,229,611,1,8,NSEI,8/12/2024 18:13,345701,710,,,,Retained,,
2024,229,611,1,9,NSEI,8/13/2024 14:31,345701,710,,,,Retained,,
2024,229,611,1,10,NSEI,8/13/2024 17:10,345701,710,,,,Retained,,
2024,230,611,1,1,NSEI,8/9/2024 16:44,345631,710,,,,Retained,,
2024,230,611,1,2,NSEI,8/9/2024 21:26,345631,710,,,,Retained,,
2024,230,611,1,3,NSEI,8/10/2024 16:22,345631,710,,,,Retained,,
2024,230,611,1,4,NSEI,8/10/2024 19:52,345631,710,,,,Retained,,
2024,230,611,1,5,NSEI,8/11/2024 17:04,345701,710,,,,Retained,,
2024,230,611,1,6,NSEI,8/11/2024 19:46,345701,710,,,,Retained,,
2024,230,611,1,7,NSEI,8/12/2024 14:58,345701,710,,,,Retained,,
2024,230,611,1,8,NSEI,8/12/2024 18:13,345701,710,,,,Retained,,
2024,230,611,1,9,NSEI,8/13/2024 14:31,345701,710,,,,Retained,,
2024,230,611,1,10,NSEI,8/13/2024 17:10,345701,710,,,,Retained,,
2024,231,611,1,1,NSEI,8/9/2024 16:44,345631,710,,,,Retained,,
2024,231,611,1,2,NSEI,8/9/2024 21:26,345631,710,,,,Retained,,
2024,231,611,1,3,NSEI,8/10/2024 16:22,345631,710,,,,Retained,,
2024,231,611,1,4,NSEI,8/10/2024 19:52,345631,710,,,,Retained,,
2024,231,611,1,5,NSEI,8/11/2024 17:04,345701,710,,,,Retained,,
2024,231,611,1,6,NSEI,8/11/2024 19:46,345701,710,,,,Retained,,
2024,231,611,1,7,NSEI,8/12/2024 14:58,345701,710,,,,Retained,,
2024,231,611,1,8,NSEI,8/12/2024 18:13,345701,710,,,,Retained,,
2024,231,611,1,9,NSEI,8/13/2024 14:31,345701,710,,,,Retained,,
2024,231,611,1,10,NSEI,8/13/2024 17:10,345701,710,,,,Retained,,
2024,232,611,1,1,NSEI,8/9/2024 16:44,345631,710,,,,Retained,,
2024,232,611,1,2,NSEI,8/9/2024 21:26,345631,710,,,,Retained,,
2024,232,611,1,3,NSEI,8/10/2024 16:22,345631,710,,,,Retained,,
2024,232,611,1,4,NSEI,8/10/2024 19:52,345631,710,,,,Retained,,
2024,232,611,1,5,NSEI,8/11/2024 17:04,345701,710,,,,Retained,,
2024,232,611,1,6,NSEI,8/11/2024 19:46,345701,710,,,,Retained,,
2024,232,611,1,7,NSEI,8/12/2024 14:58,345701,710,,,,Retained,,
2024,232,611,1,8,NSEI,8/12/2024 18:13,345701,710,,,,Retained,,
2024,232,611,1,9,NSEI,8/13/2024 14:31,345701,710,,,,Retained,,
2024,232,611,1,10,NSEI,8/13/2024 17:10,345701,710,,,,Retained,,
2024,233,611,1,1,NSEI,8/9/2024 16:44,345631,710,,,,Retained,,
2024,233,611,1,2,NSEI,8/9/2024 21:26,345631,710,,,,Retained,,
2024,233,611,1,3,NSEI,8/10/2024 16:22,345631,710,,,,Retained,,
2024,233,611,1,4,NSEI,8/10/2024 19:52,345631,710,,,,Retained,,
2024,233,611,1,5,NSEI,8/11/2024 17:04,345701,710,,,,Retained,,
2024,233,611,1,6,NSEI,8/11/2024 19:46,345701,710,,,,Retained,,
2024,233,611,1,7,NSEI,8/12/2024 14:58,345701,710,,,,Retained,,
2024,233,611,1,8,NSEI,8/12/2024 18:13,345701,710,,,,Retained,,
2024,233,611,1,9,NSEI,8/13/2024 14:31,345701,710,,,,Retained,,
2024,233,611,1,10,NSEI,8/13/2024 17:10,345701,710,,,,Retained,,
2024,234,611,1,1,NSEI,8/9/2024 16:44,345631,710,,,,Retained,,
2024,234,611,1,2,NSEI,8/9/2024 21:26,345631,710,,,,Retained,,
2024,234,611,1,3,NSEI,8/10/2024 16:22,345631,710,,,,Retained,,
2024,234,611,1,4,NSEI,8/10/2024 19:52,345631,710,,,,Retained,,
2024,234,611,1,5,NSEI,8/11/2024 17:04,345701,710,,,,Retained,,
2024,234,611,1,6,NSEI,8/11/2024 19:46,345701,710,,,,Retained,,
2024,234,611,1,7,NSEI,8/12/2024 14:58,345701,710,,,,Retained,,
2024,234,611,1,8,NSEI,8/12/2024 18:13,345701,710,,,,Retained,,
2024,234,611,1,9,NSEI,8/13/2024 14:31,345701,710,,,,Retained,,
2024,234,611,1,10,NSEI,8/13/2024 17:10,345701,710,,,,Retained,,
2024,235,611,1,1,NSEI,8/9/2024 16:44,345631,710,,,,Retained,,
2024,235,611,1,2,NSEI,8/9/2024 21:26,345631,710,,,,Retained,,
2024,235,611,1,3,NSEI,8/10/2024 16:22,345631,710,,,,Retained,,
2024,235,611,1,4,NSEI,8/10/2024 19:52,345631,710,,,,Retained,,
2024,235,611,1,5,NSEI,8/11/2024 17:04,345701,710,,,,Retained,,
2024,235,611,1,6,NSEI,8/11/2024 19:46,345701,710,,,,Retained,,
2024,235,611,1,7,NSEI,8/12/2024 14:58,345701,710,,,,Retained,,
2024,235,611,1,8,NSEI,8/12/2024 18:13,345701,710,,,,Retained,,
2024,235,611,1,9,NSEI,8/13/2024 14:31,345701,710,,,,Retained,,
2024,235,611,1,10,NSEI,8/13/2024 17:10,345701,710,,,,Retained,,
2024,236,611,1,1,NSEI,8/9/2024 16:44,345631,710,,,,Retained,,
2024,236,611,1,2,NSEI,8/9/2024 21:26,345631,710,,,,Retained,,
2024,236,611,1,3,NSEI,8/10/2024 16:22,345631,710,,,,Retained,,
2024,236,611,1,4,NSEI,8/10/2024 19:52,345631,710,,,,Retained,,
2024,236,611,1,5,NSEI,8/11/2024 17:04,345701,710,,,,Retained,,
2024,236,611,1,6,NSEI,8/11/2024 19:46,345701,710,,,,Retained,,
2024,236,611,1,7,NSEI,8/12/2024 14:58,345701,710,,,,Retained,,
2024,236,611,1,8,NSEI,8/12/2024 18:13,345701,710,,,,Retained,,
2024,236,611,1,9,NSEI,8/13/2024 14:31,345701,710,,,,Retained,,
2024,236,611,1,10,NSEI,8/13/2024 17:10,345701,710,,,,Retained,,
2024,237,611,1,1,NSEI,8/9/2024 16:44,345631,710,,,,Retained,,
2024,237,611,1,2,NSEI,8/9/2024 21:26,345631,710,,,,Retained,,
2024,237,611,1,3,NSEI,8/10/2024 16:22,345631,710,,,,Retained,,
2024,237,611,1,4,NSEI,8/10/2024 19:52,345631,710,,,,Retained,,
2024,237,611,1,5,NSEI,8/11/2024 17:04,345701,710,,,,Retained,,
2024,237,611,1,6,NSEI,8/11/2024 19:46,345701,710,,,,Retained,,
2024,237,611,1,7,NSEI,8/12/2024 14:58,345701,710,,,,Retained,,
2024,237,611,1,8,NSEI,8/12/2024 18:13,345701,710,,,,Retained,,
2024,237,611,1,9,NSEI,8/13/2024 14:31,345701,710,,,,Retained,,
2024,237,611,1,10,NSEI,8/13/2024 17:10,345701,710,,,,Retained,,
2024,238,611,1,1,NSEI,8/9/2024 16:44,345631,710,,,,Retained,,
2024,238,611,1,2,NSEI,8/9/2024 21:26,345631,710,,,,Retained,,
2024,238,611,1,3,NSEI,8/10/2024 16:22,345631,710,,,,Retained,,
2024,238,611,1,4,NSEI,8/10/2024 19:52,345631,710,,,,Retained,,
2024,238,611,1,5,NSEI,8/11/2024 17:04,345701,710,,,,Retained,,
2024,238,611,1,6,NSEI,8/11/2024 19:46,345701,710,,,,Retained,,
2024,238,611,1,7,NSEI,8/12/2024 14:58,345701,710,,,,Retained,,
2024,238,611,1,8,NSEI,8/12/2024 18:13,345701,710,,,,Retained,,
2024,238,611,1,9,NSEI,8/13/2024 14:31,345701,710,,,,Retained,,
2024,238,611,1,10,NSEI,8/13/2024 17:10,345701,710,,,,Retained,,
2024,239,611,1,1,NSEI,8/9/2024 16:44,345631,710,,,,Retained,,
2024,239,611,1,2,NSEI,8/9/2024 21:26,345631,710,,,,Retained,,
2024,239,611,1,3,NSEI,8/10/2024 16:22,345631,710,,,,Retained,,
2024,239,611,1,4,NSEI,8/10/2024 19:52,345631,710,,,,Retained,,
2024,239,611,1,5,NSEI,8/11/2024 17:04,345701,710,,,,Retained,,
2024,239,611,1,6,NSEI,8/11/2024 19:46,345701,710,,,,Retained,,
2024,239,611,1,7,NSEI,8/12/2024 14:58,345701,710,,,,Retained,,
2024,239,611,1,8,NSEI,8/12/2024 18:13,345701,710,,,,Retained,,
2024,239,611,1,9,NSEI,8/13/2024 14:31,345701,710,,,,Retained,,
2024,239,611,1,10,NSEI,8/13/2024 17:10,345701,710,,,,Retained,,
2024,240,611,1,1,NSEI,8/9/2024 16:44,345631,710,,,,Retained,,
2024,240,611,1,2,NSEI,8/9/2024 21:26,345631,710,,,,Retained,,
2024,240,611,1,3,NSEI,8/10/2024 16:22,345631,710,,,,Retained,,
2024,240,611,1,4,NSEI,8/10/2024 19:52,345631,710,,,,Retained,,
2024,240,611,1,5,NSEI,8/11/2024 17:04,345701,710,,,,Retained,,
2024,240,611,1,6,NSEI,8/11/2024 19:46,345701,710,,,,Retained,,
2024,240,611,1,7,NSEI,8/12/2024 14:58,345701,710,,,,Retained,,
2024,240,611,1,8,NSEI,8/12/2024 18:13,345701,710,,,,Retained,,
2024,240,611,1,9,NSEI,8/13/2024 14:31,345701,710,,,,Retained,,
2024,240,611,1,10,NSEI,8/13/2024 17:10,345701,710,,,,Retained,,
2024,241,611,1,1,NSEI,8/9/2024 16:44,345631,710,,,,Retained,,
2024,241,611,1,2,NSEI,8/9/2024 21:26,345631,710,,,,Retained,,
2024,241,611,1,3,NSEI,8/10/2024 16:22,345631,710,,,,Retained,,
2024,241,611,1,4,NSEI,8/10/2024 19:52,345631,710,,,,Retained,,
2024,241,611,1,5,NSEI,8/11/2024 17:04,345701,710,,,,Retained,,
2024,241,611,1,6,NSEI,8/11/2024 19:46,345701,710,,,,Retained,,
2024,241,611,1,7,NSEI,8/12/2024 14:58,345701,710,,,,Retained,,
2024,241,611,1,8,NSEI,8/12/2024 18:13,345701,710,,,,Retained,,
2024,241,611,1,9,NSEI,8/13/2024 14:31,345701,710,,,,Retained,,
2024,241,611,1,10,NSEI,8/13/2024 17:10,345701,710,,,,Retained,,
2024,242,611,1,1,NSEI,8/9/2024 16:44,345631,710,,,,Retained,,
2024,242,611,1,2,NSEI,8/9/2024 21:26,345631,710,,,,Retained,,
2024,242,611,1,3,NSEI,8/10/2024 16:22,345631,710,,,,Retained,,
2024,242,611,1,4,NSEI,8/10/2024 19:52,345631,710,,,,Retained,,
2024,242,611,1,5,NSEI,8/11/2024 17:04,345701,710,,,,Retained,,
2024,242,611,1,6,NSEI,8/11/2024 19:46,345701,710,,,,Retained,,
2024,242,611,1,7,NSEI,8/12/2024 14:58,345701,710,,,,Retained,,
2024,242,611,1,8,NSEI,8/12/2024 18:13,345701,710,,,,Retained,,
2024,242,611,1,9,NSEI,8/13/2024 14:31,345701,710,,,,Retained,,
2024,242,611,1,10,NSEI,8/13/2024 17:10,345701,710,,,,Retained,,
2024,243,611,1,1,NSEI,8/9/2024 16:44,345631,710,,,,Retained,,
2024,243,611,1,2,NSEI,8/9/2024 21:26,345631,710,,,,Retained,,
2024,243,611,1,3,NSEI,8/10/2024 16:22,345631,710,,,,Retained,,
2024,243,611,1,4,NSEI,8/10/2024 19:52,345631,710,,,,Retained,,
2024,243,611,1,5,NSEI,8/11/2024 17:04,345701,710,,,,Retained,,
2024,243,611,1,6,NSEI,8/11/2024 19:46,345701,710,,,,Retained,,
2024,243,611,1,7,NSEI,8/12/2024 14:58,345701,710,,,,Retained,,
2024,243,611,1,8,NSEI,8/12/2024 18:13,345701,710,,,,Retained,,
2024,243,611,1,9,NSEI,8/13/2024 14:31,345701,710,,,,Retained,,
2024,243,611,1,10,NSEI,8/13/2024 17:10,345701,710,,,,Retained,,
2024,244,611,1,1,NSEI,8/9/2024 16:44,345631,710,,,,Retained,,
2024,244,611,1,2,NSEI,8/9/2024 21:26,345631,710,,,,Retained,,
2024,244,611,1,3,NSEI,8/10/2024 16:22,345631,710,,,,Retained,,
2024,244,611,1,4,NSEI,8/10/2024 19:52,345631,710,,,,Retained,,
2024,244,611,1,5,NSEI,8/11/2024 17:04,345701,710,,,,Retained,,
2024,244,611,1,6,NSEI,8/11/2024 19:46,345701,710,,,,Retained,,
2024,244,611,1,7,NSEI,8/12/2024 14:58,345701,710,,,,Retained,,
2024,244,611,1,8,NSEI,8/12/2024 18:13,345701,710,,,,Retained,,
2024,244,611,1,9,NSEI,8/13/2024 14:31,345701,710,,,,Retained,,
2024,244,611,1,10,NSEI,8/13/2024 17:10,345701,710,,,,Retained,,
2024,245,611,1,1,NSEI,8/9/2024 16:44,345631,710,,,,Retained,,
2024,245,611,1,2,NSEI,8/9/2024 21:26,345631,710,,,,Retained,,
2024,245,611,1,3,NSEI,8/10/2024 16:22,345631,710,,,,Retained,,
2024,245,611,1,4,NSEI,8/10/2024 19:52,345631,710,,,,Retained,,
2024,245,611,1,5,NSEI,8/11/2024 17:04,345701,710,,,,Retained,,
2024,245,611,1,6,NSEI,8/11/2024 19:46,345701,710,,,,Retained,,
2024,245,611,1,7,NSEI,8/12/2024 14:58,345701,710,,,,Retained,,
2024,245,611,1,8,NSEI,8/12/2024 18:13,345701,710,,,,Retained,,
2024,245,611,1,9,NSEI,8/13/2024 14:31,345701,710,,,,Retained,,
2024,245,611,1,10,NSEI,8/13/2024 17:10,345701,710,,,,Retained,,
2024,246,611,1,1,NSEI,8/9/2024 16:44,345631,710,,,,Retained,,
2024,246,611,1,2,NSEI,8/9/2024 21:26,345631,710,,,,Retained,,
2024,246,611,1,3,NSEI,8/10/2024 16:22,345631,710,,,,Retained,,
2024,246,611,1,4,NSEI,8/10/2024 19:52,345631,710,,,,Retained,,
2024,246,611,1,5,NSEI,8/11/2024 17:04,345701,710,,,,Retained,,
2024,246,611,1,6,NSEI,8/11/2024 19:46,345701,710,,,,Retained,,
2024,246,611,1,7,NSEI,8/12/2024 14:58,345701,710,,,,Retained,,
2024,246,611,1,8,NSEI,8/12/2024 18:13,345701,710,,,,Retained,,
2024,246,611,1,9,NSEI,8/13/2024 14:31,345701,710,,,,Retained,,
2024,246,611,1,10,NSEI,8/13/2024 17:10,345701,710,,,,Retained,,
2024,247,611,1,1,NSEI,8/9/2024 16:44,345631,710,,,,Retained,,
2024,247,611,1,2,NSEI,8/9/2024 21:26,345631,710,,,,Retained,,
2024,247,611,1,3,NSEI,8/10/2024 16:22,345631,710,,,,Retained,,
2024,247,611,1,4,NSEI,8/10/2024 19:52,345631,710,,,,Retained,,
2024,247,611,1,5,NSEI,8/11/2024 17:04,345701,710,,,,Retained,,
2024,247,611,1,6,NSEI,8/11/2024 19:46,345701,710,,,,Retained,,
2024,247,611,1,7,NSEI,8/12/2024 14:58,345701,710,,,,Retained,,
2024,247,611,1,8,NSEI,8/12/2024 18:13,345701,710,,,,Retained,,
2024,247,611,1,9,NSEI,8/13/2024 14:31,345701,710,,,,Retained,,
2024,247,611,1,10,NSEI,8/13/2024 17:10,345701,710,,,,Retained,,
2024,248,611,1,1,NSEI,8/9/2024 16:44,345631,710,,,,Retained,,
2024,248,611,1,2,NSEI,8/9/2024 21:26,345631,710,,,,Retained,,
2024,248,611,1,3,NSEI,8/10/2024 16:22,345631,710,,,,Retained,,
2024,248,611,1,4,NSEI,8/10/2024 19:52,345631,710,,,,Retained,,
2024,248,611,1,5,NSEI,8/11/2024 17:04,345701,710,,,,Retained,,
2024,248,611,1,6,NSEI,8/11/2024 19:46,345701,710,,,,Retained,,
2024,248,611,1,7,NSEI,8/12/2024 14:58,345701,710,,,,Retained,,
2024,248,611,1,8,NSEI,8/12/2024 18:13,345701,710,,,,Retained,,
2024,248,611,1,9,NSEI,8/13/2024 14:31,345701,710,,,,Retained,,
2024,248,611,1,10,NSEI,8/13/2024 17:10,345701,710,,,,Retained,,
2024,249,611,1,1,NSEI,8/9/2024 16:44,345631,710,,,,Retained,,
2024,249,611,1,2,NSEI,8/9/2024 21:26,345631,710,,,,Retained,,
2024,249,611,1,3,NSEI,8/10/2024 16:22,345631,710,,,,Retained,,
2024,249,611,1,4,NSEI,8/10/2024 19:52,345631,710,,,,Retained,,
2024,249,611,1,5,NSEI,8/11/2024 17:04,345701,710,,,,Retained,,
2024,249,611,1,6,NSEI,8/11/2024 19:46,345701,710,,,,Retained,,
2024,249,611,1,7,NSEI,8/12/2024 14:58,345701,710,,,,Retained,,
2024,249,611,1,8,NSEI,8/12/2024 18:13,345701,710,,,,Retained,,
2024,249,611,1,9,NSEI,8/13/2024 14:31,345701,710,,,,Retained,,
2024,249,611,1,10,NSEI,8/13/2024 17:10,345701,710,,,,Retained,,
2024,250,611,1,1,NSEI,8/9/2024 16:44,345631,710,,,,Retained,,
2024,250,611,1,2,NSEI,8/9/2024 21:26,345631,710,,,,Retained,,
2024,250,611,1,3,NSEI,8/10/2024 16:22,345631,710,,,,Retained,,
2024,250,611,1,4,NSEI,8/10/2024 19:52,345631,710,,,,Retained,,
2024,250,611,1,5,NSEI,8/11/2024 17:04,345701,710,,,,Retained,,
2024,250,611,1,6,NSEI,8/11/2024 19:46,345701,710,,,,Retained,,
2024,250,611,1,7,NSEI,8/12/2024 14:58,345701,710,,,,Retained,,
2024,250,611,1,8,NSEI,8/12/2024 18:13,345701,710,,,,Retained,,
2024,250,611,1,9,NSEI,8/13/2024 14:31,345701,710,,,,Retained,,
2024,250,611,1,10,NSEI,8/13/2024 17:10,345701,710,,,,Retained,,
2024,251,611,1,1,NSEI,8/9/2024 16:44,345631,710,,,,Retained,,
2024,251,611,1,2,NSEI,8/9/2024 21:26,345631,710,,,,Retained,,
2024,251,611,1,3,NSEI,8/10/2024 16:22,345631,710,,,,Retained,,
2024,251,611,1,4,NSEI,8/10/2024 19:52,345631,710,,,,Retained,,
2024,251,611,1,5,NSEI,8/11/2024 17:04,345701,710,,,,Retained,,
2024,251,611,1,6,NSEI,8/11/2024 19:46,345701,710,,,,Retained,,
2024,251,611,1,7,NSEI,8/12/2024 14:58,345701,710,,,,Retained,,
2024,251,611,1,8,NSEI,8/12/2024 18:13,345701,710,,,,Retained,,
2024,251,611,1,9,NSEI,8/13/2024 14:31,345701,710,,,,Retained,,
2024,251,611,1,10,NSEI,8/13/2024 17:10,345701,710,,,,Retained,,
2024,252,611,1,1,NSEI,8/9/2024 16:44,345631,710,,,,Retained,,
2024,252,611,1,2,NSEI,8/9/2024 21:26,345631,710,,,,Retained,,
2024,252,611,1,3,NSEI,8/10/2024 16:22,345631,710,,,,Retained,,
2024,252,611,1,4,NSEI,8/10/2024 19:52,345631,710,,,,Retained,,
2024,252,611,1,5,NSEI,8/11/2024 17:04,345701,710,,,,Retained,,
2024,252,611,1,6,NSEI,8/11/2024 19:46,345701,710,,,,Retained,,
2024,252,611,1,7,NSEI,8/12/2024 14:58,345701,710,,,,Retained,,
2024,252,611,1,8,NSEI,8/12/2024 18:13,345701,710,,,,Retained,,
2024,252,611,1,9,NSEI,8/13/2024 14:31,345701,710,,,,Retained,,
2024,252,611,1,10,NSEI,8/13/2024 17:10,345701,710,,,,Retained,,
2024,253,611,1,1,NSEI,8/9/2024 16:44,345631,710,,,,Retained,,
2024,253,611,1,2,NSEI,8/9/2024 21:26,345631,710,,,,Retained,,
2024,253,611,1,3,NSEI,8/10/2024 16:22,345631,710,,,,Retained,,
2024,253,611,1,4,NSEI,8/10/2024 19:52,345631,710,,,,Retained,,
2024,253,611,1,5,NSEI,8/11/2024 17:04,345701,710,,,,Retained,,
2024,253,611,1,6,NSEI,8/11/2024 19:46,345701,710,,,,Retained,,
2024,253,611,1,7,NSEI,8/12/2024 14:58,345701,710,,,,Retained,,
2024,253,611,1,8,NSEI,8/12/2024 18:13,345701,710,,,,Retained,,
2024,253,611,1,9,NSEI,8/13/2024 14:31,345701,710,,,,Retained,,
2024,253,611,1,10,NSEI,8/13/2024 17:10,345701,710,,,,Retained,,
2024,254,611,1,1,NSEI,8/9/2024 16:44,345631,710,,,,Retained,,
2024,254,611,1,2,NSEI,8/9/2024 21:26,345631,710,,,,Retained,,
2024,254,611,1,3,NSEI,8/10/2024 16:22,345631,710,,,,Retained,,
2024,254,611,1,4,NSEI,8/10/2024 19:52,345631,710,,,,Retained,,
2024,254,611,1,5,NSEI,8/11/2024 17:04,345701,710,,,,Retained,,
2024,254,611,1,6,NSEI,8/11/2024 19:46,345701,710,,,,Retained,,
2024,254,611,1,7,NSEI,8/12/2024 14:58,345701,710,,,,Retained,,
2024,254,611,1,8,NSEI,8/12/2024 18:13,345701,710,,,,Retained,,
2024,254,611,1,9,NSEI,8/13/2024 14:31,345701,710,,,,Retained,,
2024,254,611,1,10,NSEI,8/13/2024 17:10,345701,710,,,,Retained,,
2024,255,611,1,1,NSEI,8/9/2024 16:44,345631,710,,,,Retained,,
2024,255,611,1,2,NSEI,8/9/2024 21:26,345631,710,,,,Retained,,
2024,255,611,1,3,NSEI,8/10/2024 16:22,345631,710,,,,Retained,,
2024,255,611,1,4,NSEI,8/10/2024 19:52,345631,710,,,,Retained,,
2024,255,611,1,5,NSEI,8/11/2024 17:04,345701,710,,,,Retained,,
2024,255,611,1,6,NSEI,8/11/2024 19:46,345701,710,,,,Retained,,
2024,255,611,1,7,NSEI,8/12/2024 14:58,345701,710,,,,Retained,,
2024,255,611,1,8,NSEI,8/12/2024 18:13,345701,710,,,,Retained,,
2024,255,611,1,9,NSEI,8/13/2024 14:31,345701,710,,,,Retained,,
2024,255,611,1,10,NSEI,8/13/2024 17:10,345701,710,,,,Retained,,
2024,256,611,1,1,NSEI,8/9/2024 16:44,345631,710,,,,Retained,,
2024,256,611,1,2,NSEI,8/9/2024 21:26,345631,710,,,,Retained,,
2024,256,611,1,3,NSEI,8/10/2024 16:22,345631,710,,,,Retained,,
2024,256,611,1,4,NSEI,8/10/2024 19:52,345631,710,,,,Retained,,
2024,256,611,1,5,NSEI,8/11/2024 17:04,345701,710,,,,Retained,,
2024,256,611,1,6,NSEI,8/11/2024 19:46,345701,710,,,,Retained,,
2024,256,611,1,7,NSEI,8/12/2024 14:58,345701,710,,,,Retained,,
2024,256,611,1,8,NSEI,8/12/2024 18:13,345701,710,,,,Retained,,
2024,256,611,1,9,NSEI,8/13/2024 14:31,345701,710,,,,Retained,,
2024,256,611,1,10,NSEI,8/13/2024 17:10,345701,710,,,,Retained,,
2024,257,611,1,1,NSEI,8/9/2024 16:44,345631,710,,,,Retained,,
2024,257,611,1,2,NSEI,8/9/2024 21:26,345631,710,,,,Retained,,
2024,257,611,1,3,NSEI,8/10/2024 16:22,345631,710,,,,Retained,,
2024,257,611,1,4,NSEI,8/10/2024 19:52,345631,710,,,,Retained,,
2024,257,611,1,5,NSEI,8/11/2024 17:04,345701,710,,,,Retained,,
2024,257,611,1,6,NSEI,8/11/2024 19:46,345701,710,,,,Retained,,
2024,257,611,1,7,NSEI,8/12/2024 14:58,345701,710,,,,Retained,,
2024,257,611,1,8,NSEI,8/12/2024 18:13,345701,710,,,,Retained,,
2024,257,611,1,9,NSEI,8/13/2024 14:31,345701,710,,,,Retained,,
2024,257,611,1,10,NSEI,8/13/2024 17:10,345701,710,,,,Retained,,
2024,258,611,1,1,NSEI,8/9/2024 16:44,345631,710,,,,Retained,,
2024,258,611,1,2,NSEI,8/9/2024 21:26,345631,710,,,,Retained,,
2024,258,611,1,3,NSEI,8/10/2024 16:22,345631,710,,,,Retained,,
2024,258,611,1,4,NSEI,8/10/2024 19:52,345631,710,,,,Retained,,
2024,258,611,1,5,NSEI,8/11/2024 17:04,345701,710,,,,Retained,,
2024,258,611,1,6,NSEI,8/11/2024 19:46,345701,710,,,,Retained,,
2024,258,611,1,7,NSEI,8/12/2024 14:58,345701,710,,,,Retained,,
2024,258,611,1,8,NSEI,8/12/2024 18:13,345701,710,,,,Retained,,
2024,258,611,1,9,NSEI,8/13/2024 14:31,345701,710,,,,Retained,,
2024,258,611,1,10,NSEI,8/13/2024 17:10,345701,710,,,,Retained,,
2024,259,611,1,1,NSEI,8/9/2024 16:44,345631,710,,,,Retained,,
2024,259,611,1,2,NSEI,8/9/2024 21:26,345631,710,,,,Retained,,
2024,259,611,1,3,NSEI,8/10/2024 16:22,345631,710,,,,Retained,,
2024,259,611,1,4,NSEI,8/10/2024 19:52,345631,710,,,,Retained,,
2024,259,611,1,5,NSEI,8/11/2024 17:04,345701,710,,,,Retained,,
2024,259,611,1,6,NSEI,8/11/2024 19:46,345701,710,,,,Retained,,
2024,259,611,1,7,NSEI,8/12/2024 14:58,345701,710,,,,Retained,,
2024,259,611,1,8,NSEI,8/12/2024 18:13,345701,710,,,,Retained,,
2024,259,611,1,9,NSEI,8/13/2024 14:31,345701,710,,,,Retained,,
2024,259,611,1,10,NSEI,8/13/2024 17:10,345701,710,,,,Retained,,
2024,260,611,1,1,NSEI,8/9/2024 16:44,345631,710,,,,Retained,,
2024,260,611,1,2,NSEI,8/9/2024 21:26,345631,710,,,,Retained,,
2024,260,611,1,3,NSEI,8/10/2024 16:22,345631,710,,,,Retained,,
2024,260,611,1,4,NSEI,8/10/2024 19:52,345631,710,,,,Retained,,
2024,260,611,1,5,NSEI,8/11/2024 17:04,345701,710,,,,Retained,,
2024,260,611,1,6,NSEI,8/11/2024 19:46,345701,710,,,,Retained,,
2024,260,611,1,7,NSEI,8/12/2024 14:58,345701,710,,,,Retained,,
2024,260,611,1,8,NSEI,8/12/2024 18:13,345701,710,,,,Retained,,
2024,260,611,1,9,NSEI,8/13/2024 14:31,345701,710,,,,Retained,,
2024,260,611,1,10,NSEI,8/13/2024 17:10,345701,710,,,,Retained,,
2024,261,611,1,1,NSEI,8/9/2024 16:44,345631,710,,,,Retained,,
2024,261,611,1,2,NSEI,8/9/2024 21:26,345631,710,,,,Retained,,
2024,261,611,1,3,NSEI,8/10/2024 16:22,345631,710,,,,Retained,,
2024,261,611,1,4,NSEI,8/10/2024 19:52,345631,710,,,,Retained,,
2024,261,611,1,5,NSEI,8/11/2024 17:04,345701,710,,,,Retained,,
2024,261,611,1,6,NSEI,8/11/2024 19:46,345701,710,,,,Retained,,
2024,261,611,1,7,NSEI,8/12/2024 14:58,345701,710,,,,Retained,,
2024,261,611,1,8,NSEI,8/12/2024 18:13,345701,710,,,,Retained,,
2024,261,611,1,9,NSEI,8/13/2024 14:31,345701,710,,,,Retained,,
2024,261,611,1,10,NSEI,8/13/2024 17:10,345701,710,,,,Retained,,
2024,262,611,1,1,NSEI,8/9/2024 16:44,345631,710,,,,Retained,,
2024,262,611,1,2,NSEI,8/9/2024 21:26,345631,710,,,,Retained,,
2024,262,611,1,3,NSEI,8/10/2024 16:22,345631,710,,,,Retained,,
2024,262,611,1,4,NSEI,8/10/2024 19:52,345631,710,,,,Retained,,
2024,262,611,1,5,NSEI,8/11/2024 17:04,345701,710,,,,Retained,,
2024,262,611,1,7,NSEI,8/12/2024 14:58,345701,710,,,,Retained,,
2024,262,611,1,8,NSEI,8/12/2024 18:13,345701,710,,,,Retained,,
2024,262,611,1,9,NSEI,8/13/2024 14:31,345701,710,,,,Retained,,
2024,262,611,1,10,NSEI,8/13/2024 17:10,345701,710,,,,Retained,,
2024,263,611,1,1,NSEI,8/9/2024 16:44,345631,710,,,,Retained,,
2024,263,611,1,2,NSEI,8/9/2024 21:26,345631,710,,,,Retained,,
2024,263,611,1,3,NSEI,8/10/2024 16:22,345631,710,,,,Retained,,
2024,263,611,1,4,NSEI,8/10/2024 19:52,345631,710,,,,Retained,,
2024,263,611,1,5,NSEI,8/11/2024 17:04,345701,710,,,,Retained,,
2024,263,611,1,6,NSEI,8/11/2024 19:46,345701,710,,,,Retained,,
2024,263,611,1,7,NSEI,8/12/2024 14:58,345701,710,,,,Retained,,
2024,263,611,1,8,NSEI,8/12/2024 18:13,345701,710,,,,Retained,,
2024,263,611,1,9,NSEI,8/13/2024 14:31,345701,710,,,,Retained,,
2024,263,611,1,10,NSEI,8/13/2024 17:10,345701,710,,,,Retained,,
2024,264,611,1,1,NSEI,8/9/2024 16:44,345631,710,,,,Retained,,
2024,264,611,1,2,NSEI,8/9/2024 21:26,345631,710,,,,Retained,,
2024,264,611,1,3,NSEI,8/10/2024 16:22,345631,710,,,,Retained,,
2024,264,611,1,4,NSEI,8/10/2024 19:52,345631,710,,,,Retained,,
2024,264,611,1,5,NSEI,8/11/2024 17:04,345701,710,,,,Retained,,
2024,264,611,1,6,NSEI,8/11/2024 19:46,345701,710,,,,Retained,,
2024,264,611,1,7,NSEI,8/12/2024 14:58,345701,710,,,,Retained,,
2024,264,611,1,8,NSEI,8/12/2024 18:13,345701,710,,,,Retained,,
2024,264,611,1,9,NSEI,8/13/2024 14:31,345701,710,,,,Retained,,
2024,264,611,1,10,NSEI,8/13/2024 17:10,345701,710,,,,Retained,,
2024,265,611,1,1,NSEI,8/9/2024 16:44,345631,710,,,,Retained,,
2024,265,611,1,2,NSEI,8/9/2024 21:26,345631,710,,,,Retained,,
2024,265,611,1,3,NSEI,8/10/2024 16:22,345631,710,,,,Retained,,
2024,265,611,1,4,NSEI,8/10/2024 19:52,345631,710,,,,Retained,,
2024,265,611,1,5,NSEI,8/11/2024 17:04,345701,710,,,,Retained,,
2024,265,611,1,6,NSEI,8/11/2024 19:46,345701,710,,,,Retained,,
2024,265,611,1,7,NSEI,8/12/2024 14:58,345701,710,,,,Retained,,
2024,265,611,1,8,NSEI,8/12/2024 18:13,345701,710,,,,Retained,,
2024,265,611,1,9,NSEI,8/13/2024 14:31,345701,710,,,,Retained,,
2024,265,611,1,10,NSEI,8/13/2024 17:10,345701,710,,,,Retained,,
2024,266,611,1,1,NSEI,8/9/2024 16:44,345631,710,,,,Retained,,
2024,266,611,1,2,NSEI,8/9/2024 21:26,345631,710,,,,Retained,,
2024,266,611,1,3,NSEI,8/10/2024 16:22,345631,710,,,,Retained,,
2024,266,611,1,4,NSEI,8/10/2024 19:52,345631,710,,,,Retained,,
2024,266,611,1,5,NSEI,8/11/2024 17:04,345701,710,,,,Retained,,
2024,266,611,1,6,NSEI,8/11/2024 19:46,345701,710,,,,Retained,,
2024,266,611,1,7,NSEI,8/12/2024 14:58,345701,710,,,,Retained,,
2024,266,611,1,8,NSEI,8/12/2024 18:13,345701,710,,,,Retained,,
2024,266,611,1,9,NSEI,8/13/2024 14:31,345701,710,,,,Retained,,
2024,266,611,1,10,NSEI,8/13/2024 17:10,345701,710,,,,Retained,,
2024,267,611,1,1,NSEI,8/9/2024 16:44,345631,710,,,,Retained,,
2024,267,611,1,2,NSEI,8/9/2024 21:26,345631,710,,,,Retained,,
2024,267,611,1,3,NSEI,8/10/2024 16:22,345631,710,,,,Retained,,
2024,267,611,1,4,NSEI,8/10/2024 19:52,345631,710,,,,Retained,,
2024,267,611,1,5,NSEI,8/11/2024 17:04,345701,710,,,,Retained,,
2024,267,611,1,6,NSEI,8/11/2024 19:46,345701,710,,,,Retained,,
2024,267,611,1,7,NSEI,8/12/2024 14:58,345701,710,,,,Retained,,
2024,267,611,1,8,NSEI,8/12/2024 18:13,345701,710,,,,Retained,,
2024,267,611,1,9,NSEI,8/13/2024 14:31,345701,710,,,,Retained,,
2024,267,611,1,10,NSEI,8/13/2024 17:10,345701,710,,,,Retained,,
2024,268,611,1,1,NSEI,8/9/2024 16:44,345631,710,,,,Retained,,
2024,268,611,1,2,NSEI,8/9/2024 21:26,345631,710,,,,Retained,,
2024,268,611,1,3,NSEI,8/10/2024 16:22,345631,710,,,,Retained,,
2024,268,611,1,4,NSEI,8/10/2024 19:52,345631,710,,,,Retained,,
2024,268,611,1,5,NSEI,8/11/2024 17:04,345701,710,,,,Retained,,
2024,268,611,1,6,NSEI,8/11/2024 19:46,345701,710,,,,Retained,,
2024,268,611,1,7,NSEI,8/12/2024 14:58,345701,710,,,,Retained,,
2024,268,611,1,8,NSEI,8/12/2024 18:13,345701,710,,,,Retained,,
2024,268,611,1,9,NSEI,8/13/2024 14:31,345701,710,,,,Retained,,
2024,268,611,1,10,NSEI,8/13/2024 17:10,345701,710,,,,Retained,,
2024,269,611,1,1,NSEI,8/9/2024 16:44,345631,710,,,,Retained,,
2024,269,611,1,2,NSEI,8/9/2024 21:26,345631,710,,,,Retained,,
2024,269,611,1,3,NSEI,8/10/2024 16:22,345631,710,,,,Retained,,
2024,269,611,1,4,NSEI,8/10/2024 19:52,345631,710,,,,Retained,,
2024,269,611,1,5,NSEI,8/11/2024 17:04,345701,710,,,,Retained,,
2024,269,611,1,6,NSEI,8/11/2024 19:46,345701,710,,,,Retained,,
2024,269,611,1,7,NSEI,8/12/2024 14:58,345701,710,,,,Retained,,
2024,269,611,1,8,NSEI,8/12/2024 18:13,345701,710,,,,Retained,,
2024,269,611,1,9,NSEI,8/13/2024 14:31,345701,710,,,,Retained,,
2024,269,611,1,10,NSEI,8/13/2024 17:10,345701,710,,,,Retained,,
2024,270,611,1,1,NSEI,8/9/2024 16:44,345631,710,,,,Retained,,
2024,270,611,1,2,NSEI,8/9/2024 21:26,345631,710,,,,Retained,,
2024,270,611,1,3,NSEI,8/10/2024 16:22,345631,710,,,,Retained,,
2024,270,611,1,4,NSEI,8/10/2024 19:52,345631,710,,,,Retained,,
2024,270,611,1,5,NSEI,8/11/2024 17:04,345701,710,,,,Retained,,
2024,270,611,1,6,NSEI,8/11/2024 19:46,345701,710,,,,Retained,,
2024,270,611,1,7,NSEI,8/12/2024 14:58,345701,710,,,,Retained,,
2024,270,611,1,8,NSEI,8/12/2024 18:13,345701,710,,,,Retained,,
2024,270,611,1,9,NSEI,8/13/2024 14:31,345701,710,,,,Retained,,
2024,270,611,1,10,NSEI,8/13/2024 17:10,345701,710,,,,Retained,,
2024,271,611,1,1,NSEI,8/9/2024 16:44,345631,710,,,,Retained,,
2024,271,611,1,2,NSEI,8/9/2024 21:26,345631,710,,,,Retained,,
2024,271,611,1,3,NSEI,8/10/2024 16:22,345631,710,,,,Retained,,
2024,271,611,1,4,NSEI,8/10/2024 19:52,345631,710,,,,Retained,,
2024,271,611,1,5,NSEI,8/11/2024 17:04,345701,710,,,,Retained,,
2024,271,611,1,6,NSEI,8/11/2024 19:46,345701,710,,,,Retained,,
2024,271,611,1,7,NSEI,8/12/2024 14:58,345701,710,,,,Retained,,
2024,271,611,1,8,NSEI,8/12/2024 18:13,345701,710,,,,Retained,,
2024,271,611,1,9,NSEI,8/13/2024 14:31,345701,710,,,,Retained,,
2024,271,611,1,10,NSEI,8/13/2024 17:10,345701,710,,,,Retained,,
2024,272,611,1,1,NSEI,8/9/2024 16:44,345631,710,,,,Retained,,
2024,272,611,1,2,NSEI,8/9/2024 21:26,345631,710,,,,Retained,,
2024,272,611,1,3,NSEI,8/10/2024 16:22,345631,710,,,,Retained,,
2024,272,611,1,4,NSEI,8/10/2024 19:52,345631,710,,,,Retained,,
2024,272,611,1,5,NSEI,8/11/2024 17:04,345701,710,,,,Retained,,
2024,272,611,1,6,NSEI,8/11/2024 19:46,345701,710,,,,Retained,,
2024,272,611,1,7,NSEI,8/12/2024 14:58,345701,710,,,,Retained,,
2024,272,611,1,8,NSEI,8/12/2024 18:13,345701,710,,,,Retained,,
2024,272,611,1,9,NSEI,8/13/2024 14:31,345701,710,,,,Retained,,
2024,272,611,1,10,NSEI,8/13/2024 17:10,345701,710,,,,Retained,,
2024,273,611,1,1,NSEI,8/9/2024 16:44,345631,710,,,,Retained,,
2024,273,611,1,2,NSEI,8/9/2024 21:26,345631,710,,,,Retained,,
2024,273,611,1,3,NSEI,8/10/2024 16:22,345631,710,,,,Retained,,
2024,273,611,1,4,NSEI,8/10/2024 19:52,345631,710,,,,Retained,,
2024,273,611,1,5,NSEI,8/11/2024 17:04,345701,710,,,,Retained,,
2024,273,611,1,6,NSEI,8/11/2024 19:46,345701,710,,,,Retained,,
2024,273,611,1,7,NSEI,8/12/2024 14:58,345701,710,,,,Retained,,
2024,273,611,1,8,NSEI,8/12/2024 18:13,345701,710,,,,Retained,,
2024,273,611,1,9,NSEI,8/13/2024 14:31,345701,710,,,,Retained,,
2024,273,611,1,10,NSEI,8/13/2024 17:10,345701,710,,,,Retained,,
2024,274,611,1,1,NSEI,8/9/2024 16:44,345631,710,,,,Retained,,
2024,274,611,1,2,NSEI,8/9/2024 21:26,345631,710,,,,Retained,,
2024,274,611,1,3,NSEI,8/10/2024 16:22,345631,710,,,,Retained,,
2024,274,611,1,4,NSEI,8/10/2024 19:52,345631,710,,,,Retained,,
2024,274,611,1,5,NSEI,8/11/2024 17:04,345701,710,,,,Retained,,
2024,274,611,1,6,NSEI,8/11/2024 19:46,345701,710,,,,Retained,,
2024,274,611,1,7,NSEI,8/12/2024 14:58,345701,710,,,,Retained,,
2024,274,611,1,8,NSEI,8/12/2024 18:13,345701,710,,,,Retained,,
2024,274,611,1,9,NSEI,8/13/2024 14:31,345701,710,,,,Retained,,
2024,274,611,1,10,NSEI,8/13/2024 17:10,345701,710,,,,Retained,,
2024,275,611,1,1,NSEI,8/9/2024 16:44,345631,710,,,,Retained,,
2024,275,611,1,2,NSEI,8/9/2024 21:26,345631,710,,,,Retained,,
2024,275,611,1,3,NSEI,8/10/2024 16:22,345631,710,,,,Retained,,
2024,275,611,1,4,NSEI,8/10/2024 19:52,345631,710,,,,Retained,,
2024,275,611,1,5,NSEI,8/11/2024 17:04,345701,710,,,,Retained,,
2024,275,611,1,6,NSEI,8/11/2024 19:46,345701,710,,,,Retained,,
2024,275,611,1,7,NSEI,8/12/2024 14:58,345701,710,,,,Retained,,
2024,275,611,1,8,NSEI,8/12/2024 18:13,345701,710,,,,Retained,,
2024,275,611,1,9,NSEI,8/13/2024 14:31,345701,710,,,,Retained,,
2024,275,611,1,10,NSEI,8/13/2024 17:10,345701,710,,,,Retained,,
2024,276,611,1,1,NSEI,8/9/2024 16:44,345631,710,,,,Retained,,
2024,276,611,1,2,NSEI,8/9/2024 21:26,345631,710,,,,Retained,,
2024,276,611,1,3,NSEI,8/10/2024 16:22,345631,710,,,,Retained,,
2024,276,611,1,4,NSEI,8/10/2024 19:52,345631,710,,,,Retained,,
2024,276,611,1,5,NSEI,8/11/2024 17:04,345701,710,,,,Retained,,
2024,276,611,1,6,NSEI,8/11/2024 19:46,345701,710,,,,Retained,,
2024,276,611,1,7,NSEI,8/12/2024 14:58,345701,710,,,,Retained,,
2024,276,611,1,8,NSEI,8/12/2024 18:13,345701,710,,,,Retained,,
2024,276,611,1,9,NSEI,8/13/2024 14:31,345701,710,,,,Retained,,
2024,276,611,1,10,NSEI,8/13/2024 17:10,345701,710,,,,Retained,,
2024,277,611,1,1,NSEI,8/9/2024 16:44,345631,710,,,,Retained,,
2024,277,611,1,2,NSEI,8/9/2024 21:26,345631,710,,,,Retained,,
2024,277,611,1,3,NSEI,8/10/2024 16:22,345631,710,,,,Retained,,
2024,277,611,1,4,NSEI,8/10/2024 19:52,345631,710,,,,Retained,,
2024,277,611,1,5,NSEI,8/11/2024 17:04,345701,710,,,,Retained,,
2024,277,611,1,6,NSEI,8/11/2024 19:46,345701,710,,,,Retained,,
2024,277,611,1,7,NSEI,8/12/2024 14:58,345701,710,,,,Retained,,
2024,277,611,1,8,NSEI,8/12/2024 18:13,345701,710,,,,Retained,,
2024,277,611,1,9,NSEI,8/13/2024 14:31,345701,710,,,,Retained,,
2024,277,611,1,10,NSEI,8/13/2024 17:10,345701,710,,,,Retained,,
2024,278,611,1,1,NSEI,8/9/2024 16:44,345631,710,,,,Retained,,
2024,278,611,1,2,NSEI,8/9/2024 21:26,345631,710,,,,Retained,,
2024,278,611,1,3,NSEI,8/10/2024 16:22,345631,710,,,,Retained,,
2024,278,611,1,4,NSEI,8/10/2024 19:52,345631,710,,,,Retained,,
2024,278,611,1,5,NSEI,8/11/2024 17:04,345701,710,,,,Retained,,
2024,278,611,1,6,NSEI,8/11/2024 19:46,345701,710,,,,Retained,,
2024,278,611,1,7,NSEI,8/12/2024 14:58,345701,710,,,,Retained,,
2024,278,611,1,8,NSEI,8/12/2024 18:13,345701,710,,,,Retained,,
2024,278,611,1,9,NSEI,8/13/2024 14:31,345701,710,,,,Retained,,
2024,278,611,1,10,NSEI,8/13/2024 17:10,345701,710,,,,Retained,,
2024,279,611,1,1,NSEI,8/9/2024 16:44,345631,710,,,,Retained,,
2024,279,611,1,2,NSEI,8/9/2024 21:26,345631,710,,,,Retained,,
2024,279,611,1,3,NSEI,8/10/2024 16:22,345631,710,,,,Retained,,
2024,279,611,1,4,NSEI,8/10/2024 19:52,345631,710,,,,Retained,,
2024,279,611,1,5,NSEI,8/11/2024 17:04,345701,710,,,,Retained,,
2024,279,611,1,6,NSEI,8/11/2024 19:46,345701,710,,,,Retained,,
2024,279,611,1,7,NSEI,8/12/2024 14:58,345701,710,,,,Retained,,
2024,279,611,1,8,NSEI,8/12/2024 18:13,345701,710,,,,Retained,,
2024,279,611,1,9,NSEI,8/13/2024 14:31,345701,710,,,,Retained,,
2024,279,611,1,10,NSEI,8/13/2024 17:10,345701,710,,,,Retained,,
2024,280,611,1,1,NSEI,8/9/2024 16:44,345631,710,,,,Retained,,
2024,280,611,1,2,NSEI,8/9/2024 21:26,345631,710,,,,Retained,,
2024,280,611,1,3,NSEI,8/10/2024 16:22,345631,710,,,,Retained,,
2024,280,611,1,4,NSEI,8/10/2024 19:52,345631,710,,,,Retained,,
2024,280,611,1,5,NSEI,8/11/2024 17:04,345701,710,,,,Retained,,
2024,280,611,1,6,NSEI,8/11/2024 19:46,345701,710,,,,Retained,,
2024,280,611,1,7,NSEI,8/12/2024 14:58,345701,710,,,,Retained,,
2024,280,611,1,8,NSEI,8/12/2024 18:13,345701,710,,,,Retained,,
2024,280,611,1,9,NSEI,8/13/2024 14:31,345701,710,,,,Retained,,
2024,280,611,1,10,NSEI,8/13/2024 17:10,345701,710,,,,Retained,,
2024,281,611,1,1,NSEI,8/9/2024 16:44,345631,710,,,,Retained,,
2024,281,611,1,2,NSEI,8/9/2024 21:26,345631,710,,,,Retained,,
2024,281,611,1,3,NSEI,8/10/2024 16:22,345631,710,,,,Retained,,
2024,281,611,1,4,NSEI,8/10/2024 19:52,345631,710,,,,Retained,,
2024,281,611,1,5,NSEI,8/11/2024 17:04,345701,710,,,,Retained,,
2024,281,611,1,6,NSEI,8/11/2024 19:46,345701,710,,,,Retained,,
2024,281,611,1,7,NSEI,8/12/2024 14:58,345701,710,,,,Retained,,
2024,281,611,1,8,NSEI,8/12/2024 18:13,345701,710,,,,Retained,,
2024,281,611,1,9,NSEI,8/13/2024 14:31,345701,710,,,,Retained,,
2024,281,611,1,10,NSEI,8/13/2024 17:10,345701,710,,,,Retained,,
2024,282,611,1,1,NSEI,8/9/2024 16:44,345631,710,,,,Retained,,
2024,282,611,1,2,NSEI,8/9/2024 21:26,345631,710,,,,Retained,,
2024,282,611,1,3,NSEI,8/10/2024 16:22,345631,710,,,,Retained,,
2024,282,611,1,4,NSEI,8/10/2024 19:52,345631,710,,,,Retained,,
2024,282,611,1,5,NSEI,8/11/2024 17:04,345701,710,,,,Retained,,
2024,282,611,1,6,NSEI,8/11/2024 19:46,345701,710,,,,Retained,,
2024,282,611,1,7,NSEI,8/12/2024 14:58,345701,710,,,,Retained,,
2024,282,611,1,8,NSEI,8/12/2024 18:13,345701,710,,,,Retained,,
2024,282,611,1,9,NSEI,8/13/2024 14:31,345701,710,,,,Retained,,
2024,282,611,1,10,NSEI,8/13/2024 17:10,345701,710,,,,Retained,,
2024,283,611,1,1,NSEI,8/9/2024 16:44,345631,710,,,,Retained,,
2024,283,611,1,2,NSEI,8/9/2024 21:26,345631,710,,,,Retained,,
2024,283,611,1,3,NSEI,8/10/2024 16:22,345631,710,,,,Retained,,
2024,283,611,1,4,NSEI,8/10/2024 19:52,345631,710,,,,Retained,,
2024,283,611,1,5,NSEI,8/11/2024 17:04,345701,710,,,,Retained,,
2024,283,611,1,6,NSEI,8/11/2024 19:46,345701,710,,,,Retained,,
2024,283,611,1,7,NSEI,8/12/2024 14:58,345701,710,,,,Retained,,
2024,283,611,1,8,NSEI,8/12/2024 18:13,345701,710,,,,Retained,,
2024,283,611,1,9,NSEI,8/13/2024 14:31,345701,710,,,,Retained,,
2024,283,611,1,10,NSEI,8/13/2024 17:10,345701,710,,,,Retained,,
2024,284,611,1,1,NSEI,8/9/2024 16:44,345631,710,,,,Retained,,
2024,284,611,1,2,NSEI,8/9/2024 21:26,345631,710,,,,Retained,,
2024,284,611,1,3,NSEI,8/10/2024 16:22,345631,710,,,,Retained,,
2024,284,611,1,4,NSEI,8/10/2024 19:52,345631,710,,,,Retained,,
2024,284,611,1,5,NSEI,8/11/2024 17:04,345701,710,,,,Retained,,
2024,284,611,1,6,NSEI,8/11/2024 19:46,345701,710,,,,Retained,,
2024,284,611,1,7,NSEI,8/12/2024 14:58,345701,710,,,,Retained,,
2024,284,611,1,8,NSEI,8/12/2024 18:13,345701,710,,,,Retained,,
2024,284,611,1,9,NSEI,8/13/2024 14:31,345701,710,,,,Retained,,
2024,284,611,1,10,NSEI,8/13/2024 17:10,345701,710,,,,Retained,,
2024,285,611,1,1,NSEI,8/9/2024 16:44,345631,710,,,,Retained,,
2024,285,611,1,2,NSEI,8/9/2024 21:26,345631,710,,,,Retained,,
2024,285,611,1,3,NSEI,8/10/2024 16:22,345631,710,,,,Retained,,
2024,285,611,1,4,NSEI,8/10/2024 19:52,345631,710,,,,Retained,,
2024,285,611,1,5,NSEI,8/11/2024 17:04,345701,710,,,,Retained,,
2024,285,611,1,6,NSEI,8/11/2024 19:46,345701,710,,,,Retained,,
2024,285,611,1,7,NSEI,8/12/2024 14:58,345701,710,,,,Retained,,
2024,285,611,1,8,NSEI,8/12/2024 18:13,345701,710,,,,Retained,,
2024,285,611,1,9,NSEI,8/13/2024 14:31,345701,710,,,,Retained,,
2024,285,611,1,10,NSEI,8/13/2024 17:10,345701,710,,,,Retained,,
2024,286,611,1,1,NSEI,8/9/2024 16:44,345631,710,,,,Retained,,
2024,286,611,1,2,NSEI,8/9/2024 21:26,345631,710,,,,Retained,,
2024,286,611,1,3,NSEI,8/10/2024 16:22,345631,710,,,,Retained,,
2024,286,611,1,4,NSEI,8/10/2024 19:52,345631,710,,,,Retained,,
2024,286,611,1,5,NSEI,8/11/2024 17:04,345701,710,,,,Retained,,
2024,286,611,1,6,NSEI,8/11/2024 19:46,345701,710,,,,Retained,,
2024,286,611,1,7,NSEI,8/12/2024 14:58,345701,710,,,,Retained,,
2024,286,611,1,8,NSEI,8/12/2024 18:13,345701,710,,,,Retained,,
2024,286,611,1,9,NSEI,8/13/2024 14:31,345701,710,,,,Retained,,
2024,286,611,1,10,NSEI,8/13/2024 17:10,345701,710,,,,Retained,,
2024,287,611,1,1,NSEI,8/9/2024 16:44,345631,710,,,,Retained,,
2024,287,611,1,2,NSEI,8/9/2024 21:26,345631,710,,,,Retained,,
2024,287,611,1,3,NSEI,8/10/2024 16:22,345631,710,,,,Retained,,
2024,287,611,1,4,NSEI,8/10/2024 19:52,345631,710,,,,Retained,,
2024,287,611,1,5,NSEI,8/11/2024 17:04,345701,710,,,,Retained,,
2024,287,611,1,6,NSEI,8/11/2024 19:46,345701,710,,,,Retained,,
2024,287,611,1,7,NSEI,8/12/2024 14:58,345701,710,,,,Retained,,
2024,287,611,1,8,NSEI,8/12/2024 18:13,345701,710,610,,,Retained,,
2024,287,611,1,9,NSEI,8/13/2024 14:31,345701,710,,,,Retained,,
2024,287,611,1,10,NSEI,8/13/2024 17:10,345701,710,,,,Retained,,
2024,288,611,1,1,NSEI,8/9/2024 16:44,345631,710,,,,Retained,,
2024,288,611,1,2,NSEI,8/9/2024 21:26,345631,710,,,,Retained,,
2024,288,611,1,3,NSEI,8/10/2024 16:22,345631,710,,,,Retained,,
2024,288,611,1,4,NSEI,8/10/2024 19:52,345631,710,,,,Retained,,
2024,288,611,1,5,NSEI,8/11/2024 17:04,345701,710,,,,Retained,,
2024,288,611,1,6,NSEI,8/11/2024 19:46,345701,710,,,,Retained,,
2024,288,611,1,7,NSEI,8/12/2024 14:58,345701,710,,,,Retained,,
2024,288,611,1,9,NSEI,8/13/2024 14:31,345701,710,,,,Retained,,
2024,288,611,1,10,NSEI,8/13/2024 17:10,345701,710,,,,Retained,,
2024,289,611,1,1,NSEI,8/9/2024 16:44,345631,710,,,,Retained,,
2024,289,611,1,2,NSEI,8/9/2024 21:26,345631,710,,,,Retained,,
2024,289,611,1,3,NSEI,8/10/2024 16:22,345631,710,,,,Retained,,
2024,289,611,1,4,NSEI,8/10/2024 19:52,345631,710,,,,Retained,,
2024,289,611,1,5,NSEI,8/11/2024 17:04,345701,710,,,,Retained,,
2024,289,611,1,6,NSEI,8/11/2024 19:46,345701,710,,,,Retained,,
2024,289,611,1,7,NSEI,8/12/2024 14:58,345701,710,,,,Retained,,
2024,289,611,1,9,NSEI,8/13/2024 14:31,345701,710,,,,Retained,,
2024,289,611,1,10,NSEI,8/13/2024 17:10,345701,710,,,,Retained,,
2024,290,611,1,1,NSEI,8/9/2024 16:44,345631,710,,,,Retained,,
2024,290,611,1,2,NSEI,8/9/2024 21:26,345631,710,,,,Retained,,
2024,290,611,1,3,NSEI,8/10/2024 16:22,345631,710,,,,Retained,,
2024,290,611,1,4,NSEI,8/10/2024 19:52,345631,710,,,,Retained,,
2024,290,611,1,5,NSEI,8/11/2024 17:04,345701,710,,,,Retained,,
2024,290,611,1,6,NSEI,8/11/2024 19:46,345701,710,,,,Retained,,
2024,290,611,1,7,NSEI,8/12/2024 14:58,345701,710,,,,Retained,,
2024,290,611,1,8,NSEI,8/12/2024 18:13,345701,710,,,,Retained,,
2024,290,611,1,9,NSEI,8/13/2024 14:31,345701,710,,,,Retained,,
2024,290,611,1,10,NSEI,8/13/2024 17:10,345701,710,,,,Retained,,
2024,291,611,1,1,NSEI,8/9/2024 16:44,345631,710,,,,Retained,,
2024,291,611,1,2,NSEI,8/9/2024 21:26,345631,710,,,,Retained,,
2024,291,611,1,3,NSEI,8/10/2024 16:22,345631,710,,,,Retained,,
2024,291,611,1,4,NSEI,8/10/2024 19:52,345631,710,,,,Retained,,
2024,291,611,1,5,NSEI,8/11/2024 17:04,345701,710,,,,Retained,,
2024,291,611,1,6,NSEI,8/11/2024 19:46,345701,710,,,,Retained,,
2024,291,611,1,7,NSEI,8/12/2024 14:58,345701,710,,,,Retained,,
2024,291,611,1,9,NSEI,8/13/2024 14:31,345701,710,,,,Retained,,
2024,291,611,1,10,NSEI,8/13/2024 17:10,345701,710,,,,Retained,,
2024,292,611,1,1,NSEI,8/9/2024 16:44,345631,710,,,,Retained,,
2024,292,611,1,2,NSEI,8/9/2024 21:26,345631,710,,,,Retained,,
2024,292,611,1,3,NSEI,8/10/2024 16:22,345631,710,,,,Retained,,
2024,292,611,1,4,NSEI,8/10/2024 19:52,345631,710,,,,Retained,,
2024,292,611,1,5,NSEI,8/11/2024 17:04,345701,710,,,,Retained,,
2024,292,611,1,6,NSEI,8/11/2024 19:46,345701,710,,,,Retained,,
2024,292,611,1,7,NSEI,8/12/2024 14:58,345701,710,,,,Retained,,
2024,292,611,1,9,NSEI,8/13/2024 14:31,345701,710,,,,Retained,,
2024,292,611,1,10,NSEI,8/13/2024 17:10,345701,710,,,,Retained,,
2024,293,611,1,1,NSEI,8/9/2024 16:44,345631,710,,,,Retained,,
2024,293,611,1,2,NSEI,8/9/2024 21:26,345631,710,,,,Retained,,
2024,293,611,1,3,NSEI,8/10/2024 16:22,345631,710,,,,Retained,,
2024,293,611,1,4,NSEI,8/10/2024 19:52,345631,710,,,,Retained,,
2024,293,611,1,5,NSEI,8/11/2024 17:04,345701,710,,,,Retained,,
2024,293,611,1,6,NSEI,8/11/2024 19:46,345701,710,,,,Retained,,
2024,293,611,1,7,NSEI,8/12/2024 14:58,345701,710,,,,Retained,,
2024,293,611,1,9,NSEI,8/13/2024 14:31,345701,710,,,,Retained,,
2024,293,611,1,10,NSEI,8/13/2024 17:10,345701,710,,,,Retained,,
2024,294,611,1,1,NSEI,8/9/2024 16:44,345631,710,,,,Retained,,
2024,294,611,1,2,NSEI,8/9/2024 21:26,345631,710,,,,Retained,,
2024,294,611,1,3,NSEI,8/10/2024 16:22,345631,710,,,,Retained,,
2024,294,611,1,4,NSEI,8/10/2024 19:52,345631,710,,,,Retained,,
2024,294,611,1,5,NSEI,8/11/2024 17:04,345701,710,,,,Retained,,
2024,294,611,1,6,NSEI,8/11/2024 19:46,345701,710,,,,Retained,,
2024,294,611,1,7,NSEI,8/12/2024 14:58,345701,710,,,,Retained,,
2024,294,611,1,9,NSEI,8/13/2024 14:31,345701,710,,,,Retained,,
2024,294,611,1,10,NSEI,8/13/2024 17:10,345701,710,,,,Retained,,
2024,295,611,1,1,NSEI,8/9/2024 16:44,345631,710,,,,Retained,,
2024,295,611,1,2,NSEI,8/9/2024 21:26,345631,710,,,,Retained,,
2024,295,611,1,3,NSEI,8/10/2024 16:22,345631,710,,,,Retained,,
2024,295,611,1,4,NSEI,8/10/2024 19:52,345631,710,,,,Retained,,
2024,295,611,1,5,NSEI,8/11/2024 17:04,345701,710,,,,Retained,,
2024,295,611,1,6,NSEI,8/11/2024 19:46,345701,710,,,,Retained,,
2024,295,611,1,7,NSEI,8/12/2024 14:58,345701,710,,,,Retained,,
2024,295,611,1,9,NSEI,8/13/2024 14:31,345701,710,,,,Retained,,
2024,295,611,1,10,NSEI,8/13/2024 17:10,345701,710,,,,Retained,,
2024,296,611,1,1,NSEI,8/9/2024 16:44,345631,710,,,,Retained,,
2024,296,611,1,2,NSEI,8/9/2024 21:26,345631,710,,,,Retained,,
2024,296,611,1,3,NSEI,8/10/2024 16:22,345631,710,,,,Retained,,
2024,296,611,1,4,NSEI,8/10/2024 19:52,345631,710,,,,Retained,,
2024,296,611,1,5,NSEI,8/11/2024 17:04,345701,710,,,,Retained,,
2024,296,611,1,6,NSEI,8/11/2024 19:46,345701,710,,,,Retained,,
2024,296,611,1,7,NSEI,8/12/2024 14:58,345701,710,,,,Retained,,
2024,296,611,1,9,NSEI,8/13/2024 14:31,345701,710,,,,Retained,,
2024,296,611,1,10,NSEI,8/13/2024 17:10,345701,710,,,,Retained,,
2024,297,611,1,1,NSEI,8/9/2024 16:44,345631,710,,,,Retained,,
2024,297,611,1,2,NSEI,8/9/2024 21:26,345631,710,,,,Retained,,
2024,297,611,1,3,NSEI,8/10/2024 16:22,345631,710,,,,Retained,,
2024,297,611,1,4,NSEI,8/10/2024 19:52,345631,710,,,,Retained,,
2024,297,611,1,5,NSEI,8/11/2024 17:04,345701,710,,,,Retained,,
2024,297,611,1,6,NSEI,8/11/2024 19:46,345701,710,,,,"Discarded, too small",,
2024,297,611,1,7,NSEI,8/12/2024 14:58,345701,710,,,,Retained,,
2024,297,611,1,9,NSEI,8/13/2024 14:31,345701,710,,,,Retained,,
2024,297,611,1,10,NSEI,8/13/2024 17:10,345701,710,,,,Retained,,
2024,298,611,1,1,NSEI,8/9/2024 16:44,345631,710,,,,Retained,,
2024,298,611,1,2,NSEI,8/9/2024 21:26,345631,710,,,,Retained,,
2024,298,611,1,3,NSEI,8/10/2024 16:22,345631,710,,,,Retained,,
2024,298,611,1,4,NSEI,8/10/2024 19:52,345631,710,,,,Retained,,
2024,298,611,1,5,NSEI,8/11/2024 17:04,345701,710,,,,Retained,,
2024,298,611,1,6,NSEI,8/11/2024 19:46,345701,710,,,,Retained,,
2024,298,611,1,7,NSEI,8/12/2024 14:58,345701,710,,,,Retained,,
2024,298,611,1,9,NSEI,8/13/2024 14:31,345701,710,,,,Retained,,
2024,298,611,1,10,NSEI,8/13/2024 17:10,345701,710,,,,Retained,,
2024,299,611,1,1,NSEI,8/9/2024 16:44,345631,710,,,,Retained,,
2024,299,611,1,2,NSEI,8/9/2024 21:26,345631,710,,,,Retained,,
2024,299,611,1,3,NSEI,8/10/2024 16:22,345631,710,,,,Retained,,
2024,299,611,1,4,NSEI,8/10/2024 19:52,345631,710,,,,Retained,,
2024,299,611,1,5,NSEI,8/11/2024 17:04,345701,710,,,,Retained,,
2024,299,611,1,6,NSEI,8/11/2024 19:46,345701,710,,,,Retained,,
2024,299,611,1,7,NSEI,8/12/2024 14:58,345701,710,,,,Retained,,
2024,299,611,1,9,NSEI,8/13/2024 14:31,345701,710,,,,Retained,,
2024,299,611,1,10,NSEI,8/13/2024 17:10,345701,710,,,,Retained,,
2024,300,611,1,1,NSEI,8/9/2024 16:44,345631,710,,,,Retained,,
2024,300,611,1,2,NSEI,8/9/2024 21:26,345631,710,,,,Retained,,
2024,300,611,1,3,NSEI,8/10/2024 16:22,345631,710,,,,Retained,,
2024,300,611,1,4,NSEI,8/10/2024 19:52,345631,710,,,,Retained,,
2024,300,611,1,5,NSEI,8/11/2024 17:04,345701,710,,,,Retained,,
2024,300,611,1,6,NSEI,8/11/2024 19:46,345701,710,,,,Retained,,
2024,300,611,1,7,NSEI,8/12/2024 14:58,345701,710,,,,Retained,,
2024,300,611,1,9,NSEI,8/13/2024 14:31,345701,710,,,,Retained,,
2024,300,611,1,10,NSEI,8/13/2024 17:10,345701,710,,,,Retained,,
2024,301,611,1,1,NSEI,8/9/2024 16:44,345631,710,,,,Retained,,
2024,301,611,1,2,NSEI,8/9/2024 21:26,345631,710,,,,Retained,,
2024,301,611,1,3,NSEI,8/10/2024 16:22,345631,710,,,,Retained,,
2024,301,611,1,4,NSEI,8/10/2024 19:52,345631,710,,,,Retained,,
2024,301,611,1,5,NSEI,8/11/2024 17:04,345701,710,,,,Retained,,
2024,301,611,1,6,NSEI,8/11/2024 19:46,345701,710,,,,Retained,,
2024,301,611,1,7,NSEI,8/12/2024 14:58,345701,710,,,,Retained,,
2024,301,611,1,9,NSEI,8/13/2024 14:31,345701,710,,,,Retained,,
2024,301,611,1,10,NSEI,8/13/2024 17:10,345701,710,,,,Retained,,
2024,302,611,1,1,NSEI,8/9/2024 16:44,345631,710,,,,Retained,,
2024,302,611,1,2,NSEI,8/9/2024 21:26,345631,710,,,,Retained,,
2024,302,611,1,3,NSEI,8/10/2024 16:22,345631,710,,,,Retained,,
2024,302,611,1,4,NSEI,8/10/2024 19:52,345631,710,,,,Retained,,
2024,302,611,1,5,NSEI,8/11/2024 17:04,345701,710,,,,Retained,,
2024,302,611,1,6,NSEI,8/11/2024 19:46,345701,710,,,,Retained,,
2024,302,611,1,7,NSEI,8/12/2024 14:58,345701,710,,,,Retained,,
2024,302,611,1,9,NSEI,8/13/2024 14:31,345701,710,,,,Retained,,
2024,302,611,1,10,NSEI,8/13/2024 17:10,345701,710,,,,Retained,,
2024,303,611,1,1,NSEI,8/9/2024 16:44,345631,710,,,,Retained,,
2024,303,611,1,2,NSEI,8/9/2024 21:26,345631,710,,,,Retained,,
2024,303,611,1,3,NSEI,8/10/2024 16:22,345631,710,,,,Retained,,
2024,303,611,1,4,NSEI,8/10/2024 19:52,345631,710,,,,Retained,,
2024,303,611,1,5,NSEI,8/11/2024 17:04,345701,710,,,,Retained,,
2024,303,611,1,6,NSEI,8/11/2024 19:46,345701,710,,,,Retained,,
2024,303,611,1,7,NSEI,8/12/2024 14:58,345701,710,,,,Retained,,
2024,303,611,1,9,NSEI,8/13/2024 14:31,345701,710,,,,Retained,,
2024,303,611,1,10,NSEI,8/13/2024 17:10,345701,710,,,,Retained,,
2024,304,611,1,1,NSEI,8/9/2024 16:44,345631,710,,,,Retained,,
2024,304,611,1,2,NSEI,8/9/2024 21:26,345631,710,,,,Retained,,
2024,304,611,1,3,NSEI,8/10/2024 16:22,345631,710,,,,Retained,,
2024,304,611,1,4,NSEI,8/10/2024 19:52,345631,710,,,,Retained,,
2024,304,611,1,5,NSEI,8/11/2024 17:04,345701,710,,,,Retained,,
2024,304,611,1,6,NSEI,8/11/2024 19:46,345701,710,,,,Retained,,
2024,304,611,1,7,NSEI,8/12/2024 14:58,345701,710,,,,Retained,,
2024,304,611,1,9,NSEI,8/13/2024 14:31,345701,710,,,,Retained,,
2024,304,611,1,10,NSEI,8/13/2024 17:10,345701,710,,,,Retained,,
2024,305,611,1,1,NSEI,8/9/2024 16:44,345631,710,,,,Retained,,
2024,305,611,1,2,NSEI,8/9/2024 21:26,345631,710,,,,Retained,,
2024,305,611,1,3,NSEI,8/10/2024 16:22,345631,710,,,,Retained,,
2024,305,611,1,4,NSEI,8/10/2024 19:52,345631,710,,,,Retained,,
2024,305,611,1,5,NSEI,8/11/2024 17:04,345701,710,,,,Retained,,
2024,305,611,1,6,NSEI,8/11/2024 19:46,345701,710,,,,Retained,,
2024,305,611,1,7,NSEI,8/12/2024 14:58,345701,710,,,,Retained,,
2024,305,611,1,9,NSEI,8/13/2024 14:31,345701,710,,,,Retained,,
2024,305,611,1,10,NSEI,8/13/2024 17:10,345701,710,,,,Retained,,
2024,306,611,1,1,NSEI,8/9/2024 16:44,345631,710,,,,Retained,,
2024,306,611,1,2,NSEI,8/9/2024 21:26,345631,710,,,,Retained,,
2024,306,611,1,3,NSEI,8/10/2024 16:22,345631,710,,,,Retained,,
2024,306,611,1,4,NSEI,8/10/2024 19:52,345631,710,,,,Retained,,
2024,306,611,1,5,NSEI,8/11/2024 17:04,345701,710,,,,Retained,,
2024,306,611,1,6,NSEI,8/11/2024 19:46,345701,710,,,,Retained,,
2024,306,611,1,7,NSEI,8/12/2024 14:58,345701,710,,,,Retained,,
2024,306,611,1,9,NSEI,8/13/2024 14:31,345701,710,,,,Retained,,
2024,306,611,1,10,NSEI,8/13/2024 17:10,345701,710,,,,Retained,,
2024,307,611,1,1,NSEI,8/9/2024 16:44,345631,710,,,,Retained,,
2024,307,611,1,2,NSEI,8/9/2024 21:26,345631,710,,,,Retained,,
2024,307,611,1,3,NSEI,8/10/2024 16:22,345631,710,,,,Retained,,
2024,307,611,1,4,NSEI,8/10/2024 19:52,345631,710,,,,Retained,,
2024,307,611,1,5,NSEI,8/11/2024 17:04,345701,710,,,,Retained,,
2024,307,611,1,6,NSEI,8/11/2024 19:46,345701,710,,,,Retained,,
2024,307,611,1,7,NSEI,8/12/2024 14:58,345701,710,,,,Retained,,
2024,307,611,1,9,NSEI,8/13/2024 14:31,345701,710,,,,Retained,,
2024,307,611,1,10,NSEI,8/13/2024 17:10,345701,710,,,,Retained,,
2024,308,611,1,1,NSEI,8/9/2024 16:44,345631,710,,,,Retained,,
2024,308,611,1,2,NSEI,8/9/2024 21:26,345631,710,,,,Retained,,
2024,308,611,1,3,NSEI,8/10/2024 16:22,345631,710,,,,Retained,,
2024,308,611,1,4,NSEI,8/10/2024 19:52,345631,710,,,,Retained,,
2024,308,611,1,5,NSEI,8/11/2024 17:04,345701,710,,,,Retained,,
2024,308,611,1,6,NSEI,8/11/2024 19:46,345701,710,,,,Retained,,
2024,308,611,1,7,NSEI,8/12/2024 14:58,345701,710,,,,Retained,,
2024,308,611,1,9,NSEI,8/13/2024 14:31,345701,710,,,,Retained,,
2024,308,611,1,10,NSEI,8/13/2024 17:10,345701,710,,,,Retained,,
2024,309,611,1,1,NSEI,8/9/2024 16:44,345631,710,,,,Retained,,
2024,309,611,1,2,NSEI,8/9/2024 21:26,345631,710,,,,Retained,,
2024,309,611,1,3,NSEI,8/10/2024 16:22,345631,710,,,,Retained,,
2024,309,611,1,4,NSEI,8/10/2024 19:52,345631,710,,,,Retained,,
2024,309,611,1,5,NSEI,8/11/2024 17:04,345701,710,,,,Retained,,
2024,309,611,1,6,NSEI,8/11/2024 19:46,345701,710,,,,Retained,,
2024,309,611,1,7,NSEI,8/12/2024 14:58,345701,710,,,,Retained,,
2024,309,611,1,9,NSEI,8/13/2024 14:31,345701,710,,,,Retained,,
2024,309,611,1,10,NSEI,8/13/2024 17:10,345701,710,,,,Retained,,
2024,310,611,1,1,NSEI,8/9/2024 16:44,345631,710,,,,Retained,,
2024,310,611,1,2,NSEI,8/9/2024 21:26,345631,710,,,,Retained,,
2024,310,611,1,3,NSEI,8/10/2024 16:22,345631,710,,,,Retained,,
2024,310,611,1,4,NSEI,8/10/2024 19:52,345631,710,,,,Retained,,
2024,310,611,1,5,NSEI,8/11/2024 17:04,345701,710,,,,Retained,,
2024,310,611,1,6,NSEI,8/11/2024 19:46,345701,710,,,,Retained,,
2024,310,611,1,7,NSEI,8/12/2024 14:58,345701,710,,,,Retained,,
2024,310,611,1,9,NSEI,8/13/2024 14:31,345701,710,,,,Retained,,
2024,310,611,1,10,NSEI,8/13/2024 17:10,345701,710,,,,Retained,,
2024,311,611,1,1,NSEI,8/9/2024 16:44,345631,710,,,,Retained,,
2024,311,611,1,2,NSEI,8/9/2024 21:26,345631,710,,,,Retained,,
2024,311,611,1,3,NSEI,8/10/2024 16:22,345631,710,,,,Retained,,
2024,311,611,1,4,NSEI,8/10/2024 19:52,345631,710,,,,Retained,,
2024,311,611,1,5,NSEI,8/11/2024 17:04,345701,710,,,,Retained,,
2024,311,611,1,6,NSEI,8/11/2024 19:46,345701,710,,,,Retained,,
2024,311,611,1,7,NSEI,8/12/2024 14:58,345701,710,,,,Retained,,
2024,311,611,1,9,NSEI,8/13/2024 14:31,345701,710,,,,Retained,,
2024,311,611,1,10,NSEI,8/13/2024 17:10,345701,710,,,,Retained,,
2024,312,611,1,1,NSEI,8/9/2024 16:44,345631,710,,,,Retained,,
2024,312,611,1,2,NSEI,8/9/2024 21:26,345631,710,,,,Retained,,
2024,312,611,1,3,NSEI,8/10/2024 16:22,345631,710,,,,Retained,,
2024,312,611,1,4,NSEI,8/10/2024 19:52,345631,710,,,,Retained,,
2024,312,611,1,5,NSEI,8/11/2024 17:04,345701,710,,,,Retained,,
2024,312,611,1,6,NSEI,8/11/2024 19:46,345701,710,,,,Retained,,
2024,312,611,1,7,NSEI,8/12/2024 14:58,345701,710,,,,Retained,,
2024,312,611,1,9,NSEI,8/13/2024 14:31,345701,710,,,,Retained,,
2024,312,611,1,10,NSEI,8/13/2024 17:10,345701,710,,,,Retained,,
2024,313,611,1,1,NSEI,8/9/2024 16:44,345631,710,,,,Retained,,
2024,313,611,1,2,NSEI,8/9/2024 21:26,345631,710,,,,Retained,,
2024,313,611,1,3,NSEI,8/10/2024 16:22,345631,710,,,,Retained,,
2024,313,611,1,4,NSEI,8/10/2024 19:52,345631,710,,,,Retained,,
2024,313,611,1,5,NSEI,8/11/2024 17:04,345701,710,,,,Retained,,
2024,313,611,1,6,NSEI,8/11/2024 19:46,345701,710,,,,Retained,,
2024,313,611,1,7,NSEI,8/12/2024 14:58,345701,710,,,,Retained,,
2024,313,611,1,9,NSEI,8/13/2024 14:31,345701,710,,,,Retained,,
2024,313,611,1,10,NSEI,8/13/2024 17:10,345701,710,,,,Retained,,
2024,314,611,1,1,NSEI,8/9/2024 16:44,345631,710,,,,Retained,,
2024,314,611,1,2,NSEI,8/9/2024 21:26,345631,710,,,,Retained,,
2024,314,611,1,3,NSEI,8/10/2024 16:22,345631,710,,,,Retained,,
2024,314,611,1,4,NSEI,8/10/2024 19:52,345631,710,,,,Retained,,
2024,314,611,1,5,NSEI,8/11/2024 17:04,345701,710,,,,Retained,,
2024,314,611,1,6,NSEI,8/11/2024 19:46,345701,710,,,,Retained,,
2024,314,611,1,7,NSEI,8/12/2024 14:58,345701,710,,,,Retained,,
2024,314,611,1,9,NSEI,8/13/2024 14:31,345701,710,,,,Retained,,
2024,314,611,1,10,NSEI,8/13/2024 17:10,345701,710,,,,Retained,,
2024,315,611,1,1,NSEI,8/9/2024 16:44,345631,710,,,,Retained,,
2024,315,611,1,2,NSEI,8/9/2024 21:26,345631,710,,,,Retained,,
2024,315,611,1,3,NSEI,8/10/2024 16:22,345631,710,,,,Retained,,
2024,315,611,1,4,NSEI,8/10/2024 19:52,345631,710,,,,Retained,,
2024,315,611,1,5,NSEI,8/11/2024 17:04,345701,710,,,,Retained,,
2024,315,611,1,6,NSEI,8/11/2024 19:46,345701,710,,,,Retained,,
2024,315,611,1,7,NSEI,8/12/2024 14:58,345701,710,,,,Retained,,
2024,315,611,1,9,NSEI,8/13/2024 14:31,345701,710,,,,Retained,,
2024,315,611,1,10,NSEI,8/13/2024 17:10,345701,710,,,,Retained,,
2024,316,611,1,1,NSEI,8/9/2024 16:44,345631,710,,,,Retained,,
2024,316,611,1,2,NSEI,8/9/2024 21:26,345631,710,,,,Retained,,
2024,316,611,1,3,NSEI,8/10/2024 16:22,345631,710,,,,Retained,,
2024,316,611,1,4,NSEI,8/10/2024 19:52,345631,710,,,,Retained,,
2024,316,611,1,5,NSEI,8/11/2024 17:04,345701,710,,,,Retained,,
2024,316,611,1,6,NSEI,8/11/2024 19:46,345701,710,,,,Retained,,
2024,316,611,1,7,NSEI,8/12/2024 14:58,345701,710,,,,Retained,,
2024,316,611,1,9,NSEI,8/13/2024 14:31,345701,710,,,,Retained,,
2024,316,611,1,10,NSEI,8/13/2024 17:10,345701,710,,,,Retained,,
2024,317,611,1,1,NSEI,8/9/2024 16:44,345631,710,,,,Retained,,
2024,317,611,1,2,NSEI,8/9/2024 21:26,345631,710,,,,Retained,,
2024,317,611,1,3,NSEI,8/10/2024 16:22,345631,710,,,,Retained,,
2024,317,611,1,4,NSEI,8/10/2024 19:52,345631,710,,,,Retained,,
2024,317,611,1,5,NSEI,8/11/2024 17:04,345701,710,,,,"Discarded, too small",,
2024,317,611,1,6,NSEI,8/11/2024 19:46,345701,710,,,,Retained,,
2024,317,611,1,7,NSEI,8/12/2024 14:58,345701,710,,,,Retained,,
2024,317,611,1,9,NSEI,8/13/2024 14:31,345701,710,,,,Retained,,
2024,317,611,1,10,NSEI,8/13/2024 17:10,345701,710,,,,Retained,,
2024,318,611,1,1,NSEI,8/9/2024 16:44,345631,710,,,,Retained,,
2024,318,611,1,2,NSEI,8/9/2024 21:26,345631,710,,,,Retained,,
2024,318,611,1,3,NSEI,8/10/2024 16:22,345631,710,,,,Retained,,
2024,318,611,1,4,NSEI,8/10/2024 19:52,345631,710,,,,Retained,,
2024,318,611,1,5,NSEI,8/11/2024 17:04,345701,710,,,,Retained,,
2024,318,611,1,6,NSEI,8/11/2024 19:46,345701,710,,,,Retained,,
2024,318,611,1,7,NSEI,8/12/2024 14:58,345701,710,,,,Retained,,
2024,318,611,1,9,NSEI,8/13/2024 14:31,345701,710,,,,Retained,,
2024,318,611,1,10,NSEI,8/13/2024 17:10,345701,710,,,,Retained,,
2024,319,611,1,1,NSEI,8/9/2024 16:44,345631,710,,,,Retained,,
2024,319,611,1,2,NSEI,8/9/2024 21:26,345631,710,,,,Retained,,
2024,319,611,1,3,NSEI,8/10/2024 16:22,345631,710,,,,Retained,,
2024,319,611,1,4,NSEI,8/10/2024 19:52,345631,710,,,,Retained,,
2024,319,611,1,5,NSEI,8/11/2024 17:04,345701,710,,,,Retained,,
2024,319,611,1,6,NSEI,8/11/2024 19:46,345701,710,,,,Retained,,
2024,319,611,1,7,NSEI,8/12/2024 14:58,345701,710,,,,Retained,,
2024,319,611,1,9,NSEI,8/13/2024 14:31,345701,710,,,,Retained,,
2024,319,611,1,10,NSEI,8/13/2024 17:10,345701,710,,,,Retained,,
2024,320,611,1,1,NSEI,8/9/2024 16:44,345631,710,,,,Retained,,
2024,320,611,1,2,NSEI,8/9/2024 21:26,345631,710,,,,Retained,,
2024,320,611,1,3,NSEI,8/10/2024 16:22,345631,710,,,,Retained,,
2024,320,611,1,4,NSEI,8/10/2024 19:52,345631,710,,,,Retained,,
2024,320,611,1,5,NSEI,8/11/2024 17:04,345701,710,,,,Retained,,
2024,320,611,1,6,NSEI,8/11/2024 19:46,345701,710,,,,Retained,,
2024,320,611,1,7,NSEI,8/12/2024 14:58,345701,710,,,,Retained,,
2024,320,611,1,9,NSEI,8/13/2024 14:31,345701,710,,,,Retained,,
2024,320,611,1,10,NSEI,8/13/2024 17:10,345701,710,,,,Retained,,
2024,321,611,1,1,NSEI,8/9/2024 16:44,345631,710,,,,Retained,,
2024,321,611,1,2,NSEI,8/9/2024 21:26,345631,710,,,,Retained,,
2024,321,611,1,3,NSEI,8/10/2024 16:22,345631,710,,,,Retained,,
2024,321,611,1,4,NSEI,8/10/2024 19:52,345631,710,,,,Retained,,
2024,321,611,1,5,NSEI,8/11/2024 17:04,345701,710,,,,Retained,,
2024,321,611,1,6,NSEI,8/11/2024 19:46,345701,710,,,,Retained,,
2024,321,611,1,7,NSEI,8/12/2024 14:58,345701,710,,,,Retained,,
2024,321,611,1,9,NSEI,8/13/2024 14:31,345701,710,,,,Retained,,
2024,321,611,1,10,NSEI,8/13/2024 17:10,345701,710,,,,Retained,,
2024,322,611,1,1,NSEI,8/9/2024 16:44,345631,710,,,,Retained,,
2024,322,611,1,2,NSEI,8/9/2024 21:26,345631,710,,,,Retained,,
2024,322,611,1,3,NSEI,8/10/2024 16:22,345631,710,,,,Retained,,
2024,322,611,1,4,NSEI,8/10/2024 19:52,345631,710,,,,Retained,,
2024,322,611,1,5,NSEI,8/11/2024 17:04,345701,710,,,,Retained,,
2024,322,611,1,6,NSEI,8/11/2024 19:46,345701,710,,,,Retained,,
2024,322,611,1,7,NSEI,8/12/2024 14:58,345701,710,,,,Retained,,
2024,322,611,1,9,NSEI,8/13/2024 14:31,345701,710,,,,Retained,,
2024,322,611,1,10,NSEI,8/13/2024 17:10,345701,710,,,,Retained,,
2024,323,611,1,1,NSEI,8/9/2024 16:44,345631,710,,,,Retained,,
2024,323,611,1,2,NSEI,8/9/2024 21:26,345631,710,,,,Retained,,
2024,323,611,1,3,NSEI,8/10/2024 16:22,345631,710,,,,Retained,,
2024,323,611,1,4,NSEI,8/10/2024 19:52,345631,710,,,,Retained,,
2024,323,611,1,5,NSEI,8/11/2024 17:04,345701,710,,,,Retained,,
2024,323,611,1,6,NSEI,8/11/2024 19:46,345701,710,,,,Retained,,
2024,323,611,1,7,NSEI,8/12/2024 14:58,345701,710,,,,Retained,,
2024,323,611,1,9,NSEI,8/13/2024 14:31,345701,710,,,,Retained,,
2024,323,611,1,10,NSEI,8/13/2024 17:10,345701,710,,,,Retained,,
2024,324,611,1,1,NSEI,8/9/2024 16:44,345631,710,,,,Retained,,
2024,324,611,1,2,NSEI,8/9/2024 21:26,345631,710,,,,Retained,,
2024,324,611,1,3,NSEI,8/10/2024 16:22,345631,710,,,,Retained,,
2024,324,611,1,4,NSEI,8/10/2024 19:52,345631,710,,,,Retained,,
2024,324,611,1,5,NSEI,8/11/2024 17:04,345701,710,,,,Retained,,
2024,324,611,1,6,NSEI,8/11/2024 19:46,345701,710,,,,Retained,,
2024,324,611,1,7,NSEI,8/12/2024 14:58,345701,710,,,,Retained,,
2024,324,611,1,9,NSEI,8/13/2024 14:31,345701,710,,,,Retained,,
2024,324,611,1,10,NSEI,8/13/2024 17:10,345701,710,,,,Retained,,
2024,325,611,1,1,NSEI,8/9/2024 16:44,345631,710,,,,Retained,,
2024,325,611,1,2,NSEI,8/9/2024 21:26,345631,710,,,,Retained,,
2024,325,611,1,3,NSEI,8/10/2024 16:22,345631,710,,,,Retained,,
2024,325,611,1,4,NSEI,8/10/2024 19:52,345631,710,,,,Retained,,
2024,325,611,1,5,NSEI,8/11/2024 17:04,345701,710,,,,Retained,,
2024,325,611,1,6,NSEI,8/11/2024 19:46,345701,710,,,,Retained,,
2024,325,611,1,7,NSEI,8/12/2024 14:58,345701,710,,,,Retained,,
2024,325,611,1,9,NSEI,8/13/2024 14:31,345701,710,,,,Retained,,
2024,325,611,1,10,NSEI,8/13/2024 17:10,345701,710,,,,Retained,,
2024,326,611,1,1,NSEI,8/9/2024 16:44,345631,710,,,,Retained,,
2024,326,611,1,2,NSEI,8/9/2024 21:26,345631,710,,,,Retained,,
2024,326,611,1,3,NSEI,8/10/2024 16:22,345631,710,,,,Retained,,
2024,326,611,1,4,NSEI,8/10/2024 19:52,345631,710,,,,Retained,,
2024,326,611,1,5,NSEI,8/11/2024 17:04,345701,710,,,,Retained,,
2024,326,611,1,6,NSEI,8/11/2024 19:46,345701,710,,,,Retained,,
2024,326,611,1,7,NSEI,8/12/2024 14:58,345701,710,,,,Retained,,
2024,326,611,1,9,NSEI,8/13/2024 14:31,345701,710,,,,Retained,,
2024,326,611,1,10,NSEI,8/13/2024 17:10,345701,710,,,,Retained,,
2024,327,611,1,1,NSEI,8/9/2024 16:44,345631,710,,,,Retained,,
2024,327,611,1,2,NSEI,8/9/2024 21:26,345631,710,,,,Retained,,
2024,327,611,1,3,NSEI,8/10/2024 16:22,345631,710,,,,Retained,,
2024,327,611,1,4,NSEI,8/10/2024 19:52,345631,710,,,,Retained,,
2024,327,611,1,5,NSEI,8/11/2024 17:04,345701,710,,,,Retained,,
2024,327,611,1,6,NSEI,8/11/2024 19:46,345701,710,,,,Retained,,
2024,327,611,1,7,NSEI,8/12/2024 14:58,345701,710,,,,Retained,,
2024,327,611,1,9,NSEI,8/13/2024 14:31,345701,710,,,,Retained,,
2024,327,611,1,10,NSEI,8/13/2024 17:10,345701,710,,,,Retained,,
2024,328,611,1,1,NSEI,8/9/2024 16:44,345631,710,,,,Retained,,
2024,328,611,1,2,NSEI,8/9/2024 21:26,345631,710,,,,Retained,,
2024,328,611,1,3,NSEI,8/10/2024 16:22,345631,710,,,,Retained,,
2024,328,611,1,4,NSEI,8/10/2024 19:52,345631,710,,,,Retained,,
2024,328,611,1,5,NSEI,8/11/2024 17:04,345701,710,,,,Retained,,
2024,328,611,1,6,NSEI,8/11/2024 19:46,345701,710,,,,Retained,,
2024,328,611,1,7,NSEI,8/12/2024 14:58,345701,710,,,,Retained,,
2024,328,611,1,9,NSEI,8/13/2024 14:31,345701,710,,,,Retained,,
2024,328,611,1,10,NSEI,8/13/2024 17:10,345701,710,,,,Retained,,
2024,329,611,1,1,NSEI,8/9/2024 16:44,345631,710,,,,Retained,,
2024,329,611,1,2,NSEI,8/9/2024 21:26,345631,710,,,,Retained,,
2024,329,611,1,3,NSEI,8/10/2024 16:22,345631,710,,,,Retained,,
2024,329,611,1,4,NSEI,8/10/2024 19:52,345631,710,,,,Retained,,
2024,329,611,1,5,NSEI,8/11/2024 17:04,345701,710,,,,Retained,,
2024,329,611,1,6,NSEI,8/11/2024 19:46,345701,710,,,,Retained,,
2024,329,611,1,7,NSEI,8/12/2024 14:58,345701,710,,,,Retained,,
2024,329,611,1,9,NSEI,8/13/2024 14:31,345701,710,,,,Retained,,
2024,329,611,1,10,NSEI,8/13/2024 17:10,345701,710,,,,Retained,,
2024,330,611,1,1,NSEI,8/9/2024 16:44,345631,710,,,,Retained,,
2024,330,611,1,2,NSEI,8/9/2024 21:26,345631,710,,,,Retained,,
2024,330,611,1,3,NSEI,8/10/2024 16:22,345631,710,,,,Retained,,
2024,330,611,1,4,NSEI,8/10/2024 19:52,345631,710,,,,Retained,,
2024,330,611,1,5,NSEI,8/11/2024 17:04,345701,710,,,,Retained,,
2024,330,611,1,6,NSEI,8/11/2024 19:46,345701,710,,,,Retained,,
2024,330,611,1,7,NSEI,8/12/2024 14:58,345701,710,,,,Retained,,
2024,330,611,1,9,NSEI,8/13/2024 14:31,345701,710,,,,Retained,,
2024,330,611,1,10,NSEI,8/13/2024 17:10,345701,710,,,,Retained,,
2024,331,611,1,1,NSEI,8/9/2024 16:44,345631,710,,,,Retained,,
2024,331,611,1,2,NSEI,8/9/2024 21:26,345631,710,,,,Retained,,
2024,331,611,1,3,NSEI,8/10/2024 16:22,345631,710,,,,Retained,,
2024,331,611,1,4,NSEI,8/10/2024 19:52,345631,710,,,,Retained,,
2024,331,611,1,5,NSEI,8/11/2024 17:04,345701,710,,,,Retained,,
2024,331,611,1,6,NSEI,8/11/2024 19:46,345701,710,,,,Retained,,
2024,331,611,1,7,NSEI,8/12/2024 14:58,345701,710,,,,Retained,,
2024,331,611,1,9,NSEI,8/13/2024 14:31,345701,710,,,,Retained,,
2024,331,611,1,10,NSEI,8/13/2024 17:10,345701,710,,,,Retained,,
2024,332,611,1,1,NSEI,8/9/2024 16:44,345631,710,,,,Retained,,
2024,332,611,1,2,NSEI,8/9/2024 21:26,345631,710,,,,Retained,,
2024,332,611,1,3,NSEI,8/10/2024 16:22,345631,710,,,,Retained,,
2024,332,611,1,4,NSEI,8/10/2024 19:52,345631,710,,,,Retained,,
2024,332,611,1,5,NSEI,8/11/2024 17:04,345701,710,,,,Retained,,
2024,332,611,1,6,NSEI,8/11/2024 19:46,345701,710,,,,Retained,,
2024,332,611,1,7,NSEI,8/12/2024 14:58,345701,710,,,,Retained,,
2024,332,611,1,9,NSEI,8/13/2024 14:31,345701,710,,,,Retained,,
2024,332,611,1,10,NSEI,8/13/2024 17:10,345701,710,,,,Retained,,
2024,333,611,1,1,NSEI,8/9/2024 16:44,345631,710,,,,Retained,,
2024,333,611,1,2,NSEI,8/9/2024 21:26,345631,710,,,,Retained,,
2024,333,611,1,3,NSEI,8/10/2024 16:22,345631,710,,,,Retained,,
2024,333,611,1,4,NSEI,8/10/2024 19:52,345631,710,,,,Retained,,
2024,333,611,1,5,NSEI,8/11/2024 17:04,345701,710,,,,Retained,,
2024,333,611,1,6,NSEI,8/11/2024 19:46,345701,710,,,,Retained,,
2024,333,611,1,7,NSEI,8/12/2024 14:58,345701,710,,,,Retained,,
2024,333,611,1,9,NSEI,8/13/2024 14:31,345701,710,,,,Retained,,
2024,333,611,1,10,NSEI,8/13/2024 17:10,345701,710,,,,Retained,,
2024,334,611,1,1,NSEI,8/9/2024 16:44,345631,710,,,,Retained,,
2024,334,611,1,2,NSEI,8/9/2024 21:26,345631,710,,,,Retained,,
2024,334,611,1,3,NSEI,8/10/2024 16:22,345631,710,,,,Retained,,
2024,334,611,1,4,NSEI,8/10/2024 19:52,345631,710,,,,Retained,,
2024,334,611,1,5,NSEI,8/11/2024 17:04,345701,710,,,,Retained,,
2024,334,611,1,6,NSEI,8/11/2024 19:46,345701,710,,,,Retained,,
2024,334,611,1,7,NSEI,8/12/2024 14:58,345701,710,,,,Retained,,
2024,334,611,1,9,NSEI,8/13/2024 14:31,345701,710,,,,Retained,,
2024,334,611,1,10,NSEI,8/13/2024 17:10,345701,710,,,,Retained,,
2024,335,611,1,1,NSEI,8/9/2024 16:44,345631,710,,,,Retained,,
2024,335,611,1,2,NSEI,8/9/2024 21:26,345631,710,,,,Retained,,
2024,335,611,1,3,NSEI,8/10/2024 16:22,345631,710,,,,Retained,,
2024,335,611,1,4,NSEI,8/10/2024 19:52,345631,710,,,,Retained,,
2024,335,611,1,5,NSEI,8/11/2024 17:04,345701,710,,,,Retained,,
2024,335,611,1,6,NSEI,8/11/2024 19:46,345701,710,,,,Retained,,
2024,335,611,1,7,NSEI,8/12/2024 14:58,345701,710,,,,Retained,,
2024,335,611,1,9,NSEI,8/13/2024 14:31,345701,710,,,,Retained,,
2024,335,611,1,10,NSEI,8/13/2024 17:10,345701,710,,,,Retained,,
2024,336,611,1,1,NSEI,8/9/2024 16:44,345631,710,,,,Retained,,
2024,336,611,1,2,NSEI,8/9/2024 21:26,345631,710,,,,Retained,,
2024,336,611,1,3,NSEI,8/10/2024 16:22,345631,710,,,,Retained,,
2024,336,611,1,4,NSEI,8/10/2024 19:52,345631,710,,,,Retained,,
2024,336,611,1,5,NSEI,8/11/2024 17:04,345701,710,,,,Retained,,
2024,336,611,1,6,NSEI,8/11/2024 19:46,345701,710,,,,Retained,,
2024,336,611,1,7,NSEI,8/12/2024 14:58,345701,710,,,,Retained,,
2024,336,611,1,9,NSEI,8/13/2024 14:31,345701,710,,,,Retained,,
2024,336,611,1,10,NSEI,8/13/2024 17:10,345701,710,,,,Retained,,
2024,337,611,1,1,NSEI,8/9/2024 16:44,345631,710,,,,Retained,,
2024,337,611,1,2,NSEI,8/9/2024 21:26,345631,710,,,,Retained,,
2024,337,611,1,3,NSEI,8/10/2024 16:22,345631,710,,,,Retained,,
2024,337,611,1,4,NSEI,8/10/2024 19:52,345631,710,,,,Retained,,
2024,337,611,1,5,NSEI,8/11/2024 17:04,345701,710,,,,Retained,,
2024,337,611,1,6,NSEI,8/11/2024 19:46,345701,710,,,,Retained,,
2024,337,611,1,7,NSEI,8/12/2024 14:58,345701,710,,,,Retained,,
2024,337,611,1,9,NSEI,8/13/2024 14:31,345701,710,,,,Retained,,
2024,337,611,1,10,NSEI,8/13/2024 17:10,345701,710,,,,Retained,,
2024,338,611,1,1,NSEI,8/9/2024 16:44,345631,710,,,,Retained,,
2024,338,611,1,2,NSEI,8/9/2024 21:26,345631,710,,,,Retained,,
2024,338,611,1,3,NSEI,8/10/2024 16:22,345631,710,,,,Retained,,
2024,338,611,1,4,NSEI,8/10/2024 19:52,345631,710,,,,Retained,,
2024,338,611,1,5,NSEI,8/11/2024 17:04,345701,710,,,,Retained,,
2024,338,611,1,6,NSEI,8/11/2024 19:46,345701,710,,,,Retained,,
2024,338,611,1,7,NSEI,8/12/2024 14:58,345701,710,,,,Retained,,
2024,338,611,1,9,NSEI,8/13/2024 14:31,345701,710,,,,Retained,,
2024,338,611,1,10,NSEI,8/13/2024 17:10,345701,710,,,,Retained,,
2024,339,611,1,1,NSEI,8/9/2024 16:44,345631,710,,,,Retained,,
2024,339,611,1,2,NSEI,8/9/2024 21:26,345631,710,,,,Retained,,
2024,339,611,1,3,NSEI,8/10/2024 16:22,345631,710,,,,Retained,,
2024,339,611,1,4,NSEI,8/10/2024 19:52,345631,710,,,,Retained,,
2024,339,611,1,5,NSEI,8/11/2024 17:04,345701,710,,,,Retained,,
2024,339,611,1,6,NSEI,8/11/2024 19:46,345701,710,,,,Retained,,
2024,339,611,1,7,NSEI,8/12/2024 14:58,345701,710,,,,Retained,,
2024,339,611,1,9,NSEI,8/13/2024 14:31,345701,710,,,,Retained,,
2024,339,611,1,10,NSEI,8/13/2024 17:10,345701,710,,,,Retained,,
2024,340,611,1,1,NSEI,8/9/2024 16:44,345631,710,,,,Retained,,
2024,340,611,1,2,NSEI,8/9/2024 21:26,345631,710,,,,Retained,,
2024,340,611,1,3,NSEI,8/10/2024 16:22,345631,710,,,,Retained,,
2024,340,611,1,4,NSEI,8/10/2024 19:52,345631,710,,,,Retained,,
2024,340,611,1,5,NSEI,8/11/2024 17:04,345701,710,,,,Retained,,
2024,340,611,1,6,NSEI,8/11/2024 19:46,345701,710,,,,Retained,,
2024,340,611,1,7,NSEI,8/12/2024 14:58,345701,710,,,,Retained,,
2024,340,611,1,9,NSEI,8/13/2024 14:31,345701,710,,,,Retained,,
2024,340,611,1,10,NSEI,8/13/2024 17:10,345701,710,,,,Retained,,
2024,341,611,1,1,NSEI,8/9/2024 16:44,345631,710,,,,Retained,,
2024,341,611,1,2,NSEI,8/9/2024 21:26,345631,710,,,,Retained,,
2024,341,611,1,3,NSEI,8/10/2024 16:22,345631,710,,,,Retained,,
2024,341,611,1,4,NSEI,8/10/2024 19:52,345631,710,,,,Retained,,
2024,341,611,1,5,NSEI,8/11/2024 17:04,345701,710,,,,Retained,,
2024,341,611,1,6,NSEI,8/11/2024 19:46,345701,710,,,,Retained,,
2024,341,611,1,7,NSEI,8/12/2024 14:58,345701,710,,,,Retained,,
2024,341,611,1,9,NSEI,8/13/2024 14:31,345701,710,,,,Retained,,
2024,341,611,1,10,NSEI,8/13/2024 17:10,345701,710,,,,Retained,,
2024,342,611,1,1,NSEI,8/9/2024 16:44,345631,710,,,,Retained,,
2024,342,611,1,2,NSEI,8/9/2024 21:26,345631,710,,,,Retained,,
2024,342,611,1,3,NSEI,8/10/2024 16:22,345631,710,,,,Retained,,
2024,342,611,1,4,NSEI,8/10/2024 19:52,345631,710,,,,Retained,,
2024,342,611,1,5,NSEI,8/11/2024 17:04,345701,710,,,,Retained,,
2024,342,611,1,6,NSEI,8/11/2024 19:46,345701,710,,,,Retained,,
2024,342,611,1,7,NSEI,8/12/2024 14:58,345701,710,,,,Retained,,
2024,342,611,1,9,NSEI,8/13/2024 14:31,345701,710,,,,Retained,,
2024,342,611,1,10,NSEI,8/13/2024 17:10,345701,710,,,,Retained,,
2024,343,611,1,1,NSEI,8/9/2024 16:44,345631,710,,,,Retained,,
2024,343,611,1,2,NSEI,8/9/2024 21:26,345631,710,,,,Retained,,
2024,343,611,1,3,NSEI,8/10/2024 16:22,345631,710,,,,Retained,,
2024,343,611,1,4,NSEI,8/10/2024 19:52,345631,710,,,,Retained,,
2024,343,611,1,5,NSEI,8/11/2024 17:04,345701,710,,,,Retained,,
2024,343,611,1,6,NSEI,8/11/2024 19:46,345701,710,,,,Retained,,
2024,343,611,1,7,NSEI,8/12/2024 14:58,345701,710,,,,Retained,,
2024,343,611,1,9,NSEI,8/13/2024 14:31,345701,710,,,,Retained,,
2024,343,611,1,10,NSEI,8/13/2024 17:10,345701,710,,,,Retained,,
2024,344,611,1,1,NSEI,8/9/2024 16:44,345631,710,,,,Retained,,
2024,344,611,1,2,NSEI,8/9/2024 21:26,345631,710,,,,Retained,,
2024,344,611,1,3,NSEI,8/10/2024 16:22,345631,710,,,,Retained,,
2024,344,611,1,4,NSEI,8/10/2024 19:52,345631,710,,,,Retained,,
2024,344,611,1,5,NSEI,8/11/2024 17:04,345701,710,,,,Retained,,
2024,344,611,1,6,NSEI,8/11/2024 19:46,345701,710,,,,Retained,,
2024,344,611,1,7,NSEI,8/12/2024 14:58,345701,710,,,,Retained,,
2024,344,611,1,9,NSEI,8/13/2024 14:31,345701,710,,,,Retained,,
2024,344,611,1,10,NSEI,8/13/2024 17:10,345701,710,,,,Retained,,
2024,345,611,1,1,NSEI,8/9/2024 16:44,345631,710,,,,Retained,,
2024,345,611,1,2,NSEI,8/9/2024 21:26,345631,710,,,,Retained,,
2024,345,611,1,3,NSEI,8/10/2024 16:22,345631,710,,,,Retained,,
2024,345,611,1,4,NSEI,8/10/2024 19:52,345631,710,,,,Retained,,
2024,345,611,1,5,NSEI,8/11/2024 17:04,345701,710,,,,Retained,,
2024,345,611,1,6,NSEI,8/11/2024 19:46,345701,710,,,,Retained,,
2024,345,611,1,7,NSEI,8/12/2024 14:58,345701,710,,,,Retained,,
2024,345,611,1,9,NSEI,8/13/2024 14:31,345701,710,,,,Retained,,
2024,345,611,1,10,NSEI,8/13/2024 17:10,345701,710,,,,Retained,,
2024,346,611,1,1,NSEI,8/9/2024 16:44,345631,710,,,,Retained,,
2024,346,611,1,2,NSEI,8/9/2024 21:26,345631,710,,,,Retained,,
2024,346,611,1,3,NSEI,8/10/2024 16:22,345631,710,,,,Retained,,
2024,346,611,1,4,NSEI,8/10/2024 19:52,345631,710,,,,Retained,,
2024,346,611,1,5,NSEI,8/11/2024 17:04,345701,710,,,,Retained,,
2024,346,611,1,6,NSEI,8/11/2024 19:46,345701,710,,,,Retained,,
2024,346,611,1,7,NSEI,8/12/2024 14:58,345701,710,,,,Retained,,
2024,346,611,1,9,NSEI,8/13/2024 14:31,345701,710,,,,Retained,,
2024,346,611,1,10,NSEI,8/13/2024 17:10,345701,710,,,,Retained,,
2024,347,611,1,1,NSEI,8/9/2024 16:44,345631,710,,,,Retained,,
2024,347,611,1,2,NSEI,8/9/2024 21:26,345631,710,,,,Retained,,
2024,347,611,1,3,NSEI,8/10/2024 16:22,345631,710,,,,Retained,,
2024,347,611,1,4,NSEI,8/10/2024 19:52,345631,710,,,,Retained,,
2024,347,611,1,5,NSEI,8/11/2024 17:04,345701,710,,,,Retained,,
2024,347,611,1,6,NSEI,8/11/2024 19:46,345701,710,,,,Retained,,
2024,347,611,1,7,NSEI,8/12/2024 14:58,345701,710,,,,Retained,,
2024,347,611,1,9,NSEI,8/13/2024 14:31,345701,710,,,,"Discarded, too small",,
2024,347,611,1,10,NSEI,8/13/2024 17:10,345701,710,,,,Retained,,
2024,348,611,1,1,NSEI,8/9/2024 16:44,345631,710,,,,Retained,,
2024,348,611,1,2,NSEI,8/9/2024 21:26,345631,710,,,,Retained,,
2024,348,611,1,3,NSEI,8/10/2024 16:22,345631,710,,,,Retained,,
2024,348,611,1,4,NSEI,8/10/2024 19:52,345631,710,,,,Retained,,
2024,348,611,1,5,NSEI,8/11/2024 17:04,345701,710,,,,Retained,,
2024,348,611,1,6,NSEI,8/11/2024 19:46,345701,710,,,,Retained,,
2024,348,611,1,7,NSEI,8/12/2024 14:58,345701,710,,,,Retained,,
2024,348,611,1,9,NSEI,8/13/2024 14:31,345701,710,,,,Retained,,
2024,348,611,1,10,NSEI,8/13/2024 17:10,345701,710,,,,Retained,,
2024,349,611,1,1,NSEI,8/9/2024 16:44,345631,710,,,,Retained,,
2024,349,611,1,2,NSEI,8/9/2024 21:26,345631,710,,,,Retained,,
2024,349,611,1,3,NSEI,8/10/2024 16:22,345631,710,,,,Retained,,
2024,349,611,1,4,NSEI,8/10/2024 19:52,345631,710,,,,Retained,,
2024,349,611,1,5,NSEI,8/11/2024 17:04,345701,710,,,,Retained,,
2024,349,611,1,6,NSEI,8/11/2024 19:46,345701,710,,,,Retained,,
2024,349,611,1,7,NSEI,8/12/2024 14:58,345701,710,,,,Retained,,
2024,349,611,1,9,NSEI,8/13/2024 14:31,345701,710,,,,Retained,,
2024,349,611,1,10,NSEI,8/13/2024 17:10,345701,710,,,,Retained,,
2024,350,611,1,1,NSEI,8/9/2024 16:44,345631,710,,,,Retained,,
2024,350,611,1,2,NSEI,8/9/2024 21:26,345631,710,,,,Retained,,
2024,350,611,1,3,NSEI,8/10/2024 16:22,345631,710,,,,Retained,,
2024,350,611,1,4,NSEI,8/10/2024 19:52,345631,710,,,,Retained,,
2024,350,611,1,5,NSEI,8/11/2024 17:04,345701,710,,,,Retained,,
2024,350,611,1,6,NSEI,8/11/2024 19:46,345701,710,,,,Retained,,
2024,350,611,1,7,NSEI,8/12/2024 14:58,345701,710,,,,Retained,,
2024,350,611,1,9,NSEI,8/13/2024 14:31,345701,710,,,,Retained,,
2024,350,611,1,10,NSEI,8/13/2024 17:10,345701,710,,,,Retained,,
2024,351,611,1,1,NSEI,8/9/2024 16:44,345631,710,,,,Retained,,
2024,351,611,1,2,NSEI,8/9/2024 21:26,345631,710,,,,Retained,,
2024,351,611,1,3,NSEI,8/10/2024 16:22,345631,710,,,,Retained,,
2024,351,611,1,4,NSEI,8/10/2024 19:52,345631,710,,,,Retained,,
2024,351,611,1,5,NSEI,8/11/2024 17:04,345701,710,,,,Retained,,
2024,351,611,1,6,NSEI,8/11/2024 19:46,345701,710,,,,Retained,,
2024,351,611,1,7,NSEI,8/12/2024 14:58,345701,710,,,,Retained,,
2024,351,611,1,9,NSEI,8/13/2024 14:31,345701,710,,,,Retained,,
2024,351,611,1,10,NSEI,8/13/2024 17:10,345701,710,,,,Retained,,
2024,352,611,1,1,NSEI,8/9/2024 16:44,345631,710,,,,Retained,,
2024,352,611,1,2,NSEI,8/9/2024 21:26,345631,710,,,,Retained,,
2024,352,611,1,3,NSEI,8/10/2024 16:22,345631,710,,,,Retained,,
2024,352,611,1,4,NSEI,8/10/2024 19:52,345631,710,,,,Retained,,
2024,352,611,1,5,NSEI,8/11/2024 17:04,345701,710,,,,Retained,,
2024,352,611,1,6,NSEI,8/11/2024 19:46,345701,710,,,,Retained,,
2024,352,611,1,7,NSEI,8/12/2024 14:58,345701,710,,,,Retained,,
2024,352,611,1,9,NSEI,8/13/2024 14:31,345701,710,,,,Retained,,
2024,352,611,1,10,NSEI,8/13/2024 17:10,345701,710,,,,Retained,,
2024,353,611,1,1,NSEI,8/9/2024 16:44,345631,710,,,,Retained,,
2024,353,611,1,2,NSEI,8/9/2024 21:26,345631,710,,,,Retained,,
2024,353,611,1,3,NSEI,8/10/2024 16:22,345631,710,,,,Retained,,
2024,353,611,1,4,NSEI,8/10/2024 19:52,345631,710,,,,Retained,,
2024,353,611,1,5,NSEI,8/11/2024 17:04,345701,710,,,,Retained,,
2024,353,611,1,6,NSEI,8/11/2024 19:46,345701,710,,,,Retained,,
2024,353,611,1,7,NSEI,8/12/2024 14:58,345701,710,,,,Retained,,
2024,353,611,1,9,NSEI,8/13/2024 14:31,345701,710,,,,Retained,,
2024,353,611,1,10,NSEI,8/13/2024 17:10,345701,710,,,,Retained,,
2024,354,611,1,1,NSEI,8/9/2024 16:44,345631,710,,,,Retained,,
2024,354,611,1,2,NSEI,8/9/2024 21:26,345631,710,,,,Retained,,
2024,354,611,1,3,NSEI,8/10/2024 16:22,345631,710,,,,Retained,,
2024,354,611,1,4,NSEI,8/10/2024 19:52,345631,710,,,,Retained,,
2024,354,611,1,5,NSEI,8/11/2024 17:04,345701,710,,,,Retained,,
2024,354,611,1,6,NSEI,8/11/2024 19:46,345701,710,,,,Retained,,
2024,354,611,1,7,NSEI,8/12/2024 14:58,345701,710,,,,Retained,,
2024,354,611,1,9,NSEI,8/13/2024 14:31,345701,710,,,,Retained,,
2024,354,611,1,10,NSEI,8/13/2024 17:10,345701,710,,,,Retained,,
2024,355,611,1,1,NSEI,8/9/2024 16:44,345631,710,,,,Retained,,
2024,355,611,1,2,NSEI,8/9/2024 21:26,345631,710,,,,Retained,,
2024,355,611,1,3,NSEI,8/10/2024 16:22,345631,710,,,,Retained,,
2024,355,611,1,4,NSEI,8/10/2024 19:52,345631,710,,,,Retained,,
2024,355,611,1,5,NSEI,8/11/2024 17:04,345701,710,,,,Retained,,
2024,355,611,1,6,NSEI,8/11/2024 19:46,345701,710,,,,Retained,,
2024,355,611,1,7,NSEI,8/12/2024 14:58,345701,710,,,,Retained,,
2024,355,611,1,9,NSEI,8/13/2024 14:31,345701,710,,,,Retained,,
2024,355,611,1,10,NSEI,8/13/2024 17:10,345701,710,,,,Retained,,
2024,356,611,1,1,NSEI,8/9/2024 16:44,345631,710,,,,Retained,,
2024,356,611,1,2,NSEI,8/9/2024 21:26,345631,710,,,,Retained,,
2024,356,611,1,3,NSEI,8/10/2024 16:22,345631,710,,,,Retained,,
2024,356,611,1,4,NSEI,8/10/2024 19:52,345631,710,,,,Retained,,
2024,356,611,1,5,NSEI,8/11/2024 17:04,345701,710,,,,Retained,,
2024,356,611,1,6,NSEI,8/11/2024 19:46,345701,710,,,,Retained,,
2024,356,611,1,7,NSEI,8/12/2024 14:58,345701,710,,,,Retained,,
2024,356,611,1,9,NSEI,8/13/2024 14:31,345701,710,,,,Retained,,
2024,356,611,1,10,NSEI,8/13/2024 17:10,345701,710,,,,Retained,,
2024,357,611,1,1,NSEI,8/9/2024 16:44,345631,710,,,,Retained,,
2024,357,611,1,2,NSEI,8/9/2024 21:26,345631,710,,,,Retained,,
2024,357,611,1,3,NSEI,8/10/2024 16:22,345631,710,,,,Retained,,
2024,357,611,1,4,NSEI,8/10/2024 19:52,345631,710,,,,Retained,,
2024,357,611,1,5,NSEI,8/11/2024 17:04,345701,710,,,,Retained,,
2024,357,611,1,6,NSEI,8/11/2024 19:46,345701,710,,,,Retained,,
2024,357,611,1,7,NSEI,8/12/2024 14:58,345701,710,,,,Retained,,
2024,357,611,1,9,NSEI,8/13/2024 14:31,345701,710,,,,Retained,,
2024,357,611,1,10,NSEI,8/13/2024 17:10,345701,710,,,,Retained,,
2024,358,611,1,1,NSEI,8/9/2024 16:44,345631,710,,,,Retained,,
2024,358,611,1,2,NSEI,8/9/2024 21:26,345631,710,,,,Retained,,
2024,358,611,1,3,NSEI,8/10/2024 16:22,345631,710,,,,Retained,,
2024,358,611,1,4,NSEI,8/10/2024 19:52,345631,710,,,,Retained,,
2024,358,611,1,5,NSEI,8/11/2024 17:04,345701,710,,,,Retained,,
2024,358,611,1,6,NSEI,8/11/2024 19:46,345701,710,,,,Retained,,
2024,358,611,1,7,NSEI,8/12/2024 14:58,345701,710,,,,Retained,,
2024,358,611,1,9,NSEI,8/13/2024 14:31,345701,710,,,,Retained,,
2024,358,611,1,10,NSEI,8/13/2024 17:10,345701,710,,,,Retained,,
2024,359,611,1,1,NSEI,8/9/2024 16:44,345631,710,,,,Retained,,
2024,359,611,1,2,NSEI,8/9/2024 21:26,345631,710,,,,Retained,,
2024,359,611,1,3,NSEI,8/10/2024 16:22,345631,710,,,,Retained,,
2024,359,611,1,4,NSEI,8/10/2024 19:52,345631,710,,,,Retained,,
2024,359,611,1,5,NSEI,8/11/2024 17:04,345701,710,,,,Retained,,
2024,359,611,1,6,NSEI,8/11/2024 19:46,345701,710,,,,Retained,,
2024,359,611,1,7,NSEI,8/12/2024 14:58,345701,710,,,,Retained,,
2024,359,611,1,9,NSEI,8/13/2024 14:31,345701,710,,,,Retained,,
2024,359,611,1,10,NSEI,8/13/2024 17:10,345701,710,,,,Retained,,
2024,360,611,1,1,NSEI,8/9/2024 16:44,345631,710,,,,Retained,,
2024,360,611,1,2,NSEI,8/9/2024 21:26,345631,710,,,,Retained,,
2024,360,611,1,3,NSEI,8/10/2024 16:22,345631,710,,,,Retained,,
2024,360,611,1,4,NSEI,8/10/2024 19:52,345631,710,,,,Retained,,
2024,360,611,1,5,NSEI,8/11/2024 17:04,345701,710,,,,Retained,,
2024,360,611,1,6,NSEI,8/11/2024 19:46,345701,710,,,,Retained,,
2024,360,611,1,7,NSEI,8/12/2024 14:58,345701,710,,,,Retained,,
2024,360,611,1,9,NSEI,8/13/2024 14:31,345701,710,,,,Retained,,
2024,360,611,1,10,NSEI,8/13/2024 17:10,345701,710,,,,Retained,,
2024,361,611,1,1,NSEI,8/9/2024 16:44,345631,710,,,,Retained,,
2024,361,611,1,2,NSEI,8/9/2024 21:26,345631,710,,,,Retained,,
2024,361,611,1,3,NSEI,8/10/2024 16:22,345631,710,,,,Retained,,
2024,361,611,1,4,NSEI,8/10/2024 19:52,345631,710,,,,Retained,,
2024,361,611,1,5,NSEI,8/11/2024 17:04,345701,710,,,,Retained,,
2024,361,611,1,6,NSEI,8/11/2024 19:46,345701,710,,,,Retained,,
2024,361,611,1,7,NSEI,8/12/2024 14:58,345701,710,,,,Retained,,
2024,361,611,1,9,NSEI,8/13/2024 14:31,345701,710,,,,Retained,,
2024,361,611,1,10,NSEI,8/13/2024 17:10,345701,710,,,,Retained,,
2024,362,611,1,1,NSEI,8/9/2024 16:44,345631,710,,,,Retained,,
2024,362,611,1,2,NSEI,8/9/2024 21:26,345631,710,,,,Retained,,
2024,362,611,1,3,NSEI,8/10/2024 16:22,345631,710,,,,Retained,,
2024,362,611,1,4,NSEI,8/10/2024 19:52,345631,710,,,,Retained,,
2024,362,611,1,5,NSEI,8/11/2024 17:04,345701,710,,,,Retained,,
2024,362,611,1,6,NSEI,8/11/2024 19:46,345701,710,,,,Retained,,
2024,362,611,1,7,NSEI,8/12/2024 14:58,345701,710,,,,Retained,,
2024,362,611,1,9,NSEI,8/13/2024 14:31,345701,710,,,,Retained,,
2024,362,611,1,10,NSEI,8/13/2024 17:10,345701,710,,,,Retained,,
2024,363,611,1,1,NSEI,8/9/2024 16:44,345631,710,,,,Retained,,
2024,363,611,1,2,NSEI,8/9/2024 21:26,345631,710,,,,Retained,,
2024,363,611,1,3,NSEI,8/10/2024 16:22,345631,710,,,,Retained,,
2024,363,611,1,4,NSEI,8/10/2024 19:52,345631,710,,,,Retained,,
2024,363,611,1,5,NSEI,8/11/2024 17:04,345701,710,,,,Retained,,
2024,363,611,1,6,NSEI,8/11/2024 19:46,345701,710,,,,Retained,,
2024,363,611,1,7,NSEI,8/12/2024 14:58,345701,710,,,,Retained,,
2024,363,611,1,9,NSEI,8/13/2024 14:31,345701,710,,,,Retained,,
2024,363,611,1,10,NSEI,8/13/2024 17:10,345701,710,,,,Retained,,
2024,364,611,1,1,NSEI,8/9/2024 16:44,345631,710,,,,Retained,,
2024,364,611,1,2,NSEI,8/9/2024 21:26,345631,710,,,,Retained,,
2024,364,611,1,3,NSEI,8/10/2024 16:22,345631,710,,,,Retained,,
2024,364,611,1,4,NSEI,8/10/2024 19:52,345631,710,,,,Retained,,
2024,364,611,1,5,NSEI,8/11/2024 17:04,345701,710,,,,Retained,,
2024,364,611,1,6,NSEI,8/11/2024 19:46,345701,710,,,,Retained,,
2024,364,611,1,7,NSEI,8/12/2024 14:58,345701,710,,,,Retained,,
2024,364,611,1,9,NSEI,8/13/2024 14:31,345701,710,,,,Retained,,
2024,364,611,1,10,NSEI,8/13/2024 17:10,345701,710,,,,Retained,,
2024,365,611,1,1,NSEI,8/9/2024 16:44,345631,710,,,,Retained,,
2024,365,611,1,2,NSEI,8/9/2024 21:26,345631,710,,,,Retained,,
2024,365,611,1,3,NSEI,8/10/2024 16:22,345631,710,,,,Retained,,
2024,365,611,1,4,NSEI,8/10/2024 19:52,345631,710,,,,Retained,,
2024,365,611,1,5,NSEI,8/11/2024 17:04,345701,710,,,,Retained,,
2024,365,611,1,6,NSEI,8/11/2024 19:46,345701,710,,,,Retained,,
2024,365,611,1,7,NSEI,8/12/2024 14:58,345701,710,,,,Retained,,
2024,365,611,1,9,NSEI,8/13/2024 14:31,345701,710,,,,Retained,,
2024,365,611,1,10,NSEI,8/13/2024 17:10,345701,710,,,,Retained,,
2024,366,611,1,1,NSEI,8/9/2024 16:44,345631,710,,,,Retained,,
2024,366,611,1,2,NSEI,8/9/2024 21:26,345631,710,,,,Retained,,
2024,366,611,1,3,NSEI,8/10/2024 16:22,345631,710,,,,Retained,,
2024,366,611,1,4,NSEI,8/10/2024 19:52,345631,710,,,,Retained,,
2024,366,611,1,5,NSEI,8/11/2024 17:04,345701,710,,,,Retained,,
2024,366,611,1,6,NSEI,8/11/2024 19:46,345701,710,,,,Retained,,
2024,366,611,1,7,NSEI,8/12/2024 14:58,345701,710,,,,Retained,,
2024,366,611,1,9,NSEI,8/13/2024 14:31,345701,710,,,,Retained,,
2024,366,611,1,10,NSEI,8/13/2024 17:10,345701,710,,,,Retained,,
2024,367,611,1,1,NSEI,8/9/2024 16:44,345631,710,,,,Retained,,
2024,367,611,1,2,NSEI,8/9/2024 21:26,345631,710,,,,Retained,,
2024,367,611,1,3,NSEI,8/10/2024 16:22,345631,710,,,,Retained,,
2024,367,611,1,4,NSEI,8/10/2024 19:52,345631,710,,,,Retained,,
2024,367,611,1,5,NSEI,8/11/2024 17:04,345701,710,,,,Retained,,
2024,367,611,1,6,NSEI,8/11/2024 19:46,345701,710,,,,Retained,,
2024,367,611,1,7,NSEI,8/12/2024 14:58,345701,710,,,,Retained,,
2024,367,611,1,9,NSEI,8/13/2024 14:31,345701,710,,,,Retained,,
2024,367,611,1,10,NSEI,8/13/2024 17:10,345701,710,,,,Retained,,
2024,368,611,1,1,NSEI,8/9/2024 16:44,345631,710,,,,Retained,,
2024,368,611,1,2,NSEI,8/9/2024 21:26,345631,710,,,,Retained,,
2024,368,611,1,3,NSEI,8/10/2024 16:22,345631,710,,,,Retained,,
2024,368,611,1,4,NSEI,8/10/2024 19:52,345631,710,,,,Retained,,
2024,368,611,1,5,NSEI,8/11/2024 17:04,345701,710,,,,Retained,,
2024,368,611,1,6,NSEI,8/11/2024 19:46,345701,710,,,,Retained,,
2024,368,611,1,7,NSEI,8/12/2024 14:58,345701,710,,,,Retained,,
2024,368,611,1,9,NSEI,8/13/2024 14:31,345701,710,,,,Retained,,
2024,368,611,1,10,NSEI,8/13/2024 17:10,345701,710,,,,Retained,,
2024,369,611,1,1,NSEI,8/9/2024 16:44,345631,710,,,,Retained,,
2024,369,611,1,2,NSEI,8/9/2024 21:26,345631,710,,,,Retained,,
2024,369,611,1,3,NSEI,8/10/2024 16:22,345631,710,,,,Retained,,
2024,369,611,1,4,NSEI,8/10/2024 19:52,345631,710,,,,Retained,,
2024,369,611,1,5,NSEI,8/11/2024 17:04,345701,710,,,,Retained,,
2024,369,611,1,6,NSEI,8/11/2024 19:46,345701,710,,,,Retained,,
2024,369,611,1,7,NSEI,8/12/2024 14:58,345701,710,,,,Retained,,
2024,369,611,1,9,NSEI,8/13/2024 14:31,345701,710,,,,Retained,,
2024,369,611,1,10,NSEI,8/13/2024 17:10,345701,710,,,,Retained,,
2024,370,611,1,1,NSEI,8/9/2024 16:44,345631,710,,,,Retained,,
2024,370,611,1,2,NSEI,8/9/2024 21:26,345631,710,,,,Retained,,
2024,370,611,1,3,NSEI,8/10/2024 16:22,345631,710,,,,Retained,,
2024,370,611,1,4,NSEI,8/10/2024 19:52,345631,710,,,,Retained,,
2024,370,611,1,5,NSEI,8/11/2024 17:04,345701,710,,,,Retained,,
2024,370,611,1,6,NSEI,8/11/2024 19:46,345701,710,,,,Retained,,
2024,370,611,1,7,NSEI,8/12/2024 14:58,345701,710,,,,Retained,,
2024,370,611,1,9,NSEI,8/13/2024 14:31,345701,710,,,,Retained,,
2024,370,611,1,10,NSEI,8/13/2024 17:10,345701,710,,,,Retained,,
2024,371,611,1,1,NSEI,8/9/2024 16:44,345631,710,,,,Retained,,
2024,371,611,1,2,NSEI,8/9/2024 21:26,345631,710,,,,Retained,,
2024,371,611,1,3,NSEI,8/10/2024 16:22,345631,710,,,,Retained,,
2024,371,611,1,4,NSEI,8/10/2024 19:52,345631,710,,,,Retained,,
2024,371,611,1,5,NSEI,8/11/2024 17:04,345701,710,,,,Retained,,
2024,371,611,1,6,NSEI,8/11/2024 19:46,345701,710,,,,Retained,,
2024,371,611,1,7,NSEI,8/12/2024 14:58,345701,710,,,,Retained,,
2024,371,611,1,9,NSEI,8/13/2024 14:31,345701,710,,,,Retained,,
2024,371,611,1,10,NSEI,8/13/2024 17:10,345701,710,,,,Retained,,
2024,372,611,1,1,NSEI,8/9/2024 16:44,345631,710,,,,Retained,,
2024,372,611,1,2,NSEI,8/9/2024 21:26,345631,710,,,,Retained,,
2024,372,611,1,3,NSEI,8/10/2024 16:22,345631,710,,,,Retained,,
2024,372,611,1,4,NSEI,8/10/2024 19:52,345631,710,,,,Retained,,
2024,372,611,1,5,NSEI,8/11/2024 17:04,345701,710,,,,Retained,,
2024,372,611,1,6,NSEI,8/11/2024 19:46,345701,710,,,,Retained,,
2024,372,611,1,7,NSEI,8/12/2024 14:58,345701,710,,,,Retained,,
2024,372,611,1,9,NSEI,8/13/2024 14:31,345701,710,,,,Retained,,
2024,372,611,1,10,NSEI,8/13/2024 17:10,345701,710,,,,Retained,,
2024,373,611,1,1,NSEI,8/9/2024 16:44,345631,710,,,,Retained,,
2024,373,611,1,2,NSEI,8/9/2024 21:26,345631,710,,,,Retained,,
2024,373,611,1,3,NSEI,8/10/2024 16:22,345631,710,,,,Retained,,
2024,373,611,1,4,NSEI,8/10/2024 19:52,345631,710,,,,Retained,,
2024,373,611,1,5,NSEI,8/11/2024 17:04,345701,710,,,,Retained,,
2024,373,611,1,6,NSEI,8/11/2024 19:46,345701,710,,,,Retained,,
2024,373,611,1,7,NSEI,8/12/2024 14:58,345701,710,,,,Retained,,
2024,373,611,1,9,NSEI,8/13/2024 14:31,345701,710,,,,Retained,,
2024,373,611,1,10,NSEI,8/13/2024 17:10,345701,710,,,,Retained,,
2024,374,611,1,1,NSEI,8/9/2024 16:44,345631,710,,,,Retained,,
2024,374,611,1,2,NSEI,8/9/2024 21:26,345631,710,,,,Retained,,
2024,374,611,1,3,NSEI,8/10/2024 16:22,345631,710,,,,Retained,,
2024,374,611,1,4,NSEI,8/10/2024 19:52,345631,710,,,,Retained,,
2024,374,611,1,5,NSEI,8/11/2024 17:04,345701,710,,,,Retained,,
2024,374,611,1,6,NSEI,8/11/2024 19:46,345701,710,,,,Retained,,
2024,374,611,1,7,NSEI,8/12/2024 14:58,345701,710,,,,Retained,,
2024,374,611,1,9,NSEI,8/13/2024 14:31,345701,710,,,,Retained,,
2024,374,611,1,10,NSEI,8/13/2024 17:10,345701,710,,,,Retained,,
2024,375,611,1,1,NSEI,8/9/2024 16:44,345631,710,,,,Retained,,
2024,375,611,1,2,NSEI,8/9/2024 21:26,345631,710,,,,Retained,,
2024,375,611,1,3,NSEI,8/10/2024 16:22,345631,710,,,,Retained,,
2024,375,611,1,4,NSEI,8/10/2024 19:52,345631,710,,,,Retained,,
2024,375,611,1,5,NSEI,8/11/2024 17:04,345701,710,,,,Retained,,
2024,375,611,1,6,NSEI,8/11/2024 19:46,345701,710,,,,Retained,,
2024,375,611,1,7,NSEI,8/12/2024 14:58,345701,710,,,,Retained,,
2024,375,611,1,9,NSEI,8/13/2024 14:31,345701,710,,,,Retained,,
2024,375,611,1,10,NSEI,8/13/2024 17:10,345701,710,,,,Retained,,
2024,376,611,1,1,NSEI,8/9/2024 16:44,345631,710,,,,Retained,,
2024,376,611,1,2,NSEI,8/9/2024 21:26,345631,710,,,,Retained,,
2024,376,611,1,3,NSEI,8/10/2024 16:22,345631,710,,,,Retained,,
2024,376,611,1,4,NSEI,8/10/2024 19:52,345631,710,,,,Retained,,
2024,376,611,1,5,NSEI,8/11/2024 17:04,345701,710,,,,Retained,,
2024,376,611,1,6,NSEI,8/11/2024 19:46,345701,710,,,,Retained,,
2024,376,611,1,7,NSEI,8/12/2024 14:58,345701,710,,,,Retained,,
2024,376,611,1,9,NSEI,8/13/2024 14:31,345701,710,,,,Retained,,
2024,376,611,1,10,NSEI,8/13/2024 17:10,345701,710,,,,Retained,,
2024,377,611,1,1,NSEI,8/9/2024 16:44,345631,710,,,,Retained,,
2024,377,611,1,2,NSEI,8/9/2024 21:26,345631,710,,,,Retained,,
2024,377,611,1,3,NSEI,8/10/2024 16:22,345631,710,,,,Retained,,
2024,377,611,1,4,NSEI,8/10/2024 19:52,345631,710,,,,Retained,,
2024,377,611,1,5,NSEI,8/11/2024 17:04,345701,710,,,,Retained,,
2024,377,611,1,6,NSEI,8/11/2024 19:46,345701,710,,,,Retained,,
2024,377,611,1,7,NSEI,8/12/2024 14:58,345701,710,,,,Retained,,
2024,377,611,1,9,NSEI,8/13/2024 14:31,345701,710,,,,Retained,,
2024,377,611,1,10,NSEI,8/13/2024 17:10,345701,710,,,,Retained,,
2024,378,611,1,1,NSEI,8/9/2024 16:44,345631,710,,,,Retained,,
2024,378,611,1,2,NSEI,8/9/2024 21:26,345631,710,,,,Retained,,
2024,378,611,1,3,NSEI,8/10/2024 16:22,345631,710,,,,Retained,,
2024,378,611,1,4,NSEI,8/10/2024 19:52,345631,710,,,,Retained,,
2024,378,611,1,5,NSEI,8/11/2024 17:04,345701,710,,,,Retained,,
2024,378,611,1,6,NSEI,8/11/2024 19:46,345701,710,,,,Retained,,
2024,378,611,1,7,NSEI,8/12/2024 14:58,345701,710,,,,Retained,,
2024,378,611,1,9,NSEI,8/13/2024 14:31,345701,710,,,,Retained,,
2024,378,611,1,10,NSEI,8/13/2024 17:10,345701,710,,,,Retained,,
2024,379,611,1,1,NSEI,8/9/2024 16:44,345631,710,,,,Retained,,
2024,379,611,1,2,NSEI,8/9/2024 21:26,345631,710,,,,Retained,,
2024,379,611,1,3,NSEI,8/10/2024 16:22,345631,710,,,,Retained,,
2024,379,611,1,4,NSEI,8/10/2024 19:52,345631,710,,,,Retained,,
2024,379,611,1,5,NSEI,8/11/2024 17:04,345701,710,,,,Retained,,
2024,379,611,1,6,NSEI,8/11/2024 19:46,345701,710,,,,Retained,,
2024,379,611,1,7,NSEI,8/12/2024 14:58,345701,710,,,,Retained,,
2024,379,611,1,9,NSEI,8/13/2024 14:31,345701,710,,,,Retained,,
2024,379,611,1,10,NSEI,8/13/2024 17:10,345701,710,,,,Retained,,
2024,380,611,1,1,NSEI,8/9/2024 16:44,345631,710,,,,Retained,,
2024,380,611,1,2,NSEI,8/9/2024 21:26,345631,710,,,,Retained,,
2024,380,611,1,3,NSEI,8/10/2024 16:22,345631,710,,,,Retained,,
2024,380,611,1,4,NSEI,8/10/2024 19:52,345631,710,,,,Retained,,
2024,380,611,1,5,NSEI,8/11/2024 17:04,345701,710,,,,Retained,,
2024,380,611,1,6,NSEI,8/11/2024 19:46,345701,710,,,,Retained,,
2024,380,611,1,7,NSEI,8/12/2024 14:58,345701,710,,,,Retained,,
2024,380,611,1,9,NSEI,8/13/2024 14:31,345701,710,,,,Retained,,
2024,380,611,1,10,NSEI,8/13/2024 17:10,345701,710,,,,Retained,,
2024,381,611,1,1,NSEI,8/9/2024 16:44,345631,710,,,,Retained,,
2024,381,611,1,2,NSEI,8/9/2024 21:26,345631,710,,,,Retained,,
2024,381,611,1,3,NSEI,8/10/2024 16:22,345631,710,,,,Retained,,
2024,381,611,1,4,NSEI,8/10/2024 19:52,345631,710,,,,Retained,,
2024,381,611,1,5,NSEI,8/11/2024 17:04,345701,710,,,,Retained,,
2024,381,611,1,6,NSEI,8/11/2024 19:46,345701,710,,,,Retained,,
2024,381,611,1,7,NSEI,8/12/2024 14:58,345701,710,,,,Retained,,
2024,381,611,1,9,NSEI,8/13/2024 14:31,345701,710,,,,Retained,,
2024,381,611,1,10,NSEI,8/13/2024 17:10,345701,710,,,,Retained,,
2024,382,611,1,1,NSEI,8/9/2024 16:44,345631,710,,,,Retained,,
2024,382,611,1,2,NSEI,8/9/2024 21:26,345631,710,,,,Retained,,
2024,382,611,1,3,NSEI,8/10/2024 16:22,345631,710,,,,Retained,,
2024,382,611,1,4,NSEI,8/10/2024 19:52,345631,710,,,,Retained,,
2024,382,611,1,5,NSEI,8/11/2024 17:04,345701,710,,,,Retained,,
2024,382,611,1,6,NSEI,8/11/2024 19:46,345701,710,,,,Retained,,
2024,382,611,1,7,NSEI,8/12/2024 14:58,345701,710,,,,Retained,,
2024,382,611,1,9,NSEI,8/13/2024 14:31,345701,710,,,,Retained,,
2024,382,611,1,10,NSEI,8/13/2024 17:10,345701,710,,,,Retained,,
2024,383,611,1,1,NSEI,8/9/2024 16:44,345631,710,,,,Retained,,
2024,383,611,1,2,NSEI,8/9/2024 21:26,345631,710,,,,Retained,,
2024,383,611,1,3,NSEI,8/10/2024 16:22,345631,710,,,,Retained,,
2024,383,611,1,4,NSEI,8/10/2024 19:52,345631,710,,,,Retained,,
2024,383,611,1,5,NSEI,8/11/2024 17:04,345701,710,,,,Retained,,
2024,383,611,1,6,NSEI,8/11/2024 19:46,345701,710,,,,Retained,,
2024,383,611,1,7,NSEI,8/12/2024 14:58,345701,710,,,,Retained,,
2024,383,611,1,9,NSEI,8/13/2024 14:31,345701,710,,,,Retained,,
2024,383,611,1,10,NSEI,8/13/2024 17:10,345701,710,,,,Retained,,
2024,384,611,1,1,NSEI,8/9/2024 16:44,345631,710,,,,Retained,,
2024,384,611,1,2,NSEI,8/9/2024 21:26,345631,710,,,,Retained,,
2024,384,611,1,3,NSEI,8/10/2024 16:22,345631,710,,,,Retained,,
2024,384,611,1,4,NSEI,8/10/2024 19:52,345631,710,,,,Retained,,
2024,384,611,1,5,NSEI,8/11/2024 17:04,345701,710,,,,Retained,,
2024,384,611,1,6,NSEI,8/11/2024 19:46,345701,710,,,,Retained,,
2024,384,611,1,7,NSEI,8/12/2024 14:58,345701,710,,,,Retained,,
2024,384,611,1,9,NSEI,8/13/2024 14:31,345701,710,,,,Retained,,
2024,384,611,1,10,NSEI,8/13/2024 17:10,345701,710,,,,Retained,,
2024,385,611,1,1,NSEI,8/9/2024 16:44,345631,710,,,,Retained,,
2024,385,611,1,2,NSEI,8/9/2024 21:26,345631,710,,,,Retained,,
2024,385,611,1,3,NSEI,8/10/2024 16:22,345631,710,,,,Retained,,
2024,385,611,1,4,NSEI,8/10/2024 19:52,345631,710,,,,Retained,,
2024,385,611,1,5,NSEI,8/11/2024 17:04,345701,710,,,,Retained,,
2024,385,611,1,6,NSEI,8/11/2024 19:46,345701,710,,,,Retained,,
2024,385,611,1,7,NSEI,8/12/2024 14:58,345701,710,,,,Retained,,
2024,385,611,1,9,NSEI,8/13/2024 14:31,345701,710,,,,Retained,,
2024,385,611,1,10,NSEI,8/13/2024 17:10,345701,710,,,,Retained,,
2024,386,611,1,1,NSEI,8/9/2024 16:44,345631,710,,,,Retained,,
2024,386,611,1,2,NSEI,8/9/2024 21:26,345631,710,,,,Retained,,
2024,386,611,1,3,NSEI,8/10/2024 16:22,345631,710,,,,Retained,,
2024,386,611,1,4,NSEI,8/10/2024 19:52,345631,710,,,,Retained,,
2024,386,611,1,5,NSEI,8/11/2024 17:04,345701,710,,,,Retained,,
2024,386,611,1,6,NSEI,8/11/2024 19:46,345701,710,,,,Retained,,
2024,386,611,1,7,NSEI,8/12/2024 14:58,345701,710,,,,Retained,,
2024,386,611,1,9,NSEI,8/13/2024 14:31,345701,710,,,,Retained,,
2024,386,611,1,10,NSEI,8/13/2024 17:10,345701,710,,,,Retained,,
2024,387,611,1,1,NSEI,8/9/2024 16:44,345631,710,,,,Retained,,
2024,387,611,1,2,NSEI,8/9/2024 21:26,345631,710,,,,Retained,,
2024,387,611,1,3,NSEI,8/10/2024 16:22,345631,710,,,,Retained,,
2024,387,611,1,4,NSEI,8/10/2024 19:52,345631,710,,,,Retained,,
2024,387,611,1,5,NSEI,8/11/2024 17:04,345701,710,,,,Retained,,
2024,387,611,1,6,NSEI,8/11/2024 19:46,345701,710,,,,Retained,,
2024,387,611,1,7,NSEI,8/12/2024 14:58,345701,710,,,,Retained,,
2024,387,611,1,9,NSEI,8/13/2024 14:31,345701,710,,,,Retained,,
2024,387,611,1,10,NSEI,8/13/2024 17:10,345701,710,,,,Retained,,
2024,388,611,1,1,NSEI,8/9/2024 16:44,345631,710,,,,Retained,,
2024,388,611,1,2,NSEI,8/9/2024 21:26,345631,710,,,,Retained,,
2024,388,611,1,3,NSEI,8/10/2024 16:22,345631,710,,,,Retained,,
2024,388,611,1,4,NSEI,8/10/2024 19:52,345631,710,,,,Retained,,
2024,388,611,1,5,NSEI,8/11/2024 17:04,345701,710,,,,Retained,,
2024,388,611,1,6,NSEI,8/11/2024 19:46,345701,710,,,,Retained,,
2024,388,611,1,7,NSEI,8/12/2024 14:58,345701,710,,,,Retained,,
2024,388,611,1,9,NSEI,8/13/2024 14:31,345701,710,,,,Retained,,
2024,388,611,1,10,NSEI,8/13/2024 17:10,345701,710,,,,Retained,,
2024,389,611,1,1,NSEI,8/9/2024 16:44,345631,710,,,,Retained,,
2024,389,611,1,2,NSEI,8/9/2024 21:26,345631,710,,,,Retained,,
2024,389,611,1,3,NSEI,8/10/2024 16:22,345631,710,,,,Retained,,
2024,389,611,1,4,NSEI,8/10/2024 19:52,345631,710,,,,Retained,,
2024,389,611,1,5,NSEI,8/11/2024 17:04,345701,710,,,,Retained,,
2024,389,611,1,6,NSEI,8/11/2024 19:46,345701,710,,,,Retained,,
2024,389,611,1,7,NSEI,8/12/2024 14:58,345701,710,,,,Retained,,
2024,389,611,1,9,NSEI,8/13/2024 14:31,345701,710,,,,Retained,,
2024,389,611,1,10,NSEI,8/13/2024 17:10,345701,710,,,,Retained,,
2024,390,611,1,1,NSEI,8/9/2024 16:44,345631,710,,,,Retained,,
2024,390,611,1,2,NSEI,8/9/2024 21:26,345631,710,,,,Retained,,
2024,390,611,1,3,NSEI,8/10/2024 16:22,345631,710,,,,Retained,,
2024,390,611,1,4,NSEI,8/10/2024 19:52,345631,710,,,,Retained,,
2024,390,611,1,5,NSEI,8/11/2024 17:04,345701,710,,,,Retained,,
2024,390,611,1,6,NSEI,8/11/2024 19:46,345701,710,,,,Retained,,
2024,390,611,1,7,NSEI,8/12/2024 14:58,345701,710,,,,Retained,,
2024,390,611,1,9,NSEI,8/13/2024 14:31,345701,710,,,,Retained,,
2024,390,611,1,10,NSEI,8/13/2024 17:10,345701,710,,,,Retained,,
2024,391,611,1,1,NSEI,8/9/2024 16:44,345631,710,,,,Retained,,
2024,391,611,1,2,NSEI,8/9/2024 21:26,345631,710,,,,Retained,,
2024,391,611,1,3,NSEI,8/10/2024 16:22,345631,710,,,,Retained,,
2024,391,611,1,4,NSEI,8/10/2024 19:52,345631,710,,,,Retained,,
2024,391,611,1,5,NSEI,8/11/2024 17:04,345701,710,,,,Retained,,
2024,391,611,1,6,NSEI,8/11/2024 19:46,345701,710,,,,Retained,,
2024,391,611,1,7,NSEI,8/12/2024 14:58,345701,710,,,,Retained,,
2024,391,611,1,9,NSEI,8/13/2024 14:31,345701,710,,,,Retained,,
2024,391,611,1,10,NSEI,8/13/2024 17:10,345701,710,,,,Retained,,
2024,392,611,1,1,NSEI,8/9/2024 16:44,345631,710,,,,Retained,,
2024,392,611,1,2,NSEI,8/9/2024 21:26,345631,710,,,,Retained,,
2024,392,611,1,3,NSEI,8/10/2024 16:22,345631,710,,,,Retained,,
2024,392,611,1,4,NSEI,8/10/2024 19:52,345631,710,,,,Retained,,
2024,392,611,1,5,NSEI,8/11/2024 17:04,345701,710,,,,"Discarded, too small",,
2024,392,611,1,6,NSEI,8/11/2024 19:46,345701,710,,,,Retained,,
2024,392,611,1,7,NSEI,8/12/2024 14:58,345701,710,,,,Retained,,
2024,392,611,1,9,NSEI,8/13/2024 14:31,345701,710,,,,Retained,,
2024,392,611,1,10,NSEI,8/13/2024 17:10,345701,710,,,,Retained,,
2024,393,611,1,1,NSEI,8/9/2024 16:44,345631,710,,,,Retained,,
2024,393,611,1,2,NSEI,8/9/2024 21:26,345631,710,,,,Retained,,
2024,393,611,1,3,NSEI,8/10/2024 16:22,345631,710,,,,Retained,,
2024,393,611,1,4,NSEI,8/10/2024 19:52,345631,710,,,,Retained,,
2024,393,611,1,5,NSEI,8/11/2024 17:04,345701,710,,,,Retained,,
2024,393,611,1,6,NSEI,8/11/2024 19:46,345701,710,,,,Retained,,
2024,393,611,1,7,NSEI,8/12/2024 14:58,345701,710,,,,Retained,,
2024,393,611,1,9,NSEI,8/13/2024 14:31,345701,710,,,,Retained,,
2024,393,611,1,10,NSEI,8/13/2024 17:10,345701,710,,,,Retained,,
2024,394,611,1,1,NSEI,8/9/2024 16:44,345631,710,,,,Retained,,
2024,394,611,1,2,NSEI,8/9/2024 21:26,345631,710,,,,Retained,,
2024,394,611,1,3,NSEI,8/10/2024 16:22,345631,710,,,,Retained,,
2024,394,611,1,4,NSEI,8/10/2024 19:52,345631,710,,,,Retained,,
2024,394,611,1,5,NSEI,8/11/2024 17:04,345701,710,,,,Retained,,
2024,394,611,1,6,NSEI,8/11/2024 19:46,345701,710,,,,Retained,,
2024,394,611,1,7,NSEI,8/12/2024 14:58,345701,710,,,,Retained,,
2024,394,611,1,9,NSEI,8/13/2024 14:31,345701,710,,,,Retained,,
2024,394,611,1,10,NSEI,8/13/2024 17:10,345701,710,,,,Retained,,
2024,395,611,1,1,NSEI,8/9/2024 16:44,345631,710,,,,Retained,,
2024,395,611,1,2,NSEI,8/9/2024 21:26,345631,710,,,,Retained,,
2024,395,611,1,3,NSEI,8/10/2024 16:22,345631,710,,,,Retained,,
2024,395,611,1,4,NSEI,8/10/2024 19:52,345631,710,,,,Retained,,
2024,395,611,1,5,NSEI,8/11/2024 17:04,345701,710,,,,Retained,,
2024,395,611,1,6,NSEI,8/11/2024 19:46,345701,710,,,,Retained,,
2024,395,611,1,7,NSEI,8/12/2024 14:58,345701,710,,,,Retained,,
2024,395,611,1,9,NSEI,8/13/2024 14:31,345701,710,,,,Retained,,
2024,395,611,1,10,NSEI,8/13/2024 17:10,345701,710,,,,Retained,,
2024,396,611,1,1,NSEI,8/9/2024 16:44,345631,710,,,,Retained,,
2024,396,611,1,2,NSEI,8/9/2024 21:26,345631,710,,,,Retained,,
2024,396,611,1,3,NSEI,8/10/2024 16:22,345631,710,,,,Retained,,
2024,396,611,1,4,NSEI,8/10/2024 19:52,345631,710,,,,Retained,,
2024,396,611,1,5,NSEI,8/11/2024 17:04,345701,710,,,,Retained,,
2024,396,611,1,6,NSEI,8/11/2024 19:46,345701,710,,,,Retained,,
2024,396,611,1,7,NSEI,8/12/2024 14:58,345701,710,,,,Retained,,
2024,396,611,1,9,NSEI,8/13/2024 14:31,345701,710,,,,Retained,,
2024,396,611,1,10,NSEI,8/13/2024 17:10,345701,710,,,,Retained,,
2024,397,611,1,1,NSEI,8/9/2024 16:44,345631,710,,,,Retained,,
2024,397,611,1,2,NSEI,8/9/2024 21:26,345631,710,,,,Retained,,
2024,397,611,1,3,NSEI,8/10/2024 16:22,345631,710,,,,Retained,,
2024,397,611,1,4,NSEI,8/10/2024 19:52,345631,710,,,,Retained,,
2024,397,611,1,5,NSEI,8/11/2024 17:04,345701,710,,,,Retained,,
2024,397,611,1,6,NSEI,8/11/2024 19:46,345701,710,,,,Retained,,
2024,397,611,1,7,NSEI,8/12/2024 14:58,345701,710,,,,Retained,,
2024,397,611,1,9,NSEI,8/13/2024 14:31,345701,710,,,,Retained,,
2024,397,611,1,10,NSEI,8/13/2024 17:10,345701,710,,,,Retained,,
2024,398,611,1,1,NSEI,8/9/2024 16:44,345631,710,,,,Retained,,
2024,398,611,1,2,NSEI,8/9/2024 21:26,345631,710,,,,Retained,,
2024,398,611,1,3,NSEI,8/10/2024 16:22,345631,710,,,,Retained,,
2024,398,611,1,4,NSEI,8/10/2024 19:52,345631,710,,,,Retained,,
2024,398,611,1,5,NSEI,8/11/2024 17:04,345701,710,,,,Retained,,
2024,398,611,1,6,NSEI,8/11/2024 19:46,345701,710,,,,"Discarded, too small",,
2024,398,611,1,7,NSEI,8/12/2024 14:58,345701,710,,,,Retained,,
2024,398,611,1,9,NSEI,8/13/2024 14:31,345701,710,,,,Retained,,
2024,398,611,1,10,NSEI,8/13/2024 17:10,345701,710,,,,Retained,,
2024,399,611,1,1,NSEI,8/9/2024 16:44,345631,710,,,,Retained,,
2024,399,611,1,2,NSEI,8/9/2024 21:26,345631,710,,,,Retained,,
2024,399,611,1,3,NSEI,8/10/2024 16:22,345631,710,,,,Retained,,
2024,399,611,1,4,NSEI,8/10/2024 19:52,345631,710,,,,Retained,,
2024,399,611,1,5,NSEI,8/11/2024 17:04,345701,710,,,,Retained,,
2024,399,611,1,6,NSEI,8/11/2024 19:46,345701,710,,,,Retained,,
2024,399,611,1,7,NSEI,8/12/2024 14:58,345701,710,,,,Retained,,
2024,399,611,1,9,NSEI,8/13/2024 14:31,345701,710,,,,Retained,,
2024,399,611,1,10,NSEI,8/13/2024 17:10,345701,710,,,,Retained,,
2024,400,611,1,1,NSEI,8/9/2024 16:44,345631,710,,,,Retained,,
2024,400,611,1,2,NSEI,8/9/2024 21:26,345631,710,,,,Retained,,
2024,400,611,1,3,NSEI,8/10/2024 16:22,345631,710,,,,Retained,,
2024,400,611,1,4,NSEI,8/10/2024 19:52,345631,710,,,,Retained,,
2024,400,611,1,5,NSEI,8/11/2024 17:04,345701,710,,,,Retained,,
2024,400,611,1,6,NSEI,8/11/2024 19:46,345701,710,,,,Retained,,
2024,400,611,1,7,NSEI,8/12/2024 14:58,345701,710,,,,Retained,,
2024,400,611,1,9,NSEI,8/13/2024 14:31,345701,710,,,,Retained,,
2024,400,611,1,10,NSEI,8/13/2024 17:10,345701,710,,,,Retained,,
2024,401,611,1,1,NSEI,8/9/2024 16:44,345631,710,,,,Retained,,
2024,401,611,1,2,NSEI,8/9/2024 21:26,345631,710,,,,Retained,,
2024,401,611,1,3,NSEI,8/10/2024 16:22,345631,710,,,,Retained,,
2024,401,611,1,4,NSEI,8/10/2024 19:52,345631,710,,,,Retained,,
2024,401,611,1,5,NSEI,8/11/2024 17:04,345701,710,,,,Retained,,
2024,401,611,1,6,NSEI,8/11/2024 19:46,345701,710,,,,Retained,,
2024,401,611,1,7,NSEI,8/12/2024 14:58,345701,710,,,,Retained,,
2024,401,611,1,9,NSEI,8/13/2024 14:31,345701,710,,,,Retained,,
2024,401,611,1,10,NSEI,8/13/2024 17:10,345701,710,,,,Retained,,
2024,402,611,1,1,NSEI,8/9/2024 16:44,345631,710,,,,Retained,,
2024,402,611,1,2,NSEI,8/9/2024 21:26,345631,710,,,,Retained,,
2024,402,611,1,3,NSEI,8/10/2024 16:22,345631,710,,,,Retained,,
2024,402,611,1,4,NSEI,8/10/2024 19:52,345631,710,,,,Retained,,
2024,402,611,1,5,NSEI,8/11/2024 17:04,345701,710,,,,Retained,,
2024,402,611,1,6,NSEI,8/11/2024 19:46,345701,710,,,,Retained,,
2024,402,611,1,7,NSEI,8/12/2024 14:58,345701,710,,,,Retained,,
2024,402,611,1,9,NSEI,8/13/2024 14:31,345701,710,,,,Retained,,
2024,402,611,1,10,NSEI,8/13/2024 17:10,345701,710,,,,Retained,,
2024,403,611,1,1,NSEI,8/9/2024 16:44,345631,710,,,,Retained,,
2024,403,611,1,2,NSEI,8/9/2024 21:26,345631,710,,,,Retained,,
2024,403,611,1,3,NSEI,8/10/2024 16:22,345631,710,,,,Retained,,
2024,403,611,1,4,NSEI,8/10/2024 19:52,345631,710,,,,Retained,,
2024,403,611,1,5,NSEI,8/11/2024 17:04,345701,710,,,,Retained,,
2024,403,611,1,6,NSEI,8/11/2024 19:46,345701,710,,,,Retained,,
2024,403,611,1,7,NSEI,8/12/2024 14:58,345701,710,,,,Retained,,
2024,403,611,1,9,NSEI,8/13/2024 14:31,345701,710,,,,Retained,,
2024,403,611,1,10,NSEI,8/13/2024 17:10,345701,710,,,,Retained,,
2024,404,611,1,1,NSEI,8/9/2024 16:44,345631,710,,,,Retained,,
2024,404,611,1,2,NSEI,8/9/2024 21:26,345631,710,,,,Retained,,
2024,404,611,1,3,NSEI,8/10/2024 16:22,345631,710,,,,Retained,,
2024,404,611,1,4,NSEI,8/10/2024 19:52,345631,710,,,,Retained,,
2024,404,611,1,5,NSEI,8/11/2024 17:04,345701,710,,,,Retained,,
2024,404,611,1,6,NSEI,8/11/2024 19:46,345701,710,,,,Retained,,
2024,404,611,1,7,NSEI,8/12/2024 14:58,345701,710,,,,"Discarded, too small",,
2024,404,611,1,9,NSEI,8/13/2024 14:31,345701,710,,,,Retained,,
2024,404,611,1,10,NSEI,8/13/2024 17:10,345701,710,,,,Retained,,
2024,405,611,1,1,NSEI,8/9/2024 16:44,345631,710,,,,Retained,,
2024,405,611,1,2,NSEI,8/9/2024 21:26,345631,710,,,,Retained,,
2024,405,611,1,3,NSEI,8/10/2024 16:22,345631,710,,,,Retained,,
2024,405,611,1,4,NSEI,8/10/2024 19:52,345631,710,,,,Retained,,
2024,405,611,1,5,NSEI,8/11/2024 17:04,345701,710,,,,Retained,,
2024,405,611,1,6,NSEI,8/11/2024 19:46,345701,710,,,,Retained,,
2024,405,611,1,7,NSEI,8/12/2024 14:58,345701,710,,,,Retained,,
2024,405,611,1,9,NSEI,8/13/2024 14:31,345701,710,,,,Retained,,
2024,405,611,1,10,NSEI,8/13/2024 17:10,345701,710,,,,Retained,,
2024,406,611,1,1,NSEI,8/9/2024 16:44,345631,710,,,,Retained,,
2024,406,611,1,2,NSEI,8/9/2024 21:26,345631,710,,,,Retained,,
2024,406,611,1,3,NSEI,8/10/2024 16:22,345631,710,,,,Retained,,
2024,406,611,1,4,NSEI,8/10/2024 19:52,345631,710,,,,Retained,,
2024,406,611,1,5,NSEI,8/11/2024 17:04,345701,710,,,,Retained,,
2024,406,611,1,6,NSEI,8/11/2024 19:46,345701,710,,,,Retained,,
2024,406,611,1,7,NSEI,8/12/2024 14:58,345701,710,,,,Retained,,
2024,406,611,1,9,NSEI,8/13/2024 14:31,345701,710,,,,Retained,,
2024,406,611,1,10,NSEI,8/13/2024 17:10,345701,710,,,,Retained,,
2024,407,611,1,1,NSEI,8/9/2024 16:44,345631,710,,,,Retained,,
2024,407,611,1,2,NSEI,8/9/2024 21:26,345631,710,,,,Retained,,
2024,407,611,1,3,NSEI,8/10/2024 16:22,345631,710,,,,Retained,,
2024,407,611,1,4,NSEI,8/10/2024 19:52,345631,710,,,,Retained,,
2024,407,611,1,5,NSEI,8/11/2024 17:04,345701,710,,,,Retained,,
2024,407,611,1,6,NSEI,8/11/2024 19:46,345701,710,,,,Retained,,
2024,407,611,1,7,NSEI,8/12/2024 14:58,345701,710,,,,Retained,,
2024,407,611,1,9,NSEI,8/13/2024 14:31,345701,710,,,,Retained,,
2024,407,611,1,10,NSEI,8/13/2024 17:10,345701,710,,,,Retained,,
2024,408,611,1,1,NSEI,8/9/2024 16:44,345631,710,,,,Retained,,
2024,408,611,1,2,NSEI,8/9/2024 21:26,345631,710,,,,Retained,,
2024,408,611,1,3,NSEI,8/10/2024 16:22,345631,710,,,,Retained,,
2024,408,611,1,4,NSEI,8/10/2024 19:52,345631,710,,,,Retained,,
2024,408,611,1,5,NSEI,8/11/2024 17:04,345701,710,,,,Retained,,
2024,408,611,1,6,NSEI,8/11/2024 19:46,345701,710,,,,Retained,,
2024,408,611,1,7,NSEI,8/12/2024 14:58,345701,710,,,,Retained,,
2024,408,611,1,9,NSEI,8/13/2024 14:31,345701,710,,,,Retained,,
2024,408,611,1,10,NSEI,8/13/2024 17:10,345701,710,,,,Retained,,
2024,409,611,1,1,NSEI,8/9/2024 16:44,345631,710,,,,Retained,,
2024,409,611,1,2,NSEI,8/9/2024 21:26,345631,710,,,,Retained,,
2024,409,611,1,3,NSEI,8/10/2024 16:22,345631,710,,,,Retained,,
2024,409,611,1,4,NSEI,8/10/2024 19:52,345631,710,,,,Retained,,
2024,409,611,1,5,NSEI,8/11/2024 17:04,345701,710,,,,Retained,,
2024,409,611,1,6,NSEI,8/11/2024 19:46,345701,710,,,,Retained,,
2024,409,611,1,7,NSEI,8/12/2024 14:58,345701,710,,,,Retained,,
2024,409,611,1,9,NSEI,8/13/2024 14:31,345701,710,,,,Retained,,
2024,409,611,1,10,NSEI,8/13/2024 17:10,345701,710,,,,Retained,,
2024,410,611,1,1,NSEI,8/9/2024 16:44,345631,710,,,,Retained,,
2024,410,611,1,2,NSEI,8/9/2024 21:26,345631,710,,,,Retained,,
2024,410,611,1,3,NSEI,8/10/2024 16:22,345631,710,,,,Retained,,
2024,410,611,1,4,NSEI,8/10/2024 19:52,345631,710,,,,Retained,,
2024,410,611,1,5,NSEI,8/11/2024 17:04,345701,710,,,,Retained,,
2024,410,611,1,6,NSEI,8/11/2024 19:46,345701,710,,,,Retained,,
2024,410,611,1,7,NSEI,8/12/2024 14:58,345701,710,,,,Retained,,
2024,410,611,1,9,NSEI,8/13/2024 14:31,345701,710,,,,Retained,,
2024,410,611,1,10,NSEI,8/13/2024 17:10,345701,710,,,,Retained,,
2024,411,611,1,1,NSEI,8/9/2024 16:44,345631,710,,,,Retained,,
2024,411,611,1,2,NSEI,8/9/2024 21:26,345631,710,,,,Retained,,
2024,411,611,1,3,NSEI,8/10/2024 16:22,345631,710,,,,Retained,,
2024,411,611,1,4,NSEI,8/10/2024 19:52,345631,710,,,,Retained,,
2024,411,611,1,5,NSEI,8/11/2024 17:04,345701,710,,,,Retained,,
2024,411,611,1,6,NSEI,8/11/2024 19:46,345701,710,,,,Retained,,
2024,411,611,1,7,NSEI,8/12/2024 14:58,345701,710,,,,Retained,,
2024,411,611,1,9,NSEI,8/13/2024 14:31,345701,710,,,,Retained,,
2024,411,611,1,10,NSEI,8/13/2024 17:10,345701,710,,,,Retained,,
2024,412,611,1,1,NSEI,8/9/2024 16:44,345631,710,,,,Retained,,
2024,412,611,1,2,NSEI,8/9/2024 21:26,345631,710,,,,Retained,,
2024,412,611,1,3,NSEI,8/10/2024 16:22,345631,710,,,,Retained,,
2024,412,611,1,4,NSEI,8/10/2024 19:52,345631,710,,,,Retained,,
2024,412,611,1,5,NSEI,8/11/2024 17:04,345701,710,,,,Retained,,
2024,412,611,1,6,NSEI,8/11/2024 19:46,345701,710,,,,Retained,,
2024,412,611,1,7,NSEI,8/12/2024 14:58,345701,710,,,,Retained,,
2024,412,611,1,9,NSEI,8/13/2024 14:31,345701,710,,,,Retained,,
2024,412,611,1,10,NSEI,8/13/2024 17:10,345701,710,,,,Retained,,
2024,413,611,1,1,NSEI,8/9/2024 16:44,345631,710,,,,Retained,,
2024,413,611,1,2,NSEI,8/9/2024 21:26,345631,710,,,,Retained,,
2024,413,611,1,3,NSEI,8/10/2024 16:22,345631,710,,,,Retained,,
2024,413,611,1,4,NSEI,8/10/2024 19:52,345631,710,,,,Retained,,
2024,413,611,1,5,NSEI,8/11/2024 17:04,345701,710,,,,Retained,,
2024,413,611,1,6,NSEI,8/11/2024 19:46,345701,710,,,,Retained,,
2024,413,611,1,7,NSEI,8/12/2024 14:58,345701,710,,,,Retained,,
2024,413,611,1,9,NSEI,8/13/2024 14:31,345701,710,,,,Retained,,
2024,413,611,1,10,NSEI,8/13/2024 17:10,345701,710,,,,Retained,,
2024,414,611,1,1,NSEI,8/9/2024 16:44,345631,710,,,,Retained,,
2024,414,611,1,2,NSEI,8/9/2024 21:26,345631,710,,,,Retained,,
2024,414,611,1,3,NSEI,8/10/2024 16:22,345631,710,,,,Retained,,
2024,414,611,1,4,NSEI,8/10/2024 19:52,345631,710,,,,Retained,,
2024,414,611,1,5,NSEI,8/11/2024 17:04,345701,710,,,,Retained,,
2024,414,611,1,6,NSEI,8/11/2024 19:46,345701,710,,,,Retained,,
2024,414,611,1,7,NSEI,8/12/2024 14:58,345701,710,,,,Retained,,
2024,414,611,1,9,NSEI,8/13/2024 14:31,345701,710,,,,Retained,,
2024,414,611,1,10,NSEI,8/13/2024 17:10,345701,710,,,,Retained,,
2024,415,611,1,1,NSEI,8/9/2024 16:44,345631,710,,,,Retained,,
2024,415,611,1,2,NSEI,8/9/2024 21:26,345631,710,,,,Retained,,
2024,415,611,1,3,NSEI,8/10/2024 16:22,345631,710,,,,Retained,,
2024,415,611,1,4,NSEI,8/10/2024 19:52,345631,710,,,,Retained,,
2024,415,611,1,5,NSEI,8/11/2024 17:04,345701,710,,,,Retained,,
2024,415,611,1,6,NSEI,8/11/2024 19:46,345701,710,,,,Retained,,
2024,415,611,1,7,NSEI,8/12/2024 14:58,345701,710,,,,Retained,,
2024,415,611,1,9,NSEI,8/13/2024 14:31,345701,710,,,,Retained,,
2024,415,611,1,10,NSEI,8/13/2024 17:10,345701,710,,,,Retained,,
2024,416,611,1,1,NSEI,8/9/2024 16:44,345631,710,,,,Retained,,
2024,416,611,1,2,NSEI,8/9/2024 21:26,345631,710,,,,Retained,,
2024,416,611,1,3,NSEI,8/10/2024 16:22,345631,710,,,,Retained,,
2024,416,611,1,4,NSEI,8/10/2024 19:52,345631,710,,,,Retained,,
2024,416,611,1,5,NSEI,8/11/2024 17:04,345701,710,,,,Retained,,
2024,416,611,1,6,NSEI,8/11/2024 19:46,345701,710,,,,Retained,,
2024,416,611,1,7,NSEI,8/12/2024 14:58,345701,710,,,,Retained,,
2024,416,611,1,9,NSEI,8/13/2024 14:31,345701,710,,,,Retained,,
2024,416,611,1,10,NSEI,8/13/2024 17:10,345701,710,,,,Retained,,
2024,417,611,1,1,NSEI,8/9/2024 16:44,345631,710,,,,Retained,,
2024,417,611,1,2,NSEI,8/9/2024 21:26,345631,710,,,,Retained,,
2024,417,611,1,3,NSEI,8/10/2024 16:22,345631,710,,,,Retained,,
2024,417,611,1,4,NSEI,8/10/2024 19:52,345631,710,,,,Retained,,
2024,417,611,1,5,NSEI,8/11/2024 17:04,345701,710,,,,Retained,,
2024,417,611,1,6,NSEI,8/11/2024 19:46,345701,710,,,,Retained,,
2024,417,611,1,7,NSEI,8/12/2024 14:58,345701,710,,,,Retained,,
2024,417,611,1,9,NSEI,8/13/2024 14:31,345701,710,,,,Retained,,
2024,417,611,1,10,NSEI,8/13/2024 17:10,345701,710,,,,Retained,,
2024,418,611,1,1,NSEI,8/9/2024 16:44,345631,710,,,,Retained,,
2024,418,611,1,2,NSEI,8/9/2024 21:26,345631,710,,,,Retained,,
2024,418,611,1,3,NSEI,8/10/2024 16:22,345631,710,,,,Retained,,
2024,418,611,1,4,NSEI,8/10/2024 19:52,345631,710,,,,Retained,,
2024,418,611,1,5,NSEI,8/11/2024 17:04,345701,710,,,,Retained,,
2024,418,611,1,6,NSEI,8/11/2024 19:46,345701,710,,,,Retained,,
2024,418,611,1,7,NSEI,8/12/2024 14:58,345701,710,,,,Retained,,
2024,418,611,1,9,NSEI,8/13/2024 14:31,345701,710,,,,Retained,,
2024,418,611,1,10,NSEI,8/13/2024 17:10,345701,710,,,,Retained,,
2024,419,611,1,1,NSEI,8/9/2024 16:44,345631,710,,,,Retained,,
2024,419,611,1,2,NSEI,8/9/2024 21:26,345631,710,,,,Retained,,
2024,419,611,1,3,NSEI,8/10/2024 16:22,345631,710,,,,Retained,,
2024,419,611,1,4,NSEI,8/10/2024 19:52,345631,710,,,,Retained,,
2024,419,611,1,5,NSEI,8/11/2024 17:04,345701,710,,,,Retained,,
2024,419,611,1,6,NSEI,8/11/2024 19:46,345701,710,,,,Retained,,
2024,419,611,1,7,NSEI,8/12/2024 14:58,345701,710,,,,Retained,,
2024,419,611,1,9,NSEI,8/13/2024 14:31,345701,710,,,,Retained,,
2024,419,611,1,10,NSEI,8/13/2024 17:10,345701,710,,,,Retained,,
2024,420,611,1,1,NSEI,8/9/2024 16:44,345631,710,,,,Retained,,
2024,420,611,1,2,NSEI,8/9/2024 21:26,345631,710,,,,Retained,,
2024,420,611,1,3,NSEI,8/10/2024 16:22,345631,710,,,,Retained,,
2024,420,611,1,4,NSEI,8/10/2024 19:52,345631,710,,,,Retained,,
2024,420,611,1,5,NSEI,8/11/2024 17:04,345701,710,,,,Retained,,
2024,420,611,1,6,NSEI,8/11/2024 19:46,345701,710,,,,Retained,,
2024,420,611,1,7,NSEI,8/12/2024 14:58,345701,710,,,,Retained,,
2024,420,611,1,9,NSEI,8/13/2024 14:31,345701,710,,,,Retained,,
2024,420,611,1,10,NSEI,8/13/2024 17:10,345701,710,,,,Retained,,
2024,421,611,1,1,NSEI,8/9/2024 16:44,345631,710,,,,Retained,,
2024,421,611,1,2,NSEI,8/9/2024 21:26,345631,710,,,,Retained,,
2024,421,611,1,3,NSEI,8/10/2024 16:22,345631,710,,,,Retained,,
2024,421,611,1,4,NSEI,8/10/2024 19:52,345631,710,,,,Retained,,
2024,421,611,1,5,NSEI,8/11/2024 17:04,345701,710,,,,Retained,,
2024,421,611,1,6,NSEI,8/11/2024 19:46,345701,710,,,,Retained,,
2024,421,611,1,7,NSEI,8/12/2024 14:58,345701,710,,,,Retained,,
2024,421,611,1,9,NSEI,8/13/2024 14:31,345701,710,,,,Retained,,
2024,421,611,1,10,NSEI,8/13/2024 17:10,345701,710,,,,Retained,,
2024,422,611,1,1,NSEI,8/9/2024 16:44,345631,710,,,,Retained,,
2024,422,611,1,2,NSEI,8/9/2024 21:26,345631,710,,,,Retained,,
2024,422,611,1,3,NSEI,8/10/2024 16:22,345631,710,,,,Retained,,
2024,422,611,1,4,NSEI,8/10/2024 19:52,345631,710,,,,Retained,,
2024,422,611,1,5,NSEI,8/11/2024 17:04,345701,710,,,,Retained,,
2024,422,611,1,6,NSEI,8/11/2024 19:46,345701,710,,,,Retained,,
2024,422,611,1,7,NSEI,8/12/2024 14:58,345701,710,,,,Retained,,
2024,422,611,1,9,NSEI,8/13/2024 14:31,345701,710,,,,Retained,,
2024,422,611,1,10,NSEI,8/13/2024 17:10,345701,710,,,,Retained,,
2024,423,611,1,1,NSEI,8/9/2024 16:44,345631,710,,,,Retained,,
2024,423,611,1,2,NSEI,8/9/2024 21:26,345631,710,,,,Retained,,
2024,423,611,1,3,NSEI,8/10/2024 16:22,345631,710,,,,Retained,,
2024,423,611,1,4,NSEI,8/10/2024 19:52,345631,710,,,,Retained,,
2024,423,611,1,5,NSEI,8/11/2024 17:04,345701,710,,,,Retained,,
2024,423,611,1,6,NSEI,8/11/2024 19:46,345701,710,,,,Retained,,
2024,423,611,1,7,NSEI,8/12/2024 14:58,345701,710,,,,Retained,,
2024,423,611,1,9,NSEI,8/13/2024 14:31,345701,710,,,,Retained,,
2024,423,611,1,10,NSEI,8/13/2024 17:10,345701,710,,,,Retained,,
2024,424,611,1,1,NSEI,8/9/2024 16:44,345631,710,,,,Retained,,
2024,424,611,1,2,NSEI,8/9/2024 21:26,345631,710,,,,Retained,,
2024,424,611,1,3,NSEI,8/10/2024 16:22,345631,710,,,,Retained,,
2024,424,611,1,4,NSEI,8/10/2024 19:52,345631,710,,,,Retained,,
2024,424,611,1,5,NSEI,8/11/2024 17:04,345701,710,,,,Retained,,
2024,424,611,1,6,NSEI,8/11/2024 19:46,345701,710,,,,Retained,,
2024,424,611,1,7,NSEI,8/12/2024 14:58,345701,710,,,,Retained,,
2024,424,611,1,9,NSEI,8/13/2024 14:31,345701,710,,,,Retained,,
2024,424,611,1,10,NSEI,8/13/2024 17:10,345701,710,,,,Retained,,
2024,425,611,1,1,NSEI,8/9/2024 16:44,345631,710,,,,Retained,,
2024,425,611,1,2,NSEI,8/9/2024 21:26,345631,710,,,,Retained,,
2024,425,611,1,3,NSEI,8/10/2024 16:22,345631,710,,,,Retained,,
2024,425,611,1,4,NSEI,8/10/2024 19:52,345631,710,,,,Retained,,
2024,425,611,1,5,NSEI,8/11/2024 17:04,345701,710,,,,Retained,,
2024,425,611,1,6,NSEI,8/11/2024 19:46,345701,710,,,,Retained,,
2024,425,611,1,7,NSEI,8/12/2024 14:58,345701,710,,,,Retained,,
2024,425,611,1,9,NSEI,8/13/2024 14:31,345701,710,,,,Retained,,
2024,425,611,1,10,NSEI,8/13/2024 17:10,345701,710,,,,Retained,,
2024,426,611,1,1,NSEI,8/9/2024 16:44,345631,710,,,,Retained,,
2024,426,611,1,2,NSEI,8/9/2024 21:26,345631,710,,,,Retained,,
2024,426,611,1,3,NSEI,8/10/2024 16:22,345631,710,,,,Retained,,
2024,426,611,1,4,NSEI,8/10/2024 19:52,345631,710,,,,Retained,,
2024,426,611,1,5,NSEI,8/11/2024 17:04,345701,710,,,,Retained,,
2024,426,611,1,6,NSEI,8/11/2024 19:46,345701,710,,,,Retained,,
2024,426,611,1,7,NSEI,8/12/2024 14:58,345701,710,,,,Retained,,
2024,426,611,1,9,NSEI,8/13/2024 14:31,345701,710,,,,Retained,,
2024,426,611,1,10,NSEI,8/13/2024 17:10,345701,710,,,,Retained,,
2024,427,611,1,1,NSEI,8/9/2024 16:44,345631,710,,,,Retained,,
2024,427,611,1,2,NSEI,8/9/2024 21:26,345631,710,,,,Retained,,
2024,427,611,1,3,NSEI,8/10/2024 16:22,345631,710,,,,Retained,,
2024,427,611,1,4,NSEI,8/10/2024 19:52,345631,710,,,,Retained,,
2024,427,611,1,5,NSEI,8/11/2024 17:04,345701,710,,,,Retained,,
2024,427,611,1,6,NSEI,8/11/2024 19:46,345701,710,,,,Retained,,
2024,427,611,1,7,NSEI,8/12/2024 14:58,345701,710,,,,Retained,,
2024,427,611,1,9,NSEI,8/13/2024 14:31,345701,710,,,,Retained,,
2024,427,611,1,10,NSEI,8/13/2024 17:10,345701,710,,,,Retained,,
2024,428,611,1,1,NSEI,8/9/2024 16:44,345631,710,,,,Retained,,
2024,428,611,1,2,NSEI,8/9/2024 21:26,345631,710,,,,Retained,,
2024,428,611,1,3,NSEI,8/10/2024 16:22,345631,710,,,,Retained,,
2024,428,611,1,4,NSEI,8/10/2024 19:52,345631,710,,,,Retained,,
2024,428,611,1,5,NSEI,8/11/2024 17:04,345701,710,,,,"Discarded, too small",,
2024,428,611,1,6,NSEI,8/11/2024 19:46,345701,710,,,,Retained,,
2024,428,611,1,7,NSEI,8/12/2024 14:58,345701,710,,,,Retained,,
2024,428,611,1,9,NSEI,8/13/2024 14:31,345701,710,,,,Retained,,
2024,428,611,1,10,NSEI,8/13/2024 17:10,345701,710,,,,Retained,,
2024,429,611,1,1,NSEI,8/9/2024 16:44,345631,710,,,,Retained,,
2024,429,611,1,2,NSEI,8/9/2024 21:26,345631,710,,,,Retained,,
2024,429,611,1,3,NSEI,8/10/2024 16:22,345631,710,,,,Retained,,
2024,429,611,1,4,NSEI,8/10/2024 19:52,345631,710,,,,Retained,,
2024,429,611,1,5,NSEI,8/11/2024 17:04,345701,710,,,,"Discarded, too small",,
2024,429,611,1,6,NSEI,8/11/2024 19:46,345701,710,,,,Retained,,
2024,429,611,1,7,NSEI,8/12/2024 14:58,345701,710,,,,Retained,,
2024,429,611,1,9,NSEI,8/13/2024 14:31,345701,710,,,,Retained,,
2024,429,611,1,10,NSEI,8/13/2024 17:10,345701,710,,,,Retained,,
2024,430,611,1,1,NSEI,8/9/2024 16:44,345631,710,,,,Retained,,
2024,430,611,1,2,NSEI,8/9/2024 21:26,345631,710,,,,Retained,,
2024,430,611,1,3,NSEI,8/10/2024 16:22,345631,710,,,,Retained,,
2024,430,611,1,4,NSEI,8/10/2024 19:52,345631,710,,,,Retained,,
2024,430,611,1,5,NSEI,8/11/2024 17:04,345701,710,,,,Retained,,
2024,430,611,1,6,NSEI,8/11/2024 19:46,345701,710,,,,Retained,,
2024,430,611,1,7,NSEI,8/12/2024 14:58,345701,710,,,,Retained,,
2024,430,611,1,9,NSEI,8/13/2024 14:31,345701,710,,,,Retained,,
2024,430,611,1,10,NSEI,8/13/2024 17:10,345701,710,,,,Retained,,
2024,431,611,1,1,NSEI,8/9/2024 16:44,345631,710,,,,Retained,,
2024,431,611,1,2,NSEI,8/9/2024 21:26,345631,710,,,,Retained,,
2024,431,611,1,3,NSEI,8/10/2024 16:22,345631,710,,,,Retained,,
2024,431,611,1,4,NSEI,8/10/2024 19:52,345631,710,,,,Retained,,
2024,431,611,1,5,NSEI,8/11/2024 17:04,345701,710,,,,Retained,,
2024,431,611,1,6,NSEI,8/11/2024 19:46,345701,710,,,,Retained,,
2024,431,611,1,7,NSEI,8/12/2024 14:58,345701,710,,,,Retained,,
2024,431,611,1,9,NSEI,8/13/2024 14:31,345701,710,,,,Retained,,
2024,431,611,1,10,NSEI,8/13/2024 17:10,345701,710,,,,Retained,,
2024,432,611,1,1,NSEI,8/9/2024 16:44,345631,710,,,,Retained,,
2024,432,611,1,2,NSEI,8/9/2024 21:26,345631,710,,,,Retained,,
2024,432,611,1,3,NSEI,8/10/2024 16:22,345631,710,,,,Retained,,
2024,432,611,1,4,NSEI,8/10/2024 19:52,345631,710,,,,Retained,,
2024,432,611,1,5,NSEI,8/11/2024 17:04,345701,710,,,,Retained,,
2024,432,611,1,6,NSEI,8/11/2024 19:46,345701,710,,,,Retained,,
2024,432,611,1,7,NSEI,8/12/2024 14:58,345701,710,,,,Retained,,
2024,432,611,1,9,NSEI,8/13/2024 14:31,345701,710,,,,Retained,,
2024,432,611,1,10,NSEI,8/13/2024 17:10,345701,710,,,,Retained,,
2024,433,611,1,1,NSEI,8/9/2024 16:44,345631,710,,,,Retained,,
2024,433,611,1,2,NSEI,8/9/2024 21:26,345631,710,,,,Retained,,
2024,433,611,1,3,NSEI,8/10/2024 16:22,345631,710,,,,Retained,,
2024,433,611,1,4,NSEI,8/10/2024 19:52,345631,710,,,,Retained,,
2024,433,611,1,5,NSEI,8/11/2024 17:04,345701,710,,,,Retained,,
2024,433,611,1,6,NSEI,8/11/2024 19:46,345701,710,,,,Retained,,
2024,433,611,1,7,NSEI,8/12/2024 14:58,345701,710,,,,Retained,,
2024,433,611,1,9,NSEI,8/13/2024 14:31,345701,710,,,,Retained,,
2024,433,611,1,10,NSEI,8/13/2024 17:10,345701,710,,,,Retained,,
2024,434,611,1,1,NSEI,8/9/2024 16:44,345631,710,,,,Retained,,
2024,434,611,1,2,NSEI,8/9/2024 21:26,345631,710,,,,Retained,,
2024,434,611,1,3,NSEI,8/10/2024 16:22,345631,710,,,,Retained,,
2024,434,611,1,4,NSEI,8/10/2024 19:52,345631,710,,,,Retained,,
2024,434,611,1,5,NSEI,8/11/2024 17:04,345701,710,,,,Retained,,
2024,434,611,1,6,NSEI,8/11/2024 19:46,345701,710,,,,Retained,,
2024,434,611,1,7,NSEI,8/12/2024 14:58,345701,710,,,,Retained,,
2024,434,611,1,9,NSEI,8/13/2024 14:31,345701,710,,,,Retained,,
2024,434,611,1,10,NSEI,8/13/2024 17:10,345701,710,,,,Retained,,
2024,435,611,1,1,NSEI,8/9/2024 16:44,345631,710,,,,Retained,,
2024,435,611,1,2,NSEI,8/9/2024 21:26,345631,710,,,,Retained,,
2024,435,611,1,3,NSEI,8/10/2024 16:22,345631,710,,,,Retained,,
2024,435,611,1,4,NSEI,8/10/2024 19:52,345631,710,,,,Retained,,
2024,435,611,1,5,NSEI,8/11/2024 17:04,345701,710,,,,Retained,,
2024,435,611,1,6,NSEI,8/11/2024 19:46,345701,710,,,,Retained,,
2024,435,611,1,7,NSEI,8/12/2024 14:58,345701,710,,,,Retained,,
2024,435,611,1,9,NSEI,8/13/2024 14:31,345701,710,,,,Retained,,
2024,435,611,1,10,NSEI,8/13/2024 17:10,345701,710,,,,Retained,,
2024,436,611,1,1,NSEI,8/9/2024 16:44,345631,710,,,,Retained,,
2024,436,611,1,2,NSEI,8/9/2024 21:26,345631,710,,,,Retained,,
2024,436,611,1,3,NSEI,8/10/2024 16:22,345631,710,,,,Retained,,
2024,436,611,1,4,NSEI,8/10/2024 19:52,345631,710,,,,Retained,,
2024,436,611,1,5,NSEI,8/11/2024 17:04,345701,710,,,,Retained,,
2024,436,611,1,6,NSEI,8/11/2024 19:46,345701,710,,,,Retained,,
2024,436,611,1,7,NSEI,8/12/2024 14:58,345701,710,,,,Retained,,
2024,436,611,1,9,NSEI,8/13/2024 14:31,345701,710,,,,Retained,,
2024,436,611,1,10,NSEI,8/13/2024 17:10,345701,710,,,,Retained,,
2024,437,611,1,1,NSEI,8/9/2024 16:44,345631,710,,,,Retained,,
2024,437,611,1,2,NSEI,8/9/2024 21:26,345631,710,,,,Retained,,
2024,437,611,1,3,NSEI,8/10/2024 16:22,345631,710,,,,Retained,,
2024,437,611,1,4,NSEI,8/10/2024 19:52,345631,710,,,,Retained,,
2024,437,611,1,5,NSEI,8/11/2024 17:04,345701,710,,,,Retained,,
2024,437,611,1,6,NSEI,8/11/2024 19:46,345701,710,,,,Retained,,
2024,437,611,1,7,NSEI,8/12/2024 14:58,345701,710,,,,Retained,,
2024,437,611,1,9,NSEI,8/13/2024 14:31,345701,710,,,,Retained,,
2024,437,611,1,10,NSEI,8/13/2024 17:10,345701,710,,,,Retained,,
2024,438,611,1,1,NSEI,8/9/2024 16:44,345631,710,,,,Retained,,
2024,438,611,1,2,NSEI,8/9/2024 21:26,345631,710,,,,Retained,,
2024,438,611,1,3,NSEI,8/10/2024 16:22,345631,710,,,,Retained,,
2024,438,611,1,4,NSEI,8/10/2024 19:52,345631,710,,,,Retained,,
2024,438,611,1,5,NSEI,8/11/2024 17:04,345701,710,,,,Retained,,
2024,438,611,1,6,NSEI,8/11/2024 19:46,345701,710,,,,Retained,,
2024,438,611,1,7,NSEI,8/12/2024 14:58,345701,710,,,,Retained,,
2024,438,611,1,9,NSEI,8/13/2024 14:31,345701,710,,,,Retained,,
2024,438,611,1,10,NSEI,8/13/2024 17:10,345701,710,,,,Retained,,
2024,439,611,1,1,NSEI,8/9/2024 16:44,345631,710,,,,Retained,,
2024,439,611,1,2,NSEI,8/9/2024 21:26,345631,710,,,,Retained,,
2024,439,611,1,3,NSEI,8/10/2024 16:22,345631,710,,,,Retained,,
2024,439,611,1,4,NSEI,8/10/2024 19:52,345631,710,,,,Retained,,
2024,439,611,1,5,NSEI,8/11/2024 17:04,345701,710,,,,Retained,,
2024,439,611,1,6,NSEI,8/11/2024 19:46,345701,710,,,,Retained,,
2024,439,611,1,7,NSEI,8/12/2024 14:58,345701,710,,,,Retained,,
2024,439,611,1,9,NSEI,8/13/2024 14:31,345701,710,,,,Retained,,
2024,439,611,1,10,NSEI,8/13/2024 17:10,345701,710,,,,Retained,,
2024,440,611,1,1,NSEI,8/9/2024 16:44,345631,710,,,,Retained,,
2024,440,611,1,2,NSEI,8/9/2024 21:26,345631,710,,,,Retained,,
2024,440,611,1,3,NSEI,8/10/2024 16:22,345631,710,,,,Retained,,
2024,440,611,1,4,NSEI,8/10/2024 19:52,345631,710,,,,Retained,,
2024,440,611,1,5,NSEI,8/11/2024 17:04,345701,710,,,,Retained,,
2024,440,611,1,6,NSEI,8/11/2024 19:46,345701,710,,,,Retained,,
2024,440,611,1,7,NSEI,8/12/2024 14:58,345701,710,,,,Retained,,
2024,440,611,1,9,NSEI,8/13/2024 14:31,345701,710,,,,Retained,,
2024,440,611,1,10,NSEI,8/13/2024 17:10,345701,710,,,,Retained,,
2024,441,611,1,1,NSEI,8/9/2024 16:44,345631,710,,,,Retained,,
2024,441,611,1,2,NSEI,8/9/2024 21:26,345631,710,,,,Retained,,
2024,441,611,1,3,NSEI,8/10/2024 16:22,345631,710,,,,Retained,,
2024,441,611,1,5,NSEI,8/11/2024 17:04,345701,710,,,,Retained,,
2024,441,611,1,6,NSEI,8/11/2024 19:46,345701,710,,,,Retained,,
2024,441,611,1,7,NSEI,8/12/2024 14:58,345701,710,,,,Retained,,
2024,441,611,1,9,NSEI,8/13/2024 14:31,345701,710,,,,Retained,,
2024,441,611,1,10,NSEI,8/13/2024 17:10,345701,710,,,,Retained,,
2024,442,611,1,1,NSEI,8/9/2024 16:44,345631,710,,,,Retained,,
2024,442,611,1,2,NSEI,8/9/2024 21:26,345631,710,,,,Retained,,
2024,442,611,1,3,NSEI,8/10/2024 16:22,345631,710,,,,Retained,,
2024,442,611,1,4,NSEI,8/10/2024 19:52,345631,710,,,,Retained,,
2024,442,611,1,5,NSEI,8/11/2024 17:04,345701,710,,,,Retained,,
2024,442,611,1,6,NSEI,8/11/2024 19:46,345701,710,,,,Retained,,
2024,442,611,1,7,NSEI,8/12/2024 14:58,345701,710,,,,Retained,,
2024,442,611,1,9,NSEI,8/13/2024 14:31,345701,710,,,,Retained,,
2024,442,611,1,10,NSEI,8/13/2024 17:10,345701,710,,,,Retained,,
2024,443,611,1,1,NSEI,8/9/2024 16:44,345631,710,,,,Retained,,
2024,443,611,1,2,NSEI,8/9/2024 21:26,345631,710,,,,Retained,,
2024,443,611,1,3,NSEI,8/10/2024 16:22,345631,710,,,,Retained,,
2024,443,611,1,4,NSEI,8/10/2024 19:52,345631,710,,,,Retained,,
2024,443,611,1,5,NSEI,8/11/2024 17:04,345701,710,,,,Retained,,
2024,443,611,1,6,NSEI,8/11/2024 19:46,345701,710,,,,Retained,,
2024,443,611,1,7,NSEI,8/12/2024 14:58,345701,710,,,,Retained,,
2024,443,611,1,9,NSEI,8/13/2024 14:31,345701,710,,,,Retained,,
2024,443,611,1,10,NSEI,8/13/2024 17:10,345701,710,,,,Retained,,
2024,444,611,1,1,NSEI,8/9/2024 16:44,345631,710,,,,Retained,,
2024,444,611,1,2,NSEI,8/9/2024 21:26,345631,710,,,,Retained,,
2024,444,611,1,3,NSEI,8/10/2024 16:22,345631,710,,,,Retained,,
2024,444,611,1,4,NSEI,8/10/2024 19:52,345631,710,,,,Retained,,
2024,444,611,1,5,NSEI,8/11/2024 17:04,345701,710,,,,Retained,,
2024,444,611,1,6,NSEI,8/11/2024 19:46,345701,710,,,,Retained,,
2024,444,611,1,7,NSEI,8/12/2024 14:58,345701,710,,,,Retained,,
2024,444,611,1,9,NSEI,8/13/2024 14:31,345701,710,,,,Retained,,
2024,444,611,1,10,NSEI,8/13/2024 17:10,345701,710,,,,Retained,,
2024,445,611,1,1,NSEI,8/9/2024 16:44,345631,710,,,,Retained,,
2024,445,611,1,2,NSEI,8/9/2024 21:26,345631,710,,,,Retained,,
2024,445,611,1,3,NSEI,8/10/2024 16:22,345631,710,,,,Retained,,
2024,445,611,1,4,NSEI,8/10/2024 19:52,345631,710,,,,Retained,,
2024,445,611,1,5,NSEI,8/11/2024 17:04,345701,710,,,,Retained,,
2024,445,611,1,6,NSEI,8/11/2024 19:46,345701,710,,,,Retained,,
2024,445,611,1,7,NSEI,8/12/2024 14:58,345701,710,,,,Retained,,
2024,445,611,1,9,NSEI,8/13/2024 14:31,345701,710,,,,Retained,,
2024,445,611,1,10,NSEI,8/13/2024 17:10,345701,710,,,,Retained,,
2024,446,611,1,1,NSEI,8/9/2024 16:44,345631,710,,,,Retained,,
2024,446,611,1,2,NSEI,8/9/2024 21:26,345631,710,,,,Retained,,
2024,446,611,1,3,NSEI,8/10/2024 16:22,345631,710,,,,Retained,,
2024,446,611,1,4,NSEI,8/10/2024 19:52,345631,710,,,,Retained,,
2024,446,611,1,5,NSEI,8/11/2024 17:04,345701,710,,,,Retained,,
2024,446,611,1,6,NSEI,8/11/2024 19:46,345701,710,,,,Retained,,
2024,446,611,1,7,NSEI,8/12/2024 14:58,345701,710,,,,Retained,,
2024,446,611,1,9,NSEI,8/13/2024 14:31,345701,710,,,,Retained,,
2024,446,611,1,10,NSEI,8/13/2024 17:10,345701,710,,,,Retained,,
2024,447,611,1,1,NSEI,8/9/2024 16:44,345631,710,,,,Retained,,
2024,447,611,1,2,NSEI,8/9/2024 21:26,345631,710,,,,Retained,,
2024,447,611,1,3,NSEI,8/10/2024 16:22,345631,710,,,,Retained,,
2024,447,611,1,4,NSEI,8/10/2024 19:52,345631,710,,,,Retained,,
2024,447,611,1,5,NSEI,8/11/2024 17:04,345701,710,,,,Retained,,
2024,447,611,1,6,NSEI,8/11/2024 19:46,345701,710,,,,Retained,,
2024,447,611,1,7,NSEI,8/12/2024 14:58,345701,710,,,,Retained,,
2024,447,611,1,9,NSEI,8/13/2024 14:31,345701,710,,,,Retained,,
2024,447,611,1,10,NSEI,8/13/2024 17:10,345701,710,,,,Retained,,
2024,448,611,1,1,NSEI,8/9/2024 16:44,345631,710,,,,Retained,,
2024,448,611,1,2,NSEI,8/9/2024 21:26,345631,710,,,,Retained,,
2024,448,611,1,3,NSEI,8/10/2024 16:22,345631,710,,,,Retained,,
2024,448,611,1,4,NSEI,8/10/2024 19:52,345631,710,,,,Retained,,
2024,448,611,1,5,NSEI,8/11/2024 17:04,345701,710,,,,Retained,,
2024,448,611,1,6,NSEI,8/11/2024 19:46,345701,710,,,,Retained,,
2024,448,611,1,7,NSEI,8/12/2024 14:58,345701,710,,,,Retained,,
2024,448,611,1,9,NSEI,8/13/2024 14:31,345701,710,,,,Retained,,
2024,448,611,1,10,NSEI,8/13/2024 17:10,345701,710,,,,Retained,,
2024,449,611,1,1,NSEI,8/9/2024 16:44,345631,710,,,,Retained,,
2024,449,611,1,2,NSEI,8/9/2024 21:26,345631,710,,,,Retained,,
2024,449,611,1,3,NSEI,8/10/2024 16:22,345631,710,,,,Retained,,
2024,449,611,1,4,NSEI,8/10/2024 19:52,345631,710,,,,Retained,,
2024,449,611,1,5,NSEI,8/11/2024 17:04,345701,710,,,,Retained,,
2024,449,611,1,6,NSEI,8/11/2024 19:46,345701,710,,,,Retained,,
2024,449,611,1,7,NSEI,8/12/2024 14:58,345701,710,,,,Retained,,
2024,449,611,1,9,NSEI,8/13/2024 14:31,345701,710,,,,Retained,,
2024,449,611,1,10,NSEI,8/13/2024 17:10,345701,710,,,,Retained,,
2024,450,611,1,1,NSEI,8/9/2024 16:44,345631,710,,,,Retained,,
2024,450,611,1,2,NSEI,8/9/2024 21:26,345631,710,,,,Retained,,
2024,450,611,1,3,NSEI,8/10/2024 16:22,345631,710,,,,Retained,,
2024,450,611,1,4,NSEI,8/10/2024 19:52,345631,710,,,,Retained,,
2024,450,611,1,5,NSEI,8/11/2024 17:04,345701,710,,,,Retained,,
2024,450,611,1,6,NSEI,8/11/2024 19:46,345701,710,,,,Retained,,
2024,450,611,1,7,NSEI,8/12/2024 14:58,345701,710,,,,Retained,,
2024,450,611,1,9,NSEI,8/13/2024 14:31,345701,710,,,,Retained,,
2024,450,611,1,10,NSEI,8/13/2024 17:10,345701,710,,,,Retained,,
2024,451,611,1,1,NSEI,8/9/2024 16:44,345631,710,,,,Retained,,
2024,451,611,1,2,NSEI,8/9/2024 21:26,345631,710,,,,Retained,,
2024,451,611,1,3,NSEI,8/10/2024 16:22,345631,710,,,,Retained,,
2024,451,611,1,4,NSEI,8/10/2024 19:52,345631,710,,,,Retained,,
2024,451,611,1,5,NSEI,8/11/2024 17:04,345701,710,,,,Retained,,
2024,451,611,1,6,NSEI,8/11/2024 19:46,345701,710,,,,Retained,,
2024,451,611,1,7,NSEI,8/12/2024 14:58,345701,710,,,,Retained,,
2024,451,611,1,9,NSEI,8/13/2024 14:31,345701,710,,,,Retained,,
2024,451,611,1,10,NSEI,8/13/2024 17:10,345701,710,,,,Retained,,
2024,452,611,1,1,NSEI,8/9/2024 16:44,345631,710,,,,Retained,,
2024,452,611,1,2,NSEI,8/9/2024 21:26,345631,710,,,,Retained,,
2024,452,611,1,3,NSEI,8/10/2024 16:22,345631,710,,,,Retained,,
2024,452,611,1,4,NSEI,8/10/2024 19:52,345631,710,,,,Retained,,
2024,452,611,1,5,NSEI,8/11/2024 17:04,345701,710,,,,Retained,,
2024,452,611,1,6,NSEI,8/11/2024 19:46,345701,710,,,,Retained,,
2024,452,611,1,7,NSEI,8/12/2024 14:58,345701,710,,,,Retained,,
2024,452,611,1,9,NSEI,8/13/2024 14:31,345701,710,,,,Retained,,
2024,452,611,1,10,NSEI,8/13/2024 17:10,345701,710,,,,Retained,,
2024,453,611,1,1,NSEI,8/9/2024 16:44,345631,710,,,,Retained,,
2024,453,611,1,2,NSEI,8/9/2024 21:26,345631,710,,,,Retained,,
2024,453,611,1,3,NSEI,8/10/2024 16:22,345631,710,,,,Retained,,
2024,453,611,1,4,NSEI,8/10/2024 19:52,345631,710,,,,Retained,,
2024,453,611,1,5,NSEI,8/11/2024 17:04,345701,710,,,,Retained,,
2024,453,611,1,6,NSEI,8/11/2024 19:46,345701,710,,,,Retained,,
2024,453,611,1,7,NSEI,8/12/2024 14:58,345701,710,,,,Retained,,
2024,453,611,1,9,NSEI,8/13/2024 14:31,345701,710,,,,Retained,,
2024,453,611,1,10,NSEI,8/13/2024 17:10,345701,710,,,,Retained,,
2024,454,611,1,1,NSEI,8/9/2024 16:44,345631,710,,,,Retained,,
2024,454,611,1,2,NSEI,8/9/2024 21:26,345631,710,,,,Retained,,
2024,454,611,1,3,NSEI,8/10/2024 16:22,345631,710,,,,Retained,,
2024,454,611,1,4,NSEI,8/10/2024 19:52,345631,710,,,,Retained,,
2024,454,611,1,5,NSEI,8/11/2024 17:04,345701,710,,,,Retained,,
2024,454,611,1,6,NSEI,8/11/2024 19:46,345701,710,,,,Retained,,
2024,454,611,1,7,NSEI,8/12/2024 14:58,345701,710,,,,Retained,,
2024,454,611,1,9,NSEI,8/13/2024 14:31,345701,710,,,,Retained,,
2024,454,611,1,10,NSEI,8/13/2024 17:10,345701,710,,,,Retained,,
2024,455,611,1,1,NSEI,8/9/2024 16:44,345631,710,,,,Retained,,
2024,455,611,1,2,NSEI,8/9/2024 21:26,345631,710,,,,Retained,,
2024,455,611,1,3,NSEI,8/10/2024 16:22,345631,710,,,,Retained,,
2024,455,611,1,4,NSEI,8/10/2024 19:52,345631,710,,,,Retained,,
2024,455,611,1,5,NSEI,8/11/2024 17:04,345701,710,,,,Retained,,
2024,455,611,1,6,NSEI,8/11/2024 19:46,345701,710,,,,Retained,,
2024,455,611,1,7,NSEI,8/12/2024 14:58,345701,710,,,,Retained,,
2024,455,611,1,9,NSEI,8/13/2024 14:31,345701,710,,,,Retained,,
2024,455,611,1,10,NSEI,8/13/2024 17:10,345701,710,,,,Retained,,
2024,456,611,1,1,NSEI,8/9/2024 16:44,345631,710,,,,Retained,,
2024,456,611,1,2,NSEI,8/9/2024 21:26,345631,710,,,,Retained,,
2024,456,611,1,3,NSEI,8/10/2024 16:22,345631,710,,,,Retained,,
2024,456,611,1,4,NSEI,8/10/2024 19:52,345631,710,,,,Retained,,
2024,456,611,1,5,NSEI,8/11/2024 17:04,345701,710,,,,Retained,,
2024,456,611,1,6,NSEI,8/11/2024 19:46,345701,710,,,,Retained,,
2024,456,611,1,7,NSEI,8/12/2024 14:58,345701,710,,,,Retained,,
2024,456,611,1,9,NSEI,8/13/2024 14:31,345701,710,,,,Retained,,
2024,456,611,1,10,NSEI,8/13/2024 17:10,345701,710,,,,Retained,,
2024,457,611,1,1,NSEI,8/9/2024 16:44,345631,710,,,,Retained,,
2024,457,611,1,2,NSEI,8/9/2024 21:26,345631,710,,,,Retained,,
2024,457,611,1,3,NSEI,8/10/2024 16:22,345631,710,,,,Retained,,
2024,457,611,1,4,NSEI,8/10/2024 19:52,345631,710,,,,Retained,,
2024,457,611,1,5,NSEI,8/11/2024 17:04,345701,710,,,,Retained,,
2024,457,611,1,6,NSEI,8/11/2024 19:46,345701,710,,,,Retained,,
2024,457,611,1,7,NSEI,8/12/2024 14:58,345701,710,,,,Retained,,
2024,457,611,1,9,NSEI,8/13/2024 14:31,345701,710,,,,Retained,,
2024,457,611,1,10,NSEI,8/13/2024 17:10,345701,710,,,,Retained,,
2024,458,611,1,1,NSEI,8/9/2024 16:44,345631,710,,,,Retained,,
2024,458,611,1,2,NSEI,8/9/2024 21:26,345631,710,,,,Retained,,
2024,458,611,1,3,NSEI,8/10/2024 16:22,345631,710,,,,Retained,,
2024,458,611,1,4,NSEI,8/10/2024 19:52,345631,710,,,,Retained,,
2024,458,611,1,5,NSEI,8/11/2024 17:04,345701,710,,,,Retained,,
2024,458,611,1,6,NSEI,8/11/2024 19:46,345701,710,,,,Retained,,
2024,458,611,1,7,NSEI,8/12/2024 14:58,345701,710,,,,Retained,,
2024,458,611,1,9,NSEI,8/13/2024 14:31,345701,710,,,,Retained,,
2024,458,611,1,10,NSEI,8/13/2024 17:10,345701,710,,,,Retained,,
2024,459,611,1,1,NSEI,8/9/2024 16:44,345631,710,,,,Retained,,
2024,459,611,1,2,NSEI,8/9/2024 21:26,345631,710,,,,Retained,,
2024,459,611,1,3,NSEI,8/10/2024 16:22,345631,710,,,,Retained,,
2024,459,611,1,4,NSEI,8/10/2024 19:52,345631,710,,,,Retained,,
2024,459,611,1,5,NSEI,8/11/2024 17:04,345701,710,,,,Retained,,
2024,459,611,1,6,NSEI,8/11/2024 19:46,345701,710,,,,Retained,,
2024,459,611,1,7,NSEI,8/12/2024 14:58,345701,710,,,,Retained,,
2024,459,611,1,9,NSEI,8/13/2024 14:31,345701,710,,,,Retained,,
2024,459,611,1,10,NSEI,8/13/2024 17:10,345701,710,,,,Retained,,
2024,460,611,1,1,NSEI,8/9/2024 16:44,345631,710,,,,Retained,,
2024,460,611,1,2,NSEI,8/9/2024 21:26,345631,710,,,,Retained,,
2024,460,611,1,3,NSEI,8/10/2024 16:22,345631,710,,,,Retained,,
2024,460,611,1,4,NSEI,8/10/2024 19:52,345631,710,,,,"Discarded, too small",,
2024,460,611,1,5,NSEI,8/11/2024 17:04,345701,710,,,,Retained,,
2024,460,611,1,6,NSEI,8/11/2024 19:46,345701,710,,,,Retained,,
2024,460,611,1,7,NSEI,8/12/2024 14:58,345701,710,,,,Retained,,
2024,460,611,1,9,NSEI,8/13/2024 14:31,345701,710,,,,Retained,,
2024,460,611,1,10,NSEI,8/13/2024 17:10,345701,710,,,,Retained,,
2024,461,611,1,1,NSEI,8/9/2024 16:44,345631,710,,,,Retained,,
2024,461,611,1,2,NSEI,8/9/2024 21:26,345631,710,,,,Retained,,
2024,461,611,1,3,NSEI,8/10/2024 16:22,345631,710,,,,Retained,,
2024,461,611,1,4,NSEI,8/10/2024 19:52,345631,710,,,,Retained,,
2024,461,611,1,5,NSEI,8/11/2024 17:04,345701,710,,,,Retained,,
2024,461,611,1,6,NSEI,8/11/2024 19:46,345701,710,,,,Retained,,
2024,461,611,1,7,NSEI,8/12/2024 14:58,345701,710,,,,"Discarded, too small",,
2024,461,611,1,9,NSEI,8/13/2024 14:31,345701,710,,,,Retained,,
2024,461,611,1,10,NSEI,8/13/2024 17:10,345701,710,,,,Retained,,
2024,462,611,1,1,NSEI,8/9/2024 16:44,345631,710,,,,Retained,,
2024,462,611,1,2,NSEI,8/9/2024 21:26,345631,710,,,,Retained,,
2024,462,611,1,3,NSEI,8/10/2024 16:22,345631,710,,,,Retained,,
2024,462,611,1,4,NSEI,8/10/2024 19:52,345631,710,,,,Retained,,
2024,462,611,1,5,NSEI,8/11/2024 17:04,345701,710,,,,Retained,,
2024,462,611,1,6,NSEI,8/11/2024 19:46,345701,710,,,,Retained,,
2024,462,611,1,7,NSEI,8/12/2024 14:58,345701,710,,,,"Discarded, too small",,
2024,462,611,1,9,NSEI,8/13/2024 14:31,345701,710,,,,Retained,,
2024,462,611,1,10,NSEI,8/13/2024 17:10,345701,710,,,,Retained,,
2024,463,611,1,1,NSEI,8/9/2024 16:44,345631,710,,,,Retained,,
2024,463,611,1,2,NSEI,8/9/2024 21:26,345631,710,,,,Retained,,
2024,463,611,1,3,NSEI,8/10/2024 16:22,345631,710,,,,Retained,,
2024,463,611,1,4,NSEI,8/10/2024 19:52,345631,710,,,,Retained,,
2024,463,611,1,5,NSEI,8/11/2024 17:04,345701,710,,,,Retained,,
2024,463,611,1,6,NSEI,8/11/2024 19:46,345701,710,,,,Retained,,
2024,463,611,1,7,NSEI,8/12/2024 14:58,345701,710,,,,Retained,,
2024,463,611,1,9,NSEI,8/13/2024 14:31,345701,710,,,,Retained,,
2024,463,611,1,10,NSEI,8/13/2024 17:10,345701,710,,,,Retained,,
2024,464,611,1,1,NSEI,8/9/2024 16:44,345631,710,,,,Retained,,
2024,464,611,1,2,NSEI,8/9/2024 21:26,345631,710,,,,Retained,,
2024,464,611,1,3,NSEI,8/10/2024 16:22,345631,710,,,,Retained,,
2024,464,611,1,4,NSEI,8/10/2024 19:52,345631,710,,,,Retained,,
2024,464,611,1,5,NSEI,8/11/2024 17:04,345701,710,,,,Retained,,
2024,464,611,1,6,NSEI,8/11/2024 19:46,345701,710,,,,Retained,,
2024,464,611,1,7,NSEI,8/12/2024 14:58,345701,710,,,,Retained,,
2024,464,611,1,9,NSEI,8/13/2024 14:31,345701,710,,,,Retained,,
2024,464,611,1,10,NSEI,8/13/2024 17:10,345701,710,,,,Retained,,
2024,465,611,1,1,NSEI,8/9/2024 16:44,345631,710,,,,Retained,,
2024,465,611,1,2,NSEI,8/9/2024 21:26,345631,710,,,,Retained,,
2024,465,611,1,3,NSEI,8/10/2024 16:22,345631,710,,,,Retained,,
2024,465,611,1,4,NSEI,8/10/2024 19:52,345631,710,,,,Retained,,
2024,465,611,1,5,NSEI,8/11/2024 17:04,345701,710,,,,Retained,,
2024,465,611,1,6,NSEI,8/11/2024 19:46,345701,710,,,,Retained,,
2024,465,611,1,7,NSEI,8/12/2024 14:58,345701,710,,,,Retained,,
2024,465,611,1,9,NSEI,8/13/2024 14:31,345701,710,,,,Retained,,
2024,465,611,1,10,NSEI,8/13/2024 17:10,345701,710,,,,Retained,,
2024,466,611,1,1,NSEI,8/9/2024 16:44,345631,710,,,,Retained,,
2024,466,611,1,2,NSEI,8/9/2024 21:26,345631,710,,,,Retained,,
2024,466,611,1,3,NSEI,8/10/2024 16:22,345631,710,,,,Retained,,
2024,466,611,1,4,NSEI,8/10/2024 19:52,345631,710,,,,Retained,,
2024,466,611,1,5,NSEI,8/11/2024 17:04,345701,710,,,,Retained,,
2024,466,611,1,6,NSEI,8/11/2024 19:46,345701,710,,,,Retained,,
2024,466,611,1,7,NSEI,8/12/2024 14:58,345701,710,,,,Retained,,
2024,466,611,1,9,NSEI,8/13/2024 14:31,345701,710,,,,Retained,,
2024,466,611,1,10,NSEI,8/13/2024 17:10,345701,710,,,,Retained,,
2024,467,611,1,1,NSEI,8/9/2024 16:44,345631,710,,,,Retained,,
2024,467,611,1,2,NSEI,8/9/2024 21:26,345631,710,,,,Retained,,
2024,467,611,1,3,NSEI,8/10/2024 16:22,345631,710,,,,Retained,,
2024,467,611,1,4,NSEI,8/10/2024 19:52,345631,710,,,,Retained,,
2024,467,611,1,5,NSEI,8/11/2024 17:04,345701,710,,,,Retained,,
2024,467,611,1,6,NSEI,8/11/2024 19:46,345701,710,,,,Retained,,
2024,467,611,1,7,NSEI,8/12/2024 14:58,345701,710,,,,Retained,,
2024,467,611,1,9,NSEI,8/13/2024 14:31,345701,710,,,,Retained,,
2024,467,611,1,10,NSEI,8/13/2024 17:10,345701,710,,,,Retained,,
2024,468,611,1,1,NSEI,8/9/2024 16:44,345631,710,,,,Retained,,
2024,468,611,1,2,NSEI,8/9/2024 21:26,345631,710,,,,Retained,,
2024,468,611,1,3,NSEI,8/10/2024 16:22,345631,710,,,,Retained,,
2024,468,611,1,4,NSEI,8/10/2024 19:52,345631,710,,,,Retained,,
2024,468,611,1,5,NSEI,8/11/2024 17:04,345701,710,,,,Retained,,
2024,468,611,1,6,NSEI,8/11/2024 19:46,345701,710,,,,Retained,,
2024,468,611,1,7,NSEI,8/12/2024 14:58,345701,710,,,,Retained,,
2024,468,611,1,9,NSEI,8/13/2024 14:31,345701,710,,,,Retained,,
2024,468,611,1,10,NSEI,8/13/2024 17:10,345701,710,,,,Retained,,
2024,469,611,1,1,NSEI,8/9/2024 16:44,345631,710,,,,Retained,,
2024,469,611,1,2,NSEI,8/9/2024 21:26,345631,710,,,,Retained,,
2024,469,611,1,3,NSEI,8/10/2024 16:22,345631,710,,,,Retained,,
2024,469,611,1,4,NSEI,8/10/2024 19:52,345631,710,,,,Retained,,
2024,469,611,1,5,NSEI,8/11/2024 17:04,345701,710,,,,Retained,,
2024,469,611,1,6,NSEI,8/11/2024 19:46,345701,710,,,,Retained,,
2024,469,611,1,7,NSEI,8/12/2024 14:58,345701,710,,,,Retained,,
2024,469,611,1,9,NSEI,8/13/2024 14:31,345701,710,,,,Retained,,
2024,469,611,1,10,NSEI,8/13/2024 17:10,345701,710,,,,Retained,,
2024,470,611,1,1,NSEI,8/9/2024 16:44,345631,710,,,,Retained,,
2024,470,611,1,2,NSEI,8/9/2024 21:26,345631,710,,,,Retained,,
2024,470,611,1,3,NSEI,8/10/2024 16:22,345631,710,,,,Retained,,
2024,470,611,1,4,NSEI,8/10/2024 19:52,345631,710,,,,Retained,,
2024,470,611,1,5,NSEI,8/11/2024 17:04,345701,710,,,,Retained,,
2024,470,611,1,6,NSEI,8/11/2024 19:46,345701,710,,,,Retained,,
2024,470,611,1,7,NSEI,8/12/2024 14:58,345701,710,,,,Retained,,
2024,470,611,1,9,NSEI,8/13/2024 14:31,345701,710,,,,Retained,,
2024,470,611,1,10,NSEI,8/13/2024 17:10,345701,710,,,,Retained,,
2024,471,611,1,1,NSEI,8/9/2024 16:44,345631,710,,,,Retained,,
2024,471,611,1,2,NSEI,8/9/2024 21:26,345631,710,,,,Retained,,
2024,471,611,1,3,NSEI,8/10/2024 16:22,345631,710,,,,Retained,,
2024,471,611,1,4,NSEI,8/10/2024 19:52,345631,710,,,,Retained,,
2024,471,611,1,5,NSEI,8/11/2024 17:04,345701,710,,,,Retained,,
2024,471,611,1,6,NSEI,8/11/2024 19:46,345701,710,,,,Retained,,
2024,471,611,1,7,NSEI,8/12/2024 14:58,345701,710,,,,Retained,,
2024,471,611,1,9,NSEI,8/13/2024 14:31,345701,710,,,,Retained,,
2024,471,611,1,10,NSEI,8/13/2024 17:10,345701,710,,,,Retained,,
2024,472,611,1,1,NSEI,8/9/2024 16:44,345631,710,,,,Retained,,
2024,472,611,1,2,NSEI,8/9/2024 21:26,345631,710,,,,Retained,,
2024,472,611,1,3,NSEI,8/10/2024 16:22,345631,710,,,,Retained,,
2024,472,611,1,4,NSEI,8/10/2024 19:52,345631,710,,,,Retained,,
2024,472,611,1,5,NSEI,8/11/2024 17:04,345701,710,,,,Retained,,
2024,472,611,1,6,NSEI,8/11/2024 19:46,345701,710,,,,Retained,,
2024,472,611,1,7,NSEI,8/12/2024 14:58,345701,710,,,,Retained,,
2024,472,611,1,9,NSEI,8/13/2024 14:31,345701,710,,,,Retained,,
2024,472,611,1,10,NSEI,8/13/2024 17:10,345701,710,,,,Retained,,
2024,473,611,1,1,NSEI,8/9/2024 16:44,345631,710,,,,Retained,,
2024,473,611,1,2,NSEI,8/9/2024 21:26,345631,710,,,,Retained,,
2024,473,611,1,3,NSEI,8/10/2024 16:22,345631,710,,,,Retained,,
2024,473,611,1,4,NSEI,8/10/2024 19:52,345631,710,,,,Retained,,
2024,473,611,1,5,NSEI,8/11/2024 17:04,345701,710,,,,Retained,,
2024,473,611,1,6,NSEI,8/11/2024 19:46,345701,710,,,,Retained,,
2024,473,611,1,7,NSEI,8/12/2024 14:58,345701,710,,,,Retained,,
2024,473,611,1,9,NSEI,8/13/2024 14:31,345701,710,,,,Retained,,
2024,473,611,1,10,NSEI,8/13/2024 17:10,345701,710,,,,Retained,,
2024,474,611,1,1,NSEI,8/9/2024 16:44,345631,710,,,,Retained,,
2024,474,611,1,2,NSEI,8/9/2024 21:26,345631,710,,,,Retained,,
2024,474,611,1,3,NSEI,8/10/2024 16:22,345631,710,,,,Retained,,
2024,474,611,1,4,NSEI,8/10/2024 19:52,345631,710,,,,Retained,,
2024,474,611,1,5,NSEI,8/11/2024 17:04,345701,710,,,,Retained,,
2024,474,611,1,6,NSEI,8/11/2024 19:46,345701,710,,,,Retained,,
2024,474,611,1,7,NSEI,8/12/2024 14:58,345701,710,,,,Retained,,
2024,474,611,1,9,NSEI,8/13/2024 14:31,345701,710,,,,Retained,,
2024,474,611,1,10,NSEI,8/13/2024 17:10,345701,710,,,,Retained,,
2024,475,611,1,1,NSEI,8/9/2024 16:44,345631,710,,,,Retained,,
2024,475,611,1,2,NSEI,8/9/2024 21:26,345631,710,,,,Retained,,
2024,475,611,1,3,NSEI,8/10/2024 16:22,345631,710,,,,Retained,,
2024,475,611,1,4,NSEI,8/10/2024 19:52,345631,710,,,,Retained,,
2024,475,611,1,5,NSEI,8/11/2024 17:04,345701,710,,,,Retained,,
2024,475,611,1,6,NSEI,8/11/2024 19:46,345701,710,,,,Retained,,
2024,475,611,1,7,NSEI,8/12/2024 14:58,345701,710,,,,Retained,,
2024,475,611,1,9,NSEI,8/13/2024 14:31,345701,710,,,,Retained,,
2024,475,611,1,10,NSEI,8/13/2024 17:10,345701,710,,,,Retained,,
2024,476,611,1,1,NSEI,8/9/2024 16:44,345631,710,,,,Retained,,
2024,476,611,1,2,NSEI,8/9/2024 21:26,345631,710,,,,Retained,,
2024,476,611,1,3,NSEI,8/10/2024 16:22,345631,710,,,,Retained,,
2024,476,611,1,4,NSEI,8/10/2024 19:52,345631,710,,,,Retained,,
2024,476,611,1,5,NSEI,8/11/2024 17:04,345701,710,,,,Retained,,
2024,476,611,1,6,NSEI,8/11/2024 19:46,345701,710,,,,Retained,,
2024,476,611,1,7,NSEI,8/12/2024 14:58,345701,710,,,,Retained,,
2024,476,611,1,9,NSEI,8/13/2024 14:31,345701,710,,,,Retained,,
2024,476,611,1,10,NSEI,8/13/2024 17:10,345701,710,,,,Retained,,
2024,477,611,1,1,NSEI,8/9/2024 16:44,345631,710,,,,Retained,,
2024,477,611,1,2,NSEI,8/9/2024 21:26,345631,710,,,,Retained,,
2024,477,611,1,3,NSEI,8/10/2024 16:22,345631,710,,,,Retained,,
2024,477,611,1,4,NSEI,8/10/2024 19:52,345631,710,,,,Retained,,
2024,477,611,1,5,NSEI,8/11/2024 17:04,345701,710,,,,Retained,,
2024,477,611,1,6,NSEI,8/11/2024 19:46,345701,710,,,,Retained,,
2024,477,611,1,7,NSEI,8/12/2024 14:58,345701,710,,,,Retained,,
2024,477,611,1,9,NSEI,8/13/2024 14:31,345701,710,,,,Retained,,
2024,477,611,1,10,NSEI,8/13/2024 17:10,345701,710,,,,Retained,,
2024,478,611,1,1,NSEI,8/9/2024 16:44,345631,710,,,,Retained,,
2024,478,611,1,2,NSEI,8/9/2024 21:26,345631,710,,,,Retained,,
2024,478,611,1,3,NSEI,8/10/2024 16:22,345631,710,,,,Retained,,
2024,478,611,1,4,NSEI,8/10/2024 19:52,345631,710,,,,Retained,,
2024,478,611,1,5,NSEI,8/11/2024 17:04,345701,710,,,,Retained,,
2024,478,611,1,6,NSEI,8/11/2024 19:46,345701,710,,,,Retained,,
2024,478,611,1,7,NSEI,8/12/2024 14:58,345701,710,,,,Retained,,
2024,478,611,1,9,NSEI,8/13/2024 14:31,345701,710,,,,Retained,,
2024,478,611,1,10,NSEI,8/13/2024 17:10,345701,710,,,,Retained,,
2024,479,611,1,1,NSEI,8/9/2024 16:44,345631,710,,,,Retained,,
2024,479,611,1,2,NSEI,8/9/2024 21:26,345631,710,,,,Retained,,
2024,479,611,1,3,NSEI,8/10/2024 16:22,345631,710,,,,Retained,,
2024,479,611,1,4,NSEI,8/10/2024 19:52,345631,710,,,,Retained,,
2024,479,611,1,5,NSEI,8/11/2024 17:04,345701,710,,,,Retained,,
2024,479,611,1,6,NSEI,8/11/2024 19:46,345701,710,,,,Retained,,
2024,479,611,1,7,NSEI,8/12/2024 14:58,345701,710,,,,Retained,,
2024,479,611,1,9,NSEI,8/13/2024 14:31,345701,710,,,,Retained,,
2024,479,611,1,10,NSEI,8/13/2024 17:10,345701,710,,,,Retained,,
2024,480,611,1,1,NSEI,8/9/2024 16:44,345631,710,,,,Retained,,
2024,480,611,1,2,NSEI,8/9/2024 21:26,345631,710,,,,Retained,,
2024,480,611,1,3,NSEI,8/10/2024 16:22,345631,710,,,,Retained,,
2024,480,611,1,4,NSEI,8/10/2024 19:52,345631,710,,,,Retained,,
2024,480,611,1,5,NSEI,8/11/2024 17:04,345701,710,,,,Retained,,
2024,480,611,1,6,NSEI,8/11/2024 19:46,345701,710,,,,Retained,,
2024,480,611,1,7,NSEI,8/12/2024 14:58,345701,710,,,,Retained,,
2024,480,611,1,9,NSEI,8/13/2024 14:31,345701,710,,,,Retained,,
2024,480,611,1,10,NSEI,8/13/2024 17:10,345701,710,,,,Retained,,
2024,481,611,1,1,NSEI,8/9/2024 16:44,345631,710,,,,Retained,,
2024,481,611,1,2,NSEI,8/9/2024 21:26,345631,710,,,,Retained,,
2024,481,611,1,3,NSEI,8/10/2024 16:22,345631,710,,,,Retained,,
2024,481,611,1,4,NSEI,8/10/2024 19:52,345631,710,,,,Retained,,
2024,481,611,1,5,NSEI,8/11/2024 17:04,345701,710,,,,Retained,,
2024,481,611,1,6,NSEI,8/11/2024 19:46,345701,710,,,,Retained,,
2024,481,611,1,7,NSEI,8/12/2024 14:58,345701,710,,,,Retained,,
2024,481,611,1,9,NSEI,8/13/2024 14:31,345701,710,,,,Retained,,
2024,481,611,1,10,NSEI,8/13/2024 17:10,345701,710,,,,Retained,,
2024,482,611,1,1,NSEI,8/9/2024 16:44,345631,710,,,,Retained,,
2024,482,611,1,2,NSEI,8/9/2024 21:26,345631,710,,,,Retained,,
2024,482,611,1,3,NSEI,8/10/2024 16:22,345631,710,,,,Retained,,
2024,482,611,1,4,NSEI,8/10/2024 19:52,345631,710,,,,Retained,,
2024,482,611,1,5,NSEI,8/11/2024 17:04,345701,710,,,,Retained,,
2024,482,611,1,6,NSEI,8/11/2024 19:46,345701,710,,,,Retained,,
2024,482,611,1,7,NSEI,8/12/2024 14:58,345701,710,,,,Retained,,
2024,482,611,1,9,NSEI,8/13/2024 14:31,345701,710,,,,Retained,,
2024,482,611,1,10,NSEI,8/13/2024 17:10,345701,710,,,,Retained,,
2024,483,611,1,1,NSEI,8/9/2024 16:44,345631,710,,,,Retained,,
2024,483,611,1,2,NSEI,8/9/2024 21:26,345631,710,,,,Retained,,
2024,483,611,1,3,NSEI,8/10/2024 16:22,345631,710,,,,Retained,,
2024,483,611,1,4,NSEI,8/10/2024 19:52,345631,710,,,,Retained,,
2024,483,611,1,5,NSEI,8/11/2024 17:04,345701,710,,,,Retained,,
2024,483,611,1,6,NSEI,8/11/2024 19:46,345701,710,,,,Retained,,
2024,483,611,1,7,NSEI,8/12/2024 14:58,345701,710,,,,Retained,,
2024,483,611,1,9,NSEI,8/13/2024 14:31,345701,710,,,,Retained,,
2024,483,611,1,10,NSEI,8/13/2024 17:10,345701,710,,,,Retained,,
2024,484,611,1,1,NSEI,8/9/2024 16:44,345631,710,,,,Retained,,
2024,484,611,1,2,NSEI,8/9/2024 21:26,345631,710,,,,Retained,,
2024,484,611,1,3,NSEI,8/10/2024 16:22,345631,710,,,,Retained,,
2024,484,611,1,4,NSEI,8/10/2024 19:52,345631,710,,,,Retained,,
2024,484,611,1,5,NSEI,8/11/2024 17:04,345701,710,,,,Retained,,
2024,484,611,1,6,NSEI,8/11/2024 19:46,345701,710,,,,Retained,,
2024,484,611,1,7,NSEI,8/12/2024 14:58,345701,710,,,,Retained,,
2024,484,611,1,9,NSEI,8/13/2024 14:31,345701,710,,,,Retained,,
2024,484,611,1,10,NSEI,8/13/2024 17:10,345701,710,,,,Retained,,
2024,485,611,1,1,NSEI,8/9/2024 16:44,345631,710,,,,Retained,,
2024,485,611,1,2,NSEI,8/9/2024 21:26,345631,710,,,,Retained,,
2024,485,611,1,3,NSEI,8/10/2024 16:22,345631,710,,,,Retained,,
2024,485,611,1,4,NSEI,8/10/2024 19:52,345631,710,,,,Retained,,
2024,485,611,1,5,NSEI,8/11/2024 17:04,345701,710,,,,Retained,,
2024,485,611,1,6,NSEI,8/11/2024 19:46,345701,710,,,,Retained,,
2024,485,611,1,7,NSEI,8/12/2024 14:58,345701,710,,,,Retained,,
2024,485,611,1,9,NSEI,8/13/2024 14:31,345701,710,,,,Retained,,
2024,485,611,1,10,NSEI,8/13/2024 17:10,345701,710,,,,Retained,,
2024,486,611,1,1,NSEI,8/9/2024 16:44,345631,710,,,,Retained,,
2024,486,611,1,2,NSEI,8/9/2024 21:26,345631,710,,,,Retained,,
2024,486,611,1,3,NSEI,8/10/2024 16:22,345631,710,,,,Retained,,
2024,486,611,1,4,NSEI,8/10/2024 19:52,345631,710,,,,Retained,,
2024,486,611,1,5,NSEI,8/11/2024 17:04,345701,710,,,,Retained,,
2024,486,611,1,6,NSEI,8/11/2024 19:46,345701,710,,,,Retained,,
2024,486,611,1,7,NSEI,8/12/2024 14:58,345701,710,,,,Retained,,
2024,486,611,1,9,NSEI,8/13/2024 14:31,345701,710,,,,Retained,,
2024,486,611,1,10,NSEI,8/13/2024 17:10,345701,710,,,,Retained,,
2024,487,611,1,1,NSEI,8/9/2024 16:44,345631,710,,,,Retained,,
2024,487,611,1,2,NSEI,8/9/2024 21:26,345631,710,,,,Retained,,
2024,487,611,1,3,NSEI,8/10/2024 16:22,345631,710,,,,Retained,,
2024,487,611,1,4,NSEI,8/10/2024 19:52,345631,710,,,,Retained,,
2024,487,611,1,5,NSEI,8/11/2024 17:04,345701,710,,,,Retained,,
2024,487,611,1,6,NSEI,8/11/2024 19:46,345701,710,,,,Retained,,
2024,487,611,1,7,NSEI,8/12/2024 14:58,345701,710,,,,Retained,,
2024,487,611,1,9,NSEI,8/13/2024 14:31,345701,710,,,,Retained,,
2024,487,611,1,10,NSEI,8/13/2024 17:10,345701,710,,,,Retained,,
2024,488,611,1,1,NSEI,8/9/2024 16:44,345631,710,,,,Retained,,
2024,488,611,1,2,NSEI,8/9/2024 21:26,345631,710,,,,Retained,,
2024,488,611,1,3,NSEI,8/10/2024 16:22,345631,710,,,,Retained,,
2024,488,611,1,4,NSEI,8/10/2024 19:52,345631,710,,,,Retained,,
2024,488,611,1,5,NSEI,8/11/2024 17:04,345701,710,,,,Retained,,
2024,488,611,1,6,NSEI,8/11/2024 19:46,345701,710,,,,Retained,,
2024,488,611,1,7,NSEI,8/12/2024 14:58,345701,710,,,,Retained,,
2024,488,611,1,9,NSEI,8/13/2024 14:31,345701,710,,,,Retained,,
2024,488,611,1,10,NSEI,8/13/2024 17:10,345701,710,,,,Retained,,
2024,489,611,1,1,NSEI,8/9/2024 16:44,345631,710,,,,Retained,,
2024,489,611,1,2,NSEI,8/9/2024 21:26,345631,710,,,,Retained,,
2024,489,611,1,3,NSEI,8/10/2024 16:22,345631,710,,,,Retained,,
2024,489,611,1,4,NSEI,8/10/2024 19:52,345631,710,,,,Retained,,
2024,489,611,1,5,NSEI,8/11/2024 17:04,345701,710,,,,Retained,,
2024,489,611,1,6,NSEI,8/11/2024 19:46,345701,710,,,,Retained,,
2024,489,611,1,7,NSEI,8/12/2024 14:58,345701,710,,,,Retained,,
2024,489,611,1,9,NSEI,8/13/2024 14:31,345701,710,,,,Retained,,
2024,489,611,1,10,NSEI,8/13/2024 17:10,345701,710,,,,Retained,,
2024,490,611,1,1,NSEI,8/9/2024 16:44,345631,710,,,,Retained,,
2024,490,611,1,2,NSEI,8/9/2024 21:26,345631,710,,,,Retained,,
2024,490,611,1,3,NSEI,8/10/2024 16:22,345631,710,,,,Retained,,
2024,490,611,1,4,NSEI,8/10/2024 19:52,345631,710,,,,Retained,,
2024,490,611,1,5,NSEI,8/11/2024 17:04,345701,710,,,,Retained,,
2024,490,611,1,6,NSEI,8/11/2024 19:46,345701,710,,,,Retained,,
2024,490,611,1,7,NSEI,8/12/2024 14:58,345701,710,,,,Retained,,
2024,490,611,1,9,NSEI,8/13/2024 14:31,345701,710,,,,Retained,,
2024,490,611,1,10,NSEI,8/13/2024 17:10,345701,710,,,,Retained,,
2024,491,611,1,1,NSEI,8/9/2024 16:44,345631,710,,,,Retained,,
2024,491,611,1,2,NSEI,8/9/2024 21:26,345631,710,,,,Retained,,
2024,491,611,1,3,NSEI,8/10/2024 16:22,345631,710,,,,Retained,,
2024,491,611,1,4,NSEI,8/10/2024 19:52,345631,710,,,,Retained,,
2024,491,611,1,5,NSEI,8/11/2024 17:04,345701,710,,,,Retained,,
2024,491,611,1,6,NSEI,8/11/2024 19:46,345701,710,,,,Retained,,
2024,491,611,1,7,NSEI,8/12/2024 14:58,345701,710,,,,Retained,,
2024,491,611,1,9,NSEI,8/13/2024 14:31,345701,710,,,,Retained,,
2024,491,611,1,10,NSEI,8/13/2024 17:10,345701,710,,,,Retained,,
2024,492,611,1,1,NSEI,8/9/2024 16:44,345631,710,,,,Retained,,
2024,492,611,1,2,NSEI,8/9/2024 21:26,345631,710,,,,Retained,,
2024,492,611,1,3,NSEI,8/10/2024 16:22,345631,710,,,,Retained,,
2024,492,611,1,4,NSEI,8/10/2024 19:52,345631,710,,,,Retained,,
2024,492,611,1,5,NSEI,8/11/2024 17:04,345701,710,,,,Retained,,
2024,492,611,1,6,NSEI,8/11/2024 19:46,345701,710,,,,Retained,,
2024,492,611,1,7,NSEI,8/12/2024 14:58,345701,710,,,,Retained,,
2024,492,611,1,9,NSEI,8/13/2024 14:31,345701,710,,,,Retained,,
2024,492,611,1,10,NSEI,8/13/2024 17:10,345701,710,,,,Retained,,
2024,493,611,1,1,NSEI,8/9/2024 16:44,345631,710,,,,Retained,,
2024,493,611,1,2,NSEI,8/9/2024 21:26,345631,710,,,,Retained,,
2024,493,611,1,3,NSEI,8/10/2024 16:22,345631,710,,,,Retained,,
2024,493,611,1,4,NSEI,8/10/2024 19:52,345631,710,,,,Retained,,
2024,493,611,1,5,NSEI,8/11/2024 17:04,345701,710,,,,Retained,,
2024,493,611,1,6,NSEI,8/11/2024 19:46,345701,710,,,,Retained,,
2024,493,611,1,7,NSEI,8/12/2024 14:58,345701,710,,,,Retained,,
2024,493,611,1,9,NSEI,8/13/2024 14:31,345701,710,,,,Retained,,
2024,493,611,1,10,NSEI,8/13/2024 17:10,345701,710,,,,Retained,,
2024,494,611,1,1,NSEI,8/9/2024 16:44,345631,710,,,,Retained,,
2024,494,611,1,2,NSEI,8/9/2024 21:26,345631,710,,,,Retained,,
2024,494,611,1,3,NSEI,8/10/2024 16:22,345631,710,,,,Retained,,
2024,494,611,1,4,NSEI,8/10/2024 19:52,345631,710,,,,Retained,,
2024,494,611,1,5,NSEI,8/11/2024 17:04,345701,710,,,,Retained,,
2024,494,611,1,6,NSEI,8/11/2024 19:46,345701,710,,,,Retained,,
2024,494,611,1,7,NSEI,8/12/2024 14:58,345701,710,,,,Retained,,
2024,494,611,1,9,NSEI,8/13/2024 14:31,345701,710,,,,Retained,,
2024,494,611,1,10,NSEI,8/13/2024 17:10,345701,710,,,,Retained,,
2024,495,611,1,1,NSEI,8/9/2024 16:44,345631,710,,,,Retained,,
2024,495,611,1,2,NSEI,8/9/2024 21:26,345631,710,,,,Retained,,
2024,495,611,1,3,NSEI,8/10/2024 16:22,345631,710,,,,Retained,,
2024,495,611,1,4,NSEI,8/10/2024 19:52,345631,710,,,,Retained,,
2024,495,611,1,5,NSEI,8/11/2024 17:04,345701,710,,,,Retained,,
2024,495,611,1,6,NSEI,8/11/2024 19:46,345701,710,,,,Retained,,
2024,495,611,1,7,NSEI,8/12/2024 14:58,345701,710,,,,Retained,,
2024,495,611,1,9,NSEI,8/13/2024 14:31,345701,710,,,,Retained,,
2024,495,611,1,10,NSEI,8/13/2024 17:10,345701,710,,,,Retained,,
2024,496,611,1,1,NSEI,8/9/2024 16:44,345631,710,,,,Retained,,
2024,496,611,1,2,NSEI,8/9/2024 21:26,345631,710,,,,Retained,,
2024,496,611,1,3,NSEI,8/10/2024 16:22,345631,710,,,,Retained,,
2024,496,611,1,4,NSEI,8/10/2024 19:52,345631,710,,,,Retained,,
2024,496,611,1,5,NSEI,8/11/2024 17:04,345701,710,,,,"Discarded, too small",,
2024,496,611,1,6,NSEI,8/11/2024 19:46,345701,710,,,,Retained,,
2024,496,611,1,7,NSEI,8/12/2024 14:58,345701,710,,,,Retained,,
2024,496,611,1,9,NSEI,8/13/2024 14:31,345701,710,,,,Retained,,
2024,496,611,1,10,NSEI,8/13/2024 17:10,345701,710,,,,Retained,,
2024,497,611,1,1,NSEI,8/9/2024 16:44,345631,710,,,,Retained,,
2024,497,611,1,2,NSEI,8/9/2024 21:26,345631,710,,,,Retained,,
2024,497,611,1,3,NSEI,8/10/2024 16:22,345631,710,,,,Retained,,
2024,497,611,1,4,NSEI,8/10/2024 19:52,345631,710,,,,Retained,,
2024,497,611,1,5,NSEI,8/11/2024 17:04,345701,710,,,,Retained,,
2024,497,611,1,6,NSEI,8/11/2024 19:46,345701,710,,,,Retained,,
2024,497,611,1,7,NSEI,8/12/2024 14:58,345701,710,,,,Retained,,
2024,497,611,1,9,NSEI,8/13/2024 14:31,345701,710,,,,Retained,,
2024,497,611,1,10,NSEI,8/13/2024 17:10,345701,710,,,,Retained,,
2024,498,611,1,1,NSEI,8/9/2024 16:44,345631,710,,,,Retained,,
2024,498,611,1,2,NSEI,8/9/2024 21:26,345631,710,,,,Retained,,
2024,498,611,1,3,NSEI,8/10/2024 16:22,345631,710,,,,Retained,,
2024,498,611,1,4,NSEI,8/10/2024 19:52,345631,710,,,,Retained,,
2024,498,611,1,5,NSEI,8/11/2024 17:04,345701,710,,,,Retained,,
2024,498,611,1,6,NSEI,8/11/2024 19:46,345701,710,,,,Retained,,
2024,498,611,1,7,NSEI,8/12/2024 14:58,345701,710,,,,Retained,,
2024,498,611,1,9,NSEI,8/13/2024 14:31,345701,710,,,,Retained,,
2024,498,611,1,10,NSEI,8/13/2024 17:10,345701,710,,,,Retained,,
2024,499,611,1,1,NSEI,8/9/2024 16:44,345631,710,,,,Retained,,
2024,499,611,1,2,NSEI,8/9/2024 21:26,345631,710,,,,Retained,,
2024,499,611,1,3,NSEI,8/10/2024 16:22,345631,710,,,,Retained,,
2024,499,611,1,4,NSEI,8/10/2024 19:52,345631,710,,,,Retained,,
2024,499,611,1,5,NSEI,8/11/2024 17:04,345701,710,,,,Retained,,
2024,499,611,1,6,NSEI,8/11/2024 19:46,345701,710,,,,Retained,,
2024,499,611,1,7,NSEI,8/12/2024 14:58,345701,710,,,,Retained,,
2024,499,611,1,9,NSEI,8/13/2024 14:31,345701,710,,,,Retained,,
2024,499,611,1,10,NSEI,8/13/2024 17:10,345701,710,,,,Retained,,
2024,500,611,1,1,NSEI,8/9/2024 16:44,345631,710,,,,Retained,,
2024,500,611,1,2,NSEI,8/9/2024 21:26,345631,710,,,,Retained,,
2024,500,611,1,3,NSEI,8/10/2024 16:22,345631,710,,,,Retained,,
2024,500,611,1,4,NSEI,8/10/2024 19:52,345631,710,,,,Retained,,
2024,500,611,1,5,NSEI,8/11/2024 17:04,345701,710,,,,Retained,,
2024,500,611,1,6,NSEI,8/11/2024 19:46,345701,710,,,,Retained,,
2024,500,611,1,7,NSEI,8/12/2024 14:58,345701,710,,,,Retained,,
2024,500,611,1,9,NSEI,8/13/2024 14:31,345701,710,,,,Retained,,
2024,500,611,1,10,NSEI,8/13/2024 17:10,345701,710,,,,Retained,,
2024,501,611,1,1,NSEI,8/9/2024 16:44,345631,710,,,,Retained,,
2024,501,611,1,2,NSEI,8/9/2024 21:26,345631,710,,,,Retained,,
2024,501,611,1,3,NSEI,8/10/2024 16:22,345631,710,,,,Retained,,
2024,501,611,1,4,NSEI,8/10/2024 19:52,345631,710,,,,Retained,,
2024,501,611,1,5,NSEI,8/11/2024 17:04,345701,710,,,,Retained,,
2024,501,611,1,6,NSEI,8/11/2024 19:46,345701,710,,,,Retained,,
2024,501,611,1,7,NSEI,8/12/2024 14:58,345701,710,,,,Retained,,
2024,501,611,1,9,NSEI,8/13/2024 14:31,345701,710,,,,Retained,,
2024,501,611,1,10,NSEI,8/13/2024 17:10,345701,710,,,,Retained,,
2024,502,611,1,1,NSEI,8/9/2024 16:44,345631,710,,,,Retained,,
2024,502,611,1,2,NSEI,8/9/2024 21:26,345631,710,,,,Retained,,
2024,502,611,1,3,NSEI,8/10/2024 16:22,345631,710,,,,Retained,,
2024,502,611,1,4,NSEI,8/10/2024 19:52,345631,710,,,,Retained,,
2024,502,611,1,5,NSEI,8/11/2024 17:04,345701,710,,,,Retained,,
2024,502,611,1,6,NSEI,8/11/2024 19:46,345701,710,,,,Retained,,
2024,502,611,1,7,NSEI,8/12/2024 14:58,345701,710,,,,Retained,,
2024,502,611,1,9,NSEI,8/13/2024 14:31,345701,710,,,,Retained,,
2024,502,611,1,10,NSEI,8/13/2024 17:10,345701,710,,,,Retained,,
2024,503,611,1,1,NSEI,8/9/2024 16:44,345631,710,,,,Retained,,
2024,503,611,1,2,NSEI,8/9/2024 21:26,345631,710,,,,Retained,,
2024,503,611,1,3,NSEI,8/10/2024 16:22,345631,710,,,,Retained,,
2024,503,611,1,4,NSEI,8/10/2024 19:52,345631,710,,,,Retained,,
2024,503,611,1,5,NSEI,8/11/2024 17:04,345701,710,,,,Retained,,
2024,503,611,1,6,NSEI,8/11/2024 19:46,345701,710,,,,Retained,,
2024,503,611,1,7,NSEI,8/12/2024 14:58,345701,710,,,,Retained,,
2024,503,611,1,9,NSEI,8/13/2024 14:31,345701,710,,,,Retained,,
2024,503,611,1,10,NSEI,8/13/2024 17:10,345701,710,,,,Retained,,
2024,504,611,1,1,NSEI,8/9/2024 16:44,345631,710,,,,Retained,,
2024,504,611,1,2,NSEI,8/9/2024 21:26,345631,710,,,,Retained,,
2024,504,611,1,3,NSEI,8/10/2024 16:22,345631,710,,,,Retained,,
2024,504,611,1,4,NSEI,8/10/2024 19:52,345631,710,,,,Retained,,
2024,504,611,1,5,NSEI,8/11/2024 17:04,345701,710,,,,Retained,,
2024,504,611,1,6,NSEI,8/11/2024 19:46,345701,710,,,,Retained,,
2024,504,611,1,7,NSEI,8/12/2024 14:58,345701,710,,,,Retained,,
2024,504,611,1,9,NSEI,8/13/2024 14:31,345701,710,,,,Retained,,
2024,504,611,1,10,NSEI,8/13/2024 17:10,345701,710,,,,Retained,,
2024,505,611,1,1,NSEI,8/9/2024 16:44,345631,710,,,,Retained,,
2024,505,611,1,2,NSEI,8/9/2024 21:26,345631,710,,,,Retained,,
2024,505,611,1,3,NSEI,8/10/2024 16:22,345631,710,,,,Retained,,
2024,505,611,1,4,NSEI,8/10/2024 19:52,345631,710,,,,Retained,,
2024,505,611,1,5,NSEI,8/11/2024 17:04,345701,710,,,,Retained,,
2024,505,611,1,6,NSEI,8/11/2024 19:46,345701,710,,,,Retained,,
2024,505,611,1,7,NSEI,8/12/2024 14:58,345701,710,,,,Retained,,
2024,505,611,1,9,NSEI,8/13/2024 14:31,345701,710,,,,Retained,,
2024,505,611,1,10,NSEI,8/13/2024 17:10,345701,710,,,,Retained,,
2024,506,611,1,1,NSEI,8/9/2024 16:44,345631,710,,,,Retained,,
2024,506,611,1,2,NSEI,8/9/2024 21:26,345631,710,,,,Retained,,
2024,506,611,1,3,NSEI,8/10/2024 16:22,345631,710,,,,Retained,,
2024,506,611,1,4,NSEI,8/10/2024 19:52,345631,710,,,,Retained,,
2024,506,611,1,5,NSEI,8/11/2024 17:04,345701,710,,,,Retained,,
2024,506,611,1,6,NSEI,8/11/2024 19:46,345701,710,,,,Retained,,
2024,506,611,1,7,NSEI,8/12/2024 14:58,345701,710,,,,Retained,,
2024,506,611,1,9,NSEI,8/13/2024 14:31,345701,710,,,,Retained,,
2024,506,611,1,10,NSEI,8/13/2024 17:10,345701,710,,,,Retained,,
2024,507,611,1,1,NSEI,8/9/2024 16:44,345631,710,,,,Retained,,
2024,507,611,1,2,NSEI,8/9/2024 21:26,345631,710,,,,Retained,,
2024,507,611,1,3,NSEI,8/10/2024 16:22,345631,710,,,,Retained,,
2024,507,611,1,4,NSEI,8/10/2024 19:52,345631,710,,,,Retained,,
2024,507,611,1,5,NSEI,8/11/2024 17:04,345701,710,,,,Retained,,
2024,507,611,1,6,NSEI,8/11/2024 19:46,345701,710,,,,Retained,,
2024,507,611,1,7,NSEI,8/12/2024 14:58,345701,710,,,,Retained,,
2024,507,611,1,9,NSEI,8/13/2024 14:31,345701,710,,,,Retained,,
2024,507,611,1,10,NSEI,8/13/2024 17:10,345701,710,,,,Retained,,
2024,508,611,1,1,NSEI,8/9/2024 16:44,345631,710,,,,Retained,,
2024,508,611,1,2,NSEI,8/9/2024 21:26,345631,710,,,,Retained,,
2024,508,611,1,3,NSEI,8/10/2024 16:22,345631,710,,,,Retained,,
2024,508,611,1,4,NSEI,8/10/2024 19:52,345631,710,,,,Retained,,
2024,508,611,1,5,NSEI,8/11/2024 17:04,345701,710,,,,Retained,,
2024,508,611,1,6,NSEI,8/11/2024 19:46,345701,710,,,,Retained,,
2024,508,611,1,7,NSEI,8/12/2024 14:58,345701,710,,,,Retained,,
2024,508,611,1,9,NSEI,8/13/2024 14:31,345701,710,,,,Retained,,
2024,508,611,1,10,NSEI,8/13/2024 17:10,345701,710,,,,Retained,,
2024,509,611,1,1,NSEI,8/9/2024 16:44,345631,710,,,,Retained,,
2024,509,611,1,2,NSEI,8/9/2024 21:26,345631,710,,,,Retained,,
2024,509,611,1,3,NSEI,8/10/2024 16:22,345631,710,,,,Retained,,
2024,509,611,1,4,NSEI,8/10/2024 19:52,345631,710,,,,Retained,,
2024,509,611,1,5,NSEI,8/11/2024 17:04,345701,710,,,,Retained,,
2024,509,611,1,6,NSEI,8/11/2024 19:46,345701,710,,,,Retained,,
2024,509,611,1,7,NSEI,8/12/2024 14:58,345701,710,,,,Retained,,
2024,509,611,1,9,NSEI,8/13/2024 14:31,345701,710,,,,Retained,,
2024,509,611,1,10,NSEI,8/13/2024 17:10,345701,710,,,,Retained,,
2024,510,611,1,1,NSEI,8/9/2024 16:44,345631,710,,,,Retained,,
2024,510,611,1,2,NSEI,8/9/2024 21:26,345631,710,,,,Retained,,
2024,510,611,1,3,NSEI,8/10/2024 16:22,345631,710,,,,Retained,,
2024,510,611,1,4,NSEI,8/10/2024 19:52,345631,710,,,,Retained,,
2024,510,611,1,5,NSEI,8/11/2024 17:04,345701,710,,,,Retained,,
2024,510,611,1,6,NSEI,8/11/2024 19:46,345701,710,,,,Retained,,
2024,510,611,1,7,NSEI,8/12/2024 14:58,345701,710,,,,Retained,,
2024,510,611,1,9,NSEI,8/13/2024 14:31,345701,710,,,,Retained,,
2024,510,611,1,10,NSEI,8/13/2024 17:10,345701,710,,,,Retained,,
2024,511,611,1,1,NSEI,8/9/2024 16:44,345631,710,,,,Retained,,
2024,511,611,1,2,NSEI,8/9/2024 21:26,345631,710,,,,Retained,,
2024,511,611,1,3,NSEI,8/10/2024 16:22,345631,710,,,,Retained,,
2024,511,611,1,4,NSEI,8/10/2024 19:52,345631,710,,,,Retained,,
2024,511,611,1,5,NSEI,8/11/2024 17:04,345701,710,,,,Retained,,
2024,511,611,1,6,NSEI,8/11/2024 19:46,345701,710,,,,Retained,,
2024,511,611,1,7,NSEI,8/12/2024 14:58,345701,710,,,,Retained,,
2024,511,611,1,9,NSEI,8/13/2024 14:31,345701,710,,,,Retained,,
2024,511,611,1,10,NSEI,8/13/2024 17:10,345701,710,,,,Retained,,
2024,512,611,1,1,NSEI,8/9/2024 16:44,345631,710,,,,Retained,,
2024,512,611,1,2,NSEI,8/9/2024 21:26,345631,710,,,,Retained,,
2024,512,611,1,3,NSEI,8/10/2024 16:22,345631,710,,,,Retained,,
2024,512,611,1,4,NSEI,8/10/2024 19:52,345631,710,,,,Retained,,
2024,512,611,1,5,NSEI,8/11/2024 17:04,345701,710,,,,Retained,,
2024,512,611,1,6,NSEI,8/11/2024 19:46,345701,710,,,,Retained,,
2024,512,611,1,7,NSEI,8/12/2024 14:58,345701,710,,,,Retained,,
2024,512,611,1,9,NSEI,8/13/2024 14:31,345701,710,,,,Retained,,
2024,512,611,1,10,NSEI,8/13/2024 17:10,345701,710,,,,Retained,,
2024,513,611,1,1,NSEI,8/9/2024 16:44,345631,710,,,,Retained,,
2024,513,611,1,2,NSEI,8/9/2024 21:26,345631,710,,,,Retained,,
2024,513,611,1,3,NSEI,8/10/2024 16:22,345631,710,,,,Retained,,
2024,513,611,1,4,NSEI,8/10/2024 19:52,345631,710,,,,Retained,,
2024,513,611,1,5,NSEI,8/11/2024 17:04,345701,710,,,,Retained,,
2024,513,611,1,6,NSEI,8/11/2024 19:46,345701,710,,,,Retained,,
2024,513,611,1,7,NSEI,8/12/2024 14:58,345701,710,,,,Retained,,
2024,513,611,1,9,NSEI,8/13/2024 14:31,345701,710,,,,Retained,,
2024,513,611,1,10,NSEI,8/13/2024 17:10,345701,710,,,,Retained,,
2024,514,611,1,1,NSEI,8/9/2024 16:44,345631,710,,,,Retained,,
2024,514,611,1,2,NSEI,8/9/2024 21:26,345631,710,,,,Retained,,
2024,514,611,1,3,NSEI,8/10/2024 16:22,345631,710,,,,Retained,,
2024,514,611,1,4,NSEI,8/10/2024 19:52,345631,710,,,,Retained,,
2024,514,611,1,5,NSEI,8/11/2024 17:04,345701,710,,,,Retained,,
2024,514,611,1,6,NSEI,8/11/2024 19:46,345701,710,,,,Retained,,
2024,514,611,1,7,NSEI,8/12/2024 14:58,345701,710,,,,Retained,,
2024,514,611,1,9,NSEI,8/13/2024 14:31,345701,710,,,,Retained,,
2024,514,611,1,10,NSEI,8/13/2024 17:10,345701,710,,,,Retained,,
2024,515,611,1,1,NSEI,8/9/2024 16:44,345631,710,,,,Retained,,
2024,515,611,1,2,NSEI,8/9/2024 21:26,345631,710,,,,Retained,,
2024,515,611,1,3,NSEI,8/10/2024 16:22,345631,710,,,,Retained,,
2024,515,611,1,4,NSEI,8/10/2024 19:52,345631,710,,,,Retained,,
2024,515,611,1,5,NSEI,8/11/2024 17:04,345701,710,,,,Retained,,
2024,515,611,1,6,NSEI,8/11/2024 19:46,345701,710,,,,Retained,,
2024,515,611,1,7,NSEI,8/12/2024 14:58,345701,710,,,,Retained,,
2024,515,611,1,9,NSEI,8/13/2024 14:31,345701,710,,,,Retained,,
2024,515,611,1,10,NSEI,8/13/2024 17:10,345701,710,,,,Retained,,
2024,516,611,1,1,NSEI,8/9/2024 16:44,345631,710,,,,Retained,,
2024,516,611,1,2,NSEI,8/9/2024 21:26,345631,710,,,,Retained,,
2024,516,611,1,3,NSEI,8/10/2024 16:22,345631,710,,,,Retained,,
2024,516,611,1,4,NSEI,8/10/2024 19:52,345631,710,,,,Retained,,
2024,516,611,1,5,NSEI,8/11/2024 17:04,345701,710,,,,Retained,,
2024,516,611,1,6,NSEI,8/11/2024 19:46,345701,710,,,,Retained,,
2024,516,611,1,7,NSEI,8/12/2024 14:58,345701,710,,,,Retained,,
2024,516,611,1,9,NSEI,8/13/2024 14:31,345701,710,,,,Retained,,
2024,516,611,1,10,NSEI,8/13/2024 17:10,345701,710,,,,Retained,,
2024,517,611,1,1,NSEI,8/9/2024 16:44,345631,710,,,,Retained,,
2024,517,611,1,2,NSEI,8/9/2024 21:26,345631,710,,,,Retained,,
2024,517,611,1,3,NSEI,8/10/2024 16:22,345631,710,,,,Retained,,
2024,517,611,1,4,NSEI,8/10/2024 19:52,345631,710,,,,Retained,,
2024,517,611,1,5,NSEI,8/11/2024 17:04,345701,710,,,,Retained,,
2024,517,611,1,6,NSEI,8/11/2024 19:46,345701,710,,,,Retained,,
2024,517,611,1,7,NSEI,8/12/2024 14:58,345701,710,,,,Retained,,
2024,517,611,1,9,NSEI,8/13/2024 14:31,345701,710,,,,Retained,,
2024,517,611,1,10,NSEI,8/13/2024 17:10,345701,710,,,,Retained,,
2024,518,611,1,1,NSEI,8/9/2024 16:44,345631,710,,,,Retained,,
2024,518,611,1,2,NSEI,8/9/2024 21:26,345631,710,,,,Retained,,
2024,518,611,1,3,NSEI,8/10/2024 16:22,345631,710,,,,Retained,,
2024,518,611,1,4,NSEI,8/10/2024 19:52,345631,710,,,,Retained,,
2024,518,611,1,5,NSEI,8/11/2024 17:04,345701,710,,,,Retained,,
2024,518,611,1,6,NSEI,8/11/2024 19:46,345701,710,,,,Retained,,
2024,518,611,1,7,NSEI,8/12/2024 14:58,345701,710,,,,Retained,,
2024,518,611,1,9,NSEI,8/13/2024 14:31,345701,710,,,,Retained,,
2024,518,611,1,10,NSEI,8/13/2024 17:10,345701,710,,,,Retained,,
2024,519,611,1,1,NSEI,8/9/2024 16:44,345631,710,,,,Retained,,
2024,519,611,1,2,NSEI,8/9/2024 21:26,345631,710,,,,Retained,,
2024,519,611,1,3,NSEI,8/10/2024 16:22,345631,710,,,,Retained,,
2024,519,611,1,4,NSEI,8/10/2024 19:52,345631,710,,,,Retained,,
2024,519,611,1,5,NSEI,8/11/2024 17:04,345701,710,,,,Retained,,
2024,519,611,1,6,NSEI,8/11/2024 19:46,345701,710,,,,Retained,,
2024,519,611,1,7,NSEI,8/12/2024 14:58,345701,710,,,,Retained,,
2024,519,611,1,9,NSEI,8/13/2024 14:31,345701,710,,,,Retained,,
2024,519,611,1,10,NSEI,8/13/2024 17:10,345701,710,,,,Retained,,
2024,520,611,1,1,NSEI,8/9/2024 16:44,345631,710,,,,Retained,,
2024,520,611,1,2,NSEI,8/9/2024 21:26,345631,710,,,,Retained,,
2024,520,611,1,3,NSEI,8/10/2024 16:22,345631,710,,,,Retained,,
2024,520,611,1,4,NSEI,8/10/2024 19:52,345631,710,,,,Retained,,
2024,520,611,1,5,NSEI,8/11/2024 17:04,345701,710,,,,Retained,,
2024,520,611,1,7,NSEI,8/12/2024 14:58,345701,710,,,,Retained,,
2024,520,611,1,9,NSEI,8/13/2024 14:31,345701,710,,,,Retained,,
2024,520,611,1,10,NSEI,8/13/2024 17:10,345701,710,,,,Retained,,
2024,521,611,1,1,NSEI,8/9/2024 16:44,345631,710,,,,Retained,,
2024,521,611,1,2,NSEI,8/9/2024 21:26,345631,710,,,,Retained,,
2024,521,611,1,3,NSEI,8/10/2024 16:22,345631,710,,,,Retained,,
2024,521,611,1,4,NSEI,8/10/2024 19:52,345631,710,,,,Retained,,
2024,521,611,1,5,NSEI,8/11/2024 17:04,345701,710,,,,Retained,,
2024,521,611,1,7,NSEI,8/12/2024 14:58,345701,710,,,,Retained,,
2024,521,611,1,9,NSEI,8/13/2024 14:31,345701,710,,,,Retained,,
2024,521,611,1,10,NSEI,8/13/2024 17:10,345701,710,,,,Retained,,
2024,522,611,1,1,NSEI,8/9/2024 16:44,345631,710,,,,Retained,,
2024,522,611,1,2,NSEI,8/9/2024 21:26,345631,710,,,,Retained,,
2024,522,611,1,3,NSEI,8/10/2024 16:22,345631,710,,,,Retained,,
2024,522,611,1,4,NSEI,8/10/2024 19:52,345631,710,,,,Retained,,
2024,522,611,1,5,NSEI,8/11/2024 17:04,345701,710,,,,Retained,,
2024,522,611,1,7,NSEI,8/12/2024 14:58,345701,710,,,,Retained,,
2024,522,611,1,9,NSEI,8/13/2024 14:31,345701,710,,,,Retained,,
2024,522,611,1,10,NSEI,8/13/2024 17:10,345701,710,,,,Retained,,
2024,523,611,1,1,NSEI,8/9/2024 16:44,345631,710,,,,Retained,,
2024,523,611,1,2,NSEI,8/9/2024 21:26,345631,710,,,,Retained,,
2024,523,611,1,3,NSEI,8/10/2024 16:22,345631,710,,,,Retained,,
2024,523,611,1,4,NSEI,8/10/2024 19:52,345631,710,,,,Retained,,
2024,523,611,1,5,NSEI,8/11/2024 17:04,345701,710,,,,Retained,,
2024,523,611,1,7,NSEI,8/12/2024 14:58,345701,710,,,,Retained,,
2024,523,611,1,9,NSEI,8/13/2024 14:31,345701,710,,,,Retained,,
2024,523,611,1,10,NSEI,8/13/2024 17:10,345701,710,,,,Retained,,
2024,524,611,1,1,NSEI,8/9/2024 16:44,345631,710,,,,Retained,,
2024,524,611,1,2,NSEI,8/9/2024 21:26,345631,710,,,,Retained,,
2024,524,611,1,3,NSEI,8/10/2024 16:22,345631,710,,,,Retained,,
2024,524,611,1,4,NSEI,8/10/2024 19:52,345631,710,,,,Retained,,
2024,524,611,1,5,NSEI,8/11/2024 17:04,345701,710,,,,Retained,,
2024,524,611,1,7,NSEI,8/12/2024 14:58,345701,710,,,,Retained,,
2024,524,611,1,9,NSEI,8/13/2024 14:31,345701,710,,,,Retained,,
2024,524,611,1,10,NSEI,8/13/2024 17:10,345701,710,,,,Retained,,
2024,525,611,1,1,NSEI,8/9/2024 16:44,345631,710,,,,Retained,,
2024,525,611,1,2,NSEI,8/9/2024 21:26,345631,710,,,,Retained,,
2024,525,611,1,3,NSEI,8/10/2024 16:22,345631,710,,,,Retained,,
2024,525,611,1,4,NSEI,8/10/2024 19:52,345631,710,,,,Retained,,
2024,525,611,1,5,NSEI,8/11/2024 17:04,345701,710,,,,Retained,,
2024,525,611,1,7,NSEI,8/12/2024 14:58,345701,710,,,,Retained,,
2024,525,611,1,9,NSEI,8/13/2024 14:31,345701,710,,,,Retained,,
2024,525,611,1,10,NSEI,8/13/2024 17:10,345701,710,,,,Retained,,
2024,526,611,1,1,NSEI,8/9/2024 16:44,345631,710,,,,Retained,,
2024,526,611,1,2,NSEI,8/9/2024 21:26,345631,710,,,,Retained,,
2024,526,611,1,3,NSEI,8/10/2024 16:22,345631,710,,,,Retained,,
2024,526,611,1,4,NSEI,8/10/2024 19:52,345631,710,,,,Retained,,
2024,526,611,1,5,NSEI,8/11/2024 17:04,345701,710,,,,Retained,,
2024,526,611,1,7,NSEI,8/12/2024 14:58,345701,710,,,,Retained,,
2024,526,611,1,9,NSEI,8/13/2024 14:31,345701,710,,,,Retained,,
2024,526,611,1,10,NSEI,8/13/2024 17:10,345701,710,,,,Retained,,
2024,527,611,1,1,NSEI,8/9/2024 16:44,345631,710,,,,Retained,,
2024,527,611,1,2,NSEI,8/9/2024 21:26,345631,710,,,,Retained,,
2024,527,611,1,3,NSEI,8/10/2024 16:22,345631,710,,,,Retained,,
2024,527,611,1,4,NSEI,8/10/2024 19:52,345631,710,,,,Retained,,
2024,527,611,1,5,NSEI,8/11/2024 17:04,345701,710,,,,Retained,,
2024,527,611,1,7,NSEI,8/12/2024 14:58,345701,710,,,,Retained,,
2024,527,611,1,9,NSEI,8/13/2024 14:31,345701,710,,,,Retained,,
2024,527,611,1,10,NSEI,8/13/2024 17:10,345701,710,,,,Retained,,
2024,528,611,1,1,NSEI,8/9/2024 16:44,345631,710,,,,Retained,,
2024,528,611,1,2,NSEI,8/9/2024 21:26,345631,710,,,,Retained,,
2024,528,611,1,3,NSEI,8/10/2024 16:22,345631,710,,,,Retained,,
2024,528,611,1,4,NSEI,8/10/2024 19:52,345631,710,,,,Retained,,
2024,528,611,1,5,NSEI,8/11/2024 17:04,345701,710,,,,Retained,,
2024,528,611,1,7,NSEI,8/12/2024 14:58,345701,710,,,,Retained,,
2024,528,611,1,9,NSEI,8/13/2024 14:31,345701,710,,,,Retained,,
2024,528,611,1,10,NSEI,8/13/2024 17:10,345701,710,,,,Retained,,
2024,529,611,1,1,NSEI,8/9/2024 16:44,345631,710,,,,Retained,,
2024,529,611,1,2,NSEI,8/9/2024 21:26,345631,710,,,,Retained,,
2024,529,611,1,3,NSEI,8/10/2024 16:22,345631,710,,,,Retained,,
2024,529,611,1,4,NSEI,8/10/2024 19:52,345631,710,,,,Retained,,
2024,529,611,1,5,NSEI,8/11/2024 17:04,345701,710,,,,Retained,,
2024,529,611,1,7,NSEI,8/12/2024 14:58,345701,710,,,,Retained,,
2024,529,611,1,9,NSEI,8/13/2024 14:31,345701,710,,,,Retained,,
2024,529,611,1,10,NSEI,8/13/2024 17:10,345701,710,,,,Retained,,
2024,530,611,1,1,NSEI,8/9/2024 16:44,345631,710,,,,Retained,,
2024,530,611,1,2,NSEI,8/9/2024 21:26,345631,710,,,,Retained,,
2024,530,611,1,3,NSEI,8/10/2024 16:22,345631,710,,,,Retained,,
2024,530,611,1,4,NSEI,8/10/2024 19:52,345631,710,,,,Retained,,
2024,530,611,1,5,NSEI,8/11/2024 17:04,345701,710,,,,Retained,,
2024,530,611,1,7,NSEI,8/12/2024 14:58,345701,710,,,,Retained,,
2024,530,611,1,9,NSEI,8/13/2024 14:31,345701,710,,,,Retained,,
2024,530,611,1,10,NSEI,8/13/2024 17:10,345701,710,,,,Retained,,
2024,531,611,1,1,NSEI,8/9/2024 16:44,345631,710,,,,Retained,,
2024,531,611,1,2,NSEI,8/9/2024 21:26,345631,710,,,,Retained,,
2024,531,611,1,3,NSEI,8/10/2024 16:22,345631,710,,,,Retained,,
2024,531,611,1,4,NSEI,8/10/2024 19:52,345631,710,,,,Retained,,
2024,531,611,1,5,NSEI,8/11/2024 17:04,345701,710,,,,Retained,,
2024,531,611,1,7,NSEI,8/12/2024 14:58,345701,710,,,,Retained,,
2024,531,611,1,9,NSEI,8/13/2024 14:31,345701,710,,,,Retained,,
2024,531,611,1,10,NSEI,8/13/2024 17:10,345701,710,,,,Retained,,
2024,532,611,1,1,NSEI,8/9/2024 16:44,345631,710,,,,Retained,,
2024,532,611,1,2,NSEI,8/9/2024 21:26,345631,710,,,,Retained,,
2024,532,611,1,3,NSEI,8/10/2024 16:22,345631,710,,,,Retained,,
2024,532,611,1,4,NSEI,8/10/2024 19:52,345631,710,,,,Retained,,
2024,532,611,1,5,NSEI,8/11/2024 17:04,345701,710,,,,Retained,,
2024,532,611,1,7,NSEI,8/12/2024 14:58,345701,710,,,,Retained,,
2024,532,611,1,9,NSEI,8/13/2024 14:31,345701,710,,,,Retained,,
2024,532,611,1,10,NSEI,8/13/2024 17:10,345701,710,,,,Retained,,
2024,533,611,1,1,NSEI,8/9/2024 16:44,345631,710,,,,Retained,,
2024,533,611,1,2,NSEI,8/9/2024 21:26,345631,710,,,,Retained,,
2024,533,611,1,3,NSEI,8/10/2024 16:22,345631,710,,,,Retained,,
2024,533,611,1,4,NSEI,8/10/2024 19:52,345631,710,,,,Retained,,
2024,533,611,1,5,NSEI,8/11/2024 17:04,345701,710,,,,Retained,,
2024,533,611,1,7,NSEI,8/12/2024 14:58,345701,710,,,,Retained,,
2024,533,611,1,9,NSEI,8/13/2024 14:31,345701,710,,,,Retained,,
2024,533,611,1,10,NSEI,8/13/2024 17:10,345701,710,,,,Retained,,
2024,534,611,1,1,NSEI,8/9/2024 16:44,345631,710,,,,Retained,,
2024,534,611,1,2,NSEI,8/9/2024 21:26,345631,710,,,,Retained,,
2024,534,611,1,3,NSEI,8/10/2024 16:22,345631,710,,,,Retained,,
2024,534,611,1,4,NSEI,8/10/2024 19:52,345631,710,,,,Retained,,
2024,534,611,1,5,NSEI,8/11/2024 17:04,345701,710,,,,Retained,,
2024,534,611,1,7,NSEI,8/12/2024 14:58,345701,710,,,,Retained,,
2024,534,611,1,9,NSEI,8/13/2024 14:31,345701,710,,,,Retained,,
2024,534,611,1,10,NSEI,8/13/2024 17:10,345701,710,,,,Retained,,
2024,535,611,1,1,NSEI,8/9/2024 16:44,345631,710,,,,Retained,,
2024,535,611,1,2,NSEI,8/9/2024 21:26,345631,710,,,,Retained,,
2024,535,611,1,3,NSEI,8/10/2024 16:22,345631,710,,,,Retained,,
2024,535,611,1,4,NSEI,8/10/2024 19:52,345631,710,,,,Retained,,
2024,535,611,1,5,NSEI,8/11/2024 17:04,345701,710,,,,Retained,,
2024,535,611,1,7,NSEI,8/12/2024 14:58,345701,710,,,,Retained,,
2024,535,611,1,9,NSEI,8/13/2024 14:31,345701,710,,,,Retained,,
2024,535,611,1,10,NSEI,8/13/2024 17:10,345701,710,,,,Retained,,
2024,536,611,1,1,NSEI,8/9/2024 16:44,345631,710,,,,Retained,,
2024,536,611,1,2,NSEI,8/9/2024 21:26,345631,710,,,,Retained,,
2024,536,611,1,3,NSEI,8/10/2024 16:22,345631,710,,,,Retained,,
2024,536,611,1,4,NSEI,8/10/2024 19:52,345631,710,,,,Retained,,
2024,536,611,1,5,NSEI,8/11/2024 17:04,345701,710,,,,Retained,,
2024,536,611,1,7,NSEI,8/12/2024 14:58,345701,710,,,,Retained,,
2024,536,611,1,9,NSEI,8/13/2024 14:31,345701,710,,,,Retained,,
2024,536,611,1,10,NSEI,8/13/2024 17:10,345701,710,,,,Retained,,
2024,537,611,1,1,NSEI,8/9/2024 16:44,345631,710,,,,Retained,,
2024,537,611,1,2,NSEI,8/9/2024 21:26,345631,710,,,,Retained,,
2024,537,611,1,3,NSEI,8/10/2024 16:22,345631,710,,,,Retained,,
2024,537,611,1,4,NSEI,8/10/2024 19:52,345631,710,,,,Retained,,
2024,537,611,1,5,NSEI,8/11/2024 17:04,345701,710,,,,Retained,,
2024,537,611,1,7,NSEI,8/12/2024 14:58,345701,710,,,,Retained,,
2024,537,611,1,9,NSEI,8/13/2024 14:31,345701,710,,,,Retained,,
2024,537,611,1,10,NSEI,8/13/2024 17:10,345701,710,,,,Retained,,
2024,538,611,1,1,NSEI,8/9/2024 16:44,345631,710,,,,Retained,,
2024,538,611,1,2,NSEI,8/9/2024 21:26,345631,710,,,,Retained,,
2024,538,611,1,3,NSEI,8/10/2024 16:22,345631,710,,,,Retained,,
2024,538,611,1,4,NSEI,8/10/2024 19:52,345631,710,,,,Retained,,
2024,538,611,1,5,NSEI,8/11/2024 17:04,345701,710,,,,Retained,,
2024,538,611,1,7,NSEI,8/12/2024 14:58,345701,710,,,,Retained,,
2024,538,611,1,9,NSEI,8/13/2024 14:31,345701,710,,,,Retained,,
2024,538,611,1,10,NSEI,8/13/2024 17:10,345701,710,,,,Retained,,
2024,539,611,1,2,NSEI,8/9/2024 21:26,345631,710,,,,Retained,,
2024,539,611,1,3,NSEI,8/10/2024 16:22,345631,710,,,,Retained,,
2024,539,611,1,4,NSEI,8/10/2024 19:52,345631,710,,,,Retained,,
2024,539,611,1,5,NSEI,8/11/2024 17:04,345701,710,,,,Retained,,
2024,539,611,1,7,NSEI,8/12/2024 14:58,345701,710,,,,Retained,,
2024,539,611,1,9,NSEI,8/13/2024 14:31,345701,710,,,,Retained,,
2024,539,611,1,10,NSEI,8/13/2024 17:10,345701,710,,,,Retained,,
2024,540,611,1,2,NSEI,8/9/2024 21:26,345631,710,,,,Retained,,
2024,540,611,1,3,NSEI,8/10/2024 16:22,345631,710,,,,Retained,,
2024,540,611,1,4,NSEI,8/10/2024 19:52,345631,710,,,,Retained,,
2024,540,611,1,5,NSEI,8/11/2024 17:04,345701,710,,,,Retained,,
2024,540,611,1,7,NSEI,8/12/2024 14:58,345701,710,,,,Retained,,
2024,540,611,1,9,NSEI,8/13/2024 14:31,345701,710,,,,Retained,,
2024,540,611,1,10,NSEI,8/13/2024 17:10,345701,710,,,,Retained,,
2024,541,611,1,2,NSEI,8/9/2024 21:26,345631,710,,,,Retained,,
2024,541,611,1,3,NSEI,8/10/2024 16:22,345631,710,,,,Retained,,
2024,541,611,1,4,NSEI,8/10/2024 19:52,345631,710,,,,Retained,,
2024,541,611,1,5,NSEI,8/11/2024 17:04,345701,710,,,,Retained,,
2024,541,611,1,7,NSEI,8/12/2024 14:58,345701,710,,,,Retained,,
2024,541,611,1,9,NSEI,8/13/2024 14:31,345701,710,,,,Retained,,
2024,541,611,1,10,NSEI,8/13/2024 17:10,345701,710,,,,Retained,,
2024,542,611,1,2,NSEI,8/9/2024 21:26,345631,710,,,,Retained,,
2024,542,611,1,3,NSEI,8/10/2024 16:22,345631,710,,,,Retained,,
2024,542,611,1,4,NSEI,8/10/2024 19:52,345631,710,,,,Retained,,
2024,542,611,1,5,NSEI,8/11/2024 17:04,345701,710,,,,Retained,,
2024,542,611,1,7,NSEI,8/12/2024 14:58,345701,710,,,,Retained,,
2024,542,611,1,9,NSEI,8/13/2024 14:31,345701,710,,,,Retained,,
2024,542,611,1,10,NSEI,8/13/2024 17:10,345701,710,,,,Retained,,
2024,543,611,1,3,NSEI,8/10/2024 16:22,345631,710,,,,Retained,,
2024,543,611,1,4,NSEI,8/10/2024 19:52,345631,710,,,,Retained,,
2024,543,611,1,5,NSEI,8/11/2024 17:04,345701,710,,,,Retained,,
2024,543,611,1,7,NSEI,8/12/2024 14:58,345701,710,,,,Retained,,
2024,543,611,1,9,NSEI,8/13/2024 14:31,345701,710,,,,Retained,,
2024,543,611,1,10,NSEI,8/13/2024 17:10,345701,710,,,,Retained,,
2024,544,611,1,3,NSEI,8/10/2024 16:22,345631,710,,,,Retained,,
2024,544,611,1,4,NSEI,8/10/2024 19:52,345631,710,,,,Retained,,
2024,544,611,1,5,NSEI,8/11/2024 17:04,345701,710,,,,Retained,,
2024,544,611,1,7,NSEI,8/12/2024 14:58,345701,710,,,,Retained,,
2024,544,611,1,9,NSEI,8/13/2024 14:31,345701,710,,,,Retained,,
2024,544,611,1,10,NSEI,8/13/2024 17:10,345701,710,,,,Retained,,
2024,545,611,1,2,NSEI,8/9/2024 21:26,345631,710,,,,Retained,,
2024,545,611,1,3,NSEI,8/10/2024 16:22,345631,710,,,,Retained,,
2024,545,611,1,4,NSEI,8/10/2024 19:52,345631,710,,,,Retained,,
2024,545,611,1,5,NSEI,8/11/2024 17:04,345701,710,,,,Retained,,
2024,545,611,1,7,NSEI,8/12/2024 14:58,345701,710,,,,Retained,,
2024,545,611,1,9,NSEI,8/13/2024 14:31,345701,710,,,,Retained,,
2024,545,611,1,10,NSEI,8/13/2024 17:10,345701,710,,,,Retained,,
2024,546,611,1,3,NSEI,8/10/2024 16:22,345631,710,,,,Retained,,
2024,546,611,1,4,NSEI,8/10/2024 19:52,345631,710,,,,Retained,,
2024,546,611,1,5,NSEI,8/11/2024 17:04,345701,710,,,,Retained,,
2024,546,611,1,7,NSEI,8/12/2024 14:58,345701,710,,,,Retained,,
2024,546,611,1,9,NSEI,8/13/2024 14:31,345701,710,,,,Retained,,
2024,546,611,1,10,NSEI,8/13/2024 17:10,345701,710,,,,Retained,,
2024,547,611,1,3,NSEI,8/10/2024 16:22,345631,710,,,,Retained,,
2024,547,611,1,4,NSEI,8/10/2024 19:52,345631,710,,,,Retained,,
2024,547,611,1,5,NSEI,8/11/2024 17:04,345701,710,,,,Retained,,
2024,547,611,1,7,NSEI,8/12/2024 14:58,345701,710,,,,Retained,,
2024,547,611,1,9,NSEI,8/13/2024 14:31,345701,710,,,,Retained,,
2024,547,611,1,10,NSEI,8/13/2024 17:10,345701,710,,,,Retained,,
2024,548,611,1,3,NSEI,8/10/2024 16:22,345631,710,,,,Retained,,
2024,548,611,1,4,NSEI,8/10/2024 19:52,345631,710,,,,Retained,,
2024,548,611,1,5,NSEI,8/11/2024 17:04,345701,710,,,,Retained,,
2024,548,611,1,7,NSEI,8/12/2024 14:58,345701,710,,,,Retained,,
2024,548,611,1,9,NSEI,8/13/2024 14:31,345701,710,,,,Retained,,
2024,548,611,1,10,NSEI,8/13/2024 17:10,345701,710,,,,Retained,,
2024,549,611,1,3,NSEI,8/10/2024 16:22,345631,710,,,,Retained,,
2024,549,611,1,4,NSEI,8/10/2024 19:52,345631,710,,,,Retained,,
2024,549,611,1,5,NSEI,8/11/2024 17:04,345701,710,,,,Retained,,
2024,549,611,1,7,NSEI,8/12/2024 14:58,345701,710,,,,Retained,,
2024,549,611,1,9,NSEI,8/13/2024 14:31,345701,710,,,,Retained,,
2024,549,611,1,10,NSEI,8/13/2024 17:10,345701,710,,,,Retained,,
2024,550,611,1,3,NSEI,8/10/2024 16:22,345631,710,,,,Retained,,
2024,550,611,1,4,NSEI,8/10/2024 19:52,345631,710,,,,Retained,,
2024,550,611,1,5,NSEI,8/11/2024 17:04,345701,710,,,,Retained,,
2024,550,611,1,7,NSEI,8/12/2024 14:58,345701,710,,,,Retained,,
2024,550,611,1,9,NSEI,8/13/2024 14:31,345701,710,,,,Retained,,
2024,550,611,1,10,NSEI,8/13/2024 17:10,345701,710,,,,Retained,,
2024,551,611,1,3,NSEI,8/10/2024 16:22,345631,710,,,,Retained,,
2024,551,611,1,4,NSEI,8/10/2024 19:52,345631,710,,,,Retained,,
2024,551,611,1,5,NSEI,8/11/2024 17:04,345701,710,,,,Retained,,
2024,551,611,1,7,NSEI,8/12/2024 14:58,345701,710,,,,Retained,,
2024,551,611,1,9,NSEI,8/13/2024 14:31,345701,710,,,,Retained,,
2024,551,611,1,10,NSEI,8/13/2024 17:10,345701,710,,,,Retained,,
2024,552,611,1,3,NSEI,8/10/2024 16:22,345631,710,,,,Retained,,
2024,552,611,1,4,NSEI,8/10/2024 19:52,345631,710,,,,Retained,,
2024,552,611,1,5,NSEI,8/11/2024 17:04,345701,710,,,,Retained,,
2024,552,611,1,7,NSEI,8/12/2024 14:58,345701,710,,,,Retained,,
2024,552,611,1,9,NSEI,8/13/2024 14:31,345701,710,,,,Retained,,
2024,552,611,1,10,NSEI,8/13/2024 17:10,345701,710,,,,Retained,,
2024,553,611,1,3,NSEI,8/10/2024 16:22,345631,710,,,,Retained,,
2024,553,611,1,4,NSEI,8/10/2024 19:52,345631,710,,,,Retained,,
2024,553,611,1,5,NSEI,8/11/2024 17:04,345701,710,,,,Retained,,
2024,553,611,1,7,NSEI,8/12/2024 14:58,345701,710,,,,Retained,,
2024,553,611,1,9,NSEI,8/13/2024 14:31,345701,710,,,,Retained,,
2024,553,611,1,10,NSEI,8/13/2024 17:10,345701,710,,,,Retained,,
2024,554,611,1,3,NSEI,8/10/2024 16:22,345631,710,,,,Retained,,
2024,554,611,1,4,NSEI,8/10/2024 19:52,345631,710,,,,Retained,,
2024,554,611,1,5,NSEI,8/11/2024 17:04,345701,710,,,,Retained,,
2024,554,611,1,7,NSEI,8/12/2024 14:58,345701,710,,,,Retained,,
2024,554,611,1,9,NSEI,8/13/2024 14:31,345701,710,,,,Retained,,
2024,554,611,1,10,NSEI,8/13/2024 17:10,345701,710,,,,Retained,,
2024,555,611,1,3,NSEI,8/10/2024 16:22,345631,710,,,,Retained,,
2024,555,611,1,4,NSEI,8/10/2024 19:52,345631,710,,,,Retained,,
2024,555,611,1,5,NSEI,8/11/2024 17:04,345701,710,,,,Retained,,
2024,555,611,1,7,NSEI,8/12/2024 14:58,345701,710,,,,Retained,,
2024,555,611,1,9,NSEI,8/13/2024 14:31,345701,710,,,,Retained,,
2024,555,611,1,10,NSEI,8/13/2024 17:10,345701,710,,,,Retained,,
2024,556,611,1,3,NSEI,8/10/2024 16:22,345631,710,,,,Retained,,
2024,556,611,1,4,NSEI,8/10/2024 19:52,345631,710,,,,Retained,,
2024,556,611,1,5,NSEI,8/11/2024 17:04,345701,710,,,,Retained,,
2024,556,611,1,7,NSEI,8/12/2024 14:58,345701,710,,,,"Discarded, too small",,
2024,556,611,1,9,NSEI,8/13/2024 14:31,345701,710,,,,Retained,,
2024,556,611,1,10,NSEI,8/13/2024 17:10,345701,710,,,,Retained,,
2024,557,611,1,3,NSEI,8/10/2024 16:22,345631,710,,,,Retained,,
2024,557,611,1,4,NSEI,8/10/2024 19:52,345631,710,,,,Retained,,
2024,557,611,1,5,NSEI,8/11/2024 17:04,345701,710,,,,Retained,,
2024,557,611,1,7,NSEI,8/12/2024 14:58,345701,710,,,,"Discarded, too small",,
2024,557,611,1,9,NSEI,8/13/2024 14:31,345701,710,,,,Retained,,
2024,557,611,1,10,NSEI,8/13/2024 17:10,345701,710,,,,Retained,,
2024,558,611,1,3,NSEI,8/10/2024 16:22,345631,710,,,,Retained,,
2024,558,611,1,4,NSEI,8/10/2024 19:52,345631,710,,,,Retained,,
2024,558,611,1,5,NSEI,8/11/2024 17:04,345701,710,,,,Retained,,
2024,558,611,1,7,NSEI,8/12/2024 14:58,345701,710,,,,Retained,,
2024,558,611,1,9,NSEI,8/13/2024 14:31,345701,710,,,,Retained,,
2024,558,611,1,10,NSEI,8/13/2024 17:10,345701,710,,,,Retained,,
2024,559,611,1,3,NSEI,8/10/2024 16:22,345631,710,,,,Retained,,
2024,559,611,1,4,NSEI,8/10/2024 19:52,345631,710,,,,Retained,,
2024,559,611,1,5,NSEI,8/11/2024 17:04,345701,710,,,,Retained,,
2024,559,611,1,7,NSEI,8/12/2024 14:58,345701,710,,,,Retained,,
2024,559,611,1,9,NSEI,8/13/2024 14:31,345701,710,,,,Retained,,
2024,559,611,1,10,NSEI,8/13/2024 17:10,345701,710,,,,Retained,,
2024,560,611,1,3,NSEI,8/10/2024 16:22,345631,710,,,,Retained,,
2024,560,611,1,4,NSEI,8/10/2024 19:52,345631,710,,,,Retained,,
2024,560,611,1,5,NSEI,8/11/2024 17:04,345701,710,,,,Retained,,
2024,560,611,1,7,NSEI,8/12/2024 14:58,345701,710,,,,Retained,,
2024,560,611,1,9,NSEI,8/13/2024 14:31,345701,710,,,,Retained,,
2024,560,611,1,10,NSEI,8/13/2024 17:10,345701,710,,,,Retained,,
2024,561,611,1,3,NSEI,8/10/2024 16:22,345631,710,,,,Retained,,
2024,561,611,1,4,NSEI,8/10/2024 19:52,345631,710,,,,Retained,,
2024,561,611,1,5,NSEI,8/11/2024 17:04,345701,710,,,,Retained,,
2024,561,611,1,7,NSEI,8/12/2024 14:58,345701,710,,,,Retained,,
2024,561,611,1,9,NSEI,8/13/2024 14:31,345701,710,,,,Retained,,
2024,561,611,1,10,NSEI,8/13/2024 17:10,345701,710,,,,Retained,,
2024,562,611,1,3,NSEI,8/10/2024 16:22,345631,710,,,,Retained,,
2024,562,611,1,4,NSEI,8/10/2024 19:52,345631,710,,,,Retained,,
2024,562,611,1,5,NSEI,8/11/2024 17:04,345701,710,,,,Retained,,
2024,562,611,1,7,NSEI,8/12/2024 14:58,345701,710,,,,Retained,,
2024,562,611,1,9,NSEI,8/13/2024 14:31,345701,710,,,,Retained,,
2024,562,611,1,10,NSEI,8/13/2024 17:10,345701,710,,,,Retained,,
2024,563,611,1,3,NSEI,8/10/2024 16:22,345631,710,,,,Retained,,
2024,563,611,1,4,NSEI,8/10/2024 19:52,345631,710,,,,Retained,,
2024,563,611,1,5,NSEI,8/11/2024 17:04,345701,710,,,,Retained,,
2024,563,611,1,7,NSEI,8/12/2024 14:58,345701,710,,,,Retained,,
2024,563,611,1,9,NSEI,8/13/2024 14:31,345701,710,,,,Retained,,
2024,563,611,1,10,NSEI,8/13/2024 17:10,345701,710,,,,Retained,,
2024,564,611,1,3,NSEI,8/10/2024 16:22,345631,710,,,,Retained,,
2024,564,611,1,4,NSEI,8/10/2024 19:52,345631,710,,,,Retained,,
2024,564,611,1,5,NSEI,8/11/2024 17:04,345701,710,,,,Retained,,
2024,564,611,1,7,NSEI,8/12/2024 14:58,345701,710,,,,Retained,,
2024,564,611,1,9,NSEI,8/13/2024 14:31,345701,710,,,,Retained,,
2024,564,611,1,10,NSEI,8/13/2024 17:10,345701,710,,,,Retained,,
2024,565,611,1,3,NSEI,8/10/2024 16:22,345631,710,,,,Retained,,
2024,565,611,1,4,NSEI,8/10/2024 19:52,345631,710,,,,Retained,,
2024,565,611,1,5,NSEI,8/11/2024 17:04,345701,710,,,,Retained,,
2024,565,611,1,7,NSEI,8/12/2024 14:58,345701,710,,,,Retained,,
2024,565,611,1,9,NSEI,8/13/2024 14:31,345701,710,,,,Retained,,
2024,565,611,1,10,NSEI,8/13/2024 17:10,345701,710,,,,Retained,,
2024,566,611,1,3,NSEI,8/10/2024 16:22,345631,710,,,,Retained,,
2024,566,611,1,4,NSEI,8/10/2024 19:52,345631,710,,,,Retained,,
2024,566,611,1,5,NSEI,8/11/2024 17:04,345701,710,,,,Retained,,
2024,566,611,1,7,NSEI,8/12/2024 14:58,345701,710,,,,Retained,,
2024,566,611,1,9,NSEI,8/13/2024 14:31,345701,710,,,,Retained,,
2024,566,611,1,10,NSEI,8/13/2024 17:10,345701,710,,,,Retained,,
2024,567,611,1,3,NSEI,8/10/2024 16:22,345631,710,,,,Retained,,
2024,567,611,1,4,NSEI,8/10/2024 19:52,345631,710,,,,Retained,,
2024,567,611,1,5,NSEI,8/11/2024 17:04,345701,710,,,,Retained,,
2024,567,611,1,7,NSEI,8/12/2024 14:58,345701,710,,,,Retained,,
2024,567,611,1,9,NSEI,8/13/2024 14:31,345701,710,,,,Retained,,
2024,567,611,1,10,NSEI,8/13/2024 17:10,345701,710,,,,Retained,,
2024,568,611,1,3,NSEI,8/10/2024 16:22,345631,710,,,,Retained,,
2024,568,611,1,4,NSEI,8/10/2024 19:52,345631,710,,,,Retained,,
2024,568,611,1,5,NSEI,8/11/2024 17:04,345701,710,,,,Retained,,
2024,568,611,1,7,NSEI,8/12/2024 14:58,345701,710,,,,Retained,,
2024,568,611,1,9,NSEI,8/13/2024 14:31,345701,710,,,,Retained,,
2024,568,611,1,10,NSEI,8/13/2024 17:10,345701,710,,,,Retained,,
2024,569,611,1,3,NSEI,8/10/2024 16:22,345631,710,,,,Retained,,
2024,569,611,1,4,NSEI,8/10/2024 19:52,345631,710,,,,Retained,,
2024,569,611,1,5,NSEI,8/11/2024 17:04,345701,710,,,,Retained,,
2024,569,611,1,7,NSEI,8/12/2024 14:58,345701,710,,,,Retained,,
2024,569,611,1,9,NSEI,8/13/2024 14:31,345701,710,,,,Retained,,
2024,569,611,1,10,NSEI,8/13/2024 17:10,345701,710,,,,Retained,,
2024,570,611,1,3,NSEI,8/10/2024 16:22,345631,710,,,,Retained,,
2024,570,611,1,4,NSEI,8/10/2024 19:52,345631,710,,,,Retained,,
2024,570,611,1,5,NSEI,8/11/2024 17:04,345701,710,,,,Retained,,
2024,570,611,1,7,NSEI,8/12/2024 14:58,345701,710,,,,Retained,,
2024,570,611,1,9,NSEI,8/13/2024 14:31,345701,710,,,,Retained,,
2024,570,611,1,10,NSEI,8/13/2024 17:10,345701,710,,,,Retained,,
2024,571,611,1,3,NSEI,8/10/2024 16:22,345631,710,,,,Retained,,
2024,571,611,1,4,NSEI,8/10/2024 19:52,345631,710,,,,Retained,,
2024,571,611,1,5,NSEI,8/11/2024 17:04,345701,710,,,,Retained,,
2024,571,611,1,7,NSEI,8/12/2024 14:58,345701,710,,,,Retained,,
2024,571,611,1,9,NSEI,8/13/2024 14:31,345701,710,,,,Retained,,
2024,571,611,1,10,NSEI,8/13/2024 17:10,345701,710,,,,Retained,,
2024,572,611,1,3,NSEI,8/10/2024 16:22,345631,710,,,,Retained,,
2024,572,611,1,4,NSEI,8/10/2024 19:52,345631,710,,,,Retained,,
2024,572,611,1,5,NSEI,8/11/2024 17:04,345701,710,,,,Retained,,
2024,572,611,1,7,NSEI,8/12/2024 14:58,345701,710,,,,Retained,,
2024,572,611,1,9,NSEI,8/13/2024 14:31,345701,710,,,,Retained,,
2024,572,611,1,10,NSEI,8/13/2024 17:10,345701,710,,,,Retained,,
2024,573,611,1,3,NSEI,8/10/2024 16:22,345631,710,,,,Retained,,
2024,573,611,1,4,NSEI,8/10/2024 19:52,345631,710,,,,Retained,,
2024,573,611,1,5,NSEI,8/11/2024 17:04,345701,710,,,,Retained,,
2024,573,611,1,7,NSEI,8/12/2024 14:58,345701,710,,,,Retained,,
2024,573,611,1,9,NSEI,8/13/2024 14:31,345701,710,,,,Retained,,
2024,573,611,1,10,NSEI,8/13/2024 17:10,345701,710,,,,Retained,,
2024,574,611,1,3,NSEI,8/10/2024 16:22,345631,710,,,,Retained,,
2024,574,611,1,4,NSEI,8/10/2024 19:52,345631,710,,,,Retained,,
2024,574,611,1,5,NSEI,8/11/2024 17:04,345701,710,,,,Retained,,
2024,574,611,1,7,NSEI,8/12/2024 14:58,345701,710,,,,Retained,,
2024,574,611,1,9,NSEI,8/13/2024 14:31,345701,710,,,,Retained,,
2024,574,611,1,10,NSEI,8/13/2024 17:10,345701,710,,,,Retained,,
2024,575,611,1,3,NSEI,8/10/2024 16:22,345631,710,,,,Retained,,
2024,575,611,1,4,NSEI,8/10/2024 19:52,345631,710,,,,Retained,,
2024,575,611,1,5,NSEI,8/11/2024 17:04,345701,710,,,,Retained,,
2024,575,611,1,7,NSEI,8/12/2024 14:58,345701,710,,,,Retained,,
2024,575,611,1,9,NSEI,8/13/2024 14:31,345701,710,,,,Retained,,
2024,575,611,1,10,NSEI,8/13/2024 17:10,345701,710,,,,Retained,,
2024,576,611,1,3,NSEI,8/10/2024 16:22,345631,710,,,,Retained,,
2024,576,611,1,4,NSEI,8/10/2024 19:52,345631,710,,,,Retained,,
2024,576,611,1,5,NSEI,8/11/2024 17:04,345701,710,,,,Retained,,
2024,576,611,1,7,NSEI,8/12/2024 14:58,345701,710,,,,Retained,,
2024,576,611,1,9,NSEI,8/13/2024 14:31,345701,710,,,,Retained,,
2024,576,611,1,10,NSEI,8/13/2024 17:10,345701,710,,,,Retained,,
2024,577,611,1,3,NSEI,8/10/2024 16:22,345631,710,,,,Retained,,
2024,577,611,1,4,NSEI,8/10/2024 19:52,345631,710,,,,Retained,,
2024,577,611,1,5,NSEI,8/11/2024 17:04,345701,710,,,,Retained,,
2024,577,611,1,7,NSEI,8/12/2024 14:58,345701,710,,,,Retained,,
2024,577,611,1,9,NSEI,8/13/2024 14:31,345701,710,,,,Retained,,
2024,577,611,1,10,NSEI,8/13/2024 17:10,345701,710,,,,Retained,,
2024,578,611,1,3,NSEI,8/10/2024 16:22,345631,710,,,,Retained,,
2024,578,611,1,4,NSEI,8/10/2024 19:52,345631,710,,,,Retained,,
2024,578,611,1,5,NSEI,8/11/2024 17:04,345701,710,,,,Retained,,
2024,578,611,1,7,NSEI,8/12/2024 14:58,345701,710,,,,Retained,,
2024,578,611,1,9,NSEI,8/13/2024 14:31,345701,710,,,,Retained,,
2024,578,611,1,10,NSEI,8/13/2024 17:10,345701,710,,,,Retained,,
2024,579,611,1,3,NSEI,8/10/2024 16:22,345631,710,,,,Retained,,
2024,579,611,1,4,NSEI,8/10/2024 19:52,345631,710,,,,Retained,,
2024,579,611,1,5,NSEI,8/11/2024 17:04,345701,710,,,,Retained,,
2024,579,611,1,7,NSEI,8/12/2024 14:58,345701,710,,,,Retained,,
2024,579,611,1,9,NSEI,8/13/2024 14:31,345701,710,,,,Retained,,
2024,579,611,1,10,NSEI,8/13/2024 17:10,345701,710,,,,Retained,,
2024,580,611,1,3,NSEI,8/10/2024 16:22,345631,710,,,,Retained,,
2024,580,611,1,4,NSEI,8/10/2024 19:52,345631,710,,,,Retained,,
2024,580,611,1,5,NSEI,8/11/2024 17:04,345701,710,,,,Retained,,
2024,580,611,1,7,NSEI,8/12/2024 14:58,345701,710,,,,"Discarded, too small",,
2024,580,611,1,9,NSEI,8/13/2024 14:31,345701,710,,,,Retained,,
2024,580,611,1,10,NSEI,8/13/2024 17:10,345701,710,,,,Retained,,
2024,581,611,1,3,NSEI,8/10/2024 16:22,345631,710,,,,Retained,,
2024,581,611,1,4,NSEI,8/10/2024 19:52,345631,710,,,,Retained,,
2024,581,611,1,5,NSEI,8/11/2024 17:04,345701,710,,,,Retained,,
2024,581,611,1,7,NSEI,8/12/2024 14:58,345701,710,,,,"Discarded, too small",,
2024,581,611,1,9,NSEI,8/13/2024 14:31,345701,710,,,,Retained,,
2024,581,611,1,10,NSEI,8/13/2024 17:10,345701,710,,,,Retained,,
2024,582,611,1,3,NSEI,8/10/2024 16:22,345631,710,,,,Retained,,
2024,582,611,1,4,NSEI,8/10/2024 19:52,345631,710,,,,Retained,,
2024,582,611,1,5,NSEI,8/11/2024 17:04,345701,710,,,,Retained,,
2024,582,611,1,7,NSEI,8/12/2024 14:58,345701,710,,,,Retained,,
2024,582,611,1,9,NSEI,8/13/2024 14:31,345701,710,,,,Retained,,
2024,582,611,1,10,NSEI,8/13/2024 17:10,345701,710,,,,Retained,,
2024,583,611,1,3,NSEI,8/10/2024 16:22,345631,710,,,,Retained,,
2024,583,611,1,4,NSEI,8/10/2024 19:52,345631,710,,,,Retained,,
2024,583,611,1,5,NSEI,8/11/2024 17:04,345701,710,,,,Retained,,
2024,583,611,1,7,NSEI,8/12/2024 14:58,345701,710,,,,Retained,,
2024,583,611,1,9,NSEI,8/13/2024 14:31,345701,710,,,,Retained,,
2024,583,611,1,10,NSEI,8/13/2024 17:10,345701,710,,,,Retained,,
2024,584,611,1,3,NSEI,8/10/2024 16:22,345631,710,,,,Retained,,
2024,584,611,1,4,NSEI,8/10/2024 19:52,345631,710,,,,Retained,,
2024,584,611,1,5,NSEI,8/11/2024 17:04,345701,710,,,,Retained,,
2024,584,611,1,7,NSEI,8/12/2024 14:58,345701,710,,,,Retained,,
2024,584,611,1,9,NSEI,8/13/2024 14:31,345701,710,,,,Retained,,
2024,584,611,1,10,NSEI,8/13/2024 17:10,345701,710,,,,Retained,,
2024,585,611,1,3,NSEI,8/10/2024 16:22,345631,710,,,,Retained,,
2024,585,611,1,4,NSEI,8/10/2024 19:52,345631,710,,,,Retained,,
2024,585,611,1,5,NSEI,8/11/2024 17:04,345701,710,,,,Retained,,
2024,585,611,1,7,NSEI,8/12/2024 14:58,345701,710,,,,Retained,,
2024,585,611,1,9,NSEI,8/13/2024 14:31,345701,710,,,,Retained,,
2024,585,611,1,10,NSEI,8/13/2024 17:10,345701,710,,,,Retained,,
2024,586,611,1,3,NSEI,8/10/2024 16:22,345631,710,,,,Retained,,
2024,586,611,1,4,NSEI,8/10/2024 19:52,345631,710,,,,Retained,,
2024,586,611,1,5,NSEI,8/11/2024 17:04,345701,710,,,,Retained,,
2024,586,611,1,7,NSEI,8/12/2024 14:58,345701,710,,,,Retained,,
2024,586,611,1,9,NSEI,8/13/2024 14:31,345701,710,,,,Retained,,
2024,586,611,1,10,NSEI,8/13/2024 17:10,345701,710,,,,Retained,,
2024,587,611,1,3,NSEI,8/10/2024 16:22,345631,710,,,,Retained,,
2024,587,611,1,4,NSEI,8/10/2024 19:52,345631,710,,,,Retained,,
2024,587,611,1,5,NSEI,8/11/2024 17:04,345701,710,,,,Retained,,
2024,587,611,1,7,NSEI,8/12/2024 14:58,345701,710,,,,Retained,,
2024,587,611,1,9,NSEI,8/13/2024 14:31,345701,710,,,,Retained,,
2024,587,611,1,10,NSEI,8/13/2024 17:10,345701,710,,,,Retained,,
2024,588,611,1,3,NSEI,8/10/2024 16:22,345631,710,,,,Retained,,
2024,588,611,1,4,NSEI,8/10/2024 19:52,345631,710,,,,Retained,,
2024,588,611,1,5,NSEI,8/11/2024 17:04,345701,710,,,,Retained,,
2024,588,611,1,7,NSEI,8/12/2024 14:58,345701,710,,,,Retained,,
2024,588,611,1,9,NSEI,8/13/2024 14:31,345701,710,,,,Retained,,
2024,588,611,1,10,NSEI,8/13/2024 17:10,345701,710,,,,Retained,,
2024,589,611,1,3,NSEI,8/10/2024 16:22,345631,710,,,,Retained,,
2024,589,611,1,4,NSEI,8/10/2024 19:52,345631,710,,,,Retained,,
2024,589,611,1,5,NSEI,8/11/2024 17:04,345701,710,,,,Retained,,
2024,589,611,1,7,NSEI,8/12/2024 14:58,345701,710,,,,Retained,,
2024,589,611,1,9,NSEI,8/13/2024 14:31,345701,710,,,,Retained,,
2024,589,611,1,10,NSEI,8/13/2024 17:10,345701,710,,,,Retained,,
2024,590,611,1,3,NSEI,8/10/2024 16:22,345631,710,,,,Retained,,
2024,590,611,1,4,NSEI,8/10/2024 19:52,345631,710,,,,Retained,,
2024,590,611,1,5,NSEI,8/11/2024 17:04,345701,710,,,,Retained,,
2024,590,611,1,7,NSEI,8/12/2024 14:58,345701,710,,,,Retained,,
2024,590,611,1,9,NSEI,8/13/2024 14:31,345701,710,,,,Retained,,
2024,590,611,1,10,NSEI,8/13/2024 17:10,345701,710,,,,Retained,,
2024,591,611,1,3,NSEI,8/10/2024 16:22,345631,710,,,,Retained,,
2024,591,611,1,4,NSEI,8/10/2024 19:52,345631,710,,,,Retained,,
2024,591,611,1,5,NSEI,8/11/2024 17:04,345701,710,,,,Retained,,
2024,591,611,1,7,NSEI,8/12/2024 14:58,345701,710,,,,Retained,,
2024,591,611,1,9,NSEI,8/13/2024 14:31,345701,710,,,,Retained,,
2024,591,611,1,10,NSEI,8/13/2024 17:10,345701,710,,,,Retained,,
2024,592,611,1,3,NSEI,8/10/2024 16:22,345631,710,,,,Retained,,
2024,592,611,1,4,NSEI,8/10/2024 19:52,345631,710,,,,Retained,,
2024,592,611,1,5,NSEI,8/11/2024 17:04,345701,710,,,,Retained,,
2024,592,611,1,7,NSEI,8/12/2024 14:58,345701,710,,,,Retained,,
2024,592,611,1,9,NSEI,8/13/2024 14:31,345701,710,,,,Retained,,
2024,592,611,1,10,NSEI,8/13/2024 17:10,345701,710,,,,Retained,,
2024,593,611,1,3,NSEI,8/10/2024 16:22,345631,710,,,,Retained,,
2024,593,611,1,4,NSEI,8/10/2024 19:52,345631,710,,,,Retained,,
2024,593,611,1,5,NSEI,8/11/2024 17:04,345701,710,,,,Retained,,
2024,593,611,1,7,NSEI,8/12/2024 14:58,345701,710,,,,Retained,,
2024,593,611,1,9,NSEI,8/13/2024 14:31,345701,710,,,,Retained,,
2024,593,611,1,10,NSEI,8/13/2024 17:10,345701,710,,,,Retained,,
2024,594,611,1,3,NSEI,8/10/2024 16:22,345631,710,,,,Retained,,
2024,594,611,1,4,NSEI,8/10/2024 19:52,345631,710,,,,Retained,,
2024,594,611,1,5,NSEI,8/11/2024 17:04,345701,710,,,,Retained,,
2024,594,611,1,7,NSEI,8/12/2024 14:58,345701,710,,,,Retained,,
2024,594,611,1,9,NSEI,8/13/2024 14:31,345701,710,,,,"Discarded, too small",,
2024,594,611,1,10,NSEI,8/13/2024 17:10,345701,710,,,,Retained,,
2024,595,611,1,3,NSEI,8/10/2024 16:22,345631,710,,,,Retained,,
2024,595,611,1,4,NSEI,8/10/2024 19:52,345631,710,,,,Retained,,
2024,595,611,1,5,NSEI,8/11/2024 17:04,345701,710,,,,Retained,,
2024,595,611,1,7,NSEI,8/12/2024 14:58,345701,710,,,,Retained,,
2024,595,611,1,9,NSEI,8/13/2024 14:31,345701,710,,,,Retained,,
2024,595,611,1,10,NSEI,8/13/2024 17:10,345701,710,,,,Retained,,
2024,596,611,1,3,NSEI,8/10/2024 16:22,345631,710,,,,Retained,,
2024,596,611,1,4,NSEI,8/10/2024 19:52,345631,710,,,,Retained,,
2024,596,611,1,5,NSEI,8/11/2024 17:04,345701,710,,,,Retained,,
2024,596,611,1,7,NSEI,8/12/2024 14:58,345701,710,,,,Retained,,
2024,596,611,1,9,NSEI,8/13/2024 14:31,345701,710,,,,Retained,,
2024,596,611,1,10,NSEI,8/13/2024 17:10,345701,710,,,,Retained,,
2024,597,611,1,3,NSEI,8/10/2024 16:22,345631,710,,,,Retained,,
2024,597,611,1,4,NSEI,8/10/2024 19:52,345631,710,,,,Retained,,
2024,597,611,1,5,NSEI,8/11/2024 17:04,345701,710,,,,Retained,,
2024,597,611,1,7,NSEI,8/12/2024 14:58,345701,710,,,,Retained,,
2024,597,611,1,9,NSEI,8/13/2024 14:31,345701,710,,,,Retained,,
2024,597,611,1,10,NSEI,8/13/2024 17:10,345701,710,,,,Retained,,
2024,598,611,1,3,NSEI,8/10/2024 16:22,345631,710,,,,Retained,,
2024,598,611,1,4,NSEI,8/10/2024 19:52,345631,710,,,,Retained,,
2024,598,611,1,5,NSEI,8/11/2024 17:04,345701,710,,,,Retained,,
2024,598,611,1,7,NSEI,8/12/2024 14:58,345701,710,,,,Retained,,
2024,598,611,1,9,NSEI,8/13/2024 14:31,345701,710,,,,Retained,,
2024,598,611,1,10,NSEI,8/13/2024 17:10,345701,710,,,,Retained,,
2024,599,611,1,3,NSEI,8/10/2024 16:22,345631,710,,,,Retained,,
2024,599,611,1,4,NSEI,8/10/2024 19:52,345631,710,,,,Retained,,
2024,599,611,1,5,NSEI,8/11/2024 17:04,345701,710,,,,Retained,,
2024,599,611,1,7,NSEI,8/12/2024 14:58,345701,710,,,,Retained,,
2024,599,611,1,9,NSEI,8/13/2024 14:31,345701,710,,,,Retained,,
2024,599,611,1,10,NSEI,8/13/2024 17:10,345701,710,,,,Retained,,
2024,600,611,1,3,NSEI,8/10/2024 16:22,345631,710,,,,Retained,,
2024,600,611,1,4,NSEI,8/10/2024 19:52,345631,710,,,,Retained,,
2024,600,611,1,5,NSEI,8/11/2024 17:04,345701,710,,,,Retained,,
2024,600,611,1,7,NSEI,8/12/2024 14:58,345701,710,,,,Retained,,
2024,600,611,1,9,NSEI,8/13/2024 14:31,345701,710,,,,Retained,,
2024,600,611,1,10,NSEI,8/13/2024 17:10,345701,710,,,,Retained,,
2024,601,611,1,3,NSEI,8/10/2024 16:22,345631,710,,,,Retained,,
2024,601,611,1,4,NSEI,8/10/2024 19:52,345631,710,,,,Retained,,
2024,601,611,1,5,NSEI,8/11/2024 17:04,345701,710,,,,Retained,,
2024,601,611,1,7,NSEI,8/12/2024 14:58,345701,710,,,,Retained,,
2024,601,611,1,9,NSEI,8/13/2024 14:31,345701,710,,,,Retained,,
2024,601,611,1,10,NSEI,8/13/2024 17:10,345701,710,,,,Retained,,
2024,602,611,1,3,NSEI,8/10/2024 16:22,345631,710,,,,Retained,,
2024,602,611,1,4,NSEI,8/10/2024 19:52,345631,710,,,,Retained,,
2024,602,611,1,5,NSEI,8/11/2024 17:04,345701,710,,,,Retained,,
2024,602,611,1,7,NSEI,8/12/2024 14:58,345701,710,,,,Retained,,
2024,602,611,1,9,NSEI,8/13/2024 14:31,345701,710,,,,Retained,,
2024,602,611,1,10,NSEI,8/13/2024 17:10,345701,710,,,,Retained,,
2024,603,611,1,3,NSEI,8/10/2024 16:22,345631,710,,,,Retained,,
2024,603,611,1,4,NSEI,8/10/2024 19:52,345631,710,,,,Retained,,
2024,603,611,1,5,NSEI,8/11/2024 17:04,345701,710,,,,Retained,,
2024,603,611,1,7,NSEI,8/12/2024 14:58,345701,710,,,,Retained,,
2024,603,611,1,9,NSEI,8/13/2024 14:31,345701,710,,,,Retained,,
2024,603,611,1,10,NSEI,8/13/2024 17:10,345701,710,,,,Retained,,
2024,604,611,1,3,NSEI,8/10/2024 16:22,345631,710,,,,Retained,,
2024,604,611,1,4,NSEI,8/10/2024 19:52,345631,710,,,,Retained,,
2024,604,611,1,5,NSEI,8/11/2024 17:04,345701,710,,,,Retained,,
2024,604,611,1,7,NSEI,8/12/2024 14:58,345701,710,,,,Retained,,
2024,604,611,1,9,NSEI,8/13/2024 14:31,345701,710,,,,Retained,,
2024,604,611,1,10,NSEI,8/13/2024 17:10,345701,710,,,,Retained,,
2024,605,611,1,3,NSEI,8/10/2024 16:22,345631,710,,,,Retained,,
2024,605,611,1,4,NSEI,8/10/2024 19:52,345631,710,,,,Retained,,
2024,605,611,1,5,NSEI,8/11/2024 17:04,345701,710,,,,"Discarded, too small",,
2024,605,611,1,7,NSEI,8/12/2024 14:58,345701,710,,,,Retained,,
2024,605,611,1,9,NSEI,8/13/2024 14:31,345701,710,,,,Retained,,
2024,605,611,1,10,NSEI,8/13/2024 17:10,345701,710,,,,Retained,,
2024,606,611,1,3,NSEI,8/10/2024 16:22,345631,710,,,,Retained,,
2024,606,611,1,4,NSEI,8/10/2024 19:52,345631,710,,,,Retained,,
2024,606,611,1,5,NSEI,8/11/2024 17:04,345701,710,,,,Retained,,
2024,606,611,1,7,NSEI,8/12/2024 14:58,345701,710,,,,Retained,,
2024,606,611,1,9,NSEI,8/13/2024 14:31,345701,710,,,,Retained,,
2024,606,611,1,10,NSEI,8/13/2024 17:10,345701,710,,,,Retained,,
2024,607,611,1,3,NSEI,8/10/2024 16:22,345631,710,,,,Retained,,
2024,607,611,1,4,NSEI,8/10/2024 19:52,345631,710,,,,Retained,,
2024,607,611,1,5,NSEI,8/11/2024 17:04,345701,710,,,,Retained,,
2024,607,611,1,7,NSEI,8/12/2024 14:58,345701,710,,,,Retained,,
2024,607,611,1,9,NSEI,8/13/2024 14:31,345701,710,,,,Retained,,
2024,607,611,1,10,NSEI,8/13/2024 17:10,345701,710,,,,Retained,,
2024,608,611,1,3,NSEI,8/10/2024 16:22,345631,710,,,,Retained,,
2024,608,611,1,4,NSEI,8/10/2024 19:52,345631,710,,,,Retained,,
2024,608,611,1,5,NSEI,8/11/2024 17:04,345701,710,,,,Retained,,
2024,608,611,1,7,NSEI,8/12/2024 14:58,345701,710,,,,Retained,,
2024,608,611,1,9,NSEI,8/13/2024 14:31,345701,710,,,,Retained,,
2024,608,611,1,10,NSEI,8/13/2024 17:10,345701,710,,,,Retained,,
2024,609,611,1,3,NSEI,8/10/2024 16:22,345631,710,,,,Retained,,
2024,609,611,1,4,NSEI,8/10/2024 19:52,345631,710,,,,Retained,,
2024,609,611,1,5,NSEI,8/11/2024 17:04,345701,710,,,,Retained,,
2024,609,611,1,7,NSEI,8/12/2024 14:58,345701,710,,,,Retained,,
2024,609,611,1,9,NSEI,8/13/2024 14:31,345701,710,,,,Retained,,
2024,609,611,1,10,NSEI,8/13/2024 17:10,345701,710,,,,Retained,,
2024,610,611,1,3,NSEI,8/10/2024 16:22,345631,710,,,,Retained,,
2024,610,611,1,4,NSEI,8/10/2024 19:52,345631,710,,,,Retained,,
2024,610,611,1,5,NSEI,8/11/2024 17:04,345701,710,,,,Retained,,
2024,610,611,1,7,NSEI,8/12/2024 14:58,345701,710,,,,Retained,,
2024,610,611,1,9,NSEI,8/13/2024 14:31,345701,710,,,,Retained,,
2024,610,611,1,10,NSEI,8/13/2024 17:10,345701,710,,,,Retained,,
2024,611,611,1,3,NSEI,8/10/2024 16:22,345631,710,,,,Retained,,
2024,611,611,1,4,NSEI,8/10/2024 19:52,345631,710,,,,Retained,,
2024,611,611,1,5,NSEI,8/11/2024 17:04,345701,710,,,,Retained,,
2024,611,611,1,7,NSEI,8/12/2024 14:58,345701,710,,,,Retained,,
2024,611,611,1,9,NSEI,8/13/2024 14:31,345701,710,,,,Retained,,
2024,611,611,1,10,NSEI,8/13/2024 17:10,345701,710,,,,Retained,,
2024,612,611,1,3,NSEI,8/10/2024 16:22,345631,710,,,,Retained,,
2024,612,611,1,4,NSEI,8/10/2024 19:52,345631,710,,,,Retained,,
2024,612,611,1,5,NSEI,8/11/2024 17:04,345701,710,,,,Retained,,
2024,612,611,1,7,NSEI,8/12/2024 14:58,345701,710,,,,Retained,,
2024,612,611,1,9,NSEI,8/13/2024 14:31,345701,710,,,,Retained,,
2024,612,611,1,10,NSEI,8/13/2024 17:10,345701,710,,,,Retained,,
2024,613,611,1,3,NSEI,8/10/2024 16:22,345631,710,,,,Retained,,
2024,613,611,1,4,NSEI,8/10/2024 19:52,345631,710,,,,Retained,,
2024,613,611,1,5,NSEI,8/11/2024 17:04,345701,710,,,,Retained,,
2024,613,611,1,7,NSEI,8/12/2024 14:58,345701,710,,,,Retained,,
2024,613,611,1,9,NSEI,8/13/2024 14:31,345701,710,,,,Retained,,
2024,613,611,1,10,NSEI,8/13/2024 17:10,345701,710,,,,Retained,,
2024,614,611,1,3,NSEI,8/10/2024 16:22,345631,710,,,,Retained,,
2024,614,611,1,4,NSEI,8/10/2024 19:52,345631,710,,,,Retained,,
2024,614,611,1,5,NSEI,8/11/2024 17:04,345701,710,,,,Retained,,
2024,614,611,1,7,NSEI,8/12/2024 14:58,345701,710,,,,Retained,,
2024,614,611,1,9,NSEI,8/13/2024 14:31,345701,710,,,,Retained,,
2024,614,611,1,10,NSEI,8/13/2024 17:10,345701,710,,,,Retained,,
2024,615,611,1,3,NSEI,8/10/2024 16:22,345631,710,,,,Retained,,
2024,615,611,1,4,NSEI,8/10/2024 19:52,345631,710,,,,Retained,,
2024,615,611,1,5,NSEI,8/11/2024 17:04,345701,710,,,,Retained,,
2024,615,611,1,7,NSEI,8/12/2024 14:58,345701,710,,,,Retained,,
2024,615,611,1,9,NSEI,8/13/2024 14:31,345701,710,,,,Retained,,
2024,615,611,1,10,NSEI,8/13/2024 17:10,345701,710,,,,Retained,,
2024,616,611,1,3,NSEI,8/10/2024 16:22,345631,710,,,,Retained,,
2024,616,611,1,4,NSEI,8/10/2024 19:52,345631,710,,,,Retained,,
2024,616,611,1,5,NSEI,8/11/2024 17:04,345701,710,,,,Retained,,
2024,616,611,1,7,NSEI,8/12/2024 14:58,345701,710,,,,Retained,,
2024,616,611,1,9,NSEI,8/13/2024 14:31,345701,710,,,,Retained,,
2024,616,611,1,10,NSEI,8/13/2024 17:10,345701,710,,,,Retained,,
2024,617,611,1,3,NSEI,8/10/2024 16:22,345631,710,,,,Retained,,
2024,617,611,1,4,NSEI,8/10/2024 19:52,345631,710,,,,Retained,,
2024,617,611,1,5,NSEI,8/11/2024 17:04,345701,710,,,,Retained,,
2024,617,611,1,7,NSEI,8/12/2024 14:58,345701,710,,,,Retained,,
2024,617,611,1,9,NSEI,8/13/2024 14:31,345701,710,,,,Retained,,
2024,617,611,1,10,NSEI,8/13/2024 17:10,345701,710,,,,Retained,,
2024,618,611,1,3,NSEI,8/10/2024 16:22,345631,710,,,,Retained,,
2024,618,611,1,4,NSEI,8/10/2024 19:52,345631,710,,,,Retained,,
2024,618,611,1,5,NSEI,8/11/2024 17:04,345701,710,,,,Retained,,
2024,618,611,1,7,NSEI,8/12/2024 14:58,345701,710,,,,Retained,,
2024,618,611,1,9,NSEI,8/13/2024 14:31,345701,710,,,,Retained,,
2024,618,611,1,10,NSEI,8/13/2024 17:10,345701,710,,,,Retained,,
2024,619,611,1,3,NSEI,8/10/2024 16:22,345631,710,,,,Retained,,
2024,619,611,1,4,NSEI,8/10/2024 19:52,345631,710,,,,Retained,,
2024,619,611,1,5,NSEI,8/11/2024 17:04,345701,710,,,,Retained,,
2024,619,611,1,7,NSEI,8/12/2024 14:58,345701,710,,,,Retained,,
2024,619,611,1,9,NSEI,8/13/2024 14:31,345701,710,,,,Retained,,
2024,619,611,1,10,NSEI,8/13/2024 17:10,345701,710,,,,Retained,,
2024,620,611,1,3,NSEI,8/10/2024 16:22,345631,710,,,,Retained,,
2024,620,611,1,4,NSEI,8/10/2024 19:52,345631,710,,,,Retained,,
2024,620,611,1,5,NSEI,8/11/2024 17:04,345701,710,,,,"Discarded, too small",,
2024,620,611,1,7,NSEI,8/12/2024 14:58,345701,710,,,,Retained,,
2024,620,611,1,9,NSEI,8/13/2024 14:31,345701,710,,,,Retained,,
2024,620,611,1,10,NSEI,8/13/2024 17:10,345701,710,,,,Retained,,
2024,621,611,1,3,NSEI,8/10/2024 16:22,345631,710,,,,Retained,,
2024,621,611,1,4,NSEI,8/10/2024 19:52,345631,710,,,,Retained,,
2024,621,611,1,5,NSEI,8/11/2024 17:04,345701,710,,,,Retained,,
2024,621,611,1,7,NSEI,8/12/2024 14:58,345701,710,,,,Retained,,
2024,621,611,1,9,NSEI,8/13/2024 14:31,345701,710,,,,Retained,,
2024,621,611,1,10,NSEI,8/13/2024 17:10,345701,710,,,,Retained,,
2024,622,611,1,3,NSEI,8/10/2024 16:22,345631,710,,,,Retained,,
2024,622,611,1,4,NSEI,8/10/2024 19:52,345631,710,,,,Retained,,
2024,622,611,1,5,NSEI,8/11/2024 17:04,345701,710,,,,Retained,,
2024,622,611,1,7,NSEI,8/12/2024 14:58,345701,710,,,,Retained,,
2024,622,611,1,9,NSEI,8/13/2024 14:31,345701,710,,,,Retained,,
2024,622,611,1,10,NSEI,8/13/2024 17:10,345701,710,,,,Retained,,
2024,623,611,1,3,NSEI,8/10/2024 16:22,345631,710,,,,Retained,,
2024,623,611,1,4,NSEI,8/10/2024 19:52,345631,710,,,,Retained,,
2024,623,611,1,5,NSEI,8/11/2024 17:04,345701,710,,,,Retained,,
2024,623,611,1,7,NSEI,8/12/2024 14:58,345701,710,,,,Retained,,
2024,623,611,1,9,NSEI,8/13/2024 14:31,345701,710,,,,Retained,,
2024,623,611,1,10,NSEI,8/13/2024 17:10,345701,710,,,,Retained,,
2024,624,611,1,3,NSEI,8/10/2024 16:22,345631,710,,,,Retained,,
2024,624,611,1,4,NSEI,8/10/2024 19:52,345631,710,,,,Retained,,
2024,624,611,1,5,NSEI,8/11/2024 17:04,345701,710,,,,Retained,,
2024,624,611,1,7,NSEI,8/12/2024 14:58,345701,710,,,,Retained,,
2024,624,611,1,9,NSEI,8/13/2024 14:31,345701,710,,,,Retained,,
2024,624,611,1,10,NSEI,8/13/2024 17:10,345701,710,,,,Retained,,
2024,625,611,1,3,NSEI,8/10/2024 16:22,345631,710,,,,Retained,,
2024,625,611,1,4,NSEI,8/10/2024 19:52,345631,710,,,,Retained,,
2024,625,611,1,5,NSEI,8/11/2024 17:04,345701,710,,,,Retained,,
2024,625,611,1,7,NSEI,8/12/2024 14:58,345701,710,,,,Retained,,
2024,625,611,1,9,NSEI,8/13/2024 14:31,345701,710,,,,Retained,,
2024,625,611,1,10,NSEI,8/13/2024 17:10,345701,710,,,,Lost,,
2024,626,611,1,3,NSEI,8/10/2024 16:22,345631,710,,,,Retained,,
2024,626,611,1,4,NSEI,8/10/2024 19:52,345631,710,,,,Retained,,
2024,626,611,1,5,NSEI,8/11/2024 17:04,345701,710,,,,Retained,,
2024,626,611,1,7,NSEI,8/12/2024 14:58,345701,710,,,,Retained,,
2024,626,611,1,9,NSEI,8/13/2024 14:31,345701,710,,,,Retained,,
2024,626,611,1,10,NSEI,8/13/2024 17:10,345701,710,,,,"Discarded, too small",,
2024,627,611,1,3,NSEI,8/10/2024 16:22,345631,710,,,,Retained,,
2024,627,611,1,4,NSEI,8/10/2024 19:52,345631,710,,,,Retained,,
2024,627,611,1,5,NSEI,8/11/2024 17:04,345701,710,,,,Retained,,
2024,627,611,1,7,NSEI,8/12/2024 14:58,345701,710,,,,Retained,,
2024,627,611,1,9,NSEI,8/13/2024 14:31,345701,710,,,,Retained,,
2024,628,611,1,3,NSEI,8/10/2024 16:22,345631,710,,,,Retained,,
2024,628,611,1,4,NSEI,8/10/2024 19:52,345631,710,,,,Retained,,
2024,628,611,1,5,NSEI,8/11/2024 17:04,345701,710,,,,Retained,,
2024,628,611,1,7,NSEI,8/12/2024 14:58,345701,710,,,,Retained,,
2024,628,611,1,9,NSEI,8/13/2024 14:31,345701,710,,,,Retained,,
2024,628,611,1,10,NSEI,8/13/2024 17:10,345701,710,,,,"Discarded, too small",,
2024,629,611,1,3,NSEI,8/10/2024 16:22,345631,710,,,,Retained,,
2024,629,611,1,4,NSEI,8/10/2024 19:52,345631,710,,,,Retained,,
2024,629,611,1,5,NSEI,8/11/2024 17:04,345701,710,,,,Retained,,
2024,629,611,1,7,NSEI,8/12/2024 14:58,345701,710,,,,Retained,,
2024,629,611,1,9,NSEI,8/13/2024 14:31,345701,710,,,,Retained,,
2024,630,611,1,3,NSEI,8/10/2024 16:22,345631,710,,,,Retained,,
2024,630,611,1,4,NSEI,8/10/2024 19:52,345631,710,,,,Retained,,
2024,630,611,1,5,NSEI,8/11/2024 17:04,345701,710,,,,Retained,,
2024,630,611,1,7,NSEI,8/12/2024 14:58,345701,710,,,,Retained,,
2024,630,611,1,9,NSEI,8/13/2024 14:31,345701,710,,,,Retained,,
2024,631,611,1,3,NSEI,8/10/2024 16:22,345631,710,,,,Retained,,
2024,631,611,1,4,NSEI,8/10/2024 19:52,345631,710,,,,Retained,,
2024,631,611,1,5,NSEI,8/11/2024 17:04,345701,710,,,,Retained,,
2024,631,611,1,7,NSEI,8/12/2024 14:58,345701,710,,,,Retained,,
2024,631,611,1,9,NSEI,8/13/2024 14:31,345701,710,,,,Retained,,
2024,632,611,1,3,NSEI,8/10/2024 16:22,345631,710,,,,Retained,,
2024,632,611,1,4,NSEI,8/10/2024 19:52,345631,710,,,,Retained,,
2024,632,611,1,5,NSEI,8/11/2024 17:04,345701,710,,,,Retained,,
2024,632,611,1,7,NSEI,8/12/2024 14:58,345701,710,,,,Retained,,
2024,632,611,1,9,NSEI,8/13/2024 14:31,345701,710,,,,Retained,,
2024,633,611,1,3,NSEI,8/10/2024 16:22,345631,710,,,,Retained,,
2024,633,611,1,4,NSEI,8/10/2024 19:52,345631,710,,,,Retained,,
2024,633,611,1,5,NSEI,8/11/2024 17:04,345701,710,,,,Retained,,
2024,633,611,1,7,NSEI,8/12/2024 14:58,345701,710,,,,Retained,,
2024,633,611,1,9,NSEI,8/13/2024 14:31,345701,710,,,,Retained,,
2024,634,611,1,3,NSEI,8/10/2024 16:22,345631,710,,,,Retained,,
2024,634,611,1,4,NSEI,8/10/2024 19:52,345631,710,,,,Retained,,
2024,634,611,1,5,NSEI,8/11/2024 17:04,345701,710,,,,Retained,,
2024,634,611,1,7,NSEI,8/12/2024 14:58,345701,710,,,,Retained,,
2024,634,611,1,9,NSEI,8/13/2024 14:31,345701,710,,,,Retained,,
2024,635,611,1,3,NSEI,8/10/2024 16:22,345631,710,,,,Retained,,
2024,635,611,1,4,NSEI,8/10/2024 19:52,345631,710,,,,Retained,,
2024,635,611,1,5,NSEI,8/11/2024 17:04,345701,710,,,,Retained,,
2024,635,611,1,7,NSEI,8/12/2024 14:58,345701,710,,,,Retained,,
2024,635,611,1,9,NSEI,8/13/2024 14:31,345701,710,,,,Retained,,
2024,636,611,1,3,NSEI,8/10/2024 16:22,345631,710,,,,Retained,,
2024,636,611,1,4,NSEI,8/10/2024 19:52,345631,710,,,,Retained,,
2024,636,611,1,5,NSEI,8/11/2024 17:04,345701,710,,,,Retained,,
2024,636,611,1,7,NSEI,8/12/2024 14:58,345701,710,,,,Retained,,
2024,636,611,1,9,NSEI,8/13/2024 14:31,345701,710,,,,Retained,,
2024,637,611,1,3,NSEI,8/10/2024 16:22,345631,710,,,,Retained,,
2024,637,611,1,4,NSEI,8/10/2024 19:52,345631,710,,,,Retained,,
2024,637,611,1,5,NSEI,8/11/2024 17:04,345701,710,,,,Retained,,
2024,637,611,1,7,NSEI,8/12/2024 14:58,345701,710,,,,"Discarded, too small",,
2024,637,611,1,9,NSEI,8/13/2024 14:31,345701,710,,,,Retained,,
2024,638,611,1,3,NSEI,8/10/2024 16:22,345631,710,,,,Retained,,
2024,638,611,1,4,NSEI,8/10/2024 19:52,345631,710,,,,Retained,,
2024,638,611,1,5,NSEI,8/11/2024 17:04,345701,710,,,,"Discarded, too small",,
2024,638,611,1,7,NSEI,8/12/2024 14:58,345701,710,,,,"Discarded, too small",,
2024,638,611,1,9,NSEI,8/13/2024 14:31,345701,710,,,,Retained,,
2024,639,611,1,3,NSEI,8/10/2024 16:22,345631,710,,,,Retained,,
2024,639,611,1,4,NSEI,8/10/2024 19:52,345631,710,,,,Retained,,
2024,639,611,1,7,NSEI,8/12/2024 14:58,345701,710,,,,Retained,,
2024,639,611,1,9,NSEI,8/13/2024 14:31,345701,710,,,,Retained,,
2024,640,611,1,3,NSEI,8/10/2024 16:22,345631,710,,,,Retained,,
2024,640,611,1,4,NSEI,8/10/2024 19:52,345631,710,,,,Retained,,
2024,640,611,1,7,NSEI,8/12/2024 14:58,345701,710,,,,Retained,,
2024,640,611,1,9,NSEI,8/13/2024 14:31,345701,710,,,,Retained,,
2024,641,611,1,3,NSEI,8/10/2024 16:22,345631,710,,,,Retained,,
2024,641,611,1,4,NSEI,8/10/2024 19:52,345631,710,,,,Retained,,
2024,641,611,1,7,NSEI,8/12/2024 14:58,345701,710,,,,Retained,,
2024,641,611,1,9,NSEI,8/13/2024 14:31,345701,710,,,,Retained,,
2024,642,611,1,3,NSEI,8/10/2024 16:22,345631,710,,,,Retained,,
2024,642,611,1,4,NSEI,8/10/2024 19:52,345631,710,,,,Retained,,
2024,642,611,1,7,NSEI,8/12/2024 14:58,345701,710,,,,Retained,,
2024,642,611,1,9,NSEI,8/13/2024 14:31,345701,710,,,,Retained,,
2024,643,611,1,3,NSEI,8/10/2024 16:22,345631,710,,,,Retained,,
2024,643,611,1,4,NSEI,8/10/2024 19:52,345631,710,,,,Retained,,
2024,643,611,1,7,NSEI,8/12/2024 14:58,345701,710,,,,Retained,,
2024,643,611,1,9,NSEI,8/13/2024 14:31,345701,710,,,,Retained,,
2024,644,611,1,3,NSEI,8/10/2024 16:22,345631,710,,,,Retained,,
2024,644,611,1,4,NSEI,8/10/2024 19:52,345631,710,,,,Retained,,
2024,644,611,1,7,NSEI,8/12/2024 14:58,345701,710,,,,Retained,,
2024,645,611,1,3,NSEI,8/10/2024 16:22,345631,710,,,,Retained,,
2024,645,611,1,4,NSEI,8/10/2024 19:52,345631,710,,,,Retained,,
2024,645,611,1,7,NSEI,8/12/2024 14:58,345701,710,,,,Retained,,
2024,646,611,1,3,NSEI,8/10/2024 16:22,345631,710,,,,Retained,,
2024,646,611,1,4,NSEI,8/10/2024 19:52,345631,710,,,,Retained,,
2024,646,611,1,7,NSEI,8/12/2024 14:58,345701,710,,,,Retained,,
2024,647,611,1,3,NSEI,8/10/2024 16:22,345631,710,,,,Retained,,
2024,647,611,1,4,NSEI,8/10/2024 19:52,345631,710,,,,Retained,,
2024,647,611,1,7,NSEI,8/12/2024 14:58,345701,710,,,,Retained,,
2024,648,611,1,3,NSEI,8/10/2024 16:22,345631,710,,,,Retained,,
2024,648,611,1,4,NSEI,8/10/2024 19:52,345631,710,,,,Retained,,
2024,648,611,1,7,NSEI,8/12/2024 14:58,345701,710,,,,Retained,,
2024,649,611,1,3,NSEI,8/10/2024 16:22,345631,710,,,,Retained,,
2024,649,611,1,4,NSEI,8/10/2024 19:52,345631,710,,,,Retained,,
2024,649,611,1,7,NSEI,8/12/2024 14:58,345701,710,,,,Retained,,
2024,650,611,1,3,NSEI,8/10/2024 16:22,345631,710,,,,Retained,,
2024,650,611,1,4,NSEI,8/10/2024 19:52,345631,710,,,,Retained,,
2024,650,611,1,7,NSEI,8/12/2024 14:58,345701,710,,,,Retained,,
2024,651,611,1,3,NSEI,8/10/2024 16:22,345631,710,,,,Retained,,
2024,651,611,1,4,NSEI,8/10/2024 19:52,345631,710,,,,Retained,,
2024,651,611,1,7,NSEI,8/12/2024 14:58,345701,710,,,,Retained,,
2024,652,611,1,3,NSEI,8/10/2024 16:22,345631,710,,,,Retained,,
2024,652,611,1,4,NSEI,8/10/2024 19:52,345631,710,,,,Retained,,
2024,652,611,1,7,NSEI,8/12/2024 14:58,345701,710,,,,Retained,,
2024,653,611,1,3,NSEI,8/10/2024 16:22,345631,710,,,,Retained,,
2024,653,611,1,4,NSEI,8/10/2024 19:52,345631,710,,,,Retained,,
2024,653,611,1,7,NSEI,8/12/2024 14:58,345701,710,,,,Retained,,
2024,654,611,1,3,NSEI,8/10/2024 16:22,345631,710,,,,Retained,,
2024,654,611,1,4,NSEI,8/10/2024 19:52,345631,710,,,,Retained,,
2024,654,611,1,7,NSEI,8/12/2024 14:58,345701,710,,,,Retained,,
2024,655,611,1,3,NSEI,8/10/2024 16:22,345631,710,,,,Retained,,
2024,655,611,1,4,NSEI,8/10/2024 19:52,345631,710,,,,Retained,,
2024,655,611,1,7,NSEI,8/12/2024 14:58,345701,710,,,,Retained,,
2024,656,611,1,3,NSEI,8/10/2024 16:22,345631,710,,,,Retained,,
2024,656,611,1,4,NSEI,8/10/2024 19:52,345631,710,,,,Retained,,
2024,656,611,1,7,NSEI,8/12/2024 14:58,345701,710,,,,Retained,,
2024,657,611,1,3,NSEI,8/10/2024 16:22,345631,710,,,,Retained,,
2024,657,611,1,4,NSEI,8/10/2024 19:52,345631,710,,,,Retained,,
2024,657,611,1,7,NSEI,8/12/2024 14:58,345701,710,,,,Retained,,
2024,658,611,1,3,NSEI,8/10/2024 16:22,345631,710,,,,Retained,,
2024,658,611,1,4,NSEI,8/10/2024 19:52,345631,710,,,,Retained,,
2024,658,611,1,7,NSEI,8/12/2024 14:58,345701,710,,,,Retained,,
2024,659,611,1,3,NSEI,8/10/2024 16:22,345631,710,,,,Retained,,
2024,659,611,1,4,NSEI,8/10/2024 19:52,345631,710,,,,Retained,,
2024,659,611,1,7,NSEI,8/12/2024 14:58,345701,710,,,,Retained,,
2024,660,611,1,3,NSEI,8/10/2024 16:22,345631,710,,,,Retained,,
2024,660,611,1,4,NSEI,8/10/2024 19:52,345631,710,,,,Retained,,
2024,660,611,1,7,NSEI,8/12/2024 14:58,345701,710,,,,Retained,,
2024,661,611,1,3,NSEI,8/10/2024 16:22,345631,710,,,,Retained,,
2024,661,611,1,4,NSEI,8/10/2024 19:52,345631,710,,,,Retained,,
2024,661,611,1,7,NSEI,8/12/2024 14:58,345701,710,,,,Retained,,
2024,662,611,1,3,NSEI,8/10/2024 16:22,345631,710,,,,Retained,,
2024,662,611,1,4,NSEI,8/10/2024 19:52,345631,710,,,,Retained,,
2024,662,611,1,7,NSEI,8/12/2024 14:58,345701,710,,,,Retained,,
2024,663,611,1,3,NSEI,8/10/2024 16:22,345631,710,,,,Retained,,
2024,663,611,1,4,NSEI,8/10/2024 19:52,345631,710,,,,Retained,,
2024,663,611,1,7,NSEI,8/12/2024 14:58,345701,710,,,,Retained,,
2024,664,611,1,3,NSEI,8/10/2024 16:22,345631,710,,,,Retained,,
2024,664,611,1,4,NSEI,8/10/2024 19:52,345631,710,,,,Retained,,
2024,664,611,1,7,NSEI,8/12/2024 14:58,345701,710,,,,Retained,,
2024,665,611,1,3,NSEI,8/10/2024 16:22,345631,710,,,,Retained,,
2024,665,611,1,4,NSEI,8/10/2024 19:52,345631,710,,,,Retained,,
2024,665,611,1,7,NSEI,8/12/2024 14:58,345701,710,,,,Retained,,
2024,666,611,1,3,NSEI,8/10/2024 16:22,345631,710,,,,Retained,,
2024,666,611,1,4,NSEI,8/10/2024 19:52,345631,710,,,,Retained,,
2024,666,611,1,7,NSEI,8/12/2024 14:58,345701,710,,,,Retained,,
2024,667,611,1,3,NSEI,8/10/2024 16:22,345631,710,,,,Retained,,
2024,667,611,1,4,NSEI,8/10/2024 19:52,345631,710,,,,Retained,,
2024,667,611,1,7,NSEI,8/12/2024 14:58,345701,710,,,,Retained,,
2024,668,611,1,3,NSEI,8/10/2024 16:22,345631,710,,,,Retained,,
2024,668,611,1,4,NSEI,8/10/2024 19:52,345631,710,,,,Retained,,
2024,668,611,1,7,NSEI,8/12/2024 14:58,345701,710,,,,Retained,,
2024,669,611,1,3,NSEI,8/10/2024 16:22,345631,710,,,,Retained,,
2024,669,611,1,4,NSEI,8/10/2024 19:52,345631,710,,,,Retained,,
2024,669,611,1,7,NSEI,8/12/2024 14:58,345701,710,,,,Retained,,
2024,670,611,1,3,NSEI,8/10/2024 16:22,345631,710,,,,Retained,,
2024,670,611,1,4,NSEI,8/10/2024 19:52,345631,710,,,,Retained,,
2024,670,611,1,7,NSEI,8/12/2024 14:58,345701,710,,,,Retained,,
2024,671,611,1,3,NSEI,8/10/2024 16:22,345631,710,,,,Retained,,
2024,671,611,1,4,NSEI,8/10/2024 19:52,345631,710,,,,Retained,,
2024,671,611,1,7,NSEI,8/12/2024 14:58,345701,710,,,,Retained,,
2024,672,611,1,3,NSEI,8/10/2024 16:22,345631,710,,,,Retained,,
2024,672,611,1,4,NSEI,8/10/2024 19:52,345631,710,,,,Retained,,
2024,672,611,1,7,NSEI,8/12/2024 14:58,345701,710,,,,Retained,,
2024,673,611,1,3,NSEI,8/10/2024 16:22,345631,710,,,,Retained,,
2024,673,611,1,4,NSEI,8/10/2024 19:52,345631,710,,,,Retained,,
2024,673,611,1,7,NSEI,8/12/2024 14:58,345701,710,,,,Retained,,
2024,674,611,1,3,NSEI,8/10/2024 16:22,345631,710,,,,Retained,,
2024,674,611,1,4,NSEI,8/10/2024 19:52,345631,710,,,,Retained,,
2024,674,611,1,7,NSEI,8/12/2024 14:58,345701,710,,,,Retained,,
2024,675,611,1,3,NSEI,8/10/2024 16:22,345631,710,,,,Retained,,
2024,675,611,1,4,NSEI,8/10/2024 19:52,345631,710,,,,Retained,,
2024,675,611,1,7,NSEI,8/12/2024 14:58,345701,710,,,,Retained,,
2024,676,611,1,3,NSEI,8/10/2024 16:22,345631,710,,,,Retained,,
2024,676,611,1,4,NSEI,8/10/2024 19:52,345631,710,,,,Retained,,
2024,676,611,1,7,NSEI,8/12/2024 14:58,345701,710,,,,Retained,,
2024,677,611,1,3,NSEI,8/10/2024 16:22,345631,710,,,,Retained,,
2024,677,611,1,4,NSEI,8/10/2024 19:52,345631,710,,,,Retained,,
2024,677,611,1,7,NSEI,8/12/2024 14:58,345701,710,,,,Retained,,
2024,678,611,1,3,NSEI,8/10/2024 16:22,345631,710,,,,Retained,,
2024,678,611,1,4,NSEI,8/10/2024 19:52,345631,710,,,,Retained,,
2024,678,611,1,7,NSEI,8/12/2024 14:58,345701,710,,,,Retained,,
2024,679,611,1,3,NSEI,8/10/2024 16:22,345631,710,,,,Retained,,
2024,679,611,1,4,NSEI,8/10/2024 19:52,345631,710,,,,Retained,,
2024,679,611,1,7,NSEI,8/12/2024 14:58,345701,710,,,,Retained,,
2024,680,611,1,3,NSEI,8/10/2024 16:22,345631,710,,,,Retained,,
2024,680,611,1,4,NSEI,8/10/2024 19:52,345631,710,,,,Retained,,
2024,680,611,1,7,NSEI,8/12/2024 14:58,345701,710,,,,Retained,,
2024,681,611,1,3,NSEI,8/10/2024 16:22,345631,710,,,,Retained,,
2024,681,611,1,4,NSEI,8/10/2024 19:52,345631,710,,,,Retained,,
2024,681,611,1,7,NSEI,8/12/2024 14:58,345701,710,,,,Retained,,
2024,682,611,1,3,NSEI,8/10/2024 16:22,345631,710,,,,Retained,,
2024,682,611,1,4,NSEI,8/10/2024 19:52,345631,710,,,,Retained,,
2024,682,611,1,7,NSEI,8/12/2024 14:58,345701,710,,,,Retained,,
2024,683,611,1,3,NSEI,8/10/2024 16:22,345631,710,,,,Retained,,
2024,683,611,1,4,NSEI,8/10/2024 19:52,345631,710,,,,Retained,,
2024,683,611,1,7,NSEI,8/12/2024 14:58,345701,710,,,,Retained,,
2024,684,611,1,3,NSEI,8/10/2024 16:22,345631,710,,,,Retained,,
2024,684,611,1,4,NSEI,8/10/2024 19:52,345631,710,,,,Retained,,
2024,684,611,1,7,NSEI,8/12/2024 14:58,345701,710,,,,Retained,,
2024,685,611,1,3,NSEI,8/10/2024 16:22,345631,710,,,,Retained,,
2024,685,611,1,4,NSEI,8/10/2024 19:52,345631,710,,,,Retained,,
2024,685,611,1,7,NSEI,8/12/2024 14:58,345701,710,,,,Retained,,
2024,686,611,1,3,NSEI,8/10/2024 16:22,345631,710,,,,Retained,,
2024,686,611,1,4,NSEI,8/10/2024 19:52,345631,710,,,,Retained,,
2024,686,611,1,7,NSEI,8/12/2024 14:58,345701,710,,,,Retained,,
2024,687,611,1,3,NSEI,8/10/2024 16:22,345631,710,,,,Retained,,
2024,687,611,1,4,NSEI,8/10/2024 19:52,345631,710,,,,Retained,,
2024,687,611,1,7,NSEI,8/12/2024 14:58,345701,710,,,,Retained,,
2024,688,611,1,3,NSEI,8/10/2024 16:22,345631,710,,,,Retained,,
2024,688,611,1,4,NSEI,8/10/2024 19:52,345631,710,,,,Retained,,
2024,688,611,1,7,NSEI,8/12/2024 14:58,345701,710,,,,Retained,,
2024,689,611,1,3,NSEI,8/10/2024 16:22,345631,710,,,,Retained,,
2024,689,611,1,4,NSEI,8/10/2024 19:52,345631,710,,,,Retained,,
2024,689,611,1,7,NSEI,8/12/2024 14:58,345701,710,,,,Retained,,
2024,690,611,1,3,NSEI,8/10/2024 16:22,345631,710,,,,Retained,,
2024,690,611,1,4,NSEI,8/10/2024 19:52,345631,710,,,,Retained,,
2024,690,611,1,7,NSEI,8/12/2024 14:58,345701,710,,,,Retained,,
2024,691,611,1,3,NSEI,8/10/2024 16:22,345631,710,,,,Retained,,
2024,691,611,1,4,NSEI,8/10/2024 19:52,345631,710,,,,Retained,,
2024,691,611,1,7,NSEI,8/12/2024 14:58,345701,710,,,,Retained,,
2024,692,611,1,3,NSEI,8/10/2024 16:22,345631,710,,,,Retained,,
2024,692,611,1,4,NSEI,8/10/2024 19:52,345631,710,,,,Retained,,
2024,692,611,1,7,NSEI,8/12/2024 14:58,345701,710,,,,Retained,,
2024,693,611,1,3,NSEI,8/10/2024 16:22,345631,710,,,,Retained,,
2024,693,611,1,4,NSEI,8/10/2024 19:52,345631,710,,,,Retained,,
2024,693,611,1,7,NSEI,8/12/2024 14:58,345701,710,,,,Retained,,
2024,694,611,1,3,NSEI,8/10/2024 16:22,345631,710,,,,Retained,,
2024,694,611,1,4,NSEI,8/10/2024 19:52,345631,710,,,,Retained,,
2024,694,611,1,7,NSEI,8/12/2024 14:58,345701,710,,,,Retained,,
2024,695,611,1,3,NSEI,8/10/2024 16:22,345631,710,,,,Retained,,
2024,695,611,1,4,NSEI,8/10/2024 19:52,345631,710,,,,Retained,,
2024,695,611,1,7,NSEI,8/12/2024 14:58,345701,710,,,,Retained,,
2024,696,611,1,3,NSEI,8/10/2024 16:22,345631,710,,,,Retained,,
2024,696,611,1,4,NSEI,8/10/2024 19:52,345631,710,,,,Retained,,
2024,696,611,1,7,NSEI,8/12/2024 14:58,345701,710,,,,Retained,,
2024,697,611,1,3,NSEI,8/10/2024 16:22,345631,710,,,,Retained,,
2024,697,611,1,4,NSEI,8/10/2024 19:52,345631,710,,,,Retained,,
2024,697,611,1,7,NSEI,8/12/2024 14:58,345701,710,,,,Retained,,
2024,698,611,1,3,NSEI,8/10/2024 16:22,345631,710,,,,Retained,,
2024,698,611,1,4,NSEI,8/10/2024 19:52,345631,710,,,,Retained,,
2024,698,611,1,7,NSEI,8/12/2024 14:58,345701,710,,,,Retained,,
2024,699,611,1,3,NSEI,8/10/2024 16:22,345631,710,,,,Retained,,
2024,699,611,1,4,NSEI,8/10/2024 19:52,345631,710,,,,Retained,,
2024,699,611,1,7,NSEI,8/12/2024 14:58,345701,710,,,,Retained,,
2024,700,611,1,3,NSEI,8/10/2024 16:22,345631,710,,,,Retained,,
2024,700,611,1,4,NSEI,8/10/2024 19:52,345631,710,,,,Retained,,
2024,700,611,1,7,NSEI,8/12/2024 14:58,345701,710,,,,Retained,,
2024,701,611,1,3,NSEI,8/10/2024 16:22,345631,710,,,,Retained,,
2024,701,611,1,4,NSEI,8/10/2024 19:52,345631,710,,,,Retained,,
2024,701,611,1,7,NSEI,8/12/2024 14:58,345701,710,,,,Retained,,
2024,702,611,1,3,NSEI,8/10/2024 16:22,345631,710,,,,Retained,,
2024,702,611,1,4,NSEI,8/10/2024 19:52,345631,710,,,,Retained,,
2024,702,611,1,7,NSEI,8/12/2024 14:58,345701,710,,,,Retained,,
2024,703,611,1,3,NSEI,8/10/2024 16:22,345631,710,,,,Retained,,
2024,703,611,1,4,NSEI,8/10/2024 19:52,345631,710,,,,Retained,,
2024,703,611,1,7,NSEI,8/12/2024 14:58,345701,710,,,,Retained,,
2024,704,611,1,3,NSEI,8/10/2024 16:22,345631,710,,,,Retained,,
2024,704,611,1,4,NSEI,8/10/2024 19:52,345631,710,,,,Retained,,
2024,704,611,1,7,NSEI,8/12/2024 14:58,345701,710,,,,Retained,,
2024,705,611,1,3,NSEI,8/10/2024 16:22,345631,710,,,,Retained,,
2024,705,611,1,4,NSEI,8/10/2024 19:52,345631,710,,,,Retained,,
2024,705,611,1,7,NSEI,8/12/2024 14:58,345701,710,,,,Retained,,
2024,706,611,1,3,NSEI,8/10/2024 16:22,345631,710,,,,Retained,,
2024,706,611,1,4,NSEI,8/10/2024 19:52,345631,710,,,,Retained,,
2024,706,611,1,7,NSEI,8/12/2024 14:58,345701,710,,,,Retained,,
2024,707,611,1,3,NSEI,8/10/2024 16:22,345631,710,,,,Retained,,
2024,707,611,1,4,NSEI,8/10/2024 19:52,345631,710,,,,Retained,,
2024,707,611,1,7,NSEI,8/12/2024 14:58,345701,710,,,,Retained,,
2024,708,611,1,3,NSEI,8/10/2024 16:22,345631,710,,,,Retained,,
2024,708,611,1,4,NSEI,8/10/2024 19:52,345631,710,,,,Retained,,
2024,708,611,1,7,NSEI,8/12/2024 14:58,345701,710,,,,Retained,,
2024,709,611,1,3,NSEI,8/10/2024 16:22,345631,710,,,,Retained,,
2024,709,611,1,4,NSEI,8/10/2024 19:52,345631,710,,,,Retained,,
2024,709,611,1,7,NSEI,8/12/2024 14:58,345701,710,,,,Retained,,
2024,710,611,1,3,NSEI,8/10/2024 16:22,345631,710,,,,Retained,,
2024,710,611,1,4,NSEI,8/10/2024 19:52,345631,710,,,,Retained,,
2024,710,611,1,7,NSEI,8/12/2024 14:58,345701,710,,,,Retained,,
2024,711,611,1,3,NSEI,8/10/2024 16:22,345631,710,,,,Retained,,
2024,711,611,1,4,NSEI,8/10/2024 19:52,345631,710,,,,Retained,,
2024,711,611,1,7,NSEI,8/12/2024 14:58,345701,710,,,,Retained,,
2024,712,611,1,3,NSEI,8/10/2024 16:22,345631,710,,,,Retained,,
2024,712,611,1,4,NSEI,8/10/2024 19:52,345631,710,,,,Retained,,
2024,712,611,1,7,NSEI,8/12/2024 14:58,345701,710,,,,Retained,,
2024,713,611,1,3,NSEI,8/10/2024 16:22,345631,710,,,,Retained,,
2024,713,611,1,4,NSEI,8/10/2024 19:52,345631,710,,,,Retained,,
2024,713,611,1,7,NSEI,8/12/2024 14:58,345701,710,,,,Retained,,
2024,714,611,1,3,NSEI,8/10/2024 16:22,345631,710,,,,Retained,,
2024,714,611,1,4,NSEI,8/10/2024 19:52,345631,710,,,,"Discarded, too small",,
2024,714,611,1,7,NSEI,8/12/2024 14:58,345701,710,,,,Retained,,
2024,715,611,1,3,NSEI,8/10/2024 16:22,345631,710,,,,Retained,,
2024,715,611,1,4,NSEI,8/10/2024 19:52,345631,710,,,,Retained,,
2024,715,611,1,7,NSEI,8/12/2024 14:58,345701,710,,,,Retained,,
2024,716,611,1,3,NSEI,8/10/2024 16:22,345631,710,,,,Retained,,
2024,716,611,1,4,NSEI,8/10/2024 19:52,345631,710,,,,Retained,,
2024,716,611,1,7,NSEI,8/12/2024 14:58,345701,710,,,,Retained,,
2024,717,611,1,3,NSEI,8/10/2024 16:22,345631,710,,,,Retained,,
2024,717,611,1,4,NSEI,8/10/2024 19:52,345631,710,,,,Retained,,
2024,717,611,1,7,NSEI,8/12/2024 14:58,345701,710,,,,Retained,,
2024,718,611,1,3,NSEI,8/10/2024 16:22,345631,710,,,,Retained,,
2024,718,611,1,4,NSEI,8/10/2024 19:52,345631,710,,,,Retained,,
2024,718,611,1,7,NSEI,8/12/2024 14:58,345701,710,,,,Retained,,
2024,719,611,1,3,NSEI,8/10/2024 16:22,345631,710,,,,Retained,,
2024,719,611,1,4,NSEI,8/10/2024 19:52,345631,710,,,,Retained,,
2024,719,611,1,7,NSEI,8/12/2024 14:58,345701,710,,,,Retained,,
2024,720,611,1,3,NSEI,8/10/2024 16:22,345631,710,,,,Retained,,
2024,720,611,1,4,NSEI,8/10/2024 19:52,345631,710,,,,Retained,,
2024,720,611,1,7,NSEI,8/12/2024 14:58,345701,710,,,,Retained,,
2024,721,611,1,3,NSEI,8/10/2024 16:22,345631,710,,,,Retained,,
2024,721,611,1,4,NSEI,8/10/2024 19:52,345631,710,,,,Retained,,
2024,721,611,1,7,NSEI,8/12/2024 14:58,345701,710,,,,Retained,,
2024,722,611,1,3,NSEI,8/10/2024 16:22,345631,710,,,,Retained,,
2024,722,611,1,4,NSEI,8/10/2024 19:52,345631,710,,,,Retained,,
2024,722,611,1,7,NSEI,8/12/2024 14:58,345701,710,,,,Retained,,
2024,723,611,1,3,NSEI,8/10/2024 16:22,345631,710,,,,Retained,,
2024,723,611,1,4,NSEI,8/10/2024 19:52,345631,710,,,,Retained,,
2024,723,611,1,7,NSEI,8/12/2024 14:58,345701,710,,,,Retained,,
2024,724,611,1,3,NSEI,8/10/2024 16:22,345631,710,,,,Retained,,
2024,724,611,1,4,NSEI,8/10/2024 19:52,345631,710,,,,Retained,,
2024,724,611,1,7,NSEI,8/12/2024 14:58,345701,710,,,,Retained,,
2024,725,611,1,3,NSEI,8/10/2024 16:22,345631,710,,,,Retained,,
2024,725,611,1,4,NSEI,8/10/2024 19:52,345631,710,,,,Retained,,
2024,725,611,1,7,NSEI,8/12/2024 14:58,345701,710,,,,Retained,,
2024,726,611,1,3,NSEI,8/10/2024 16:22,345631,710,,,,Retained,,
2024,726,611,1,4,NSEI,8/10/2024 19:52,345631,710,,,,Retained,,
2024,726,611,1,7,NSEI,8/12/2024 14:58,345701,710,,,,Retained,,
2024,727,611,1,3,NSEI,8/10/2024 16:22,345631,710,,,,Retained,,
2024,727,611,1,4,NSEI,8/10/2024 19:52,345631,710,,,,Retained,,
2024,727,611,1,7,NSEI,8/12/2024 14:58,345701,710,,,,Retained,,
2024,728,611,1,3,NSEI,8/10/2024 16:22,345631,710,,,,Retained,,
2024,728,611,1,4,NSEI,8/10/2024 19:52,345631,710,,,,Retained,,
2024,728,611,1,7,NSEI,8/12/2024 14:58,345701,710,,,,Retained,,
2024,729,611,1,3,NSEI,8/10/2024 16:22,345631,710,,,,Retained,,
2024,729,611,1,4,NSEI,8/10/2024 19:52,345631,710,,,,Retained,,
2024,729,611,1,7,NSEI,8/12/2024 14:58,345701,710,,,,Retained,,
2024,730,611,1,3,NSEI,8/10/2024 16:22,345631,710,,,,Retained,,
2024,730,611,1,4,NSEI,8/10/2024 19:52,345631,710,,,,Retained,,
2024,730,611,1,7,NSEI,8/12/2024 14:58,345701,710,,,,Retained,,
2024,731,611,1,3,NSEI,8/10/2024 16:22,345631,710,,,,Retained,,
2024,731,611,1,4,NSEI,8/10/2024 19:52,345631,710,,,,Retained,,
2024,731,611,1,7,NSEI,8/12/2024 14:58,345701,710,,,,Retained,,
2024,732,611,1,3,NSEI,8/10/2024 16:22,345631,710,,,,Retained,,
2024,732,611,1,4,NSEI,8/10/2024 19:52,345631,710,,,,Retained,,
2024,732,611,1,7,NSEI,8/12/2024 14:58,345701,710,,,,Retained,,
2024,733,611,1,3,NSEI,8/10/2024 16:22,345631,710,,,,Retained,,
2024,733,611,1,4,NSEI,8/10/2024 19:52,345631,710,,,,Retained,,
2024,733,611,1,7,NSEI,8/12/2024 14:58,345701,710,,,,Retained,,
2024,734,611,1,3,NSEI,8/10/2024 16:22,345631,710,,,,Retained,,
2024,734,611,1,4,NSEI,8/10/2024 19:52,345631,710,,,,Retained,,
2024,734,611,1,7,NSEI,8/12/2024 14:58,345701,710,,,,Retained,,
2024,735,611,1,3,NSEI,8/10/2024 16:22,345631,710,,,,Retained,,
2024,735,611,1,4,NSEI,8/10/2024 19:52,345631,710,,,,Retained,,
2024,735,611,1,7,NSEI,8/12/2024 14:58,345701,710,,,,Retained,,
2024,736,611,1,3,NSEI,8/10/2024 16:22,345631,710,,,,Retained,,
2024,736,611,1,4,NSEI,8/10/2024 19:52,345631,710,,,,Retained,,
2024,736,611,1,7,NSEI,8/12/2024 14:58,345701,710,,,,Retained,,
2024,737,611,1,4,NSEI,8/10/2024 19:52,345631,710,,,,Retained,,
2024,737,611,1,7,NSEI,8/12/2024 14:58,345701,710,,,,Retained,,
2024,738,611,1,4,NSEI,8/10/2024 19:52,345631,710,,,,Retained,,
2024,738,611,1,7,NSEI,8/12/2024 14:58,345701,710,,,,Retained,,
2024,739,611,1,4,NSEI,8/10/2024 19:52,345631,710,,,,Retained,,
2024,739,611,1,7,NSEI,8/12/2024 14:58,345701,710,,,,Retained,,
2024,740,611,1,4,NSEI,8/10/2024 19:52,345631,710,,,,"Discarded, too small",,
2024,740,611,1,7,NSEI,8/12/2024 14:58,345701,710,,,,Retained,,
2024,741,611,1,4,NSEI,8/10/2024 19:52,345631,710,,,,Retained,,
2024,741,611,1,7,NSEI,8/12/2024 14:58,345701,710,,,,Retained,,
2024,742,611,1,4,NSEI,8/10/2024 19:52,345631,710,,,,Retained,,
2024,742,611,1,7,NSEI,8/12/2024 14:58,345701,710,,,,Retained,,
2024,743,611,1,4,NSEI,8/10/2024 19:52,345631,710,,,,Retained,,
2024,743,611,1,7,NSEI,8/12/2024 14:58,345701,710,,,,Retained,,
2024,744,611,1,4,NSEI,8/10/2024 19:52,345631,710,,,,Retained,,
2024,744,611,1,7,NSEI,8/12/2024 14:58,345701,710,,,,Retained,,
2024,745,611,1,4,NSEI,8/10/2024 19:52,345631,710,,,,Retained,,
2024,745,611,1,7,NSEI,8/12/2024 14:58,345701,710,,,,Retained,,
2024,746,611,1,4,NSEI,8/10/2024 19:52,345631,710,,,,Retained,,
2024,746,611,1,7,NSEI,8/12/2024 14:58,345701,710,,,,Retained,,
2024,747,611,1,4,NSEI,8/10/2024 19:52,345631,710,,,,Retained,,
2024,747,611,1,7,NSEI,8/12/2024 14:58,345701,710,,,,Retained,,
2024,748,611,1,4,NSEI,8/10/2024 19:52,345631,710,,,,Retained,,
2024,748,611,1,7,NSEI,8/12/2024 14:58,345701,710,,,,Retained,,
2024,749,611,1,4,NSEI,8/10/2024 19:52,345631,710,,,,Retained,,
2024,749,611,1,7,NSEI,8/12/2024 14:58,345701,710,,,,Retained,,
2024,750,611,1,4,NSEI,8/10/2024 19:52,345631,710,,,,Retained,,
2024,750,611,1,7,NSEI,8/12/2024 14:58,345701,710,,,,Retained,,
2024,751,611,1,4,NSEI,8/10/2024 19:52,345631,710,,,,Retained,,
2024,751,611,1,7,NSEI,8/12/2024 14:58,345701,710,,,,Retained,,
2024,752,611,1,4,NSEI,8/10/2024 19:52,345631,710,,,,Retained,,
2024,752,611,1,7,NSEI,8/12/2024 14:58,345701,710,,,,Retained,,
2024,753,611,1,4,NSEI,8/10/2024 19:52,345631,710,,,,Retained,,
2024,753,611,1,7,NSEI,8/12/2024 14:58,345701,710,,,,Retained,,
2024,754,611,1,4,NSEI,8/10/2024 19:52,345631,710,,,,Retained,,
2024,754,611,1,7,NSEI,8/12/2024 14:58,345701,710,,,,Retained,,
2024,755,611,1,4,NSEI,8/10/2024 19:52,345631,710,,,,Retained,,
2024,755,611,1,7,NSEI,8/12/2024 14:58,345701,710,,,,Retained,,
2024,756,611,1,4,NSEI,8/10/2024 19:52,345631,710,,,,Retained,,
2024,756,611,1,7,NSEI,8/12/2024 14:58,345701,710,,,,Retained,,
2024,757,611,1,4,NSEI,8/10/2024 19:52,345631,710,,,,Retained,,
2024,757,611,1,7,NSEI,8/12/2024 14:58,345701,710,,,,Retained,,
2024,758,611,1,4,NSEI,8/10/2024 19:52,345631,710,,,,Retained,,
2024,758,611,1,7,NSEI,8/12/2024 14:58,345701,710,,,,Retained,,
2024,759,611,1,4,NSEI,8/10/2024 19:52,345631,710,,,,Retained,,
2024,759,611,1,7,NSEI,8/12/2024 14:58,345701,710,,,,Retained,,
2024,760,611,1,4,NSEI,8/10/2024 19:52,345631,710,,,,Retained,,
2024,760,611,1,7,NSEI,8/12/2024 14:58,345701,710,,,,Retained,,
2024,761,611,1,4,NSEI,8/10/2024 19:52,345631,710,,,,Retained,,
2024,761,611,1,7,NSEI,8/12/2024 14:58,345701,710,,,,Retained,,
2024,762,611,1,4,NSEI,8/10/2024 19:52,345631,710,,,,Retained,,
2024,762,611,1,7,NSEI,8/12/2024 14:58,345701,710,,,,Retained,,
2024,763,611,1,4,NSEI,8/10/2024 19:52,345631,710,,,,Retained,,
2024,763,611,1,7,NSEI,8/12/2024 14:58,345701,710,,,,Retained,,
2024,764,611,1,4,NSEI,8/10/2024 19:52,345631,710,,,,Retained,,
2024,764,611,1,7,NSEI,8/12/2024 14:58,345701,710,,,,Retained,,
2024,765,611,1,4,NSEI,8/10/2024 19:52,345631,710,,,,"Discarded, too small",,
2024,765,611,1,7,NSEI,8/12/2024 14:58,345701,710,,,,Retained,,
2024,766,611,1,4,NSEI,8/10/2024 19:52,345631,710,,,,Retained,,
2024,766,611,1,7,NSEI,8/12/2024 14:58,345701,710,,,,Retained,,
2024,767,611,1,4,NSEI,8/10/2024 19:52,345631,710,,,,Retained,,
2024,767,611,1,7,NSEI,8/12/2024 14:58,345701,710,,,,Retained,,
2024,768,611,1,4,NSEI,8/10/2024 19:52,345631,710,,,,Retained,,
2024,768,611,1,7,NSEI,8/12/2024 14:58,345701,710,,,,Retained,,
2024,769,611,1,4,NSEI,8/10/2024 19:52,345631,710,,,,Retained,,
2024,769,611,1,7,NSEI,8/12/2024 14:58,345701,710,,,,Retained,,
2024,770,611,1,4,NSEI,8/10/2024 19:52,345631,710,,,,Retained,,
2024,770,611,1,7,NSEI,8/12/2024 14:58,345701,710,,,,Retained,,
2024,771,611,1,4,NSEI,8/10/2024 19:52,345631,710,,,,Retained,,
2024,771,611,1,7,NSEI,8/12/2024 14:58,345701,710,,,,Retained,,
2024,772,611,1,4,NSEI,8/10/2024 19:52,345631,710,,,,Retained,,
2024,772,611,1,7,NSEI,8/12/2024 14:58,345701,710,,,,Retained,,
2024,773,611,1,4,NSEI,8/10/2024 19:52,345631,710,,,,Retained,,
2024,773,611,1,7,NSEI,8/12/2024 14:58,345701,710,,,,Retained,,
2024,774,611,1,4,NSEI,8/10/2024 19:52,345631,710,,,,Retained,,
2024,774,611,1,7,NSEI,8/12/2024 14:58,345701,710,,,,Retained,,
2024,775,611,1,4,NSEI,8/10/2024 19:52,345631,710,,,,Retained,,
2024,775,611,1,7,NSEI,8/12/2024 14:58,345701,710,,,,Retained,,
2024,776,611,1,4,NSEI,8/10/2024 19:52,345631,710,,,,Retained,,
2024,776,611,1,7,NSEI,8/12/2024 14:58,345701,710,,,,Retained,,
2024,777,611,1,4,NSEI,8/10/2024 19:52,345631,710,,,,Retained,,
2024,777,611,1,7,NSEI,8/12/2024 14:58,345701,710,,,,Retained,,
2024,778,611,1,4,NSEI,8/10/2024 19:52,345631,710,,,,Retained,,
2024,778,611,1,7,NSEI,8/12/2024 14:58,345701,710,,,,Retained,,
2024,779,611,1,4,NSEI,8/10/2024 19:52,345631,710,,,,Retained,,
2024,779,611,1,7,NSEI,8/12/2024 14:58,345701,710,,,,Retained,,
2024,780,611,1,4,NSEI,8/10/2024 19:52,345631,710,,,,Retained,,
2024,780,611,1,7,NSEI,8/12/2024 14:58,345701,710,,,,Retained,,
2024,781,611,1,4,NSEI,8/10/2024 19:52,345631,710,,,,Retained,,
2024,781,611,1,7,NSEI,8/12/2024 14:58,345701,710,,,,Retained,,
2024,782,611,1,4,NSEI,8/10/2024 19:52,345631,710,,,,Retained,,
2024,782,611,1,7,NSEI,8/12/2024 14:58,345701,710,,,,Retained,,
2024,783,611,1,4,NSEI,8/10/2024 19:52,345631,710,,,,Retained,,
2024,783,611,1,7,NSEI,8/12/2024 14:58,345701,710,,,,Retained,,
2024,784,611,1,4,NSEI,8/10/2024 19:52,345631,710,,,,Retained,,
2024,784,611,1,7,NSEI,8/12/2024 14:58,345701,710,,,,Retained,,
2024,785,611,1,4,NSEI,8/10/2024 19:52,345631,710,,,,Retained,,
2024,785,611,1,7,NSEI,8/12/2024 14:58,345701,710,,,,Retained,,
2024,786,611,1,4,NSEI,8/10/2024 19:52,345631,710,,,,Retained,,
2024,786,611,1,7,NSEI,8/12/2024 14:58,345701,710,,,,Retained,,
2024,787,611,1,4,NSEI,8/10/2024 19:52,345631,710,,,,Retained,,
2024,787,611,1,7,NSEI,8/12/2024 14:58,345701,710,,,,Retained,,
2024,788,611,1,4,NSEI,8/10/2024 19:52,345631,710,,,,Retained,,
2024,788,611,1,7,NSEI,8/12/2024 14:58,345701,710,,,,Retained,,
2024,789,611,1,4,NSEI,8/10/2024 19:52,345631,710,,,,Retained,,
2024,789,611,1,7,NSEI,8/12/2024 14:58,345701,710,,,,Retained,,
2024,790,611,1,4,NSEI,8/10/2024 19:52,345631,710,,,,Retained,,
2024,790,611,1,7,NSEI,8/12/2024 14:58,345701,710,,,,Retained,,
2024,791,611,1,4,NSEI,8/10/2024 19:52,345631,710,,,,Retained,,
2024,791,611,1,7,NSEI,8/12/2024 14:58,345701,710,,,,Retained,,
2024,792,611,1,4,NSEI,8/10/2024 19:52,345631,710,,,,Retained,,
2024,792,611,1,7,NSEI,8/12/2024 14:58,345701,710,,,,Retained,,
2024,793,611,1,4,NSEI,8/10/2024 19:52,345631,710,,,,Retained,,
2024,793,611,1,7,NSEI,8/12/2024 14:58,345701,710,,,,Retained,,
2024,794,611,1,4,NSEI,8/10/2024 19:52,345631,710,,,,Retained,,
2024,794,611,1,7,NSEI,8/12/2024 14:58,345701,710,,,,Retained,,
2024,795,611,1,4,NSEI,8/10/2024 19:52,345631,710,,,,Retained,,
2024,795,611,1,7,NSEI,8/12/2024 14:58,345701,710,,,,Retained,,
2024,796,611,1,4,NSEI,8/10/2024 19:52,345631,710,,,,Retained,,
2024,796,611,1,7,NSEI,8/12/2024 14:58,345701,710,,,,Retained,,
2024,797,611,1,4,NSEI,8/10/2024 19:52,345631,710,,,,Retained,,
2024,797,611,1,7,NSEI,8/12/2024 14:58,345701,710,,,,Retained,,
2024,798,611,1,4,NSEI,8/10/2024 19:52,345631,710,,,,Retained,,
2024,798,611,1,7,NSEI,8/12/2024 14:58,345701,710,,,,Retained,,
2024,799,611,1,4,NSEI,8/10/2024 19:52,345631,710,,,,Retained,,
2024,799,611,1,7,NSEI,8/12/2024 14:58,345701,710,,,,Retained,,
2024,800,611,1,4,NSEI,8/10/2024 19:52,345631,710,,,,Retained,,
2024,800,611,1,7,NSEI,8/12/2024 14:58,345701,710,,,,Retained,,
2024,801,611,1,4,NSEI,8/10/2024 19:52,345631,710,,,,Retained,,
2024,801,611,1,7,NSEI,8/12/2024 14:58,345701,710,,,,Retained,,
2024,802,611,1,4,NSEI,8/10/2024 19:52,345631,710,,,,Retained,,
2024,802,611,1,7,NSEI,8/12/2024 14:58,345701,710,,,,Retained,,
2024,803,611,1,4,NSEI,8/10/2024 19:52,345631,710,,,,Retained,,
2024,803,611,1,7,NSEI,8/12/2024 14:58,345701,710,,,,Retained,,
2024,804,611,1,4,NSEI,8/10/2024 19:52,345631,710,,,,Retained,,
2024,804,611,1,7,NSEI,8/12/2024 14:58,345701,710,,,,Retained,,
2024,805,611,1,4,NSEI,8/10/2024 19:52,345631,710,,,,Retained,,
2024,805,611,1,7,NSEI,8/12/2024 14:58,345701,710,,,,Retained,,
2024,806,611,1,4,NSEI,8/10/2024 19:52,345631,710,,,,Retained,,
2024,806,611,1,7,NSEI,8/12/2024 14:58,345701,710,,,,Retained,,
2024,807,611,1,4,NSEI,8/10/2024 19:52,345631,710,,,,Retained,,
2024,807,611,1,7,NSEI,8/12/2024 14:58,345701,710,,,,Retained,,
2024,808,611,1,4,NSEI,8/10/2024 19:52,345631,710,,,,Retained,,
2024,808,611,1,7,NSEI,8/12/2024 14:58,345701,710,,,,Retained,,
2024,809,611,1,4,NSEI,8/10/2024 19:52,345631,710,,,,Retained,,
2024,809,611,1,7,NSEI,8/12/2024 14:58,345701,710,,,,Retained,,
2024,810,611,1,4,NSEI,8/10/2024 19:52,345631,710,,,,Retained,,
2024,810,611,1,7,NSEI,8/12/2024 14:58,345701,710,,,,Retained,,
2024,811,611,1,4,NSEI,8/10/2024 19:52,345631,710,,,,Retained,,
2024,811,611,1,7,NSEI,8/12/2024 14:58,345701,710,,,,Retained,,
2024,812,611,1,4,NSEI,8/10/2024 19:52,345631,710,,,,Retained,,
2024,812,611,1,7,NSEI,8/12/2024 14:58,345701,710,,,,Retained,,
2024,813,611,1,4,NSEI,8/10/2024 19:52,345631,710,,,,Retained,,
2024,813,611,1,7,NSEI,8/12/2024 14:58,345701,710,,,,Retained,,
2024,814,611,1,4,NSEI,8/10/2024 19:52,345631,710,,,,Retained,,
2024,814,611,1,7,NSEI,8/12/2024 14:58,345701,710,,,,Retained,,
2024,815,611,1,4,NSEI,8/10/2024 19:52,345631,710,,,,Retained,,
2024,815,611,1,7,NSEI,8/12/2024 14:58,345701,710,,,,Retained,,
2024,816,611,1,4,NSEI,8/10/2024 19:52,345631,710,,,,Retained,,
2024,816,611,1,7,NSEI,8/12/2024 14:58,345701,710,,,,Retained,,
2024,817,611,1,4,NSEI,8/10/2024 19:52,345631,710,,,,Retained,,
2024,817,611,1,7,NSEI,8/12/2024 14:58,345701,710,,,,Retained,,
2024,818,611,1,4,NSEI,8/10/2024 19:52,345631,710,,,,Retained,,
2024,818,611,1,7,NSEI,8/12/2024 14:58,345701,710,,,,Retained,,
2024,819,611,1,4,NSEI,8/10/2024 19:52,345631,710,,,,Retained,,
2024,819,611,1,7,NSEI,8/12/2024 14:58,345701,710,,,,Retained,,
2024,820,611,1,4,NSEI,8/10/2024 19:52,345631,710,,,,Retained,,
2024,820,611,1,7,NSEI,8/12/2024 14:58,345701,710,,,,Retained,,
2024,821,611,1,4,NSEI,8/10/2024 19:52,345631,710,,,,Retained,,
2024,821,611,1,7,NSEI,8/12/2024 14:58,345701,710,,,,Retained,,
2024,822,611,1,4,NSEI,8/10/2024 19:52,345631,710,,,,Retained,,
2024,822,611,1,7,NSEI,8/12/2024 14:58,345701,710,,,,Retained,,
2024,823,611,1,4,NSEI,8/10/2024 19:52,345631,710,,,,Retained,,
2024,823,611,1,7,NSEI,8/12/2024 14:58,345701,710,,,,Retained,,
2024,824,611,1,4,NSEI,8/10/2024 19:52,345631,710,,,,Retained,,
2024,824,611,1,7,NSEI,8/12/2024 14:58,345701,710,,,,Retained,,
2024,825,611,1,4,NSEI,8/10/2024 19:52,345631,710,,,,Retained,,
2024,825,611,1,7,NSEI,8/12/2024 14:58,345701,710,,,,Retained,,
2024,826,611,1,4,NSEI,8/10/2024 19:52,345631,710,,,,Retained,,
2024,826,611,1,7,NSEI,8/12/2024 14:58,345701,710,,,,Retained,,
2024,827,611,1,4,NSEI,8/10/2024 19:52,345631,710,,,,Retained,,
2024,827,611,1,7,NSEI,8/12/2024 14:58,345701,710,,,,Retained,,
2024,828,611,1,4,NSEI,8/10/2024 19:52,345631,710,,,,Retained,,
2024,828,611,1,7,NSEI,8/12/2024 14:58,345701,710,,,,Retained,,
2024,829,611,1,4,NSEI,8/10/2024 19:52,345631,710,,,,Retained,,
2024,829,611,1,7,NSEI,8/12/2024 14:58,345701,710,,,,Retained,,
2024,830,611,1,4,NSEI,8/10/2024 19:52,345631,710,,,,Retained,,
2024,830,611,1,7,NSEI,8/12/2024 14:58,345701,710,,,,Retained,,
2024,831,611,1,4,NSEI,8/10/2024 19:52,345631,710,,,,Retained,,
2024,831,611,1,7,NSEI,8/12/2024 14:58,345701,710,,,,Retained,,
2024,832,611,1,4,NSEI,8/10/2024 19:52,345631,710,,,,Retained,,
2024,832,611,1,7,NSEI,8/12/2024 14:58,345701,710,,,,Retained,,
2024,833,611,1,4,NSEI,8/10/2024 19:52,345631,710,,,,Retained,,
2024,833,611,1,7,NSEI,8/12/2024 14:58,345701,710,,,,Retained,,
2024,834,611,1,4,NSEI,8/10/2024 19:52,345631,710,,,,Retained,,
2024,834,611,1,7,NSEI,8/12/2024 14:58,345701,710,,,,Retained,,
2024,835,611,1,4,NSEI,8/10/2024 19:52,345631,710,,,,Retained,,
2024,835,611,1,7,NSEI,8/12/2024 14:58,345701,710,,,,Retained,,
2024,836,611,1,4,NSEI,8/10/2024 19:52,345631,710,,,,Retained,,
2024,836,611,1,7,NSEI,8/12/2024 14:58,345701,710,,,,Retained,,
2024,837,611,1,4,NSEI,8/10/2024 19:52,345631,710,,,,Retained,,
2024,837,611,1,7,NSEI,8/12/2024 14:58,345701,710,,,,Retained,,
2024,838,611,1,4,NSEI,8/10/2024 19:52,345631,710,,,,Retained,,
2024,838,611,1,7,NSEI,8/12/2024 14:58,345701,710,,,,Retained,,
2024,839,611,1,4,NSEI,8/10/2024 19:52,345631,710,,,,Retained,,
2024,839,611,1,7,NSEI,8/12/2024 14:58,345701,710,,,,Retained,,
2024,840,611,1,4,NSEI,8/10/2024 19:52,345631,710,,,,Retained,,
2024,840,611,1,7,NSEI,8/12/2024 14:58,345701,710,,,,Retained,,
2024,841,611,1,4,NSEI,8/10/2024 19:52,345631,710,,,,Retained,,
2024,841,611,1,7,NSEI,8/12/2024 14:58,345701,710,,,,Retained,,
2024,842,611,1,4,NSEI,8/10/2024 19:52,345631,710,,,,Retained,,
2024,842,611,1,7,NSEI,8/12/2024 14:58,345701,710,,,,Retained,,
2024,843,611,1,4,NSEI,8/10/2024 19:52,345631,710,,,,Retained,,
2024,843,611,1,7,NSEI,8/12/2024 14:58,345701,710,,,,Retained,,
2024,844,611,1,4,NSEI,8/10/2024 19:52,345631,710,,,,Retained,,
2024,844,611,1,7,NSEI,8/12/2024 14:58,345701,710,,,,Retained,,
2024,845,611,1,4,NSEI,8/10/2024 19:52,345631,710,,,,Retained,,
2024,845,611,1,7,NSEI,8/12/2024 14:58,345701,710,,,,Retained,,
2024,846,611,1,4,NSEI,8/10/2024 19:52,345631,710,,,,Retained,,
2024,846,611,1,7,NSEI,8/12/2024 14:58,345701,710,,,,Retained,,
2024,847,611,1,4,NSEI,8/10/2024 19:52,345631,710,,,,Retained,,
2024,847,611,1,7,NSEI,8/12/2024 14:58,345701,710,,,,Retained,,
2024,848,611,1,4,NSEI,8/10/2024 19:52,345631,710,,,,Retained,,
2024,848,611,1,7,NSEI,8/12/2024 14:58,345701,710,,,,Retained,,
2024,849,611,1,4,NSEI,8/10/2024 19:52,345631,710,,,,Retained,,
2024,849,611,1,7,NSEI,8/12/2024 14:58,345701,710,,,,Retained,,
2024,850,611,1,4,NSEI,8/10/2024 19:52,345631,710,,,,Retained,,
2024,850,611,1,7,NSEI,8/12/2024 14:58,345701,710,,,,Retained,,
2024,851,611,1,4,NSEI,8/10/2024 19:52,345631,710,,,,Retained,,
2024,851,611,1,7,NSEI,8/12/2024 14:58,345701,710,,,,Retained,,
2024,852,611,1,4,NSEI,8/10/2024 19:52,345631,710,,,,Retained,,
2024,852,611,1,7,NSEI,8/12/2024 14:58,345701,710,,,,Retained,,
2024,853,611,1,4,NSEI,8/10/2024 19:52,345631,710,,,,Retained,,
2024,853,611,1,7,NSEI,8/12/2024 14:58,345701,710,,,,Retained,,
2024,854,611,1,4,NSEI,8/10/2024 19:52,345631,710,,,,Retained,,
2024,854,611,1,7,NSEI,8/12/2024 14:58,345701,710,,,,Retained,,
2024,855,611,1,4,NSEI,8/10/2024 19:52,345631,710,,,,Retained,,
2024,855,611,1,7,NSEI,8/12/2024 14:58,345701,710,,,,Retained,,
2024,856,611,1,4,NSEI,8/10/2024 19:52,345631,710,,,,Retained,,
2024,856,611,1,7,NSEI,8/12/2024 14:58,345701,710,,,,Retained,,
2024,857,611,1,4,NSEI,8/10/2024 19:52,345631,710,,,,Retained,,
2024,857,611,1,7,NSEI,8/12/2024 14:58,345701,710,,,,Retained,,
2024,858,611,1,4,NSEI,8/10/2024 19:52,345631,710,,,,Retained,,
2024,858,611,1,7,NSEI,8/12/2024 14:58,345701,710,,,,Retained,,
2024,859,611,1,4,NSEI,8/10/2024 19:52,345631,710,,,,Retained,,
2024,859,611,1,7,NSEI,8/12/2024 14:58,345701,710,,,,Retained,,
2024,860,611,1,4,NSEI,8/10/2024 19:52,345631,710,,,,Retained,,
2024,860,611,1,7,NSEI,8/12/2024 14:58,345701,710,,,,Retained,,
2024,861,611,1,4,NSEI,8/10/2024 19:52,345631,710,,,,Retained,,
2024,861,611,1,7,NSEI,8/12/2024 14:58,345701,710,,,,Retained,,
2024,862,611,1,4,NSEI,8/10/2024 19:52,345631,710,,,,Retained,,
2024,862,611,1,7,NSEI,8/12/2024 14:58,345701,710,,,,Retained,,
2024,863,611,1,4,NSEI,8/10/2024 19:52,345631,710,,,,Retained,,
2024,863,611,1,7,NSEI,8/12/2024 14:58,345701,710,,,,Retained,,
2024,864,611,1,4,NSEI,8/10/2024 19:52,345631,710,,,,Retained,,
2024,864,611,1,7,NSEI,8/12/2024 14:58,345701,710,,,,Retained,,
2024,865,611,1,4,NSEI,8/10/2024 19:52,345631,710,,,,Retained,,
2024,865,611,1,7,NSEI,8/12/2024 14:58,345701,710,,,,Retained,,
2024,866,611,1,4,NSEI,8/10/2024 19:52,345631,710,,,,Retained,,
2024,866,611,1,7,NSEI,8/12/2024 14:58,345701,710,,,,Retained,,
2024,867,611,1,4,NSEI,8/10/2024 19:52,345631,710,,,,Retained,,
2024,867,611,1,7,NSEI,8/12/2024 14:58,345701,710,,,,Retained,,
2024,868,611,1,4,NSEI,8/10/2024 19:52,345631,710,,,,Retained,,
2024,868,611,1,7,NSEI,8/12/2024 14:58,345701,710,,,,Retained,,
2024,869,611,1,4,NSEI,8/10/2024 19:52,345631,710,,,,Retained,,
2024,869,611,1,7,NSEI,8/12/2024 14:58,345701,710,,,,Retained,,
2024,870,611,1,4,NSEI,8/10/2024 19:52,345631,710,,,,Retained,,
2024,870,611,1,7,NSEI,8/12/2024 14:58,345701,710,,,,Retained,,
2024,871,611,1,4,NSEI,8/10/2024 19:52,345631,710,,,,Retained,,
2024,871,611,1,7,NSEI,8/12/2024 14:58,345701,710,,,,Retained,,
2024,872,611,1,4,NSEI,8/10/2024 19:52,345631,710,,,,Retained,,
2024,872,611,1,7,NSEI,8/12/2024 14:58,345701,710,,,,Retained,,
2024,873,611,1,4,NSEI,8/10/2024 19:52,345631,710,,,,Retained,,
2024,873,611,1,7,NSEI,8/12/2024 14:58,345701,710,,,,Retained,,
2024,874,611,1,4,NSEI,8/10/2024 19:52,345631,710,,,,Retained,,
2024,874,611,1,7,NSEI,8/12/2024 14:58,345701,710,,,,Retained,,
2024,875,611,1,4,NSEI,8/10/2024 19:52,345631,710,,,,Retained,,
2024,875,611,1,7,NSEI,8/12/2024 14:58,345701,710,,,,Retained,,
2024,876,611,1,4,NSEI,8/10/2024 19:52,345631,710,,,,Retained,,
2024,876,611,1,7,NSEI,8/12/2024 14:58,345701,710,,,,Retained,,
2024,877,611,1,4,NSEI,8/10/2024 19:52,345631,710,,,,Retained,,
2024,877,611,1,7,NSEI,8/12/2024 14:58,345701,710,,,,Retained,,
2024,878,611,1,4,NSEI,8/10/2024 19:52,345631,710,,,,Retained,,
2024,878,611,1,7,NSEI,8/12/2024 14:58,345701,710,,,,Retained,,
2024,879,611,1,4,NSEI,8/10/2024 19:52,345631,710,,,,Retained,,
2024,879,611,1,7,NSEI,8/12/2024 14:58,345701,710,,,,Retained,,
2024,880,611,1,4,NSEI,8/10/2024 19:52,345631,710,,,,Retained,,
2024,880,611,1,7,NSEI,8/12/2024 14:58,345701,710,,,,Retained,,
2024,881,611,1,4,NSEI,8/10/2024 19:52,345631,710,,,,Retained,,
2024,881,611,1,7,NSEI,8/12/2024 14:58,345701,710,,,,Retained,,
2024,882,611,1,4,NSEI,8/10/2024 19:52,345631,710,,,,Retained,,
2024,882,611,1,7,NSEI,8/12/2024 14:58,345701,710,,,,Retained,,
2024,883,611,1,4,NSEI,8/10/2024 19:52,345631,710,,,,Retained,,
2024,883,611,1,7,NSEI,8/12/2024 14:58,345701,710,,,,Retained,,
2024,884,611,1,4,NSEI,8/10/2024 19:52,345631,710,,,,Retained,,
2024,884,611,1,7,NSEI,8/12/2024 14:58,345701,710,,,,Retained,,
2024,885,611,1,4,NSEI,8/10/2024 19:52,345631,710,,,,Retained,,
2024,886,611,1,4,NSEI,8/10/2024 19:52,345631,710,,,,Retained,,
2024,887,611,1,4,NSEI,8/10/2024 19:52,345631,710,,,,Retained,,
2024,888,611,1,4,NSEI,8/10/2024 19:52,345631,710,,,,Retained,,
2024,889,611,1,4,NSEI,8/10/2024 19:52,345631,710,,,,Retained,,
2024,890,611,1,4,NSEI,8/10/2024 19:52,345631,710,,,,Retained,,
2024,891,611,1,4,NSEI,8/10/2024 19:52,345631,710,,,,Retained,,
2024,892,611,1,4,NSEI,8/10/2024 19:52,345631,710,,,,Retained,,
