SB,retro
15.194258160556586,retro_0
15.202664850526787,retro_1
14.837880734271321,retro_2
14.622964442306799,retro_3
14.196133561404784,retro_4
14.024750628495191,retro_5
14.008660301304383,retro_6
14.264501222101018,retro_7
13.66781715916664,retro_8
13.783921042438218,retro_9
14.420518369971706,retro_10
