Quantity,Y2017,Y2018
Exploited abundance (2017 value from last year),1564409,1931191.9182512516
Exploited abundance,2138742.0038180514,2142969.1821565703
Exploited abundance (adjusted for uncertainty in recruitment),1927382.4875266624,1931191.9182512516
Exploited biomass (2017 value from last year),13502591,16454232.656215392
Exploited biomass,18049305.607325893,18258627.309414994
Exploited biomass (adjusted for uncertainty in recruitment),16265597.008649863,16454232.656215392
$F_{ABC}=F_{50}$,0.0683,0.06349469192904039
$ABC$ (round lbs),850113,1071216.3887207564
$ABC_{adj}$ (round lbs),850113,965354.2616576321
